0 [main] INFO main.java.edu.mit.compbio.bisulfitehic.mapping.Bhmem  - Parsing input -enzymeList bed file ...
[M::bwa_idx_load_from_disk] read 0 ALT contigs
[M::bwa_idx_load_from_disk] read 0 ALT contigs
5654 [main] INFO main.java.edu.mit.compbio.bisulfitehic.mapping.Bhmem  - Processing reads 1000 ...
5655 [main] INFO main.java.edu.mit.compbio.bisulfitehic.mapping.Bhmem  - Unique mapped and paired reads 0 ...
5664 [main] INFO main.java.edu.mit.compbio.bisulfitehic.mapping.Bhmem  - Processing reads 2000 ...
5664 [main] INFO main.java.edu.mit.compbio.bisulfitehic.mapping.Bhmem  - Unique mapped and paired reads 0 ...
[M::mem_process_seqs] Processed 1001 reads in 0.977 CPU sec, 0.124 real sec
[M::mem_process_seqs] Processed 1001 reads in 0.914 CPU sec, 0.122 real sec
[M::mem_process_seqs] Processed 1001 reads in 0.980 CPU sec, 0.128 real sec
[M::mem_process_seqs] Processed 1001 reads in 0.937 CPU sec, 0.119 real sec
6583 [main] INFO main.java.edu.mit.compbio.bisulfitehic.mapping.Bhmem  - Processing reads 3000 ...
6583 [main] INFO main.java.edu.mit.compbio.bisulfitehic.mapping.Bhmem  - Unique mapped and paired reads 1992 ...
6588 [main] INFO main.java.edu.mit.compbio.bisulfitehic.mapping.Bhmem  - Processing reads 4000 ...
6588 [main] INFO main.java.edu.mit.compbio.bisulfitehic.mapping.Bhmem  - Unique mapped and paired reads 1992 ...
[M::mem_process_seqs] Processed 1001 reads in 0.916 CPU sec, 0.123 real sec
[M::mem_process_seqs] Processed 1001 reads in 0.878 CPU sec, 0.114 real sec
[M::mem_process_seqs] Processed 1001 reads in 1.009 CPU sec, 0.142 real sec
[M::mem_process_seqs] Processed 1001 reads in 0.817 CPU sec, 0.109 real sec
7299 [main] INFO main.java.edu.mit.compbio.bisulfitehic.mapping.Bhmem  - Processing reads 5000 ...
7299 [main] INFO main.java.edu.mit.compbio.bisulfitehic.mapping.Bhmem  - Unique mapped and paired reads 3958 ...
7303 [main] INFO main.java.edu.mit.compbio.bisulfitehic.mapping.Bhmem  - Processing reads 6000 ...
7303 [main] INFO main.java.edu.mit.compbio.bisulfitehic.mapping.Bhmem  - Unique mapped and paired reads 3958 ...
[M::mem_process_seqs] Processed 1001 reads in 0.895 CPU sec, 0.117 real sec
[M::mem_process_seqs] Processed 1001 reads in 0.883 CPU sec, 0.117 real sec
[M::mem_process_seqs] Processed 1001 reads in 0.961 CPU sec, 0.121 real sec
[M::mem_process_seqs] Processed 1001 reads in 0.915 CPU sec, 0.124 real sec
7964 [main] INFO main.java.edu.mit.compbio.bisulfitehic.mapping.Bhmem  - Processing reads 7000 ...
7964 [main] INFO main.java.edu.mit.compbio.bisulfitehic.mapping.Bhmem  - Unique mapped and paired reads 5952 ...
7968 [main] INFO main.java.edu.mit.compbio.bisulfitehic.mapping.Bhmem  - Processing reads 8000 ...
7968 [main] INFO main.java.edu.mit.compbio.bisulfitehic.mapping.Bhmem  - Unique mapped and paired reads 5952 ...
[M::mem_process_seqs] Processed 1001 reads in 1.140 CPU sec, 0.158 real sec
[M::mem_process_seqs] Processed 1001 reads in 0.895 CPU sec, 0.118 real sec
[M::mem_process_seqs] Processed 1001 reads in 1.126 CPU sec, 0.144 real sec
[M::mem_process_seqs] Processed 1001 reads in 0.964 CPU sec, 0.135 real sec
8692 [main] INFO main.java.edu.mit.compbio.bisulfitehic.mapping.Bhmem  - Processing reads 9000 ...
8693 [main] INFO main.java.edu.mit.compbio.bisulfitehic.mapping.Bhmem  - Unique mapped and paired reads 7930 ...
8697 [main] INFO main.java.edu.mit.compbio.bisulfitehic.mapping.Bhmem  - Processing reads 10000 ...
8697 [main] INFO main.java.edu.mit.compbio.bisulfitehic.mapping.Bhmem  - Unique mapped and paired reads 7930 ...
[M::mem_process_seqs] Processed 1001 reads in 1.030 CPU sec, 0.136 real sec
[M::mem_process_seqs] Processed 1001 reads in 0.992 CPU sec, 0.126 real sec
[M::mem_process_seqs] Processed 1001 reads in 1.070 CPU sec, 0.141 real sec
[M::mem_process_seqs] Processed 1001 reads in 0.916 CPU sec, 0.119 real sec
9394 [main] INFO main.java.edu.mit.compbio.bisulfitehic.mapping.Bhmem  - Processing reads 11000 ...
9394 [main] INFO main.java.edu.mit.compbio.bisulfitehic.mapping.Bhmem  - Unique mapped and paired reads 9912 ...
9401 [main] INFO main.java.edu.mit.compbio.bisulfitehic.mapping.Bhmem  - Processing reads 12000 ...
9401 [main] INFO main.java.edu.mit.compbio.bisulfitehic.mapping.Bhmem  - Unique mapped and paired reads 9912 ...
[M::mem_process_seqs] Processed 1001 reads in 0.935 CPU sec, 0.120 real sec
[M::mem_process_seqs] Processed 1001 reads in 0.823 CPU sec, 0.113 real sec
[M::mem_process_seqs] Processed 1001 reads in 0.974 CPU sec, 0.131 real sec
[M::mem_process_seqs] Processed 1001 reads in 0.878 CPU sec, 0.115 real sec
10046 [main] INFO main.java.edu.mit.compbio.bisulfitehic.mapping.Bhmem  - Processing reads 13000 ...
10046 [main] INFO main.java.edu.mit.compbio.bisulfitehic.mapping.Bhmem  - Unique mapped and paired reads 11884 ...
10050 [main] INFO main.java.edu.mit.compbio.bisulfitehic.mapping.Bhmem  - Processing reads 14000 ...
10050 [main] INFO main.java.edu.mit.compbio.bisulfitehic.mapping.Bhmem  - Unique mapped and paired reads 11884 ...
[M::mem_process_seqs] Processed 1001 reads in 1.074 CPU sec, 0.149 real sec
[M::mem_process_seqs] Processed 1001 reads in 0.976 CPU sec, 0.125 real sec
[M::mem_process_seqs] Processed 1001 reads in 1.171 CPU sec, 0.150 real sec
[M::mem_process_seqs] Processed 1001 reads in 0.956 CPU sec, 0.137 real sec
10786 [main] INFO main.java.edu.mit.compbio.bisulfitehic.mapping.Bhmem  - Processing reads 15000 ...
10786 [main] INFO main.java.edu.mit.compbio.bisulfitehic.mapping.Bhmem  - Unique mapped and paired reads 13866 ...
10790 [main] INFO main.java.edu.mit.compbio.bisulfitehic.mapping.Bhmem  - Processing reads 16000 ...
10790 [main] INFO main.java.edu.mit.compbio.bisulfitehic.mapping.Bhmem  - Unique mapped and paired reads 13866 ...
[M::mem_process_seqs] Processed 1001 reads in 1.017 CPU sec, 0.133 real sec
[M::mem_process_seqs] Processed 1001 reads in 0.873 CPU sec, 0.111 real sec
[M::mem_process_seqs] Processed 1001 reads in 0.986 CPU sec, 0.128 real sec
[M::mem_process_seqs] Processed 1001 reads in 0.831 CPU sec, 0.117 real sec
11429 [main] INFO main.java.edu.mit.compbio.bisulfitehic.mapping.Bhmem  - Processing reads 17000 ...
11429 [main] INFO main.java.edu.mit.compbio.bisulfitehic.mapping.Bhmem  - Unique mapped and paired reads 15848 ...
11433 [main] INFO main.java.edu.mit.compbio.bisulfitehic.mapping.Bhmem  - Processing reads 18000 ...
11433 [main] INFO main.java.edu.mit.compbio.bisulfitehic.mapping.Bhmem  - Unique mapped and paired reads 15848 ...
[M::mem_process_seqs] Processed 1001 reads in 0.869 CPU sec, 0.110 real sec
[M::mem_process_seqs] Processed 1001 reads in 0.735 CPU sec, 0.096 real sec
[M::mem_process_seqs] Processed 1001 reads in 0.863 CPU sec, 0.117 real sec
[M::mem_process_seqs] Processed 1001 reads in 0.754 CPU sec, 0.101 real sec
11998 [main] INFO main.java.edu.mit.compbio.bisulfitehic.mapping.Bhmem  - Processing reads 19000 ...
11998 [main] INFO main.java.edu.mit.compbio.bisulfitehic.mapping.Bhmem  - Unique mapped and paired reads 17822 ...
12002 [main] INFO main.java.edu.mit.compbio.bisulfitehic.mapping.Bhmem  - Processing reads 20000 ...
12002 [main] INFO main.java.edu.mit.compbio.bisulfitehic.mapping.Bhmem  - Unique mapped and paired reads 17822 ...
[M::mem_process_seqs] Processed 1001 reads in 0.834 CPU sec, 0.106 real sec
[M::mem_process_seqs] Processed 1001 reads in 0.825 CPU sec, 0.109 real sec
[M::mem_process_seqs] Processed 1001 reads in 0.901 CPU sec, 0.119 real sec
[M::mem_process_seqs] Processed 1001 reads in 0.838 CPU sec, 0.109 real sec
12595 [main] INFO main.java.edu.mit.compbio.bisulfitehic.mapping.Bhmem  - Processing reads 21000 ...
12595 [main] INFO main.java.edu.mit.compbio.bisulfitehic.mapping.Bhmem  - Unique mapped and paired reads 19802 ...
12599 [main] INFO main.java.edu.mit.compbio.bisulfitehic.mapping.Bhmem  - Processing reads 22000 ...
12599 [main] INFO main.java.edu.mit.compbio.bisulfitehic.mapping.Bhmem  - Unique mapped and paired reads 19802 ...
[M::mem_process_seqs] Processed 1001 reads in 0.832 CPU sec, 0.107 real sec
[M::mem_process_seqs] Processed 1001 reads in 0.765 CPU sec, 0.111 real sec
[M::mem_process_seqs] Processed 1001 reads in 0.855 CPU sec, 0.116 real sec
[M::mem_process_seqs] Processed 1001 reads in 0.858 CPU sec, 0.111 real sec
13187 [main] INFO main.java.edu.mit.compbio.bisulfitehic.mapping.Bhmem  - Processing reads 23000 ...
13187 [main] INFO main.java.edu.mit.compbio.bisulfitehic.mapping.Bhmem  - Unique mapped and paired reads 21782 ...
13191 [main] INFO main.java.edu.mit.compbio.bisulfitehic.mapping.Bhmem  - Processing reads 24000 ...
13191 [main] INFO main.java.edu.mit.compbio.bisulfitehic.mapping.Bhmem  - Unique mapped and paired reads 21782 ...
[M::mem_process_seqs] Processed 1001 reads in 0.774 CPU sec, 0.107 real sec
[M::mem_process_seqs] Processed 1001 reads in 0.697 CPU sec, 0.089 real sec
[M::mem_process_seqs] Processed 1001 reads in 0.890 CPU sec, 0.113 real sec
[M::mem_process_seqs] Processed 1001 reads in 0.797 CPU sec, 0.107 real sec
13753 [main] INFO main.java.edu.mit.compbio.bisulfitehic.mapping.Bhmem  - Processing reads 25000 ...
13754 [main] INFO main.java.edu.mit.compbio.bisulfitehic.mapping.Bhmem  - Unique mapped and paired reads 23772 ...
13757 [main] INFO main.java.edu.mit.compbio.bisulfitehic.mapping.Bhmem  - Processing reads 26000 ...
13757 [main] INFO main.java.edu.mit.compbio.bisulfitehic.mapping.Bhmem  - Unique mapped and paired reads 23772 ...
[M::mem_process_seqs] Processed 1001 reads in 0.788 CPU sec, 0.102 real sec
[M::mem_process_seqs] Processed 1001 reads in 0.660 CPU sec, 0.090 real sec
[M::mem_process_seqs] Processed 1001 reads in 0.755 CPU sec, 0.096 real sec
[M::mem_process_seqs] Processed 1001 reads in 0.740 CPU sec, 0.095 real sec
14287 [main] INFO main.java.edu.mit.compbio.bisulfitehic.mapping.Bhmem  - Processing reads 27000 ...
14287 [main] INFO main.java.edu.mit.compbio.bisulfitehic.mapping.Bhmem  - Unique mapped and paired reads 25760 ...
14291 [main] INFO main.java.edu.mit.compbio.bisulfitehic.mapping.Bhmem  - Processing reads 28000 ...
14291 [main] INFO main.java.edu.mit.compbio.bisulfitehic.mapping.Bhmem  - Unique mapped and paired reads 25760 ...
[M::mem_process_seqs] Processed 1001 reads in 0.849 CPU sec, 0.111 real sec
[M::mem_process_seqs] Processed 1001 reads in 0.796 CPU sec, 0.103 real sec
[M::mem_process_seqs] Processed 1001 reads in 0.965 CPU sec, 0.126 real sec
[M::mem_process_seqs] Processed 1001 reads in 0.922 CPU sec, 0.120 real sec
14911 [main] INFO main.java.edu.mit.compbio.bisulfitehic.mapping.Bhmem  - Processing reads 29000 ...
14911 [main] INFO main.java.edu.mit.compbio.bisulfitehic.mapping.Bhmem  - Unique mapped and paired reads 27746 ...
14915 [main] INFO main.java.edu.mit.compbio.bisulfitehic.mapping.Bhmem  - Processing reads 30000 ...
14915 [main] INFO main.java.edu.mit.compbio.bisulfitehic.mapping.Bhmem  - Unique mapped and paired reads 27746 ...
[M::mem_process_seqs] Processed 1001 reads in 0.947 CPU sec, 0.119 real sec
[M::mem_process_seqs] Processed 1001 reads in 0.781 CPU sec, 0.102 real sec
[M::mem_process_seqs] Processed 1001 reads in 0.948 CPU sec, 0.120 real sec
[M::mem_process_seqs] Processed 1001 reads in 0.879 CPU sec, 0.111 real sec
15516 [main] INFO main.java.edu.mit.compbio.bisulfitehic.mapping.Bhmem  - Processing reads 31000 ...
15516 [main] INFO main.java.edu.mit.compbio.bisulfitehic.mapping.Bhmem  - Unique mapped and paired reads 29736 ...
15520 [main] INFO main.java.edu.mit.compbio.bisulfitehic.mapping.Bhmem  - Processing reads 32000 ...
15520 [main] INFO main.java.edu.mit.compbio.bisulfitehic.mapping.Bhmem  - Unique mapped and paired reads 29736 ...
[M::mem_process_seqs] Processed 1001 reads in 0.814 CPU sec, 0.109 real sec
[M::mem_process_seqs] Processed 1001 reads in 0.735 CPU sec, 0.098 real sec
[M::mem_process_seqs] Processed 1001 reads in 0.881 CPU sec, 0.119 real sec
[M::mem_process_seqs] Processed 1001 reads in 0.848 CPU sec, 0.111 real sec
16112 [main] INFO main.java.edu.mit.compbio.bisulfitehic.mapping.Bhmem  - Processing reads 33000 ...
16112 [main] INFO main.java.edu.mit.compbio.bisulfitehic.mapping.Bhmem  - Unique mapped and paired reads 31730 ...
16116 [main] INFO main.java.edu.mit.compbio.bisulfitehic.mapping.Bhmem  - Processing reads 34000 ...
16116 [main] INFO main.java.edu.mit.compbio.bisulfitehic.mapping.Bhmem  - Unique mapped and paired reads 31730 ...
[M::mem_process_seqs] Processed 1001 reads in 0.891 CPU sec, 0.118 real sec
[M::mem_process_seqs] Processed 1001 reads in 0.821 CPU sec, 0.104 real sec
[M::mem_process_seqs] Processed 1001 reads in 0.955 CPU sec, 0.133 real sec
[M::mem_process_seqs] Processed 1001 reads in 0.947 CPU sec, 0.124 real sec
16762 [main] INFO main.java.edu.mit.compbio.bisulfitehic.mapping.Bhmem  - Processing reads 35000 ...
16762 [main] INFO main.java.edu.mit.compbio.bisulfitehic.mapping.Bhmem  - Unique mapped and paired reads 33698 ...
16766 [main] INFO main.java.edu.mit.compbio.bisulfitehic.mapping.Bhmem  - Processing reads 36000 ...
16766 [main] INFO main.java.edu.mit.compbio.bisulfitehic.mapping.Bhmem  - Unique mapped and paired reads 33698 ...
[M::mem_process_seqs] Processed 1001 reads in 0.868 CPU sec, 0.114 real sec
[M::mem_process_seqs] Processed 1001 reads in 0.786 CPU sec, 0.100 real sec
[M::mem_process_seqs] Processed 1001 reads in 0.892 CPU sec, 0.114 real sec
[M::mem_process_seqs] Processed 1001 reads in 0.937 CPU sec, 0.120 real sec
17364 [main] INFO main.java.edu.mit.compbio.bisulfitehic.mapping.Bhmem  - Processing reads 37000 ...
17364 [main] INFO main.java.edu.mit.compbio.bisulfitehic.mapping.Bhmem  - Unique mapped and paired reads 35676 ...
17368 [main] INFO main.java.edu.mit.compbio.bisulfitehic.mapping.Bhmem  - Processing reads 38000 ...
17368 [main] INFO main.java.edu.mit.compbio.bisulfitehic.mapping.Bhmem  - Unique mapped and paired reads 35676 ...
[M::mem_process_seqs] Processed 1001 reads in 0.743 CPU sec, 0.095 real sec
[M::mem_process_seqs] Processed 1001 reads in 0.770 CPU sec, 0.111 real sec
[M::mem_process_seqs] Processed 1001 reads in 0.822 CPU sec, 0.104 real sec
[M::mem_process_seqs] Processed 1001 reads in 0.839 CPU sec, 0.109 real sec
17936 [main] INFO main.java.edu.mit.compbio.bisulfitehic.mapping.Bhmem  - Processing reads 39000 ...
17936 [main] INFO main.java.edu.mit.compbio.bisulfitehic.mapping.Bhmem  - Unique mapped and paired reads 37658 ...
17940 [main] INFO main.java.edu.mit.compbio.bisulfitehic.mapping.Bhmem  - Processing reads 40000 ...
17940 [main] INFO main.java.edu.mit.compbio.bisulfitehic.mapping.Bhmem  - Unique mapped and paired reads 37658 ...
[M::mem_process_seqs] Processed 1001 reads in 0.889 CPU sec, 0.113 real sec
[M::mem_process_seqs] Processed 1001 reads in 0.760 CPU sec, 0.098 real sec
[M::mem_process_seqs] Processed 1001 reads in 1.044 CPU sec, 0.133 real sec
[M::mem_process_seqs] Processed 1001 reads in 0.952 CPU sec, 0.126 real sec
18563 [main] INFO main.java.edu.mit.compbio.bisulfitehic.mapping.Bhmem  - Processing reads 41000 ...
18563 [main] INFO main.java.edu.mit.compbio.bisulfitehic.mapping.Bhmem  - Unique mapped and paired reads 39644 ...
18567 [main] INFO main.java.edu.mit.compbio.bisulfitehic.mapping.Bhmem  - Processing reads 42000 ...
18567 [main] INFO main.java.edu.mit.compbio.bisulfitehic.mapping.Bhmem  - Unique mapped and paired reads 39644 ...
[M::mem_process_seqs] Processed 1001 reads in 0.804 CPU sec, 0.105 real sec
[M::mem_process_seqs] Processed 1001 reads in 0.790 CPU sec, 0.111 real sec
[M::mem_process_seqs] Processed 1001 reads in 0.864 CPU sec, 0.111 real sec
[M::mem_process_seqs] Processed 1001 reads in 0.841 CPU sec, 0.109 real sec
19151 [main] INFO main.java.edu.mit.compbio.bisulfitehic.mapping.Bhmem  - Processing reads 43000 ...
19151 [main] INFO main.java.edu.mit.compbio.bisulfitehic.mapping.Bhmem  - Unique mapped and paired reads 41628 ...
19155 [main] INFO main.java.edu.mit.compbio.bisulfitehic.mapping.Bhmem  - Processing reads 44000 ...
19155 [main] INFO main.java.edu.mit.compbio.bisulfitehic.mapping.Bhmem  - Unique mapped and paired reads 41628 ...
[M::mem_process_seqs] Processed 1001 reads in 0.827 CPU sec, 0.110 real sec
[M::mem_process_seqs] Processed 1001 reads in 0.720 CPU sec, 0.091 real sec
[M::mem_process_seqs] Processed 1001 reads in 0.859 CPU sec, 0.117 real sec
[M::mem_process_seqs] Processed 1001 reads in 0.762 CPU sec, 0.097 real sec
19710 [main] INFO main.java.edu.mit.compbio.bisulfitehic.mapping.Bhmem  - Processing reads 45000 ...
19710 [main] INFO main.java.edu.mit.compbio.bisulfitehic.mapping.Bhmem  - Unique mapped and paired reads 43592 ...
19714 [main] INFO main.java.edu.mit.compbio.bisulfitehic.mapping.Bhmem  - Processing reads 46000 ...
19714 [main] INFO main.java.edu.mit.compbio.bisulfitehic.mapping.Bhmem  - Unique mapped and paired reads 43592 ...
[M::mem_process_seqs] Processed 1001 reads in 0.911 CPU sec, 0.116 real sec
[M::mem_process_seqs] Processed 1001 reads in 0.830 CPU sec, 0.113 real sec
[M::mem_process_seqs] Processed 1001 reads in 0.919 CPU sec, 0.119 real sec
[M::mem_process_seqs] Processed 1001 reads in 0.863 CPU sec, 0.111 real sec
20326 [main] INFO main.java.edu.mit.compbio.bisulfitehic.mapping.Bhmem  - Processing reads 47000 ...
20326 [main] INFO main.java.edu.mit.compbio.bisulfitehic.mapping.Bhmem  - Unique mapped and paired reads 45582 ...
20330 [main] INFO main.java.edu.mit.compbio.bisulfitehic.mapping.Bhmem  - Processing reads 48000 ...
20330 [main] INFO main.java.edu.mit.compbio.bisulfitehic.mapping.Bhmem  - Unique mapped and paired reads 45582 ...
[M::mem_process_seqs] Processed 1001 reads in 0.860 CPU sec, 0.109 real sec
[M::mem_process_seqs] Processed 1001 reads in 0.853 CPU sec, 0.115 real sec
[M::mem_process_seqs] Processed 1001 reads in 0.931 CPU sec, 0.118 real sec
[M::mem_process_seqs] Processed 1001 reads in 0.945 CPU sec, 0.123 real sec
20949 [main] INFO main.java.edu.mit.compbio.bisulfitehic.mapping.Bhmem  - Processing reads 49000 ...
20949 [main] INFO main.java.edu.mit.compbio.bisulfitehic.mapping.Bhmem  - Unique mapped and paired reads 47566 ...
20953 [main] INFO main.java.edu.mit.compbio.bisulfitehic.mapping.Bhmem  - Processing reads 50000 ...
20953 [main] INFO main.java.edu.mit.compbio.bisulfitehic.mapping.Bhmem  - Unique mapped and paired reads 47566 ...
[M::mem_process_seqs] Processed 1001 reads in 0.950 CPU sec, 0.120 real sec
[M::mem_process_seqs] Processed 1001 reads in 0.943 CPU sec, 0.120 real sec
[M::mem_process_seqs] Processed 1001 reads in 1.059 CPU sec, 0.136 real sec
[M::mem_process_seqs] Processed 1001 reads in 0.906 CPU sec, 0.117 real sec
21602 [main] INFO main.java.edu.mit.compbio.bisulfitehic.mapping.Bhmem  - Processing reads 51000 ...
21602 [main] INFO main.java.edu.mit.compbio.bisulfitehic.mapping.Bhmem  - Unique mapped and paired reads 49558 ...
21606 [main] INFO main.java.edu.mit.compbio.bisulfitehic.mapping.Bhmem  - Processing reads 52000 ...
21606 [main] INFO main.java.edu.mit.compbio.bisulfitehic.mapping.Bhmem  - Unique mapped and paired reads 49558 ...
[M::mem_process_seqs] Processed 1001 reads in 0.835 CPU sec, 0.106 real sec
[M::mem_process_seqs] Processed 1001 reads in 0.793 CPU sec, 0.103 real sec
[M::mem_process_seqs] Processed 1001 reads in 0.881 CPU sec, 0.118 real sec
[M::mem_process_seqs] Processed 1001 reads in 0.914 CPU sec, 0.119 real sec
22207 [main] INFO main.java.edu.mit.compbio.bisulfitehic.mapping.Bhmem  - Processing reads 53000 ...
22207 [main] INFO main.java.edu.mit.compbio.bisulfitehic.mapping.Bhmem  - Unique mapped and paired reads 51546 ...
22211 [main] INFO main.java.edu.mit.compbio.bisulfitehic.mapping.Bhmem  - Processing reads 54000 ...
22211 [main] INFO main.java.edu.mit.compbio.bisulfitehic.mapping.Bhmem  - Unique mapped and paired reads 51546 ...
[M::mem_process_seqs] Processed 1001 reads in 0.952 CPU sec, 0.127 real sec
[M::mem_process_seqs] Processed 1001 reads in 0.844 CPU sec, 0.112 real sec
[M::mem_process_seqs] Processed 1001 reads in 0.984 CPU sec, 0.139 real sec
[M::mem_process_seqs] Processed 1001 reads in 0.939 CPU sec, 0.124 real sec
22869 [main] INFO main.java.edu.mit.compbio.bisulfitehic.mapping.Bhmem  - Processing reads 55000 ...
22869 [main] INFO main.java.edu.mit.compbio.bisulfitehic.mapping.Bhmem  - Unique mapped and paired reads 53524 ...
22873 [main] INFO main.java.edu.mit.compbio.bisulfitehic.mapping.Bhmem  - Processing reads 56000 ...
22873 [main] INFO main.java.edu.mit.compbio.bisulfitehic.mapping.Bhmem  - Unique mapped and paired reads 53524 ...
[M::mem_process_seqs] Processed 1001 reads in 0.843 CPU sec, 0.111 real sec
[M::mem_process_seqs] Processed 1001 reads in 0.748 CPU sec, 0.095 real sec
[M::mem_process_seqs] Processed 1001 reads in 0.938 CPU sec, 0.119 real sec
[M::mem_process_seqs] Processed 1001 reads in 0.913 CPU sec, 0.115 real sec
23469 [main] INFO main.java.edu.mit.compbio.bisulfitehic.mapping.Bhmem  - Processing reads 57000 ...
23469 [main] INFO main.java.edu.mit.compbio.bisulfitehic.mapping.Bhmem  - Unique mapped and paired reads 55510 ...
23473 [main] INFO main.java.edu.mit.compbio.bisulfitehic.mapping.Bhmem  - Processing reads 58000 ...
23473 [main] INFO main.java.edu.mit.compbio.bisulfitehic.mapping.Bhmem  - Unique mapped and paired reads 55510 ...
[M::mem_process_seqs] Processed 1001 reads in 0.909 CPU sec, 0.116 real sec
[M::mem_process_seqs] Processed 1001 reads in 0.805 CPU sec, 0.103 real sec
[M::mem_process_seqs] Processed 1001 reads in 0.948 CPU sec, 0.132 real sec
[M::mem_process_seqs] Processed 1001 reads in 0.888 CPU sec, 0.117 real sec
24094 [main] INFO main.java.edu.mit.compbio.bisulfitehic.mapping.Bhmem  - Processing reads 59000 ...
24094 [main] INFO main.java.edu.mit.compbio.bisulfitehic.mapping.Bhmem  - Unique mapped and paired reads 57492 ...
24098 [main] INFO main.java.edu.mit.compbio.bisulfitehic.mapping.Bhmem  - Processing reads 60000 ...
24098 [main] INFO main.java.edu.mit.compbio.bisulfitehic.mapping.Bhmem  - Unique mapped and paired reads 57492 ...
[M::mem_process_seqs] Processed 1001 reads in 1.076 CPU sec, 0.136 real sec
[M::mem_process_seqs] Processed 1001 reads in 1.080 CPU sec, 0.139 real sec
[M::mem_process_seqs] Processed 1001 reads in 0.986 CPU sec, 0.131 real sec
[M::mem_process_seqs] Processed 1001 reads in 0.956 CPU sec, 0.124 real sec
24784 [main] INFO main.java.edu.mit.compbio.bisulfitehic.mapping.Bhmem  - Processing reads 61000 ...
24784 [main] INFO main.java.edu.mit.compbio.bisulfitehic.mapping.Bhmem  - Unique mapped and paired reads 59474 ...
24788 [main] INFO main.java.edu.mit.compbio.bisulfitehic.mapping.Bhmem  - Processing reads 62000 ...
24788 [main] INFO main.java.edu.mit.compbio.bisulfitehic.mapping.Bhmem  - Unique mapped and paired reads 59474 ...
[M::mem_process_seqs] Processed 1001 reads in 1.011 CPU sec, 0.131 real sec
[M::mem_process_seqs] Processed 1001 reads in 0.860 CPU sec, 0.110 real sec
[M::mem_process_seqs] Processed 1001 reads in 0.951 CPU sec, 0.127 real sec
[M::mem_process_seqs] Processed 1001 reads in 0.975 CPU sec, 0.124 real sec
25443 [main] INFO main.java.edu.mit.compbio.bisulfitehic.mapping.Bhmem  - Processing reads 63000 ...
25443 [main] INFO main.java.edu.mit.compbio.bisulfitehic.mapping.Bhmem  - Unique mapped and paired reads 61448 ...
25447 [main] INFO main.java.edu.mit.compbio.bisulfitehic.mapping.Bhmem  - Processing reads 64000 ...
25447 [main] INFO main.java.edu.mit.compbio.bisulfitehic.mapping.Bhmem  - Unique mapped and paired reads 61448 ...
[M::mem_process_seqs] Processed 1001 reads in 0.916 CPU sec, 0.116 real sec
[M::mem_process_seqs] Processed 1001 reads in 0.976 CPU sec, 0.124 real sec
[M::mem_process_seqs] Processed 1001 reads in 0.944 CPU sec, 0.125 real sec
[M::mem_process_seqs] Processed 1001 reads in 1.023 CPU sec, 0.132 real sec
26104 [main] INFO main.java.edu.mit.compbio.bisulfitehic.mapping.Bhmem  - Processing reads 65000 ...
26104 [main] INFO main.java.edu.mit.compbio.bisulfitehic.mapping.Bhmem  - Unique mapped and paired reads 63436 ...
26109 [main] INFO main.java.edu.mit.compbio.bisulfitehic.mapping.Bhmem  - Processing reads 66000 ...
26109 [main] INFO main.java.edu.mit.compbio.bisulfitehic.mapping.Bhmem  - Unique mapped and paired reads 63436 ...
[M::mem_process_seqs] Processed 1001 reads in 0.970 CPU sec, 0.122 real sec
[M::mem_process_seqs] Processed 1001 reads in 1.050 CPU sec, 0.142 real sec
[M::mem_process_seqs] Processed 1001 reads in 1.145 CPU sec, 0.156 real sec
[M::mem_process_seqs] Processed 1001 reads in 1.079 CPU sec, 0.141 real sec
26830 [main] INFO main.java.edu.mit.compbio.bisulfitehic.mapping.Bhmem  - Processing reads 67000 ...
26830 [main] INFO main.java.edu.mit.compbio.bisulfitehic.mapping.Bhmem  - Unique mapped and paired reads 65428 ...
26834 [main] INFO main.java.edu.mit.compbio.bisulfitehic.mapping.Bhmem  - Processing reads 68000 ...
26834 [main] INFO main.java.edu.mit.compbio.bisulfitehic.mapping.Bhmem  - Unique mapped and paired reads 65428 ...
[M::mem_process_seqs] Processed 1001 reads in 1.102 CPU sec, 0.140 real sec
[M::mem_process_seqs] Processed 1001 reads in 0.872 CPU sec, 0.112 real sec
[M::mem_process_seqs] Processed 1001 reads in 0.984 CPU sec, 0.126 real sec
[M::mem_process_seqs] Processed 1001 reads in 0.998 CPU sec, 0.135 real sec
27514 [main] INFO main.java.edu.mit.compbio.bisulfitehic.mapping.Bhmem  - Processing reads 69000 ...
27514 [main] INFO main.java.edu.mit.compbio.bisulfitehic.mapping.Bhmem  - Unique mapped and paired reads 67410 ...
27518 [main] INFO main.java.edu.mit.compbio.bisulfitehic.mapping.Bhmem  - Processing reads 70000 ...
27518 [main] INFO main.java.edu.mit.compbio.bisulfitehic.mapping.Bhmem  - Unique mapped and paired reads 67410 ...
[M::mem_process_seqs] Processed 1001 reads in 0.921 CPU sec, 0.123 real sec
[M::mem_process_seqs] Processed 1001 reads in 0.781 CPU sec, 0.103 real sec
[M::mem_process_seqs] Processed 1001 reads in 0.942 CPU sec, 0.122 real sec
[M::mem_process_seqs] Processed 1001 reads in 0.903 CPU sec, 0.124 real sec
28147 [main] INFO main.java.edu.mit.compbio.bisulfitehic.mapping.Bhmem  - Processing reads 71000 ...
28147 [main] INFO main.java.edu.mit.compbio.bisulfitehic.mapping.Bhmem  - Unique mapped and paired reads 69392 ...
28151 [main] INFO main.java.edu.mit.compbio.bisulfitehic.mapping.Bhmem  - Processing reads 72000 ...
28151 [main] INFO main.java.edu.mit.compbio.bisulfitehic.mapping.Bhmem  - Unique mapped and paired reads 69392 ...
[M::mem_process_seqs] Processed 1001 reads in 1.173 CPU sec, 0.151 real sec
[M::mem_process_seqs] Processed 1001 reads in 0.845 CPU sec, 0.110 real sec
[M::mem_process_seqs] Processed 1001 reads in 0.996 CPU sec, 0.125 real sec
[M::mem_process_seqs] Processed 1001 reads in 1.066 CPU sec, 0.161 real sec
28862 [main] INFO main.java.edu.mit.compbio.bisulfitehic.mapping.Bhmem  - Processing reads 73000 ...
28862 [main] INFO main.java.edu.mit.compbio.bisulfitehic.mapping.Bhmem  - Unique mapped and paired reads 71380 ...
28866 [main] INFO main.java.edu.mit.compbio.bisulfitehic.mapping.Bhmem  - Processing reads 74000 ...
28866 [main] INFO main.java.edu.mit.compbio.bisulfitehic.mapping.Bhmem  - Unique mapped and paired reads 71380 ...
[M::mem_process_seqs] Processed 1001 reads in 0.937 CPU sec, 0.123 real sec
[M::mem_process_seqs] Processed 1001 reads in 0.852 CPU sec, 0.110 real sec
[M::mem_process_seqs] Processed 1001 reads in 1.039 CPU sec, 0.139 real sec
[M::mem_process_seqs] Processed 1001 reads in 0.985 CPU sec, 0.135 real sec
29534 [main] INFO main.java.edu.mit.compbio.bisulfitehic.mapping.Bhmem  - Processing reads 75000 ...
29534 [main] INFO main.java.edu.mit.compbio.bisulfitehic.mapping.Bhmem  - Unique mapped and paired reads 73364 ...
29538 [main] INFO main.java.edu.mit.compbio.bisulfitehic.mapping.Bhmem  - Processing reads 76000 ...
29538 [main] INFO main.java.edu.mit.compbio.bisulfitehic.mapping.Bhmem  - Unique mapped and paired reads 73364 ...
[M::mem_process_seqs] Processed 1001 reads in 0.867 CPU sec, 0.114 real sec
[M::mem_process_seqs] Processed 1001 reads in 0.754 CPU sec, 0.098 real sec
[M::mem_process_seqs] Processed 1001 reads in 0.956 CPU sec, 0.121 real sec
[M::mem_process_seqs] Processed 1001 reads in 0.848 CPU sec, 0.114 real sec
30136 [main] INFO main.java.edu.mit.compbio.bisulfitehic.mapping.Bhmem  - Processing reads 77000 ...
30136 [main] INFO main.java.edu.mit.compbio.bisulfitehic.mapping.Bhmem  - Unique mapped and paired reads 75360 ...
30140 [main] INFO main.java.edu.mit.compbio.bisulfitehic.mapping.Bhmem  - Processing reads 78000 ...
30140 [main] INFO main.java.edu.mit.compbio.bisulfitehic.mapping.Bhmem  - Unique mapped and paired reads 75360 ...
[M::mem_process_seqs] Processed 1001 reads in 0.849 CPU sec, 0.114 real sec
[M::mem_process_seqs] Processed 1001 reads in 0.827 CPU sec, 0.111 real sec
[M::mem_process_seqs] Processed 1001 reads in 0.949 CPU sec, 0.122 real sec
[M::mem_process_seqs] Processed 1001 reads in 0.984 CPU sec, 0.148 real sec
30788 [main] INFO main.java.edu.mit.compbio.bisulfitehic.mapping.Bhmem  - Processing reads 79000 ...
30788 [main] INFO main.java.edu.mit.compbio.bisulfitehic.mapping.Bhmem  - Unique mapped and paired reads 77354 ...
30792 [main] INFO main.java.edu.mit.compbio.bisulfitehic.mapping.Bhmem  - Processing reads 80000 ...
30792 [main] INFO main.java.edu.mit.compbio.bisulfitehic.mapping.Bhmem  - Unique mapped and paired reads 77354 ...
[M::mem_process_seqs] Processed 1001 reads in 0.935 CPU sec, 0.123 real sec
[M::mem_process_seqs] Processed 1001 reads in 0.852 CPU sec, 0.119 real sec
[M::mem_process_seqs] Processed 1001 reads in 0.980 CPU sec, 0.124 real sec
[M::mem_process_seqs] Processed 1001 reads in 0.906 CPU sec, 0.118 real sec
31442 [main] INFO main.java.edu.mit.compbio.bisulfitehic.mapping.Bhmem  - Processing reads 81000 ...
31442 [main] INFO main.java.edu.mit.compbio.bisulfitehic.mapping.Bhmem  - Unique mapped and paired reads 79334 ...
31446 [main] INFO main.java.edu.mit.compbio.bisulfitehic.mapping.Bhmem  - Processing reads 82000 ...
31446 [main] INFO main.java.edu.mit.compbio.bisulfitehic.mapping.Bhmem  - Unique mapped and paired reads 79334 ...
[M::mem_process_seqs] Processed 1001 reads in 0.891 CPU sec, 0.114 real sec
[M::mem_process_seqs] Processed 1001 reads in 0.737 CPU sec, 0.095 real sec
[M::mem_process_seqs] Processed 1001 reads in 0.996 CPU sec, 0.136 real sec
[M::mem_process_seqs] Processed 1001 reads in 0.842 CPU sec, 0.109 real sec
32051 [main] INFO main.java.edu.mit.compbio.bisulfitehic.mapping.Bhmem  - Processing reads 83000 ...
32051 [main] INFO main.java.edu.mit.compbio.bisulfitehic.mapping.Bhmem  - Unique mapped and paired reads 81320 ...
32055 [main] INFO main.java.edu.mit.compbio.bisulfitehic.mapping.Bhmem  - Processing reads 84000 ...
32055 [main] INFO main.java.edu.mit.compbio.bisulfitehic.mapping.Bhmem  - Unique mapped and paired reads 81320 ...
[M::mem_process_seqs] Processed 1001 reads in 0.868 CPU sec, 0.110 real sec
[M::mem_process_seqs] Processed 1001 reads in 0.777 CPU sec, 0.100 real sec
[M::mem_process_seqs] Processed 1001 reads in 0.931 CPU sec, 0.119 real sec
[M::mem_process_seqs] Processed 1001 reads in 0.910 CPU sec, 0.116 real sec
32655 [main] INFO main.java.edu.mit.compbio.bisulfitehic.mapping.Bhmem  - Processing reads 85000 ...
32655 [main] INFO main.java.edu.mit.compbio.bisulfitehic.mapping.Bhmem  - Unique mapped and paired reads 83302 ...
32659 [main] INFO main.java.edu.mit.compbio.bisulfitehic.mapping.Bhmem  - Processing reads 86000 ...
32659 [main] INFO main.java.edu.mit.compbio.bisulfitehic.mapping.Bhmem  - Unique mapped and paired reads 83302 ...
[M::mem_process_seqs] Processed 1001 reads in 0.872 CPU sec, 0.111 real sec
[M::mem_process_seqs] Processed 1001 reads in 0.745 CPU sec, 0.094 real sec
[M::mem_process_seqs] Processed 1001 reads in 0.989 CPU sec, 0.134 real sec
[M::mem_process_seqs] Processed 1001 reads in 0.935 CPU sec, 0.120 real sec
33271 [main] INFO main.java.edu.mit.compbio.bisulfitehic.mapping.Bhmem  - Processing reads 87000 ...
33271 [main] INFO main.java.edu.mit.compbio.bisulfitehic.mapping.Bhmem  - Unique mapped and paired reads 85294 ...
33275 [main] INFO main.java.edu.mit.compbio.bisulfitehic.mapping.Bhmem  - Processing reads 88000 ...
33275 [main] INFO main.java.edu.mit.compbio.bisulfitehic.mapping.Bhmem  - Unique mapped and paired reads 85294 ...
[M::mem_process_seqs] Processed 1001 reads in 0.938 CPU sec, 0.118 real sec
[M::mem_process_seqs] Processed 1001 reads in 0.806 CPU sec, 0.106 real sec
[M::mem_process_seqs] Processed 1001 reads in 1.041 CPU sec, 0.135 real sec
[M::mem_process_seqs] Processed 1001 reads in 1.006 CPU sec, 0.127 real sec
33913 [main] INFO main.java.edu.mit.compbio.bisulfitehic.mapping.Bhmem  - Processing reads 89000 ...
33913 [main] INFO main.java.edu.mit.compbio.bisulfitehic.mapping.Bhmem  - Unique mapped and paired reads 87270 ...
33917 [main] INFO main.java.edu.mit.compbio.bisulfitehic.mapping.Bhmem  - Processing reads 90000 ...
33917 [main] INFO main.java.edu.mit.compbio.bisulfitehic.mapping.Bhmem  - Unique mapped and paired reads 87270 ...
[M::mem_process_seqs] Processed 1001 reads in 0.936 CPU sec, 0.126 real sec
[M::mem_process_seqs] Processed 1001 reads in 0.823 CPU sec, 0.122 real sec
[M::mem_process_seqs] Processed 1001 reads in 0.974 CPU sec, 0.132 real sec
[M::mem_process_seqs] Processed 1001 reads in 0.886 CPU sec, 0.114 real sec
34586 [main] INFO main.java.edu.mit.compbio.bisulfitehic.mapping.Bhmem  - Processing reads 91000 ...
34586 [main] INFO main.java.edu.mit.compbio.bisulfitehic.mapping.Bhmem  - Unique mapped and paired reads 89260 ...
34590 [main] INFO main.java.edu.mit.compbio.bisulfitehic.mapping.Bhmem  - Processing reads 92000 ...
34590 [main] INFO main.java.edu.mit.compbio.bisulfitehic.mapping.Bhmem  - Unique mapped and paired reads 89260 ...
[M::mem_process_seqs] Processed 1001 reads in 0.937 CPU sec, 0.121 real sec
[M::mem_process_seqs] Processed 1001 reads in 0.842 CPU sec, 0.120 real sec
[M::mem_process_seqs] Processed 1001 reads in 0.999 CPU sec, 0.139 real sec
[M::mem_process_seqs] Processed 1001 reads in 1.024 CPU sec, 0.139 real sec
35254 [main] INFO main.java.edu.mit.compbio.bisulfitehic.mapping.Bhmem  - Processing reads 93000 ...
35254 [main] INFO main.java.edu.mit.compbio.bisulfitehic.mapping.Bhmem  - Unique mapped and paired reads 91252 ...
35258 [main] INFO main.java.edu.mit.compbio.bisulfitehic.mapping.Bhmem  - Processing reads 94000 ...
35258 [main] INFO main.java.edu.mit.compbio.bisulfitehic.mapping.Bhmem  - Unique mapped and paired reads 91252 ...
[M::mem_process_seqs] Processed 1001 reads in 0.799 CPU sec, 0.103 real sec
[M::mem_process_seqs] Processed 1001 reads in 0.804 CPU sec, 0.111 real sec
[M::mem_process_seqs] Processed 1001 reads in 0.896 CPU sec, 0.118 real sec
[M::mem_process_seqs] Processed 1001 reads in 0.856 CPU sec, 0.109 real sec
35851 [main] INFO main.java.edu.mit.compbio.bisulfitehic.mapping.Bhmem  - Processing reads 95000 ...
35851 [main] INFO main.java.edu.mit.compbio.bisulfitehic.mapping.Bhmem  - Unique mapped and paired reads 93232 ...
35855 [main] INFO main.java.edu.mit.compbio.bisulfitehic.mapping.Bhmem  - Processing reads 96000 ...
35855 [main] INFO main.java.edu.mit.compbio.bisulfitehic.mapping.Bhmem  - Unique mapped and paired reads 93232 ...
[M::mem_process_seqs] Processed 1001 reads in 0.828 CPU sec, 0.107 real sec
[M::mem_process_seqs] Processed 1001 reads in 0.799 CPU sec, 0.109 real sec
[M::mem_process_seqs] Processed 1001 reads in 0.943 CPU sec, 0.125 real sec
[M::mem_process_seqs] Processed 1001 reads in 0.934 CPU sec, 0.129 real sec
36478 [main] INFO main.java.edu.mit.compbio.bisulfitehic.mapping.Bhmem  - Processing reads 97000 ...
36478 [main] INFO main.java.edu.mit.compbio.bisulfitehic.mapping.Bhmem  - Unique mapped and paired reads 95220 ...
36483 [main] INFO main.java.edu.mit.compbio.bisulfitehic.mapping.Bhmem  - Processing reads 98000 ...
36483 [main] INFO main.java.edu.mit.compbio.bisulfitehic.mapping.Bhmem  - Unique mapped and paired reads 95220 ...
[M::mem_process_seqs] Processed 1001 reads in 0.872 CPU sec, 0.111 real sec
[M::mem_process_seqs] Processed 1001 reads in 0.790 CPU sec, 0.103 real sec
[M::mem_process_seqs] Processed 1001 reads in 0.879 CPU sec, 0.115 real sec
[M::mem_process_seqs] Processed 1001 reads in 0.943 CPU sec, 0.123 real sec
37090 [main] INFO main.java.edu.mit.compbio.bisulfitehic.mapping.Bhmem  - Processing reads 99000 ...
37090 [main] INFO main.java.edu.mit.compbio.bisulfitehic.mapping.Bhmem  - Unique mapped and paired reads 97194 ...
37094 [main] INFO main.java.edu.mit.compbio.bisulfitehic.mapping.Bhmem  - Processing reads 100000 ...
37094 [main] INFO main.java.edu.mit.compbio.bisulfitehic.mapping.Bhmem  - Unique mapped and paired reads 97194 ...
[M::mem_process_seqs] Processed 1001 reads in 0.912 CPU sec, 0.119 real sec
[M::mem_process_seqs] Processed 1001 reads in 0.765 CPU sec, 0.106 real sec
[M::mem_process_seqs] Processed 1001 reads in 0.955 CPU sec, 0.127 real sec
[M::mem_process_seqs] Processed 1001 reads in 0.883 CPU sec, 0.118 real sec
37715 [main] INFO main.java.edu.mit.compbio.bisulfitehic.mapping.Bhmem  - Processing reads 101000 ...
37716 [main] INFO main.java.edu.mit.compbio.bisulfitehic.mapping.Bhmem  - Unique mapped and paired reads 99180 ...
37719 [main] INFO main.java.edu.mit.compbio.bisulfitehic.mapping.Bhmem  - Processing reads 102000 ...
37720 [main] INFO main.java.edu.mit.compbio.bisulfitehic.mapping.Bhmem  - Unique mapped and paired reads 99180 ...
[M::mem_process_seqs] Processed 1001 reads in 0.871 CPU sec, 0.117 real sec
[M::mem_process_seqs] Processed 1001 reads in 0.839 CPU sec, 0.116 real sec
[M::mem_process_seqs] Processed 1001 reads in 0.999 CPU sec, 0.149 real sec
[M::mem_process_seqs] Processed 1001 reads in 0.953 CPU sec, 0.126 real sec
38380 [main] INFO main.java.edu.mit.compbio.bisulfitehic.mapping.Bhmem  - Processing reads 103000 ...
38380 [main] INFO main.java.edu.mit.compbio.bisulfitehic.mapping.Bhmem  - Unique mapped and paired reads 101166 ...
38384 [main] INFO main.java.edu.mit.compbio.bisulfitehic.mapping.Bhmem  - Processing reads 104000 ...
38384 [main] INFO main.java.edu.mit.compbio.bisulfitehic.mapping.Bhmem  - Unique mapped and paired reads 101166 ...
[M::mem_process_seqs] Processed 1001 reads in 0.901 CPU sec, 0.122 real sec
[M::mem_process_seqs] Processed 1001 reads in 0.778 CPU sec, 0.103 real sec
[M::mem_process_seqs] Processed 1001 reads in 0.915 CPU sec, 0.122 real sec
[M::mem_process_seqs] Processed 1001 reads in 0.902 CPU sec, 0.121 real sec
39003 [main] INFO main.java.edu.mit.compbio.bisulfitehic.mapping.Bhmem  - Processing reads 105000 ...
39003 [main] INFO main.java.edu.mit.compbio.bisulfitehic.mapping.Bhmem  - Unique mapped and paired reads 103150 ...
39007 [main] INFO main.java.edu.mit.compbio.bisulfitehic.mapping.Bhmem  - Processing reads 106000 ...
39007 [main] INFO main.java.edu.mit.compbio.bisulfitehic.mapping.Bhmem  - Unique mapped and paired reads 103150 ...
[M::mem_process_seqs] Processed 1001 reads in 0.820 CPU sec, 0.103 real sec
[M::mem_process_seqs] Processed 1001 reads in 0.785 CPU sec, 0.103 real sec
[M::mem_process_seqs] Processed 1001 reads in 0.942 CPU sec, 0.126 real sec
[M::mem_process_seqs] Processed 1001 reads in 0.842 CPU sec, 0.107 real sec
39647 [main] INFO main.java.edu.mit.compbio.bisulfitehic.mapping.Bhmem  - Processing reads 107000 ...
39647 [main] INFO main.java.edu.mit.compbio.bisulfitehic.mapping.Bhmem  - Unique mapped and paired reads 105136 ...
39655 [main] INFO main.java.edu.mit.compbio.bisulfitehic.mapping.Bhmem  - Processing reads 108000 ...
39655 [main] INFO main.java.edu.mit.compbio.bisulfitehic.mapping.Bhmem  - Unique mapped and paired reads 105136 ...
[M::mem_process_seqs] Processed 1001 reads in 0.861 CPU sec, 0.113 real sec
[M::mem_process_seqs] Processed 1001 reads in 0.775 CPU sec, 0.098 real sec
[M::mem_process_seqs] Processed 1001 reads in 0.954 CPU sec, 0.121 real sec
[M::mem_process_seqs] Processed 1001 reads in 0.854 CPU sec, 0.111 real sec
40250 [main] INFO main.java.edu.mit.compbio.bisulfitehic.mapping.Bhmem  - Processing reads 109000 ...
40250 [main] INFO main.java.edu.mit.compbio.bisulfitehic.mapping.Bhmem  - Unique mapped and paired reads 107124 ...
40254 [main] INFO main.java.edu.mit.compbio.bisulfitehic.mapping.Bhmem  - Processing reads 110000 ...
40254 [main] INFO main.java.edu.mit.compbio.bisulfitehic.mapping.Bhmem  - Unique mapped and paired reads 107124 ...
[M::mem_process_seqs] Processed 1001 reads in 0.875 CPU sec, 0.115 real sec
[M::mem_process_seqs] Processed 1001 reads in 0.820 CPU sec, 0.120 real sec
[M::mem_process_seqs] Processed 1001 reads in 0.949 CPU sec, 0.130 real sec
[M::mem_process_seqs] Processed 1001 reads in 0.876 CPU sec, 0.112 real sec
40881 [main] INFO main.java.edu.mit.compbio.bisulfitehic.mapping.Bhmem  - Processing reads 111000 ...
40881 [main] INFO main.java.edu.mit.compbio.bisulfitehic.mapping.Bhmem  - Unique mapped and paired reads 109106 ...
40885 [main] INFO main.java.edu.mit.compbio.bisulfitehic.mapping.Bhmem  - Processing reads 112000 ...
40885 [main] INFO main.java.edu.mit.compbio.bisulfitehic.mapping.Bhmem  - Unique mapped and paired reads 109106 ...
[M::mem_process_seqs] Processed 1001 reads in 0.884 CPU sec, 0.122 real sec
[M::mem_process_seqs] Processed 1001 reads in 0.760 CPU sec, 0.102 real sec
[M::mem_process_seqs] Processed 1001 reads in 0.964 CPU sec, 0.129 real sec
[M::mem_process_seqs] Processed 1001 reads in 0.888 CPU sec, 0.112 real sec
41496 [main] INFO main.java.edu.mit.compbio.bisulfitehic.mapping.Bhmem  - Processing reads 113000 ...
41497 [main] INFO main.java.edu.mit.compbio.bisulfitehic.mapping.Bhmem  - Unique mapped and paired reads 111092 ...
41501 [main] INFO main.java.edu.mit.compbio.bisulfitehic.mapping.Bhmem  - Processing reads 114000 ...
41501 [main] INFO main.java.edu.mit.compbio.bisulfitehic.mapping.Bhmem  - Unique mapped and paired reads 111092 ...
[M::mem_process_seqs] Processed 1001 reads in 0.981 CPU sec, 0.124 real sec
[M::mem_process_seqs] Processed 1001 reads in 0.895 CPU sec, 0.121 real sec
[M::mem_process_seqs] Processed 1001 reads in 0.965 CPU sec, 0.122 real sec
[M::mem_process_seqs] Processed 1001 reads in 1.033 CPU sec, 0.141 real sec
42165 [main] INFO main.java.edu.mit.compbio.bisulfitehic.mapping.Bhmem  - Processing reads 115000 ...
42165 [main] INFO main.java.edu.mit.compbio.bisulfitehic.mapping.Bhmem  - Unique mapped and paired reads 113076 ...
42169 [main] INFO main.java.edu.mit.compbio.bisulfitehic.mapping.Bhmem  - Processing reads 116000 ...
42169 [main] INFO main.java.edu.mit.compbio.bisulfitehic.mapping.Bhmem  - Unique mapped and paired reads 113076 ...
[M::mem_process_seqs] Processed 1001 reads in 0.864 CPU sec, 0.117 real sec
[M::mem_process_seqs] Processed 1001 reads in 0.839 CPU sec, 0.106 real sec
[M::mem_process_seqs] Processed 1001 reads in 0.949 CPU sec, 0.129 real sec
[M::mem_process_seqs] Processed 1001 reads in 0.937 CPU sec, 0.121 real sec
42795 [main] INFO main.java.edu.mit.compbio.bisulfitehic.mapping.Bhmem  - Processing reads 117000 ...
42795 [main] INFO main.java.edu.mit.compbio.bisulfitehic.mapping.Bhmem  - Unique mapped and paired reads 115060 ...
42799 [main] INFO main.java.edu.mit.compbio.bisulfitehic.mapping.Bhmem  - Processing reads 118000 ...
42799 [main] INFO main.java.edu.mit.compbio.bisulfitehic.mapping.Bhmem  - Unique mapped and paired reads 115060 ...
[M::mem_process_seqs] Processed 1001 reads in 0.899 CPU sec, 0.115 real sec
[M::mem_process_seqs] Processed 1001 reads in 0.765 CPU sec, 0.105 real sec
[M::mem_process_seqs] Processed 1001 reads in 0.972 CPU sec, 0.137 real sec
[M::mem_process_seqs] Processed 1001 reads in 0.854 CPU sec, 0.109 real sec
43418 [main] INFO main.java.edu.mit.compbio.bisulfitehic.mapping.Bhmem  - Processing reads 119000 ...
43418 [main] INFO main.java.edu.mit.compbio.bisulfitehic.mapping.Bhmem  - Unique mapped and paired reads 117048 ...
43422 [main] INFO main.java.edu.mit.compbio.bisulfitehic.mapping.Bhmem  - Processing reads 120000 ...
43422 [main] INFO main.java.edu.mit.compbio.bisulfitehic.mapping.Bhmem  - Unique mapped and paired reads 117048 ...
[M::mem_process_seqs] Processed 1001 reads in 0.839 CPU sec, 0.113 real sec
[M::mem_process_seqs] Processed 1001 reads in 0.820 CPU sec, 0.103 real sec
[M::mem_process_seqs] Processed 1001 reads in 0.938 CPU sec, 0.123 real sec
[M::mem_process_seqs] Processed 1001 reads in 0.988 CPU sec, 0.132 real sec
44050 [main] INFO main.java.edu.mit.compbio.bisulfitehic.mapping.Bhmem  - Processing reads 121000 ...
44050 [main] INFO main.java.edu.mit.compbio.bisulfitehic.mapping.Bhmem  - Unique mapped and paired reads 119040 ...
44054 [main] INFO main.java.edu.mit.compbio.bisulfitehic.mapping.Bhmem  - Processing reads 122000 ...
44054 [main] INFO main.java.edu.mit.compbio.bisulfitehic.mapping.Bhmem  - Unique mapped and paired reads 119040 ...
[M::mem_process_seqs] Processed 1001 reads in 0.862 CPU sec, 0.125 real sec
[M::mem_process_seqs] Processed 1001 reads in 0.816 CPU sec, 0.105 real sec
[M::mem_process_seqs] Processed 1001 reads in 0.893 CPU sec, 0.112 real sec
[M::mem_process_seqs] Processed 1001 reads in 0.910 CPU sec, 0.118 real sec
44672 [main] INFO main.java.edu.mit.compbio.bisulfitehic.mapping.Bhmem  - Processing reads 123000 ...
44672 [main] INFO main.java.edu.mit.compbio.bisulfitehic.mapping.Bhmem  - Unique mapped and paired reads 121036 ...
44676 [main] INFO main.java.edu.mit.compbio.bisulfitehic.mapping.Bhmem  - Processing reads 124000 ...
44676 [main] INFO main.java.edu.mit.compbio.bisulfitehic.mapping.Bhmem  - Unique mapped and paired reads 121036 ...
[M::mem_process_seqs] Processed 1001 reads in 0.783 CPU sec, 0.102 real sec
[M::mem_process_seqs] Processed 1001 reads in 0.771 CPU sec, 0.106 real sec
[M::mem_process_seqs] Processed 1001 reads in 0.839 CPU sec, 0.107 real sec
[M::mem_process_seqs] Processed 1001 reads in 0.944 CPU sec, 0.128 real sec
45272 [main] INFO main.java.edu.mit.compbio.bisulfitehic.mapping.Bhmem  - Processing reads 125000 ...
45272 [main] INFO main.java.edu.mit.compbio.bisulfitehic.mapping.Bhmem  - Unique mapped and paired reads 123020 ...
45276 [main] INFO main.java.edu.mit.compbio.bisulfitehic.mapping.Bhmem  - Processing reads 126000 ...
45276 [main] INFO main.java.edu.mit.compbio.bisulfitehic.mapping.Bhmem  - Unique mapped and paired reads 123020 ...
[M::mem_process_seqs] Processed 1001 reads in 0.857 CPU sec, 0.116 real sec
[M::mem_process_seqs] Processed 1001 reads in 0.734 CPU sec, 0.101 real sec
[M::mem_process_seqs] Processed 1001 reads in 0.874 CPU sec, 0.115 real sec
[M::mem_process_seqs] Processed 1001 reads in 0.803 CPU sec, 0.106 real sec
45865 [main] INFO main.java.edu.mit.compbio.bisulfitehic.mapping.Bhmem  - Processing reads 127000 ...
45865 [main] INFO main.java.edu.mit.compbio.bisulfitehic.mapping.Bhmem  - Unique mapped and paired reads 125008 ...
45869 [main] INFO main.java.edu.mit.compbio.bisulfitehic.mapping.Bhmem  - Processing reads 128000 ...
45869 [main] INFO main.java.edu.mit.compbio.bisulfitehic.mapping.Bhmem  - Unique mapped and paired reads 125008 ...
[M::mem_process_seqs] Processed 1001 reads in 0.950 CPU sec, 0.130 real sec
[M::mem_process_seqs] Processed 1001 reads in 0.842 CPU sec, 0.107 real sec
[M::mem_process_seqs] Processed 1001 reads in 0.932 CPU sec, 0.121 real sec
[M::mem_process_seqs] Processed 1001 reads in 0.964 CPU sec, 0.138 real sec
46519 [main] INFO main.java.edu.mit.compbio.bisulfitehic.mapping.Bhmem  - Processing reads 129000 ...
46519 [main] INFO main.java.edu.mit.compbio.bisulfitehic.mapping.Bhmem  - Unique mapped and paired reads 126992 ...
46523 [main] INFO main.java.edu.mit.compbio.bisulfitehic.mapping.Bhmem  - Processing reads 130000 ...
46523 [main] INFO main.java.edu.mit.compbio.bisulfitehic.mapping.Bhmem  - Unique mapped and paired reads 126992 ...
[M::mem_process_seqs] Processed 1001 reads in 0.805 CPU sec, 0.102 real sec
[M::mem_process_seqs] Processed 1001 reads in 0.775 CPU sec, 0.111 real sec
[M::mem_process_seqs] Processed 1001 reads in 0.813 CPU sec, 0.104 real sec
[M::mem_process_seqs] Processed 1001 reads in 0.889 CPU sec, 0.117 real sec
47108 [main] INFO main.java.edu.mit.compbio.bisulfitehic.mapping.Bhmem  - Processing reads 131000 ...
47108 [main] INFO main.java.edu.mit.compbio.bisulfitehic.mapping.Bhmem  - Unique mapped and paired reads 128986 ...
47112 [main] INFO main.java.edu.mit.compbio.bisulfitehic.mapping.Bhmem  - Processing reads 132000 ...
47112 [main] INFO main.java.edu.mit.compbio.bisulfitehic.mapping.Bhmem  - Unique mapped and paired reads 128986 ...
[M::mem_process_seqs] Processed 1001 reads in 0.983 CPU sec, 0.134 real sec
[M::mem_process_seqs] Processed 1001 reads in 0.802 CPU sec, 0.111 real sec
[M::mem_process_seqs] Processed 1001 reads in 0.966 CPU sec, 0.132 real sec
[M::mem_process_seqs] Processed 1001 reads in 0.931 CPU sec, 0.120 real sec
47766 [main] INFO main.java.edu.mit.compbio.bisulfitehic.mapping.Bhmem  - Processing reads 133000 ...
47766 [main] INFO main.java.edu.mit.compbio.bisulfitehic.mapping.Bhmem  - Unique mapped and paired reads 130978 ...
47770 [main] INFO main.java.edu.mit.compbio.bisulfitehic.mapping.Bhmem  - Processing reads 134000 ...
47770 [main] INFO main.java.edu.mit.compbio.bisulfitehic.mapping.Bhmem  - Unique mapped and paired reads 130978 ...
[M::mem_process_seqs] Processed 1001 reads in 0.999 CPU sec, 0.136 real sec
[M::mem_process_seqs] Processed 1001 reads in 0.869 CPU sec, 0.135 real sec
[M::mem_process_seqs] Processed 1001 reads in 1.125 CPU sec, 0.144 real sec
[M::mem_process_seqs] Processed 1001 reads in 0.966 CPU sec, 0.129 real sec
48474 [main] INFO main.java.edu.mit.compbio.bisulfitehic.mapping.Bhmem  - Processing reads 135000 ...
48474 [main] INFO main.java.edu.mit.compbio.bisulfitehic.mapping.Bhmem  - Unique mapped and paired reads 132960 ...
48478 [main] INFO main.java.edu.mit.compbio.bisulfitehic.mapping.Bhmem  - Processing reads 136000 ...
48478 [main] INFO main.java.edu.mit.compbio.bisulfitehic.mapping.Bhmem  - Unique mapped and paired reads 132960 ...
[M::mem_process_seqs] Processed 1001 reads in 0.995 CPU sec, 0.128 real sec
[M::mem_process_seqs] Processed 1001 reads in 0.906 CPU sec, 0.116 real sec
[M::mem_process_seqs] Processed 1001 reads in 1.215 CPU sec, 0.164 real sec
[M::mem_process_seqs] Processed 1001 reads in 1.028 CPU sec, 0.132 real sec
49172 [main] INFO main.java.edu.mit.compbio.bisulfitehic.mapping.Bhmem  - Processing reads 137000 ...
49172 [main] INFO main.java.edu.mit.compbio.bisulfitehic.mapping.Bhmem  - Unique mapped and paired reads 134944 ...
49176 [main] INFO main.java.edu.mit.compbio.bisulfitehic.mapping.Bhmem  - Processing reads 138000 ...
49176 [main] INFO main.java.edu.mit.compbio.bisulfitehic.mapping.Bhmem  - Unique mapped and paired reads 134944 ...
[M::mem_process_seqs] Processed 1001 reads in 0.909 CPU sec, 0.127 real sec
[M::mem_process_seqs] Processed 1001 reads in 0.846 CPU sec, 0.107 real sec
[M::mem_process_seqs] Processed 1001 reads in 0.966 CPU sec, 0.125 real sec
[M::mem_process_seqs] Processed 1001 reads in 0.965 CPU sec, 0.126 real sec
49809 [main] INFO main.java.edu.mit.compbio.bisulfitehic.mapping.Bhmem  - Processing reads 139000 ...
49809 [main] INFO main.java.edu.mit.compbio.bisulfitehic.mapping.Bhmem  - Unique mapped and paired reads 136934 ...
49813 [main] INFO main.java.edu.mit.compbio.bisulfitehic.mapping.Bhmem  - Processing reads 140000 ...
49813 [main] INFO main.java.edu.mit.compbio.bisulfitehic.mapping.Bhmem  - Unique mapped and paired reads 136934 ...
[M::mem_process_seqs] Processed 1001 reads in 0.932 CPU sec, 0.119 real sec
[M::mem_process_seqs] Processed 1001 reads in 0.800 CPU sec, 0.105 real sec
[M::mem_process_seqs] Processed 1001 reads in 0.957 CPU sec, 0.130 real sec
[M::mem_process_seqs] Processed 1001 reads in 0.891 CPU sec, 0.122 real sec
50442 [main] INFO main.java.edu.mit.compbio.bisulfitehic.mapping.Bhmem  - Processing reads 141000 ...
50442 [main] INFO main.java.edu.mit.compbio.bisulfitehic.mapping.Bhmem  - Unique mapped and paired reads 138916 ...
50446 [main] INFO main.java.edu.mit.compbio.bisulfitehic.mapping.Bhmem  - Processing reads 142000 ...
50446 [main] INFO main.java.edu.mit.compbio.bisulfitehic.mapping.Bhmem  - Unique mapped and paired reads 138916 ...
[M::mem_process_seqs] Processed 1001 reads in 0.900 CPU sec, 0.114 real sec
[M::mem_process_seqs] Processed 1001 reads in 0.855 CPU sec, 0.136 real sec
[M::mem_process_seqs] Processed 1001 reads in 1.052 CPU sec, 0.136 real sec
[M::mem_process_seqs] Processed 1001 reads in 0.933 CPU sec, 0.119 real sec
51109 [main] INFO main.java.edu.mit.compbio.bisulfitehic.mapping.Bhmem  - Processing reads 143000 ...
51109 [main] INFO main.java.edu.mit.compbio.bisulfitehic.mapping.Bhmem  - Unique mapped and paired reads 140904 ...
51113 [main] INFO main.java.edu.mit.compbio.bisulfitehic.mapping.Bhmem  - Processing reads 144000 ...
51113 [main] INFO main.java.edu.mit.compbio.bisulfitehic.mapping.Bhmem  - Unique mapped and paired reads 140904 ...
[M::mem_process_seqs] Processed 1001 reads in 0.895 CPU sec, 0.117 real sec
[M::mem_process_seqs] Processed 1001 reads in 0.829 CPU sec, 0.109 real sec
[M::mem_process_seqs] Processed 1001 reads in 0.845 CPU sec, 0.111 real sec
[M::mem_process_seqs] Processed 1001 reads in 0.857 CPU sec, 0.118 real sec
51725 [main] INFO main.java.edu.mit.compbio.bisulfitehic.mapping.Bhmem  - Processing reads 145000 ...
51725 [main] INFO main.java.edu.mit.compbio.bisulfitehic.mapping.Bhmem  - Unique mapped and paired reads 142894 ...
51729 [main] INFO main.java.edu.mit.compbio.bisulfitehic.mapping.Bhmem  - Processing reads 146000 ...
51729 [main] INFO main.java.edu.mit.compbio.bisulfitehic.mapping.Bhmem  - Unique mapped and paired reads 142894 ...
[M::mem_process_seqs] Processed 1001 reads in 0.825 CPU sec, 0.110 real sec
[M::mem_process_seqs] Processed 1001 reads in 0.746 CPU sec, 0.098 real sec
[M::mem_process_seqs] Processed 1001 reads in 0.959 CPU sec, 0.141 real sec
[M::mem_process_seqs] Processed 1001 reads in 0.852 CPU sec, 0.112 real sec
52341 [main] INFO main.java.edu.mit.compbio.bisulfitehic.mapping.Bhmem  - Processing reads 147000 ...
52341 [main] INFO main.java.edu.mit.compbio.bisulfitehic.mapping.Bhmem  - Unique mapped and paired reads 144868 ...
52345 [main] INFO main.java.edu.mit.compbio.bisulfitehic.mapping.Bhmem  - Processing reads 148000 ...
52345 [main] INFO main.java.edu.mit.compbio.bisulfitehic.mapping.Bhmem  - Unique mapped and paired reads 144868 ...
[M::mem_process_seqs] Processed 1001 reads in 0.914 CPU sec, 0.117 real sec
[M::mem_process_seqs] Processed 1001 reads in 0.824 CPU sec, 0.108 real sec
[M::mem_process_seqs] Processed 1001 reads in 0.940 CPU sec, 0.119 real sec
[M::mem_process_seqs] Processed 1001 reads in 0.961 CPU sec, 0.124 real sec
52963 [main] INFO main.java.edu.mit.compbio.bisulfitehic.mapping.Bhmem  - Processing reads 149000 ...
52963 [main] INFO main.java.edu.mit.compbio.bisulfitehic.mapping.Bhmem  - Unique mapped and paired reads 146852 ...
52967 [main] INFO main.java.edu.mit.compbio.bisulfitehic.mapping.Bhmem  - Processing reads 150000 ...
52967 [main] INFO main.java.edu.mit.compbio.bisulfitehic.mapping.Bhmem  - Unique mapped and paired reads 146852 ...
[M::mem_process_seqs] Processed 1001 reads in 0.906 CPU sec, 0.122 real sec
[M::mem_process_seqs] Processed 1001 reads in 0.798 CPU sec, 0.101 real sec
[M::mem_process_seqs] Processed 1001 reads in 0.969 CPU sec, 0.130 real sec
[M::mem_process_seqs] Processed 1001 reads in 0.920 CPU sec, 0.117 real sec
53586 [main] INFO main.java.edu.mit.compbio.bisulfitehic.mapping.Bhmem  - Processing reads 151000 ...
53586 [main] INFO main.java.edu.mit.compbio.bisulfitehic.mapping.Bhmem  - Unique mapped and paired reads 148834 ...
53590 [main] INFO main.java.edu.mit.compbio.bisulfitehic.mapping.Bhmem  - Processing reads 152000 ...
53590 [main] INFO main.java.edu.mit.compbio.bisulfitehic.mapping.Bhmem  - Unique mapped and paired reads 148834 ...
[M::mem_process_seqs] Processed 1001 reads in 0.909 CPU sec, 0.115 real sec
[M::mem_process_seqs] Processed 1001 reads in 0.802 CPU sec, 0.106 real sec
[M::mem_process_seqs] Processed 1001 reads in 0.952 CPU sec, 0.135 real sec
[M::mem_process_seqs] Processed 1001 reads in 1.007 CPU sec, 0.130 real sec
54226 [main] INFO main.java.edu.mit.compbio.bisulfitehic.mapping.Bhmem  - Processing reads 153000 ...
54226 [main] INFO main.java.edu.mit.compbio.bisulfitehic.mapping.Bhmem  - Unique mapped and paired reads 150806 ...
54229 [main] INFO main.java.edu.mit.compbio.bisulfitehic.mapping.Bhmem  - Processing reads 154000 ...
54230 [main] INFO main.java.edu.mit.compbio.bisulfitehic.mapping.Bhmem  - Unique mapped and paired reads 150806 ...
[M::mem_process_seqs] Processed 1001 reads in 0.912 CPU sec, 0.128 real sec
[M::mem_process_seqs] Processed 1001 reads in 0.899 CPU sec, 0.119 real sec
[M::mem_process_seqs] Processed 1001 reads in 0.887 CPU sec, 0.115 real sec
[M::mem_process_seqs] Processed 1001 reads in 0.912 CPU sec, 0.118 real sec
54865 [main] INFO main.java.edu.mit.compbio.bisulfitehic.mapping.Bhmem  - Processing reads 155000 ...
54865 [main] INFO main.java.edu.mit.compbio.bisulfitehic.mapping.Bhmem  - Unique mapped and paired reads 152784 ...
54869 [main] INFO main.java.edu.mit.compbio.bisulfitehic.mapping.Bhmem  - Processing reads 156000 ...
54869 [main] INFO main.java.edu.mit.compbio.bisulfitehic.mapping.Bhmem  - Unique mapped and paired reads 152784 ...
[M::mem_process_seqs] Processed 1001 reads in 0.923 CPU sec, 0.118 real sec
[M::mem_process_seqs] Processed 1001 reads in 0.824 CPU sec, 0.106 real sec
[M::mem_process_seqs] Processed 1001 reads in 0.952 CPU sec, 0.128 real sec
[M::mem_process_seqs] Processed 1001 reads in 0.893 CPU sec, 0.115 real sec
55484 [main] INFO main.java.edu.mit.compbio.bisulfitehic.mapping.Bhmem  - Processing reads 157000 ...
55485 [main] INFO main.java.edu.mit.compbio.bisulfitehic.mapping.Bhmem  - Unique mapped and paired reads 154766 ...
55488 [main] INFO main.java.edu.mit.compbio.bisulfitehic.mapping.Bhmem  - Processing reads 158000 ...
55488 [main] INFO main.java.edu.mit.compbio.bisulfitehic.mapping.Bhmem  - Unique mapped and paired reads 154766 ...
[M::mem_process_seqs] Processed 1001 reads in 0.911 CPU sec, 0.117 real sec
[M::mem_process_seqs] Processed 1001 reads in 0.802 CPU sec, 0.111 real sec
[M::mem_process_seqs] Processed 1001 reads in 0.905 CPU sec, 0.120 real sec
[M::mem_process_seqs] Processed 1001 reads in 0.886 CPU sec, 0.121 real sec
56112 [main] INFO main.java.edu.mit.compbio.bisulfitehic.mapping.Bhmem  - Processing reads 159000 ...
56112 [main] INFO main.java.edu.mit.compbio.bisulfitehic.mapping.Bhmem  - Unique mapped and paired reads 156750 ...
56116 [main] INFO main.java.edu.mit.compbio.bisulfitehic.mapping.Bhmem  - Processing reads 160000 ...
56116 [main] INFO main.java.edu.mit.compbio.bisulfitehic.mapping.Bhmem  - Unique mapped and paired reads 156750 ...
[M::mem_process_seqs] Processed 1001 reads in 0.838 CPU sec, 0.107 real sec
[M::mem_process_seqs] Processed 1001 reads in 0.763 CPU sec, 0.101 real sec
[M::mem_process_seqs] Processed 1001 reads in 0.930 CPU sec, 0.120 real sec
[M::mem_process_seqs] Processed 1001 reads in 0.866 CPU sec, 0.113 real sec
56710 [main] INFO main.java.edu.mit.compbio.bisulfitehic.mapping.Bhmem  - Processing reads 161000 ...
56710 [main] INFO main.java.edu.mit.compbio.bisulfitehic.mapping.Bhmem  - Unique mapped and paired reads 158726 ...
56714 [main] INFO main.java.edu.mit.compbio.bisulfitehic.mapping.Bhmem  - Processing reads 162000 ...
56714 [main] INFO main.java.edu.mit.compbio.bisulfitehic.mapping.Bhmem  - Unique mapped and paired reads 158726 ...
[M::mem_process_seqs] Processed 1001 reads in 0.850 CPU sec, 0.115 real sec
[M::mem_process_seqs] Processed 1001 reads in 0.753 CPU sec, 0.097 real sec
[M::mem_process_seqs] Processed 1001 reads in 0.891 CPU sec, 0.115 real sec
[M::mem_process_seqs] Processed 1001 reads in 0.913 CPU sec, 0.123 real sec
57316 [main] INFO main.java.edu.mit.compbio.bisulfitehic.mapping.Bhmem  - Processing reads 163000 ...
57316 [main] INFO main.java.edu.mit.compbio.bisulfitehic.mapping.Bhmem  - Unique mapped and paired reads 160706 ...
57320 [main] INFO main.java.edu.mit.compbio.bisulfitehic.mapping.Bhmem  - Processing reads 164000 ...
57320 [main] INFO main.java.edu.mit.compbio.bisulfitehic.mapping.Bhmem  - Unique mapped and paired reads 160706 ...
[M::mem_process_seqs] Processed 1001 reads in 0.853 CPU sec, 0.114 real sec
[M::mem_process_seqs] Processed 1001 reads in 0.763 CPU sec, 0.098 real sec
[M::mem_process_seqs] Processed 1001 reads in 0.974 CPU sec, 0.136 real sec
[M::mem_process_seqs] Processed 1001 reads in 0.950 CPU sec, 0.124 real sec
57942 [main] INFO main.java.edu.mit.compbio.bisulfitehic.mapping.Bhmem  - Processing reads 165000 ...
57942 [main] INFO main.java.edu.mit.compbio.bisulfitehic.mapping.Bhmem  - Unique mapped and paired reads 162698 ...
57946 [main] INFO main.java.edu.mit.compbio.bisulfitehic.mapping.Bhmem  - Processing reads 166000 ...
57946 [main] INFO main.java.edu.mit.compbio.bisulfitehic.mapping.Bhmem  - Unique mapped and paired reads 162698 ...
[M::mem_process_seqs] Processed 1001 reads in 0.925 CPU sec, 0.118 real sec
[M::mem_process_seqs] Processed 1001 reads in 0.837 CPU sec, 0.105 real sec
[M::mem_process_seqs] Processed 1001 reads in 0.947 CPU sec, 0.120 real sec
[M::mem_process_seqs] Processed 1001 reads in 1.032 CPU sec, 0.133 real sec
58576 [main] INFO main.java.edu.mit.compbio.bisulfitehic.mapping.Bhmem  - Processing reads 167000 ...
58576 [main] INFO main.java.edu.mit.compbio.bisulfitehic.mapping.Bhmem  - Unique mapped and paired reads 164678 ...
58580 [main] INFO main.java.edu.mit.compbio.bisulfitehic.mapping.Bhmem  - Processing reads 168000 ...
58580 [main] INFO main.java.edu.mit.compbio.bisulfitehic.mapping.Bhmem  - Unique mapped and paired reads 164678 ...
[M::mem_process_seqs] Processed 1001 reads in 0.978 CPU sec, 0.125 real sec
[M::mem_process_seqs] Processed 1001 reads in 0.906 CPU sec, 0.114 real sec
[M::mem_process_seqs] Processed 1001 reads in 0.966 CPU sec, 0.125 real sec
[M::mem_process_seqs] Processed 1001 reads in 0.948 CPU sec, 0.120 real sec
59216 [main] INFO main.java.edu.mit.compbio.bisulfitehic.mapping.Bhmem  - Processing reads 169000 ...
59216 [main] INFO main.java.edu.mit.compbio.bisulfitehic.mapping.Bhmem  - Unique mapped and paired reads 166658 ...
59220 [main] INFO main.java.edu.mit.compbio.bisulfitehic.mapping.Bhmem  - Processing reads 170000 ...
59220 [main] INFO main.java.edu.mit.compbio.bisulfitehic.mapping.Bhmem  - Unique mapped and paired reads 166658 ...
[M::mem_process_seqs] Processed 1001 reads in 0.924 CPU sec, 0.118 real sec
[M::mem_process_seqs] Processed 1001 reads in 0.771 CPU sec, 0.104 real sec
[M::mem_process_seqs] Processed 1001 reads in 0.929 CPU sec, 0.133 real sec
[M::mem_process_seqs] Processed 1001 reads in 0.867 CPU sec, 0.116 real sec
59846 [main] INFO main.java.edu.mit.compbio.bisulfitehic.mapping.Bhmem  - Processing reads 171000 ...
59846 [main] INFO main.java.edu.mit.compbio.bisulfitehic.mapping.Bhmem  - Unique mapped and paired reads 168638 ...
59850 [main] INFO main.java.edu.mit.compbio.bisulfitehic.mapping.Bhmem  - Processing reads 172000 ...
59850 [main] INFO main.java.edu.mit.compbio.bisulfitehic.mapping.Bhmem  - Unique mapped and paired reads 168638 ...
[M::mem_process_seqs] Processed 1001 reads in 0.900 CPU sec, 0.114 real sec
[M::mem_process_seqs] Processed 1001 reads in 0.812 CPU sec, 0.103 real sec
[M::mem_process_seqs] Processed 1001 reads in 0.956 CPU sec, 0.124 real sec
[M::mem_process_seqs] Processed 1001 reads in 0.946 CPU sec, 0.125 real sec
60471 [main] INFO main.java.edu.mit.compbio.bisulfitehic.mapping.Bhmem  - Processing reads 173000 ...
60471 [main] INFO main.java.edu.mit.compbio.bisulfitehic.mapping.Bhmem  - Unique mapped and paired reads 170616 ...
60475 [main] INFO main.java.edu.mit.compbio.bisulfitehic.mapping.Bhmem  - Processing reads 174000 ...
60475 [main] INFO main.java.edu.mit.compbio.bisulfitehic.mapping.Bhmem  - Unique mapped and paired reads 170616 ...
[M::mem_process_seqs] Processed 1001 reads in 0.892 CPU sec, 0.117 real sec
[M::mem_process_seqs] Processed 1001 reads in 0.746 CPU sec, 0.097 real sec
[M::mem_process_seqs] Processed 1001 reads in 0.963 CPU sec, 0.130 real sec
[M::mem_process_seqs] Processed 1001 reads in 0.901 CPU sec, 0.121 real sec
61130 [main] INFO main.java.edu.mit.compbio.bisulfitehic.mapping.Bhmem  - Processing reads 175000 ...
61130 [main] INFO main.java.edu.mit.compbio.bisulfitehic.mapping.Bhmem  - Unique mapped and paired reads 172598 ...
61134 [main] INFO main.java.edu.mit.compbio.bisulfitehic.mapping.Bhmem  - Processing reads 176000 ...
61134 [main] INFO main.java.edu.mit.compbio.bisulfitehic.mapping.Bhmem  - Unique mapped and paired reads 172598 ...
[M::mem_process_seqs] Processed 1001 reads in 0.819 CPU sec, 0.104 real sec
[M::mem_process_seqs] Processed 1001 reads in 0.820 CPU sec, 0.104 real sec
[M::mem_process_seqs] Processed 1001 reads in 0.860 CPU sec, 0.108 real sec
[M::mem_process_seqs] Processed 1001 reads in 0.909 CPU sec, 0.115 real sec
61712 [main] INFO main.java.edu.mit.compbio.bisulfitehic.mapping.Bhmem  - Processing reads 177000 ...
61712 [main] INFO main.java.edu.mit.compbio.bisulfitehic.mapping.Bhmem  - Unique mapped and paired reads 174576 ...
61716 [main] INFO main.java.edu.mit.compbio.bisulfitehic.mapping.Bhmem  - Processing reads 178000 ...
61716 [main] INFO main.java.edu.mit.compbio.bisulfitehic.mapping.Bhmem  - Unique mapped and paired reads 174576 ...
[M::mem_process_seqs] Processed 1001 reads in 0.856 CPU sec, 0.110 real sec
[M::mem_process_seqs] Processed 1001 reads in 0.776 CPU sec, 0.102 real sec
[M::mem_process_seqs] Processed 1001 reads in 0.971 CPU sec, 0.123 real sec
[M::mem_process_seqs] Processed 1001 reads in 0.993 CPU sec, 0.127 real sec
62330 [main] INFO main.java.edu.mit.compbio.bisulfitehic.mapping.Bhmem  - Processing reads 179000 ...
62330 [main] INFO main.java.edu.mit.compbio.bisulfitehic.mapping.Bhmem  - Unique mapped and paired reads 176558 ...
62334 [main] INFO main.java.edu.mit.compbio.bisulfitehic.mapping.Bhmem  - Processing reads 180000 ...
62334 [main] INFO main.java.edu.mit.compbio.bisulfitehic.mapping.Bhmem  - Unique mapped and paired reads 176558 ...
[M::mem_process_seqs] Processed 1001 reads in 0.906 CPU sec, 0.124 real sec
[M::mem_process_seqs] Processed 1001 reads in 0.790 CPU sec, 0.100 real sec
[M::mem_process_seqs] Processed 1001 reads in 0.950 CPU sec, 0.125 real sec
[M::mem_process_seqs] Processed 1001 reads in 0.964 CPU sec, 0.122 real sec
62965 [main] INFO main.java.edu.mit.compbio.bisulfitehic.mapping.Bhmem  - Processing reads 181000 ...
62965 [main] INFO main.java.edu.mit.compbio.bisulfitehic.mapping.Bhmem  - Unique mapped and paired reads 178536 ...
62969 [main] INFO main.java.edu.mit.compbio.bisulfitehic.mapping.Bhmem  - Processing reads 182000 ...
62969 [main] INFO main.java.edu.mit.compbio.bisulfitehic.mapping.Bhmem  - Unique mapped and paired reads 178536 ...
[M::mem_process_seqs] Processed 1001 reads in 0.863 CPU sec, 0.119 real sec
[M::mem_process_seqs] Processed 1001 reads in 0.867 CPU sec, 0.116 real sec
[M::mem_process_seqs] Processed 1001 reads in 0.894 CPU sec, 0.114 real sec
[M::mem_process_seqs] Processed 1001 reads in 0.973 CPU sec, 0.129 real sec
63598 [main] INFO main.java.edu.mit.compbio.bisulfitehic.mapping.Bhmem  - Processing reads 183000 ...
63598 [main] INFO main.java.edu.mit.compbio.bisulfitehic.mapping.Bhmem  - Unique mapped and paired reads 180512 ...
63602 [main] INFO main.java.edu.mit.compbio.bisulfitehic.mapping.Bhmem  - Processing reads 184000 ...
63602 [main] INFO main.java.edu.mit.compbio.bisulfitehic.mapping.Bhmem  - Unique mapped and paired reads 180512 ...
[M::mem_process_seqs] Processed 1001 reads in 0.876 CPU sec, 0.112 real sec
[M::mem_process_seqs] Processed 1001 reads in 0.774 CPU sec, 0.099 real sec
[M::mem_process_seqs] Processed 1001 reads in 0.934 CPU sec, 0.124 real sec
[M::mem_process_seqs] Processed 1001 reads in 0.963 CPU sec, 0.134 real sec
64222 [main] INFO main.java.edu.mit.compbio.bisulfitehic.mapping.Bhmem  - Processing reads 185000 ...
64222 [main] INFO main.java.edu.mit.compbio.bisulfitehic.mapping.Bhmem  - Unique mapped and paired reads 182488 ...
64226 [main] INFO main.java.edu.mit.compbio.bisulfitehic.mapping.Bhmem  - Processing reads 186000 ...
64226 [main] INFO main.java.edu.mit.compbio.bisulfitehic.mapping.Bhmem  - Unique mapped and paired reads 182488 ...
[M::mem_process_seqs] Processed 1001 reads in 0.903 CPU sec, 0.120 real sec
[M::mem_process_seqs] Processed 1001 reads in 0.785 CPU sec, 0.107 real sec
[M::mem_process_seqs] Processed 1001 reads in 0.904 CPU sec, 0.121 real sec
[M::mem_process_seqs] Processed 1001 reads in 0.922 CPU sec, 0.117 real sec
64847 [main] INFO main.java.edu.mit.compbio.bisulfitehic.mapping.Bhmem  - Processing reads 187000 ...
64847 [main] INFO main.java.edu.mit.compbio.bisulfitehic.mapping.Bhmem  - Unique mapped and paired reads 184472 ...
64851 [main] INFO main.java.edu.mit.compbio.bisulfitehic.mapping.Bhmem  - Processing reads 188000 ...
64851 [main] INFO main.java.edu.mit.compbio.bisulfitehic.mapping.Bhmem  - Unique mapped and paired reads 184472 ...
[M::mem_process_seqs] Processed 1001 reads in 0.918 CPU sec, 0.120 real sec
[M::mem_process_seqs] Processed 1001 reads in 0.870 CPU sec, 0.111 real sec
[M::mem_process_seqs] Processed 1001 reads in 0.988 CPU sec, 0.125 real sec
[M::mem_process_seqs] Processed 1001 reads in 1.011 CPU sec, 0.133 real sec
65492 [main] INFO main.java.edu.mit.compbio.bisulfitehic.mapping.Bhmem  - Processing reads 189000 ...
65492 [main] INFO main.java.edu.mit.compbio.bisulfitehic.mapping.Bhmem  - Unique mapped and paired reads 186460 ...
65496 [main] INFO main.java.edu.mit.compbio.bisulfitehic.mapping.Bhmem  - Processing reads 190000 ...
65496 [main] INFO main.java.edu.mit.compbio.bisulfitehic.mapping.Bhmem  - Unique mapped and paired reads 186460 ...
[M::mem_process_seqs] Processed 1001 reads in 0.954 CPU sec, 0.121 real sec
[M::mem_process_seqs] Processed 1001 reads in 0.974 CPU sec, 0.129 real sec
[M::mem_process_seqs] Processed 1001 reads in 0.974 CPU sec, 0.127 real sec
[M::mem_process_seqs] Processed 1001 reads in 1.020 CPU sec, 0.129 real sec
66161 [main] INFO main.java.edu.mit.compbio.bisulfitehic.mapping.Bhmem  - Processing reads 191000 ...
66162 [main] INFO main.java.edu.mit.compbio.bisulfitehic.mapping.Bhmem  - Unique mapped and paired reads 188432 ...
66166 [main] INFO main.java.edu.mit.compbio.bisulfitehic.mapping.Bhmem  - Processing reads 192000 ...
66166 [main] INFO main.java.edu.mit.compbio.bisulfitehic.mapping.Bhmem  - Unique mapped and paired reads 188432 ...
[M::mem_process_seqs] Processed 1001 reads in 0.872 CPU sec, 0.112 real sec
[M::mem_process_seqs] Processed 1001 reads in 0.824 CPU sec, 0.108 real sec
[M::mem_process_seqs] Processed 1001 reads in 0.955 CPU sec, 0.135 real sec
[M::mem_process_seqs] Processed 1001 reads in 0.948 CPU sec, 0.125 real sec
66804 [main] INFO main.java.edu.mit.compbio.bisulfitehic.mapping.Bhmem  - Processing reads 193000 ...
66804 [main] INFO main.java.edu.mit.compbio.bisulfitehic.mapping.Bhmem  - Unique mapped and paired reads 190420 ...
66810 [main] INFO main.java.edu.mit.compbio.bisulfitehic.mapping.Bhmem  - Processing reads 194000 ...
66810 [main] INFO main.java.edu.mit.compbio.bisulfitehic.mapping.Bhmem  - Unique mapped and paired reads 190420 ...
[M::mem_process_seqs] Processed 1001 reads in 0.861 CPU sec, 0.111 real sec
[M::mem_process_seqs] Processed 1001 reads in 0.819 CPU sec, 0.104 real sec
[M::mem_process_seqs] Processed 1001 reads in 0.914 CPU sec, 0.116 real sec
[M::mem_process_seqs] Processed 1001 reads in 0.954 CPU sec, 0.121 real sec
67416 [main] INFO main.java.edu.mit.compbio.bisulfitehic.mapping.Bhmem  - Processing reads 195000 ...
67416 [main] INFO main.java.edu.mit.compbio.bisulfitehic.mapping.Bhmem  - Unique mapped and paired reads 192406 ...
67420 [main] INFO main.java.edu.mit.compbio.bisulfitehic.mapping.Bhmem  - Processing reads 196000 ...
67420 [main] INFO main.java.edu.mit.compbio.bisulfitehic.mapping.Bhmem  - Unique mapped and paired reads 192406 ...
[M::mem_process_seqs] Processed 1001 reads in 0.950 CPU sec, 0.120 real sec
[M::mem_process_seqs] Processed 1001 reads in 0.913 CPU sec, 0.129 real sec
[M::mem_process_seqs] Processed 1001 reads in 1.036 CPU sec, 0.149 real sec
[M::mem_process_seqs] Processed 1001 reads in 1.036 CPU sec, 0.130 real sec
68112 [main] INFO main.java.edu.mit.compbio.bisulfitehic.mapping.Bhmem  - Processing reads 197000 ...
68112 [main] INFO main.java.edu.mit.compbio.bisulfitehic.mapping.Bhmem  - Unique mapped and paired reads 194398 ...
68116 [main] INFO main.java.edu.mit.compbio.bisulfitehic.mapping.Bhmem  - Processing reads 198000 ...
68116 [main] INFO main.java.edu.mit.compbio.bisulfitehic.mapping.Bhmem  - Unique mapped and paired reads 194398 ...
[M::mem_process_seqs] Processed 1001 reads in 1.002 CPU sec, 0.133 real sec
[M::mem_process_seqs] Processed 1001 reads in 0.855 CPU sec, 0.118 real sec
[M::mem_process_seqs] Processed 1001 reads in 0.987 CPU sec, 0.130 real sec
[M::mem_process_seqs] Processed 1001 reads in 0.948 CPU sec, 0.128 real sec
68779 [main] INFO main.java.edu.mit.compbio.bisulfitehic.mapping.Bhmem  - Processing reads 199000 ...
68779 [main] INFO main.java.edu.mit.compbio.bisulfitehic.mapping.Bhmem  - Unique mapped and paired reads 196384 ...
68783 [main] INFO main.java.edu.mit.compbio.bisulfitehic.mapping.Bhmem  - Processing reads 200000 ...
68783 [main] INFO main.java.edu.mit.compbio.bisulfitehic.mapping.Bhmem  - Unique mapped and paired reads 196384 ...
[M::mem_process_seqs] Processed 1001 reads in 0.905 CPU sec, 0.129 real sec
[M::mem_process_seqs] Processed 1001 reads in 0.854 CPU sec, 0.114 real sec
[M::mem_process_seqs] Processed 1001 reads in 0.960 CPU sec, 0.129 real sec
[M::mem_process_seqs] Processed 1001 reads in 0.860 CPU sec, 0.110 real sec
69425 [main] INFO main.java.edu.mit.compbio.bisulfitehic.mapping.Bhmem  - Processing reads 201000 ...
69425 [main] INFO main.java.edu.mit.compbio.bisulfitehic.mapping.Bhmem  - Unique mapped and paired reads 198368 ...
69429 [main] INFO main.java.edu.mit.compbio.bisulfitehic.mapping.Bhmem  - Processing reads 202000 ...
69429 [main] INFO main.java.edu.mit.compbio.bisulfitehic.mapping.Bhmem  - Unique mapped and paired reads 198368 ...
[M::mem_process_seqs] Processed 1001 reads in 0.913 CPU sec, 0.117 real sec
[M::mem_process_seqs] Processed 1001 reads in 0.828 CPU sec, 0.110 real sec
[M::mem_process_seqs] Processed 1001 reads in 0.954 CPU sec, 0.131 real sec
[M::mem_process_seqs] Processed 1001 reads in 0.890 CPU sec, 0.113 real sec
70055 [main] INFO main.java.edu.mit.compbio.bisulfitehic.mapping.Bhmem  - Processing reads 203000 ...
70056 [main] INFO main.java.edu.mit.compbio.bisulfitehic.mapping.Bhmem  - Unique mapped and paired reads 200360 ...
70059 [main] INFO main.java.edu.mit.compbio.bisulfitehic.mapping.Bhmem  - Processing reads 204000 ...
70059 [main] INFO main.java.edu.mit.compbio.bisulfitehic.mapping.Bhmem  - Unique mapped and paired reads 200360 ...
[M::mem_process_seqs] Processed 1001 reads in 0.892 CPU sec, 0.117 real sec
[M::mem_process_seqs] Processed 1001 reads in 0.919 CPU sec, 0.133 real sec
[M::mem_process_seqs] Processed 1001 reads in 0.999 CPU sec, 0.132 real sec
[M::mem_process_seqs] Processed 1001 reads in 0.947 CPU sec, 0.135 real sec
70731 [main] INFO main.java.edu.mit.compbio.bisulfitehic.mapping.Bhmem  - Processing reads 205000 ...
70731 [main] INFO main.java.edu.mit.compbio.bisulfitehic.mapping.Bhmem  - Unique mapped and paired reads 202344 ...
70735 [main] INFO main.java.edu.mit.compbio.bisulfitehic.mapping.Bhmem  - Processing reads 206000 ...
70735 [main] INFO main.java.edu.mit.compbio.bisulfitehic.mapping.Bhmem  - Unique mapped and paired reads 202344 ...
[M::mem_process_seqs] Processed 1001 reads in 0.859 CPU sec, 0.111 real sec
[M::mem_process_seqs] Processed 1001 reads in 0.790 CPU sec, 0.100 real sec
[M::mem_process_seqs] Processed 1001 reads in 0.898 CPU sec, 0.121 real sec
[M::mem_process_seqs] Processed 1001 reads in 0.860 CPU sec, 0.128 real sec
71344 [main] INFO main.java.edu.mit.compbio.bisulfitehic.mapping.Bhmem  - Processing reads 207000 ...
71344 [main] INFO main.java.edu.mit.compbio.bisulfitehic.mapping.Bhmem  - Unique mapped and paired reads 204324 ...
71348 [main] INFO main.java.edu.mit.compbio.bisulfitehic.mapping.Bhmem  - Processing reads 208000 ...
71348 [main] INFO main.java.edu.mit.compbio.bisulfitehic.mapping.Bhmem  - Unique mapped and paired reads 204324 ...
[M::mem_process_seqs] Processed 1001 reads in 0.867 CPU sec, 0.113 real sec
[M::mem_process_seqs] Processed 1001 reads in 0.791 CPU sec, 0.109 real sec
[M::mem_process_seqs] Processed 1001 reads in 0.957 CPU sec, 0.124 real sec
[M::mem_process_seqs] Processed 1001 reads in 0.906 CPU sec, 0.125 real sec
71972 [main] INFO main.java.edu.mit.compbio.bisulfitehic.mapping.Bhmem  - Processing reads 209000 ...
71972 [main] INFO main.java.edu.mit.compbio.bisulfitehic.mapping.Bhmem  - Unique mapped and paired reads 206308 ...
71976 [main] INFO main.java.edu.mit.compbio.bisulfitehic.mapping.Bhmem  - Processing reads 210000 ...
71976 [main] INFO main.java.edu.mit.compbio.bisulfitehic.mapping.Bhmem  - Unique mapped and paired reads 206308 ...
[M::mem_process_seqs] Processed 1001 reads in 0.941 CPU sec, 0.130 real sec
[M::mem_process_seqs] Processed 1001 reads in 0.810 CPU sec, 0.105 real sec
[M::mem_process_seqs] Processed 1001 reads in 1.001 CPU sec, 0.133 real sec
[M::mem_process_seqs] Processed 1001 reads in 0.936 CPU sec, 0.123 real sec
72622 [main] INFO main.java.edu.mit.compbio.bisulfitehic.mapping.Bhmem  - Processing reads 211000 ...
72622 [main] INFO main.java.edu.mit.compbio.bisulfitehic.mapping.Bhmem  - Unique mapped and paired reads 208280 ...
72626 [main] INFO main.java.edu.mit.compbio.bisulfitehic.mapping.Bhmem  - Processing reads 212000 ...
72626 [main] INFO main.java.edu.mit.compbio.bisulfitehic.mapping.Bhmem  - Unique mapped and paired reads 208280 ...
[M::mem_process_seqs] Processed 1001 reads in 0.869 CPU sec, 0.112 real sec
[M::mem_process_seqs] Processed 1001 reads in 0.852 CPU sec, 0.108 real sec
[M::mem_process_seqs] Processed 1001 reads in 0.997 CPU sec, 0.136 real sec
[M::mem_process_seqs] Processed 1001 reads in 0.882 CPU sec, 0.113 real sec
73247 [main] INFO main.java.edu.mit.compbio.bisulfitehic.mapping.Bhmem  - Processing reads 213000 ...
73247 [main] INFO main.java.edu.mit.compbio.bisulfitehic.mapping.Bhmem  - Unique mapped and paired reads 210260 ...
73251 [main] INFO main.java.edu.mit.compbio.bisulfitehic.mapping.Bhmem  - Processing reads 214000 ...
73251 [main] INFO main.java.edu.mit.compbio.bisulfitehic.mapping.Bhmem  - Unique mapped and paired reads 210260 ...
[M::mem_process_seqs] Processed 1001 reads in 0.838 CPU sec, 0.106 real sec
[M::mem_process_seqs] Processed 1001 reads in 0.741 CPU sec, 0.094 real sec
[M::mem_process_seqs] Processed 1001 reads in 0.845 CPU sec, 0.109 real sec
[M::mem_process_seqs] Processed 1001 reads in 0.835 CPU sec, 0.110 real sec
73820 [main] INFO main.java.edu.mit.compbio.bisulfitehic.mapping.Bhmem  - Processing reads 215000 ...
73820 [main] INFO main.java.edu.mit.compbio.bisulfitehic.mapping.Bhmem  - Unique mapped and paired reads 212244 ...
73824 [main] INFO main.java.edu.mit.compbio.bisulfitehic.mapping.Bhmem  - Processing reads 216000 ...
73824 [main] INFO main.java.edu.mit.compbio.bisulfitehic.mapping.Bhmem  - Unique mapped and paired reads 212244 ...
[M::mem_process_seqs] Processed 1001 reads in 0.937 CPU sec, 0.122 real sec
[M::mem_process_seqs] Processed 1001 reads in 0.848 CPU sec, 0.107 real sec
[M::mem_process_seqs] Processed 1001 reads in 1.002 CPU sec, 0.129 real sec
[M::mem_process_seqs] Processed 1001 reads in 0.925 CPU sec, 0.118 real sec
74455 [main] INFO main.java.edu.mit.compbio.bisulfitehic.mapping.Bhmem  - Processing reads 217000 ...
74455 [main] INFO main.java.edu.mit.compbio.bisulfitehic.mapping.Bhmem  - Unique mapped and paired reads 214222 ...
74459 [main] INFO main.java.edu.mit.compbio.bisulfitehic.mapping.Bhmem  - Processing reads 218000 ...
74459 [main] INFO main.java.edu.mit.compbio.bisulfitehic.mapping.Bhmem  - Unique mapped and paired reads 214222 ...
[M::mem_process_seqs] Processed 1001 reads in 0.924 CPU sec, 0.124 real sec
[M::mem_process_seqs] Processed 1001 reads in 0.813 CPU sec, 0.103 real sec
[M::mem_process_seqs] Processed 1001 reads in 1.005 CPU sec, 0.136 real sec
[M::mem_process_seqs] Processed 1001 reads in 0.924 CPU sec, 0.126 real sec
75103 [main] INFO main.java.edu.mit.compbio.bisulfitehic.mapping.Bhmem  - Processing reads 219000 ...
75103 [main] INFO main.java.edu.mit.compbio.bisulfitehic.mapping.Bhmem  - Unique mapped and paired reads 216206 ...
75107 [main] INFO main.java.edu.mit.compbio.bisulfitehic.mapping.Bhmem  - Processing reads 220000 ...
75107 [main] INFO main.java.edu.mit.compbio.bisulfitehic.mapping.Bhmem  - Unique mapped and paired reads 216206 ...
[M::mem_process_seqs] Processed 1001 reads in 0.916 CPU sec, 0.117 real sec
[M::mem_process_seqs] Processed 1001 reads in 0.834 CPU sec, 0.109 real sec
[M::mem_process_seqs] Processed 1001 reads in 0.950 CPU sec, 0.129 real sec
[M::mem_process_seqs] Processed 1001 reads in 0.866 CPU sec, 0.110 real sec
75733 [main] INFO main.java.edu.mit.compbio.bisulfitehic.mapping.Bhmem  - Processing reads 221000 ...
75733 [main] INFO main.java.edu.mit.compbio.bisulfitehic.mapping.Bhmem  - Unique mapped and paired reads 218192 ...
75737 [main] INFO main.java.edu.mit.compbio.bisulfitehic.mapping.Bhmem  - Processing reads 222000 ...
75737 [main] INFO main.java.edu.mit.compbio.bisulfitehic.mapping.Bhmem  - Unique mapped and paired reads 218192 ...
[M::mem_process_seqs] Processed 1001 reads in 0.917 CPU sec, 0.118 real sec
[M::mem_process_seqs] Processed 1001 reads in 0.832 CPU sec, 0.111 real sec
[M::mem_process_seqs] Processed 1001 reads in 1.072 CPU sec, 0.140 real sec
[M::mem_process_seqs] Processed 1001 reads in 1.005 CPU sec, 0.135 real sec
76395 [main] INFO main.java.edu.mit.compbio.bisulfitehic.mapping.Bhmem  - Processing reads 223000 ...
76395 [main] INFO main.java.edu.mit.compbio.bisulfitehic.mapping.Bhmem  - Unique mapped and paired reads 220176 ...
76399 [main] INFO main.java.edu.mit.compbio.bisulfitehic.mapping.Bhmem  - Processing reads 224000 ...
76399 [main] INFO main.java.edu.mit.compbio.bisulfitehic.mapping.Bhmem  - Unique mapped and paired reads 220176 ...
[M::mem_process_seqs] Processed 1001 reads in 0.906 CPU sec, 0.136 real sec
[M::mem_process_seqs] Processed 1001 reads in 0.870 CPU sec, 0.110 real sec
[M::mem_process_seqs] Processed 1001 reads in 0.925 CPU sec, 0.118 real sec
[M::mem_process_seqs] Processed 1001 reads in 0.894 CPU sec, 0.126 real sec
77046 [main] INFO main.java.edu.mit.compbio.bisulfitehic.mapping.Bhmem  - Processing reads 225000 ...
77046 [main] INFO main.java.edu.mit.compbio.bisulfitehic.mapping.Bhmem  - Unique mapped and paired reads 222164 ...
77050 [main] INFO main.java.edu.mit.compbio.bisulfitehic.mapping.Bhmem  - Processing reads 226000 ...
77050 [main] INFO main.java.edu.mit.compbio.bisulfitehic.mapping.Bhmem  - Unique mapped and paired reads 222164 ...
[M::mem_process_seqs] Processed 1001 reads in 0.948 CPU sec, 0.120 real sec
[M::mem_process_seqs] Processed 1001 reads in 0.865 CPU sec, 0.110 real sec
[M::mem_process_seqs] Processed 1001 reads in 0.934 CPU sec, 0.118 real sec
[M::mem_process_seqs] Processed 1001 reads in 1.018 CPU sec, 0.135 real sec
77690 [main] INFO main.java.edu.mit.compbio.bisulfitehic.mapping.Bhmem  - Processing reads 227000 ...
77690 [main] INFO main.java.edu.mit.compbio.bisulfitehic.mapping.Bhmem  - Unique mapped and paired reads 224146 ...
77694 [main] INFO main.java.edu.mit.compbio.bisulfitehic.mapping.Bhmem  - Processing reads 228000 ...
77694 [main] INFO main.java.edu.mit.compbio.bisulfitehic.mapping.Bhmem  - Unique mapped and paired reads 224146 ...
[M::mem_process_seqs] Processed 1001 reads in 0.942 CPU sec, 0.124 real sec
[M::mem_process_seqs] Processed 1001 reads in 0.853 CPU sec, 0.108 real sec
[M::mem_process_seqs] Processed 1001 reads in 0.937 CPU sec, 0.119 real sec
[M::mem_process_seqs] Processed 1001 reads in 0.956 CPU sec, 0.130 real sec
78336 [main] INFO main.java.edu.mit.compbio.bisulfitehic.mapping.Bhmem  - Processing reads 229000 ...
78336 [main] INFO main.java.edu.mit.compbio.bisulfitehic.mapping.Bhmem  - Unique mapped and paired reads 226132 ...
78340 [main] INFO main.java.edu.mit.compbio.bisulfitehic.mapping.Bhmem  - Processing reads 230000 ...
78340 [main] INFO main.java.edu.mit.compbio.bisulfitehic.mapping.Bhmem  - Unique mapped and paired reads 226132 ...
[M::mem_process_seqs] Processed 1001 reads in 1.011 CPU sec, 0.129 real sec
[M::mem_process_seqs] Processed 1001 reads in 0.867 CPU sec, 0.111 real sec
[M::mem_process_seqs] Processed 1001 reads in 1.030 CPU sec, 0.131 real sec
[M::mem_process_seqs] Processed 1001 reads in 0.953 CPU sec, 0.123 real sec
78993 [main] INFO main.java.edu.mit.compbio.bisulfitehic.mapping.Bhmem  - Processing reads 231000 ...
78993 [main] INFO main.java.edu.mit.compbio.bisulfitehic.mapping.Bhmem  - Unique mapped and paired reads 228116 ...
78997 [main] INFO main.java.edu.mit.compbio.bisulfitehic.mapping.Bhmem  - Processing reads 232000 ...
78997 [main] INFO main.java.edu.mit.compbio.bisulfitehic.mapping.Bhmem  - Unique mapped and paired reads 228116 ...
[M::mem_process_seqs] Processed 1001 reads in 0.987 CPU sec, 0.126 real sec
[M::mem_process_seqs] Processed 1001 reads in 0.877 CPU sec, 0.116 real sec
[M::mem_process_seqs] Processed 1001 reads in 1.068 CPU sec, 0.142 real sec
[M::mem_process_seqs] Processed 1001 reads in 0.921 CPU sec, 0.117 real sec
79657 [main] INFO main.java.edu.mit.compbio.bisulfitehic.mapping.Bhmem  - Processing reads 233000 ...
79657 [main] INFO main.java.edu.mit.compbio.bisulfitehic.mapping.Bhmem  - Unique mapped and paired reads 230106 ...
79661 [main] INFO main.java.edu.mit.compbio.bisulfitehic.mapping.Bhmem  - Processing reads 234000 ...
79661 [main] INFO main.java.edu.mit.compbio.bisulfitehic.mapping.Bhmem  - Unique mapped and paired reads 230106 ...
[M::mem_process_seqs] Processed 1001 reads in 0.989 CPU sec, 0.126 real sec
[M::mem_process_seqs] Processed 1001 reads in 0.902 CPU sec, 0.117 real sec
[M::mem_process_seqs] Processed 1001 reads in 1.010 CPU sec, 0.128 real sec
[M::mem_process_seqs] Processed 1001 reads in 1.014 CPU sec, 0.132 real sec
80325 [main] INFO main.java.edu.mit.compbio.bisulfitehic.mapping.Bhmem  - Processing reads 235000 ...
80325 [main] INFO main.java.edu.mit.compbio.bisulfitehic.mapping.Bhmem  - Unique mapped and paired reads 232094 ...
80329 [main] INFO main.java.edu.mit.compbio.bisulfitehic.mapping.Bhmem  - Processing reads 236000 ...
80329 [main] INFO main.java.edu.mit.compbio.bisulfitehic.mapping.Bhmem  - Unique mapped and paired reads 232094 ...
[M::mem_process_seqs] Processed 1001 reads in 0.977 CPU sec, 0.132 real sec
[M::mem_process_seqs] Processed 1001 reads in 0.851 CPU sec, 0.111 real sec
[M::mem_process_seqs] Processed 1001 reads in 1.063 CPU sec, 0.135 real sec
[M::mem_process_seqs] Processed 1001 reads in 0.996 CPU sec, 0.142 real sec
81013 [main] INFO main.java.edu.mit.compbio.bisulfitehic.mapping.Bhmem  - Processing reads 237000 ...
81013 [main] INFO main.java.edu.mit.compbio.bisulfitehic.mapping.Bhmem  - Unique mapped and paired reads 234078 ...
81017 [main] INFO main.java.edu.mit.compbio.bisulfitehic.mapping.Bhmem  - Processing reads 238000 ...
81017 [main] INFO main.java.edu.mit.compbio.bisulfitehic.mapping.Bhmem  - Unique mapped and paired reads 234078 ...
[M::mem_process_seqs] Processed 1001 reads in 0.898 CPU sec, 0.117 real sec
[M::mem_process_seqs] Processed 1001 reads in 0.890 CPU sec, 0.116 real sec
[M::mem_process_seqs] Processed 1001 reads in 0.907 CPU sec, 0.123 real sec
[M::mem_process_seqs] Processed 1001 reads in 0.961 CPU sec, 0.122 real sec
81650 [main] INFO main.java.edu.mit.compbio.bisulfitehic.mapping.Bhmem  - Processing reads 239000 ...
81650 [main] INFO main.java.edu.mit.compbio.bisulfitehic.mapping.Bhmem  - Unique mapped and paired reads 236074 ...
81654 [main] INFO main.java.edu.mit.compbio.bisulfitehic.mapping.Bhmem  - Processing reads 240000 ...
81654 [main] INFO main.java.edu.mit.compbio.bisulfitehic.mapping.Bhmem  - Unique mapped and paired reads 236074 ...
[M::mem_process_seqs] Processed 1001 reads in 0.858 CPU sec, 0.110 real sec
[M::mem_process_seqs] Processed 1001 reads in 0.848 CPU sec, 0.114 real sec
[M::mem_process_seqs] Processed 1001 reads in 0.860 CPU sec, 0.123 real sec
[M::mem_process_seqs] Processed 1001 reads in 0.929 CPU sec, 0.136 real sec
82288 [main] INFO main.java.edu.mit.compbio.bisulfitehic.mapping.Bhmem  - Processing reads 241000 ...
82289 [main] INFO main.java.edu.mit.compbio.bisulfitehic.mapping.Bhmem  - Unique mapped and paired reads 238056 ...
82292 [main] INFO main.java.edu.mit.compbio.bisulfitehic.mapping.Bhmem  - Processing reads 242000 ...
82292 [main] INFO main.java.edu.mit.compbio.bisulfitehic.mapping.Bhmem  - Unique mapped and paired reads 238056 ...
[M::mem_process_seqs] Processed 1001 reads in 1.025 CPU sec, 0.139 real sec
[M::mem_process_seqs] Processed 1001 reads in 0.853 CPU sec, 0.109 real sec
[M::mem_process_seqs] Processed 1001 reads in 1.029 CPU sec, 0.132 real sec
[M::mem_process_seqs] Processed 1001 reads in 1.013 CPU sec, 0.130 real sec
82962 [main] INFO main.java.edu.mit.compbio.bisulfitehic.mapping.Bhmem  - Processing reads 243000 ...
82962 [main] INFO main.java.edu.mit.compbio.bisulfitehic.mapping.Bhmem  - Unique mapped and paired reads 240052 ...
82966 [main] INFO main.java.edu.mit.compbio.bisulfitehic.mapping.Bhmem  - Processing reads 244000 ...
82966 [main] INFO main.java.edu.mit.compbio.bisulfitehic.mapping.Bhmem  - Unique mapped and paired reads 240052 ...
[M::mem_process_seqs] Processed 1001 reads in 0.884 CPU sec, 0.113 real sec
[M::mem_process_seqs] Processed 1001 reads in 0.768 CPU sec, 0.102 real sec
[M::mem_process_seqs] Processed 1001 reads in 0.890 CPU sec, 0.113 real sec
[M::mem_process_seqs] Processed 1001 reads in 0.850 CPU sec, 0.109 real sec
83560 [main] INFO main.java.edu.mit.compbio.bisulfitehic.mapping.Bhmem  - Processing reads 245000 ...
83560 [main] INFO main.java.edu.mit.compbio.bisulfitehic.mapping.Bhmem  - Unique mapped and paired reads 242030 ...
83564 [main] INFO main.java.edu.mit.compbio.bisulfitehic.mapping.Bhmem  - Processing reads 246000 ...
83564 [main] INFO main.java.edu.mit.compbio.bisulfitehic.mapping.Bhmem  - Unique mapped and paired reads 242030 ...
[M::mem_process_seqs] Processed 1001 reads in 0.938 CPU sec, 0.121 real sec
[M::mem_process_seqs] Processed 1001 reads in 0.807 CPU sec, 0.112 real sec
[M::mem_process_seqs] Processed 1001 reads in 0.959 CPU sec, 0.126 real sec
[M::mem_process_seqs] Processed 1001 reads in 0.972 CPU sec, 0.123 real sec
84205 [main] INFO main.java.edu.mit.compbio.bisulfitehic.mapping.Bhmem  - Processing reads 247000 ...
84205 [main] INFO main.java.edu.mit.compbio.bisulfitehic.mapping.Bhmem  - Unique mapped and paired reads 244020 ...
84209 [main] INFO main.java.edu.mit.compbio.bisulfitehic.mapping.Bhmem  - Processing reads 248000 ...
84209 [main] INFO main.java.edu.mit.compbio.bisulfitehic.mapping.Bhmem  - Unique mapped and paired reads 244020 ...
[M::mem_process_seqs] Processed 1001 reads in 1.020 CPU sec, 0.129 real sec
[M::mem_process_seqs] Processed 1001 reads in 0.871 CPU sec, 0.110 real sec
[M::mem_process_seqs] Processed 1001 reads in 1.072 CPU sec, 0.140 real sec
[M::mem_process_seqs] Processed 1001 reads in 1.005 CPU sec, 0.127 real sec
84876 [main] INFO main.java.edu.mit.compbio.bisulfitehic.mapping.Bhmem  - Processing reads 249000 ...
84876 [main] INFO main.java.edu.mit.compbio.bisulfitehic.mapping.Bhmem  - Unique mapped and paired reads 246008 ...
84880 [main] INFO main.java.edu.mit.compbio.bisulfitehic.mapping.Bhmem  - Processing reads 250000 ...
84880 [main] INFO main.java.edu.mit.compbio.bisulfitehic.mapping.Bhmem  - Unique mapped and paired reads 246008 ...
[M::mem_process_seqs] Processed 1001 reads in 0.930 CPU sec, 0.119 real sec
[M::mem_process_seqs] Processed 1001 reads in 0.844 CPU sec, 0.108 real sec
[M::mem_process_seqs] Processed 1001 reads in 1.020 CPU sec, 0.135 real sec
[M::mem_process_seqs] Processed 1001 reads in 1.019 CPU sec, 0.137 real sec
85536 [main] INFO main.java.edu.mit.compbio.bisulfitehic.mapping.Bhmem  - Processing reads 251000 ...
85536 [main] INFO main.java.edu.mit.compbio.bisulfitehic.mapping.Bhmem  - Unique mapped and paired reads 247990 ...
85540 [main] INFO main.java.edu.mit.compbio.bisulfitehic.mapping.Bhmem  - Processing reads 252000 ...
85540 [main] INFO main.java.edu.mit.compbio.bisulfitehic.mapping.Bhmem  - Unique mapped and paired reads 247990 ...
[M::mem_process_seqs] Processed 1001 reads in 0.975 CPU sec, 0.130 real sec
[M::mem_process_seqs] Processed 1001 reads in 0.797 CPU sec, 0.103 real sec
[M::mem_process_seqs] Processed 1001 reads in 0.976 CPU sec, 0.131 real sec
[M::mem_process_seqs] Processed 1001 reads in 0.878 CPU sec, 0.117 real sec
86183 [main] INFO main.java.edu.mit.compbio.bisulfitehic.mapping.Bhmem  - Processing reads 253000 ...
86183 [main] INFO main.java.edu.mit.compbio.bisulfitehic.mapping.Bhmem  - Unique mapped and paired reads 249974 ...
86187 [main] INFO main.java.edu.mit.compbio.bisulfitehic.mapping.Bhmem  - Processing reads 254000 ...
86187 [main] INFO main.java.edu.mit.compbio.bisulfitehic.mapping.Bhmem  - Unique mapped and paired reads 249974 ...
[M::mem_process_seqs] Processed 1001 reads in 1.083 CPU sec, 0.137 real sec
[M::mem_process_seqs] Processed 1001 reads in 0.927 CPU sec, 0.119 real sec
[M::mem_process_seqs] Processed 1001 reads in 1.033 CPU sec, 0.134 real sec
[M::mem_process_seqs] Processed 1001 reads in 0.966 CPU sec, 0.130 real sec
86864 [main] INFO main.java.edu.mit.compbio.bisulfitehic.mapping.Bhmem  - Processing reads 255000 ...
86864 [main] INFO main.java.edu.mit.compbio.bisulfitehic.mapping.Bhmem  - Unique mapped and paired reads 251964 ...
86868 [main] INFO main.java.edu.mit.compbio.bisulfitehic.mapping.Bhmem  - Processing reads 256000 ...
86868 [main] INFO main.java.edu.mit.compbio.bisulfitehic.mapping.Bhmem  - Unique mapped and paired reads 251964 ...
[M::mem_process_seqs] Processed 1001 reads in 0.951 CPU sec, 0.127 real sec
[M::mem_process_seqs] Processed 1001 reads in 0.851 CPU sec, 0.112 real sec
[M::mem_process_seqs] Processed 1001 reads in 1.006 CPU sec, 0.128 real sec
[M::mem_process_seqs] Processed 1001 reads in 0.874 CPU sec, 0.114 real sec
87507 [main] INFO main.java.edu.mit.compbio.bisulfitehic.mapping.Bhmem  - Processing reads 257000 ...
87508 [main] INFO main.java.edu.mit.compbio.bisulfitehic.mapping.Bhmem  - Unique mapped and paired reads 253942 ...
87511 [main] INFO main.java.edu.mit.compbio.bisulfitehic.mapping.Bhmem  - Processing reads 258000 ...
87511 [main] INFO main.java.edu.mit.compbio.bisulfitehic.mapping.Bhmem  - Unique mapped and paired reads 253942 ...
[M::mem_process_seqs] Processed 1001 reads in 0.997 CPU sec, 0.127 real sec
[M::mem_process_seqs] Processed 1001 reads in 0.844 CPU sec, 0.113 real sec
[M::mem_process_seqs] Processed 1001 reads in 1.058 CPU sec, 0.134 real sec
[M::mem_process_seqs] Processed 1001 reads in 0.984 CPU sec, 0.125 real sec
88166 [main] INFO main.java.edu.mit.compbio.bisulfitehic.mapping.Bhmem  - Processing reads 259000 ...
88166 [main] INFO main.java.edu.mit.compbio.bisulfitehic.mapping.Bhmem  - Unique mapped and paired reads 255930 ...
88170 [main] INFO main.java.edu.mit.compbio.bisulfitehic.mapping.Bhmem  - Processing reads 260000 ...
88170 [main] INFO main.java.edu.mit.compbio.bisulfitehic.mapping.Bhmem  - Unique mapped and paired reads 255930 ...
[M::mem_process_seqs] Processed 1001 reads in 0.926 CPU sec, 0.128 real sec
[M::mem_process_seqs] Processed 1001 reads in 0.837 CPU sec, 0.106 real sec
[M::mem_process_seqs] Processed 1001 reads in 0.953 CPU sec, 0.123 real sec
[M::mem_process_seqs] Processed 1001 reads in 1.034 CPU sec, 0.140 real sec
88826 [main] INFO main.java.edu.mit.compbio.bisulfitehic.mapping.Bhmem  - Processing reads 261000 ...
88826 [main] INFO main.java.edu.mit.compbio.bisulfitehic.mapping.Bhmem  - Unique mapped and paired reads 257908 ...
88830 [main] INFO main.java.edu.mit.compbio.bisulfitehic.mapping.Bhmem  - Processing reads 262000 ...
88830 [main] INFO main.java.edu.mit.compbio.bisulfitehic.mapping.Bhmem  - Unique mapped and paired reads 257908 ...
[M::mem_process_seqs] Processed 1001 reads in 0.881 CPU sec, 0.111 real sec
[M::mem_process_seqs] Processed 1001 reads in 0.904 CPU sec, 0.114 real sec
[M::mem_process_seqs] Processed 1001 reads in 0.974 CPU sec, 0.141 real sec
[M::mem_process_seqs] Processed 1001 reads in 1.054 CPU sec, 0.138 real sec
89493 [main] INFO main.java.edu.mit.compbio.bisulfitehic.mapping.Bhmem  - Processing reads 263000 ...
89493 [main] INFO main.java.edu.mit.compbio.bisulfitehic.mapping.Bhmem  - Unique mapped and paired reads 259894 ...
89497 [main] INFO main.java.edu.mit.compbio.bisulfitehic.mapping.Bhmem  - Processing reads 264000 ...
89497 [main] INFO main.java.edu.mit.compbio.bisulfitehic.mapping.Bhmem  - Unique mapped and paired reads 259894 ...
[M::mem_process_seqs] Processed 1001 reads in 0.993 CPU sec, 0.127 real sec
[M::mem_process_seqs] Processed 1001 reads in 0.811 CPU sec, 0.105 real sec
[M::mem_process_seqs] Processed 1001 reads in 0.968 CPU sec, 0.132 real sec
[M::mem_process_seqs] Processed 1001 reads in 0.926 CPU sec, 0.119 real sec
90135 [main] INFO main.java.edu.mit.compbio.bisulfitehic.mapping.Bhmem  - Processing reads 265000 ...
90135 [main] INFO main.java.edu.mit.compbio.bisulfitehic.mapping.Bhmem  - Unique mapped and paired reads 261880 ...
90139 [main] INFO main.java.edu.mit.compbio.bisulfitehic.mapping.Bhmem  - Processing reads 266000 ...
90139 [main] INFO main.java.edu.mit.compbio.bisulfitehic.mapping.Bhmem  - Unique mapped and paired reads 261880 ...
[M::mem_process_seqs] Processed 1001 reads in 0.917 CPU sec, 0.117 real sec
[M::mem_process_seqs] Processed 1001 reads in 0.836 CPU sec, 0.106 real sec
[M::mem_process_seqs] Processed 1001 reads in 1.037 CPU sec, 0.131 real sec
[M::mem_process_seqs] Processed 1001 reads in 0.985 CPU sec, 0.126 real sec
90782 [main] INFO main.java.edu.mit.compbio.bisulfitehic.mapping.Bhmem  - Processing reads 267000 ...
90782 [main] INFO main.java.edu.mit.compbio.bisulfitehic.mapping.Bhmem  - Unique mapped and paired reads 263870 ...
90786 [main] INFO main.java.edu.mit.compbio.bisulfitehic.mapping.Bhmem  - Processing reads 268000 ...
90786 [main] INFO main.java.edu.mit.compbio.bisulfitehic.mapping.Bhmem  - Unique mapped and paired reads 263870 ...
[M::mem_process_seqs] Processed 1001 reads in 1.019 CPU sec, 0.130 real sec
[M::mem_process_seqs] Processed 1001 reads in 0.880 CPU sec, 0.113 real sec
[M::mem_process_seqs] Processed 1001 reads in 0.979 CPU sec, 0.129 real sec
[M::mem_process_seqs] Processed 1001 reads in 0.969 CPU sec, 0.123 real sec
91485 [main] INFO main.java.edu.mit.compbio.bisulfitehic.mapping.Bhmem  - Processing reads 269000 ...
91485 [main] INFO main.java.edu.mit.compbio.bisulfitehic.mapping.Bhmem  - Unique mapped and paired reads 265860 ...
91488 [main] INFO main.java.edu.mit.compbio.bisulfitehic.mapping.Bhmem  - Processing reads 270000 ...
91489 [main] INFO main.java.edu.mit.compbio.bisulfitehic.mapping.Bhmem  - Unique mapped and paired reads 265860 ...
[M::mem_process_seqs] Processed 1001 reads in 0.991 CPU sec, 0.135 real sec
[M::mem_process_seqs] Processed 1001 reads in 0.895 CPU sec, 0.119 real sec
[M::mem_process_seqs] Processed 1001 reads in 0.987 CPU sec, 0.127 real sec
[M::mem_process_seqs] Processed 1001 reads in 0.950 CPU sec, 0.127 real sec
92151 [main] INFO main.java.edu.mit.compbio.bisulfitehic.mapping.Bhmem  - Processing reads 271000 ...
92151 [main] INFO main.java.edu.mit.compbio.bisulfitehic.mapping.Bhmem  - Unique mapped and paired reads 267840 ...
92155 [main] INFO main.java.edu.mit.compbio.bisulfitehic.mapping.Bhmem  - Processing reads 272000 ...
92155 [main] INFO main.java.edu.mit.compbio.bisulfitehic.mapping.Bhmem  - Unique mapped and paired reads 267840 ...
[M::mem_process_seqs] Processed 1001 reads in 0.948 CPU sec, 0.120 real sec
[M::mem_process_seqs] Processed 1001 reads in 0.829 CPU sec, 0.105 real sec
[M::mem_process_seqs] Processed 1001 reads in 0.992 CPU sec, 0.127 real sec
[M::mem_process_seqs] Processed 1001 reads in 0.966 CPU sec, 0.123 real sec
92789 [main] INFO main.java.edu.mit.compbio.bisulfitehic.mapping.Bhmem  - Processing reads 273000 ...
92789 [main] INFO main.java.edu.mit.compbio.bisulfitehic.mapping.Bhmem  - Unique mapped and paired reads 269832 ...
92793 [main] INFO main.java.edu.mit.compbio.bisulfitehic.mapping.Bhmem  - Processing reads 274000 ...
92793 [main] INFO main.java.edu.mit.compbio.bisulfitehic.mapping.Bhmem  - Unique mapped and paired reads 269832 ...
[M::mem_process_seqs] Processed 1001 reads in 0.950 CPU sec, 0.122 real sec
[M::mem_process_seqs] Processed 1001 reads in 0.810 CPU sec, 0.103 real sec
[M::mem_process_seqs] Processed 1001 reads in 1.013 CPU sec, 0.130 real sec
[M::mem_process_seqs] Processed 1001 reads in 0.953 CPU sec, 0.145 real sec
93455 [main] INFO main.java.edu.mit.compbio.bisulfitehic.mapping.Bhmem  - Processing reads 275000 ...
93456 [main] INFO main.java.edu.mit.compbio.bisulfitehic.mapping.Bhmem  - Unique mapped and paired reads 271820 ...
93459 [main] INFO main.java.edu.mit.compbio.bisulfitehic.mapping.Bhmem  - Processing reads 276000 ...
93459 [main] INFO main.java.edu.mit.compbio.bisulfitehic.mapping.Bhmem  - Unique mapped and paired reads 271820 ...
[M::mem_process_seqs] Processed 1001 reads in 0.987 CPU sec, 0.142 real sec
[M::mem_process_seqs] Processed 1001 reads in 0.848 CPU sec, 0.129 real sec
[M::mem_process_seqs] Processed 1001 reads in 0.953 CPU sec, 0.134 real sec
[M::mem_process_seqs] Processed 1001 reads in 0.921 CPU sec, 0.128 real sec
94150 [main] INFO main.java.edu.mit.compbio.bisulfitehic.mapping.Bhmem  - Processing reads 277000 ...
94150 [main] INFO main.java.edu.mit.compbio.bisulfitehic.mapping.Bhmem  - Unique mapped and paired reads 273806 ...
94154 [main] INFO main.java.edu.mit.compbio.bisulfitehic.mapping.Bhmem  - Processing reads 278000 ...
94154 [main] INFO main.java.edu.mit.compbio.bisulfitehic.mapping.Bhmem  - Unique mapped and paired reads 273806 ...
[M::mem_process_seqs] Processed 1001 reads in 0.956 CPU sec, 0.121 real sec
[M::mem_process_seqs] Processed 1001 reads in 0.881 CPU sec, 0.116 real sec
[M::mem_process_seqs] Processed 1001 reads in 0.984 CPU sec, 0.129 real sec
[M::mem_process_seqs] Processed 1001 reads in 0.922 CPU sec, 0.129 real sec
94803 [main] INFO main.java.edu.mit.compbio.bisulfitehic.mapping.Bhmem  - Processing reads 279000 ...
94803 [main] INFO main.java.edu.mit.compbio.bisulfitehic.mapping.Bhmem  - Unique mapped and paired reads 275784 ...
94807 [main] INFO main.java.edu.mit.compbio.bisulfitehic.mapping.Bhmem  - Processing reads 280000 ...
94807 [main] INFO main.java.edu.mit.compbio.bisulfitehic.mapping.Bhmem  - Unique mapped and paired reads 275784 ...
[M::mem_process_seqs] Processed 1001 reads in 0.939 CPU sec, 0.125 real sec
[M::mem_process_seqs] Processed 1001 reads in 0.894 CPU sec, 0.115 real sec
[M::mem_process_seqs] Processed 1001 reads in 0.973 CPU sec, 0.128 real sec
[M::mem_process_seqs] Processed 1001 reads in 1.052 CPU sec, 0.132 real sec
95461 [main] INFO main.java.edu.mit.compbio.bisulfitehic.mapping.Bhmem  - Processing reads 281000 ...
95461 [main] INFO main.java.edu.mit.compbio.bisulfitehic.mapping.Bhmem  - Unique mapped and paired reads 277764 ...
95465 [main] INFO main.java.edu.mit.compbio.bisulfitehic.mapping.Bhmem  - Processing reads 282000 ...
95465 [main] INFO main.java.edu.mit.compbio.bisulfitehic.mapping.Bhmem  - Unique mapped and paired reads 277764 ...
[M::mem_process_seqs] Processed 1001 reads in 0.968 CPU sec, 0.124 real sec
[M::mem_process_seqs] Processed 1001 reads in 0.861 CPU sec, 0.112 real sec
[M::mem_process_seqs] Processed 1001 reads in 0.917 CPU sec, 0.121 real sec
[M::mem_process_seqs] Processed 1001 reads in 0.919 CPU sec, 0.118 real sec
96095 [main] INFO main.java.edu.mit.compbio.bisulfitehic.mapping.Bhmem  - Processing reads 283000 ...
96095 [main] INFO main.java.edu.mit.compbio.bisulfitehic.mapping.Bhmem  - Unique mapped and paired reads 279754 ...
96099 [main] INFO main.java.edu.mit.compbio.bisulfitehic.mapping.Bhmem  - Processing reads 284000 ...
96099 [main] INFO main.java.edu.mit.compbio.bisulfitehic.mapping.Bhmem  - Unique mapped and paired reads 279754 ...
[M::mem_process_seqs] Processed 1001 reads in 1.005 CPU sec, 0.130 real sec
[M::mem_process_seqs] Processed 1001 reads in 0.815 CPU sec, 0.103 real sec
[M::mem_process_seqs] Processed 1001 reads in 1.004 CPU sec, 0.128 real sec
[M::mem_process_seqs] Processed 1001 reads in 0.947 CPU sec, 0.120 real sec
96735 [main] INFO main.java.edu.mit.compbio.bisulfitehic.mapping.Bhmem  - Processing reads 285000 ...
96735 [main] INFO main.java.edu.mit.compbio.bisulfitehic.mapping.Bhmem  - Unique mapped and paired reads 281740 ...
96739 [main] INFO main.java.edu.mit.compbio.bisulfitehic.mapping.Bhmem  - Processing reads 286000 ...
96739 [main] INFO main.java.edu.mit.compbio.bisulfitehic.mapping.Bhmem  - Unique mapped and paired reads 281740 ...
[M::mem_process_seqs] Processed 1001 reads in 0.883 CPU sec, 0.114 real sec
[M::mem_process_seqs] Processed 1001 reads in 0.901 CPU sec, 0.124 real sec
[M::mem_process_seqs] Processed 1001 reads in 0.971 CPU sec, 0.133 real sec
[M::mem_process_seqs] Processed 1001 reads in 1.052 CPU sec, 0.145 real sec
97417 [main] INFO main.java.edu.mit.compbio.bisulfitehic.mapping.Bhmem  - Processing reads 287000 ...
97417 [main] INFO main.java.edu.mit.compbio.bisulfitehic.mapping.Bhmem  - Unique mapped and paired reads 283720 ...
97420 [main] INFO main.java.edu.mit.compbio.bisulfitehic.mapping.Bhmem  - Processing reads 288000 ...
97421 [main] INFO main.java.edu.mit.compbio.bisulfitehic.mapping.Bhmem  - Unique mapped and paired reads 283720 ...
[M::mem_process_seqs] Processed 1001 reads in 0.896 CPU sec, 0.120 real sec
[M::mem_process_seqs] Processed 1001 reads in 0.806 CPU sec, 0.104 real sec
[M::mem_process_seqs] Processed 1001 reads in 0.981 CPU sec, 0.124 real sec
[M::mem_process_seqs] Processed 1001 reads in 0.918 CPU sec, 0.117 real sec
98047 [main] INFO main.java.edu.mit.compbio.bisulfitehic.mapping.Bhmem  - Processing reads 289000 ...
98047 [main] INFO main.java.edu.mit.compbio.bisulfitehic.mapping.Bhmem  - Unique mapped and paired reads 285698 ...
98051 [main] INFO main.java.edu.mit.compbio.bisulfitehic.mapping.Bhmem  - Processing reads 290000 ...
98051 [main] INFO main.java.edu.mit.compbio.bisulfitehic.mapping.Bhmem  - Unique mapped and paired reads 285698 ...
[M::mem_process_seqs] Processed 1001 reads in 0.892 CPU sec, 0.112 real sec
[M::mem_process_seqs] Processed 1001 reads in 0.821 CPU sec, 0.107 real sec
[M::mem_process_seqs] Processed 1001 reads in 0.975 CPU sec, 0.125 real sec
[M::mem_process_seqs] Processed 1001 reads in 0.952 CPU sec, 0.121 real sec
98667 [main] INFO main.java.edu.mit.compbio.bisulfitehic.mapping.Bhmem  - Processing reads 291000 ...
98667 [main] INFO main.java.edu.mit.compbio.bisulfitehic.mapping.Bhmem  - Unique mapped and paired reads 287678 ...
98671 [main] INFO main.java.edu.mit.compbio.bisulfitehic.mapping.Bhmem  - Processing reads 292000 ...
98671 [main] INFO main.java.edu.mit.compbio.bisulfitehic.mapping.Bhmem  - Unique mapped and paired reads 287678 ...
[M::mem_process_seqs] Processed 1001 reads in 0.851 CPU sec, 0.109 real sec
[M::mem_process_seqs] Processed 1001 reads in 0.846 CPU sec, 0.108 real sec
[M::mem_process_seqs] Processed 1001 reads in 0.926 CPU sec, 0.117 real sec
[M::mem_process_seqs] Processed 1001 reads in 0.941 CPU sec, 0.128 real sec
99284 [main] INFO main.java.edu.mit.compbio.bisulfitehic.mapping.Bhmem  - Processing reads 293000 ...
99284 [main] INFO main.java.edu.mit.compbio.bisulfitehic.mapping.Bhmem  - Unique mapped and paired reads 289664 ...
99288 [main] INFO main.java.edu.mit.compbio.bisulfitehic.mapping.Bhmem  - Processing reads 294000 ...
99288 [main] INFO main.java.edu.mit.compbio.bisulfitehic.mapping.Bhmem  - Unique mapped and paired reads 289664 ...
[M::mem_process_seqs] Processed 1001 reads in 0.907 CPU sec, 0.115 real sec
[M::mem_process_seqs] Processed 1001 reads in 0.812 CPU sec, 0.108 real sec
[M::mem_process_seqs] Processed 1001 reads in 0.987 CPU sec, 0.130 real sec
[M::mem_process_seqs] Processed 1001 reads in 0.987 CPU sec, 0.133 real sec
99924 [main] INFO main.java.edu.mit.compbio.bisulfitehic.mapping.Bhmem  - Processing reads 295000 ...
99924 [main] INFO main.java.edu.mit.compbio.bisulfitehic.mapping.Bhmem  - Unique mapped and paired reads 291636 ...
99928 [main] INFO main.java.edu.mit.compbio.bisulfitehic.mapping.Bhmem  - Processing reads 296000 ...
99928 [main] INFO main.java.edu.mit.compbio.bisulfitehic.mapping.Bhmem  - Unique mapped and paired reads 291636 ...
[M::mem_process_seqs] Processed 1001 reads in 0.995 CPU sec, 0.134 real sec
[M::mem_process_seqs] Processed 1001 reads in 0.791 CPU sec, 0.103 real sec
[M::mem_process_seqs] Processed 1001 reads in 0.935 CPU sec, 0.126 real sec
[M::mem_process_seqs] Processed 1001 reads in 0.867 CPU sec, 0.122 real sec
100563 [main] INFO main.java.edu.mit.compbio.bisulfitehic.mapping.Bhmem  - Processing reads 297000 ...
100563 [main] INFO main.java.edu.mit.compbio.bisulfitehic.mapping.Bhmem  - Unique mapped and paired reads 293624 ...
100567 [main] INFO main.java.edu.mit.compbio.bisulfitehic.mapping.Bhmem  - Processing reads 298000 ...
100567 [main] INFO main.java.edu.mit.compbio.bisulfitehic.mapping.Bhmem  - Unique mapped and paired reads 293624 ...
[M::mem_process_seqs] Processed 1001 reads in 1.007 CPU sec, 0.132 real sec
[M::mem_process_seqs] Processed 1001 reads in 0.853 CPU sec, 0.110 real sec
[M::mem_process_seqs] Processed 1001 reads in 0.954 CPU sec, 0.121 real sec
[M::mem_process_seqs] Processed 1001 reads in 0.898 CPU sec, 0.122 real sec
101207 [main] INFO main.java.edu.mit.compbio.bisulfitehic.mapping.Bhmem  - Processing reads 299000 ...
101207 [main] INFO main.java.edu.mit.compbio.bisulfitehic.mapping.Bhmem  - Unique mapped and paired reads 295614 ...
101211 [main] INFO main.java.edu.mit.compbio.bisulfitehic.mapping.Bhmem  - Processing reads 300000 ...
101211 [main] INFO main.java.edu.mit.compbio.bisulfitehic.mapping.Bhmem  - Unique mapped and paired reads 295614 ...
[M::mem_process_seqs] Processed 1001 reads in 0.956 CPU sec, 0.131 real sec
[M::mem_process_seqs] Processed 1001 reads in 0.892 CPU sec, 0.118 real sec
[M::mem_process_seqs] Processed 1001 reads in 0.968 CPU sec, 0.123 real sec
[M::mem_process_seqs] Processed 1001 reads in 0.953 CPU sec, 0.121 real sec
101864 [main] INFO main.java.edu.mit.compbio.bisulfitehic.mapping.Bhmem  - Processing reads 301000 ...
101864 [main] INFO main.java.edu.mit.compbio.bisulfitehic.mapping.Bhmem  - Unique mapped and paired reads 297600 ...
101868 [main] INFO main.java.edu.mit.compbio.bisulfitehic.mapping.Bhmem  - Processing reads 302000 ...
101868 [main] INFO main.java.edu.mit.compbio.bisulfitehic.mapping.Bhmem  - Unique mapped and paired reads 297600 ...
[M::mem_process_seqs] Processed 1001 reads in 1.293 CPU sec, 0.168 real sec
[M::mem_process_seqs] Processed 1001 reads in 1.223 CPU sec, 0.154 real sec
[M::mem_process_seqs] Processed 1001 reads in 0.823 CPU sec, 0.115 real sec
[M::mem_process_seqs] Processed 1001 reads in 0.884 CPU sec, 0.112 real sec
102607 [main] INFO main.java.edu.mit.compbio.bisulfitehic.mapping.Bhmem  - Processing reads 303000 ...
102607 [main] INFO main.java.edu.mit.compbio.bisulfitehic.mapping.Bhmem  - Unique mapped and paired reads 299582 ...
102611 [main] INFO main.java.edu.mit.compbio.bisulfitehic.mapping.Bhmem  - Processing reads 304000 ...
102611 [main] INFO main.java.edu.mit.compbio.bisulfitehic.mapping.Bhmem  - Unique mapped and paired reads 299582 ...
[M::mem_process_seqs] Processed 1001 reads in 1.409 CPU sec, 0.178 real sec
[M::mem_process_seqs] Processed 1001 reads in 1.320 CPU sec, 0.167 real sec
[M::mem_process_seqs] Processed 1001 reads in 0.799 CPU sec, 0.105 real sec
[M::mem_process_seqs] Processed 1001 reads in 0.748 CPU sec, 0.104 real sec
103369 [main] INFO main.java.edu.mit.compbio.bisulfitehic.mapping.Bhmem  - Processing reads 305000 ...
103369 [main] INFO main.java.edu.mit.compbio.bisulfitehic.mapping.Bhmem  - Unique mapped and paired reads 301560 ...
103373 [main] INFO main.java.edu.mit.compbio.bisulfitehic.mapping.Bhmem  - Processing reads 306000 ...
103373 [main] INFO main.java.edu.mit.compbio.bisulfitehic.mapping.Bhmem  - Unique mapped and paired reads 301560 ...
[M::mem_process_seqs] Processed 1001 reads in 1.370 CPU sec, 0.173 real sec
[M::mem_process_seqs] Processed 1001 reads in 1.259 CPU sec, 0.159 real sec
[M::mem_process_seqs] Processed 1001 reads in 0.795 CPU sec, 0.104 real sec
[M::mem_process_seqs] Processed 1001 reads in 0.691 CPU sec, 0.090 real sec
104106 [main] INFO main.java.edu.mit.compbio.bisulfitehic.mapping.Bhmem  - Processing reads 307000 ...
104106 [main] INFO main.java.edu.mit.compbio.bisulfitehic.mapping.Bhmem  - Unique mapped and paired reads 303548 ...
104110 [main] INFO main.java.edu.mit.compbio.bisulfitehic.mapping.Bhmem  - Processing reads 308000 ...
104110 [main] INFO main.java.edu.mit.compbio.bisulfitehic.mapping.Bhmem  - Unique mapped and paired reads 303548 ...
[M::mem_process_seqs] Processed 1001 reads in 1.370 CPU sec, 0.176 real sec
[M::mem_process_seqs] Processed 1001 reads in 1.273 CPU sec, 0.160 real sec
[M::mem_process_seqs] Processed 1001 reads in 0.745 CPU sec, 0.105 real sec
[M::mem_process_seqs] Processed 1001 reads in 0.693 CPU sec, 0.088 real sec
104842 [main] INFO main.java.edu.mit.compbio.bisulfitehic.mapping.Bhmem  - Processing reads 309000 ...
104842 [main] INFO main.java.edu.mit.compbio.bisulfitehic.mapping.Bhmem  - Unique mapped and paired reads 305516 ...
104846 [main] INFO main.java.edu.mit.compbio.bisulfitehic.mapping.Bhmem  - Processing reads 310000 ...
104846 [main] INFO main.java.edu.mit.compbio.bisulfitehic.mapping.Bhmem  - Unique mapped and paired reads 305516 ...
[M::mem_process_seqs] Processed 1001 reads in 1.089 CPU sec, 0.143 real sec
[M::mem_process_seqs] Processed 1001 reads in 1.006 CPU sec, 0.130 real sec
[M::mem_process_seqs] Processed 1001 reads in 1.236 CPU sec, 0.162 real sec
[M::mem_process_seqs] Processed 1001 reads in 1.065 CPU sec, 0.134 real sec
105578 [main] INFO main.java.edu.mit.compbio.bisulfitehic.mapping.Bhmem  - Processing reads 311000 ...
105578 [main] INFO main.java.edu.mit.compbio.bisulfitehic.mapping.Bhmem  - Unique mapped and paired reads 307506 ...
105582 [main] INFO main.java.edu.mit.compbio.bisulfitehic.mapping.Bhmem  - Processing reads 312000 ...
105582 [main] INFO main.java.edu.mit.compbio.bisulfitehic.mapping.Bhmem  - Unique mapped and paired reads 307506 ...
[M::mem_process_seqs] Processed 1001 reads in 0.962 CPU sec, 0.122 real sec
[M::mem_process_seqs] Processed 1001 reads in 0.897 CPU sec, 0.114 real sec
[M::mem_process_seqs] Processed 1001 reads in 1.064 CPU sec, 0.135 real sec
[M::mem_process_seqs] Processed 1001 reads in 1.044 CPU sec, 0.132 real sec
106244 [main] INFO main.java.edu.mit.compbio.bisulfitehic.mapping.Bhmem  - Processing reads 313000 ...
106244 [main] INFO main.java.edu.mit.compbio.bisulfitehic.mapping.Bhmem  - Unique mapped and paired reads 309488 ...
106248 [main] INFO main.java.edu.mit.compbio.bisulfitehic.mapping.Bhmem  - Processing reads 314000 ...
106248 [main] INFO main.java.edu.mit.compbio.bisulfitehic.mapping.Bhmem  - Unique mapped and paired reads 309488 ...
[M::mem_process_seqs] Processed 1001 reads in 1.020 CPU sec, 0.137 real sec
[M::mem_process_seqs] Processed 1001 reads in 0.893 CPU sec, 0.121 real sec
[M::mem_process_seqs] Processed 1001 reads in 1.040 CPU sec, 0.160 real sec
[M::mem_process_seqs] Processed 1001 reads in 1.073 CPU sec, 0.135 real sec
107053 [main] INFO main.java.edu.mit.compbio.bisulfitehic.mapping.Bhmem  - Processing reads 315000 ...
107053 [main] INFO main.java.edu.mit.compbio.bisulfitehic.mapping.Bhmem  - Unique mapped and paired reads 311480 ...
107057 [main] INFO main.java.edu.mit.compbio.bisulfitehic.mapping.Bhmem  - Processing reads 316000 ...
107057 [main] INFO main.java.edu.mit.compbio.bisulfitehic.mapping.Bhmem  - Unique mapped and paired reads 311480 ...
[M::mem_process_seqs] Processed 1001 reads in 0.901 CPU sec, 0.114 real sec
[M::mem_process_seqs] Processed 1001 reads in 0.739 CPU sec, 0.098 real sec
[M::mem_process_seqs] Processed 1001 reads in 0.879 CPU sec, 0.112 real sec
[M::mem_process_seqs] Processed 1001 reads in 0.877 CPU sec, 0.113 real sec
107642 [main] INFO main.java.edu.mit.compbio.bisulfitehic.mapping.Bhmem  - Processing reads 317000 ...
107642 [main] INFO main.java.edu.mit.compbio.bisulfitehic.mapping.Bhmem  - Unique mapped and paired reads 313478 ...
107646 [main] INFO main.java.edu.mit.compbio.bisulfitehic.mapping.Bhmem  - Processing reads 318000 ...
107646 [main] INFO main.java.edu.mit.compbio.bisulfitehic.mapping.Bhmem  - Unique mapped and paired reads 313478 ...
[M::mem_process_seqs] Processed 1001 reads in 0.933 CPU sec, 0.118 real sec
[M::mem_process_seqs] Processed 1001 reads in 0.876 CPU sec, 0.123 real sec
[M::mem_process_seqs] Processed 1001 reads in 0.959 CPU sec, 0.121 real sec
[M::mem_process_seqs] Processed 1001 reads in 0.912 CPU sec, 0.115 real sec
108278 [main] INFO main.java.edu.mit.compbio.bisulfitehic.mapping.Bhmem  - Processing reads 319000 ...
108278 [main] INFO main.java.edu.mit.compbio.bisulfitehic.mapping.Bhmem  - Unique mapped and paired reads 315460 ...
108282 [main] INFO main.java.edu.mit.compbio.bisulfitehic.mapping.Bhmem  - Processing reads 320000 ...
108282 [main] INFO main.java.edu.mit.compbio.bisulfitehic.mapping.Bhmem  - Unique mapped and paired reads 315460 ...
[M::mem_process_seqs] Processed 1001 reads in 0.890 CPU sec, 0.118 real sec
[M::mem_process_seqs] Processed 1001 reads in 0.922 CPU sec, 0.123 real sec
[M::mem_process_seqs] Processed 1001 reads in 1.007 CPU sec, 0.137 real sec
[M::mem_process_seqs] Processed 1001 reads in 0.994 CPU sec, 0.128 real sec
108945 [main] INFO main.java.edu.mit.compbio.bisulfitehic.mapping.Bhmem  - Processing reads 321000 ...
108945 [main] INFO main.java.edu.mit.compbio.bisulfitehic.mapping.Bhmem  - Unique mapped and paired reads 317440 ...
108949 [main] INFO main.java.edu.mit.compbio.bisulfitehic.mapping.Bhmem  - Processing reads 322000 ...
108949 [main] INFO main.java.edu.mit.compbio.bisulfitehic.mapping.Bhmem  - Unique mapped and paired reads 317440 ...
[M::mem_process_seqs] Processed 1001 reads in 0.983 CPU sec, 0.129 real sec
[M::mem_process_seqs] Processed 1001 reads in 0.933 CPU sec, 0.120 real sec
[M::mem_process_seqs] Processed 1001 reads in 1.028 CPU sec, 0.142 real sec
[M::mem_process_seqs] Processed 1001 reads in 1.117 CPU sec, 0.144 real sec
109645 [main] INFO main.java.edu.mit.compbio.bisulfitehic.mapping.Bhmem  - Processing reads 323000 ...
109646 [main] INFO main.java.edu.mit.compbio.bisulfitehic.mapping.Bhmem  - Unique mapped and paired reads 319432 ...
109650 [main] INFO main.java.edu.mit.compbio.bisulfitehic.mapping.Bhmem  - Processing reads 324000 ...
109650 [main] INFO main.java.edu.mit.compbio.bisulfitehic.mapping.Bhmem  - Unique mapped and paired reads 319432 ...
[M::mem_process_seqs] Processed 1001 reads in 0.986 CPU sec, 0.127 real sec
[M::mem_process_seqs] Processed 1001 reads in 0.930 CPU sec, 0.120 real sec
[M::mem_process_seqs] Processed 1001 reads in 1.075 CPU sec, 0.143 real sec
[M::mem_process_seqs] Processed 1001 reads in 1.028 CPU sec, 0.130 real sec
110331 [main] INFO main.java.edu.mit.compbio.bisulfitehic.mapping.Bhmem  - Processing reads 325000 ...
110331 [main] INFO main.java.edu.mit.compbio.bisulfitehic.mapping.Bhmem  - Unique mapped and paired reads 321414 ...
110335 [main] INFO main.java.edu.mit.compbio.bisulfitehic.mapping.Bhmem  - Processing reads 326000 ...
110335 [main] INFO main.java.edu.mit.compbio.bisulfitehic.mapping.Bhmem  - Unique mapped and paired reads 321414 ...
[M::mem_process_seqs] Processed 1001 reads in 0.911 CPU sec, 0.120 real sec
[M::mem_process_seqs] Processed 1001 reads in 0.944 CPU sec, 0.126 real sec
[M::mem_process_seqs] Processed 1001 reads in 0.996 CPU sec, 0.128 real sec
[M::mem_process_seqs] Processed 1001 reads in 1.022 CPU sec, 0.139 real sec
111010 [main] INFO main.java.edu.mit.compbio.bisulfitehic.mapping.Bhmem  - Processing reads 327000 ...
111010 [main] INFO main.java.edu.mit.compbio.bisulfitehic.mapping.Bhmem  - Unique mapped and paired reads 323404 ...
111014 [main] INFO main.java.edu.mit.compbio.bisulfitehic.mapping.Bhmem  - Processing reads 328000 ...
111014 [main] INFO main.java.edu.mit.compbio.bisulfitehic.mapping.Bhmem  - Unique mapped and paired reads 323404 ...
[M::mem_process_seqs] Processed 1001 reads in 0.869 CPU sec, 0.112 real sec
[M::mem_process_seqs] Processed 1001 reads in 0.850 CPU sec, 0.113 real sec
[M::mem_process_seqs] Processed 1001 reads in 0.970 CPU sec, 0.131 real sec
[M::mem_process_seqs] Processed 1001 reads in 0.962 CPU sec, 0.128 real sec
111657 [main] INFO main.java.edu.mit.compbio.bisulfitehic.mapping.Bhmem  - Processing reads 329000 ...
111657 [main] INFO main.java.edu.mit.compbio.bisulfitehic.mapping.Bhmem  - Unique mapped and paired reads 325390 ...
111661 [main] INFO main.java.edu.mit.compbio.bisulfitehic.mapping.Bhmem  - Processing reads 330000 ...
111661 [main] INFO main.java.edu.mit.compbio.bisulfitehic.mapping.Bhmem  - Unique mapped and paired reads 325390 ...
[M::mem_process_seqs] Processed 1001 reads in 0.942 CPU sec, 0.120 real sec
[M::mem_process_seqs] Processed 1001 reads in 0.872 CPU sec, 0.124 real sec
[M::mem_process_seqs] Processed 1001 reads in 0.985 CPU sec, 0.128 real sec
[M::mem_process_seqs] Processed 1001 reads in 1.135 CPU sec, 0.169 real sec
112364 [main] INFO main.java.edu.mit.compbio.bisulfitehic.mapping.Bhmem  - Processing reads 331000 ...
112364 [main] INFO main.java.edu.mit.compbio.bisulfitehic.mapping.Bhmem  - Unique mapped and paired reads 327370 ...
112368 [main] INFO main.java.edu.mit.compbio.bisulfitehic.mapping.Bhmem  - Processing reads 332000 ...
112368 [main] INFO main.java.edu.mit.compbio.bisulfitehic.mapping.Bhmem  - Unique mapped and paired reads 327370 ...
[M::mem_process_seqs] Processed 1001 reads in 0.889 CPU sec, 0.119 real sec
[M::mem_process_seqs] Processed 1001 reads in 0.861 CPU sec, 0.117 real sec
[M::mem_process_seqs] Processed 1001 reads in 1.026 CPU sec, 0.136 real sec
[M::mem_process_seqs] Processed 1001 reads in 0.942 CPU sec, 0.121 real sec
113014 [main] INFO main.java.edu.mit.compbio.bisulfitehic.mapping.Bhmem  - Processing reads 333000 ...
113014 [main] INFO main.java.edu.mit.compbio.bisulfitehic.mapping.Bhmem  - Unique mapped and paired reads 329358 ...
113018 [main] INFO main.java.edu.mit.compbio.bisulfitehic.mapping.Bhmem  - Processing reads 334000 ...
113018 [main] INFO main.java.edu.mit.compbio.bisulfitehic.mapping.Bhmem  - Unique mapped and paired reads 329358 ...
[M::mem_process_seqs] Processed 1001 reads in 0.918 CPU sec, 0.118 real sec
[M::mem_process_seqs] Processed 1001 reads in 0.941 CPU sec, 0.124 real sec
[M::mem_process_seqs] Processed 1001 reads in 1.040 CPU sec, 0.137 real sec
[M::mem_process_seqs] Processed 1001 reads in 1.031 CPU sec, 0.130 real sec
113683 [main] INFO main.java.edu.mit.compbio.bisulfitehic.mapping.Bhmem  - Processing reads 335000 ...
113683 [main] INFO main.java.edu.mit.compbio.bisulfitehic.mapping.Bhmem  - Unique mapped and paired reads 331350 ...
113687 [main] INFO main.java.edu.mit.compbio.bisulfitehic.mapping.Bhmem  - Processing reads 336000 ...
113687 [main] INFO main.java.edu.mit.compbio.bisulfitehic.mapping.Bhmem  - Unique mapped and paired reads 331350 ...
[M::mem_process_seqs] Processed 1001 reads in 0.962 CPU sec, 0.122 real sec
[M::mem_process_seqs] Processed 1001 reads in 0.871 CPU sec, 0.110 real sec
[M::mem_process_seqs] Processed 1001 reads in 0.962 CPU sec, 0.129 real sec
[M::mem_process_seqs] Processed 1001 reads in 0.997 CPU sec, 0.128 real sec
114330 [main] INFO main.java.edu.mit.compbio.bisulfitehic.mapping.Bhmem  - Processing reads 337000 ...
114330 [main] INFO main.java.edu.mit.compbio.bisulfitehic.mapping.Bhmem  - Unique mapped and paired reads 333324 ...
114334 [main] INFO main.java.edu.mit.compbio.bisulfitehic.mapping.Bhmem  - Processing reads 338000 ...
114334 [main] INFO main.java.edu.mit.compbio.bisulfitehic.mapping.Bhmem  - Unique mapped and paired reads 333324 ...
[M::mem_process_seqs] Processed 1001 reads in 0.943 CPU sec, 0.120 real sec
[M::mem_process_seqs] Processed 1001 reads in 0.882 CPU sec, 0.123 real sec
[M::mem_process_seqs] Processed 1001 reads in 1.058 CPU sec, 0.142 real sec
[M::mem_process_seqs] Processed 1001 reads in 0.972 CPU sec, 0.149 real sec
115030 [main] INFO main.java.edu.mit.compbio.bisulfitehic.mapping.Bhmem  - Processing reads 339000 ...
115030 [main] INFO main.java.edu.mit.compbio.bisulfitehic.mapping.Bhmem  - Unique mapped and paired reads 335310 ...
115034 [main] INFO main.java.edu.mit.compbio.bisulfitehic.mapping.Bhmem  - Processing reads 340000 ...
115034 [main] INFO main.java.edu.mit.compbio.bisulfitehic.mapping.Bhmem  - Unique mapped and paired reads 335310 ...
[M::mem_process_seqs] Processed 1001 reads in 0.979 CPU sec, 0.125 real sec
[M::mem_process_seqs] Processed 1001 reads in 0.871 CPU sec, 0.118 real sec
[M::mem_process_seqs] Processed 1001 reads in 1.057 CPU sec, 0.135 real sec
[M::mem_process_seqs] Processed 1001 reads in 1.043 CPU sec, 0.140 real sec
115720 [main] INFO main.java.edu.mit.compbio.bisulfitehic.mapping.Bhmem  - Processing reads 341000 ...
115720 [main] INFO main.java.edu.mit.compbio.bisulfitehic.mapping.Bhmem  - Unique mapped and paired reads 337298 ...
115724 [main] INFO main.java.edu.mit.compbio.bisulfitehic.mapping.Bhmem  - Processing reads 342000 ...
115724 [main] INFO main.java.edu.mit.compbio.bisulfitehic.mapping.Bhmem  - Unique mapped and paired reads 337298 ...
[M::mem_process_seqs] Processed 1001 reads in 0.961 CPU sec, 0.122 real sec
[M::mem_process_seqs] Processed 1001 reads in 0.878 CPU sec, 0.112 real sec
[M::mem_process_seqs] Processed 1001 reads in 1.140 CPU sec, 0.144 real sec
[M::mem_process_seqs] Processed 1001 reads in 1.000 CPU sec, 0.127 real sec
116390 [main] INFO main.java.edu.mit.compbio.bisulfitehic.mapping.Bhmem  - Processing reads 343000 ...
116390 [main] INFO main.java.edu.mit.compbio.bisulfitehic.mapping.Bhmem  - Unique mapped and paired reads 339286 ...
116394 [main] INFO main.java.edu.mit.compbio.bisulfitehic.mapping.Bhmem  - Processing reads 344000 ...
116394 [main] INFO main.java.edu.mit.compbio.bisulfitehic.mapping.Bhmem  - Unique mapped and paired reads 339286 ...
[M::mem_process_seqs] Processed 1001 reads in 1.312 CPU sec, 0.165 real sec
[M::mem_process_seqs] Processed 1001 reads in 1.207 CPU sec, 0.152 real sec
[M::mem_process_seqs] Processed 1001 reads in 0.792 CPU sec, 0.106 real sec
[M::mem_process_seqs] Processed 1001 reads in 0.707 CPU sec, 0.092 real sec
117110 [main] INFO main.java.edu.mit.compbio.bisulfitehic.mapping.Bhmem  - Processing reads 345000 ...
117110 [main] INFO main.java.edu.mit.compbio.bisulfitehic.mapping.Bhmem  - Unique mapped and paired reads 341260 ...
117115 [main] INFO main.java.edu.mit.compbio.bisulfitehic.mapping.Bhmem  - Processing reads 346000 ...
117115 [main] INFO main.java.edu.mit.compbio.bisulfitehic.mapping.Bhmem  - Unique mapped and paired reads 341260 ...
[M::mem_process_seqs] Processed 1001 reads in 1.331 CPU sec, 0.169 real sec
[M::mem_process_seqs] Processed 1001 reads in 1.231 CPU sec, 0.155 real sec
[M::mem_process_seqs] Processed 1001 reads in 0.800 CPU sec, 0.101 real sec
[M::mem_process_seqs] Processed 1001 reads in 0.734 CPU sec, 0.098 real sec
117845 [main] INFO main.java.edu.mit.compbio.bisulfitehic.mapping.Bhmem  - Processing reads 347000 ...
117845 [main] INFO main.java.edu.mit.compbio.bisulfitehic.mapping.Bhmem  - Unique mapped and paired reads 343238 ...
117849 [main] INFO main.java.edu.mit.compbio.bisulfitehic.mapping.Bhmem  - Processing reads 348000 ...
117849 [main] INFO main.java.edu.mit.compbio.bisulfitehic.mapping.Bhmem  - Unique mapped and paired reads 343238 ...
[M::mem_process_seqs] Processed 1001 reads in 1.326 CPU sec, 0.167 real sec
[M::mem_process_seqs] Processed 1001 reads in 1.252 CPU sec, 0.159 real sec
[M::mem_process_seqs] Processed 1001 reads in 0.897 CPU sec, 0.124 real sec
[M::mem_process_seqs] Processed 1001 reads in 0.893 CPU sec, 0.122 real sec
118630 [main] INFO main.java.edu.mit.compbio.bisulfitehic.mapping.Bhmem  - Processing reads 349000 ...
118630 [main] INFO main.java.edu.mit.compbio.bisulfitehic.mapping.Bhmem  - Unique mapped and paired reads 345214 ...
118634 [main] INFO main.java.edu.mit.compbio.bisulfitehic.mapping.Bhmem  - Processing reads 350000 ...
118634 [main] INFO main.java.edu.mit.compbio.bisulfitehic.mapping.Bhmem  - Unique mapped and paired reads 345214 ...
[M::mem_process_seqs] Processed 1001 reads in 1.311 CPU sec, 0.166 real sec
[M::mem_process_seqs] Processed 1001 reads in 1.238 CPU sec, 0.167 real sec
[M::mem_process_seqs] Processed 1001 reads in 0.873 CPU sec, 0.121 real sec
[M::mem_process_seqs] Processed 1001 reads in 0.864 CPU sec, 0.110 real sec
119421 [main] INFO main.java.edu.mit.compbio.bisulfitehic.mapping.Bhmem  - Processing reads 351000 ...
119421 [main] INFO main.java.edu.mit.compbio.bisulfitehic.mapping.Bhmem  - Unique mapped and paired reads 347196 ...
119425 [main] INFO main.java.edu.mit.compbio.bisulfitehic.mapping.Bhmem  - Processing reads 352000 ...
119425 [main] INFO main.java.edu.mit.compbio.bisulfitehic.mapping.Bhmem  - Unique mapped and paired reads 347196 ...
[M::mem_process_seqs] Processed 1001 reads in 1.050 CPU sec, 0.135 real sec
[M::mem_process_seqs] Processed 1001 reads in 0.917 CPU sec, 0.117 real sec
[M::mem_process_seqs] Processed 1001 reads in 1.119 CPU sec, 0.147 real sec
[M::mem_process_seqs] Processed 1001 reads in 1.047 CPU sec, 0.143 real sec
120130 [main] INFO main.java.edu.mit.compbio.bisulfitehic.mapping.Bhmem  - Processing reads 353000 ...
120130 [main] INFO main.java.edu.mit.compbio.bisulfitehic.mapping.Bhmem  - Unique mapped and paired reads 349184 ...
120134 [main] INFO main.java.edu.mit.compbio.bisulfitehic.mapping.Bhmem  - Processing reads 354000 ...
120134 [main] INFO main.java.edu.mit.compbio.bisulfitehic.mapping.Bhmem  - Unique mapped and paired reads 349184 ...
[M::mem_process_seqs] Processed 1001 reads in 0.940 CPU sec, 0.122 real sec
[M::mem_process_seqs] Processed 1001 reads in 0.906 CPU sec, 0.119 real sec
[M::mem_process_seqs] Processed 1001 reads in 1.020 CPU sec, 0.132 real sec
[M::mem_process_seqs] Processed 1001 reads in 0.920 CPU sec, 0.119 real sec
120783 [main] INFO main.java.edu.mit.compbio.bisulfitehic.mapping.Bhmem  - Processing reads 355000 ...
120783 [main] INFO main.java.edu.mit.compbio.bisulfitehic.mapping.Bhmem  - Unique mapped and paired reads 351176 ...
120787 [main] INFO main.java.edu.mit.compbio.bisulfitehic.mapping.Bhmem  - Processing reads 356000 ...
120787 [main] INFO main.java.edu.mit.compbio.bisulfitehic.mapping.Bhmem  - Unique mapped and paired reads 351176 ...
[M::mem_process_seqs] Processed 1001 reads in 0.926 CPU sec, 0.126 real sec
[M::mem_process_seqs] Processed 1001 reads in 0.825 CPU sec, 0.104 real sec
[M::mem_process_seqs] Processed 1001 reads in 1.024 CPU sec, 0.134 real sec
[M::mem_process_seqs] Processed 1001 reads in 0.984 CPU sec, 0.130 real sec
121442 [main] INFO main.java.edu.mit.compbio.bisulfitehic.mapping.Bhmem  - Processing reads 357000 ...
121443 [main] INFO main.java.edu.mit.compbio.bisulfitehic.mapping.Bhmem  - Unique mapped and paired reads 353146 ...
121446 [main] INFO main.java.edu.mit.compbio.bisulfitehic.mapping.Bhmem  - Processing reads 358000 ...
121446 [main] INFO main.java.edu.mit.compbio.bisulfitehic.mapping.Bhmem  - Unique mapped and paired reads 353146 ...
[M::mem_process_seqs] Processed 1001 reads in 0.975 CPU sec, 0.144 real sec
[M::mem_process_seqs] Processed 1001 reads in 0.881 CPU sec, 0.111 real sec
[M::mem_process_seqs] Processed 1001 reads in 1.057 CPU sec, 0.145 real sec
[M::mem_process_seqs] Processed 1001 reads in 0.972 CPU sec, 0.125 real sec
122131 [main] INFO main.java.edu.mit.compbio.bisulfitehic.mapping.Bhmem  - Processing reads 359000 ...
122131 [main] INFO main.java.edu.mit.compbio.bisulfitehic.mapping.Bhmem  - Unique mapped and paired reads 355130 ...
122135 [main] INFO main.java.edu.mit.compbio.bisulfitehic.mapping.Bhmem  - Processing reads 360000 ...
122135 [main] INFO main.java.edu.mit.compbio.bisulfitehic.mapping.Bhmem  - Unique mapped and paired reads 355130 ...
[M::mem_process_seqs] Processed 1001 reads in 0.899 CPU sec, 0.114 real sec
[M::mem_process_seqs] Processed 1001 reads in 0.794 CPU sec, 0.104 real sec
[M::mem_process_seqs] Processed 1001 reads in 0.919 CPU sec, 0.127 real sec
[M::mem_process_seqs] Processed 1001 reads in 0.895 CPU sec, 0.119 real sec
122755 [main] INFO main.java.edu.mit.compbio.bisulfitehic.mapping.Bhmem  - Processing reads 361000 ...
122755 [main] INFO main.java.edu.mit.compbio.bisulfitehic.mapping.Bhmem  - Unique mapped and paired reads 357112 ...
122759 [main] INFO main.java.edu.mit.compbio.bisulfitehic.mapping.Bhmem  - Processing reads 362000 ...
122759 [main] INFO main.java.edu.mit.compbio.bisulfitehic.mapping.Bhmem  - Unique mapped and paired reads 357112 ...
[M::mem_process_seqs] Processed 1001 reads in 0.894 CPU sec, 0.114 real sec
[M::mem_process_seqs] Processed 1001 reads in 0.871 CPU sec, 0.113 real sec
[M::mem_process_seqs] Processed 1001 reads in 0.922 CPU sec, 0.118 real sec
[M::mem_process_seqs] Processed 1001 reads in 0.952 CPU sec, 0.121 real sec
123388 [main] INFO main.java.edu.mit.compbio.bisulfitehic.mapping.Bhmem  - Processing reads 363000 ...
123388 [main] INFO main.java.edu.mit.compbio.bisulfitehic.mapping.Bhmem  - Unique mapped and paired reads 359096 ...
123392 [main] INFO main.java.edu.mit.compbio.bisulfitehic.mapping.Bhmem  - Processing reads 364000 ...
123392 [main] INFO main.java.edu.mit.compbio.bisulfitehic.mapping.Bhmem  - Unique mapped and paired reads 359096 ...
[M::mem_process_seqs] Processed 1001 reads in 0.967 CPU sec, 0.124 real sec
[M::mem_process_seqs] Processed 1001 reads in 0.871 CPU sec, 0.112 real sec
[M::mem_process_seqs] Processed 1001 reads in 1.002 CPU sec, 0.134 real sec
[M::mem_process_seqs] Processed 1001 reads in 0.997 CPU sec, 0.130 real sec
124054 [main] INFO main.java.edu.mit.compbio.bisulfitehic.mapping.Bhmem  - Processing reads 365000 ...
124054 [main] INFO main.java.edu.mit.compbio.bisulfitehic.mapping.Bhmem  - Unique mapped and paired reads 361086 ...
124058 [main] INFO main.java.edu.mit.compbio.bisulfitehic.mapping.Bhmem  - Processing reads 366000 ...
124058 [main] INFO main.java.edu.mit.compbio.bisulfitehic.mapping.Bhmem  - Unique mapped and paired reads 361086 ...
[M::mem_process_seqs] Processed 1001 reads in 0.950 CPU sec, 0.128 real sec
[M::mem_process_seqs] Processed 1001 reads in 0.868 CPU sec, 0.110 real sec
[M::mem_process_seqs] Processed 1001 reads in 0.998 CPU sec, 0.142 real sec
[M::mem_process_seqs] Processed 1001 reads in 1.010 CPU sec, 0.128 real sec
124733 [main] INFO main.java.edu.mit.compbio.bisulfitehic.mapping.Bhmem  - Processing reads 367000 ...
124734 [main] INFO main.java.edu.mit.compbio.bisulfitehic.mapping.Bhmem  - Unique mapped and paired reads 363068 ...
124737 [main] INFO main.java.edu.mit.compbio.bisulfitehic.mapping.Bhmem  - Processing reads 368000 ...
124737 [main] INFO main.java.edu.mit.compbio.bisulfitehic.mapping.Bhmem  - Unique mapped and paired reads 363068 ...
[M::mem_process_seqs] Processed 1001 reads in 0.947 CPU sec, 0.120 real sec
[M::mem_process_seqs] Processed 1001 reads in 0.925 CPU sec, 0.119 real sec
[M::mem_process_seqs] Processed 1001 reads in 1.021 CPU sec, 0.137 real sec
[M::mem_process_seqs] Processed 1001 reads in 0.979 CPU sec, 0.127 real sec
125400 [main] INFO main.java.edu.mit.compbio.bisulfitehic.mapping.Bhmem  - Processing reads 369000 ...
125400 [main] INFO main.java.edu.mit.compbio.bisulfitehic.mapping.Bhmem  - Unique mapped and paired reads 365058 ...
125404 [main] INFO main.java.edu.mit.compbio.bisulfitehic.mapping.Bhmem  - Processing reads 370000 ...
125404 [main] INFO main.java.edu.mit.compbio.bisulfitehic.mapping.Bhmem  - Unique mapped and paired reads 365058 ...
[M::mem_process_seqs] Processed 1001 reads in 0.985 CPU sec, 0.128 real sec
[M::mem_process_seqs] Processed 1001 reads in 0.838 CPU sec, 0.109 real sec
[M::mem_process_seqs] Processed 1001 reads in 1.048 CPU sec, 0.134 real sec
[M::mem_process_seqs] Processed 1001 reads in 0.915 CPU sec, 0.117 real sec
126065 [main] INFO main.java.edu.mit.compbio.bisulfitehic.mapping.Bhmem  - Processing reads 371000 ...
126065 [main] INFO main.java.edu.mit.compbio.bisulfitehic.mapping.Bhmem  - Unique mapped and paired reads 367042 ...
126069 [main] INFO main.java.edu.mit.compbio.bisulfitehic.mapping.Bhmem  - Processing reads 372000 ...
126069 [main] INFO main.java.edu.mit.compbio.bisulfitehic.mapping.Bhmem  - Unique mapped and paired reads 367042 ...
[M::mem_process_seqs] Processed 1001 reads in 0.991 CPU sec, 0.131 real sec
[M::mem_process_seqs] Processed 1001 reads in 0.949 CPU sec, 0.122 real sec
[M::mem_process_seqs] Processed 1001 reads in 1.096 CPU sec, 0.150 real sec
[M::mem_process_seqs] Processed 1001 reads in 1.074 CPU sec, 0.140 real sec
126767 [main] INFO main.java.edu.mit.compbio.bisulfitehic.mapping.Bhmem  - Processing reads 373000 ...
126767 [main] INFO main.java.edu.mit.compbio.bisulfitehic.mapping.Bhmem  - Unique mapped and paired reads 369026 ...
126771 [main] INFO main.java.edu.mit.compbio.bisulfitehic.mapping.Bhmem  - Processing reads 374000 ...
126771 [main] INFO main.java.edu.mit.compbio.bisulfitehic.mapping.Bhmem  - Unique mapped and paired reads 369026 ...
[M::mem_process_seqs] Processed 1001 reads in 1.018 CPU sec, 0.129 real sec
[M::mem_process_seqs] Processed 1001 reads in 0.849 CPU sec, 0.111 real sec
[M::mem_process_seqs] Processed 1001 reads in 1.088 CPU sec, 0.144 real sec
[M::mem_process_seqs] Processed 1001 reads in 0.976 CPU sec, 0.124 real sec
127442 [main] INFO main.java.edu.mit.compbio.bisulfitehic.mapping.Bhmem  - Processing reads 375000 ...
127442 [main] INFO main.java.edu.mit.compbio.bisulfitehic.mapping.Bhmem  - Unique mapped and paired reads 371016 ...
127446 [main] INFO main.java.edu.mit.compbio.bisulfitehic.mapping.Bhmem  - Processing reads 376000 ...
127446 [main] INFO main.java.edu.mit.compbio.bisulfitehic.mapping.Bhmem  - Unique mapped and paired reads 371016 ...
[M::mem_process_seqs] Processed 1001 reads in 0.983 CPU sec, 0.133 real sec
[M::mem_process_seqs] Processed 1001 reads in 0.968 CPU sec, 0.122 real sec
[M::mem_process_seqs] Processed 1001 reads in 1.071 CPU sec, 0.148 real sec
[M::mem_process_seqs] Processed 1001 reads in 1.013 CPU sec, 0.128 real sec
128133 [main] INFO main.java.edu.mit.compbio.bisulfitehic.mapping.Bhmem  - Processing reads 377000 ...
128133 [main] INFO main.java.edu.mit.compbio.bisulfitehic.mapping.Bhmem  - Unique mapped and paired reads 372996 ...
128137 [main] INFO main.java.edu.mit.compbio.bisulfitehic.mapping.Bhmem  - Processing reads 378000 ...
128137 [main] INFO main.java.edu.mit.compbio.bisulfitehic.mapping.Bhmem  - Unique mapped and paired reads 372996 ...
[M::mem_process_seqs] Processed 1001 reads in 0.979 CPU sec, 0.130 real sec
[M::mem_process_seqs] Processed 1001 reads in 0.922 CPU sec, 0.122 real sec
[M::mem_process_seqs] Processed 1001 reads in 0.975 CPU sec, 0.124 real sec
[M::mem_process_seqs] Processed 1001 reads in 1.081 CPU sec, 0.137 real sec
128809 [main] INFO main.java.edu.mit.compbio.bisulfitehic.mapping.Bhmem  - Processing reads 379000 ...
128809 [main] INFO main.java.edu.mit.compbio.bisulfitehic.mapping.Bhmem  - Unique mapped and paired reads 374978 ...
128813 [main] INFO main.java.edu.mit.compbio.bisulfitehic.mapping.Bhmem  - Processing reads 380000 ...
128813 [main] INFO main.java.edu.mit.compbio.bisulfitehic.mapping.Bhmem  - Unique mapped and paired reads 374978 ...
[M::mem_process_seqs] Processed 1001 reads in 0.861 CPU sec, 0.113 real sec
[M::mem_process_seqs] Processed 1001 reads in 0.807 CPU sec, 0.105 real sec
[M::mem_process_seqs] Processed 1001 reads in 0.955 CPU sec, 0.123 real sec
[M::mem_process_seqs] Processed 1001 reads in 0.999 CPU sec, 0.133 real sec
129437 [main] INFO main.java.edu.mit.compbio.bisulfitehic.mapping.Bhmem  - Processing reads 381000 ...
129437 [main] INFO main.java.edu.mit.compbio.bisulfitehic.mapping.Bhmem  - Unique mapped and paired reads 376964 ...
129441 [main] INFO main.java.edu.mit.compbio.bisulfitehic.mapping.Bhmem  - Processing reads 382000 ...
129441 [main] INFO main.java.edu.mit.compbio.bisulfitehic.mapping.Bhmem  - Unique mapped and paired reads 376964 ...
[M::mem_process_seqs] Processed 1001 reads in 0.921 CPU sec, 0.117 real sec
[M::mem_process_seqs] Processed 1001 reads in 0.860 CPU sec, 0.117 real sec
[M::mem_process_seqs] Processed 1001 reads in 0.951 CPU sec, 0.122 real sec
[M::mem_process_seqs] Processed 1001 reads in 0.977 CPU sec, 0.130 real sec
130092 [main] INFO main.java.edu.mit.compbio.bisulfitehic.mapping.Bhmem  - Processing reads 383000 ...
130092 [main] INFO main.java.edu.mit.compbio.bisulfitehic.mapping.Bhmem  - Unique mapped and paired reads 378946 ...
130096 [main] INFO main.java.edu.mit.compbio.bisulfitehic.mapping.Bhmem  - Processing reads 384000 ...
130096 [main] INFO main.java.edu.mit.compbio.bisulfitehic.mapping.Bhmem  - Unique mapped and paired reads 378946 ...
[M::mem_process_seqs] Processed 1001 reads in 0.947 CPU sec, 0.121 real sec
[M::mem_process_seqs] Processed 1001 reads in 0.854 CPU sec, 0.117 real sec
[M::mem_process_seqs] Processed 1001 reads in 1.010 CPU sec, 0.130 real sec
[M::mem_process_seqs] Processed 1001 reads in 0.969 CPU sec, 0.133 real sec
130759 [main] INFO main.java.edu.mit.compbio.bisulfitehic.mapping.Bhmem  - Processing reads 385000 ...
130759 [main] INFO main.java.edu.mit.compbio.bisulfitehic.mapping.Bhmem  - Unique mapped and paired reads 380936 ...
130763 [main] INFO main.java.edu.mit.compbio.bisulfitehic.mapping.Bhmem  - Processing reads 386000 ...
130763 [main] INFO main.java.edu.mit.compbio.bisulfitehic.mapping.Bhmem  - Unique mapped and paired reads 380936 ...
[M::mem_process_seqs] Processed 1001 reads in 0.927 CPU sec, 0.118 real sec
[M::mem_process_seqs] Processed 1001 reads in 0.871 CPU sec, 0.117 real sec
[M::mem_process_seqs] Processed 1001 reads in 0.936 CPU sec, 0.125 real sec
[M::mem_process_seqs] Processed 1001 reads in 0.951 CPU sec, 0.126 real sec
131411 [main] INFO main.java.edu.mit.compbio.bisulfitehic.mapping.Bhmem  - Processing reads 387000 ...
131411 [main] INFO main.java.edu.mit.compbio.bisulfitehic.mapping.Bhmem  - Unique mapped and paired reads 382914 ...
131415 [main] INFO main.java.edu.mit.compbio.bisulfitehic.mapping.Bhmem  - Processing reads 388000 ...
131415 [main] INFO main.java.edu.mit.compbio.bisulfitehic.mapping.Bhmem  - Unique mapped and paired reads 382914 ...
[M::mem_process_seqs] Processed 1001 reads in 1.003 CPU sec, 0.136 real sec
[M::mem_process_seqs] Processed 1001 reads in 0.874 CPU sec, 0.118 real sec
[M::mem_process_seqs] Processed 1001 reads in 1.050 CPU sec, 0.144 real sec
[M::mem_process_seqs] Processed 1001 reads in 1.046 CPU sec, 0.145 real sec
132118 [main] INFO main.java.edu.mit.compbio.bisulfitehic.mapping.Bhmem  - Processing reads 389000 ...
132118 [main] INFO main.java.edu.mit.compbio.bisulfitehic.mapping.Bhmem  - Unique mapped and paired reads 384900 ...
132122 [main] INFO main.java.edu.mit.compbio.bisulfitehic.mapping.Bhmem  - Processing reads 390000 ...
132122 [main] INFO main.java.edu.mit.compbio.bisulfitehic.mapping.Bhmem  - Unique mapped and paired reads 384900 ...
[M::mem_process_seqs] Processed 1001 reads in 0.990 CPU sec, 0.133 real sec
[M::mem_process_seqs] Processed 1001 reads in 0.907 CPU sec, 0.121 real sec
[M::mem_process_seqs] Processed 1001 reads in 1.017 CPU sec, 0.140 real sec
[M::mem_process_seqs] Processed 1001 reads in 1.064 CPU sec, 0.136 real sec
132814 [main] INFO main.java.edu.mit.compbio.bisulfitehic.mapping.Bhmem  - Processing reads 391000 ...
132814 [main] INFO main.java.edu.mit.compbio.bisulfitehic.mapping.Bhmem  - Unique mapped and paired reads 386878 ...
132818 [main] INFO main.java.edu.mit.compbio.bisulfitehic.mapping.Bhmem  - Processing reads 392000 ...
132818 [main] INFO main.java.edu.mit.compbio.bisulfitehic.mapping.Bhmem  - Unique mapped and paired reads 386878 ...
[M::mem_process_seqs] Processed 1001 reads in 0.940 CPU sec, 0.119 real sec
[M::mem_process_seqs] Processed 1001 reads in 0.817 CPU sec, 0.106 real sec
[M::mem_process_seqs] Processed 1001 reads in 0.890 CPU sec, 0.112 real sec
[M::mem_process_seqs] Processed 1001 reads in 0.904 CPU sec, 0.118 real sec
133449 [main] INFO main.java.edu.mit.compbio.bisulfitehic.mapping.Bhmem  - Processing reads 393000 ...
133449 [main] INFO main.java.edu.mit.compbio.bisulfitehic.mapping.Bhmem  - Unique mapped and paired reads 388866 ...
133453 [main] INFO main.java.edu.mit.compbio.bisulfitehic.mapping.Bhmem  - Processing reads 394000 ...
133453 [main] INFO main.java.edu.mit.compbio.bisulfitehic.mapping.Bhmem  - Unique mapped and paired reads 388866 ...
[M::mem_process_seqs] Processed 1001 reads in 0.930 CPU sec, 0.123 real sec
[M::mem_process_seqs] Processed 1001 reads in 0.860 CPU sec, 0.110 real sec
[M::mem_process_seqs] Processed 1001 reads in 0.929 CPU sec, 0.121 real sec
[M::mem_process_seqs] Processed 1001 reads in 0.864 CPU sec, 0.114 real sec
134081 [main] INFO main.java.edu.mit.compbio.bisulfitehic.mapping.Bhmem  - Processing reads 395000 ...
134081 [main] INFO main.java.edu.mit.compbio.bisulfitehic.mapping.Bhmem  - Unique mapped and paired reads 390846 ...
134085 [main] INFO main.java.edu.mit.compbio.bisulfitehic.mapping.Bhmem  - Processing reads 396000 ...
134085 [main] INFO main.java.edu.mit.compbio.bisulfitehic.mapping.Bhmem  - Unique mapped and paired reads 390846 ...
[M::mem_process_seqs] Processed 1001 reads in 0.888 CPU sec, 0.114 real sec
[M::mem_process_seqs] Processed 1001 reads in 0.770 CPU sec, 0.099 real sec
[M::mem_process_seqs] Processed 1001 reads in 0.953 CPU sec, 0.131 real sec
[M::mem_process_seqs] Processed 1001 reads in 1.009 CPU sec, 0.142 real sec
134729 [main] INFO main.java.edu.mit.compbio.bisulfitehic.mapping.Bhmem  - Processing reads 397000 ...
134730 [main] INFO main.java.edu.mit.compbio.bisulfitehic.mapping.Bhmem  - Unique mapped and paired reads 392830 ...
134733 [main] INFO main.java.edu.mit.compbio.bisulfitehic.mapping.Bhmem  - Processing reads 398000 ...
134733 [main] INFO main.java.edu.mit.compbio.bisulfitehic.mapping.Bhmem  - Unique mapped and paired reads 392830 ...
[M::mem_process_seqs] Processed 1001 reads in 1.007 CPU sec, 0.128 real sec
[M::mem_process_seqs] Processed 1001 reads in 0.976 CPU sec, 0.124 real sec
[M::mem_process_seqs] Processed 1001 reads in 1.009 CPU sec, 0.128 real sec
[M::mem_process_seqs] Processed 1001 reads in 1.011 CPU sec, 0.134 real sec
135407 [main] INFO main.java.edu.mit.compbio.bisulfitehic.mapping.Bhmem  - Processing reads 399000 ...
135407 [main] INFO main.java.edu.mit.compbio.bisulfitehic.mapping.Bhmem  - Unique mapped and paired reads 394804 ...
135411 [main] INFO main.java.edu.mit.compbio.bisulfitehic.mapping.Bhmem  - Processing reads 400000 ...
135411 [main] INFO main.java.edu.mit.compbio.bisulfitehic.mapping.Bhmem  - Unique mapped and paired reads 394804 ...
[M::mem_process_seqs] Processed 1001 reads in 0.873 CPU sec, 0.113 real sec
[M::mem_process_seqs] Processed 1001 reads in 0.834 CPU sec, 0.105 real sec
[M::mem_process_seqs] Processed 1001 reads in 0.899 CPU sec, 0.116 real sec
[M::mem_process_seqs] Processed 1001 reads in 0.887 CPU sec, 0.112 real sec
136013 [main] INFO main.java.edu.mit.compbio.bisulfitehic.mapping.Bhmem  - Processing reads 401000 ...
136013 [main] INFO main.java.edu.mit.compbio.bisulfitehic.mapping.Bhmem  - Unique mapped and paired reads 396784 ...
136017 [main] INFO main.java.edu.mit.compbio.bisulfitehic.mapping.Bhmem  - Processing reads 402000 ...
136017 [main] INFO main.java.edu.mit.compbio.bisulfitehic.mapping.Bhmem  - Unique mapped and paired reads 396784 ...
[M::mem_process_seqs] Processed 1001 reads in 1.021 CPU sec, 0.129 real sec
[M::mem_process_seqs] Processed 1001 reads in 0.868 CPU sec, 0.115 real sec
[M::mem_process_seqs] Processed 1001 reads in 0.979 CPU sec, 0.124 real sec
[M::mem_process_seqs] Processed 1001 reads in 0.926 CPU sec, 0.117 real sec
136668 [main] INFO main.java.edu.mit.compbio.bisulfitehic.mapping.Bhmem  - Processing reads 403000 ...
136668 [main] INFO main.java.edu.mit.compbio.bisulfitehic.mapping.Bhmem  - Unique mapped and paired reads 398768 ...
136672 [main] INFO main.java.edu.mit.compbio.bisulfitehic.mapping.Bhmem  - Processing reads 404000 ...
136672 [main] INFO main.java.edu.mit.compbio.bisulfitehic.mapping.Bhmem  - Unique mapped and paired reads 398768 ...
[M::mem_process_seqs] Processed 1001 reads in 0.947 CPU sec, 0.120 real sec
[M::mem_process_seqs] Processed 1001 reads in 0.880 CPU sec, 0.115 real sec
[M::mem_process_seqs] Processed 1001 reads in 0.959 CPU sec, 0.125 real sec
[M::mem_process_seqs] Processed 1001 reads in 0.964 CPU sec, 0.135 real sec
137329 [main] INFO main.java.edu.mit.compbio.bisulfitehic.mapping.Bhmem  - Processing reads 405000 ...
137329 [main] INFO main.java.edu.mit.compbio.bisulfitehic.mapping.Bhmem  - Unique mapped and paired reads 400752 ...
137333 [main] INFO main.java.edu.mit.compbio.bisulfitehic.mapping.Bhmem  - Processing reads 406000 ...
137333 [main] INFO main.java.edu.mit.compbio.bisulfitehic.mapping.Bhmem  - Unique mapped and paired reads 400752 ...
[M::mem_process_seqs] Processed 1001 reads in 0.970 CPU sec, 0.131 real sec
[M::mem_process_seqs] Processed 1001 reads in 0.919 CPU sec, 0.124 real sec
[M::mem_process_seqs] Processed 1001 reads in 1.046 CPU sec, 0.136 real sec
[M::mem_process_seqs] Processed 1001 reads in 0.957 CPU sec, 0.127 real sec
138010 [main] INFO main.java.edu.mit.compbio.bisulfitehic.mapping.Bhmem  - Processing reads 407000 ...
138010 [main] INFO main.java.edu.mit.compbio.bisulfitehic.mapping.Bhmem  - Unique mapped and paired reads 402734 ...
138014 [main] INFO main.java.edu.mit.compbio.bisulfitehic.mapping.Bhmem  - Processing reads 408000 ...
138014 [main] INFO main.java.edu.mit.compbio.bisulfitehic.mapping.Bhmem  - Unique mapped and paired reads 402734 ...
[M::mem_process_seqs] Processed 1001 reads in 0.928 CPU sec, 0.117 real sec
[M::mem_process_seqs] Processed 1001 reads in 0.818 CPU sec, 0.103 real sec
[M::mem_process_seqs] Processed 1001 reads in 0.987 CPU sec, 0.133 real sec
[M::mem_process_seqs] Processed 1001 reads in 0.961 CPU sec, 0.121 real sec
138656 [main] INFO main.java.edu.mit.compbio.bisulfitehic.mapping.Bhmem  - Processing reads 409000 ...
138656 [main] INFO main.java.edu.mit.compbio.bisulfitehic.mapping.Bhmem  - Unique mapped and paired reads 404722 ...
138660 [main] INFO main.java.edu.mit.compbio.bisulfitehic.mapping.Bhmem  - Processing reads 410000 ...
138660 [main] INFO main.java.edu.mit.compbio.bisulfitehic.mapping.Bhmem  - Unique mapped and paired reads 404722 ...
[M::mem_process_seqs] Processed 1001 reads in 0.960 CPU sec, 0.126 real sec
[M::mem_process_seqs] Processed 1001 reads in 0.960 CPU sec, 0.127 real sec
[M::mem_process_seqs] Processed 1001 reads in 0.975 CPU sec, 0.126 real sec
[M::mem_process_seqs] Processed 1001 reads in 1.026 CPU sec, 0.136 real sec
139334 [main] INFO main.java.edu.mit.compbio.bisulfitehic.mapping.Bhmem  - Processing reads 411000 ...
139334 [main] INFO main.java.edu.mit.compbio.bisulfitehic.mapping.Bhmem  - Unique mapped and paired reads 406708 ...
139337 [main] INFO main.java.edu.mit.compbio.bisulfitehic.mapping.Bhmem  - Processing reads 412000 ...
139337 [main] INFO main.java.edu.mit.compbio.bisulfitehic.mapping.Bhmem  - Unique mapped and paired reads 406708 ...
[M::mem_process_seqs] Processed 1001 reads in 1.003 CPU sec, 0.128 real sec
[M::mem_process_seqs] Processed 1001 reads in 0.966 CPU sec, 0.124 real sec
[M::mem_process_seqs] Processed 1001 reads in 1.057 CPU sec, 0.137 real sec
[M::mem_process_seqs] Processed 1001 reads in 1.015 CPU sec, 0.136 real sec
140027 [main] INFO main.java.edu.mit.compbio.bisulfitehic.mapping.Bhmem  - Processing reads 413000 ...
140027 [main] INFO main.java.edu.mit.compbio.bisulfitehic.mapping.Bhmem  - Unique mapped and paired reads 408688 ...
140031 [main] INFO main.java.edu.mit.compbio.bisulfitehic.mapping.Bhmem  - Processing reads 414000 ...
140031 [main] INFO main.java.edu.mit.compbio.bisulfitehic.mapping.Bhmem  - Unique mapped and paired reads 408688 ...
[M::mem_process_seqs] Processed 1001 reads in 1.038 CPU sec, 0.141 real sec
[M::mem_process_seqs] Processed 1001 reads in 1.023 CPU sec, 0.141 real sec
[M::mem_process_seqs] Processed 1001 reads in 1.223 CPU sec, 0.156 real sec
[M::mem_process_seqs] Processed 1001 reads in 1.127 CPU sec, 0.145 real sec
140818 [main] INFO main.java.edu.mit.compbio.bisulfitehic.mapping.Bhmem  - Processing reads 415000 ...
140818 [main] INFO main.java.edu.mit.compbio.bisulfitehic.mapping.Bhmem  - Unique mapped and paired reads 410686 ...
140824 [main] INFO main.java.edu.mit.compbio.bisulfitehic.mapping.Bhmem  - Processing reads 416000 ...
140824 [main] INFO main.java.edu.mit.compbio.bisulfitehic.mapping.Bhmem  - Unique mapped and paired reads 410686 ...
[M::mem_process_seqs] Processed 1001 reads in 1.022 CPU sec, 0.136 real sec
[M::mem_process_seqs] Processed 1001 reads in 0.952 CPU sec, 0.122 real sec
[M::mem_process_seqs] Processed 1001 reads in 1.155 CPU sec, 0.151 real sec
[M::mem_process_seqs] Processed 1001 reads in 1.093 CPU sec, 0.140 real sec
141546 [main] INFO main.java.edu.mit.compbio.bisulfitehic.mapping.Bhmem  - Processing reads 417000 ...
141546 [main] INFO main.java.edu.mit.compbio.bisulfitehic.mapping.Bhmem  - Unique mapped and paired reads 412668 ...
141550 [main] INFO main.java.edu.mit.compbio.bisulfitehic.mapping.Bhmem  - Processing reads 418000 ...
141550 [main] INFO main.java.edu.mit.compbio.bisulfitehic.mapping.Bhmem  - Unique mapped and paired reads 412668 ...
[M::mem_process_seqs] Processed 1001 reads in 0.970 CPU sec, 0.124 real sec
[M::mem_process_seqs] Processed 1001 reads in 0.924 CPU sec, 0.119 real sec
[M::mem_process_seqs] Processed 1001 reads in 1.053 CPU sec, 0.136 real sec
[M::mem_process_seqs] Processed 1001 reads in 1.025 CPU sec, 0.130 real sec
142223 [main] INFO main.java.edu.mit.compbio.bisulfitehic.mapping.Bhmem  - Processing reads 419000 ...
142223 [main] INFO main.java.edu.mit.compbio.bisulfitehic.mapping.Bhmem  - Unique mapped and paired reads 414644 ...
142227 [main] INFO main.java.edu.mit.compbio.bisulfitehic.mapping.Bhmem  - Processing reads 420000 ...
142227 [main] INFO main.java.edu.mit.compbio.bisulfitehic.mapping.Bhmem  - Unique mapped and paired reads 414644 ...
[M::mem_process_seqs] Processed 1001 reads in 1.006 CPU sec, 0.127 real sec
[M::mem_process_seqs] Processed 1001 reads in 0.874 CPU sec, 0.135 real sec
[M::mem_process_seqs] Processed 1001 reads in 1.072 CPU sec, 0.139 real sec
[M::mem_process_seqs] Processed 1001 reads in 0.998 CPU sec, 0.128 real sec
142925 [main] INFO main.java.edu.mit.compbio.bisulfitehic.mapping.Bhmem  - Processing reads 421000 ...
142925 [main] INFO main.java.edu.mit.compbio.bisulfitehic.mapping.Bhmem  - Unique mapped and paired reads 416640 ...
142929 [main] INFO main.java.edu.mit.compbio.bisulfitehic.mapping.Bhmem  - Processing reads 422000 ...
142929 [main] INFO main.java.edu.mit.compbio.bisulfitehic.mapping.Bhmem  - Unique mapped and paired reads 416640 ...
[M::mem_process_seqs] Processed 1001 reads in 0.982 CPU sec, 0.130 real sec
[M::mem_process_seqs] Processed 1001 reads in 0.952 CPU sec, 0.123 real sec
[M::mem_process_seqs] Processed 1001 reads in 1.030 CPU sec, 0.134 real sec
[M::mem_process_seqs] Processed 1001 reads in 1.116 CPU sec, 0.146 real sec
143622 [main] INFO main.java.edu.mit.compbio.bisulfitehic.mapping.Bhmem  - Processing reads 423000 ...
143622 [main] INFO main.java.edu.mit.compbio.bisulfitehic.mapping.Bhmem  - Unique mapped and paired reads 418626 ...
143626 [main] INFO main.java.edu.mit.compbio.bisulfitehic.mapping.Bhmem  - Processing reads 424000 ...
143626 [main] INFO main.java.edu.mit.compbio.bisulfitehic.mapping.Bhmem  - Unique mapped and paired reads 418626 ...
[M::mem_process_seqs] Processed 1001 reads in 1.132 CPU sec, 0.144 real sec
[M::mem_process_seqs] Processed 1001 reads in 1.016 CPU sec, 0.128 real sec
[M::mem_process_seqs] Processed 1001 reads in 0.905 CPU sec, 0.126 real sec
[M::mem_process_seqs] Processed 1001 reads in 0.897 CPU sec, 0.119 real sec
144321 [main] INFO main.java.edu.mit.compbio.bisulfitehic.mapping.Bhmem  - Processing reads 425000 ...
144321 [main] INFO main.java.edu.mit.compbio.bisulfitehic.mapping.Bhmem  - Unique mapped and paired reads 420610 ...
144325 [main] INFO main.java.edu.mit.compbio.bisulfitehic.mapping.Bhmem  - Processing reads 426000 ...
144325 [main] INFO main.java.edu.mit.compbio.bisulfitehic.mapping.Bhmem  - Unique mapped and paired reads 420610 ...
[M::mem_process_seqs] Processed 1001 reads in 1.386 CPU sec, 0.175 real sec
[M::mem_process_seqs] Processed 1001 reads in 1.292 CPU sec, 0.163 real sec
[M::mem_process_seqs] Processed 1001 reads in 0.795 CPU sec, 0.129 real sec
[M::mem_process_seqs] Processed 1001 reads in 0.753 CPU sec, 0.102 real sec
145101 [main] INFO main.java.edu.mit.compbio.bisulfitehic.mapping.Bhmem  - Processing reads 427000 ...
145101 [main] INFO main.java.edu.mit.compbio.bisulfitehic.mapping.Bhmem  - Unique mapped and paired reads 422598 ...
145105 [main] INFO main.java.edu.mit.compbio.bisulfitehic.mapping.Bhmem  - Processing reads 428000 ...
145105 [main] INFO main.java.edu.mit.compbio.bisulfitehic.mapping.Bhmem  - Unique mapped and paired reads 422598 ...
[M::mem_process_seqs] Processed 1001 reads in 1.417 CPU sec, 0.181 real sec
[M::mem_process_seqs] Processed 1001 reads in 1.307 CPU sec, 0.167 real sec
[M::mem_process_seqs] Processed 1001 reads in 0.796 CPU sec, 0.103 real sec
[M::mem_process_seqs] Processed 1001 reads in 0.748 CPU sec, 0.097 real sec
145858 [main] INFO main.java.edu.mit.compbio.bisulfitehic.mapping.Bhmem  - Processing reads 429000 ...
145858 [main] INFO main.java.edu.mit.compbio.bisulfitehic.mapping.Bhmem  - Unique mapped and paired reads 424568 ...
145862 [main] INFO main.java.edu.mit.compbio.bisulfitehic.mapping.Bhmem  - Processing reads 430000 ...
145863 [main] INFO main.java.edu.mit.compbio.bisulfitehic.mapping.Bhmem  - Unique mapped and paired reads 424568 ...
[M::mem_process_seqs] Processed 1001 reads in 1.390 CPU sec, 0.176 real sec
[M::mem_process_seqs] Processed 1001 reads in 1.298 CPU sec, 0.174 real sec
[M::mem_process_seqs] Processed 1001 reads in 0.814 CPU sec, 0.106 real sec
[M::mem_process_seqs] Processed 1001 reads in 0.759 CPU sec, 0.099 real sec
146627 [main] INFO main.java.edu.mit.compbio.bisulfitehic.mapping.Bhmem  - Processing reads 431000 ...
146627 [main] INFO main.java.edu.mit.compbio.bisulfitehic.mapping.Bhmem  - Unique mapped and paired reads 426548 ...
146631 [main] INFO main.java.edu.mit.compbio.bisulfitehic.mapping.Bhmem  - Processing reads 432000 ...
146631 [main] INFO main.java.edu.mit.compbio.bisulfitehic.mapping.Bhmem  - Unique mapped and paired reads 426548 ...
[M::mem_process_seqs] Processed 1001 reads in 1.098 CPU sec, 0.140 real sec
[M::mem_process_seqs] Processed 1001 reads in 1.023 CPU sec, 0.132 real sec
[M::mem_process_seqs] Processed 1001 reads in 0.971 CPU sec, 0.135 real sec
[M::mem_process_seqs] Processed 1001 reads in 1.043 CPU sec, 0.134 real sec
147347 [main] INFO main.java.edu.mit.compbio.bisulfitehic.mapping.Bhmem  - Processing reads 433000 ...
147348 [main] INFO main.java.edu.mit.compbio.bisulfitehic.mapping.Bhmem  - Unique mapped and paired reads 428538 ...
147352 [main] INFO main.java.edu.mit.compbio.bisulfitehic.mapping.Bhmem  - Processing reads 434000 ...
147352 [main] INFO main.java.edu.mit.compbio.bisulfitehic.mapping.Bhmem  - Unique mapped and paired reads 428538 ...
[M::mem_process_seqs] Processed 1001 reads in 0.974 CPU sec, 0.130 real sec
[M::mem_process_seqs] Processed 1001 reads in 0.947 CPU sec, 0.122 real sec
[M::mem_process_seqs] Processed 1001 reads in 0.991 CPU sec, 0.132 real sec
[M::mem_process_seqs] Processed 1001 reads in 0.991 CPU sec, 0.137 real sec
148039 [main] INFO main.java.edu.mit.compbio.bisulfitehic.mapping.Bhmem  - Processing reads 435000 ...
148039 [main] INFO main.java.edu.mit.compbio.bisulfitehic.mapping.Bhmem  - Unique mapped and paired reads 430520 ...
148043 [main] INFO main.java.edu.mit.compbio.bisulfitehic.mapping.Bhmem  - Processing reads 436000 ...
148043 [main] INFO main.java.edu.mit.compbio.bisulfitehic.mapping.Bhmem  - Unique mapped and paired reads 430520 ...
[M::mem_process_seqs] Processed 1001 reads in 0.945 CPU sec, 0.119 real sec
[M::mem_process_seqs] Processed 1001 reads in 0.903 CPU sec, 0.129 real sec
[M::mem_process_seqs] Processed 1001 reads in 1.023 CPU sec, 0.137 real sec
[M::mem_process_seqs] Processed 1001 reads in 0.976 CPU sec, 0.123 real sec
148716 [main] INFO main.java.edu.mit.compbio.bisulfitehic.mapping.Bhmem  - Processing reads 437000 ...
148716 [main] INFO main.java.edu.mit.compbio.bisulfitehic.mapping.Bhmem  - Unique mapped and paired reads 432506 ...
148720 [main] INFO main.java.edu.mit.compbio.bisulfitehic.mapping.Bhmem  - Processing reads 438000 ...
148720 [main] INFO main.java.edu.mit.compbio.bisulfitehic.mapping.Bhmem  - Unique mapped and paired reads 432506 ...
[M::mem_process_seqs] Processed 1001 reads in 0.875 CPU sec, 0.113 real sec
[M::mem_process_seqs] Processed 1001 reads in 0.844 CPU sec, 0.124 real sec
[M::mem_process_seqs] Processed 1001 reads in 0.918 CPU sec, 0.117 real sec
[M::mem_process_seqs] Processed 1001 reads in 0.944 CPU sec, 0.126 real sec
149367 [main] INFO main.java.edu.mit.compbio.bisulfitehic.mapping.Bhmem  - Processing reads 439000 ...
149367 [main] INFO main.java.edu.mit.compbio.bisulfitehic.mapping.Bhmem  - Unique mapped and paired reads 434482 ...
149371 [main] INFO main.java.edu.mit.compbio.bisulfitehic.mapping.Bhmem  - Processing reads 440000 ...
149371 [main] INFO main.java.edu.mit.compbio.bisulfitehic.mapping.Bhmem  - Unique mapped and paired reads 434482 ...
[M::mem_process_seqs] Processed 1001 reads in 1.055 CPU sec, 0.150 real sec
[M::mem_process_seqs] Processed 1001 reads in 0.945 CPU sec, 0.123 real sec
[M::mem_process_seqs] Processed 1001 reads in 1.207 CPU sec, 0.156 real sec
[M::mem_process_seqs] Processed 1001 reads in 1.043 CPU sec, 0.131 real sec
150099 [main] INFO main.java.edu.mit.compbio.bisulfitehic.mapping.Bhmem  - Processing reads 441000 ...
150099 [main] INFO main.java.edu.mit.compbio.bisulfitehic.mapping.Bhmem  - Unique mapped and paired reads 436460 ...
150103 [main] INFO main.java.edu.mit.compbio.bisulfitehic.mapping.Bhmem  - Processing reads 442000 ...
150103 [main] INFO main.java.edu.mit.compbio.bisulfitehic.mapping.Bhmem  - Unique mapped and paired reads 436460 ...
[M::mem_process_seqs] Processed 1001 reads in 0.981 CPU sec, 0.133 real sec
[M::mem_process_seqs] Processed 1001 reads in 0.906 CPU sec, 0.124 real sec
[M::mem_process_seqs] Processed 1001 reads in 1.079 CPU sec, 0.142 real sec
[M::mem_process_seqs] Processed 1001 reads in 1.143 CPU sec, 0.170 real sec
150843 [main] INFO main.java.edu.mit.compbio.bisulfitehic.mapping.Bhmem  - Processing reads 443000 ...
150843 [main] INFO main.java.edu.mit.compbio.bisulfitehic.mapping.Bhmem  - Unique mapped and paired reads 438440 ...
150847 [main] INFO main.java.edu.mit.compbio.bisulfitehic.mapping.Bhmem  - Processing reads 444000 ...
150847 [main] INFO main.java.edu.mit.compbio.bisulfitehic.mapping.Bhmem  - Unique mapped and paired reads 438440 ...
[M::mem_process_seqs] Processed 1001 reads in 1.007 CPU sec, 0.127 real sec
[M::mem_process_seqs] Processed 1001 reads in 0.891 CPU sec, 0.115 real sec
[M::mem_process_seqs] Processed 1001 reads in 0.970 CPU sec, 0.125 real sec
[M::mem_process_seqs] Processed 1001 reads in 0.931 CPU sec, 0.117 real sec
151503 [main] INFO main.java.edu.mit.compbio.bisulfitehic.mapping.Bhmem  - Processing reads 445000 ...
151503 [main] INFO main.java.edu.mit.compbio.bisulfitehic.mapping.Bhmem  - Unique mapped and paired reads 440430 ...
151507 [main] INFO main.java.edu.mit.compbio.bisulfitehic.mapping.Bhmem  - Processing reads 446000 ...
151507 [main] INFO main.java.edu.mit.compbio.bisulfitehic.mapping.Bhmem  - Unique mapped and paired reads 440430 ...
[M::mem_process_seqs] Processed 1001 reads in 0.955 CPU sec, 0.123 real sec
[M::mem_process_seqs] Processed 1001 reads in 0.843 CPU sec, 0.106 real sec
[M::mem_process_seqs] Processed 1001 reads in 1.074 CPU sec, 0.136 real sec
[M::mem_process_seqs] Processed 1001 reads in 1.046 CPU sec, 0.132 real sec
152172 [main] INFO main.java.edu.mit.compbio.bisulfitehic.mapping.Bhmem  - Processing reads 447000 ...
152172 [main] INFO main.java.edu.mit.compbio.bisulfitehic.mapping.Bhmem  - Unique mapped and paired reads 442418 ...
152176 [main] INFO main.java.edu.mit.compbio.bisulfitehic.mapping.Bhmem  - Processing reads 448000 ...
152176 [main] INFO main.java.edu.mit.compbio.bisulfitehic.mapping.Bhmem  - Unique mapped and paired reads 442418 ...
[M::mem_process_seqs] Processed 1001 reads in 1.012 CPU sec, 0.137 real sec
[M::mem_process_seqs] Processed 1001 reads in 0.986 CPU sec, 0.126 real sec
[M::mem_process_seqs] Processed 1001 reads in 1.115 CPU sec, 0.148 real sec
[M::mem_process_seqs] Processed 1001 reads in 1.103 CPU sec, 0.142 real sec
152899 [main] INFO main.java.edu.mit.compbio.bisulfitehic.mapping.Bhmem  - Processing reads 449000 ...
152899 [main] INFO main.java.edu.mit.compbio.bisulfitehic.mapping.Bhmem  - Unique mapped and paired reads 444406 ...
152903 [main] INFO main.java.edu.mit.compbio.bisulfitehic.mapping.Bhmem  - Processing reads 450000 ...
152903 [main] INFO main.java.edu.mit.compbio.bisulfitehic.mapping.Bhmem  - Unique mapped and paired reads 444406 ...
[M::mem_process_seqs] Processed 1001 reads in 0.982 CPU sec, 0.124 real sec
[M::mem_process_seqs] Processed 1001 reads in 0.878 CPU sec, 0.111 real sec
[M::mem_process_seqs] Processed 1001 reads in 1.159 CPU sec, 0.160 real sec
[M::mem_process_seqs] Processed 1001 reads in 1.047 CPU sec, 0.133 real sec
153612 [main] INFO main.java.edu.mit.compbio.bisulfitehic.mapping.Bhmem  - Processing reads 451000 ...
153612 [main] INFO main.java.edu.mit.compbio.bisulfitehic.mapping.Bhmem  - Unique mapped and paired reads 446390 ...
153616 [main] INFO main.java.edu.mit.compbio.bisulfitehic.mapping.Bhmem  - Processing reads 452000 ...
153616 [main] INFO main.java.edu.mit.compbio.bisulfitehic.mapping.Bhmem  - Unique mapped and paired reads 446390 ...
[M::mem_process_seqs] Processed 1001 reads in 1.068 CPU sec, 0.141 real sec
[M::mem_process_seqs] Processed 1001 reads in 0.964 CPU sec, 0.122 real sec
[M::mem_process_seqs] Processed 1001 reads in 1.141 CPU sec, 0.157 real sec
[M::mem_process_seqs] Processed 1001 reads in 1.189 CPU sec, 0.158 real sec
154363 [main] INFO main.java.edu.mit.compbio.bisulfitehic.mapping.Bhmem  - Processing reads 453000 ...
154363 [main] INFO main.java.edu.mit.compbio.bisulfitehic.mapping.Bhmem  - Unique mapped and paired reads 448378 ...
154367 [main] INFO main.java.edu.mit.compbio.bisulfitehic.mapping.Bhmem  - Processing reads 454000 ...
154367 [main] INFO main.java.edu.mit.compbio.bisulfitehic.mapping.Bhmem  - Unique mapped and paired reads 448378 ...
[M::mem_process_seqs] Processed 1001 reads in 1.071 CPU sec, 0.139 real sec
[M::mem_process_seqs] Processed 1001 reads in 0.947 CPU sec, 0.134 real sec
[M::mem_process_seqs] Processed 1001 reads in 1.170 CPU sec, 0.151 real sec
[M::mem_process_seqs] Processed 1001 reads in 1.040 CPU sec, 0.134 real sec
155106 [main] INFO main.java.edu.mit.compbio.bisulfitehic.mapping.Bhmem  - Processing reads 455000 ...
155107 [main] INFO main.java.edu.mit.compbio.bisulfitehic.mapping.Bhmem  - Unique mapped and paired reads 450364 ...
155111 [main] INFO main.java.edu.mit.compbio.bisulfitehic.mapping.Bhmem  - Processing reads 456000 ...
155111 [main] INFO main.java.edu.mit.compbio.bisulfitehic.mapping.Bhmem  - Unique mapped and paired reads 450364 ...
[M::mem_process_seqs] Processed 1001 reads in 1.003 CPU sec, 0.128 real sec
[M::mem_process_seqs] Processed 1001 reads in 1.004 CPU sec, 0.136 real sec
[M::mem_process_seqs] Processed 1001 reads in 1.117 CPU sec, 0.143 real sec
[M::mem_process_seqs] Processed 1001 reads in 1.028 CPU sec, 0.131 real sec
155823 [main] INFO main.java.edu.mit.compbio.bisulfitehic.mapping.Bhmem  - Processing reads 457000 ...
155823 [main] INFO main.java.edu.mit.compbio.bisulfitehic.mapping.Bhmem  - Unique mapped and paired reads 452352 ...
155827 [main] INFO main.java.edu.mit.compbio.bisulfitehic.mapping.Bhmem  - Processing reads 458000 ...
155827 [main] INFO main.java.edu.mit.compbio.bisulfitehic.mapping.Bhmem  - Unique mapped and paired reads 452352 ...
[M::mem_process_seqs] Processed 1001 reads in 0.928 CPU sec, 0.118 real sec
[M::mem_process_seqs] Processed 1001 reads in 0.898 CPU sec, 0.116 real sec
[M::mem_process_seqs] Processed 1001 reads in 1.087 CPU sec, 0.142 real sec
[M::mem_process_seqs] Processed 1001 reads in 1.107 CPU sec, 0.145 real sec
156527 [main] INFO main.java.edu.mit.compbio.bisulfitehic.mapping.Bhmem  - Processing reads 459000 ...
156527 [main] INFO main.java.edu.mit.compbio.bisulfitehic.mapping.Bhmem  - Unique mapped and paired reads 454334 ...
156531 [main] INFO main.java.edu.mit.compbio.bisulfitehic.mapping.Bhmem  - Processing reads 460000 ...
156531 [main] INFO main.java.edu.mit.compbio.bisulfitehic.mapping.Bhmem  - Unique mapped and paired reads 454334 ...
[M::mem_process_seqs] Processed 1001 reads in 1.008 CPU sec, 0.128 real sec
[M::mem_process_seqs] Processed 1001 reads in 0.860 CPU sec, 0.110 real sec
[M::mem_process_seqs] Processed 1001 reads in 1.180 CPU sec, 0.155 real sec
[M::mem_process_seqs] Processed 1001 reads in 1.073 CPU sec, 0.140 real sec
157238 [main] INFO main.java.edu.mit.compbio.bisulfitehic.mapping.Bhmem  - Processing reads 461000 ...
157238 [main] INFO main.java.edu.mit.compbio.bisulfitehic.mapping.Bhmem  - Unique mapped and paired reads 456314 ...
157242 [main] INFO main.java.edu.mit.compbio.bisulfitehic.mapping.Bhmem  - Processing reads 462000 ...
157242 [main] INFO main.java.edu.mit.compbio.bisulfitehic.mapping.Bhmem  - Unique mapped and paired reads 456314 ...
[M::mem_process_seqs] Processed 1001 reads in 1.384 CPU sec, 0.175 real sec
[M::mem_process_seqs] Processed 1001 reads in 1.298 CPU sec, 0.163 real sec
[M::mem_process_seqs] Processed 1001 reads in 0.955 CPU sec, 0.126 real sec
[M::mem_process_seqs] Processed 1001 reads in 0.933 CPU sec, 0.130 real sec
158050 [main] INFO main.java.edu.mit.compbio.bisulfitehic.mapping.Bhmem  - Processing reads 463000 ...
158050 [main] INFO main.java.edu.mit.compbio.bisulfitehic.mapping.Bhmem  - Unique mapped and paired reads 458294 ...
158054 [main] INFO main.java.edu.mit.compbio.bisulfitehic.mapping.Bhmem  - Processing reads 464000 ...
158054 [main] INFO main.java.edu.mit.compbio.bisulfitehic.mapping.Bhmem  - Unique mapped and paired reads 458294 ...
[M::mem_process_seqs] Processed 1001 reads in 1.438 CPU sec, 0.181 real sec
[M::mem_process_seqs] Processed 1001 reads in 1.346 CPU sec, 0.170 real sec
[M::mem_process_seqs] Processed 1001 reads in 0.919 CPU sec, 0.127 real sec
[M::mem_process_seqs] Processed 1001 reads in 0.914 CPU sec, 0.119 real sec
158870 [main] INFO main.java.edu.mit.compbio.bisulfitehic.mapping.Bhmem  - Processing reads 465000 ...
158870 [main] INFO main.java.edu.mit.compbio.bisulfitehic.mapping.Bhmem  - Unique mapped and paired reads 460266 ...
158874 [main] INFO main.java.edu.mit.compbio.bisulfitehic.mapping.Bhmem  - Processing reads 466000 ...
158875 [main] INFO main.java.edu.mit.compbio.bisulfitehic.mapping.Bhmem  - Unique mapped and paired reads 460266 ...
[M::mem_process_seqs] Processed 1001 reads in 1.432 CPU sec, 0.181 real sec
[M::mem_process_seqs] Processed 1001 reads in 1.317 CPU sec, 0.166 real sec
[M::mem_process_seqs] Processed 1001 reads in 0.962 CPU sec, 0.132 real sec
[M::mem_process_seqs] Processed 1001 reads in 0.944 CPU sec, 0.128 real sec
159702 [main] INFO main.java.edu.mit.compbio.bisulfitehic.mapping.Bhmem  - Processing reads 467000 ...
159702 [main] INFO main.java.edu.mit.compbio.bisulfitehic.mapping.Bhmem  - Unique mapped and paired reads 462254 ...
159706 [main] INFO main.java.edu.mit.compbio.bisulfitehic.mapping.Bhmem  - Processing reads 468000 ...
159706 [main] INFO main.java.edu.mit.compbio.bisulfitehic.mapping.Bhmem  - Unique mapped and paired reads 462254 ...
[M::mem_process_seqs] Processed 1001 reads in 1.399 CPU sec, 0.182 real sec
[M::mem_process_seqs] Processed 1001 reads in 1.298 CPU sec, 0.167 real sec
[M::mem_process_seqs] Processed 1001 reads in 0.791 CPU sec, 0.109 real sec
[M::mem_process_seqs] Processed 1001 reads in 0.742 CPU sec, 0.101 real sec
160483 [main] INFO main.java.edu.mit.compbio.bisulfitehic.mapping.Bhmem  - Processing reads 469000 ...
160483 [main] INFO main.java.edu.mit.compbio.bisulfitehic.mapping.Bhmem  - Unique mapped and paired reads 464232 ...
160487 [main] INFO main.java.edu.mit.compbio.bisulfitehic.mapping.Bhmem  - Processing reads 470000 ...
160487 [main] INFO main.java.edu.mit.compbio.bisulfitehic.mapping.Bhmem  - Unique mapped and paired reads 464232 ...
[M::mem_process_seqs] Processed 1001 reads in 0.995 CPU sec, 0.129 real sec
[M::mem_process_seqs] Processed 1001 reads in 0.939 CPU sec, 0.122 real sec
[M::mem_process_seqs] Processed 1001 reads in 1.063 CPU sec, 0.139 real sec
[M::mem_process_seqs] Processed 1001 reads in 1.097 CPU sec, 0.149 real sec
161200 [main] INFO main.java.edu.mit.compbio.bisulfitehic.mapping.Bhmem  - Processing reads 471000 ...
161200 [main] INFO main.java.edu.mit.compbio.bisulfitehic.mapping.Bhmem  - Unique mapped and paired reads 466218 ...
161204 [main] INFO main.java.edu.mit.compbio.bisulfitehic.mapping.Bhmem  - Processing reads 472000 ...
161204 [main] INFO main.java.edu.mit.compbio.bisulfitehic.mapping.Bhmem  - Unique mapped and paired reads 466218 ...
[M::mem_process_seqs] Processed 1001 reads in 1.013 CPU sec, 0.136 real sec
[M::mem_process_seqs] Processed 1001 reads in 0.919 CPU sec, 0.122 real sec
[M::mem_process_seqs] Processed 1001 reads in 1.183 CPU sec, 0.161 real sec
[M::mem_process_seqs] Processed 1001 reads in 1.005 CPU sec, 0.130 real sec
161917 [main] INFO main.java.edu.mit.compbio.bisulfitehic.mapping.Bhmem  - Processing reads 473000 ...
161917 [main] INFO main.java.edu.mit.compbio.bisulfitehic.mapping.Bhmem  - Unique mapped and paired reads 468194 ...
161921 [main] INFO main.java.edu.mit.compbio.bisulfitehic.mapping.Bhmem  - Processing reads 474000 ...
161921 [main] INFO main.java.edu.mit.compbio.bisulfitehic.mapping.Bhmem  - Unique mapped and paired reads 468194 ...
[M::mem_process_seqs] Processed 1001 reads in 1.086 CPU sec, 0.141 real sec
[M::mem_process_seqs] Processed 1001 reads in 0.954 CPU sec, 0.140 real sec
[M::mem_process_seqs] Processed 1001 reads in 1.108 CPU sec, 0.140 real sec
[M::mem_process_seqs] Processed 1001 reads in 1.028 CPU sec, 0.145 real sec
162671 [main] INFO main.java.edu.mit.compbio.bisulfitehic.mapping.Bhmem  - Processing reads 475000 ...
162671 [main] INFO main.java.edu.mit.compbio.bisulfitehic.mapping.Bhmem  - Unique mapped and paired reads 470180 ...
162675 [main] INFO main.java.edu.mit.compbio.bisulfitehic.mapping.Bhmem  - Processing reads 476000 ...
162675 [main] INFO main.java.edu.mit.compbio.bisulfitehic.mapping.Bhmem  - Unique mapped and paired reads 470180 ...
[M::mem_process_seqs] Processed 1001 reads in 0.932 CPU sec, 0.118 real sec
[M::mem_process_seqs] Processed 1001 reads in 0.950 CPU sec, 0.120 real sec
[M::mem_process_seqs] Processed 1001 reads in 1.100 CPU sec, 0.150 real sec
[M::mem_process_seqs] Processed 1001 reads in 1.211 CPU sec, 0.161 real sec
163401 [main] INFO main.java.edu.mit.compbio.bisulfitehic.mapping.Bhmem  - Processing reads 477000 ...
163401 [main] INFO main.java.edu.mit.compbio.bisulfitehic.mapping.Bhmem  - Unique mapped and paired reads 472170 ...
163405 [main] INFO main.java.edu.mit.compbio.bisulfitehic.mapping.Bhmem  - Processing reads 478000 ...
163405 [main] INFO main.java.edu.mit.compbio.bisulfitehic.mapping.Bhmem  - Unique mapped and paired reads 472170 ...
[M::mem_process_seqs] Processed 1001 reads in 1.004 CPU sec, 0.127 real sec
[M::mem_process_seqs] Processed 1001 reads in 0.890 CPU sec, 0.115 real sec
[M::mem_process_seqs] Processed 1001 reads in 1.083 CPU sec, 0.138 real sec
[M::mem_process_seqs] Processed 1001 reads in 1.087 CPU sec, 0.141 real sec
164103 [main] INFO main.java.edu.mit.compbio.bisulfitehic.mapping.Bhmem  - Processing reads 479000 ...
164103 [main] INFO main.java.edu.mit.compbio.bisulfitehic.mapping.Bhmem  - Unique mapped and paired reads 474156 ...
164107 [main] INFO main.java.edu.mit.compbio.bisulfitehic.mapping.Bhmem  - Processing reads 480000 ...
164107 [main] INFO main.java.edu.mit.compbio.bisulfitehic.mapping.Bhmem  - Unique mapped and paired reads 474156 ...
[M::mem_process_seqs] Processed 1001 reads in 0.993 CPU sec, 0.125 real sec
[M::mem_process_seqs] Processed 1001 reads in 0.944 CPU sec, 0.126 real sec
[M::mem_process_seqs] Processed 1001 reads in 1.167 CPU sec, 0.150 real sec
[M::mem_process_seqs] Processed 1001 reads in 1.123 CPU sec, 0.142 real sec
164823 [main] INFO main.java.edu.mit.compbio.bisulfitehic.mapping.Bhmem  - Processing reads 481000 ...
164823 [main] INFO main.java.edu.mit.compbio.bisulfitehic.mapping.Bhmem  - Unique mapped and paired reads 476134 ...
164827 [main] INFO main.java.edu.mit.compbio.bisulfitehic.mapping.Bhmem  - Processing reads 482000 ...
164827 [main] INFO main.java.edu.mit.compbio.bisulfitehic.mapping.Bhmem  - Unique mapped and paired reads 476134 ...
[M::mem_process_seqs] Processed 1001 reads in 0.990 CPU sec, 0.125 real sec
[M::mem_process_seqs] Processed 1001 reads in 0.885 CPU sec, 0.115 real sec
[M::mem_process_seqs] Processed 1001 reads in 1.091 CPU sec, 0.140 real sec
[M::mem_process_seqs] Processed 1001 reads in 1.162 CPU sec, 0.156 real sec
165543 [main] INFO main.java.edu.mit.compbio.bisulfitehic.mapping.Bhmem  - Processing reads 483000 ...
165543 [main] INFO main.java.edu.mit.compbio.bisulfitehic.mapping.Bhmem  - Unique mapped and paired reads 478130 ...
165547 [main] INFO main.java.edu.mit.compbio.bisulfitehic.mapping.Bhmem  - Processing reads 484000 ...
165547 [main] INFO main.java.edu.mit.compbio.bisulfitehic.mapping.Bhmem  - Unique mapped and paired reads 478130 ...
[M::mem_process_seqs] Processed 1001 reads in 0.963 CPU sec, 0.124 real sec
[M::mem_process_seqs] Processed 1001 reads in 0.858 CPU sec, 0.109 real sec
[M::mem_process_seqs] Processed 1001 reads in 1.005 CPU sec, 0.127 real sec
[M::mem_process_seqs] Processed 1001 reads in 1.066 CPU sec, 0.137 real sec
166224 [main] INFO main.java.edu.mit.compbio.bisulfitehic.mapping.Bhmem  - Processing reads 485000 ...
166224 [main] INFO main.java.edu.mit.compbio.bisulfitehic.mapping.Bhmem  - Unique mapped and paired reads 480122 ...
166228 [main] INFO main.java.edu.mit.compbio.bisulfitehic.mapping.Bhmem  - Processing reads 486000 ...
166228 [main] INFO main.java.edu.mit.compbio.bisulfitehic.mapping.Bhmem  - Unique mapped and paired reads 480122 ...
[M::mem_process_seqs] Processed 1001 reads in 0.793 CPU sec, 0.100 real sec
[M::mem_process_seqs] Processed 1001 reads in 0.803 CPU sec, 0.102 real sec
[M::mem_process_seqs] Processed 1001 reads in 0.868 CPU sec, 0.110 real sec
[M::mem_process_seqs] Processed 1001 reads in 0.879 CPU sec, 0.111 real sec
166811 [main] INFO main.java.edu.mit.compbio.bisulfitehic.mapping.Bhmem  - Processing reads 487000 ...
166811 [main] INFO main.java.edu.mit.compbio.bisulfitehic.mapping.Bhmem  - Unique mapped and paired reads 482098 ...
166815 [main] INFO main.java.edu.mit.compbio.bisulfitehic.mapping.Bhmem  - Processing reads 488000 ...
166815 [main] INFO main.java.edu.mit.compbio.bisulfitehic.mapping.Bhmem  - Unique mapped and paired reads 482098 ...
[M::mem_process_seqs] Processed 1001 reads in 0.849 CPU sec, 0.115 real sec
[M::mem_process_seqs] Processed 1001 reads in 0.745 CPU sec, 0.100 real sec
[M::mem_process_seqs] Processed 1001 reads in 0.962 CPU sec, 0.132 real sec
[M::mem_process_seqs] Processed 1001 reads in 0.881 CPU sec, 0.129 real sec
167447 [main] INFO main.java.edu.mit.compbio.bisulfitehic.mapping.Bhmem  - Processing reads 489000 ...
167447 [main] INFO main.java.edu.mit.compbio.bisulfitehic.mapping.Bhmem  - Unique mapped and paired reads 484076 ...
167451 [main] INFO main.java.edu.mit.compbio.bisulfitehic.mapping.Bhmem  - Processing reads 490000 ...
167451 [main] INFO main.java.edu.mit.compbio.bisulfitehic.mapping.Bhmem  - Unique mapped and paired reads 484076 ...
[M::mem_process_seqs] Processed 1001 reads in 0.780 CPU sec, 0.099 real sec
[M::mem_process_seqs] Processed 1001 reads in 0.710 CPU sec, 0.102 real sec
[M::mem_process_seqs] Processed 1001 reads in 0.834 CPU sec, 0.109 real sec
[M::mem_process_seqs] Processed 1001 reads in 0.786 CPU sec, 0.100 real sec
168006 [main] INFO main.java.edu.mit.compbio.bisulfitehic.mapping.Bhmem  - Processing reads 491000 ...
168006 [main] INFO main.java.edu.mit.compbio.bisulfitehic.mapping.Bhmem  - Unique mapped and paired reads 486046 ...
168009 [main] INFO main.java.edu.mit.compbio.bisulfitehic.mapping.Bhmem  - Processing reads 492000 ...
168009 [main] INFO main.java.edu.mit.compbio.bisulfitehic.mapping.Bhmem  - Unique mapped and paired reads 486046 ...
[M::mem_process_seqs] Processed 1001 reads in 0.757 CPU sec, 0.096 real sec
[M::mem_process_seqs] Processed 1001 reads in 0.674 CPU sec, 0.089 real sec
[M::mem_process_seqs] Processed 1001 reads in 0.876 CPU sec, 0.112 real sec
[M::mem_process_seqs] Processed 1001 reads in 0.854 CPU sec, 0.108 real sec
168569 [main] INFO main.java.edu.mit.compbio.bisulfitehic.mapping.Bhmem  - Processing reads 493000 ...
168569 [main] INFO main.java.edu.mit.compbio.bisulfitehic.mapping.Bhmem  - Unique mapped and paired reads 488030 ...
168572 [main] INFO main.java.edu.mit.compbio.bisulfitehic.mapping.Bhmem  - Processing reads 494000 ...
168572 [main] INFO main.java.edu.mit.compbio.bisulfitehic.mapping.Bhmem  - Unique mapped and paired reads 488030 ...
[M::mem_process_seqs] Processed 1001 reads in 0.803 CPU sec, 0.105 real sec
[M::mem_process_seqs] Processed 1001 reads in 0.699 CPU sec, 0.095 real sec
[M::mem_process_seqs] Processed 1001 reads in 0.938 CPU sec, 0.123 real sec
[M::mem_process_seqs] Processed 1001 reads in 0.815 CPU sec, 0.106 real sec
169146 [main] INFO main.java.edu.mit.compbio.bisulfitehic.mapping.Bhmem  - Processing reads 495000 ...
169146 [main] INFO main.java.edu.mit.compbio.bisulfitehic.mapping.Bhmem  - Unique mapped and paired reads 490010 ...
169150 [main] INFO main.java.edu.mit.compbio.bisulfitehic.mapping.Bhmem  - Processing reads 496000 ...
169150 [main] INFO main.java.edu.mit.compbio.bisulfitehic.mapping.Bhmem  - Unique mapped and paired reads 490010 ...
[M::mem_process_seqs] Processed 1001 reads in 0.820 CPU sec, 0.107 real sec
[M::mem_process_seqs] Processed 1001 reads in 0.779 CPU sec, 0.102 real sec
[M::mem_process_seqs] Processed 1001 reads in 0.865 CPU sec, 0.115 real sec
[M::mem_process_seqs] Processed 1001 reads in 0.870 CPU sec, 0.115 real sec
169743 [main] INFO main.java.edu.mit.compbio.bisulfitehic.mapping.Bhmem  - Processing reads 497000 ...
169743 [main] INFO main.java.edu.mit.compbio.bisulfitehic.mapping.Bhmem  - Unique mapped and paired reads 491990 ...
169747 [main] INFO main.java.edu.mit.compbio.bisulfitehic.mapping.Bhmem  - Processing reads 498000 ...
169747 [main] INFO main.java.edu.mit.compbio.bisulfitehic.mapping.Bhmem  - Unique mapped and paired reads 491990 ...
[M::mem_process_seqs] Processed 1001 reads in 0.792 CPU sec, 0.104 real sec
[M::mem_process_seqs] Processed 1001 reads in 0.718 CPU sec, 0.094 real sec
[M::mem_process_seqs] Processed 1001 reads in 0.769 CPU sec, 0.100 real sec
[M::mem_process_seqs] Processed 1001 reads in 0.838 CPU sec, 0.106 real sec
170294 [main] INFO main.java.edu.mit.compbio.bisulfitehic.mapping.Bhmem  - Processing reads 499000 ...
170294 [main] INFO main.java.edu.mit.compbio.bisulfitehic.mapping.Bhmem  - Unique mapped and paired reads 493966 ...
170298 [main] INFO main.java.edu.mit.compbio.bisulfitehic.mapping.Bhmem  - Processing reads 500000 ...
170298 [main] INFO main.java.edu.mit.compbio.bisulfitehic.mapping.Bhmem  - Unique mapped and paired reads 493966 ...
[M::mem_process_seqs] Processed 1001 reads in 0.798 CPU sec, 0.109 real sec
[M::mem_process_seqs] Processed 1001 reads in 0.769 CPU sec, 0.100 real sec
[M::mem_process_seqs] Processed 1001 reads in 0.807 CPU sec, 0.102 real sec
[M::mem_process_seqs] Processed 1001 reads in 0.776 CPU sec, 0.107 real sec
170861 [main] INFO main.java.edu.mit.compbio.bisulfitehic.mapping.Bhmem  - Processing reads 501000 ...
170861 [main] INFO main.java.edu.mit.compbio.bisulfitehic.mapping.Bhmem  - Unique mapped and paired reads 495944 ...
170865 [main] INFO main.java.edu.mit.compbio.bisulfitehic.mapping.Bhmem  - Processing reads 502000 ...
170865 [main] INFO main.java.edu.mit.compbio.bisulfitehic.mapping.Bhmem  - Unique mapped and paired reads 495944 ...
[M::mem_process_seqs] Processed 1001 reads in 0.819 CPU sec, 0.105 real sec
[M::mem_process_seqs] Processed 1001 reads in 0.667 CPU sec, 0.098 real sec
[M::mem_process_seqs] Processed 1001 reads in 0.880 CPU sec, 0.113 real sec
[M::mem_process_seqs] Processed 1001 reads in 0.827 CPU sec, 0.112 real sec
171443 [main] INFO main.java.edu.mit.compbio.bisulfitehic.mapping.Bhmem  - Processing reads 503000 ...
171444 [main] INFO main.java.edu.mit.compbio.bisulfitehic.mapping.Bhmem  - Unique mapped and paired reads 497924 ...
171447 [main] INFO main.java.edu.mit.compbio.bisulfitehic.mapping.Bhmem  - Processing reads 504000 ...
171447 [main] INFO main.java.edu.mit.compbio.bisulfitehic.mapping.Bhmem  - Unique mapped and paired reads 497924 ...
[M::mem_process_seqs] Processed 1001 reads in 0.846 CPU sec, 0.108 real sec
[M::mem_process_seqs] Processed 1001 reads in 0.701 CPU sec, 0.093 real sec
[M::mem_process_seqs] Processed 1001 reads in 0.858 CPU sec, 0.113 real sec
[M::mem_process_seqs] Processed 1001 reads in 0.767 CPU sec, 0.104 real sec
172011 [main] INFO main.java.edu.mit.compbio.bisulfitehic.mapping.Bhmem  - Processing reads 505000 ...
172011 [main] INFO main.java.edu.mit.compbio.bisulfitehic.mapping.Bhmem  - Unique mapped and paired reads 499912 ...
172015 [main] INFO main.java.edu.mit.compbio.bisulfitehic.mapping.Bhmem  - Processing reads 506000 ...
172015 [main] INFO main.java.edu.mit.compbio.bisulfitehic.mapping.Bhmem  - Unique mapped and paired reads 499912 ...
[M::mem_process_seqs] Processed 1001 reads in 0.829 CPU sec, 0.107 real sec
[M::mem_process_seqs] Processed 1001 reads in 0.739 CPU sec, 0.103 real sec
[M::mem_process_seqs] Processed 1001 reads in 0.923 CPU sec, 0.144 real sec
[M::mem_process_seqs] Processed 1001 reads in 0.873 CPU sec, 0.113 real sec
172636 [main] INFO main.java.edu.mit.compbio.bisulfitehic.mapping.Bhmem  - Processing reads 507000 ...
172636 [main] INFO main.java.edu.mit.compbio.bisulfitehic.mapping.Bhmem  - Unique mapped and paired reads 501890 ...
172639 [main] INFO main.java.edu.mit.compbio.bisulfitehic.mapping.Bhmem  - Processing reads 508000 ...
172639 [main] INFO main.java.edu.mit.compbio.bisulfitehic.mapping.Bhmem  - Unique mapped and paired reads 501890 ...
[M::mem_process_seqs] Processed 1001 reads in 0.932 CPU sec, 0.119 real sec
[M::mem_process_seqs] Processed 1001 reads in 0.815 CPU sec, 0.103 real sec
[M::mem_process_seqs] Processed 1001 reads in 0.870 CPU sec, 0.111 real sec
[M::mem_process_seqs] Processed 1001 reads in 0.910 CPU sec, 0.116 real sec
173243 [main] INFO main.java.edu.mit.compbio.bisulfitehic.mapping.Bhmem  - Processing reads 509000 ...
173243 [main] INFO main.java.edu.mit.compbio.bisulfitehic.mapping.Bhmem  - Unique mapped and paired reads 503878 ...
173247 [main] INFO main.java.edu.mit.compbio.bisulfitehic.mapping.Bhmem  - Processing reads 510000 ...
173247 [main] INFO main.java.edu.mit.compbio.bisulfitehic.mapping.Bhmem  - Unique mapped and paired reads 503878 ...
[M::mem_process_seqs] Processed 1001 reads in 0.878 CPU sec, 0.115 real sec
[M::mem_process_seqs] Processed 1001 reads in 0.864 CPU sec, 0.112 real sec
[M::mem_process_seqs] Processed 1001 reads in 0.971 CPU sec, 0.141 real sec
[M::mem_process_seqs] Processed 1001 reads in 0.965 CPU sec, 0.122 real sec
173889 [main] INFO main.java.edu.mit.compbio.bisulfitehic.mapping.Bhmem  - Processing reads 511000 ...
173889 [main] INFO main.java.edu.mit.compbio.bisulfitehic.mapping.Bhmem  - Unique mapped and paired reads 505858 ...
173893 [main] INFO main.java.edu.mit.compbio.bisulfitehic.mapping.Bhmem  - Processing reads 512000 ...
173893 [main] INFO main.java.edu.mit.compbio.bisulfitehic.mapping.Bhmem  - Unique mapped and paired reads 505858 ...
[M::mem_process_seqs] Processed 1001 reads in 0.906 CPU sec, 0.115 real sec
[M::mem_process_seqs] Processed 1001 reads in 0.912 CPU sec, 0.117 real sec
[M::mem_process_seqs] Processed 1001 reads in 0.959 CPU sec, 0.127 real sec
[M::mem_process_seqs] Processed 1001 reads in 0.991 CPU sec, 0.132 real sec
174541 [main] INFO main.java.edu.mit.compbio.bisulfitehic.mapping.Bhmem  - Processing reads 513000 ...
174541 [main] INFO main.java.edu.mit.compbio.bisulfitehic.mapping.Bhmem  - Unique mapped and paired reads 507824 ...
174545 [main] INFO main.java.edu.mit.compbio.bisulfitehic.mapping.Bhmem  - Processing reads 514000 ...
174545 [main] INFO main.java.edu.mit.compbio.bisulfitehic.mapping.Bhmem  - Unique mapped and paired reads 507824 ...
[M::mem_process_seqs] Processed 1001 reads in 0.858 CPU sec, 0.109 real sec
[M::mem_process_seqs] Processed 1001 reads in 0.779 CPU sec, 0.111 real sec
[M::mem_process_seqs] Processed 1001 reads in 0.893 CPU sec, 0.113 real sec
[M::mem_process_seqs] Processed 1001 reads in 0.919 CPU sec, 0.118 real sec
175223 [main] INFO main.java.edu.mit.compbio.bisulfitehic.mapping.Bhmem  - Processing reads 515000 ...
175223 [main] INFO main.java.edu.mit.compbio.bisulfitehic.mapping.Bhmem  - Unique mapped and paired reads 509810 ...
175227 [main] INFO main.java.edu.mit.compbio.bisulfitehic.mapping.Bhmem  - Processing reads 516000 ...
175227 [main] INFO main.java.edu.mit.compbio.bisulfitehic.mapping.Bhmem  - Unique mapped and paired reads 509810 ...
[M::mem_process_seqs] Processed 1001 reads in 0.882 CPU sec, 0.120 real sec
[M::mem_process_seqs] Processed 1001 reads in 0.772 CPU sec, 0.098 real sec
[M::mem_process_seqs] Processed 1001 reads in 0.938 CPU sec, 0.122 real sec
[M::mem_process_seqs] Processed 1001 reads in 0.864 CPU sec, 0.109 real sec
175829 [main] INFO main.java.edu.mit.compbio.bisulfitehic.mapping.Bhmem  - Processing reads 517000 ...
175829 [main] INFO main.java.edu.mit.compbio.bisulfitehic.mapping.Bhmem  - Unique mapped and paired reads 511790 ...
175833 [main] INFO main.java.edu.mit.compbio.bisulfitehic.mapping.Bhmem  - Processing reads 518000 ...
175833 [main] INFO main.java.edu.mit.compbio.bisulfitehic.mapping.Bhmem  - Unique mapped and paired reads 511790 ...
[M::mem_process_seqs] Processed 1001 reads in 0.805 CPU sec, 0.103 real sec
[M::mem_process_seqs] Processed 1001 reads in 0.748 CPU sec, 0.100 real sec
[M::mem_process_seqs] Processed 1001 reads in 0.827 CPU sec, 0.107 real sec
[M::mem_process_seqs] Processed 1001 reads in 0.814 CPU sec, 0.110 real sec
176399 [main] INFO main.java.edu.mit.compbio.bisulfitehic.mapping.Bhmem  - Processing reads 519000 ...
176399 [main] INFO main.java.edu.mit.compbio.bisulfitehic.mapping.Bhmem  - Unique mapped and paired reads 513760 ...
176403 [main] INFO main.java.edu.mit.compbio.bisulfitehic.mapping.Bhmem  - Processing reads 520000 ...
176403 [main] INFO main.java.edu.mit.compbio.bisulfitehic.mapping.Bhmem  - Unique mapped and paired reads 513760 ...
[M::mem_process_seqs] Processed 1001 reads in 0.836 CPU sec, 0.110 real sec
[M::mem_process_seqs] Processed 1001 reads in 0.827 CPU sec, 0.117 real sec
[M::mem_process_seqs] Processed 1001 reads in 1.025 CPU sec, 0.136 real sec
[M::mem_process_seqs] Processed 1001 reads in 0.951 CPU sec, 0.120 real sec
177038 [main] INFO main.java.edu.mit.compbio.bisulfitehic.mapping.Bhmem  - Processing reads 521000 ...
177038 [main] INFO main.java.edu.mit.compbio.bisulfitehic.mapping.Bhmem  - Unique mapped and paired reads 515726 ...
177042 [main] INFO main.java.edu.mit.compbio.bisulfitehic.mapping.Bhmem  - Processing reads 522000 ...
177042 [main] INFO main.java.edu.mit.compbio.bisulfitehic.mapping.Bhmem  - Unique mapped and paired reads 515726 ...
[M::mem_process_seqs] Processed 1001 reads in 0.770 CPU sec, 0.099 real sec
[M::mem_process_seqs] Processed 1001 reads in 0.727 CPU sec, 0.102 real sec
[M::mem_process_seqs] Processed 1001 reads in 0.811 CPU sec, 0.107 real sec
[M::mem_process_seqs] Processed 1001 reads in 0.827 CPU sec, 0.117 real sec
177618 [main] INFO main.java.edu.mit.compbio.bisulfitehic.mapping.Bhmem  - Processing reads 523000 ...
177618 [main] INFO main.java.edu.mit.compbio.bisulfitehic.mapping.Bhmem  - Unique mapped and paired reads 517704 ...
177622 [main] INFO main.java.edu.mit.compbio.bisulfitehic.mapping.Bhmem  - Processing reads 524000 ...
177622 [main] INFO main.java.edu.mit.compbio.bisulfitehic.mapping.Bhmem  - Unique mapped and paired reads 517704 ...
[M::mem_process_seqs] Processed 1001 reads in 0.791 CPU sec, 0.101 real sec
[M::mem_process_seqs] Processed 1001 reads in 0.716 CPU sec, 0.098 real sec
[M::mem_process_seqs] Processed 1001 reads in 0.915 CPU sec, 0.115 real sec
[M::mem_process_seqs] Processed 1001 reads in 0.848 CPU sec, 0.109 real sec
178198 [main] INFO main.java.edu.mit.compbio.bisulfitehic.mapping.Bhmem  - Processing reads 525000 ...
178199 [main] INFO main.java.edu.mit.compbio.bisulfitehic.mapping.Bhmem  - Unique mapped and paired reads 519682 ...
178202 [main] INFO main.java.edu.mit.compbio.bisulfitehic.mapping.Bhmem  - Processing reads 526000 ...
178202 [main] INFO main.java.edu.mit.compbio.bisulfitehic.mapping.Bhmem  - Unique mapped and paired reads 519682 ...
[M::mem_process_seqs] Processed 1001 reads in 0.836 CPU sec, 0.108 real sec
[M::mem_process_seqs] Processed 1001 reads in 0.765 CPU sec, 0.098 real sec
[M::mem_process_seqs] Processed 1001 reads in 0.887 CPU sec, 0.114 real sec
[M::mem_process_seqs] Processed 1001 reads in 0.870 CPU sec, 0.110 real sec
178783 [main] INFO main.java.edu.mit.compbio.bisulfitehic.mapping.Bhmem  - Processing reads 527000 ...
178784 [main] INFO main.java.edu.mit.compbio.bisulfitehic.mapping.Bhmem  - Unique mapped and paired reads 521664 ...
178787 [main] INFO main.java.edu.mit.compbio.bisulfitehic.mapping.Bhmem  - Processing reads 528000 ...
178787 [main] INFO main.java.edu.mit.compbio.bisulfitehic.mapping.Bhmem  - Unique mapped and paired reads 521664 ...
[M::mem_process_seqs] Processed 1001 reads in 0.886 CPU sec, 0.119 real sec
[M::mem_process_seqs] Processed 1001 reads in 0.722 CPU sec, 0.092 real sec
[M::mem_process_seqs] Processed 1001 reads in 0.931 CPU sec, 0.127 real sec
[M::mem_process_seqs] Processed 1001 reads in 0.855 CPU sec, 0.116 real sec
179397 [main] INFO main.java.edu.mit.compbio.bisulfitehic.mapping.Bhmem  - Processing reads 529000 ...
179397 [main] INFO main.java.edu.mit.compbio.bisulfitehic.mapping.Bhmem  - Unique mapped and paired reads 523642 ...
179401 [main] INFO main.java.edu.mit.compbio.bisulfitehic.mapping.Bhmem  - Processing reads 530000 ...
179401 [main] INFO main.java.edu.mit.compbio.bisulfitehic.mapping.Bhmem  - Unique mapped and paired reads 523642 ...
[M::mem_process_seqs] Processed 1001 reads in 0.719 CPU sec, 0.092 real sec
[M::mem_process_seqs] Processed 1001 reads in 0.733 CPU sec, 0.124 real sec
[M::mem_process_seqs] Processed 1001 reads in 0.872 CPU sec, 0.110 real sec
[M::mem_process_seqs] Processed 1001 reads in 0.834 CPU sec, 0.107 real sec
179983 [main] INFO main.java.edu.mit.compbio.bisulfitehic.mapping.Bhmem  - Processing reads 531000 ...
179983 [main] INFO main.java.edu.mit.compbio.bisulfitehic.mapping.Bhmem  - Unique mapped and paired reads 525618 ...
179987 [main] INFO main.java.edu.mit.compbio.bisulfitehic.mapping.Bhmem  - Processing reads 532000 ...
179987 [main] INFO main.java.edu.mit.compbio.bisulfitehic.mapping.Bhmem  - Unique mapped and paired reads 525618 ...
[M::mem_process_seqs] Processed 1001 reads in 0.860 CPU sec, 0.113 real sec
[M::mem_process_seqs] Processed 1001 reads in 0.760 CPU sec, 0.100 real sec
[M::mem_process_seqs] Processed 1001 reads in 0.854 CPU sec, 0.108 real sec
[M::mem_process_seqs] Processed 1001 reads in 0.830 CPU sec, 0.107 real sec
180566 [main] INFO main.java.edu.mit.compbio.bisulfitehic.mapping.Bhmem  - Processing reads 533000 ...
180566 [main] INFO main.java.edu.mit.compbio.bisulfitehic.mapping.Bhmem  - Unique mapped and paired reads 527600 ...
180570 [main] INFO main.java.edu.mit.compbio.bisulfitehic.mapping.Bhmem  - Processing reads 534000 ...
180570 [main] INFO main.java.edu.mit.compbio.bisulfitehic.mapping.Bhmem  - Unique mapped and paired reads 527600 ...
[M::mem_process_seqs] Processed 1001 reads in 0.778 CPU sec, 0.101 real sec
[M::mem_process_seqs] Processed 1001 reads in 0.743 CPU sec, 0.095 real sec
[M::mem_process_seqs] Processed 1001 reads in 0.854 CPU sec, 0.109 real sec
[M::mem_process_seqs] Processed 1001 reads in 0.838 CPU sec, 0.106 real sec
181130 [main] INFO main.java.edu.mit.compbio.bisulfitehic.mapping.Bhmem  - Processing reads 535000 ...
181130 [main] INFO main.java.edu.mit.compbio.bisulfitehic.mapping.Bhmem  - Unique mapped and paired reads 529580 ...
181134 [main] INFO main.java.edu.mit.compbio.bisulfitehic.mapping.Bhmem  - Processing reads 536000 ...
181134 [main] INFO main.java.edu.mit.compbio.bisulfitehic.mapping.Bhmem  - Unique mapped and paired reads 529580 ...
[M::mem_process_seqs] Processed 1001 reads in 0.874 CPU sec, 0.113 real sec
[M::mem_process_seqs] Processed 1001 reads in 0.762 CPU sec, 0.104 real sec
[M::mem_process_seqs] Processed 1001 reads in 0.921 CPU sec, 0.128 real sec
[M::mem_process_seqs] Processed 1001 reads in 0.865 CPU sec, 0.110 real sec
181739 [main] INFO main.java.edu.mit.compbio.bisulfitehic.mapping.Bhmem  - Processing reads 537000 ...
181739 [main] INFO main.java.edu.mit.compbio.bisulfitehic.mapping.Bhmem  - Unique mapped and paired reads 531568 ...
181743 [main] INFO main.java.edu.mit.compbio.bisulfitehic.mapping.Bhmem  - Processing reads 538000 ...
181743 [main] INFO main.java.edu.mit.compbio.bisulfitehic.mapping.Bhmem  - Unique mapped and paired reads 531568 ...
[M::mem_process_seqs] Processed 1001 reads in 0.777 CPU sec, 0.103 real sec
[M::mem_process_seqs] Processed 1001 reads in 0.724 CPU sec, 0.096 real sec
[M::mem_process_seqs] Processed 1001 reads in 0.789 CPU sec, 0.106 real sec
[M::mem_process_seqs] Processed 1001 reads in 0.888 CPU sec, 0.112 real sec
182305 [main] INFO main.java.edu.mit.compbio.bisulfitehic.mapping.Bhmem  - Processing reads 539000 ...
182305 [main] INFO main.java.edu.mit.compbio.bisulfitehic.mapping.Bhmem  - Unique mapped and paired reads 533548 ...
182309 [main] INFO main.java.edu.mit.compbio.bisulfitehic.mapping.Bhmem  - Processing reads 540000 ...
182309 [main] INFO main.java.edu.mit.compbio.bisulfitehic.mapping.Bhmem  - Unique mapped and paired reads 533548 ...
[M::mem_process_seqs] Processed 1001 reads in 0.833 CPU sec, 0.111 real sec
[M::mem_process_seqs] Processed 1001 reads in 0.808 CPU sec, 0.107 real sec
[M::mem_process_seqs] Processed 1001 reads in 0.899 CPU sec, 0.120 real sec
[M::mem_process_seqs] Processed 1001 reads in 0.949 CPU sec, 0.121 real sec
182921 [main] INFO main.java.edu.mit.compbio.bisulfitehic.mapping.Bhmem  - Processing reads 541000 ...
182921 [main] INFO main.java.edu.mit.compbio.bisulfitehic.mapping.Bhmem  - Unique mapped and paired reads 535532 ...
182925 [main] INFO main.java.edu.mit.compbio.bisulfitehic.mapping.Bhmem  - Processing reads 542000 ...
182925 [main] INFO main.java.edu.mit.compbio.bisulfitehic.mapping.Bhmem  - Unique mapped and paired reads 535532 ...
[M::mem_process_seqs] Processed 1001 reads in 0.908 CPU sec, 0.120 real sec
[M::mem_process_seqs] Processed 1001 reads in 0.753 CPU sec, 0.096 real sec
[M::mem_process_seqs] Processed 1001 reads in 0.940 CPU sec, 0.124 real sec
[M::mem_process_seqs] Processed 1001 reads in 0.875 CPU sec, 0.110 real sec
183523 [main] INFO main.java.edu.mit.compbio.bisulfitehic.mapping.Bhmem  - Processing reads 543000 ...
183523 [main] INFO main.java.edu.mit.compbio.bisulfitehic.mapping.Bhmem  - Unique mapped and paired reads 537516 ...
183527 [main] INFO main.java.edu.mit.compbio.bisulfitehic.mapping.Bhmem  - Processing reads 544000 ...
183527 [main] INFO main.java.edu.mit.compbio.bisulfitehic.mapping.Bhmem  - Unique mapped and paired reads 537516 ...
[M::mem_process_seqs] Processed 1001 reads in 0.888 CPU sec, 0.114 real sec
[M::mem_process_seqs] Processed 1001 reads in 0.864 CPU sec, 0.109 real sec
[M::mem_process_seqs] Processed 1001 reads in 0.881 CPU sec, 0.112 real sec
[M::mem_process_seqs] Processed 1001 reads in 0.930 CPU sec, 0.118 real sec
184131 [main] INFO main.java.edu.mit.compbio.bisulfitehic.mapping.Bhmem  - Processing reads 545000 ...
184131 [main] INFO main.java.edu.mit.compbio.bisulfitehic.mapping.Bhmem  - Unique mapped and paired reads 539510 ...
184135 [main] INFO main.java.edu.mit.compbio.bisulfitehic.mapping.Bhmem  - Processing reads 546000 ...
184135 [main] INFO main.java.edu.mit.compbio.bisulfitehic.mapping.Bhmem  - Unique mapped and paired reads 539510 ...
[M::mem_process_seqs] Processed 1001 reads in 0.978 CPU sec, 0.125 real sec
[M::mem_process_seqs] Processed 1001 reads in 0.899 CPU sec, 0.117 real sec
[M::mem_process_seqs] Processed 1001 reads in 1.097 CPU sec, 0.138 real sec
[M::mem_process_seqs] Processed 1001 reads in 1.048 CPU sec, 0.140 real sec
184815 [main] INFO main.java.edu.mit.compbio.bisulfitehic.mapping.Bhmem  - Processing reads 547000 ...
184815 [main] INFO main.java.edu.mit.compbio.bisulfitehic.mapping.Bhmem  - Unique mapped and paired reads 541494 ...
184819 [main] INFO main.java.edu.mit.compbio.bisulfitehic.mapping.Bhmem  - Processing reads 548000 ...
184819 [main] INFO main.java.edu.mit.compbio.bisulfitehic.mapping.Bhmem  - Unique mapped and paired reads 541494 ...
[M::mem_process_seqs] Processed 1001 reads in 0.924 CPU sec, 0.117 real sec
[M::mem_process_seqs] Processed 1001 reads in 0.781 CPU sec, 0.099 real sec
[M::mem_process_seqs] Processed 1001 reads in 0.901 CPU sec, 0.114 real sec
[M::mem_process_seqs] Processed 1001 reads in 0.922 CPU sec, 0.118 real sec
185429 [main] INFO main.java.edu.mit.compbio.bisulfitehic.mapping.Bhmem  - Processing reads 549000 ...
185429 [main] INFO main.java.edu.mit.compbio.bisulfitehic.mapping.Bhmem  - Unique mapped and paired reads 543468 ...
185433 [main] INFO main.java.edu.mit.compbio.bisulfitehic.mapping.Bhmem  - Processing reads 550000 ...
185434 [main] INFO main.java.edu.mit.compbio.bisulfitehic.mapping.Bhmem  - Unique mapped and paired reads 543468 ...
[M::mem_process_seqs] Processed 1001 reads in 1.032 CPU sec, 0.137 real sec
[M::mem_process_seqs] Processed 1001 reads in 0.928 CPU sec, 0.119 real sec
[M::mem_process_seqs] Processed 1001 reads in 1.128 CPU sec, 0.143 real sec
[M::mem_process_seqs] Processed 1001 reads in 0.987 CPU sec, 0.128 real sec
186122 [main] INFO main.java.edu.mit.compbio.bisulfitehic.mapping.Bhmem  - Processing reads 551000 ...
186122 [main] INFO main.java.edu.mit.compbio.bisulfitehic.mapping.Bhmem  - Unique mapped and paired reads 545456 ...
186126 [main] INFO main.java.edu.mit.compbio.bisulfitehic.mapping.Bhmem  - Processing reads 552000 ...
186126 [main] INFO main.java.edu.mit.compbio.bisulfitehic.mapping.Bhmem  - Unique mapped and paired reads 545456 ...
[M::mem_process_seqs] Processed 1001 reads in 1.026 CPU sec, 0.135 real sec
[M::mem_process_seqs] Processed 1001 reads in 0.844 CPU sec, 0.112 real sec
[M::mem_process_seqs] Processed 1001 reads in 1.027 CPU sec, 0.132 real sec
[M::mem_process_seqs] Processed 1001 reads in 0.956 CPU sec, 0.121 real sec
186787 [main] INFO main.java.edu.mit.compbio.bisulfitehic.mapping.Bhmem  - Processing reads 553000 ...
186787 [main] INFO main.java.edu.mit.compbio.bisulfitehic.mapping.Bhmem  - Unique mapped and paired reads 547440 ...
186791 [main] INFO main.java.edu.mit.compbio.bisulfitehic.mapping.Bhmem  - Processing reads 554000 ...
186791 [main] INFO main.java.edu.mit.compbio.bisulfitehic.mapping.Bhmem  - Unique mapped and paired reads 547440 ...
[M::mem_process_seqs] Processed 1001 reads in 0.859 CPU sec, 0.109 real sec
[M::mem_process_seqs] Processed 1001 reads in 0.793 CPU sec, 0.107 real sec
[M::mem_process_seqs] Processed 1001 reads in 0.981 CPU sec, 0.135 real sec
[M::mem_process_seqs] Processed 1001 reads in 0.967 CPU sec, 0.125 real sec
187418 [main] INFO main.java.edu.mit.compbio.bisulfitehic.mapping.Bhmem  - Processing reads 555000 ...
187418 [main] INFO main.java.edu.mit.compbio.bisulfitehic.mapping.Bhmem  - Unique mapped and paired reads 549420 ...
187422 [main] INFO main.java.edu.mit.compbio.bisulfitehic.mapping.Bhmem  - Processing reads 556000 ...
187422 [main] INFO main.java.edu.mit.compbio.bisulfitehic.mapping.Bhmem  - Unique mapped and paired reads 549420 ...
[M::mem_process_seqs] Processed 1001 reads in 0.761 CPU sec, 0.101 real sec
[M::mem_process_seqs] Processed 1001 reads in 0.720 CPU sec, 0.097 real sec
[M::mem_process_seqs] Processed 1001 reads in 0.865 CPU sec, 0.119 real sec
[M::mem_process_seqs] Processed 1001 reads in 0.795 CPU sec, 0.104 real sec
187986 [main] INFO main.java.edu.mit.compbio.bisulfitehic.mapping.Bhmem  - Processing reads 557000 ...
187986 [main] INFO main.java.edu.mit.compbio.bisulfitehic.mapping.Bhmem  - Unique mapped and paired reads 551402 ...
187990 [main] INFO main.java.edu.mit.compbio.bisulfitehic.mapping.Bhmem  - Processing reads 558000 ...
187990 [main] INFO main.java.edu.mit.compbio.bisulfitehic.mapping.Bhmem  - Unique mapped and paired reads 551402 ...
[M::mem_process_seqs] Processed 1001 reads in 0.792 CPU sec, 0.101 real sec
[M::mem_process_seqs] Processed 1001 reads in 0.800 CPU sec, 0.101 real sec
[M::mem_process_seqs] Processed 1001 reads in 0.867 CPU sec, 0.118 real sec
[M::mem_process_seqs] Processed 1001 reads in 0.866 CPU sec, 0.115 real sec
188577 [main] INFO main.java.edu.mit.compbio.bisulfitehic.mapping.Bhmem  - Processing reads 559000 ...
188577 [main] INFO main.java.edu.mit.compbio.bisulfitehic.mapping.Bhmem  - Unique mapped and paired reads 553378 ...
188581 [main] INFO main.java.edu.mit.compbio.bisulfitehic.mapping.Bhmem  - Processing reads 560000 ...
188581 [main] INFO main.java.edu.mit.compbio.bisulfitehic.mapping.Bhmem  - Unique mapped and paired reads 553378 ...
[M::mem_process_seqs] Processed 1001 reads in 0.846 CPU sec, 0.107 real sec
[M::mem_process_seqs] Processed 1001 reads in 0.789 CPU sec, 0.108 real sec
[M::mem_process_seqs] Processed 1001 reads in 0.896 CPU sec, 0.120 real sec
[M::mem_process_seqs] Processed 1001 reads in 0.810 CPU sec, 0.104 real sec
189174 [main] INFO main.java.edu.mit.compbio.bisulfitehic.mapping.Bhmem  - Processing reads 561000 ...
189174 [main] INFO main.java.edu.mit.compbio.bisulfitehic.mapping.Bhmem  - Unique mapped and paired reads 555364 ...
189178 [main] INFO main.java.edu.mit.compbio.bisulfitehic.mapping.Bhmem  - Processing reads 562000 ...
189178 [main] INFO main.java.edu.mit.compbio.bisulfitehic.mapping.Bhmem  - Unique mapped and paired reads 555364 ...
[M::mem_process_seqs] Processed 1001 reads in 0.852 CPU sec, 0.112 real sec
[M::mem_process_seqs] Processed 1001 reads in 0.805 CPU sec, 0.113 real sec
[M::mem_process_seqs] Processed 1001 reads in 0.928 CPU sec, 0.122 real sec
[M::mem_process_seqs] Processed 1001 reads in 0.986 CPU sec, 0.146 real sec
189826 [main] INFO main.java.edu.mit.compbio.bisulfitehic.mapping.Bhmem  - Processing reads 563000 ...
189826 [main] INFO main.java.edu.mit.compbio.bisulfitehic.mapping.Bhmem  - Unique mapped and paired reads 557350 ...
189830 [main] INFO main.java.edu.mit.compbio.bisulfitehic.mapping.Bhmem  - Processing reads 564000 ...
189830 [main] INFO main.java.edu.mit.compbio.bisulfitehic.mapping.Bhmem  - Unique mapped and paired reads 557350 ...
[M::mem_process_seqs] Processed 1001 reads in 0.944 CPU sec, 0.153 real sec
[M::mem_process_seqs] Processed 1001 reads in 0.890 CPU sec, 0.115 real sec
[M::mem_process_seqs] Processed 1001 reads in 0.998 CPU sec, 0.139 real sec
[M::mem_process_seqs] Processed 1001 reads in 0.981 CPU sec, 0.127 real sec
190515 [main] INFO main.java.edu.mit.compbio.bisulfitehic.mapping.Bhmem  - Processing reads 565000 ...
190515 [main] INFO main.java.edu.mit.compbio.bisulfitehic.mapping.Bhmem  - Unique mapped and paired reads 559328 ...
190519 [main] INFO main.java.edu.mit.compbio.bisulfitehic.mapping.Bhmem  - Processing reads 566000 ...
190519 [main] INFO main.java.edu.mit.compbio.bisulfitehic.mapping.Bhmem  - Unique mapped and paired reads 559328 ...
[M::mem_process_seqs] Processed 1001 reads in 0.928 CPU sec, 0.118 real sec
[M::mem_process_seqs] Processed 1001 reads in 0.838 CPU sec, 0.114 real sec
[M::mem_process_seqs] Processed 1001 reads in 0.989 CPU sec, 0.127 real sec
[M::mem_process_seqs] Processed 1001 reads in 1.002 CPU sec, 0.126 real sec
191154 [main] INFO main.java.edu.mit.compbio.bisulfitehic.mapping.Bhmem  - Processing reads 567000 ...
191154 [main] INFO main.java.edu.mit.compbio.bisulfitehic.mapping.Bhmem  - Unique mapped and paired reads 561312 ...
191158 [main] INFO main.java.edu.mit.compbio.bisulfitehic.mapping.Bhmem  - Processing reads 568000 ...
191158 [main] INFO main.java.edu.mit.compbio.bisulfitehic.mapping.Bhmem  - Unique mapped and paired reads 561312 ...
[M::mem_process_seqs] Processed 1001 reads in 0.881 CPU sec, 0.123 real sec
[M::mem_process_seqs] Processed 1001 reads in 0.792 CPU sec, 0.100 real sec
[M::mem_process_seqs] Processed 1001 reads in 0.918 CPU sec, 0.117 real sec
[M::mem_process_seqs] Processed 1001 reads in 0.942 CPU sec, 0.126 real sec
191779 [main] INFO main.java.edu.mit.compbio.bisulfitehic.mapping.Bhmem  - Processing reads 569000 ...
191779 [main] INFO main.java.edu.mit.compbio.bisulfitehic.mapping.Bhmem  - Unique mapped and paired reads 563294 ...
191783 [main] INFO main.java.edu.mit.compbio.bisulfitehic.mapping.Bhmem  - Processing reads 570000 ...
191783 [main] INFO main.java.edu.mit.compbio.bisulfitehic.mapping.Bhmem  - Unique mapped and paired reads 563294 ...
[M::mem_process_seqs] Processed 1001 reads in 0.807 CPU sec, 0.103 real sec
[M::mem_process_seqs] Processed 1001 reads in 0.737 CPU sec, 0.093 real sec
[M::mem_process_seqs] Processed 1001 reads in 0.893 CPU sec, 0.121 real sec
[M::mem_process_seqs] Processed 1001 reads in 0.838 CPU sec, 0.112 real sec
192358 [main] INFO main.java.edu.mit.compbio.bisulfitehic.mapping.Bhmem  - Processing reads 571000 ...
192358 [main] INFO main.java.edu.mit.compbio.bisulfitehic.mapping.Bhmem  - Unique mapped and paired reads 565276 ...
192361 [main] INFO main.java.edu.mit.compbio.bisulfitehic.mapping.Bhmem  - Processing reads 572000 ...
192361 [main] INFO main.java.edu.mit.compbio.bisulfitehic.mapping.Bhmem  - Unique mapped and paired reads 565276 ...
[M::mem_process_seqs] Processed 1001 reads in 0.848 CPU sec, 0.110 real sec
[M::mem_process_seqs] Processed 1001 reads in 0.792 CPU sec, 0.115 real sec
[M::mem_process_seqs] Processed 1001 reads in 0.889 CPU sec, 0.119 real sec
[M::mem_process_seqs] Processed 1001 reads in 0.932 CPU sec, 0.118 real sec
192971 [main] INFO main.java.edu.mit.compbio.bisulfitehic.mapping.Bhmem  - Processing reads 573000 ...
192971 [main] INFO main.java.edu.mit.compbio.bisulfitehic.mapping.Bhmem  - Unique mapped and paired reads 567256 ...
192974 [main] INFO main.java.edu.mit.compbio.bisulfitehic.mapping.Bhmem  - Processing reads 574000 ...
192975 [main] INFO main.java.edu.mit.compbio.bisulfitehic.mapping.Bhmem  - Unique mapped and paired reads 567256 ...
[M::mem_process_seqs] Processed 1001 reads in 0.906 CPU sec, 0.117 real sec
[M::mem_process_seqs] Processed 1001 reads in 0.781 CPU sec, 0.098 real sec
[M::mem_process_seqs] Processed 1001 reads in 0.916 CPU sec, 0.127 real sec
[M::mem_process_seqs] Processed 1001 reads in 0.974 CPU sec, 0.125 real sec
193591 [main] INFO main.java.edu.mit.compbio.bisulfitehic.mapping.Bhmem  - Processing reads 575000 ...
193591 [main] INFO main.java.edu.mit.compbio.bisulfitehic.mapping.Bhmem  - Unique mapped and paired reads 569246 ...
193595 [main] INFO main.java.edu.mit.compbio.bisulfitehic.mapping.Bhmem  - Processing reads 576000 ...
193595 [main] INFO main.java.edu.mit.compbio.bisulfitehic.mapping.Bhmem  - Unique mapped and paired reads 569246 ...
[M::mem_process_seqs] Processed 1001 reads in 0.970 CPU sec, 0.133 real sec
[M::mem_process_seqs] Processed 1001 reads in 0.807 CPU sec, 0.102 real sec
[M::mem_process_seqs] Processed 1001 reads in 1.076 CPU sec, 0.145 real sec
[M::mem_process_seqs] Processed 1001 reads in 1.112 CPU sec, 0.172 real sec
194317 [main] INFO main.java.edu.mit.compbio.bisulfitehic.mapping.Bhmem  - Processing reads 577000 ...
194317 [main] INFO main.java.edu.mit.compbio.bisulfitehic.mapping.Bhmem  - Unique mapped and paired reads 571232 ...
194321 [main] INFO main.java.edu.mit.compbio.bisulfitehic.mapping.Bhmem  - Processing reads 578000 ...
194321 [main] INFO main.java.edu.mit.compbio.bisulfitehic.mapping.Bhmem  - Unique mapped and paired reads 571232 ...
[M::mem_process_seqs] Processed 1001 reads in 0.840 CPU sec, 0.112 real sec
[M::mem_process_seqs] Processed 1001 reads in 0.807 CPU sec, 0.103 real sec
[M::mem_process_seqs] Processed 1001 reads in 0.855 CPU sec, 0.121 real sec
[M::mem_process_seqs] Processed 1001 reads in 0.847 CPU sec, 0.109 real sec
194915 [main] INFO main.java.edu.mit.compbio.bisulfitehic.mapping.Bhmem  - Processing reads 579000 ...
194915 [main] INFO main.java.edu.mit.compbio.bisulfitehic.mapping.Bhmem  - Unique mapped and paired reads 573208 ...
194919 [main] INFO main.java.edu.mit.compbio.bisulfitehic.mapping.Bhmem  - Processing reads 580000 ...
194919 [main] INFO main.java.edu.mit.compbio.bisulfitehic.mapping.Bhmem  - Unique mapped and paired reads 573208 ...
[M::mem_process_seqs] Processed 1001 reads in 0.819 CPU sec, 0.107 real sec
[M::mem_process_seqs] Processed 1001 reads in 0.731 CPU sec, 0.096 real sec
[M::mem_process_seqs] Processed 1001 reads in 0.885 CPU sec, 0.112 real sec
[M::mem_process_seqs] Processed 1001 reads in 0.909 CPU sec, 0.136 real sec
195525 [main] INFO main.java.edu.mit.compbio.bisulfitehic.mapping.Bhmem  - Processing reads 581000 ...
195525 [main] INFO main.java.edu.mit.compbio.bisulfitehic.mapping.Bhmem  - Unique mapped and paired reads 575196 ...
195529 [main] INFO main.java.edu.mit.compbio.bisulfitehic.mapping.Bhmem  - Processing reads 582000 ...
195529 [main] INFO main.java.edu.mit.compbio.bisulfitehic.mapping.Bhmem  - Unique mapped and paired reads 575196 ...
[M::mem_process_seqs] Processed 1001 reads in 1.318 CPU sec, 0.167 real sec
[M::mem_process_seqs] Processed 1001 reads in 1.235 CPU sec, 0.159 real sec
[M::mem_process_seqs] Processed 1001 reads in 0.706 CPU sec, 0.097 real sec
[M::mem_process_seqs] Processed 1001 reads in 0.597 CPU sec, 0.080 real sec
196232 [main] INFO main.java.edu.mit.compbio.bisulfitehic.mapping.Bhmem  - Processing reads 583000 ...
196232 [main] INFO main.java.edu.mit.compbio.bisulfitehic.mapping.Bhmem  - Unique mapped and paired reads 577172 ...
196236 [main] INFO main.java.edu.mit.compbio.bisulfitehic.mapping.Bhmem  - Processing reads 584000 ...
196236 [main] INFO main.java.edu.mit.compbio.bisulfitehic.mapping.Bhmem  - Unique mapped and paired reads 577172 ...
[M::mem_process_seqs] Processed 1001 reads in 1.330 CPU sec, 0.168 real sec
[M::mem_process_seqs] Processed 1001 reads in 1.237 CPU sec, 0.158 real sec
[M::mem_process_seqs] Processed 1001 reads in 0.716 CPU sec, 0.097 real sec
[M::mem_process_seqs] Processed 1001 reads in 0.701 CPU sec, 0.094 real sec
196953 [main] INFO main.java.edu.mit.compbio.bisulfitehic.mapping.Bhmem  - Processing reads 585000 ...
196953 [main] INFO main.java.edu.mit.compbio.bisulfitehic.mapping.Bhmem  - Unique mapped and paired reads 579152 ...
196957 [main] INFO main.java.edu.mit.compbio.bisulfitehic.mapping.Bhmem  - Processing reads 586000 ...
196957 [main] INFO main.java.edu.mit.compbio.bisulfitehic.mapping.Bhmem  - Unique mapped and paired reads 579152 ...
[M::mem_process_seqs] Processed 1001 reads in 1.327 CPU sec, 0.168 real sec
[M::mem_process_seqs] Processed 1001 reads in 1.247 CPU sec, 0.160 real sec
[M::mem_process_seqs] Processed 1001 reads in 0.735 CPU sec, 0.097 real sec
[M::mem_process_seqs] Processed 1001 reads in 0.707 CPU sec, 0.095 real sec
197680 [main] INFO main.java.edu.mit.compbio.bisulfitehic.mapping.Bhmem  - Processing reads 587000 ...
197680 [main] INFO main.java.edu.mit.compbio.bisulfitehic.mapping.Bhmem  - Unique mapped and paired reads 581132 ...
197684 [main] INFO main.java.edu.mit.compbio.bisulfitehic.mapping.Bhmem  - Processing reads 588000 ...
197684 [main] INFO main.java.edu.mit.compbio.bisulfitehic.mapping.Bhmem  - Unique mapped and paired reads 581132 ...
[M::mem_process_seqs] Processed 1001 reads in 1.048 CPU sec, 0.133 real sec
[M::mem_process_seqs] Processed 1001 reads in 0.924 CPU sec, 0.117 real sec
[M::mem_process_seqs] Processed 1001 reads in 0.824 CPU sec, 0.105 real sec
[M::mem_process_seqs] Processed 1001 reads in 0.851 CPU sec, 0.108 real sec
198308 [main] INFO main.java.edu.mit.compbio.bisulfitehic.mapping.Bhmem  - Processing reads 589000 ...
198308 [main] INFO main.java.edu.mit.compbio.bisulfitehic.mapping.Bhmem  - Unique mapped and paired reads 583118 ...
198312 [main] INFO main.java.edu.mit.compbio.bisulfitehic.mapping.Bhmem  - Processing reads 590000 ...
198312 [main] INFO main.java.edu.mit.compbio.bisulfitehic.mapping.Bhmem  - Unique mapped and paired reads 583118 ...
[M::mem_process_seqs] Processed 1001 reads in 0.906 CPU sec, 0.115 real sec
[M::mem_process_seqs] Processed 1001 reads in 0.786 CPU sec, 0.101 real sec
[M::mem_process_seqs] Processed 1001 reads in 0.943 CPU sec, 0.120 real sec
[M::mem_process_seqs] Processed 1001 reads in 0.912 CPU sec, 0.118 real sec
198916 [main] INFO main.java.edu.mit.compbio.bisulfitehic.mapping.Bhmem  - Processing reads 591000 ...
198916 [main] INFO main.java.edu.mit.compbio.bisulfitehic.mapping.Bhmem  - Unique mapped and paired reads 585092 ...
198920 [main] INFO main.java.edu.mit.compbio.bisulfitehic.mapping.Bhmem  - Processing reads 592000 ...
198920 [main] INFO main.java.edu.mit.compbio.bisulfitehic.mapping.Bhmem  - Unique mapped and paired reads 585092 ...
[M::mem_process_seqs] Processed 1001 reads in 0.877 CPU sec, 0.113 real sec
[M::mem_process_seqs] Processed 1001 reads in 0.856 CPU sec, 0.122 real sec
[M::mem_process_seqs] Processed 1001 reads in 0.993 CPU sec, 0.133 real sec
[M::mem_process_seqs] Processed 1001 reads in 0.985 CPU sec, 0.139 real sec
199586 [main] INFO main.java.edu.mit.compbio.bisulfitehic.mapping.Bhmem  - Processing reads 593000 ...
199586 [main] INFO main.java.edu.mit.compbio.bisulfitehic.mapping.Bhmem  - Unique mapped and paired reads 587084 ...
199590 [main] INFO main.java.edu.mit.compbio.bisulfitehic.mapping.Bhmem  - Processing reads 594000 ...
199590 [main] INFO main.java.edu.mit.compbio.bisulfitehic.mapping.Bhmem  - Unique mapped and paired reads 587084 ...
[M::mem_process_seqs] Processed 1001 reads in 0.862 CPU sec, 0.113 real sec
[M::mem_process_seqs] Processed 1001 reads in 0.886 CPU sec, 0.112 real sec
[M::mem_process_seqs] Processed 1001 reads in 1.055 CPU sec, 0.135 real sec
[M::mem_process_seqs] Processed 1001 reads in 0.977 CPU sec, 0.123 real sec
200228 [main] INFO main.java.edu.mit.compbio.bisulfitehic.mapping.Bhmem  - Processing reads 595000 ...
200228 [main] INFO main.java.edu.mit.compbio.bisulfitehic.mapping.Bhmem  - Unique mapped and paired reads 589066 ...
200232 [main] INFO main.java.edu.mit.compbio.bisulfitehic.mapping.Bhmem  - Processing reads 596000 ...
200232 [main] INFO main.java.edu.mit.compbio.bisulfitehic.mapping.Bhmem  - Unique mapped and paired reads 589066 ...
[M::mem_process_seqs] Processed 1001 reads in 0.911 CPU sec, 0.123 real sec
[M::mem_process_seqs] Processed 1001 reads in 0.906 CPU sec, 0.120 real sec
[M::mem_process_seqs] Processed 1001 reads in 1.019 CPU sec, 0.132 real sec
[M::mem_process_seqs] Processed 1001 reads in 0.980 CPU sec, 0.132 real sec
200892 [main] INFO main.java.edu.mit.compbio.bisulfitehic.mapping.Bhmem  - Processing reads 597000 ...
200892 [main] INFO main.java.edu.mit.compbio.bisulfitehic.mapping.Bhmem  - Unique mapped and paired reads 591044 ...
200896 [main] INFO main.java.edu.mit.compbio.bisulfitehic.mapping.Bhmem  - Processing reads 598000 ...
200896 [main] INFO main.java.edu.mit.compbio.bisulfitehic.mapping.Bhmem  - Unique mapped and paired reads 591044 ...
[M::mem_process_seqs] Processed 1001 reads in 0.924 CPU sec, 0.127 real sec
[M::mem_process_seqs] Processed 1001 reads in 0.899 CPU sec, 0.114 real sec
[M::mem_process_seqs] Processed 1001 reads in 0.937 CPU sec, 0.129 real sec
[M::mem_process_seqs] Processed 1001 reads in 0.931 CPU sec, 0.123 real sec
201542 [main] INFO main.java.edu.mit.compbio.bisulfitehic.mapping.Bhmem  - Processing reads 599000 ...
201542 [main] INFO main.java.edu.mit.compbio.bisulfitehic.mapping.Bhmem  - Unique mapped and paired reads 593028 ...
201546 [main] INFO main.java.edu.mit.compbio.bisulfitehic.mapping.Bhmem  - Processing reads 600000 ...
201546 [main] INFO main.java.edu.mit.compbio.bisulfitehic.mapping.Bhmem  - Unique mapped and paired reads 593028 ...
[M::mem_process_seqs] Processed 1001 reads in 0.903 CPU sec, 0.118 real sec
[M::mem_process_seqs] Processed 1001 reads in 0.831 CPU sec, 0.106 real sec
[M::mem_process_seqs] Processed 1001 reads in 0.945 CPU sec, 0.127 real sec
[M::mem_process_seqs] Processed 1001 reads in 0.865 CPU sec, 0.114 real sec
202164 [main] INFO main.java.edu.mit.compbio.bisulfitehic.mapping.Bhmem  - Processing reads 601000 ...
202164 [main] INFO main.java.edu.mit.compbio.bisulfitehic.mapping.Bhmem  - Unique mapped and paired reads 595012 ...
202168 [main] INFO main.java.edu.mit.compbio.bisulfitehic.mapping.Bhmem  - Processing reads 602000 ...
202168 [main] INFO main.java.edu.mit.compbio.bisulfitehic.mapping.Bhmem  - Unique mapped and paired reads 595012 ...
[M::mem_process_seqs] Processed 1001 reads in 0.877 CPU sec, 0.114 real sec
[M::mem_process_seqs] Processed 1001 reads in 0.788 CPU sec, 0.104 real sec
[M::mem_process_seqs] Processed 1001 reads in 0.825 CPU sec, 0.105 real sec
[M::mem_process_seqs] Processed 1001 reads in 0.886 CPU sec, 0.117 real sec
202766 [main] INFO main.java.edu.mit.compbio.bisulfitehic.mapping.Bhmem  - Processing reads 603000 ...
202766 [main] INFO main.java.edu.mit.compbio.bisulfitehic.mapping.Bhmem  - Unique mapped and paired reads 597004 ...
202770 [main] INFO main.java.edu.mit.compbio.bisulfitehic.mapping.Bhmem  - Processing reads 604000 ...
202770 [main] INFO main.java.edu.mit.compbio.bisulfitehic.mapping.Bhmem  - Unique mapped and paired reads 597004 ...
[M::mem_process_seqs] Processed 1001 reads in 0.821 CPU sec, 0.104 real sec
[M::mem_process_seqs] Processed 1001 reads in 0.725 CPU sec, 0.092 real sec
[M::mem_process_seqs] Processed 1001 reads in 0.900 CPU sec, 0.122 real sec
[M::mem_process_seqs] Processed 1001 reads in 0.809 CPU sec, 0.117 real sec
203354 [main] INFO main.java.edu.mit.compbio.bisulfitehic.mapping.Bhmem  - Processing reads 605000 ...
203354 [main] INFO main.java.edu.mit.compbio.bisulfitehic.mapping.Bhmem  - Unique mapped and paired reads 599002 ...
203358 [main] INFO main.java.edu.mit.compbio.bisulfitehic.mapping.Bhmem  - Processing reads 606000 ...
203358 [main] INFO main.java.edu.mit.compbio.bisulfitehic.mapping.Bhmem  - Unique mapped and paired reads 599002 ...
[M::mem_process_seqs] Processed 1001 reads in 0.855 CPU sec, 0.108 real sec
[M::mem_process_seqs] Processed 1001 reads in 0.841 CPU sec, 0.114 real sec
[M::mem_process_seqs] Processed 1001 reads in 0.939 CPU sec, 0.122 real sec
[M::mem_process_seqs] Processed 1001 reads in 0.948 CPU sec, 0.131 real sec
203988 [main] INFO main.java.edu.mit.compbio.bisulfitehic.mapping.Bhmem  - Processing reads 607000 ...
203988 [main] INFO main.java.edu.mit.compbio.bisulfitehic.mapping.Bhmem  - Unique mapped and paired reads 600986 ...
203992 [main] INFO main.java.edu.mit.compbio.bisulfitehic.mapping.Bhmem  - Processing reads 608000 ...
203992 [main] INFO main.java.edu.mit.compbio.bisulfitehic.mapping.Bhmem  - Unique mapped and paired reads 600986 ...
[M::mem_process_seqs] Processed 1001 reads in 0.829 CPU sec, 0.109 real sec
[M::mem_process_seqs] Processed 1001 reads in 0.817 CPU sec, 0.104 real sec
[M::mem_process_seqs] Processed 1001 reads in 0.924 CPU sec, 0.119 real sec
[M::mem_process_seqs] Processed 1001 reads in 0.906 CPU sec, 0.115 real sec
204592 [main] INFO main.java.edu.mit.compbio.bisulfitehic.mapping.Bhmem  - Processing reads 609000 ...
204592 [main] INFO main.java.edu.mit.compbio.bisulfitehic.mapping.Bhmem  - Unique mapped and paired reads 602962 ...
204596 [main] INFO main.java.edu.mit.compbio.bisulfitehic.mapping.Bhmem  - Processing reads 610000 ...
204596 [main] INFO main.java.edu.mit.compbio.bisulfitehic.mapping.Bhmem  - Unique mapped and paired reads 602962 ...
[M::mem_process_seqs] Processed 1001 reads in 0.800 CPU sec, 0.104 real sec
[M::mem_process_seqs] Processed 1001 reads in 0.824 CPU sec, 0.112 real sec
[M::mem_process_seqs] Processed 1001 reads in 0.810 CPU sec, 0.108 real sec
[M::mem_process_seqs] Processed 1001 reads in 0.886 CPU sec, 0.121 real sec
205188 [main] INFO main.java.edu.mit.compbio.bisulfitehic.mapping.Bhmem  - Processing reads 611000 ...
205188 [main] INFO main.java.edu.mit.compbio.bisulfitehic.mapping.Bhmem  - Unique mapped and paired reads 604932 ...
205192 [main] INFO main.java.edu.mit.compbio.bisulfitehic.mapping.Bhmem  - Processing reads 612000 ...
205192 [main] INFO main.java.edu.mit.compbio.bisulfitehic.mapping.Bhmem  - Unique mapped and paired reads 604932 ...
[M::mem_process_seqs] Processed 1001 reads in 0.873 CPU sec, 0.111 real sec
[M::mem_process_seqs] Processed 1001 reads in 0.775 CPU sec, 0.104 real sec
[M::mem_process_seqs] Processed 1001 reads in 1.002 CPU sec, 0.132 real sec
[M::mem_process_seqs] Processed 1001 reads in 0.830 CPU sec, 0.111 real sec
205803 [main] INFO main.java.edu.mit.compbio.bisulfitehic.mapping.Bhmem  - Processing reads 613000 ...
205803 [main] INFO main.java.edu.mit.compbio.bisulfitehic.mapping.Bhmem  - Unique mapped and paired reads 606920 ...
205807 [main] INFO main.java.edu.mit.compbio.bisulfitehic.mapping.Bhmem  - Processing reads 614000 ...
205807 [main] INFO main.java.edu.mit.compbio.bisulfitehic.mapping.Bhmem  - Unique mapped and paired reads 606920 ...
[M::mem_process_seqs] Processed 1001 reads in 0.898 CPU sec, 0.119 real sec
[M::mem_process_seqs] Processed 1001 reads in 0.821 CPU sec, 0.106 real sec
[M::mem_process_seqs] Processed 1001 reads in 0.910 CPU sec, 0.115 real sec
[M::mem_process_seqs] Processed 1001 reads in 0.948 CPU sec, 0.120 real sec
206422 [main] INFO main.java.edu.mit.compbio.bisulfitehic.mapping.Bhmem  - Processing reads 615000 ...
206422 [main] INFO main.java.edu.mit.compbio.bisulfitehic.mapping.Bhmem  - Unique mapped and paired reads 608902 ...
206426 [main] INFO main.java.edu.mit.compbio.bisulfitehic.mapping.Bhmem  - Processing reads 616000 ...
206426 [main] INFO main.java.edu.mit.compbio.bisulfitehic.mapping.Bhmem  - Unique mapped and paired reads 608902 ...
[M::mem_process_seqs] Processed 1001 reads in 0.837 CPU sec, 0.109 real sec
[M::mem_process_seqs] Processed 1001 reads in 0.804 CPU sec, 0.102 real sec
[M::mem_process_seqs] Processed 1001 reads in 0.915 CPU sec, 0.119 real sec
[M::mem_process_seqs] Processed 1001 reads in 1.033 CPU sec, 0.137 real sec
207047 [main] INFO main.java.edu.mit.compbio.bisulfitehic.mapping.Bhmem  - Processing reads 617000 ...
207047 [main] INFO main.java.edu.mit.compbio.bisulfitehic.mapping.Bhmem  - Unique mapped and paired reads 610884 ...
207051 [main] INFO main.java.edu.mit.compbio.bisulfitehic.mapping.Bhmem  - Processing reads 618000 ...
207051 [main] INFO main.java.edu.mit.compbio.bisulfitehic.mapping.Bhmem  - Unique mapped and paired reads 610884 ...
[M::mem_process_seqs] Processed 1001 reads in 0.868 CPU sec, 0.116 real sec
[M::mem_process_seqs] Processed 1001 reads in 0.799 CPU sec, 0.103 real sec
[M::mem_process_seqs] Processed 1001 reads in 0.966 CPU sec, 0.129 real sec
[M::mem_process_seqs] Processed 1001 reads in 0.908 CPU sec, 0.120 real sec
207740 [main] INFO main.java.edu.mit.compbio.bisulfitehic.mapping.Bhmem  - Processing reads 619000 ...
207740 [main] INFO main.java.edu.mit.compbio.bisulfitehic.mapping.Bhmem  - Unique mapped and paired reads 612872 ...
207745 [main] INFO main.java.edu.mit.compbio.bisulfitehic.mapping.Bhmem  - Processing reads 620000 ...
207745 [main] INFO main.java.edu.mit.compbio.bisulfitehic.mapping.Bhmem  - Unique mapped and paired reads 612872 ...
[M::mem_process_seqs] Processed 1001 reads in 0.834 CPU sec, 0.107 real sec
[M::mem_process_seqs] Processed 1001 reads in 0.716 CPU sec, 0.091 real sec
[M::mem_process_seqs] Processed 1001 reads in 0.813 CPU sec, 0.103 real sec
[M::mem_process_seqs] Processed 1001 reads in 0.790 CPU sec, 0.108 real sec
208302 [main] INFO main.java.edu.mit.compbio.bisulfitehic.mapping.Bhmem  - Processing reads 621000 ...
208302 [main] INFO main.java.edu.mit.compbio.bisulfitehic.mapping.Bhmem  - Unique mapped and paired reads 614864 ...
208306 [main] INFO main.java.edu.mit.compbio.bisulfitehic.mapping.Bhmem  - Processing reads 622000 ...
208306 [main] INFO main.java.edu.mit.compbio.bisulfitehic.mapping.Bhmem  - Unique mapped and paired reads 614864 ...
[M::mem_process_seqs] Processed 1001 reads in 0.911 CPU sec, 0.117 real sec
[M::mem_process_seqs] Processed 1001 reads in 0.800 CPU sec, 0.103 real sec
[M::mem_process_seqs] Processed 1001 reads in 1.033 CPU sec, 0.141 real sec
[M::mem_process_seqs] Processed 1001 reads in 0.955 CPU sec, 0.132 real sec
208954 [main] INFO main.java.edu.mit.compbio.bisulfitehic.mapping.Bhmem  - Processing reads 623000 ...
208954 [main] INFO main.java.edu.mit.compbio.bisulfitehic.mapping.Bhmem  - Unique mapped and paired reads 616852 ...
208958 [main] INFO main.java.edu.mit.compbio.bisulfitehic.mapping.Bhmem  - Processing reads 624000 ...
208958 [main] INFO main.java.edu.mit.compbio.bisulfitehic.mapping.Bhmem  - Unique mapped and paired reads 616852 ...
[M::mem_process_seqs] Processed 1001 reads in 0.856 CPU sec, 0.108 real sec
[M::mem_process_seqs] Processed 1001 reads in 0.882 CPU sec, 0.124 real sec
[M::mem_process_seqs] Processed 1001 reads in 0.936 CPU sec, 0.126 real sec
[M::mem_process_seqs] Processed 1001 reads in 1.002 CPU sec, 0.135 real sec
209605 [main] INFO main.java.edu.mit.compbio.bisulfitehic.mapping.Bhmem  - Processing reads 625000 ...
209606 [main] INFO main.java.edu.mit.compbio.bisulfitehic.mapping.Bhmem  - Unique mapped and paired reads 618838 ...
209609 [main] INFO main.java.edu.mit.compbio.bisulfitehic.mapping.Bhmem  - Processing reads 626000 ...
209609 [main] INFO main.java.edu.mit.compbio.bisulfitehic.mapping.Bhmem  - Unique mapped and paired reads 618838 ...
[M::mem_process_seqs] Processed 1001 reads in 0.887 CPU sec, 0.115 real sec
[M::mem_process_seqs] Processed 1001 reads in 0.757 CPU sec, 0.096 real sec
[M::mem_process_seqs] Processed 1001 reads in 0.860 CPU sec, 0.112 real sec
[M::mem_process_seqs] Processed 1001 reads in 0.952 CPU sec, 0.122 real sec
210206 [main] INFO main.java.edu.mit.compbio.bisulfitehic.mapping.Bhmem  - Processing reads 627000 ...
210206 [main] INFO main.java.edu.mit.compbio.bisulfitehic.mapping.Bhmem  - Unique mapped and paired reads 620818 ...
210210 [main] INFO main.java.edu.mit.compbio.bisulfitehic.mapping.Bhmem  - Processing reads 628000 ...
210210 [main] INFO main.java.edu.mit.compbio.bisulfitehic.mapping.Bhmem  - Unique mapped and paired reads 620818 ...
[M::mem_process_seqs] Processed 1001 reads in 0.913 CPU sec, 0.118 real sec
[M::mem_process_seqs] Processed 1001 reads in 0.801 CPU sec, 0.102 real sec
[M::mem_process_seqs] Processed 1001 reads in 1.092 CPU sec, 0.138 real sec
[M::mem_process_seqs] Processed 1001 reads in 0.964 CPU sec, 0.129 real sec
210856 [main] INFO main.java.edu.mit.compbio.bisulfitehic.mapping.Bhmem  - Processing reads 629000 ...
210856 [main] INFO main.java.edu.mit.compbio.bisulfitehic.mapping.Bhmem  - Unique mapped and paired reads 622800 ...
210860 [main] INFO main.java.edu.mit.compbio.bisulfitehic.mapping.Bhmem  - Processing reads 630000 ...
210860 [main] INFO main.java.edu.mit.compbio.bisulfitehic.mapping.Bhmem  - Unique mapped and paired reads 622800 ...
[M::mem_process_seqs] Processed 1001 reads in 0.912 CPU sec, 0.121 real sec
[M::mem_process_seqs] Processed 1001 reads in 0.800 CPU sec, 0.113 real sec
[M::mem_process_seqs] Processed 1001 reads in 0.906 CPU sec, 0.122 real sec
[M::mem_process_seqs] Processed 1001 reads in 0.893 CPU sec, 0.125 real sec
211494 [main] INFO main.java.edu.mit.compbio.bisulfitehic.mapping.Bhmem  - Processing reads 631000 ...
211494 [main] INFO main.java.edu.mit.compbio.bisulfitehic.mapping.Bhmem  - Unique mapped and paired reads 624790 ...
211498 [main] INFO main.java.edu.mit.compbio.bisulfitehic.mapping.Bhmem  - Processing reads 632000 ...
211498 [main] INFO main.java.edu.mit.compbio.bisulfitehic.mapping.Bhmem  - Unique mapped and paired reads 624790 ...
[M::mem_process_seqs] Processed 1001 reads in 0.896 CPU sec, 0.121 real sec
[M::mem_process_seqs] Processed 1001 reads in 0.855 CPU sec, 0.116 real sec
[M::mem_process_seqs] Processed 1001 reads in 0.948 CPU sec, 0.133 real sec
[M::mem_process_seqs] Processed 1001 reads in 0.909 CPU sec, 0.122 real sec
212142 [main] INFO main.java.edu.mit.compbio.bisulfitehic.mapping.Bhmem  - Processing reads 633000 ...
212142 [main] INFO main.java.edu.mit.compbio.bisulfitehic.mapping.Bhmem  - Unique mapped and paired reads 626776 ...
212146 [main] INFO main.java.edu.mit.compbio.bisulfitehic.mapping.Bhmem  - Processing reads 634000 ...
212146 [main] INFO main.java.edu.mit.compbio.bisulfitehic.mapping.Bhmem  - Unique mapped and paired reads 626776 ...
[M::mem_process_seqs] Processed 1001 reads in 0.817 CPU sec, 0.105 real sec
[M::mem_process_seqs] Processed 1001 reads in 0.740 CPU sec, 0.095 real sec
[M::mem_process_seqs] Processed 1001 reads in 0.923 CPU sec, 0.126 real sec
[M::mem_process_seqs] Processed 1001 reads in 0.883 CPU sec, 0.117 real sec
212740 [main] INFO main.java.edu.mit.compbio.bisulfitehic.mapping.Bhmem  - Processing reads 635000 ...
212740 [main] INFO main.java.edu.mit.compbio.bisulfitehic.mapping.Bhmem  - Unique mapped and paired reads 628770 ...
212744 [main] INFO main.java.edu.mit.compbio.bisulfitehic.mapping.Bhmem  - Processing reads 636000 ...
212744 [main] INFO main.java.edu.mit.compbio.bisulfitehic.mapping.Bhmem  - Unique mapped and paired reads 628770 ...
[M::mem_process_seqs] Processed 1001 reads in 0.843 CPU sec, 0.108 real sec
[M::mem_process_seqs] Processed 1001 reads in 0.805 CPU sec, 0.102 real sec
[M::mem_process_seqs] Processed 1001 reads in 0.963 CPU sec, 0.123 real sec
[M::mem_process_seqs] Processed 1001 reads in 0.882 CPU sec, 0.116 real sec
213349 [main] INFO main.java.edu.mit.compbio.bisulfitehic.mapping.Bhmem  - Processing reads 637000 ...
213349 [main] INFO main.java.edu.mit.compbio.bisulfitehic.mapping.Bhmem  - Unique mapped and paired reads 630756 ...
213353 [main] INFO main.java.edu.mit.compbio.bisulfitehic.mapping.Bhmem  - Processing reads 638000 ...
213353 [main] INFO main.java.edu.mit.compbio.bisulfitehic.mapping.Bhmem  - Unique mapped and paired reads 630756 ...
[M::mem_process_seqs] Processed 1001 reads in 0.903 CPU sec, 0.132 real sec
[M::mem_process_seqs] Processed 1001 reads in 0.713 CPU sec, 0.091 real sec
[M::mem_process_seqs] Processed 1001 reads in 0.901 CPU sec, 0.118 real sec
[M::mem_process_seqs] Processed 1001 reads in 0.851 CPU sec, 0.114 real sec
213957 [main] INFO main.java.edu.mit.compbio.bisulfitehic.mapping.Bhmem  - Processing reads 639000 ...
213957 [main] INFO main.java.edu.mit.compbio.bisulfitehic.mapping.Bhmem  - Unique mapped and paired reads 632740 ...
213961 [main] INFO main.java.edu.mit.compbio.bisulfitehic.mapping.Bhmem  - Processing reads 640000 ...
213961 [main] INFO main.java.edu.mit.compbio.bisulfitehic.mapping.Bhmem  - Unique mapped and paired reads 632740 ...
[M::mem_process_seqs] Processed 1001 reads in 0.806 CPU sec, 0.102 real sec
[M::mem_process_seqs] Processed 1001 reads in 0.836 CPU sec, 0.121 real sec
[M::mem_process_seqs] Processed 1001 reads in 0.802 CPU sec, 0.117 real sec
[M::mem_process_seqs] Processed 1001 reads in 0.946 CPU sec, 0.129 real sec
214583 [main] INFO main.java.edu.mit.compbio.bisulfitehic.mapping.Bhmem  - Processing reads 641000 ...
214583 [main] INFO main.java.edu.mit.compbio.bisulfitehic.mapping.Bhmem  - Unique mapped and paired reads 634722 ...
214587 [main] INFO main.java.edu.mit.compbio.bisulfitehic.mapping.Bhmem  - Processing reads 642000 ...
214587 [main] INFO main.java.edu.mit.compbio.bisulfitehic.mapping.Bhmem  - Unique mapped and paired reads 634722 ...
[M::mem_process_seqs] Processed 1001 reads in 0.883 CPU sec, 0.114 real sec
[M::mem_process_seqs] Processed 1001 reads in 0.760 CPU sec, 0.096 real sec
[M::mem_process_seqs] Processed 1001 reads in 0.877 CPU sec, 0.120 real sec
[M::mem_process_seqs] Processed 1001 reads in 0.878 CPU sec, 0.117 real sec
215187 [main] INFO main.java.edu.mit.compbio.bisulfitehic.mapping.Bhmem  - Processing reads 643000 ...
215187 [main] INFO main.java.edu.mit.compbio.bisulfitehic.mapping.Bhmem  - Unique mapped and paired reads 636706 ...
215191 [main] INFO main.java.edu.mit.compbio.bisulfitehic.mapping.Bhmem  - Processing reads 644000 ...
215191 [main] INFO main.java.edu.mit.compbio.bisulfitehic.mapping.Bhmem  - Unique mapped and paired reads 636706 ...
[M::mem_process_seqs] Processed 1001 reads in 0.930 CPU sec, 0.119 real sec
[M::mem_process_seqs] Processed 1001 reads in 0.835 CPU sec, 0.107 real sec
[M::mem_process_seqs] Processed 1001 reads in 1.027 CPU sec, 0.133 real sec
[M::mem_process_seqs] Processed 1001 reads in 0.979 CPU sec, 0.135 real sec
215837 [main] INFO main.java.edu.mit.compbio.bisulfitehic.mapping.Bhmem  - Processing reads 645000 ...
215837 [main] INFO main.java.edu.mit.compbio.bisulfitehic.mapping.Bhmem  - Unique mapped and paired reads 638678 ...
215841 [main] INFO main.java.edu.mit.compbio.bisulfitehic.mapping.Bhmem  - Processing reads 646000 ...
215841 [main] INFO main.java.edu.mit.compbio.bisulfitehic.mapping.Bhmem  - Unique mapped and paired reads 638678 ...
[M::mem_process_seqs] Processed 1001 reads in 1.001 CPU sec, 0.133 real sec
[M::mem_process_seqs] Processed 1001 reads in 0.865 CPU sec, 0.112 real sec
[M::mem_process_seqs] Processed 1001 reads in 1.128 CPU sec, 0.145 real sec
[M::mem_process_seqs] Processed 1001 reads in 0.975 CPU sec, 0.127 real sec
216513 [main] INFO main.java.edu.mit.compbio.bisulfitehic.mapping.Bhmem  - Processing reads 647000 ...
216513 [main] INFO main.java.edu.mit.compbio.bisulfitehic.mapping.Bhmem  - Unique mapped and paired reads 640666 ...
216517 [main] INFO main.java.edu.mit.compbio.bisulfitehic.mapping.Bhmem  - Processing reads 648000 ...
216517 [main] INFO main.java.edu.mit.compbio.bisulfitehic.mapping.Bhmem  - Unique mapped and paired reads 640666 ...
[M::mem_process_seqs] Processed 1001 reads in 0.892 CPU sec, 0.117 real sec
[M::mem_process_seqs] Processed 1001 reads in 0.899 CPU sec, 0.118 real sec
[M::mem_process_seqs] Processed 1001 reads in 0.984 CPU sec, 0.125 real sec
[M::mem_process_seqs] Processed 1001 reads in 0.937 CPU sec, 0.124 real sec
217162 [main] INFO main.java.edu.mit.compbio.bisulfitehic.mapping.Bhmem  - Processing reads 649000 ...
217162 [main] INFO main.java.edu.mit.compbio.bisulfitehic.mapping.Bhmem  - Unique mapped and paired reads 642642 ...
217166 [main] INFO main.java.edu.mit.compbio.bisulfitehic.mapping.Bhmem  - Processing reads 650000 ...
217166 [main] INFO main.java.edu.mit.compbio.bisulfitehic.mapping.Bhmem  - Unique mapped and paired reads 642642 ...
[M::mem_process_seqs] Processed 1001 reads in 0.968 CPU sec, 0.143 real sec
[M::mem_process_seqs] Processed 1001 reads in 0.897 CPU sec, 0.113 real sec
[M::mem_process_seqs] Processed 1001 reads in 1.038 CPU sec, 0.137 real sec
[M::mem_process_seqs] Processed 1001 reads in 0.988 CPU sec, 0.133 real sec
217853 [main] INFO main.java.edu.mit.compbio.bisulfitehic.mapping.Bhmem  - Processing reads 651000 ...
217853 [main] INFO main.java.edu.mit.compbio.bisulfitehic.mapping.Bhmem  - Unique mapped and paired reads 644620 ...
217857 [main] INFO main.java.edu.mit.compbio.bisulfitehic.mapping.Bhmem  - Processing reads 652000 ...
217857 [main] INFO main.java.edu.mit.compbio.bisulfitehic.mapping.Bhmem  - Unique mapped and paired reads 644620 ...
[M::mem_process_seqs] Processed 1001 reads in 0.920 CPU sec, 0.117 real sec
[M::mem_process_seqs] Processed 1001 reads in 0.812 CPU sec, 0.104 real sec
[M::mem_process_seqs] Processed 1001 reads in 1.004 CPU sec, 0.132 real sec
[M::mem_process_seqs] Processed 1001 reads in 0.914 CPU sec, 0.125 real sec
218487 [main] INFO main.java.edu.mit.compbio.bisulfitehic.mapping.Bhmem  - Processing reads 653000 ...
218487 [main] INFO main.java.edu.mit.compbio.bisulfitehic.mapping.Bhmem  - Unique mapped and paired reads 646602 ...
218493 [main] INFO main.java.edu.mit.compbio.bisulfitehic.mapping.Bhmem  - Processing reads 654000 ...
218493 [main] INFO main.java.edu.mit.compbio.bisulfitehic.mapping.Bhmem  - Unique mapped and paired reads 646602 ...
[M::mem_process_seqs] Processed 1001 reads in 0.832 CPU sec, 0.107 real sec
[M::mem_process_seqs] Processed 1001 reads in 0.806 CPU sec, 0.107 real sec
[M::mem_process_seqs] Processed 1001 reads in 0.942 CPU sec, 0.120 real sec
[M::mem_process_seqs] Processed 1001 reads in 0.919 CPU sec, 0.118 real sec
219104 [main] INFO main.java.edu.mit.compbio.bisulfitehic.mapping.Bhmem  - Processing reads 655000 ...
219104 [main] INFO main.java.edu.mit.compbio.bisulfitehic.mapping.Bhmem  - Unique mapped and paired reads 648582 ...
219108 [main] INFO main.java.edu.mit.compbio.bisulfitehic.mapping.Bhmem  - Processing reads 656000 ...
219108 [main] INFO main.java.edu.mit.compbio.bisulfitehic.mapping.Bhmem  - Unique mapped and paired reads 648582 ...
[M::mem_process_seqs] Processed 1001 reads in 0.849 CPU sec, 0.108 real sec
[M::mem_process_seqs] Processed 1001 reads in 0.826 CPU sec, 0.105 real sec
[M::mem_process_seqs] Processed 1001 reads in 0.965 CPU sec, 0.135 real sec
[M::mem_process_seqs] Processed 1001 reads in 0.896 CPU sec, 0.120 real sec
219729 [main] INFO main.java.edu.mit.compbio.bisulfitehic.mapping.Bhmem  - Processing reads 657000 ...
219729 [main] INFO main.java.edu.mit.compbio.bisulfitehic.mapping.Bhmem  - Unique mapped and paired reads 650566 ...
219733 [main] INFO main.java.edu.mit.compbio.bisulfitehic.mapping.Bhmem  - Processing reads 658000 ...
219733 [main] INFO main.java.edu.mit.compbio.bisulfitehic.mapping.Bhmem  - Unique mapped and paired reads 650566 ...
[M::mem_process_seqs] Processed 1001 reads in 0.908 CPU sec, 0.116 real sec
[M::mem_process_seqs] Processed 1001 reads in 0.759 CPU sec, 0.098 real sec
[M::mem_process_seqs] Processed 1001 reads in 0.911 CPU sec, 0.119 real sec
[M::mem_process_seqs] Processed 1001 reads in 0.837 CPU sec, 0.115 real sec
220329 [main] INFO main.java.edu.mit.compbio.bisulfitehic.mapping.Bhmem  - Processing reads 659000 ...
220329 [main] INFO main.java.edu.mit.compbio.bisulfitehic.mapping.Bhmem  - Unique mapped and paired reads 652554 ...
220333 [main] INFO main.java.edu.mit.compbio.bisulfitehic.mapping.Bhmem  - Processing reads 660000 ...
220333 [main] INFO main.java.edu.mit.compbio.bisulfitehic.mapping.Bhmem  - Unique mapped and paired reads 652554 ...
[M::mem_process_seqs] Processed 1001 reads in 0.853 CPU sec, 0.109 real sec
[M::mem_process_seqs] Processed 1001 reads in 0.775 CPU sec, 0.105 real sec
[M::mem_process_seqs] Processed 1001 reads in 0.894 CPU sec, 0.121 real sec
[M::mem_process_seqs] Processed 1001 reads in 0.884 CPU sec, 0.120 real sec
220953 [main] INFO main.java.edu.mit.compbio.bisulfitehic.mapping.Bhmem  - Processing reads 661000 ...
220953 [main] INFO main.java.edu.mit.compbio.bisulfitehic.mapping.Bhmem  - Unique mapped and paired reads 654542 ...
220957 [main] INFO main.java.edu.mit.compbio.bisulfitehic.mapping.Bhmem  - Processing reads 662000 ...
220957 [main] INFO main.java.edu.mit.compbio.bisulfitehic.mapping.Bhmem  - Unique mapped and paired reads 654542 ...
[M::mem_process_seqs] Processed 1001 reads in 0.846 CPU sec, 0.113 real sec
[M::mem_process_seqs] Processed 1001 reads in 0.737 CPU sec, 0.098 real sec
[M::mem_process_seqs] Processed 1001 reads in 0.945 CPU sec, 0.125 real sec
[M::mem_process_seqs] Processed 1001 reads in 0.886 CPU sec, 0.115 real sec
221559 [main] INFO main.java.edu.mit.compbio.bisulfitehic.mapping.Bhmem  - Processing reads 663000 ...
221559 [main] INFO main.java.edu.mit.compbio.bisulfitehic.mapping.Bhmem  - Unique mapped and paired reads 656526 ...
221563 [main] INFO main.java.edu.mit.compbio.bisulfitehic.mapping.Bhmem  - Processing reads 664000 ...
221563 [main] INFO main.java.edu.mit.compbio.bisulfitehic.mapping.Bhmem  - Unique mapped and paired reads 656526 ...
[M::mem_process_seqs] Processed 1001 reads in 0.873 CPU sec, 0.124 real sec
[M::mem_process_seqs] Processed 1001 reads in 0.826 CPU sec, 0.105 real sec
[M::mem_process_seqs] Processed 1001 reads in 0.998 CPU sec, 0.132 real sec
[M::mem_process_seqs] Processed 1001 reads in 0.933 CPU sec, 0.119 real sec
222195 [main] INFO main.java.edu.mit.compbio.bisulfitehic.mapping.Bhmem  - Processing reads 665000 ...
222195 [main] INFO main.java.edu.mit.compbio.bisulfitehic.mapping.Bhmem  - Unique mapped and paired reads 658506 ...
222199 [main] INFO main.java.edu.mit.compbio.bisulfitehic.mapping.Bhmem  - Processing reads 666000 ...
222199 [main] INFO main.java.edu.mit.compbio.bisulfitehic.mapping.Bhmem  - Unique mapped and paired reads 658506 ...
[M::mem_process_seqs] Processed 1001 reads in 0.870 CPU sec, 0.111 real sec
[M::mem_process_seqs] Processed 1001 reads in 0.857 CPU sec, 0.116 real sec
[M::mem_process_seqs] Processed 1001 reads in 0.968 CPU sec, 0.130 real sec
[M::mem_process_seqs] Processed 1001 reads in 0.959 CPU sec, 0.125 real sec
222836 [main] INFO main.java.edu.mit.compbio.bisulfitehic.mapping.Bhmem  - Processing reads 667000 ...
222836 [main] INFO main.java.edu.mit.compbio.bisulfitehic.mapping.Bhmem  - Unique mapped and paired reads 660490 ...
222840 [main] INFO main.java.edu.mit.compbio.bisulfitehic.mapping.Bhmem  - Processing reads 668000 ...
222840 [main] INFO main.java.edu.mit.compbio.bisulfitehic.mapping.Bhmem  - Unique mapped and paired reads 660490 ...
[M::mem_process_seqs] Processed 1001 reads in 0.858 CPU sec, 0.112 real sec
[M::mem_process_seqs] Processed 1001 reads in 0.817 CPU sec, 0.109 real sec
[M::mem_process_seqs] Processed 1001 reads in 0.982 CPU sec, 0.132 real sec
[M::mem_process_seqs] Processed 1001 reads in 0.880 CPU sec, 0.113 real sec
223471 [main] INFO main.java.edu.mit.compbio.bisulfitehic.mapping.Bhmem  - Processing reads 669000 ...
223471 [main] INFO main.java.edu.mit.compbio.bisulfitehic.mapping.Bhmem  - Unique mapped and paired reads 662472 ...
223475 [main] INFO main.java.edu.mit.compbio.bisulfitehic.mapping.Bhmem  - Processing reads 670000 ...
223475 [main] INFO main.java.edu.mit.compbio.bisulfitehic.mapping.Bhmem  - Unique mapped and paired reads 662472 ...
[M::mem_process_seqs] Processed 1001 reads in 0.831 CPU sec, 0.105 real sec
[M::mem_process_seqs] Processed 1001 reads in 0.785 CPU sec, 0.100 real sec
[M::mem_process_seqs] Processed 1001 reads in 0.922 CPU sec, 0.118 real sec
[M::mem_process_seqs] Processed 1001 reads in 0.908 CPU sec, 0.115 real sec
224066 [main] INFO main.java.edu.mit.compbio.bisulfitehic.mapping.Bhmem  - Processing reads 671000 ...
224066 [main] INFO main.java.edu.mit.compbio.bisulfitehic.mapping.Bhmem  - Unique mapped and paired reads 664450 ...
224070 [main] INFO main.java.edu.mit.compbio.bisulfitehic.mapping.Bhmem  - Processing reads 672000 ...
224070 [main] INFO main.java.edu.mit.compbio.bisulfitehic.mapping.Bhmem  - Unique mapped and paired reads 664450 ...
[M::mem_process_seqs] Processed 1001 reads in 0.917 CPU sec, 0.122 real sec
[M::mem_process_seqs] Processed 1001 reads in 0.757 CPU sec, 0.105 real sec
[M::mem_process_seqs] Processed 1001 reads in 0.964 CPU sec, 0.124 real sec
[M::mem_process_seqs] Processed 1001 reads in 0.929 CPU sec, 0.117 real sec
224695 [main] INFO main.java.edu.mit.compbio.bisulfitehic.mapping.Bhmem  - Processing reads 673000 ...
224695 [main] INFO main.java.edu.mit.compbio.bisulfitehic.mapping.Bhmem  - Unique mapped and paired reads 666416 ...
224699 [main] INFO main.java.edu.mit.compbio.bisulfitehic.mapping.Bhmem  - Processing reads 674000 ...
224699 [main] INFO main.java.edu.mit.compbio.bisulfitehic.mapping.Bhmem  - Unique mapped and paired reads 666416 ...
[M::mem_process_seqs] Processed 1001 reads in 0.902 CPU sec, 0.116 real sec
[M::mem_process_seqs] Processed 1001 reads in 0.863 CPU sec, 0.110 real sec
[M::mem_process_seqs] Processed 1001 reads in 0.937 CPU sec, 0.128 real sec
[M::mem_process_seqs] Processed 1001 reads in 0.967 CPU sec, 0.123 real sec
225331 [main] INFO main.java.edu.mit.compbio.bisulfitehic.mapping.Bhmem  - Processing reads 675000 ...
225331 [main] INFO main.java.edu.mit.compbio.bisulfitehic.mapping.Bhmem  - Unique mapped and paired reads 668400 ...
225335 [main] INFO main.java.edu.mit.compbio.bisulfitehic.mapping.Bhmem  - Processing reads 676000 ...
225335 [main] INFO main.java.edu.mit.compbio.bisulfitehic.mapping.Bhmem  - Unique mapped and paired reads 668400 ...
[M::mem_process_seqs] Processed 1001 reads in 0.903 CPU sec, 0.117 real sec
[M::mem_process_seqs] Processed 1001 reads in 0.843 CPU sec, 0.110 real sec
[M::mem_process_seqs] Processed 1001 reads in 1.003 CPU sec, 0.134 real sec
[M::mem_process_seqs] Processed 1001 reads in 0.920 CPU sec, 0.117 real sec
225967 [main] INFO main.java.edu.mit.compbio.bisulfitehic.mapping.Bhmem  - Processing reads 677000 ...
225967 [main] INFO main.java.edu.mit.compbio.bisulfitehic.mapping.Bhmem  - Unique mapped and paired reads 670390 ...
225971 [main] INFO main.java.edu.mit.compbio.bisulfitehic.mapping.Bhmem  - Processing reads 678000 ...
225971 [main] INFO main.java.edu.mit.compbio.bisulfitehic.mapping.Bhmem  - Unique mapped and paired reads 670390 ...
[M::mem_process_seqs] Processed 1001 reads in 0.888 CPU sec, 0.116 real sec
[M::mem_process_seqs] Processed 1001 reads in 0.829 CPU sec, 0.109 real sec
[M::mem_process_seqs] Processed 1001 reads in 0.959 CPU sec, 0.130 real sec
[M::mem_process_seqs] Processed 1001 reads in 0.894 CPU sec, 0.114 real sec
226591 [main] INFO main.java.edu.mit.compbio.bisulfitehic.mapping.Bhmem  - Processing reads 679000 ...
226591 [main] INFO main.java.edu.mit.compbio.bisulfitehic.mapping.Bhmem  - Unique mapped and paired reads 672364 ...
226595 [main] INFO main.java.edu.mit.compbio.bisulfitehic.mapping.Bhmem  - Processing reads 680000 ...
226595 [main] INFO main.java.edu.mit.compbio.bisulfitehic.mapping.Bhmem  - Unique mapped and paired reads 672364 ...
[M::mem_process_seqs] Processed 1001 reads in 0.921 CPU sec, 0.122 real sec
[M::mem_process_seqs] Processed 1001 reads in 0.856 CPU sec, 0.113 real sec
[M::mem_process_seqs] Processed 1001 reads in 0.999 CPU sec, 0.130 real sec
[M::mem_process_seqs] Processed 1001 reads in 0.923 CPU sec, 0.122 real sec
227234 [main] INFO main.java.edu.mit.compbio.bisulfitehic.mapping.Bhmem  - Processing reads 681000 ...
227234 [main] INFO main.java.edu.mit.compbio.bisulfitehic.mapping.Bhmem  - Unique mapped and paired reads 674338 ...
227238 [main] INFO main.java.edu.mit.compbio.bisulfitehic.mapping.Bhmem  - Processing reads 682000 ...
227238 [main] INFO main.java.edu.mit.compbio.bisulfitehic.mapping.Bhmem  - Unique mapped and paired reads 674338 ...
[M::mem_process_seqs] Processed 1001 reads in 0.883 CPU sec, 0.119 real sec
[M::mem_process_seqs] Processed 1001 reads in 0.818 CPU sec, 0.110 real sec
[M::mem_process_seqs] Processed 1001 reads in 1.008 CPU sec, 0.136 real sec
[M::mem_process_seqs] Processed 1001 reads in 0.949 CPU sec, 0.127 real sec
227883 [main] INFO main.java.edu.mit.compbio.bisulfitehic.mapping.Bhmem  - Processing reads 683000 ...
227883 [main] INFO main.java.edu.mit.compbio.bisulfitehic.mapping.Bhmem  - Unique mapped and paired reads 676312 ...
227887 [main] INFO main.java.edu.mit.compbio.bisulfitehic.mapping.Bhmem  - Processing reads 684000 ...
227887 [main] INFO main.java.edu.mit.compbio.bisulfitehic.mapping.Bhmem  - Unique mapped and paired reads 676312 ...
[M::mem_process_seqs] Processed 1001 reads in 0.861 CPU sec, 0.109 real sec
[M::mem_process_seqs] Processed 1001 reads in 0.875 CPU sec, 0.125 real sec
[M::mem_process_seqs] Processed 1001 reads in 0.956 CPU sec, 0.125 real sec
[M::mem_process_seqs] Processed 1001 reads in 0.959 CPU sec, 0.127 real sec
228527 [main] INFO main.java.edu.mit.compbio.bisulfitehic.mapping.Bhmem  - Processing reads 685000 ...
228528 [main] INFO main.java.edu.mit.compbio.bisulfitehic.mapping.Bhmem  - Unique mapped and paired reads 678298 ...
228531 [main] INFO main.java.edu.mit.compbio.bisulfitehic.mapping.Bhmem  - Processing reads 686000 ...
228531 [main] INFO main.java.edu.mit.compbio.bisulfitehic.mapping.Bhmem  - Unique mapped and paired reads 678298 ...
[M::mem_process_seqs] Processed 1001 reads in 0.882 CPU sec, 0.111 real sec
[M::mem_process_seqs] Processed 1001 reads in 0.856 CPU sec, 0.108 real sec
[M::mem_process_seqs] Processed 1001 reads in 0.906 CPU sec, 0.118 real sec
[M::mem_process_seqs] Processed 1001 reads in 0.881 CPU sec, 0.112 real sec
229137 [main] INFO main.java.edu.mit.compbio.bisulfitehic.mapping.Bhmem  - Processing reads 687000 ...
229137 [main] INFO main.java.edu.mit.compbio.bisulfitehic.mapping.Bhmem  - Unique mapped and paired reads 680276 ...
229141 [main] INFO main.java.edu.mit.compbio.bisulfitehic.mapping.Bhmem  - Processing reads 688000 ...
229141 [main] INFO main.java.edu.mit.compbio.bisulfitehic.mapping.Bhmem  - Unique mapped and paired reads 680276 ...
[M::mem_process_seqs] Processed 1001 reads in 0.818 CPU sec, 0.105 real sec
[M::mem_process_seqs] Processed 1001 reads in 0.759 CPU sec, 0.102 real sec
[M::mem_process_seqs] Processed 1001 reads in 0.878 CPU sec, 0.116 real sec
[M::mem_process_seqs] Processed 1001 reads in 0.806 CPU sec, 0.109 real sec
229726 [main] INFO main.java.edu.mit.compbio.bisulfitehic.mapping.Bhmem  - Processing reads 689000 ...
229726 [main] INFO main.java.edu.mit.compbio.bisulfitehic.mapping.Bhmem  - Unique mapped and paired reads 682266 ...
229730 [main] INFO main.java.edu.mit.compbio.bisulfitehic.mapping.Bhmem  - Processing reads 690000 ...
229730 [main] INFO main.java.edu.mit.compbio.bisulfitehic.mapping.Bhmem  - Unique mapped and paired reads 682266 ...
[M::mem_process_seqs] Processed 1001 reads in 0.842 CPU sec, 0.110 real sec
[M::mem_process_seqs] Processed 1001 reads in 0.777 CPU sec, 0.102 real sec
[M::mem_process_seqs] Processed 1001 reads in 0.871 CPU sec, 0.111 real sec
[M::mem_process_seqs] Processed 1001 reads in 0.873 CPU sec, 0.110 real sec
230317 [main] INFO main.java.edu.mit.compbio.bisulfitehic.mapping.Bhmem  - Processing reads 691000 ...
230317 [main] INFO main.java.edu.mit.compbio.bisulfitehic.mapping.Bhmem  - Unique mapped and paired reads 684256 ...
230321 [main] INFO main.java.edu.mit.compbio.bisulfitehic.mapping.Bhmem  - Processing reads 692000 ...
230321 [main] INFO main.java.edu.mit.compbio.bisulfitehic.mapping.Bhmem  - Unique mapped and paired reads 684256 ...
[M::mem_process_seqs] Processed 1001 reads in 0.874 CPU sec, 0.111 real sec
[M::mem_process_seqs] Processed 1001 reads in 0.830 CPU sec, 0.112 real sec
[M::mem_process_seqs] Processed 1001 reads in 0.979 CPU sec, 0.130 real sec
[M::mem_process_seqs] Processed 1001 reads in 0.872 CPU sec, 0.114 real sec
230942 [main] INFO main.java.edu.mit.compbio.bisulfitehic.mapping.Bhmem  - Processing reads 693000 ...
230942 [main] INFO main.java.edu.mit.compbio.bisulfitehic.mapping.Bhmem  - Unique mapped and paired reads 686230 ...
230946 [main] INFO main.java.edu.mit.compbio.bisulfitehic.mapping.Bhmem  - Processing reads 694000 ...
230946 [main] INFO main.java.edu.mit.compbio.bisulfitehic.mapping.Bhmem  - Unique mapped and paired reads 686230 ...
[M::mem_process_seqs] Processed 1001 reads in 0.825 CPU sec, 0.112 real sec
[M::mem_process_seqs] Processed 1001 reads in 0.715 CPU sec, 0.092 real sec
[M::mem_process_seqs] Processed 1001 reads in 0.952 CPU sec, 0.128 real sec
[M::mem_process_seqs] Processed 1001 reads in 0.890 CPU sec, 0.114 real sec
231542 [main] INFO main.java.edu.mit.compbio.bisulfitehic.mapping.Bhmem  - Processing reads 695000 ...
231542 [main] INFO main.java.edu.mit.compbio.bisulfitehic.mapping.Bhmem  - Unique mapped and paired reads 688216 ...
231546 [main] INFO main.java.edu.mit.compbio.bisulfitehic.mapping.Bhmem  - Processing reads 696000 ...
231546 [main] INFO main.java.edu.mit.compbio.bisulfitehic.mapping.Bhmem  - Unique mapped and paired reads 688216 ...
[M::mem_process_seqs] Processed 1001 reads in 0.952 CPU sec, 0.121 real sec
[M::mem_process_seqs] Processed 1001 reads in 0.899 CPU sec, 0.116 real sec
[M::mem_process_seqs] Processed 1001 reads in 1.008 CPU sec, 0.134 real sec
[M::mem_process_seqs] Processed 1001 reads in 0.983 CPU sec, 0.125 real sec
232202 [main] INFO main.java.edu.mit.compbio.bisulfitehic.mapping.Bhmem  - Processing reads 697000 ...
232202 [main] INFO main.java.edu.mit.compbio.bisulfitehic.mapping.Bhmem  - Unique mapped and paired reads 690200 ...
232206 [main] INFO main.java.edu.mit.compbio.bisulfitehic.mapping.Bhmem  - Processing reads 698000 ...
232206 [main] INFO main.java.edu.mit.compbio.bisulfitehic.mapping.Bhmem  - Unique mapped and paired reads 690200 ...
[M::mem_process_seqs] Processed 1001 reads in 0.912 CPU sec, 0.121 real sec
[M::mem_process_seqs] Processed 1001 reads in 0.828 CPU sec, 0.105 real sec
[M::mem_process_seqs] Processed 1001 reads in 0.994 CPU sec, 0.127 real sec
[M::mem_process_seqs] Processed 1001 reads in 0.998 CPU sec, 0.128 real sec
232845 [main] INFO main.java.edu.mit.compbio.bisulfitehic.mapping.Bhmem  - Processing reads 699000 ...
232845 [main] INFO main.java.edu.mit.compbio.bisulfitehic.mapping.Bhmem  - Unique mapped and paired reads 692192 ...
232849 [main] INFO main.java.edu.mit.compbio.bisulfitehic.mapping.Bhmem  - Processing reads 700000 ...
232849 [main] INFO main.java.edu.mit.compbio.bisulfitehic.mapping.Bhmem  - Unique mapped and paired reads 692192 ...
[M::mem_process_seqs] Processed 1001 reads in 0.885 CPU sec, 0.114 real sec
[M::mem_process_seqs] Processed 1001 reads in 0.868 CPU sec, 0.110 real sec
[M::mem_process_seqs] Processed 1001 reads in 0.883 CPU sec, 0.112 real sec
[M::mem_process_seqs] Processed 1001 reads in 0.989 CPU sec, 0.127 real sec
233472 [main] INFO main.java.edu.mit.compbio.bisulfitehic.mapping.Bhmem  - Processing reads 701000 ...
233472 [main] INFO main.java.edu.mit.compbio.bisulfitehic.mapping.Bhmem  - Unique mapped and paired reads 694180 ...
233476 [main] INFO main.java.edu.mit.compbio.bisulfitehic.mapping.Bhmem  - Processing reads 702000 ...
233477 [main] INFO main.java.edu.mit.compbio.bisulfitehic.mapping.Bhmem  - Unique mapped and paired reads 694180 ...
[M::mem_process_seqs] Processed 1001 reads in 0.941 CPU sec, 0.120 real sec
[M::mem_process_seqs] Processed 1001 reads in 0.889 CPU sec, 0.115 real sec
[M::mem_process_seqs] Processed 1001 reads in 1.021 CPU sec, 0.129 real sec
[M::mem_process_seqs] Processed 1001 reads in 0.932 CPU sec, 0.125 real sec
234118 [main] INFO main.java.edu.mit.compbio.bisulfitehic.mapping.Bhmem  - Processing reads 703000 ...
234118 [main] INFO main.java.edu.mit.compbio.bisulfitehic.mapping.Bhmem  - Unique mapped and paired reads 696168 ...
234122 [main] INFO main.java.edu.mit.compbio.bisulfitehic.mapping.Bhmem  - Processing reads 704000 ...
234122 [main] INFO main.java.edu.mit.compbio.bisulfitehic.mapping.Bhmem  - Unique mapped and paired reads 696168 ...
[M::mem_process_seqs] Processed 1001 reads in 0.895 CPU sec, 0.117 real sec
[M::mem_process_seqs] Processed 1001 reads in 0.875 CPU sec, 0.111 real sec
[M::mem_process_seqs] Processed 1001 reads in 1.013 CPU sec, 0.129 real sec
[M::mem_process_seqs] Processed 1001 reads in 0.976 CPU sec, 0.128 real sec
234766 [main] INFO main.java.edu.mit.compbio.bisulfitehic.mapping.Bhmem  - Processing reads 705000 ...
234766 [main] INFO main.java.edu.mit.compbio.bisulfitehic.mapping.Bhmem  - Unique mapped and paired reads 698152 ...
234769 [main] INFO main.java.edu.mit.compbio.bisulfitehic.mapping.Bhmem  - Processing reads 706000 ...
234769 [main] INFO main.java.edu.mit.compbio.bisulfitehic.mapping.Bhmem  - Unique mapped and paired reads 698152 ...
[M::mem_process_seqs] Processed 1001 reads in 0.945 CPU sec, 0.123 real sec
[M::mem_process_seqs] Processed 1001 reads in 0.816 CPU sec, 0.114 real sec
[M::mem_process_seqs] Processed 1001 reads in 0.913 CPU sec, 0.118 real sec
[M::mem_process_seqs] Processed 1001 reads in 0.915 CPU sec, 0.121 real sec
235398 [main] INFO main.java.edu.mit.compbio.bisulfitehic.mapping.Bhmem  - Processing reads 707000 ...
235398 [main] INFO main.java.edu.mit.compbio.bisulfitehic.mapping.Bhmem  - Unique mapped and paired reads 700142 ...
235459 [main] INFO main.java.edu.mit.compbio.bisulfitehic.mapping.Bhmem  - Processing reads 708000 ...
235459 [main] INFO main.java.edu.mit.compbio.bisulfitehic.mapping.Bhmem  - Unique mapped and paired reads 700142 ...
[M::mem_process_seqs] Processed 1001 reads in 1.021 CPU sec, 0.130 real sec
[M::mem_process_seqs] Processed 1001 reads in 0.952 CPU sec, 0.124 real sec
[M::mem_process_seqs] Processed 1001 reads in 1.082 CPU sec, 0.139 real sec
[M::mem_process_seqs] Processed 1001 reads in 1.061 CPU sec, 0.145 real sec
236160 [main] INFO main.java.edu.mit.compbio.bisulfitehic.mapping.Bhmem  - Processing reads 709000 ...
236160 [main] INFO main.java.edu.mit.compbio.bisulfitehic.mapping.Bhmem  - Unique mapped and paired reads 702132 ...
236164 [main] INFO main.java.edu.mit.compbio.bisulfitehic.mapping.Bhmem  - Processing reads 710000 ...
236164 [main] INFO main.java.edu.mit.compbio.bisulfitehic.mapping.Bhmem  - Unique mapped and paired reads 702132 ...
[M::mem_process_seqs] Processed 1001 reads in 0.987 CPU sec, 0.128 real sec
[M::mem_process_seqs] Processed 1001 reads in 0.787 CPU sec, 0.103 real sec
[M::mem_process_seqs] Processed 1001 reads in 1.025 CPU sec, 0.130 real sec
[M::mem_process_seqs] Processed 1001 reads in 0.899 CPU sec, 0.115 real sec
236792 [main] INFO main.java.edu.mit.compbio.bisulfitehic.mapping.Bhmem  - Processing reads 711000 ...
236792 [main] INFO main.java.edu.mit.compbio.bisulfitehic.mapping.Bhmem  - Unique mapped and paired reads 704122 ...
236796 [main] INFO main.java.edu.mit.compbio.bisulfitehic.mapping.Bhmem  - Processing reads 712000 ...
236796 [main] INFO main.java.edu.mit.compbio.bisulfitehic.mapping.Bhmem  - Unique mapped and paired reads 704122 ...
[M::mem_process_seqs] Processed 1001 reads in 0.951 CPU sec, 0.127 real sec
[M::mem_process_seqs] Processed 1001 reads in 0.906 CPU sec, 0.119 real sec
[M::mem_process_seqs] Processed 1001 reads in 0.987 CPU sec, 0.128 real sec
[M::mem_process_seqs] Processed 1001 reads in 0.981 CPU sec, 0.125 real sec
237455 [main] INFO main.java.edu.mit.compbio.bisulfitehic.mapping.Bhmem  - Processing reads 713000 ...
237455 [main] INFO main.java.edu.mit.compbio.bisulfitehic.mapping.Bhmem  - Unique mapped and paired reads 706118 ...
237459 [main] INFO main.java.edu.mit.compbio.bisulfitehic.mapping.Bhmem  - Processing reads 714000 ...
237459 [main] INFO main.java.edu.mit.compbio.bisulfitehic.mapping.Bhmem  - Unique mapped and paired reads 706118 ...
[M::mem_process_seqs] Processed 1001 reads in 0.923 CPU sec, 0.125 real sec
[M::mem_process_seqs] Processed 1001 reads in 0.852 CPU sec, 0.108 real sec
[M::mem_process_seqs] Processed 1001 reads in 1.053 CPU sec, 0.145 real sec
[M::mem_process_seqs] Processed 1001 reads in 1.037 CPU sec, 0.138 real sec
238128 [main] INFO main.java.edu.mit.compbio.bisulfitehic.mapping.Bhmem  - Processing reads 715000 ...
238128 [main] INFO main.java.edu.mit.compbio.bisulfitehic.mapping.Bhmem  - Unique mapped and paired reads 708108 ...
238134 [main] INFO main.java.edu.mit.compbio.bisulfitehic.mapping.Bhmem  - Processing reads 716000 ...
238134 [main] INFO main.java.edu.mit.compbio.bisulfitehic.mapping.Bhmem  - Unique mapped and paired reads 708108 ...
[M::mem_process_seqs] Processed 1001 reads in 0.991 CPU sec, 0.129 real sec
[M::mem_process_seqs] Processed 1001 reads in 0.909 CPU sec, 0.115 real sec
[M::mem_process_seqs] Processed 1001 reads in 0.988 CPU sec, 0.129 real sec
[M::mem_process_seqs] Processed 1001 reads in 0.943 CPU sec, 0.132 real sec
238793 [main] INFO main.java.edu.mit.compbio.bisulfitehic.mapping.Bhmem  - Processing reads 717000 ...
238793 [main] INFO main.java.edu.mit.compbio.bisulfitehic.mapping.Bhmem  - Unique mapped and paired reads 710096 ...
238797 [main] INFO main.java.edu.mit.compbio.bisulfitehic.mapping.Bhmem  - Processing reads 718000 ...
238797 [main] INFO main.java.edu.mit.compbio.bisulfitehic.mapping.Bhmem  - Unique mapped and paired reads 710096 ...
[M::mem_process_seqs] Processed 1001 reads in 0.924 CPU sec, 0.120 real sec
[M::mem_process_seqs] Processed 1001 reads in 0.847 CPU sec, 0.107 real sec
[M::mem_process_seqs] Processed 1001 reads in 0.990 CPU sec, 0.138 real sec
[M::mem_process_seqs] Processed 1001 reads in 0.872 CPU sec, 0.110 real sec
239427 [main] INFO main.java.edu.mit.compbio.bisulfitehic.mapping.Bhmem  - Processing reads 719000 ...
239428 [main] INFO main.java.edu.mit.compbio.bisulfitehic.mapping.Bhmem  - Unique mapped and paired reads 712082 ...
239431 [main] INFO main.java.edu.mit.compbio.bisulfitehic.mapping.Bhmem  - Processing reads 720000 ...
239431 [main] INFO main.java.edu.mit.compbio.bisulfitehic.mapping.Bhmem  - Unique mapped and paired reads 712082 ...
[M::mem_process_seqs] Processed 1001 reads in 0.955 CPU sec, 0.152 real sec
[M::mem_process_seqs] Processed 1001 reads in 0.907 CPU sec, 0.117 real sec
[M::mem_process_seqs] Processed 1001 reads in 1.098 CPU sec, 0.149 real sec
[M::mem_process_seqs] Processed 1001 reads in 0.946 CPU sec, 0.126 real sec
240138 [main] INFO main.java.edu.mit.compbio.bisulfitehic.mapping.Bhmem  - Processing reads 721000 ...
240138 [main] INFO main.java.edu.mit.compbio.bisulfitehic.mapping.Bhmem  - Unique mapped and paired reads 714066 ...
240142 [main] INFO main.java.edu.mit.compbio.bisulfitehic.mapping.Bhmem  - Processing reads 722000 ...
240142 [main] INFO main.java.edu.mit.compbio.bisulfitehic.mapping.Bhmem  - Unique mapped and paired reads 714066 ...
[M::mem_process_seqs] Processed 1001 reads in 0.921 CPU sec, 0.118 real sec
[M::mem_process_seqs] Processed 1001 reads in 0.846 CPU sec, 0.113 real sec
[M::mem_process_seqs] Processed 1001 reads in 0.991 CPU sec, 0.125 real sec
[M::mem_process_seqs] Processed 1001 reads in 0.946 CPU sec, 0.125 real sec
240813 [main] INFO main.java.edu.mit.compbio.bisulfitehic.mapping.Bhmem  - Processing reads 723000 ...
240813 [main] INFO main.java.edu.mit.compbio.bisulfitehic.mapping.Bhmem  - Unique mapped and paired reads 716052 ...
240820 [main] INFO main.java.edu.mit.compbio.bisulfitehic.mapping.Bhmem  - Processing reads 724000 ...
240820 [main] INFO main.java.edu.mit.compbio.bisulfitehic.mapping.Bhmem  - Unique mapped and paired reads 716052 ...
[M::mem_process_seqs] Processed 1001 reads in 0.885 CPU sec, 0.112 real sec
[M::mem_process_seqs] Processed 1001 reads in 0.842 CPU sec, 0.106 real sec
[M::mem_process_seqs] Processed 1001 reads in 0.860 CPU sec, 0.120 real sec
[M::mem_process_seqs] Processed 1001 reads in 0.923 CPU sec, 0.116 real sec
241435 [main] INFO main.java.edu.mit.compbio.bisulfitehic.mapping.Bhmem  - Processing reads 725000 ...
241435 [main] INFO main.java.edu.mit.compbio.bisulfitehic.mapping.Bhmem  - Unique mapped and paired reads 718032 ...
241439 [main] INFO main.java.edu.mit.compbio.bisulfitehic.mapping.Bhmem  - Processing reads 726000 ...
241439 [main] INFO main.java.edu.mit.compbio.bisulfitehic.mapping.Bhmem  - Unique mapped and paired reads 718032 ...
[M::mem_process_seqs] Processed 1001 reads in 1.003 CPU sec, 0.128 real sec
[M::mem_process_seqs] Processed 1001 reads in 0.907 CPU sec, 0.121 real sec
[M::mem_process_seqs] Processed 1001 reads in 1.099 CPU sec, 0.151 real sec
[M::mem_process_seqs] Processed 1001 reads in 0.952 CPU sec, 0.120 real sec
242119 [main] INFO main.java.edu.mit.compbio.bisulfitehic.mapping.Bhmem  - Processing reads 727000 ...
242119 [main] INFO main.java.edu.mit.compbio.bisulfitehic.mapping.Bhmem  - Unique mapped and paired reads 720026 ...
242123 [main] INFO main.java.edu.mit.compbio.bisulfitehic.mapping.Bhmem  - Processing reads 728000 ...
242123 [main] INFO main.java.edu.mit.compbio.bisulfitehic.mapping.Bhmem  - Unique mapped and paired reads 720026 ...
[M::mem_process_seqs] Processed 1001 reads in 0.941 CPU sec, 0.131 real sec
[M::mem_process_seqs] Processed 1001 reads in 0.877 CPU sec, 0.113 real sec
[M::mem_process_seqs] Processed 1001 reads in 0.952 CPU sec, 0.134 real sec
[M::mem_process_seqs] Processed 1001 reads in 1.004 CPU sec, 0.137 real sec
242798 [main] INFO main.java.edu.mit.compbio.bisulfitehic.mapping.Bhmem  - Processing reads 729000 ...
242798 [main] INFO main.java.edu.mit.compbio.bisulfitehic.mapping.Bhmem  - Unique mapped and paired reads 722012 ...
242802 [main] INFO main.java.edu.mit.compbio.bisulfitehic.mapping.Bhmem  - Processing reads 730000 ...
242802 [main] INFO main.java.edu.mit.compbio.bisulfitehic.mapping.Bhmem  - Unique mapped and paired reads 722012 ...
[M::mem_process_seqs] Processed 1001 reads in 1.029 CPU sec, 0.142 real sec
[M::mem_process_seqs] Processed 1001 reads in 0.859 CPU sec, 0.110 real sec
[M::mem_process_seqs] Processed 1001 reads in 0.993 CPU sec, 0.126 real sec
[M::mem_process_seqs] Processed 1001 reads in 0.952 CPU sec, 0.122 real sec
243457 [main] INFO main.java.edu.mit.compbio.bisulfitehic.mapping.Bhmem  - Processing reads 731000 ...
243457 [main] INFO main.java.edu.mit.compbio.bisulfitehic.mapping.Bhmem  - Unique mapped and paired reads 724000 ...
243461 [main] INFO main.java.edu.mit.compbio.bisulfitehic.mapping.Bhmem  - Processing reads 732000 ...
243461 [main] INFO main.java.edu.mit.compbio.bisulfitehic.mapping.Bhmem  - Unique mapped and paired reads 724000 ...
[M::mem_process_seqs] Processed 1001 reads in 0.909 CPU sec, 0.115 real sec
[M::mem_process_seqs] Processed 1001 reads in 0.864 CPU sec, 0.110 real sec
[M::mem_process_seqs] Processed 1001 reads in 1.005 CPU sec, 0.146 real sec
[M::mem_process_seqs] Processed 1001 reads in 1.013 CPU sec, 0.128 real sec
244118 [main] INFO main.java.edu.mit.compbio.bisulfitehic.mapping.Bhmem  - Processing reads 733000 ...
244118 [main] INFO main.java.edu.mit.compbio.bisulfitehic.mapping.Bhmem  - Unique mapped and paired reads 725988 ...
244122 [main] INFO main.java.edu.mit.compbio.bisulfitehic.mapping.Bhmem  - Processing reads 734000 ...
244122 [main] INFO main.java.edu.mit.compbio.bisulfitehic.mapping.Bhmem  - Unique mapped and paired reads 725988 ...
[M::mem_process_seqs] Processed 1001 reads in 0.887 CPU sec, 0.113 real sec
[M::mem_process_seqs] Processed 1001 reads in 0.809 CPU sec, 0.106 real sec
[M::mem_process_seqs] Processed 1001 reads in 0.974 CPU sec, 0.124 real sec
[M::mem_process_seqs] Processed 1001 reads in 0.921 CPU sec, 0.128 real sec
244747 [main] INFO main.java.edu.mit.compbio.bisulfitehic.mapping.Bhmem  - Processing reads 735000 ...
244747 [main] INFO main.java.edu.mit.compbio.bisulfitehic.mapping.Bhmem  - Unique mapped and paired reads 727974 ...
244751 [main] INFO main.java.edu.mit.compbio.bisulfitehic.mapping.Bhmem  - Processing reads 736000 ...
244751 [main] INFO main.java.edu.mit.compbio.bisulfitehic.mapping.Bhmem  - Unique mapped and paired reads 727974 ...
[M::mem_process_seqs] Processed 1001 reads in 0.969 CPU sec, 0.130 real sec
[M::mem_process_seqs] Processed 1001 reads in 0.900 CPU sec, 0.118 real sec
[M::mem_process_seqs] Processed 1001 reads in 0.965 CPU sec, 0.122 real sec
[M::mem_process_seqs] Processed 1001 reads in 0.974 CPU sec, 0.124 real sec
245410 [main] INFO main.java.edu.mit.compbio.bisulfitehic.mapping.Bhmem  - Processing reads 737000 ...
245410 [main] INFO main.java.edu.mit.compbio.bisulfitehic.mapping.Bhmem  - Unique mapped and paired reads 729964 ...
245414 [main] INFO main.java.edu.mit.compbio.bisulfitehic.mapping.Bhmem  - Processing reads 738000 ...
245414 [main] INFO main.java.edu.mit.compbio.bisulfitehic.mapping.Bhmem  - Unique mapped and paired reads 729964 ...
[M::mem_process_seqs] Processed 1001 reads in 0.919 CPU sec, 0.117 real sec
[M::mem_process_seqs] Processed 1001 reads in 0.794 CPU sec, 0.101 real sec
[M::mem_process_seqs] Processed 1001 reads in 0.920 CPU sec, 0.126 real sec
[M::mem_process_seqs] Processed 1001 reads in 0.998 CPU sec, 0.130 real sec
246045 [main] INFO main.java.edu.mit.compbio.bisulfitehic.mapping.Bhmem  - Processing reads 739000 ...
246045 [main] INFO main.java.edu.mit.compbio.bisulfitehic.mapping.Bhmem  - Unique mapped and paired reads 731946 ...
246049 [main] INFO main.java.edu.mit.compbio.bisulfitehic.mapping.Bhmem  - Processing reads 740000 ...
246049 [main] INFO main.java.edu.mit.compbio.bisulfitehic.mapping.Bhmem  - Unique mapped and paired reads 731946 ...
[M::mem_process_seqs] Processed 1001 reads in 0.983 CPU sec, 0.125 real sec
[M::mem_process_seqs] Processed 1001 reads in 0.973 CPU sec, 0.129 real sec
[M::mem_process_seqs] Processed 1001 reads in 1.056 CPU sec, 0.135 real sec
[M::mem_process_seqs] Processed 1001 reads in 0.964 CPU sec, 0.126 real sec
246720 [main] INFO main.java.edu.mit.compbio.bisulfitehic.mapping.Bhmem  - Processing reads 741000 ...
246720 [main] INFO main.java.edu.mit.compbio.bisulfitehic.mapping.Bhmem  - Unique mapped and paired reads 733920 ...
246724 [main] INFO main.java.edu.mit.compbio.bisulfitehic.mapping.Bhmem  - Processing reads 742000 ...
246724 [main] INFO main.java.edu.mit.compbio.bisulfitehic.mapping.Bhmem  - Unique mapped and paired reads 733920 ...
[M::mem_process_seqs] Processed 1001 reads in 0.896 CPU sec, 0.113 real sec
[M::mem_process_seqs] Processed 1001 reads in 0.877 CPU sec, 0.119 real sec
[M::mem_process_seqs] Processed 1001 reads in 1.004 CPU sec, 0.128 real sec
[M::mem_process_seqs] Processed 1001 reads in 0.955 CPU sec, 0.127 real sec
247372 [main] INFO main.java.edu.mit.compbio.bisulfitehic.mapping.Bhmem  - Processing reads 743000 ...
247372 [main] INFO main.java.edu.mit.compbio.bisulfitehic.mapping.Bhmem  - Unique mapped and paired reads 735914 ...
247376 [main] INFO main.java.edu.mit.compbio.bisulfitehic.mapping.Bhmem  - Processing reads 744000 ...
247376 [main] INFO main.java.edu.mit.compbio.bisulfitehic.mapping.Bhmem  - Unique mapped and paired reads 735914 ...
[M::mem_process_seqs] Processed 1001 reads in 0.900 CPU sec, 0.117 real sec
[M::mem_process_seqs] Processed 1001 reads in 0.851 CPU sec, 0.109 real sec
[M::mem_process_seqs] Processed 1001 reads in 0.988 CPU sec, 0.126 real sec
[M::mem_process_seqs] Processed 1001 reads in 0.927 CPU sec, 0.119 real sec
248011 [main] INFO main.java.edu.mit.compbio.bisulfitehic.mapping.Bhmem  - Processing reads 745000 ...
248011 [main] INFO main.java.edu.mit.compbio.bisulfitehic.mapping.Bhmem  - Unique mapped and paired reads 737898 ...
248015 [main] INFO main.java.edu.mit.compbio.bisulfitehic.mapping.Bhmem  - Processing reads 746000 ...
248015 [main] INFO main.java.edu.mit.compbio.bisulfitehic.mapping.Bhmem  - Unique mapped and paired reads 737898 ...
[M::mem_process_seqs] Processed 1001 reads in 0.881 CPU sec, 0.121 real sec
[M::mem_process_seqs] Processed 1001 reads in 0.799 CPU sec, 0.115 real sec
[M::mem_process_seqs] Processed 1001 reads in 0.887 CPU sec, 0.120 real sec
[M::mem_process_seqs] Processed 1001 reads in 0.921 CPU sec, 0.117 real sec
248641 [main] INFO main.java.edu.mit.compbio.bisulfitehic.mapping.Bhmem  - Processing reads 747000 ...
248641 [main] INFO main.java.edu.mit.compbio.bisulfitehic.mapping.Bhmem  - Unique mapped and paired reads 739876 ...
248645 [main] INFO main.java.edu.mit.compbio.bisulfitehic.mapping.Bhmem  - Processing reads 748000 ...
248645 [main] INFO main.java.edu.mit.compbio.bisulfitehic.mapping.Bhmem  - Unique mapped and paired reads 739876 ...
[M::mem_process_seqs] Processed 1001 reads in 0.847 CPU sec, 0.108 real sec
[M::mem_process_seqs] Processed 1001 reads in 0.786 CPU sec, 0.099 real sec
[M::mem_process_seqs] Processed 1001 reads in 0.929 CPU sec, 0.132 real sec
[M::mem_process_seqs] Processed 1001 reads in 0.870 CPU sec, 0.113 real sec
249250 [main] INFO main.java.edu.mit.compbio.bisulfitehic.mapping.Bhmem  - Processing reads 749000 ...
249250 [main] INFO main.java.edu.mit.compbio.bisulfitehic.mapping.Bhmem  - Unique mapped and paired reads 741850 ...
249254 [main] INFO main.java.edu.mit.compbio.bisulfitehic.mapping.Bhmem  - Processing reads 750000 ...
249254 [main] INFO main.java.edu.mit.compbio.bisulfitehic.mapping.Bhmem  - Unique mapped and paired reads 741850 ...
[M::mem_process_seqs] Processed 1001 reads in 0.922 CPU sec, 0.118 real sec
[M::mem_process_seqs] Processed 1001 reads in 0.788 CPU sec, 0.100 real sec
[M::mem_process_seqs] Processed 1001 reads in 0.883 CPU sec, 0.115 real sec
[M::mem_process_seqs] Processed 1001 reads in 0.834 CPU sec, 0.105 real sec
249851 [main] INFO main.java.edu.mit.compbio.bisulfitehic.mapping.Bhmem  - Processing reads 751000 ...
249851 [main] INFO main.java.edu.mit.compbio.bisulfitehic.mapping.Bhmem  - Unique mapped and paired reads 743838 ...
249855 [main] INFO main.java.edu.mit.compbio.bisulfitehic.mapping.Bhmem  - Processing reads 752000 ...
249855 [main] INFO main.java.edu.mit.compbio.bisulfitehic.mapping.Bhmem  - Unique mapped and paired reads 743838 ...
[M::mem_process_seqs] Processed 1001 reads in 0.900 CPU sec, 0.121 real sec
[M::mem_process_seqs] Processed 1001 reads in 0.895 CPU sec, 0.122 real sec
[M::mem_process_seqs] Processed 1001 reads in 0.939 CPU sec, 0.126 real sec
[M::mem_process_seqs] Processed 1001 reads in 1.031 CPU sec, 0.133 real sec
250508 [main] INFO main.java.edu.mit.compbio.bisulfitehic.mapping.Bhmem  - Processing reads 753000 ...
250508 [main] INFO main.java.edu.mit.compbio.bisulfitehic.mapping.Bhmem  - Unique mapped and paired reads 745828 ...
250512 [main] INFO main.java.edu.mit.compbio.bisulfitehic.mapping.Bhmem  - Processing reads 754000 ...
250512 [main] INFO main.java.edu.mit.compbio.bisulfitehic.mapping.Bhmem  - Unique mapped and paired reads 745828 ...
[M::mem_process_seqs] Processed 1001 reads in 0.937 CPU sec, 0.121 real sec
[M::mem_process_seqs] Processed 1001 reads in 0.813 CPU sec, 0.106 real sec
[M::mem_process_seqs] Processed 1001 reads in 0.950 CPU sec, 0.123 real sec
[M::mem_process_seqs] Processed 1001 reads in 0.906 CPU sec, 0.115 real sec
251138 [main] INFO main.java.edu.mit.compbio.bisulfitehic.mapping.Bhmem  - Processing reads 755000 ...
251138 [main] INFO main.java.edu.mit.compbio.bisulfitehic.mapping.Bhmem  - Unique mapped and paired reads 747818 ...
251142 [main] INFO main.java.edu.mit.compbio.bisulfitehic.mapping.Bhmem  - Processing reads 756000 ...
251142 [main] INFO main.java.edu.mit.compbio.bisulfitehic.mapping.Bhmem  - Unique mapped and paired reads 747818 ...
[M::mem_process_seqs] Processed 1001 reads in 0.988 CPU sec, 0.133 real sec
[M::mem_process_seqs] Processed 1001 reads in 0.879 CPU sec, 0.119 real sec
[M::mem_process_seqs] Processed 1001 reads in 0.916 CPU sec, 0.116 real sec
[M::mem_process_seqs] Processed 1001 reads in 0.913 CPU sec, 0.115 real sec
251785 [main] INFO main.java.edu.mit.compbio.bisulfitehic.mapping.Bhmem  - Processing reads 757000 ...
251785 [main] INFO main.java.edu.mit.compbio.bisulfitehic.mapping.Bhmem  - Unique mapped and paired reads 749802 ...
251789 [main] INFO main.java.edu.mit.compbio.bisulfitehic.mapping.Bhmem  - Processing reads 758000 ...
251789 [main] INFO main.java.edu.mit.compbio.bisulfitehic.mapping.Bhmem  - Unique mapped and paired reads 749802 ...
[M::mem_process_seqs] Processed 1001 reads in 0.893 CPU sec, 0.113 real sec
[M::mem_process_seqs] Processed 1001 reads in 0.809 CPU sec, 0.113 real sec
[M::mem_process_seqs] Processed 1001 reads in 1.012 CPU sec, 0.135 real sec
[M::mem_process_seqs] Processed 1001 reads in 0.863 CPU sec, 0.110 real sec
252416 [main] INFO main.java.edu.mit.compbio.bisulfitehic.mapping.Bhmem  - Processing reads 759000 ...
252416 [main] INFO main.java.edu.mit.compbio.bisulfitehic.mapping.Bhmem  - Unique mapped and paired reads 751796 ...
252420 [main] INFO main.java.edu.mit.compbio.bisulfitehic.mapping.Bhmem  - Processing reads 760000 ...
252420 [main] INFO main.java.edu.mit.compbio.bisulfitehic.mapping.Bhmem  - Unique mapped and paired reads 751796 ...
[M::mem_process_seqs] Processed 1001 reads in 0.949 CPU sec, 0.126 real sec
[M::mem_process_seqs] Processed 1001 reads in 0.816 CPU sec, 0.107 real sec
[M::mem_process_seqs] Processed 1001 reads in 0.941 CPU sec, 0.124 real sec
[M::mem_process_seqs] Processed 1001 reads in 0.881 CPU sec, 0.118 real sec
253056 [main] INFO main.java.edu.mit.compbio.bisulfitehic.mapping.Bhmem  - Processing reads 761000 ...
253056 [main] INFO main.java.edu.mit.compbio.bisulfitehic.mapping.Bhmem  - Unique mapped and paired reads 753778 ...
253060 [main] INFO main.java.edu.mit.compbio.bisulfitehic.mapping.Bhmem  - Processing reads 762000 ...
253060 [main] INFO main.java.edu.mit.compbio.bisulfitehic.mapping.Bhmem  - Unique mapped and paired reads 753778 ...
[M::mem_process_seqs] Processed 1001 reads in 0.885 CPU sec, 0.114 real sec
[M::mem_process_seqs] Processed 1001 reads in 0.954 CPU sec, 0.121 real sec
[M::mem_process_seqs] Processed 1001 reads in 0.995 CPU sec, 0.135 real sec
[M::mem_process_seqs] Processed 1001 reads in 0.951 CPU sec, 0.121 real sec
253706 [main] INFO main.java.edu.mit.compbio.bisulfitehic.mapping.Bhmem  - Processing reads 763000 ...
253706 [main] INFO main.java.edu.mit.compbio.bisulfitehic.mapping.Bhmem  - Unique mapped and paired reads 755762 ...
253710 [main] INFO main.java.edu.mit.compbio.bisulfitehic.mapping.Bhmem  - Processing reads 764000 ...
253710 [main] INFO main.java.edu.mit.compbio.bisulfitehic.mapping.Bhmem  - Unique mapped and paired reads 755762 ...
[M::mem_process_seqs] Processed 1001 reads in 0.972 CPU sec, 0.126 real sec
[M::mem_process_seqs] Processed 1001 reads in 0.851 CPU sec, 0.109 real sec
[M::mem_process_seqs] Processed 1001 reads in 1.039 CPU sec, 0.136 real sec
[M::mem_process_seqs] Processed 1001 reads in 1.024 CPU sec, 0.132 real sec
254373 [main] INFO main.java.edu.mit.compbio.bisulfitehic.mapping.Bhmem  - Processing reads 765000 ...
254373 [main] INFO main.java.edu.mit.compbio.bisulfitehic.mapping.Bhmem  - Unique mapped and paired reads 757758 ...
254377 [main] INFO main.java.edu.mit.compbio.bisulfitehic.mapping.Bhmem  - Processing reads 766000 ...
254377 [main] INFO main.java.edu.mit.compbio.bisulfitehic.mapping.Bhmem  - Unique mapped and paired reads 757758 ...
[M::mem_process_seqs] Processed 1001 reads in 0.888 CPU sec, 0.115 real sec
[M::mem_process_seqs] Processed 1001 reads in 0.825 CPU sec, 0.108 real sec
[M::mem_process_seqs] Processed 1001 reads in 0.922 CPU sec, 0.119 real sec
[M::mem_process_seqs] Processed 1001 reads in 0.956 CPU sec, 0.122 real sec
254994 [main] INFO main.java.edu.mit.compbio.bisulfitehic.mapping.Bhmem  - Processing reads 767000 ...
254994 [main] INFO main.java.edu.mit.compbio.bisulfitehic.mapping.Bhmem  - Unique mapped and paired reads 759742 ...
254998 [main] INFO main.java.edu.mit.compbio.bisulfitehic.mapping.Bhmem  - Processing reads 768000 ...
254998 [main] INFO main.java.edu.mit.compbio.bisulfitehic.mapping.Bhmem  - Unique mapped and paired reads 759742 ...
[M::mem_process_seqs] Processed 1001 reads in 1.003 CPU sec, 0.146 real sec
[M::mem_process_seqs] Processed 1001 reads in 0.991 CPU sec, 0.140 real sec
[M::mem_process_seqs] Processed 1001 reads in 1.029 CPU sec, 0.140 real sec
[M::mem_process_seqs] Processed 1001 reads in 0.978 CPU sec, 0.126 real sec
255707 [main] INFO main.java.edu.mit.compbio.bisulfitehic.mapping.Bhmem  - Processing reads 769000 ...
255707 [main] INFO main.java.edu.mit.compbio.bisulfitehic.mapping.Bhmem  - Unique mapped and paired reads 761728 ...
255711 [main] INFO main.java.edu.mit.compbio.bisulfitehic.mapping.Bhmem  - Processing reads 770000 ...
255711 [main] INFO main.java.edu.mit.compbio.bisulfitehic.mapping.Bhmem  - Unique mapped and paired reads 761728 ...
[M::mem_process_seqs] Processed 1001 reads in 0.807 CPU sec, 0.109 real sec
[M::mem_process_seqs] Processed 1001 reads in 0.785 CPU sec, 0.106 real sec
[M::mem_process_seqs] Processed 1001 reads in 0.985 CPU sec, 0.129 real sec
[M::mem_process_seqs] Processed 1001 reads in 0.882 CPU sec, 0.117 real sec
256330 [main] INFO main.java.edu.mit.compbio.bisulfitehic.mapping.Bhmem  - Processing reads 771000 ...
256330 [main] INFO main.java.edu.mit.compbio.bisulfitehic.mapping.Bhmem  - Unique mapped and paired reads 763720 ...
256334 [main] INFO main.java.edu.mit.compbio.bisulfitehic.mapping.Bhmem  - Processing reads 772000 ...
256334 [main] INFO main.java.edu.mit.compbio.bisulfitehic.mapping.Bhmem  - Unique mapped and paired reads 763720 ...
[M::mem_process_seqs] Processed 1001 reads in 1.286 CPU sec, 0.162 real sec
[M::mem_process_seqs] Processed 1001 reads in 1.192 CPU sec, 0.153 real sec
[M::mem_process_seqs] Processed 1001 reads in 0.914 CPU sec, 0.118 real sec
[M::mem_process_seqs] Processed 1001 reads in 0.888 CPU sec, 0.124 real sec
257090 [main] INFO main.java.edu.mit.compbio.bisulfitehic.mapping.Bhmem  - Processing reads 773000 ...
257090 [main] INFO main.java.edu.mit.compbio.bisulfitehic.mapping.Bhmem  - Unique mapped and paired reads 765692 ...
257094 [main] INFO main.java.edu.mit.compbio.bisulfitehic.mapping.Bhmem  - Processing reads 774000 ...
257094 [main] INFO main.java.edu.mit.compbio.bisulfitehic.mapping.Bhmem  - Unique mapped and paired reads 765692 ...
[M::mem_process_seqs] Processed 1001 reads in 1.421 CPU sec, 0.179 real sec
[M::mem_process_seqs] Processed 1001 reads in 1.300 CPU sec, 0.165 real sec
[M::mem_process_seqs] Processed 1001 reads in 0.855 CPU sec, 0.121 real sec
[M::mem_process_seqs] Processed 1001 reads in 0.758 CPU sec, 0.105 real sec
257872 [main] INFO main.java.edu.mit.compbio.bisulfitehic.mapping.Bhmem  - Processing reads 775000 ...
257872 [main] INFO main.java.edu.mit.compbio.bisulfitehic.mapping.Bhmem  - Unique mapped and paired reads 767662 ...
257876 [main] INFO main.java.edu.mit.compbio.bisulfitehic.mapping.Bhmem  - Processing reads 776000 ...
257876 [main] INFO main.java.edu.mit.compbio.bisulfitehic.mapping.Bhmem  - Unique mapped and paired reads 767662 ...
[M::mem_process_seqs] Processed 1001 reads in 1.437 CPU sec, 0.181 real sec
[M::mem_process_seqs] Processed 1001 reads in 1.316 CPU sec, 0.166 real sec
[M::mem_process_seqs] Processed 1001 reads in 0.909 CPU sec, 0.115 real sec
[M::mem_process_seqs] Processed 1001 reads in 0.795 CPU sec, 0.109 real sec
258656 [main] INFO main.java.edu.mit.compbio.bisulfitehic.mapping.Bhmem  - Processing reads 777000 ...
258656 [main] INFO main.java.edu.mit.compbio.bisulfitehic.mapping.Bhmem  - Unique mapped and paired reads 769630 ...
258660 [main] INFO main.java.edu.mit.compbio.bisulfitehic.mapping.Bhmem  - Processing reads 778000 ...
258660 [main] INFO main.java.edu.mit.compbio.bisulfitehic.mapping.Bhmem  - Unique mapped and paired reads 769630 ...
[M::mem_process_seqs] Processed 1001 reads in 1.426 CPU sec, 0.181 real sec
[M::mem_process_seqs] Processed 1001 reads in 1.271 CPU sec, 0.160 real sec
[M::mem_process_seqs] Processed 1001 reads in 0.944 CPU sec, 0.123 real sec
[M::mem_process_seqs] Processed 1001 reads in 0.815 CPU sec, 0.111 real sec
259439 [main] INFO main.java.edu.mit.compbio.bisulfitehic.mapping.Bhmem  - Processing reads 779000 ...
259440 [main] INFO main.java.edu.mit.compbio.bisulfitehic.mapping.Bhmem  - Unique mapped and paired reads 771594 ...
259443 [main] INFO main.java.edu.mit.compbio.bisulfitehic.mapping.Bhmem  - Processing reads 780000 ...
259443 [main] INFO main.java.edu.mit.compbio.bisulfitehic.mapping.Bhmem  - Unique mapped and paired reads 771594 ...
[M::mem_process_seqs] Processed 1001 reads in 1.021 CPU sec, 0.132 real sec
[M::mem_process_seqs] Processed 1001 reads in 0.980 CPU sec, 0.127 real sec
[M::mem_process_seqs] Processed 1001 reads in 0.884 CPU sec, 0.120 real sec
[M::mem_process_seqs] Processed 1001 reads in 0.926 CPU sec, 0.120 real sec
260113 [main] INFO main.java.edu.mit.compbio.bisulfitehic.mapping.Bhmem  - Processing reads 781000 ...
260113 [main] INFO main.java.edu.mit.compbio.bisulfitehic.mapping.Bhmem  - Unique mapped and paired reads 773576 ...
260117 [main] INFO main.java.edu.mit.compbio.bisulfitehic.mapping.Bhmem  - Processing reads 782000 ...
260117 [main] INFO main.java.edu.mit.compbio.bisulfitehic.mapping.Bhmem  - Unique mapped and paired reads 773576 ...
[M::mem_process_seqs] Processed 1001 reads in 0.954 CPU sec, 0.123 real sec
[M::mem_process_seqs] Processed 1001 reads in 0.916 CPU sec, 0.118 real sec
[M::mem_process_seqs] Processed 1001 reads in 0.952 CPU sec, 0.130 real sec
[M::mem_process_seqs] Processed 1001 reads in 0.921 CPU sec, 0.122 real sec
260771 [main] INFO main.java.edu.mit.compbio.bisulfitehic.mapping.Bhmem  - Processing reads 783000 ...
260771 [main] INFO main.java.edu.mit.compbio.bisulfitehic.mapping.Bhmem  - Unique mapped and paired reads 775554 ...
260775 [main] INFO main.java.edu.mit.compbio.bisulfitehic.mapping.Bhmem  - Processing reads 784000 ...
260775 [main] INFO main.java.edu.mit.compbio.bisulfitehic.mapping.Bhmem  - Unique mapped and paired reads 775554 ...
[M::mem_process_seqs] Processed 1001 reads in 0.956 CPU sec, 0.124 real sec
[M::mem_process_seqs] Processed 1001 reads in 0.867 CPU sec, 0.122 real sec
[M::mem_process_seqs] Processed 1001 reads in 0.984 CPU sec, 0.126 real sec
[M::mem_process_seqs] Processed 1001 reads in 1.013 CPU sec, 0.137 real sec
261446 [main] INFO main.java.edu.mit.compbio.bisulfitehic.mapping.Bhmem  - Processing reads 785000 ...
261446 [main] INFO main.java.edu.mit.compbio.bisulfitehic.mapping.Bhmem  - Unique mapped and paired reads 777546 ...
261450 [main] INFO main.java.edu.mit.compbio.bisulfitehic.mapping.Bhmem  - Processing reads 786000 ...
261450 [main] INFO main.java.edu.mit.compbio.bisulfitehic.mapping.Bhmem  - Unique mapped and paired reads 777546 ...
[M::mem_process_seqs] Processed 1001 reads in 1.039 CPU sec, 0.140 real sec
[M::mem_process_seqs] Processed 1001 reads in 0.906 CPU sec, 0.123 real sec
[M::mem_process_seqs] Processed 1001 reads in 0.963 CPU sec, 0.126 real sec
[M::mem_process_seqs] Processed 1001 reads in 0.924 CPU sec, 0.120 real sec
262152 [main] INFO main.java.edu.mit.compbio.bisulfitehic.mapping.Bhmem  - Processing reads 787000 ...
262152 [main] INFO main.java.edu.mit.compbio.bisulfitehic.mapping.Bhmem  - Unique mapped and paired reads 779526 ...
262156 [main] INFO main.java.edu.mit.compbio.bisulfitehic.mapping.Bhmem  - Processing reads 788000 ...
262156 [main] INFO main.java.edu.mit.compbio.bisulfitehic.mapping.Bhmem  - Unique mapped and paired reads 779526 ...
[M::mem_process_seqs] Processed 1001 reads in 0.949 CPU sec, 0.120 real sec
[M::mem_process_seqs] Processed 1001 reads in 0.855 CPU sec, 0.109 real sec
[M::mem_process_seqs] Processed 1001 reads in 0.933 CPU sec, 0.125 real sec
[M::mem_process_seqs] Processed 1001 reads in 0.972 CPU sec, 0.127 real sec
262797 [main] INFO main.java.edu.mit.compbio.bisulfitehic.mapping.Bhmem  - Processing reads 789000 ...
262797 [main] INFO main.java.edu.mit.compbio.bisulfitehic.mapping.Bhmem  - Unique mapped and paired reads 781518 ...
262801 [main] INFO main.java.edu.mit.compbio.bisulfitehic.mapping.Bhmem  - Processing reads 790000 ...
262801 [main] INFO main.java.edu.mit.compbio.bisulfitehic.mapping.Bhmem  - Unique mapped and paired reads 781518 ...
[M::mem_process_seqs] Processed 1001 reads in 0.966 CPU sec, 0.130 real sec
[M::mem_process_seqs] Processed 1001 reads in 0.831 CPU sec, 0.109 real sec
[M::mem_process_seqs] Processed 1001 reads in 0.966 CPU sec, 0.134 real sec
[M::mem_process_seqs] Processed 1001 reads in 1.008 CPU sec, 0.133 real sec
263467 [main] INFO main.java.edu.mit.compbio.bisulfitehic.mapping.Bhmem  - Processing reads 791000 ...
263467 [main] INFO main.java.edu.mit.compbio.bisulfitehic.mapping.Bhmem  - Unique mapped and paired reads 783508 ...
263471 [main] INFO main.java.edu.mit.compbio.bisulfitehic.mapping.Bhmem  - Processing reads 792000 ...
263471 [main] INFO main.java.edu.mit.compbio.bisulfitehic.mapping.Bhmem  - Unique mapped and paired reads 783508 ...
[M::mem_process_seqs] Processed 1001 reads in 0.916 CPU sec, 0.119 real sec
[M::mem_process_seqs] Processed 1001 reads in 0.891 CPU sec, 0.119 real sec
[M::mem_process_seqs] Processed 1001 reads in 1.047 CPU sec, 0.132 real sec
[M::mem_process_seqs] Processed 1001 reads in 0.979 CPU sec, 0.127 real sec
264126 [main] INFO main.java.edu.mit.compbio.bisulfitehic.mapping.Bhmem  - Processing reads 793000 ...
264126 [main] INFO main.java.edu.mit.compbio.bisulfitehic.mapping.Bhmem  - Unique mapped and paired reads 785496 ...
264130 [main] INFO main.java.edu.mit.compbio.bisulfitehic.mapping.Bhmem  - Processing reads 794000 ...
264130 [main] INFO main.java.edu.mit.compbio.bisulfitehic.mapping.Bhmem  - Unique mapped and paired reads 785496 ...
[M::mem_process_seqs] Processed 1001 reads in 0.943 CPU sec, 0.121 real sec
[M::mem_process_seqs] Processed 1001 reads in 0.889 CPU sec, 0.138 real sec
[M::mem_process_seqs] Processed 1001 reads in 0.971 CPU sec, 0.124 real sec
[M::mem_process_seqs] Processed 1001 reads in 0.972 CPU sec, 0.134 real sec
264803 [main] INFO main.java.edu.mit.compbio.bisulfitehic.mapping.Bhmem  - Processing reads 795000 ...
264803 [main] INFO main.java.edu.mit.compbio.bisulfitehic.mapping.Bhmem  - Unique mapped and paired reads 787478 ...
264807 [main] INFO main.java.edu.mit.compbio.bisulfitehic.mapping.Bhmem  - Processing reads 796000 ...
264807 [main] INFO main.java.edu.mit.compbio.bisulfitehic.mapping.Bhmem  - Unique mapped and paired reads 787478 ...
[M::mem_process_seqs] Processed 1001 reads in 0.919 CPU sec, 0.121 real sec
[M::mem_process_seqs] Processed 1001 reads in 0.820 CPU sec, 0.105 real sec
[M::mem_process_seqs] Processed 1001 reads in 1.001 CPU sec, 0.129 real sec
[M::mem_process_seqs] Processed 1001 reads in 0.922 CPU sec, 0.120 real sec
265434 [main] INFO main.java.edu.mit.compbio.bisulfitehic.mapping.Bhmem  - Processing reads 797000 ...
265434 [main] INFO main.java.edu.mit.compbio.bisulfitehic.mapping.Bhmem  - Unique mapped and paired reads 789468 ...
265438 [main] INFO main.java.edu.mit.compbio.bisulfitehic.mapping.Bhmem  - Processing reads 798000 ...
265438 [main] INFO main.java.edu.mit.compbio.bisulfitehic.mapping.Bhmem  - Unique mapped and paired reads 789468 ...
[M::mem_process_seqs] Processed 1001 reads in 0.880 CPU sec, 0.113 real sec
[M::mem_process_seqs] Processed 1001 reads in 0.851 CPU sec, 0.112 real sec
[M::mem_process_seqs] Processed 1001 reads in 0.948 CPU sec, 0.121 real sec
[M::mem_process_seqs] Processed 1001 reads in 0.923 CPU sec, 0.122 real sec
266061 [main] INFO main.java.edu.mit.compbio.bisulfitehic.mapping.Bhmem  - Processing reads 799000 ...
266061 [main] INFO main.java.edu.mit.compbio.bisulfitehic.mapping.Bhmem  - Unique mapped and paired reads 791452 ...
266065 [main] INFO main.java.edu.mit.compbio.bisulfitehic.mapping.Bhmem  - Processing reads 800000 ...
266065 [main] INFO main.java.edu.mit.compbio.bisulfitehic.mapping.Bhmem  - Unique mapped and paired reads 791452 ...
[M::mem_process_seqs] Processed 1001 reads in 0.901 CPU sec, 0.116 real sec
[M::mem_process_seqs] Processed 1001 reads in 0.819 CPU sec, 0.109 real sec
[M::mem_process_seqs] Processed 1001 reads in 1.000 CPU sec, 0.136 real sec
[M::mem_process_seqs] Processed 1001 reads in 0.936 CPU sec, 0.119 real sec
266698 [main] INFO main.java.edu.mit.compbio.bisulfitehic.mapping.Bhmem  - Processing reads 801000 ...
266699 [main] INFO main.java.edu.mit.compbio.bisulfitehic.mapping.Bhmem  - Unique mapped and paired reads 793444 ...
266703 [main] INFO main.java.edu.mit.compbio.bisulfitehic.mapping.Bhmem  - Processing reads 802000 ...
266703 [main] INFO main.java.edu.mit.compbio.bisulfitehic.mapping.Bhmem  - Unique mapped and paired reads 793444 ...
[M::mem_process_seqs] Processed 1001 reads in 0.873 CPU sec, 0.112 real sec
[M::mem_process_seqs] Processed 1001 reads in 0.803 CPU sec, 0.113 real sec
[M::mem_process_seqs] Processed 1001 reads in 0.968 CPU sec, 0.125 real sec
[M::mem_process_seqs] Processed 1001 reads in 0.916 CPU sec, 0.118 real sec
267328 [main] INFO main.java.edu.mit.compbio.bisulfitehic.mapping.Bhmem  - Processing reads 803000 ...
267328 [main] INFO main.java.edu.mit.compbio.bisulfitehic.mapping.Bhmem  - Unique mapped and paired reads 795422 ...
267332 [main] INFO main.java.edu.mit.compbio.bisulfitehic.mapping.Bhmem  - Processing reads 804000 ...
267332 [main] INFO main.java.edu.mit.compbio.bisulfitehic.mapping.Bhmem  - Unique mapped and paired reads 795422 ...
[M::mem_process_seqs] Processed 1001 reads in 0.917 CPU sec, 0.121 real sec
[M::mem_process_seqs] Processed 1001 reads in 0.859 CPU sec, 0.113 real sec
[M::mem_process_seqs] Processed 1001 reads in 1.012 CPU sec, 0.143 real sec
[M::mem_process_seqs] Processed 1001 reads in 0.952 CPU sec, 0.140 real sec
268007 [main] INFO main.java.edu.mit.compbio.bisulfitehic.mapping.Bhmem  - Processing reads 805000 ...
268007 [main] INFO main.java.edu.mit.compbio.bisulfitehic.mapping.Bhmem  - Unique mapped and paired reads 797412 ...
268011 [main] INFO main.java.edu.mit.compbio.bisulfitehic.mapping.Bhmem  - Processing reads 806000 ...
268011 [main] INFO main.java.edu.mit.compbio.bisulfitehic.mapping.Bhmem  - Unique mapped and paired reads 797412 ...
[M::mem_process_seqs] Processed 1001 reads in 0.946 CPU sec, 0.128 real sec
[M::mem_process_seqs] Processed 1001 reads in 0.889 CPU sec, 0.115 real sec
[M::mem_process_seqs] Processed 1001 reads in 1.033 CPU sec, 0.134 real sec
[M::mem_process_seqs] Processed 1001 reads in 0.994 CPU sec, 0.128 real sec
268679 [main] INFO main.java.edu.mit.compbio.bisulfitehic.mapping.Bhmem  - Processing reads 807000 ...
268679 [main] INFO main.java.edu.mit.compbio.bisulfitehic.mapping.Bhmem  - Unique mapped and paired reads 799402 ...
268682 [main] INFO main.java.edu.mit.compbio.bisulfitehic.mapping.Bhmem  - Processing reads 808000 ...
268682 [main] INFO main.java.edu.mit.compbio.bisulfitehic.mapping.Bhmem  - Unique mapped and paired reads 799402 ...
[M::mem_process_seqs] Processed 1001 reads in 0.980 CPU sec, 0.124 real sec
[M::mem_process_seqs] Processed 1001 reads in 0.837 CPU sec, 0.109 real sec
[M::mem_process_seqs] Processed 1001 reads in 1.052 CPU sec, 0.136 real sec
[M::mem_process_seqs] Processed 1001 reads in 0.936 CPU sec, 0.121 real sec
269332 [main] INFO main.java.edu.mit.compbio.bisulfitehic.mapping.Bhmem  - Processing reads 809000 ...
269332 [main] INFO main.java.edu.mit.compbio.bisulfitehic.mapping.Bhmem  - Unique mapped and paired reads 801384 ...
269336 [main] INFO main.java.edu.mit.compbio.bisulfitehic.mapping.Bhmem  - Processing reads 810000 ...
269336 [main] INFO main.java.edu.mit.compbio.bisulfitehic.mapping.Bhmem  - Unique mapped and paired reads 801384 ...
[M::mem_process_seqs] Processed 1001 reads in 0.985 CPU sec, 0.124 real sec
[M::mem_process_seqs] Processed 1001 reads in 0.930 CPU sec, 0.127 real sec
[M::mem_process_seqs] Processed 1001 reads in 1.062 CPU sec, 0.142 real sec
[M::mem_process_seqs] Processed 1001 reads in 0.922 CPU sec, 0.117 real sec
270001 [main] INFO main.java.edu.mit.compbio.bisulfitehic.mapping.Bhmem  - Processing reads 811000 ...
270001 [main] INFO main.java.edu.mit.compbio.bisulfitehic.mapping.Bhmem  - Unique mapped and paired reads 803372 ...
270005 [main] INFO main.java.edu.mit.compbio.bisulfitehic.mapping.Bhmem  - Processing reads 812000 ...
270005 [main] INFO main.java.edu.mit.compbio.bisulfitehic.mapping.Bhmem  - Unique mapped and paired reads 803372 ...
[M::mem_process_seqs] Processed 1001 reads in 1.008 CPU sec, 0.128 real sec
[M::mem_process_seqs] Processed 1001 reads in 0.845 CPU sec, 0.112 real sec
[M::mem_process_seqs] Processed 1001 reads in 1.005 CPU sec, 0.130 real sec
[M::mem_process_seqs] Processed 1001 reads in 0.996 CPU sec, 0.140 real sec
270677 [main] INFO main.java.edu.mit.compbio.bisulfitehic.mapping.Bhmem  - Processing reads 813000 ...
270677 [main] INFO main.java.edu.mit.compbio.bisulfitehic.mapping.Bhmem  - Unique mapped and paired reads 805360 ...
270680 [main] INFO main.java.edu.mit.compbio.bisulfitehic.mapping.Bhmem  - Processing reads 814000 ...
270680 [main] INFO main.java.edu.mit.compbio.bisulfitehic.mapping.Bhmem  - Unique mapped and paired reads 805360 ...
[M::mem_process_seqs] Processed 1001 reads in 0.922 CPU sec, 0.125 real sec
[M::mem_process_seqs] Processed 1001 reads in 0.826 CPU sec, 0.108 real sec
[M::mem_process_seqs] Processed 1001 reads in 0.970 CPU sec, 0.123 real sec
[M::mem_process_seqs] Processed 1001 reads in 0.895 CPU sec, 0.135 real sec
271333 [main] INFO main.java.edu.mit.compbio.bisulfitehic.mapping.Bhmem  - Processing reads 815000 ...
271333 [main] INFO main.java.edu.mit.compbio.bisulfitehic.mapping.Bhmem  - Unique mapped and paired reads 807354 ...
271336 [main] INFO main.java.edu.mit.compbio.bisulfitehic.mapping.Bhmem  - Processing reads 816000 ...
271336 [main] INFO main.java.edu.mit.compbio.bisulfitehic.mapping.Bhmem  - Unique mapped and paired reads 807354 ...
[M::mem_process_seqs] Processed 1001 reads in 1.004 CPU sec, 0.129 real sec
[M::mem_process_seqs] Processed 1001 reads in 0.897 CPU sec, 0.116 real sec
[M::mem_process_seqs] Processed 1001 reads in 1.046 CPU sec, 0.137 real sec
[M::mem_process_seqs] Processed 1001 reads in 0.978 CPU sec, 0.126 real sec
272002 [main] INFO main.java.edu.mit.compbio.bisulfitehic.mapping.Bhmem  - Processing reads 817000 ...
272002 [main] INFO main.java.edu.mit.compbio.bisulfitehic.mapping.Bhmem  - Unique mapped and paired reads 809340 ...
272006 [main] INFO main.java.edu.mit.compbio.bisulfitehic.mapping.Bhmem  - Processing reads 818000 ...
272006 [main] INFO main.java.edu.mit.compbio.bisulfitehic.mapping.Bhmem  - Unique mapped and paired reads 809340 ...
[M::mem_process_seqs] Processed 1001 reads in 0.952 CPU sec, 0.123 real sec
[M::mem_process_seqs] Processed 1001 reads in 0.841 CPU sec, 0.108 real sec
[M::mem_process_seqs] Processed 1001 reads in 1.006 CPU sec, 0.128 real sec
[M::mem_process_seqs] Processed 1001 reads in 0.931 CPU sec, 0.127 real sec
272649 [main] INFO main.java.edu.mit.compbio.bisulfitehic.mapping.Bhmem  - Processing reads 819000 ...
272649 [main] INFO main.java.edu.mit.compbio.bisulfitehic.mapping.Bhmem  - Unique mapped and paired reads 811316 ...
272653 [main] INFO main.java.edu.mit.compbio.bisulfitehic.mapping.Bhmem  - Processing reads 820000 ...
272653 [main] INFO main.java.edu.mit.compbio.bisulfitehic.mapping.Bhmem  - Unique mapped and paired reads 811316 ...
[M::mem_process_seqs] Processed 1001 reads in 0.922 CPU sec, 0.118 real sec
[M::mem_process_seqs] Processed 1001 reads in 0.898 CPU sec, 0.115 real sec
[M::mem_process_seqs] Processed 1001 reads in 0.999 CPU sec, 0.130 real sec
[M::mem_process_seqs] Processed 1001 reads in 0.938 CPU sec, 0.127 real sec
273302 [main] INFO main.java.edu.mit.compbio.bisulfitehic.mapping.Bhmem  - Processing reads 821000 ...
273302 [main] INFO main.java.edu.mit.compbio.bisulfitehic.mapping.Bhmem  - Unique mapped and paired reads 813298 ...
273306 [main] INFO main.java.edu.mit.compbio.bisulfitehic.mapping.Bhmem  - Processing reads 822000 ...
273306 [main] INFO main.java.edu.mit.compbio.bisulfitehic.mapping.Bhmem  - Unique mapped and paired reads 813298 ...
[M::mem_process_seqs] Processed 1001 reads in 0.854 CPU sec, 0.109 real sec
[M::mem_process_seqs] Processed 1001 reads in 0.784 CPU sec, 0.109 real sec
[M::mem_process_seqs] Processed 1001 reads in 0.992 CPU sec, 0.129 real sec
[M::mem_process_seqs] Processed 1001 reads in 0.874 CPU sec, 0.110 real sec
273919 [main] INFO main.java.edu.mit.compbio.bisulfitehic.mapping.Bhmem  - Processing reads 823000 ...
273919 [main] INFO main.java.edu.mit.compbio.bisulfitehic.mapping.Bhmem  - Unique mapped and paired reads 815268 ...
273923 [main] INFO main.java.edu.mit.compbio.bisulfitehic.mapping.Bhmem  - Processing reads 824000 ...
273923 [main] INFO main.java.edu.mit.compbio.bisulfitehic.mapping.Bhmem  - Unique mapped and paired reads 815268 ...
[M::mem_process_seqs] Processed 1001 reads in 0.928 CPU sec, 0.118 real sec
[M::mem_process_seqs] Processed 1001 reads in 0.798 CPU sec, 0.102 real sec
[M::mem_process_seqs] Processed 1001 reads in 1.003 CPU sec, 0.128 real sec
[M::mem_process_seqs] Processed 1001 reads in 0.926 CPU sec, 0.135 real sec
274574 [main] INFO main.java.edu.mit.compbio.bisulfitehic.mapping.Bhmem  - Processing reads 825000 ...
274574 [main] INFO main.java.edu.mit.compbio.bisulfitehic.mapping.Bhmem  - Unique mapped and paired reads 817252 ...
274578 [main] INFO main.java.edu.mit.compbio.bisulfitehic.mapping.Bhmem  - Processing reads 826000 ...
274578 [main] INFO main.java.edu.mit.compbio.bisulfitehic.mapping.Bhmem  - Unique mapped and paired reads 817252 ...
[M::mem_process_seqs] Processed 1001 reads in 0.967 CPU sec, 0.123 real sec
[M::mem_process_seqs] Processed 1001 reads in 0.846 CPU sec, 0.111 real sec
[M::mem_process_seqs] Processed 1001 reads in 0.949 CPU sec, 0.120 real sec
[M::mem_process_seqs] Processed 1001 reads in 0.938 CPU sec, 0.121 real sec
275212 [main] INFO main.java.edu.mit.compbio.bisulfitehic.mapping.Bhmem  - Processing reads 827000 ...
275212 [main] INFO main.java.edu.mit.compbio.bisulfitehic.mapping.Bhmem  - Unique mapped and paired reads 819234 ...
275216 [main] INFO main.java.edu.mit.compbio.bisulfitehic.mapping.Bhmem  - Processing reads 828000 ...
275216 [main] INFO main.java.edu.mit.compbio.bisulfitehic.mapping.Bhmem  - Unique mapped and paired reads 819234 ...
[M::mem_process_seqs] Processed 1001 reads in 1.015 CPU sec, 0.131 real sec
[M::mem_process_seqs] Processed 1001 reads in 0.983 CPU sec, 0.124 real sec
[M::mem_process_seqs] Processed 1001 reads in 1.082 CPU sec, 0.143 real sec
[M::mem_process_seqs] Processed 1001 reads in 1.029 CPU sec, 0.135 real sec
275918 [main] INFO main.java.edu.mit.compbio.bisulfitehic.mapping.Bhmem  - Processing reads 829000 ...
275918 [main] INFO main.java.edu.mit.compbio.bisulfitehic.mapping.Bhmem  - Unique mapped and paired reads 821226 ...
275922 [main] INFO main.java.edu.mit.compbio.bisulfitehic.mapping.Bhmem  - Processing reads 830000 ...
275922 [main] INFO main.java.edu.mit.compbio.bisulfitehic.mapping.Bhmem  - Unique mapped and paired reads 821226 ...
[M::mem_process_seqs] Processed 1001 reads in 0.920 CPU sec, 0.120 real sec
[M::mem_process_seqs] Processed 1001 reads in 0.819 CPU sec, 0.104 real sec
[M::mem_process_seqs] Processed 1001 reads in 0.962 CPU sec, 0.124 real sec
[M::mem_process_seqs] Processed 1001 reads in 0.873 CPU sec, 0.111 real sec
276538 [main] INFO main.java.edu.mit.compbio.bisulfitehic.mapping.Bhmem  - Processing reads 831000 ...
276538 [main] INFO main.java.edu.mit.compbio.bisulfitehic.mapping.Bhmem  - Unique mapped and paired reads 823210 ...
276542 [main] INFO main.java.edu.mit.compbio.bisulfitehic.mapping.Bhmem  - Processing reads 832000 ...
276542 [main] INFO main.java.edu.mit.compbio.bisulfitehic.mapping.Bhmem  - Unique mapped and paired reads 823210 ...
[M::mem_process_seqs] Processed 1001 reads in 0.893 CPU sec, 0.115 real sec
[M::mem_process_seqs] Processed 1001 reads in 0.833 CPU sec, 0.106 real sec
[M::mem_process_seqs] Processed 1001 reads in 1.018 CPU sec, 0.129 real sec
[M::mem_process_seqs] Processed 1001 reads in 0.995 CPU sec, 0.135 real sec
277185 [main] INFO main.java.edu.mit.compbio.bisulfitehic.mapping.Bhmem  - Processing reads 833000 ...
277185 [main] INFO main.java.edu.mit.compbio.bisulfitehic.mapping.Bhmem  - Unique mapped and paired reads 825196 ...
277189 [main] INFO main.java.edu.mit.compbio.bisulfitehic.mapping.Bhmem  - Processing reads 834000 ...
277189 [main] INFO main.java.edu.mit.compbio.bisulfitehic.mapping.Bhmem  - Unique mapped and paired reads 825196 ...
[M::mem_process_seqs] Processed 1001 reads in 0.945 CPU sec, 0.123 real sec
[M::mem_process_seqs] Processed 1001 reads in 0.894 CPU sec, 0.112 real sec
[M::mem_process_seqs] Processed 1001 reads in 1.009 CPU sec, 0.130 real sec
[M::mem_process_seqs] Processed 1001 reads in 1.032 CPU sec, 0.130 real sec
277849 [main] INFO main.java.edu.mit.compbio.bisulfitehic.mapping.Bhmem  - Processing reads 835000 ...
277849 [main] INFO main.java.edu.mit.compbio.bisulfitehic.mapping.Bhmem  - Unique mapped and paired reads 827174 ...
277853 [main] INFO main.java.edu.mit.compbio.bisulfitehic.mapping.Bhmem  - Processing reads 836000 ...
277853 [main] INFO main.java.edu.mit.compbio.bisulfitehic.mapping.Bhmem  - Unique mapped and paired reads 827174 ...
[M::mem_process_seqs] Processed 1001 reads in 0.898 CPU sec, 0.124 real sec
[M::mem_process_seqs] Processed 1001 reads in 0.842 CPU sec, 0.112 real sec
[M::mem_process_seqs] Processed 1001 reads in 1.005 CPU sec, 0.128 real sec
[M::mem_process_seqs] Processed 1001 reads in 0.968 CPU sec, 0.124 real sec
278498 [main] INFO main.java.edu.mit.compbio.bisulfitehic.mapping.Bhmem  - Processing reads 837000 ...
278498 [main] INFO main.java.edu.mit.compbio.bisulfitehic.mapping.Bhmem  - Unique mapped and paired reads 829150 ...
278502 [main] INFO main.java.edu.mit.compbio.bisulfitehic.mapping.Bhmem  - Processing reads 838000 ...
278502 [main] INFO main.java.edu.mit.compbio.bisulfitehic.mapping.Bhmem  - Unique mapped and paired reads 829150 ...
[M::mem_process_seqs] Processed 1001 reads in 0.888 CPU sec, 0.114 real sec
[M::mem_process_seqs] Processed 1001 reads in 0.815 CPU sec, 0.105 real sec
[M::mem_process_seqs] Processed 1001 reads in 1.011 CPU sec, 0.129 real sec
[M::mem_process_seqs] Processed 1001 reads in 1.023 CPU sec, 0.144 real sec
279149 [main] INFO main.java.edu.mit.compbio.bisulfitehic.mapping.Bhmem  - Processing reads 839000 ...
279222 [main] INFO main.java.edu.mit.compbio.bisulfitehic.mapping.Bhmem  - Unique mapped and paired reads 831134 ...
279231 [main] INFO main.java.edu.mit.compbio.bisulfitehic.mapping.Bhmem  - Processing reads 840000 ...
279231 [main] INFO main.java.edu.mit.compbio.bisulfitehic.mapping.Bhmem  - Unique mapped and paired reads 831134 ...
[M::mem_process_seqs] Processed 1001 reads in 0.926 CPU sec, 0.120 real sec
[M::mem_process_seqs] Processed 1001 reads in 0.876 CPU sec, 0.117 real sec
[M::mem_process_seqs] Processed 1001 reads in 1.049 CPU sec, 0.134 real sec
[M::mem_process_seqs] Processed 1001 reads in 0.965 CPU sec, 0.129 real sec
279897 [main] INFO main.java.edu.mit.compbio.bisulfitehic.mapping.Bhmem  - Processing reads 841000 ...
279897 [main] INFO main.java.edu.mit.compbio.bisulfitehic.mapping.Bhmem  - Unique mapped and paired reads 833118 ...
279901 [main] INFO main.java.edu.mit.compbio.bisulfitehic.mapping.Bhmem  - Processing reads 842000 ...
279901 [main] INFO main.java.edu.mit.compbio.bisulfitehic.mapping.Bhmem  - Unique mapped and paired reads 833118 ...
[M::mem_process_seqs] Processed 1001 reads in 0.906 CPU sec, 0.115 real sec
[M::mem_process_seqs] Processed 1001 reads in 0.817 CPU sec, 0.109 real sec
[M::mem_process_seqs] Processed 1001 reads in 0.915 CPU sec, 0.118 real sec
[M::mem_process_seqs] Processed 1001 reads in 0.925 CPU sec, 0.127 real sec
280534 [main] INFO main.java.edu.mit.compbio.bisulfitehic.mapping.Bhmem  - Processing reads 843000 ...
280534 [main] INFO main.java.edu.mit.compbio.bisulfitehic.mapping.Bhmem  - Unique mapped and paired reads 835100 ...
280538 [main] INFO main.java.edu.mit.compbio.bisulfitehic.mapping.Bhmem  - Processing reads 844000 ...
280538 [main] INFO main.java.edu.mit.compbio.bisulfitehic.mapping.Bhmem  - Unique mapped and paired reads 835100 ...
[M::mem_process_seqs] Processed 1001 reads in 0.993 CPU sec, 0.129 real sec
[M::mem_process_seqs] Processed 1001 reads in 0.868 CPU sec, 0.111 real sec
[M::mem_process_seqs] Processed 1001 reads in 1.026 CPU sec, 0.132 real sec
[M::mem_process_seqs] Processed 1001 reads in 0.947 CPU sec, 0.125 real sec
281200 [main] INFO main.java.edu.mit.compbio.bisulfitehic.mapping.Bhmem  - Processing reads 845000 ...
281200 [main] INFO main.java.edu.mit.compbio.bisulfitehic.mapping.Bhmem  - Unique mapped and paired reads 837092 ...
281204 [main] INFO main.java.edu.mit.compbio.bisulfitehic.mapping.Bhmem  - Processing reads 846000 ...
281204 [main] INFO main.java.edu.mit.compbio.bisulfitehic.mapping.Bhmem  - Unique mapped and paired reads 837092 ...
[M::mem_process_seqs] Processed 1001 reads in 0.967 CPU sec, 0.128 real sec
[M::mem_process_seqs] Processed 1001 reads in 0.978 CPU sec, 0.140 real sec
[M::mem_process_seqs] Processed 1001 reads in 0.982 CPU sec, 0.126 real sec
[M::mem_process_seqs] Processed 1001 reads in 1.009 CPU sec, 0.128 real sec
281890 [main] INFO main.java.edu.mit.compbio.bisulfitehic.mapping.Bhmem  - Processing reads 847000 ...
281890 [main] INFO main.java.edu.mit.compbio.bisulfitehic.mapping.Bhmem  - Unique mapped and paired reads 839072 ...
281894 [main] INFO main.java.edu.mit.compbio.bisulfitehic.mapping.Bhmem  - Processing reads 848000 ...
281894 [main] INFO main.java.edu.mit.compbio.bisulfitehic.mapping.Bhmem  - Unique mapped and paired reads 839072 ...
[M::mem_process_seqs] Processed 1001 reads in 1.013 CPU sec, 0.135 real sec
[M::mem_process_seqs] Processed 1001 reads in 0.987 CPU sec, 0.131 real sec
[M::mem_process_seqs] Processed 1001 reads in 1.121 CPU sec, 0.143 real sec
[M::mem_process_seqs] Processed 1001 reads in 1.083 CPU sec, 0.140 real sec
282610 [main] INFO main.java.edu.mit.compbio.bisulfitehic.mapping.Bhmem  - Processing reads 849000 ...
282610 [main] INFO main.java.edu.mit.compbio.bisulfitehic.mapping.Bhmem  - Unique mapped and paired reads 841062 ...
282614 [main] INFO main.java.edu.mit.compbio.bisulfitehic.mapping.Bhmem  - Processing reads 850000 ...
282614 [main] INFO main.java.edu.mit.compbio.bisulfitehic.mapping.Bhmem  - Unique mapped and paired reads 841062 ...
[M::mem_process_seqs] Processed 1001 reads in 0.964 CPU sec, 0.123 real sec
[M::mem_process_seqs] Processed 1001 reads in 0.850 CPU sec, 0.116 real sec
[M::mem_process_seqs] Processed 1001 reads in 1.004 CPU sec, 0.134 real sec
[M::mem_process_seqs] Processed 1001 reads in 0.997 CPU sec, 0.137 real sec
283290 [main] INFO main.java.edu.mit.compbio.bisulfitehic.mapping.Bhmem  - Processing reads 851000 ...
283290 [main] INFO main.java.edu.mit.compbio.bisulfitehic.mapping.Bhmem  - Unique mapped and paired reads 843048 ...
283294 [main] INFO main.java.edu.mit.compbio.bisulfitehic.mapping.Bhmem  - Processing reads 852000 ...
283294 [main] INFO main.java.edu.mit.compbio.bisulfitehic.mapping.Bhmem  - Unique mapped and paired reads 843048 ...
[M::mem_process_seqs] Processed 1001 reads in 0.943 CPU sec, 0.119 real sec
[M::mem_process_seqs] Processed 1001 reads in 0.814 CPU sec, 0.104 real sec
[M::mem_process_seqs] Processed 1001 reads in 0.957 CPU sec, 0.122 real sec
[M::mem_process_seqs] Processed 1001 reads in 0.919 CPU sec, 0.118 real sec
283917 [main] INFO main.java.edu.mit.compbio.bisulfitehic.mapping.Bhmem  - Processing reads 853000 ...
283917 [main] INFO main.java.edu.mit.compbio.bisulfitehic.mapping.Bhmem  - Unique mapped and paired reads 845032 ...
283921 [main] INFO main.java.edu.mit.compbio.bisulfitehic.mapping.Bhmem  - Processing reads 854000 ...
283922 [main] INFO main.java.edu.mit.compbio.bisulfitehic.mapping.Bhmem  - Unique mapped and paired reads 845032 ...
[M::mem_process_seqs] Processed 1001 reads in 0.968 CPU sec, 0.136 real sec
[M::mem_process_seqs] Processed 1001 reads in 0.926 CPU sec, 0.125 real sec
[M::mem_process_seqs] Processed 1001 reads in 0.987 CPU sec, 0.130 real sec
[M::mem_process_seqs] Processed 1001 reads in 1.028 CPU sec, 0.142 real sec
284618 [main] INFO main.java.edu.mit.compbio.bisulfitehic.mapping.Bhmem  - Processing reads 855000 ...
284618 [main] INFO main.java.edu.mit.compbio.bisulfitehic.mapping.Bhmem  - Unique mapped and paired reads 847004 ...
284622 [main] INFO main.java.edu.mit.compbio.bisulfitehic.mapping.Bhmem  - Processing reads 856000 ...
284622 [main] INFO main.java.edu.mit.compbio.bisulfitehic.mapping.Bhmem  - Unique mapped and paired reads 847004 ...
[M::mem_process_seqs] Processed 1001 reads in 0.959 CPU sec, 0.121 real sec
[M::mem_process_seqs] Processed 1001 reads in 0.829 CPU sec, 0.107 real sec
[M::mem_process_seqs] Processed 1001 reads in 0.986 CPU sec, 0.130 real sec
[M::mem_process_seqs] Processed 1001 reads in 1.004 CPU sec, 0.127 real sec
285268 [main] INFO main.java.edu.mit.compbio.bisulfitehic.mapping.Bhmem  - Processing reads 857000 ...
285268 [main] INFO main.java.edu.mit.compbio.bisulfitehic.mapping.Bhmem  - Unique mapped and paired reads 848992 ...
285272 [main] INFO main.java.edu.mit.compbio.bisulfitehic.mapping.Bhmem  - Processing reads 858000 ...
285272 [main] INFO main.java.edu.mit.compbio.bisulfitehic.mapping.Bhmem  - Unique mapped and paired reads 848992 ...
[M::mem_process_seqs] Processed 1001 reads in 0.924 CPU sec, 0.118 real sec
[M::mem_process_seqs] Processed 1001 reads in 0.904 CPU sec, 0.132 real sec
[M::mem_process_seqs] Processed 1001 reads in 0.990 CPU sec, 0.126 real sec
[M::mem_process_seqs] Processed 1001 reads in 0.917 CPU sec, 0.117 real sec
285922 [main] INFO main.java.edu.mit.compbio.bisulfitehic.mapping.Bhmem  - Processing reads 859000 ...
285922 [main] INFO main.java.edu.mit.compbio.bisulfitehic.mapping.Bhmem  - Unique mapped and paired reads 850972 ...
285926 [main] INFO main.java.edu.mit.compbio.bisulfitehic.mapping.Bhmem  - Processing reads 860000 ...
285926 [main] INFO main.java.edu.mit.compbio.bisulfitehic.mapping.Bhmem  - Unique mapped and paired reads 850972 ...
[M::mem_process_seqs] Processed 1001 reads in 0.948 CPU sec, 0.124 real sec
[M::mem_process_seqs] Processed 1001 reads in 0.986 CPU sec, 0.126 real sec
[M::mem_process_seqs] Processed 1001 reads in 1.091 CPU sec, 0.145 real sec
[M::mem_process_seqs] Processed 1001 reads in 1.055 CPU sec, 0.135 real sec
286614 [main] INFO main.java.edu.mit.compbio.bisulfitehic.mapping.Bhmem  - Processing reads 861000 ...
286614 [main] INFO main.java.edu.mit.compbio.bisulfitehic.mapping.Bhmem  - Unique mapped and paired reads 852966 ...
286618 [main] INFO main.java.edu.mit.compbio.bisulfitehic.mapping.Bhmem  - Processing reads 862000 ...
286618 [main] INFO main.java.edu.mit.compbio.bisulfitehic.mapping.Bhmem  - Unique mapped and paired reads 852966 ...
[M::mem_process_seqs] Processed 1001 reads in 0.892 CPU sec, 0.120 real sec
[M::mem_process_seqs] Processed 1001 reads in 0.794 CPU sec, 0.103 real sec
[M::mem_process_seqs] Processed 1001 reads in 0.977 CPU sec, 0.129 real sec
[M::mem_process_seqs] Processed 1001 reads in 0.912 CPU sec, 0.116 real sec
287238 [main] INFO main.java.edu.mit.compbio.bisulfitehic.mapping.Bhmem  - Processing reads 863000 ...
287238 [main] INFO main.java.edu.mit.compbio.bisulfitehic.mapping.Bhmem  - Unique mapped and paired reads 854954 ...
287242 [main] INFO main.java.edu.mit.compbio.bisulfitehic.mapping.Bhmem  - Processing reads 864000 ...
287242 [main] INFO main.java.edu.mit.compbio.bisulfitehic.mapping.Bhmem  - Unique mapped and paired reads 854954 ...
[M::mem_process_seqs] Processed 1001 reads in 0.913 CPU sec, 0.119 real sec
[M::mem_process_seqs] Processed 1001 reads in 0.873 CPU sec, 0.120 real sec
[M::mem_process_seqs] Processed 1001 reads in 1.071 CPU sec, 0.153 real sec
[M::mem_process_seqs] Processed 1001 reads in 1.024 CPU sec, 0.129 real sec
287937 [main] INFO main.java.edu.mit.compbio.bisulfitehic.mapping.Bhmem  - Processing reads 865000 ...
287937 [main] INFO main.java.edu.mit.compbio.bisulfitehic.mapping.Bhmem  - Unique mapped and paired reads 856934 ...
287942 [main] INFO main.java.edu.mit.compbio.bisulfitehic.mapping.Bhmem  - Processing reads 866000 ...
287942 [main] INFO main.java.edu.mit.compbio.bisulfitehic.mapping.Bhmem  - Unique mapped and paired reads 856934 ...
[M::mem_process_seqs] Processed 1001 reads in 0.961 CPU sec, 0.128 real sec
[M::mem_process_seqs] Processed 1001 reads in 0.822 CPU sec, 0.105 real sec
[M::mem_process_seqs] Processed 1001 reads in 0.989 CPU sec, 0.131 real sec
[M::mem_process_seqs] Processed 1001 reads in 0.936 CPU sec, 0.123 real sec
288591 [main] INFO main.java.edu.mit.compbio.bisulfitehic.mapping.Bhmem  - Processing reads 867000 ...
288591 [main] INFO main.java.edu.mit.compbio.bisulfitehic.mapping.Bhmem  - Unique mapped and paired reads 858910 ...
288595 [main] INFO main.java.edu.mit.compbio.bisulfitehic.mapping.Bhmem  - Processing reads 868000 ...
288595 [main] INFO main.java.edu.mit.compbio.bisulfitehic.mapping.Bhmem  - Unique mapped and paired reads 858910 ...
[M::mem_process_seqs] Processed 1001 reads in 1.098 CPU sec, 0.141 real sec
[M::mem_process_seqs] Processed 1001 reads in 1.020 CPU sec, 0.129 real sec
[M::mem_process_seqs] Processed 1001 reads in 1.108 CPU sec, 0.157 real sec
[M::mem_process_seqs] Processed 1001 reads in 1.103 CPU sec, 0.140 real sec
289334 [main] INFO main.java.edu.mit.compbio.bisulfitehic.mapping.Bhmem  - Processing reads 869000 ...
289334 [main] INFO main.java.edu.mit.compbio.bisulfitehic.mapping.Bhmem  - Unique mapped and paired reads 860890 ...
289338 [main] INFO main.java.edu.mit.compbio.bisulfitehic.mapping.Bhmem  - Processing reads 870000 ...
289338 [main] INFO main.java.edu.mit.compbio.bisulfitehic.mapping.Bhmem  - Unique mapped and paired reads 860890 ...
[M::mem_process_seqs] Processed 1001 reads in 1.105 CPU sec, 0.143 real sec
[M::mem_process_seqs] Processed 1001 reads in 0.983 CPU sec, 0.132 real sec
[M::mem_process_seqs] Processed 1001 reads in 1.031 CPU sec, 0.132 real sec
[M::mem_process_seqs] Processed 1001 reads in 0.984 CPU sec, 0.128 real sec
290040 [main] INFO main.java.edu.mit.compbio.bisulfitehic.mapping.Bhmem  - Processing reads 871000 ...
290040 [main] INFO main.java.edu.mit.compbio.bisulfitehic.mapping.Bhmem  - Unique mapped and paired reads 862884 ...
290044 [main] INFO main.java.edu.mit.compbio.bisulfitehic.mapping.Bhmem  - Processing reads 872000 ...
290044 [main] INFO main.java.edu.mit.compbio.bisulfitehic.mapping.Bhmem  - Unique mapped and paired reads 862884 ...
[M::mem_process_seqs] Processed 1001 reads in 0.968 CPU sec, 0.126 real sec
[M::mem_process_seqs] Processed 1001 reads in 0.917 CPU sec, 0.118 real sec
[M::mem_process_seqs] Processed 1001 reads in 1.058 CPU sec, 0.140 real sec
[M::mem_process_seqs] Processed 1001 reads in 1.025 CPU sec, 0.132 real sec
290722 [main] INFO main.java.edu.mit.compbio.bisulfitehic.mapping.Bhmem  - Processing reads 873000 ...
290722 [main] INFO main.java.edu.mit.compbio.bisulfitehic.mapping.Bhmem  - Unique mapped and paired reads 864870 ...
290726 [main] INFO main.java.edu.mit.compbio.bisulfitehic.mapping.Bhmem  - Processing reads 874000 ...
290726 [main] INFO main.java.edu.mit.compbio.bisulfitehic.mapping.Bhmem  - Unique mapped and paired reads 864870 ...
[M::mem_process_seqs] Processed 1001 reads in 0.946 CPU sec, 0.120 real sec
[M::mem_process_seqs] Processed 1001 reads in 0.841 CPU sec, 0.111 real sec
[M::mem_process_seqs] Processed 1001 reads in 0.967 CPU sec, 0.123 real sec
[M::mem_process_seqs] Processed 1001 reads in 0.918 CPU sec, 0.122 real sec
291368 [main] INFO main.java.edu.mit.compbio.bisulfitehic.mapping.Bhmem  - Processing reads 875000 ...
291368 [main] INFO main.java.edu.mit.compbio.bisulfitehic.mapping.Bhmem  - Unique mapped and paired reads 866854 ...
291372 [main] INFO main.java.edu.mit.compbio.bisulfitehic.mapping.Bhmem  - Processing reads 876000 ...
291372 [main] INFO main.java.edu.mit.compbio.bisulfitehic.mapping.Bhmem  - Unique mapped and paired reads 866854 ...
[M::mem_process_seqs] Processed 1001 reads in 0.920 CPU sec, 0.123 real sec
[M::mem_process_seqs] Processed 1001 reads in 0.850 CPU sec, 0.111 real sec
[M::mem_process_seqs] Processed 1001 reads in 0.963 CPU sec, 0.122 real sec
[M::mem_process_seqs] Processed 1001 reads in 0.922 CPU sec, 0.125 real sec
292017 [main] INFO main.java.edu.mit.compbio.bisulfitehic.mapping.Bhmem  - Processing reads 877000 ...
292017 [main] INFO main.java.edu.mit.compbio.bisulfitehic.mapping.Bhmem  - Unique mapped and paired reads 868846 ...
292021 [main] INFO main.java.edu.mit.compbio.bisulfitehic.mapping.Bhmem  - Processing reads 878000 ...
292021 [main] INFO main.java.edu.mit.compbio.bisulfitehic.mapping.Bhmem  - Unique mapped and paired reads 868846 ...
[M::mem_process_seqs] Processed 1001 reads in 0.969 CPU sec, 0.124 real sec
[M::mem_process_seqs] Processed 1001 reads in 0.885 CPU sec, 0.122 real sec
[M::mem_process_seqs] Processed 1001 reads in 1.002 CPU sec, 0.135 real sec
[M::mem_process_seqs] Processed 1001 reads in 0.956 CPU sec, 0.123 real sec
292688 [main] INFO main.java.edu.mit.compbio.bisulfitehic.mapping.Bhmem  - Processing reads 879000 ...
292688 [main] INFO main.java.edu.mit.compbio.bisulfitehic.mapping.Bhmem  - Unique mapped and paired reads 870834 ...
292693 [main] INFO main.java.edu.mit.compbio.bisulfitehic.mapping.Bhmem  - Processing reads 880000 ...
292693 [main] INFO main.java.edu.mit.compbio.bisulfitehic.mapping.Bhmem  - Unique mapped and paired reads 870834 ...
[M::mem_process_seqs] Processed 1001 reads in 0.884 CPU sec, 0.114 real sec
[M::mem_process_seqs] Processed 1001 reads in 0.882 CPU sec, 0.124 real sec
[M::mem_process_seqs] Processed 1001 reads in 1.036 CPU sec, 0.140 real sec
[M::mem_process_seqs] Processed 1001 reads in 0.980 CPU sec, 0.136 real sec
293371 [main] INFO main.java.edu.mit.compbio.bisulfitehic.mapping.Bhmem  - Processing reads 881000 ...
293371 [main] INFO main.java.edu.mit.compbio.bisulfitehic.mapping.Bhmem  - Unique mapped and paired reads 872818 ...
293375 [main] INFO main.java.edu.mit.compbio.bisulfitehic.mapping.Bhmem  - Processing reads 882000 ...
293375 [main] INFO main.java.edu.mit.compbio.bisulfitehic.mapping.Bhmem  - Unique mapped and paired reads 872818 ...
[M::mem_process_seqs] Processed 1001 reads in 0.924 CPU sec, 0.119 real sec
[M::mem_process_seqs] Processed 1001 reads in 0.835 CPU sec, 0.106 real sec
[M::mem_process_seqs] Processed 1001 reads in 1.038 CPU sec, 0.137 real sec
[M::mem_process_seqs] Processed 1001 reads in 1.007 CPU sec, 0.132 real sec
294039 [main] INFO main.java.edu.mit.compbio.bisulfitehic.mapping.Bhmem  - Processing reads 883000 ...
294039 [main] INFO main.java.edu.mit.compbio.bisulfitehic.mapping.Bhmem  - Unique mapped and paired reads 874802 ...
294043 [main] INFO main.java.edu.mit.compbio.bisulfitehic.mapping.Bhmem  - Processing reads 884000 ...
294043 [main] INFO main.java.edu.mit.compbio.bisulfitehic.mapping.Bhmem  - Unique mapped and paired reads 874802 ...
[M::mem_process_seqs] Processed 1001 reads in 0.978 CPU sec, 0.127 real sec
[M::mem_process_seqs] Processed 1001 reads in 0.902 CPU sec, 0.122 real sec
[M::mem_process_seqs] Processed 1001 reads in 1.036 CPU sec, 0.134 real sec
[M::mem_process_seqs] Processed 1001 reads in 0.973 CPU sec, 0.123 real sec
294720 [main] INFO main.java.edu.mit.compbio.bisulfitehic.mapping.Bhmem  - Processing reads 885000 ...
294720 [main] INFO main.java.edu.mit.compbio.bisulfitehic.mapping.Bhmem  - Unique mapped and paired reads 876796 ...
294724 [main] INFO main.java.edu.mit.compbio.bisulfitehic.mapping.Bhmem  - Processing reads 886000 ...
294724 [main] INFO main.java.edu.mit.compbio.bisulfitehic.mapping.Bhmem  - Unique mapped and paired reads 876796 ...
[M::mem_process_seqs] Processed 1001 reads in 0.851 CPU sec, 0.108 real sec
[M::mem_process_seqs] Processed 1001 reads in 0.828 CPU sec, 0.107 real sec
[M::mem_process_seqs] Processed 1001 reads in 0.917 CPU sec, 0.122 real sec
[M::mem_process_seqs] Processed 1001 reads in 0.929 CPU sec, 0.120 real sec
295344 [main] INFO main.java.edu.mit.compbio.bisulfitehic.mapping.Bhmem  - Processing reads 887000 ...
295344 [main] INFO main.java.edu.mit.compbio.bisulfitehic.mapping.Bhmem  - Unique mapped and paired reads 878780 ...
295348 [main] INFO main.java.edu.mit.compbio.bisulfitehic.mapping.Bhmem  - Processing reads 888000 ...
295349 [main] INFO main.java.edu.mit.compbio.bisulfitehic.mapping.Bhmem  - Unique mapped and paired reads 878780 ...
[M::mem_process_seqs] Processed 1001 reads in 0.910 CPU sec, 0.116 real sec
[M::mem_process_seqs] Processed 1001 reads in 0.895 CPU sec, 0.119 real sec
[M::mem_process_seqs] Processed 1001 reads in 0.974 CPU sec, 0.133 real sec
[M::mem_process_seqs] Processed 1001 reads in 1.017 CPU sec, 0.141 real sec
296012 [main] INFO main.java.edu.mit.compbio.bisulfitehic.mapping.Bhmem  - Processing reads 889000 ...
296012 [main] INFO main.java.edu.mit.compbio.bisulfitehic.mapping.Bhmem  - Unique mapped and paired reads 880750 ...
296016 [main] INFO main.java.edu.mit.compbio.bisulfitehic.mapping.Bhmem  - Processing reads 890000 ...
296016 [main] INFO main.java.edu.mit.compbio.bisulfitehic.mapping.Bhmem  - Unique mapped and paired reads 880750 ...
[M::mem_process_seqs] Processed 1001 reads in 0.974 CPU sec, 0.123 real sec
[M::mem_process_seqs] Processed 1001 reads in 0.959 CPU sec, 0.121 real sec
[M::mem_process_seqs] Processed 1001 reads in 0.924 CPU sec, 0.119 real sec
[M::mem_process_seqs] Processed 1001 reads in 0.924 CPU sec, 0.119 real sec
296670 [main] INFO main.java.edu.mit.compbio.bisulfitehic.mapping.Bhmem  - Processing reads 891000 ...
296670 [main] INFO main.java.edu.mit.compbio.bisulfitehic.mapping.Bhmem  - Unique mapped and paired reads 882726 ...
296674 [main] INFO main.java.edu.mit.compbio.bisulfitehic.mapping.Bhmem  - Processing reads 892000 ...
296674 [main] INFO main.java.edu.mit.compbio.bisulfitehic.mapping.Bhmem  - Unique mapped and paired reads 882726 ...
[M::mem_process_seqs] Processed 1001 reads in 1.338 CPU sec, 0.171 real sec
[M::mem_process_seqs] Processed 1001 reads in 1.267 CPU sec, 0.160 real sec
[M::mem_process_seqs] Processed 1001 reads in 0.791 CPU sec, 0.114 real sec
[M::mem_process_seqs] Processed 1001 reads in 0.734 CPU sec, 0.099 real sec
297436 [main] INFO main.java.edu.mit.compbio.bisulfitehic.mapping.Bhmem  - Processing reads 893000 ...
297436 [main] INFO main.java.edu.mit.compbio.bisulfitehic.mapping.Bhmem  - Unique mapped and paired reads 884708 ...
297440 [main] INFO main.java.edu.mit.compbio.bisulfitehic.mapping.Bhmem  - Processing reads 894000 ...
297440 [main] INFO main.java.edu.mit.compbio.bisulfitehic.mapping.Bhmem  - Unique mapped and paired reads 884708 ...
[M::mem_process_seqs] Processed 1001 reads in 1.366 CPU sec, 0.172 real sec
[M::mem_process_seqs] Processed 1001 reads in 1.299 CPU sec, 0.164 real sec
[M::mem_process_seqs] Processed 1001 reads in 0.778 CPU sec, 0.101 real sec
[M::mem_process_seqs] Processed 1001 reads in 0.770 CPU sec, 0.108 real sec
298194 [main] INFO main.java.edu.mit.compbio.bisulfitehic.mapping.Bhmem  - Processing reads 895000 ...
298194 [main] INFO main.java.edu.mit.compbio.bisulfitehic.mapping.Bhmem  - Unique mapped and paired reads 886680 ...
298198 [main] INFO main.java.edu.mit.compbio.bisulfitehic.mapping.Bhmem  - Processing reads 896000 ...
298198 [main] INFO main.java.edu.mit.compbio.bisulfitehic.mapping.Bhmem  - Unique mapped and paired reads 886680 ...
[M::mem_process_seqs] Processed 1001 reads in 1.375 CPU sec, 0.174 real sec
[M::mem_process_seqs] Processed 1001 reads in 1.287 CPU sec, 0.163 real sec
[M::mem_process_seqs] Processed 1001 reads in 0.938 CPU sec, 0.122 real sec
[M::mem_process_seqs] Processed 1001 reads in 0.833 CPU sec, 0.108 real sec
298974 [main] INFO main.java.edu.mit.compbio.bisulfitehic.mapping.Bhmem  - Processing reads 897000 ...
298974 [main] INFO main.java.edu.mit.compbio.bisulfitehic.mapping.Bhmem  - Unique mapped and paired reads 888644 ...
298978 [main] INFO main.java.edu.mit.compbio.bisulfitehic.mapping.Bhmem  - Processing reads 898000 ...
298978 [main] INFO main.java.edu.mit.compbio.bisulfitehic.mapping.Bhmem  - Unique mapped and paired reads 888644 ...
[M::mem_process_seqs] Processed 1001 reads in 1.239 CPU sec, 0.158 real sec
[M::mem_process_seqs] Processed 1001 reads in 1.159 CPU sec, 0.158 real sec
[M::mem_process_seqs] Processed 1001 reads in 0.935 CPU sec, 0.123 real sec
[M::mem_process_seqs] Processed 1001 reads in 0.797 CPU sec, 0.114 real sec
299721 [main] INFO main.java.edu.mit.compbio.bisulfitehic.mapping.Bhmem  - Processing reads 899000 ...
299721 [main] INFO main.java.edu.mit.compbio.bisulfitehic.mapping.Bhmem  - Unique mapped and paired reads 890618 ...
299725 [main] INFO main.java.edu.mit.compbio.bisulfitehic.mapping.Bhmem  - Processing reads 900000 ...
299725 [main] INFO main.java.edu.mit.compbio.bisulfitehic.mapping.Bhmem  - Unique mapped and paired reads 890618 ...
[M::mem_process_seqs] Processed 1001 reads in 1.064 CPU sec, 0.139 real sec
[M::mem_process_seqs] Processed 1001 reads in 0.877 CPU sec, 0.111 real sec
[M::mem_process_seqs] Processed 1001 reads in 1.006 CPU sec, 0.134 real sec
[M::mem_process_seqs] Processed 1001 reads in 1.066 CPU sec, 0.138 real sec
300407 [main] INFO main.java.edu.mit.compbio.bisulfitehic.mapping.Bhmem  - Processing reads 901000 ...
300407 [main] INFO main.java.edu.mit.compbio.bisulfitehic.mapping.Bhmem  - Unique mapped and paired reads 892602 ...
300411 [main] INFO main.java.edu.mit.compbio.bisulfitehic.mapping.Bhmem  - Processing reads 902000 ...
300411 [main] INFO main.java.edu.mit.compbio.bisulfitehic.mapping.Bhmem  - Unique mapped and paired reads 892602 ...
[M::mem_process_seqs] Processed 1001 reads in 0.949 CPU sec, 0.120 real sec
[M::mem_process_seqs] Processed 1001 reads in 0.898 CPU sec, 0.114 real sec
[M::mem_process_seqs] Processed 1001 reads in 0.932 CPU sec, 0.117 real sec
[M::mem_process_seqs] Processed 1001 reads in 1.005 CPU sec, 0.142 real sec
301070 [main] INFO main.java.edu.mit.compbio.bisulfitehic.mapping.Bhmem  - Processing reads 903000 ...
301070 [main] INFO main.java.edu.mit.compbio.bisulfitehic.mapping.Bhmem  - Unique mapped and paired reads 894602 ...
301074 [main] INFO main.java.edu.mit.compbio.bisulfitehic.mapping.Bhmem  - Processing reads 904000 ...
301074 [main] INFO main.java.edu.mit.compbio.bisulfitehic.mapping.Bhmem  - Unique mapped and paired reads 894602 ...
[M::mem_process_seqs] Processed 1001 reads in 0.980 CPU sec, 0.126 real sec
[M::mem_process_seqs] Processed 1001 reads in 0.934 CPU sec, 0.118 real sec
[M::mem_process_seqs] Processed 1001 reads in 1.037 CPU sec, 0.133 real sec
[M::mem_process_seqs] Processed 1001 reads in 1.043 CPU sec, 0.137 real sec
301751 [main] INFO main.java.edu.mit.compbio.bisulfitehic.mapping.Bhmem  - Processing reads 905000 ...
301751 [main] INFO main.java.edu.mit.compbio.bisulfitehic.mapping.Bhmem  - Unique mapped and paired reads 896584 ...
301755 [main] INFO main.java.edu.mit.compbio.bisulfitehic.mapping.Bhmem  - Processing reads 906000 ...
301755 [main] INFO main.java.edu.mit.compbio.bisulfitehic.mapping.Bhmem  - Unique mapped and paired reads 896584 ...
[M::mem_process_seqs] Processed 1001 reads in 0.967 CPU sec, 0.122 real sec
[M::mem_process_seqs] Processed 1001 reads in 0.827 CPU sec, 0.106 real sec
[M::mem_process_seqs] Processed 1001 reads in 0.990 CPU sec, 0.135 real sec
[M::mem_process_seqs] Processed 1001 reads in 1.036 CPU sec, 0.154 real sec
302448 [main] INFO main.java.edu.mit.compbio.bisulfitehic.mapping.Bhmem  - Processing reads 907000 ...
302448 [main] INFO main.java.edu.mit.compbio.bisulfitehic.mapping.Bhmem  - Unique mapped and paired reads 898576 ...
302452 [main] INFO main.java.edu.mit.compbio.bisulfitehic.mapping.Bhmem  - Processing reads 908000 ...
302452 [main] INFO main.java.edu.mit.compbio.bisulfitehic.mapping.Bhmem  - Unique mapped and paired reads 898576 ...
[M::mem_process_seqs] Processed 1001 reads in 0.940 CPU sec, 0.122 real sec
[M::mem_process_seqs] Processed 1001 reads in 0.893 CPU sec, 0.113 real sec
[M::mem_process_seqs] Processed 1001 reads in 0.983 CPU sec, 0.127 real sec
[M::mem_process_seqs] Processed 1001 reads in 0.991 CPU sec, 0.130 real sec
303112 [main] INFO main.java.edu.mit.compbio.bisulfitehic.mapping.Bhmem  - Processing reads 909000 ...
303112 [main] INFO main.java.edu.mit.compbio.bisulfitehic.mapping.Bhmem  - Unique mapped and paired reads 900562 ...
303116 [main] INFO main.java.edu.mit.compbio.bisulfitehic.mapping.Bhmem  - Processing reads 910000 ...
303116 [main] INFO main.java.edu.mit.compbio.bisulfitehic.mapping.Bhmem  - Unique mapped and paired reads 900562 ...
[M::mem_process_seqs] Processed 1001 reads in 1.144 CPU sec, 0.148 real sec
[M::mem_process_seqs] Processed 1001 reads in 1.148 CPU sec, 0.147 real sec
[M::mem_process_seqs] Processed 1001 reads in 0.845 CPU sec, 0.108 real sec
[M::mem_process_seqs] Processed 1001 reads in 0.825 CPU sec, 0.113 real sec
303818 [main] INFO main.java.edu.mit.compbio.bisulfitehic.mapping.Bhmem  - Processing reads 911000 ...
303818 [main] INFO main.java.edu.mit.compbio.bisulfitehic.mapping.Bhmem  - Unique mapped and paired reads 902546 ...
303822 [main] INFO main.java.edu.mit.compbio.bisulfitehic.mapping.Bhmem  - Processing reads 912000 ...
303822 [main] INFO main.java.edu.mit.compbio.bisulfitehic.mapping.Bhmem  - Unique mapped and paired reads 902546 ...
[M::mem_process_seqs] Processed 1001 reads in 1.310 CPU sec, 0.165 real sec
[M::mem_process_seqs] Processed 1001 reads in 1.244 CPU sec, 0.156 real sec
[M::mem_process_seqs] Processed 1001 reads in 0.752 CPU sec, 0.101 real sec
[M::mem_process_seqs] Processed 1001 reads in 0.707 CPU sec, 0.096 real sec
304549 [main] INFO main.java.edu.mit.compbio.bisulfitehic.mapping.Bhmem  - Processing reads 913000 ...
304549 [main] INFO main.java.edu.mit.compbio.bisulfitehic.mapping.Bhmem  - Unique mapped and paired reads 904522 ...
304553 [main] INFO main.java.edu.mit.compbio.bisulfitehic.mapping.Bhmem  - Processing reads 914000 ...
304553 [main] INFO main.java.edu.mit.compbio.bisulfitehic.mapping.Bhmem  - Unique mapped and paired reads 904522 ...
[M::mem_process_seqs] Processed 1001 reads in 1.318 CPU sec, 0.169 real sec
[M::mem_process_seqs] Processed 1001 reads in 1.232 CPU sec, 0.155 real sec
[M::mem_process_seqs] Processed 1001 reads in 0.792 CPU sec, 0.113 real sec
[M::mem_process_seqs] Processed 1001 reads in 0.681 CPU sec, 0.087 real sec
305288 [main] INFO main.java.edu.mit.compbio.bisulfitehic.mapping.Bhmem  - Processing reads 915000 ...
305288 [main] INFO main.java.edu.mit.compbio.bisulfitehic.mapping.Bhmem  - Unique mapped and paired reads 906514 ...
305292 [main] INFO main.java.edu.mit.compbio.bisulfitehic.mapping.Bhmem  - Processing reads 916000 ...
305292 [main] INFO main.java.edu.mit.compbio.bisulfitehic.mapping.Bhmem  - Unique mapped and paired reads 906514 ...
[M::mem_process_seqs] Processed 1001 reads in 1.341 CPU sec, 0.169 real sec
[M::mem_process_seqs] Processed 1001 reads in 1.270 CPU sec, 0.160 real sec
[M::mem_process_seqs] Processed 1001 reads in 0.718 CPU sec, 0.094 real sec
[M::mem_process_seqs] Processed 1001 reads in 0.685 CPU sec, 0.088 real sec
306011 [main] INFO main.java.edu.mit.compbio.bisulfitehic.mapping.Bhmem  - Processing reads 917000 ...
306011 [main] INFO main.java.edu.mit.compbio.bisulfitehic.mapping.Bhmem  - Unique mapped and paired reads 908480 ...
306015 [main] INFO main.java.edu.mit.compbio.bisulfitehic.mapping.Bhmem  - Processing reads 918000 ...
306015 [main] INFO main.java.edu.mit.compbio.bisulfitehic.mapping.Bhmem  - Unique mapped and paired reads 908480 ...
[M::mem_process_seqs] Processed 1001 reads in 1.052 CPU sec, 0.133 real sec
[M::mem_process_seqs] Processed 1001 reads in 0.964 CPU sec, 0.122 real sec
[M::mem_process_seqs] Processed 1001 reads in 0.980 CPU sec, 0.135 real sec
[M::mem_process_seqs] Processed 1001 reads in 0.943 CPU sec, 0.119 real sec
306706 [main] INFO main.java.edu.mit.compbio.bisulfitehic.mapping.Bhmem  - Processing reads 919000 ...
306706 [main] INFO main.java.edu.mit.compbio.bisulfitehic.mapping.Bhmem  - Unique mapped and paired reads 910464 ...
306711 [main] INFO main.java.edu.mit.compbio.bisulfitehic.mapping.Bhmem  - Processing reads 920000 ...
306711 [main] INFO main.java.edu.mit.compbio.bisulfitehic.mapping.Bhmem  - Unique mapped and paired reads 910464 ...
[M::mem_process_seqs] Processed 1001 reads in 0.934 CPU sec, 0.122 real sec
[M::mem_process_seqs] Processed 1001 reads in 0.849 CPU sec, 0.120 real sec
[M::mem_process_seqs] Processed 1001 reads in 0.999 CPU sec, 0.134 real sec
[M::mem_process_seqs] Processed 1001 reads in 1.003 CPU sec, 0.129 real sec
307381 [main] INFO main.java.edu.mit.compbio.bisulfitehic.mapping.Bhmem  - Processing reads 921000 ...
307381 [main] INFO main.java.edu.mit.compbio.bisulfitehic.mapping.Bhmem  - Unique mapped and paired reads 912442 ...
307385 [main] INFO main.java.edu.mit.compbio.bisulfitehic.mapping.Bhmem  - Processing reads 922000 ...
307385 [main] INFO main.java.edu.mit.compbio.bisulfitehic.mapping.Bhmem  - Unique mapped and paired reads 912442 ...
[M::mem_process_seqs] Processed 1001 reads in 0.924 CPU sec, 0.129 real sec
[M::mem_process_seqs] Processed 1001 reads in 0.949 CPU sec, 0.123 real sec
[M::mem_process_seqs] Processed 1001 reads in 1.075 CPU sec, 0.147 real sec
[M::mem_process_seqs] Processed 1001 reads in 1.143 CPU sec, 0.155 real sec
308105 [main] INFO main.java.edu.mit.compbio.bisulfitehic.mapping.Bhmem  - Processing reads 923000 ...
308105 [main] INFO main.java.edu.mit.compbio.bisulfitehic.mapping.Bhmem  - Unique mapped and paired reads 914430 ...
308110 [main] INFO main.java.edu.mit.compbio.bisulfitehic.mapping.Bhmem  - Processing reads 924000 ...
308110 [main] INFO main.java.edu.mit.compbio.bisulfitehic.mapping.Bhmem  - Unique mapped and paired reads 914430 ...
[M::mem_process_seqs] Processed 1001 reads in 1.036 CPU sec, 0.136 real sec
[M::mem_process_seqs] Processed 1001 reads in 0.860 CPU sec, 0.111 real sec
[M::mem_process_seqs] Processed 1001 reads in 1.049 CPU sec, 0.139 real sec
[M::mem_process_seqs] Processed 1001 reads in 1.029 CPU sec, 0.130 real sec
308803 [main] INFO main.java.edu.mit.compbio.bisulfitehic.mapping.Bhmem  - Processing reads 925000 ...
308803 [main] INFO main.java.edu.mit.compbio.bisulfitehic.mapping.Bhmem  - Unique mapped and paired reads 916420 ...
308808 [main] INFO main.java.edu.mit.compbio.bisulfitehic.mapping.Bhmem  - Processing reads 926000 ...
308808 [main] INFO main.java.edu.mit.compbio.bisulfitehic.mapping.Bhmem  - Unique mapped and paired reads 916420 ...
[M::mem_process_seqs] Processed 1001 reads in 0.980 CPU sec, 0.126 real sec
[M::mem_process_seqs] Processed 1001 reads in 0.920 CPU sec, 0.121 real sec
[M::mem_process_seqs] Processed 1001 reads in 1.016 CPU sec, 0.131 real sec
[M::mem_process_seqs] Processed 1001 reads in 1.034 CPU sec, 0.147 real sec
309493 [main] INFO main.java.edu.mit.compbio.bisulfitehic.mapping.Bhmem  - Processing reads 927000 ...
309493 [main] INFO main.java.edu.mit.compbio.bisulfitehic.mapping.Bhmem  - Unique mapped and paired reads 918410 ...
309497 [main] INFO main.java.edu.mit.compbio.bisulfitehic.mapping.Bhmem  - Processing reads 928000 ...
309497 [main] INFO main.java.edu.mit.compbio.bisulfitehic.mapping.Bhmem  - Unique mapped and paired reads 918410 ...
[M::mem_process_seqs] Processed 1001 reads in 0.929 CPU sec, 0.118 real sec
[M::mem_process_seqs] Processed 1001 reads in 0.860 CPU sec, 0.120 real sec
[M::mem_process_seqs] Processed 1001 reads in 1.021 CPU sec, 0.129 real sec
[M::mem_process_seqs] Processed 1001 reads in 0.959 CPU sec, 0.122 real sec
310155 [main] INFO main.java.edu.mit.compbio.bisulfitehic.mapping.Bhmem  - Processing reads 929000 ...
310155 [main] INFO main.java.edu.mit.compbio.bisulfitehic.mapping.Bhmem  - Unique mapped and paired reads 920400 ...
310159 [main] INFO main.java.edu.mit.compbio.bisulfitehic.mapping.Bhmem  - Processing reads 930000 ...
310159 [main] INFO main.java.edu.mit.compbio.bisulfitehic.mapping.Bhmem  - Unique mapped and paired reads 920400 ...
[M::mem_process_seqs] Processed 1001 reads in 0.990 CPU sec, 0.145 real sec
[M::mem_process_seqs] Processed 1001 reads in 0.861 CPU sec, 0.110 real sec
[M::mem_process_seqs] Processed 1001 reads in 1.030 CPU sec, 0.133 real sec
[M::mem_process_seqs] Processed 1001 reads in 1.053 CPU sec, 0.138 real sec
310852 [main] INFO main.java.edu.mit.compbio.bisulfitehic.mapping.Bhmem  - Processing reads 931000 ...
310852 [main] INFO main.java.edu.mit.compbio.bisulfitehic.mapping.Bhmem  - Unique mapped and paired reads 922376 ...
310857 [main] INFO main.java.edu.mit.compbio.bisulfitehic.mapping.Bhmem  - Processing reads 932000 ...
310857 [main] INFO main.java.edu.mit.compbio.bisulfitehic.mapping.Bhmem  - Unique mapped and paired reads 922376 ...
[M::mem_process_seqs] Processed 1001 reads in 0.967 CPU sec, 0.123 real sec
[M::mem_process_seqs] Processed 1001 reads in 0.915 CPU sec, 0.117 real sec
[M::mem_process_seqs] Processed 1001 reads in 1.104 CPU sec, 0.145 real sec
[M::mem_process_seqs] Processed 1001 reads in 1.077 CPU sec, 0.137 real sec
311544 [main] INFO main.java.edu.mit.compbio.bisulfitehic.mapping.Bhmem  - Processing reads 933000 ...
311544 [main] INFO main.java.edu.mit.compbio.bisulfitehic.mapping.Bhmem  - Unique mapped and paired reads 924358 ...
311548 [main] INFO main.java.edu.mit.compbio.bisulfitehic.mapping.Bhmem  - Processing reads 934000 ...
311548 [main] INFO main.java.edu.mit.compbio.bisulfitehic.mapping.Bhmem  - Unique mapped and paired reads 924358 ...
[M::mem_process_seqs] Processed 1001 reads in 0.889 CPU sec, 0.116 real sec
[M::mem_process_seqs] Processed 1001 reads in 0.820 CPU sec, 0.107 real sec
[M::mem_process_seqs] Processed 1001 reads in 1.000 CPU sec, 0.133 real sec
[M::mem_process_seqs] Processed 1001 reads in 0.996 CPU sec, 0.137 real sec
312205 [main] INFO main.java.edu.mit.compbio.bisulfitehic.mapping.Bhmem  - Processing reads 935000 ...
312206 [main] INFO main.java.edu.mit.compbio.bisulfitehic.mapping.Bhmem  - Unique mapped and paired reads 926340 ...
312210 [main] INFO main.java.edu.mit.compbio.bisulfitehic.mapping.Bhmem  - Processing reads 936000 ...
312210 [main] INFO main.java.edu.mit.compbio.bisulfitehic.mapping.Bhmem  - Unique mapped and paired reads 926340 ...
[M::mem_process_seqs] Processed 1001 reads in 1.000 CPU sec, 0.143 real sec
[M::mem_process_seqs] Processed 1001 reads in 0.938 CPU sec, 0.118 real sec
[M::mem_process_seqs] Processed 1001 reads in 0.988 CPU sec, 0.126 real sec
[M::mem_process_seqs] Processed 1001 reads in 0.974 CPU sec, 0.123 real sec
312886 [main] INFO main.java.edu.mit.compbio.bisulfitehic.mapping.Bhmem  - Processing reads 937000 ...
312886 [main] INFO main.java.edu.mit.compbio.bisulfitehic.mapping.Bhmem  - Unique mapped and paired reads 928326 ...
312890 [main] INFO main.java.edu.mit.compbio.bisulfitehic.mapping.Bhmem  - Processing reads 938000 ...
312890 [main] INFO main.java.edu.mit.compbio.bisulfitehic.mapping.Bhmem  - Unique mapped and paired reads 928326 ...
[M::mem_process_seqs] Processed 1001 reads in 0.975 CPU sec, 0.126 real sec
[M::mem_process_seqs] Processed 1001 reads in 0.811 CPU sec, 0.105 real sec
[M::mem_process_seqs] Processed 1001 reads in 0.970 CPU sec, 0.129 real sec
[M::mem_process_seqs] Processed 1001 reads in 0.942 CPU sec, 0.123 real sec
313538 [main] INFO main.java.edu.mit.compbio.bisulfitehic.mapping.Bhmem  - Processing reads 939000 ...
313539 [main] INFO main.java.edu.mit.compbio.bisulfitehic.mapping.Bhmem  - Unique mapped and paired reads 930312 ...
313543 [main] INFO main.java.edu.mit.compbio.bisulfitehic.mapping.Bhmem  - Processing reads 940000 ...
313543 [main] INFO main.java.edu.mit.compbio.bisulfitehic.mapping.Bhmem  - Unique mapped and paired reads 930312 ...
[M::mem_process_seqs] Processed 1001 reads in 0.968 CPU sec, 0.123 real sec
[M::mem_process_seqs] Processed 1001 reads in 0.876 CPU sec, 0.119 real sec
[M::mem_process_seqs] Processed 1001 reads in 1.090 CPU sec, 0.138 real sec
[M::mem_process_seqs] Processed 1001 reads in 1.042 CPU sec, 0.141 real sec
314231 [main] INFO main.java.edu.mit.compbio.bisulfitehic.mapping.Bhmem  - Processing reads 941000 ...
314231 [main] INFO main.java.edu.mit.compbio.bisulfitehic.mapping.Bhmem  - Unique mapped and paired reads 932300 ...
314235 [main] INFO main.java.edu.mit.compbio.bisulfitehic.mapping.Bhmem  - Processing reads 942000 ...
314235 [main] INFO main.java.edu.mit.compbio.bisulfitehic.mapping.Bhmem  - Unique mapped and paired reads 932300 ...
[M::mem_process_seqs] Processed 1001 reads in 1.007 CPU sec, 0.127 real sec
[M::mem_process_seqs] Processed 1001 reads in 0.919 CPU sec, 0.122 real sec
[M::mem_process_seqs] Processed 1001 reads in 1.093 CPU sec, 0.152 real sec
[M::mem_process_seqs] Processed 1001 reads in 1.056 CPU sec, 0.140 real sec
314941 [main] INFO main.java.edu.mit.compbio.bisulfitehic.mapping.Bhmem  - Processing reads 943000 ...
314941 [main] INFO main.java.edu.mit.compbio.bisulfitehic.mapping.Bhmem  - Unique mapped and paired reads 934286 ...
314945 [main] INFO main.java.edu.mit.compbio.bisulfitehic.mapping.Bhmem  - Processing reads 944000 ...
314945 [main] INFO main.java.edu.mit.compbio.bisulfitehic.mapping.Bhmem  - Unique mapped and paired reads 934286 ...
[M::mem_process_seqs] Processed 1001 reads in 0.928 CPU sec, 0.121 real sec
[M::mem_process_seqs] Processed 1001 reads in 0.814 CPU sec, 0.103 real sec
[M::mem_process_seqs] Processed 1001 reads in 1.019 CPU sec, 0.156 real sec
[M::mem_process_seqs] Processed 1001 reads in 0.950 CPU sec, 0.125 real sec
315623 [main] INFO main.java.edu.mit.compbio.bisulfitehic.mapping.Bhmem  - Processing reads 945000 ...
315623 [main] INFO main.java.edu.mit.compbio.bisulfitehic.mapping.Bhmem  - Unique mapped and paired reads 936276 ...
315627 [main] INFO main.java.edu.mit.compbio.bisulfitehic.mapping.Bhmem  - Processing reads 946000 ...
315627 [main] INFO main.java.edu.mit.compbio.bisulfitehic.mapping.Bhmem  - Unique mapped and paired reads 936276 ...
[M::mem_process_seqs] Processed 1001 reads in 1.017 CPU sec, 0.134 real sec
[M::mem_process_seqs] Processed 1001 reads in 0.843 CPU sec, 0.109 real sec
[M::mem_process_seqs] Processed 1001 reads in 1.047 CPU sec, 0.132 real sec
[M::mem_process_seqs] Processed 1001 reads in 1.021 CPU sec, 0.129 real sec
316299 [main] INFO main.java.edu.mit.compbio.bisulfitehic.mapping.Bhmem  - Processing reads 947000 ...
316299 [main] INFO main.java.edu.mit.compbio.bisulfitehic.mapping.Bhmem  - Unique mapped and paired reads 938256 ...
316303 [main] INFO main.java.edu.mit.compbio.bisulfitehic.mapping.Bhmem  - Processing reads 948000 ...
316303 [main] INFO main.java.edu.mit.compbio.bisulfitehic.mapping.Bhmem  - Unique mapped and paired reads 938256 ...
[M::mem_process_seqs] Processed 1001 reads in 0.943 CPU sec, 0.119 real sec
[M::mem_process_seqs] Processed 1001 reads in 0.939 CPU sec, 0.127 real sec
[M::mem_process_seqs] Processed 1001 reads in 1.060 CPU sec, 0.135 real sec
[M::mem_process_seqs] Processed 1001 reads in 1.126 CPU sec, 0.144 real sec
317018 [main] INFO main.java.edu.mit.compbio.bisulfitehic.mapping.Bhmem  - Processing reads 949000 ...
317018 [main] INFO main.java.edu.mit.compbio.bisulfitehic.mapping.Bhmem  - Unique mapped and paired reads 940242 ...
317022 [main] INFO main.java.edu.mit.compbio.bisulfitehic.mapping.Bhmem  - Processing reads 950000 ...
317022 [main] INFO main.java.edu.mit.compbio.bisulfitehic.mapping.Bhmem  - Unique mapped and paired reads 940242 ...
[M::mem_process_seqs] Processed 1001 reads in 0.984 CPU sec, 0.125 real sec
[M::mem_process_seqs] Processed 1001 reads in 0.869 CPU sec, 0.110 real sec
[M::mem_process_seqs] Processed 1001 reads in 1.062 CPU sec, 0.135 real sec
[M::mem_process_seqs] Processed 1001 reads in 1.090 CPU sec, 0.148 real sec
317708 [main] INFO main.java.edu.mit.compbio.bisulfitehic.mapping.Bhmem  - Processing reads 951000 ...
317708 [main] INFO main.java.edu.mit.compbio.bisulfitehic.mapping.Bhmem  - Unique mapped and paired reads 942230 ...
317712 [main] INFO main.java.edu.mit.compbio.bisulfitehic.mapping.Bhmem  - Processing reads 952000 ...
317712 [main] INFO main.java.edu.mit.compbio.bisulfitehic.mapping.Bhmem  - Unique mapped and paired reads 942230 ...
[M::mem_process_seqs] Processed 1001 reads in 0.989 CPU sec, 0.131 real sec
[M::mem_process_seqs] Processed 1001 reads in 0.929 CPU sec, 0.118 real sec
[M::mem_process_seqs] Processed 1001 reads in 1.105 CPU sec, 0.142 real sec
[M::mem_process_seqs] Processed 1001 reads in 1.167 CPU sec, 0.162 real sec
318439 [main] INFO main.java.edu.mit.compbio.bisulfitehic.mapping.Bhmem  - Processing reads 953000 ...
318439 [main] INFO main.java.edu.mit.compbio.bisulfitehic.mapping.Bhmem  - Unique mapped and paired reads 944216 ...
318444 [main] INFO main.java.edu.mit.compbio.bisulfitehic.mapping.Bhmem  - Processing reads 954000 ...
318444 [main] INFO main.java.edu.mit.compbio.bisulfitehic.mapping.Bhmem  - Unique mapped and paired reads 944216 ...
[M::mem_process_seqs] Processed 1001 reads in 0.980 CPU sec, 0.124 real sec
[M::mem_process_seqs] Processed 1001 reads in 0.946 CPU sec, 0.126 real sec
[M::mem_process_seqs] Processed 1001 reads in 1.206 CPU sec, 0.155 real sec
[M::mem_process_seqs] Processed 1001 reads in 1.170 CPU sec, 0.155 real sec
319174 [main] INFO main.java.edu.mit.compbio.bisulfitehic.mapping.Bhmem  - Processing reads 955000 ...
319174 [main] INFO main.java.edu.mit.compbio.bisulfitehic.mapping.Bhmem  - Unique mapped and paired reads 946202 ...
319178 [main] INFO main.java.edu.mit.compbio.bisulfitehic.mapping.Bhmem  - Processing reads 956000 ...
319178 [main] INFO main.java.edu.mit.compbio.bisulfitehic.mapping.Bhmem  - Unique mapped and paired reads 946202 ...
[M::mem_process_seqs] Processed 1001 reads in 0.945 CPU sec, 0.120 real sec
[M::mem_process_seqs] Processed 1001 reads in 0.929 CPU sec, 0.121 real sec
[M::mem_process_seqs] Processed 1001 reads in 1.163 CPU sec, 0.168 real sec
[M::mem_process_seqs] Processed 1001 reads in 1.201 CPU sec, 0.153 real sec
319920 [main] INFO main.java.edu.mit.compbio.bisulfitehic.mapping.Bhmem  - Processing reads 957000 ...
319920 [main] INFO main.java.edu.mit.compbio.bisulfitehic.mapping.Bhmem  - Unique mapped and paired reads 948186 ...
319924 [main] INFO main.java.edu.mit.compbio.bisulfitehic.mapping.Bhmem  - Processing reads 958000 ...
319924 [main] INFO main.java.edu.mit.compbio.bisulfitehic.mapping.Bhmem  - Unique mapped and paired reads 948186 ...
[M::mem_process_seqs] Processed 1001 reads in 1.069 CPU sec, 0.136 real sec
[M::mem_process_seqs] Processed 1001 reads in 0.932 CPU sec, 0.118 real sec
[M::mem_process_seqs] Processed 1001 reads in 1.210 CPU sec, 0.161 real sec
[M::mem_process_seqs] Processed 1001 reads in 1.095 CPU sec, 0.148 real sec
320660 [main] INFO main.java.edu.mit.compbio.bisulfitehic.mapping.Bhmem  - Processing reads 959000 ...
320660 [main] INFO main.java.edu.mit.compbio.bisulfitehic.mapping.Bhmem  - Unique mapped and paired reads 950174 ...
320664 [main] INFO main.java.edu.mit.compbio.bisulfitehic.mapping.Bhmem  - Processing reads 960000 ...
320664 [main] INFO main.java.edu.mit.compbio.bisulfitehic.mapping.Bhmem  - Unique mapped and paired reads 950174 ...
[M::mem_process_seqs] Processed 1001 reads in 0.971 CPU sec, 0.124 real sec
[M::mem_process_seqs] Processed 1001 reads in 0.905 CPU sec, 0.117 real sec
[M::mem_process_seqs] Processed 1001 reads in 1.140 CPU sec, 0.150 real sec
[M::mem_process_seqs] Processed 1001 reads in 1.024 CPU sec, 0.138 real sec
321368 [main] INFO main.java.edu.mit.compbio.bisulfitehic.mapping.Bhmem  - Processing reads 961000 ...
321368 [main] INFO main.java.edu.mit.compbio.bisulfitehic.mapping.Bhmem  - Unique mapped and paired reads 952166 ...
321372 [main] INFO main.java.edu.mit.compbio.bisulfitehic.mapping.Bhmem  - Processing reads 962000 ...
321372 [main] INFO main.java.edu.mit.compbio.bisulfitehic.mapping.Bhmem  - Unique mapped and paired reads 952166 ...
[M::mem_process_seqs] Processed 1001 reads in 1.058 CPU sec, 0.135 real sec
[M::mem_process_seqs] Processed 1001 reads in 0.960 CPU sec, 0.123 real sec
[M::mem_process_seqs] Processed 1001 reads in 1.228 CPU sec, 0.164 real sec
[M::mem_process_seqs] Processed 1001 reads in 1.238 CPU sec, 0.165 real sec
322135 [main] INFO main.java.edu.mit.compbio.bisulfitehic.mapping.Bhmem  - Processing reads 963000 ...
322135 [main] INFO main.java.edu.mit.compbio.bisulfitehic.mapping.Bhmem  - Unique mapped and paired reads 954152 ...
322139 [main] INFO main.java.edu.mit.compbio.bisulfitehic.mapping.Bhmem  - Processing reads 964000 ...
322139 [main] INFO main.java.edu.mit.compbio.bisulfitehic.mapping.Bhmem  - Unique mapped and paired reads 954152 ...
[M::mem_process_seqs] Processed 1001 reads in 1.012 CPU sec, 0.130 real sec
[M::mem_process_seqs] Processed 1001 reads in 0.945 CPU sec, 0.122 real sec
[M::mem_process_seqs] Processed 1001 reads in 1.142 CPU sec, 0.148 real sec
[M::mem_process_seqs] Processed 1001 reads in 1.236 CPU sec, 0.157 real sec
322871 [main] INFO main.java.edu.mit.compbio.bisulfitehic.mapping.Bhmem  - Processing reads 965000 ...
322871 [main] INFO main.java.edu.mit.compbio.bisulfitehic.mapping.Bhmem  - Unique mapped and paired reads 956142 ...
322875 [main] INFO main.java.edu.mit.compbio.bisulfitehic.mapping.Bhmem  - Processing reads 966000 ...
322875 [main] INFO main.java.edu.mit.compbio.bisulfitehic.mapping.Bhmem  - Unique mapped and paired reads 956142 ...
[M::mem_process_seqs] Processed 1001 reads in 1.025 CPU sec, 0.131 real sec
[M::mem_process_seqs] Processed 1001 reads in 0.955 CPU sec, 0.121 real sec
[M::mem_process_seqs] Processed 1001 reads in 1.162 CPU sec, 0.149 real sec
[M::mem_process_seqs] Processed 1001 reads in 1.114 CPU sec, 0.141 real sec
323593 [main] INFO main.java.edu.mit.compbio.bisulfitehic.mapping.Bhmem  - Processing reads 967000 ...
323593 [main] INFO main.java.edu.mit.compbio.bisulfitehic.mapping.Bhmem  - Unique mapped and paired reads 958128 ...
323598 [main] INFO main.java.edu.mit.compbio.bisulfitehic.mapping.Bhmem  - Processing reads 968000 ...
323598 [main] INFO main.java.edu.mit.compbio.bisulfitehic.mapping.Bhmem  - Unique mapped and paired reads 958128 ...
[M::mem_process_seqs] Processed 1001 reads in 0.984 CPU sec, 0.127 real sec
[M::mem_process_seqs] Processed 1001 reads in 0.892 CPU sec, 0.114 real sec
[M::mem_process_seqs] Processed 1001 reads in 1.216 CPU sec, 0.156 real sec
[M::mem_process_seqs] Processed 1001 reads in 1.089 CPU sec, 0.138 real sec
324307 [main] INFO main.java.edu.mit.compbio.bisulfitehic.mapping.Bhmem  - Processing reads 969000 ...
324307 [main] INFO main.java.edu.mit.compbio.bisulfitehic.mapping.Bhmem  - Unique mapped and paired reads 960104 ...
324311 [main] INFO main.java.edu.mit.compbio.bisulfitehic.mapping.Bhmem  - Processing reads 970000 ...
324311 [main] INFO main.java.edu.mit.compbio.bisulfitehic.mapping.Bhmem  - Unique mapped and paired reads 960104 ...
[M::mem_process_seqs] Processed 1001 reads in 1.073 CPU sec, 0.141 real sec
[M::mem_process_seqs] Processed 1001 reads in 0.907 CPU sec, 0.116 real sec
[M::mem_process_seqs] Processed 1001 reads in 1.198 CPU sec, 0.159 real sec
[M::mem_process_seqs] Processed 1001 reads in 1.198 CPU sec, 0.153 real sec
325058 [main] INFO main.java.edu.mit.compbio.bisulfitehic.mapping.Bhmem  - Processing reads 971000 ...
325058 [main] INFO main.java.edu.mit.compbio.bisulfitehic.mapping.Bhmem  - Unique mapped and paired reads 962088 ...
325062 [main] INFO main.java.edu.mit.compbio.bisulfitehic.mapping.Bhmem  - Processing reads 972000 ...
325062 [main] INFO main.java.edu.mit.compbio.bisulfitehic.mapping.Bhmem  - Unique mapped and paired reads 962088 ...
[M::mem_process_seqs] Processed 1001 reads in 1.025 CPU sec, 0.130 real sec
[M::mem_process_seqs] Processed 1001 reads in 0.968 CPU sec, 0.126 real sec
[M::mem_process_seqs] Processed 1001 reads in 1.111 CPU sec, 0.163 real sec
[M::mem_process_seqs] Processed 1001 reads in 1.224 CPU sec, 0.155 real sec
325812 [main] INFO main.java.edu.mit.compbio.bisulfitehic.mapping.Bhmem  - Processing reads 973000 ...
325812 [main] INFO main.java.edu.mit.compbio.bisulfitehic.mapping.Bhmem  - Unique mapped and paired reads 964082 ...
325816 [main] INFO main.java.edu.mit.compbio.bisulfitehic.mapping.Bhmem  - Processing reads 974000 ...
325816 [main] INFO main.java.edu.mit.compbio.bisulfitehic.mapping.Bhmem  - Unique mapped and paired reads 964082 ...
[M::mem_process_seqs] Processed 1001 reads in 1.035 CPU sec, 0.134 real sec
[M::mem_process_seqs] Processed 1001 reads in 0.910 CPU sec, 0.114 real sec
[M::mem_process_seqs] Processed 1001 reads in 1.110 CPU sec, 0.147 real sec
[M::mem_process_seqs] Processed 1001 reads in 1.034 CPU sec, 0.140 real sec
326526 [main] INFO main.java.edu.mit.compbio.bisulfitehic.mapping.Bhmem  - Processing reads 975000 ...
326526 [main] INFO main.java.edu.mit.compbio.bisulfitehic.mapping.Bhmem  - Unique mapped and paired reads 966066 ...
326530 [main] INFO main.java.edu.mit.compbio.bisulfitehic.mapping.Bhmem  - Processing reads 976000 ...
326530 [main] INFO main.java.edu.mit.compbio.bisulfitehic.mapping.Bhmem  - Unique mapped and paired reads 966066 ...
[M::mem_process_seqs] Processed 1001 reads in 0.951 CPU sec, 0.121 real sec
[M::mem_process_seqs] Processed 1001 reads in 0.892 CPU sec, 0.113 real sec
[M::mem_process_seqs] Processed 1001 reads in 1.082 CPU sec, 0.140 real sec
[M::mem_process_seqs] Processed 1001 reads in 1.046 CPU sec, 0.132 real sec
327214 [main] INFO main.java.edu.mit.compbio.bisulfitehic.mapping.Bhmem  - Processing reads 977000 ...
327214 [main] INFO main.java.edu.mit.compbio.bisulfitehic.mapping.Bhmem  - Unique mapped and paired reads 968052 ...
327218 [main] INFO main.java.edu.mit.compbio.bisulfitehic.mapping.Bhmem  - Processing reads 978000 ...
327218 [main] INFO main.java.edu.mit.compbio.bisulfitehic.mapping.Bhmem  - Unique mapped and paired reads 968052 ...
[M::mem_process_seqs] Processed 1001 reads in 0.944 CPU sec, 0.120 real sec
[M::mem_process_seqs] Processed 1001 reads in 0.855 CPU sec, 0.118 real sec
[M::mem_process_seqs] Processed 1001 reads in 1.023 CPU sec, 0.139 real sec
[M::mem_process_seqs] Processed 1001 reads in 1.059 CPU sec, 0.147 real sec
327917 [main] INFO main.java.edu.mit.compbio.bisulfitehic.mapping.Bhmem  - Processing reads 979000 ...
327917 [main] INFO main.java.edu.mit.compbio.bisulfitehic.mapping.Bhmem  - Unique mapped and paired reads 970032 ...
327921 [main] INFO main.java.edu.mit.compbio.bisulfitehic.mapping.Bhmem  - Processing reads 980000 ...
327921 [main] INFO main.java.edu.mit.compbio.bisulfitehic.mapping.Bhmem  - Unique mapped and paired reads 970032 ...
[M::mem_process_seqs] Processed 1001 reads in 1.055 CPU sec, 0.138 real sec
[M::mem_process_seqs] Processed 1001 reads in 0.977 CPU sec, 0.126 real sec
[M::mem_process_seqs] Processed 1001 reads in 1.214 CPU sec, 0.164 real sec
[M::mem_process_seqs] Processed 1001 reads in 1.142 CPU sec, 0.146 real sec
328673 [main] INFO main.java.edu.mit.compbio.bisulfitehic.mapping.Bhmem  - Processing reads 981000 ...
328673 [main] INFO main.java.edu.mit.compbio.bisulfitehic.mapping.Bhmem  - Unique mapped and paired reads 972014 ...
328678 [main] INFO main.java.edu.mit.compbio.bisulfitehic.mapping.Bhmem  - Processing reads 982000 ...
328678 [main] INFO main.java.edu.mit.compbio.bisulfitehic.mapping.Bhmem  - Unique mapped and paired reads 972014 ...
[M::mem_process_seqs] Processed 1001 reads in 1.026 CPU sec, 0.131 real sec
[M::mem_process_seqs] Processed 1001 reads in 0.953 CPU sec, 0.125 real sec
[M::mem_process_seqs] Processed 1001 reads in 1.282 CPU sec, 0.163 real sec
[M::mem_process_seqs] Processed 1001 reads in 1.194 CPU sec, 0.152 real sec
329431 [main] INFO main.java.edu.mit.compbio.bisulfitehic.mapping.Bhmem  - Processing reads 983000 ...
329431 [main] INFO main.java.edu.mit.compbio.bisulfitehic.mapping.Bhmem  - Unique mapped and paired reads 974006 ...
329435 [main] INFO main.java.edu.mit.compbio.bisulfitehic.mapping.Bhmem  - Processing reads 984000 ...
329435 [main] INFO main.java.edu.mit.compbio.bisulfitehic.mapping.Bhmem  - Unique mapped and paired reads 974006 ...
[M::mem_process_seqs] Processed 1001 reads in 1.035 CPU sec, 0.137 real sec
[M::mem_process_seqs] Processed 1001 reads in 0.930 CPU sec, 0.123 real sec
[M::mem_process_seqs] Processed 1001 reads in 1.120 CPU sec, 0.144 real sec
[M::mem_process_seqs] Processed 1001 reads in 1.227 CPU sec, 0.166 real sec
330186 [main] INFO main.java.edu.mit.compbio.bisulfitehic.mapping.Bhmem  - Processing reads 985000 ...
330187 [main] INFO main.java.edu.mit.compbio.bisulfitehic.mapping.Bhmem  - Unique mapped and paired reads 975990 ...
330191 [main] INFO main.java.edu.mit.compbio.bisulfitehic.mapping.Bhmem  - Processing reads 986000 ...
330191 [main] INFO main.java.edu.mit.compbio.bisulfitehic.mapping.Bhmem  - Unique mapped and paired reads 975990 ...
[M::mem_process_seqs] Processed 1001 reads in 1.083 CPU sec, 0.137 real sec
[M::mem_process_seqs] Processed 1001 reads in 0.945 CPU sec, 0.120 real sec
[M::mem_process_seqs] Processed 1001 reads in 1.114 CPU sec, 0.143 real sec
[M::mem_process_seqs] Processed 1001 reads in 1.226 CPU sec, 0.155 real sec
330931 [main] INFO main.java.edu.mit.compbio.bisulfitehic.mapping.Bhmem  - Processing reads 987000 ...
330931 [main] INFO main.java.edu.mit.compbio.bisulfitehic.mapping.Bhmem  - Unique mapped and paired reads 977988 ...
330935 [main] INFO main.java.edu.mit.compbio.bisulfitehic.mapping.Bhmem  - Processing reads 988000 ...
330935 [main] INFO main.java.edu.mit.compbio.bisulfitehic.mapping.Bhmem  - Unique mapped and paired reads 977988 ...
[M::mem_process_seqs] Processed 1001 reads in 1.067 CPU sec, 0.135 real sec
[M::mem_process_seqs] Processed 1001 reads in 0.956 CPU sec, 0.127 real sec
[M::mem_process_seqs] Processed 1001 reads in 1.188 CPU sec, 0.152 real sec
[M::mem_process_seqs] Processed 1001 reads in 1.227 CPU sec, 0.158 real sec
331692 [main] INFO main.java.edu.mit.compbio.bisulfitehic.mapping.Bhmem  - Processing reads 989000 ...
331692 [main] INFO main.java.edu.mit.compbio.bisulfitehic.mapping.Bhmem  - Unique mapped and paired reads 979978 ...
331696 [main] INFO main.java.edu.mit.compbio.bisulfitehic.mapping.Bhmem  - Processing reads 990000 ...
331696 [main] INFO main.java.edu.mit.compbio.bisulfitehic.mapping.Bhmem  - Unique mapped and paired reads 979978 ...
[M::mem_process_seqs] Processed 1001 reads in 0.975 CPU sec, 0.123 real sec
[M::mem_process_seqs] Processed 1001 reads in 0.930 CPU sec, 0.126 real sec
[M::mem_process_seqs] Processed 1001 reads in 1.178 CPU sec, 0.151 real sec
[M::mem_process_seqs] Processed 1001 reads in 1.191 CPU sec, 0.151 real sec
332429 [main] INFO main.java.edu.mit.compbio.bisulfitehic.mapping.Bhmem  - Processing reads 991000 ...
332429 [main] INFO main.java.edu.mit.compbio.bisulfitehic.mapping.Bhmem  - Unique mapped and paired reads 981964 ...
332433 [main] INFO main.java.edu.mit.compbio.bisulfitehic.mapping.Bhmem  - Processing reads 992000 ...
332433 [main] INFO main.java.edu.mit.compbio.bisulfitehic.mapping.Bhmem  - Unique mapped and paired reads 981964 ...
[M::mem_process_seqs] Processed 1001 reads in 0.980 CPU sec, 0.124 real sec
[M::mem_process_seqs] Processed 1001 reads in 1.001 CPU sec, 0.126 real sec
[M::mem_process_seqs] Processed 1001 reads in 1.157 CPU sec, 0.150 real sec
[M::mem_process_seqs] Processed 1001 reads in 1.173 CPU sec, 0.150 real sec
333164 [main] INFO main.java.edu.mit.compbio.bisulfitehic.mapping.Bhmem  - Processing reads 993000 ...
333164 [main] INFO main.java.edu.mit.compbio.bisulfitehic.mapping.Bhmem  - Unique mapped and paired reads 983942 ...
333168 [main] INFO main.java.edu.mit.compbio.bisulfitehic.mapping.Bhmem  - Processing reads 994000 ...
333168 [main] INFO main.java.edu.mit.compbio.bisulfitehic.mapping.Bhmem  - Unique mapped and paired reads 983942 ...
[M::mem_process_seqs] Processed 1001 reads in 1.045 CPU sec, 0.132 real sec
[M::mem_process_seqs] Processed 1001 reads in 1.043 CPU sec, 0.133 real sec
[M::mem_process_seqs] Processed 1001 reads in 1.297 CPU sec, 0.166 real sec
[M::mem_process_seqs] Processed 1001 reads in 1.240 CPU sec, 0.168 real sec
333953 [main] INFO main.java.edu.mit.compbio.bisulfitehic.mapping.Bhmem  - Processing reads 995000 ...
333953 [main] INFO main.java.edu.mit.compbio.bisulfitehic.mapping.Bhmem  - Unique mapped and paired reads 985934 ...
333957 [main] INFO main.java.edu.mit.compbio.bisulfitehic.mapping.Bhmem  - Processing reads 996000 ...
333957 [main] INFO main.java.edu.mit.compbio.bisulfitehic.mapping.Bhmem  - Unique mapped and paired reads 985934 ...
[M::mem_process_seqs] Processed 1001 reads in 0.936 CPU sec, 0.124 real sec
[M::mem_process_seqs] Processed 1001 reads in 0.868 CPU sec, 0.112 real sec
[M::mem_process_seqs] Processed 1001 reads in 1.056 CPU sec, 0.150 real sec
[M::mem_process_seqs] Processed 1001 reads in 1.104 CPU sec, 0.142 real sec
334646 [main] INFO main.java.edu.mit.compbio.bisulfitehic.mapping.Bhmem  - Processing reads 997000 ...
334646 [main] INFO main.java.edu.mit.compbio.bisulfitehic.mapping.Bhmem  - Unique mapped and paired reads 987926 ...
334650 [main] INFO main.java.edu.mit.compbio.bisulfitehic.mapping.Bhmem  - Processing reads 998000 ...
334650 [main] INFO main.java.edu.mit.compbio.bisulfitehic.mapping.Bhmem  - Unique mapped and paired reads 987926 ...
[M::mem_process_seqs] Processed 1001 reads in 0.837 CPU sec, 0.106 real sec
[M::mem_process_seqs] Processed 1001 reads in 0.762 CPU sec, 0.101 real sec
[M::mem_process_seqs] Processed 1001 reads in 0.991 CPU sec, 0.132 real sec
[M::mem_process_seqs] Processed 1001 reads in 0.962 CPU sec, 0.126 real sec
335269 [main] INFO main.java.edu.mit.compbio.bisulfitehic.mapping.Bhmem  - Processing reads 999000 ...
335269 [main] INFO main.java.edu.mit.compbio.bisulfitehic.mapping.Bhmem  - Unique mapped and paired reads 989902 ...
335273 [main] INFO main.java.edu.mit.compbio.bisulfitehic.mapping.Bhmem  - Processing reads 1000000 ...
335273 [main] INFO main.java.edu.mit.compbio.bisulfitehic.mapping.Bhmem  - Unique mapped and paired reads 989902 ...
335277 [main] INFO main.java.edu.mit.compbio.bisulfitehic.mapping.Bhmem  - Processing reads 1001000 ...
335277 [main] INFO main.java.edu.mit.compbio.bisulfitehic.mapping.Bhmem  - Unique mapped and paired reads 989902 ...
[M::mem_process_seqs] Processed 1001 reads in 0.860 CPU sec, 0.113 real sec
[M::mem_process_seqs] Processed 1001 reads in 0.777 CPU sec, 0.099 real sec
[M::mem_process_seqs] Processed 1001 reads in 0.917 CPU sec, 0.117 real sec
[M::mem_process_seqs] Processed 1001 reads in 0.937 CPU sec, 0.124 real sec
335884 [main] INFO main.java.edu.mit.compbio.bisulfitehic.mapping.Bhmem  - Processing reads 1002000 ...
335884 [main] INFO main.java.edu.mit.compbio.bisulfitehic.mapping.Bhmem  - Unique mapped and paired reads 991890 ...
335888 [main] INFO main.java.edu.mit.compbio.bisulfitehic.mapping.Bhmem  - Processing reads 1003000 ...
335888 [main] INFO main.java.edu.mit.compbio.bisulfitehic.mapping.Bhmem  - Unique mapped and paired reads 991890 ...
[M::mem_process_seqs] Processed 1001 reads in 0.876 CPU sec, 0.123 real sec
[M::mem_process_seqs] Processed 1001 reads in 0.748 CPU sec, 0.100 real sec
[M::mem_process_seqs] Processed 1001 reads in 0.916 CPU sec, 0.126 real sec
[M::mem_process_seqs] Processed 1001 reads in 0.848 CPU sec, 0.117 real sec
336504 [main] INFO main.java.edu.mit.compbio.bisulfitehic.mapping.Bhmem  - Processing reads 1004000 ...
336504 [main] INFO main.java.edu.mit.compbio.bisulfitehic.mapping.Bhmem  - Unique mapped and paired reads 993872 ...
336508 [main] INFO main.java.edu.mit.compbio.bisulfitehic.mapping.Bhmem  - Processing reads 1005000 ...
336508 [main] INFO main.java.edu.mit.compbio.bisulfitehic.mapping.Bhmem  - Unique mapped and paired reads 993872 ...
[M::mem_process_seqs] Processed 1001 reads in 0.817 CPU sec, 0.106 real sec
[M::mem_process_seqs] Processed 1001 reads in 0.800 CPU sec, 0.103 real sec
[M::mem_process_seqs] Processed 1001 reads in 0.944 CPU sec, 0.131 real sec
[M::mem_process_seqs] Processed 1001 reads in 0.860 CPU sec, 0.110 real sec
337115 [main] INFO main.java.edu.mit.compbio.bisulfitehic.mapping.Bhmem  - Processing reads 1006000 ...
337115 [main] INFO main.java.edu.mit.compbio.bisulfitehic.mapping.Bhmem  - Unique mapped and paired reads 995850 ...
337119 [main] INFO main.java.edu.mit.compbio.bisulfitehic.mapping.Bhmem  - Processing reads 1007000 ...
337119 [main] INFO main.java.edu.mit.compbio.bisulfitehic.mapping.Bhmem  - Unique mapped and paired reads 995850 ...
[M::mem_process_seqs] Processed 1001 reads in 0.833 CPU sec, 0.106 real sec
[M::mem_process_seqs] Processed 1001 reads in 0.700 CPU sec, 0.092 real sec
[M::mem_process_seqs] Processed 1001 reads in 0.925 CPU sec, 0.138 real sec
[M::mem_process_seqs] Processed 1001 reads in 0.824 CPU sec, 0.115 real sec
337714 [main] INFO main.java.edu.mit.compbio.bisulfitehic.mapping.Bhmem  - Processing reads 1008000 ...
337714 [main] INFO main.java.edu.mit.compbio.bisulfitehic.mapping.Bhmem  - Unique mapped and paired reads 997836 ...
337718 [main] INFO main.java.edu.mit.compbio.bisulfitehic.mapping.Bhmem  - Processing reads 1009000 ...
337718 [main] INFO main.java.edu.mit.compbio.bisulfitehic.mapping.Bhmem  - Unique mapped and paired reads 997836 ...
[M::mem_process_seqs] Processed 1001 reads in 0.839 CPU sec, 0.111 real sec
[M::mem_process_seqs] Processed 1001 reads in 0.748 CPU sec, 0.097 real sec
[M::mem_process_seqs] Processed 1001 reads in 0.867 CPU sec, 0.111 real sec
[M::mem_process_seqs] Processed 1001 reads in 0.841 CPU sec, 0.108 real sec
338295 [main] INFO main.java.edu.mit.compbio.bisulfitehic.mapping.Bhmem  - Processing reads 1010000 ...
338295 [main] INFO main.java.edu.mit.compbio.bisulfitehic.mapping.Bhmem  - Unique mapped and paired reads 999822 ...
338298 [main] INFO main.java.edu.mit.compbio.bisulfitehic.mapping.Bhmem  - Processing reads 1011000 ...
338298 [main] INFO main.java.edu.mit.compbio.bisulfitehic.mapping.Bhmem  - Unique mapped and paired reads 999822 ...
[M::mem_process_seqs] Processed 1001 reads in 0.870 CPU sec, 0.113 real sec
[M::mem_process_seqs] Processed 1001 reads in 0.686 CPU sec, 0.088 real sec
[M::mem_process_seqs] Processed 1001 reads in 0.947 CPU sec, 0.147 real sec
[M::mem_process_seqs] Processed 1001 reads in 0.905 CPU sec, 0.138 real sec
338937 [main] INFO main.java.edu.mit.compbio.bisulfitehic.mapping.Bhmem  - Processing reads 1012000 ...
338937 [main] INFO main.java.edu.mit.compbio.bisulfitehic.mapping.Bhmem  - Unique mapped and paired reads 1001788 ...
338941 [main] INFO main.java.edu.mit.compbio.bisulfitehic.mapping.Bhmem  - Processing reads 1013000 ...
338941 [main] INFO main.java.edu.mit.compbio.bisulfitehic.mapping.Bhmem  - Unique mapped and paired reads 1001788 ...
[M::mem_process_seqs] Processed 1001 reads in 0.926 CPU sec, 0.118 real sec
[M::mem_process_seqs] Processed 1001 reads in 0.876 CPU sec, 0.112 real sec
[M::mem_process_seqs] Processed 1001 reads in 0.987 CPU sec, 0.129 real sec
[M::mem_process_seqs] Processed 1001 reads in 0.997 CPU sec, 0.140 real sec
339627 [main] INFO main.java.edu.mit.compbio.bisulfitehic.mapping.Bhmem  - Processing reads 1014000 ...
339627 [main] INFO main.java.edu.mit.compbio.bisulfitehic.mapping.Bhmem  - Unique mapped and paired reads 1003764 ...
339631 [main] INFO main.java.edu.mit.compbio.bisulfitehic.mapping.Bhmem  - Processing reads 1015000 ...
339631 [main] INFO main.java.edu.mit.compbio.bisulfitehic.mapping.Bhmem  - Unique mapped and paired reads 1003764 ...
[M::mem_process_seqs] Processed 1001 reads in 0.923 CPU sec, 0.118 real sec
[M::mem_process_seqs] Processed 1001 reads in 0.849 CPU sec, 0.118 real sec
[M::mem_process_seqs] Processed 1001 reads in 0.995 CPU sec, 0.134 real sec
[M::mem_process_seqs] Processed 1001 reads in 0.965 CPU sec, 0.130 real sec
340287 [main] INFO main.java.edu.mit.compbio.bisulfitehic.mapping.Bhmem  - Processing reads 1016000 ...
340287 [main] INFO main.java.edu.mit.compbio.bisulfitehic.mapping.Bhmem  - Unique mapped and paired reads 1005748 ...
340291 [main] INFO main.java.edu.mit.compbio.bisulfitehic.mapping.Bhmem  - Processing reads 1017000 ...
340291 [main] INFO main.java.edu.mit.compbio.bisulfitehic.mapping.Bhmem  - Unique mapped and paired reads 1005748 ...
[M::mem_process_seqs] Processed 1001 reads in 0.827 CPU sec, 0.106 real sec
[M::mem_process_seqs] Processed 1001 reads in 0.740 CPU sec, 0.094 real sec
[M::mem_process_seqs] Processed 1001 reads in 0.876 CPU sec, 0.110 real sec
[M::mem_process_seqs] Processed 1001 reads in 0.781 CPU sec, 0.100 real sec
340844 [main] INFO main.java.edu.mit.compbio.bisulfitehic.mapping.Bhmem  - Processing reads 1018000 ...
340844 [main] INFO main.java.edu.mit.compbio.bisulfitehic.mapping.Bhmem  - Unique mapped and paired reads 1007728 ...
340848 [main] INFO main.java.edu.mit.compbio.bisulfitehic.mapping.Bhmem  - Processing reads 1019000 ...
340848 [main] INFO main.java.edu.mit.compbio.bisulfitehic.mapping.Bhmem  - Unique mapped and paired reads 1007728 ...
[M::mem_process_seqs] Processed 1001 reads in 0.757 CPU sec, 0.096 real sec
[M::mem_process_seqs] Processed 1001 reads in 0.641 CPU sec, 0.092 real sec
[M::mem_process_seqs] Processed 1001 reads in 0.816 CPU sec, 0.111 real sec
[M::mem_process_seqs] Processed 1001 reads in 0.705 CPU sec, 0.093 real sec
341384 [main] INFO main.java.edu.mit.compbio.bisulfitehic.mapping.Bhmem  - Processing reads 1020000 ...
341384 [main] INFO main.java.edu.mit.compbio.bisulfitehic.mapping.Bhmem  - Unique mapped and paired reads 1009704 ...
341388 [main] INFO main.java.edu.mit.compbio.bisulfitehic.mapping.Bhmem  - Processing reads 1021000 ...
341388 [main] INFO main.java.edu.mit.compbio.bisulfitehic.mapping.Bhmem  - Unique mapped and paired reads 1009704 ...
[M::mem_process_seqs] Processed 1001 reads in 0.800 CPU sec, 0.103 real sec
[M::mem_process_seqs] Processed 1001 reads in 0.751 CPU sec, 0.103 real sec
[M::mem_process_seqs] Processed 1001 reads in 0.969 CPU sec, 0.123 real sec
[M::mem_process_seqs] Processed 1001 reads in 0.921 CPU sec, 0.117 real sec
341983 [main] INFO main.java.edu.mit.compbio.bisulfitehic.mapping.Bhmem  - Processing reads 1022000 ...
341983 [main] INFO main.java.edu.mit.compbio.bisulfitehic.mapping.Bhmem  - Unique mapped and paired reads 1011672 ...
341987 [main] INFO main.java.edu.mit.compbio.bisulfitehic.mapping.Bhmem  - Processing reads 1023000 ...
341987 [main] INFO main.java.edu.mit.compbio.bisulfitehic.mapping.Bhmem  - Unique mapped and paired reads 1011672 ...
[M::mem_process_seqs] Processed 1001 reads in 0.866 CPU sec, 0.111 real sec
[M::mem_process_seqs] Processed 1001 reads in 0.800 CPU sec, 0.112 real sec
[M::mem_process_seqs] Processed 1001 reads in 1.017 CPU sec, 0.129 real sec
[M::mem_process_seqs] Processed 1001 reads in 0.995 CPU sec, 0.131 real sec
342681 [main] INFO main.java.edu.mit.compbio.bisulfitehic.mapping.Bhmem  - Processing reads 1024000 ...
342681 [main] INFO main.java.edu.mit.compbio.bisulfitehic.mapping.Bhmem  - Unique mapped and paired reads 1013658 ...
342685 [main] INFO main.java.edu.mit.compbio.bisulfitehic.mapping.Bhmem  - Processing reads 1025000 ...
342685 [main] INFO main.java.edu.mit.compbio.bisulfitehic.mapping.Bhmem  - Unique mapped and paired reads 1013658 ...
[M::mem_process_seqs] Processed 1001 reads in 0.917 CPU sec, 0.120 real sec
[M::mem_process_seqs] Processed 1001 reads in 0.808 CPU sec, 0.103 real sec
[M::mem_process_seqs] Processed 1001 reads in 1.026 CPU sec, 0.140 real sec
[M::mem_process_seqs] Processed 1001 reads in 0.980 CPU sec, 0.124 real sec
343325 [main] INFO main.java.edu.mit.compbio.bisulfitehic.mapping.Bhmem  - Processing reads 1026000 ...
343325 [main] INFO main.java.edu.mit.compbio.bisulfitehic.mapping.Bhmem  - Unique mapped and paired reads 1015642 ...
343329 [main] INFO main.java.edu.mit.compbio.bisulfitehic.mapping.Bhmem  - Processing reads 1027000 ...
343329 [main] INFO main.java.edu.mit.compbio.bisulfitehic.mapping.Bhmem  - Unique mapped and paired reads 1015642 ...
[M::mem_process_seqs] Processed 1001 reads in 0.948 CPU sec, 0.123 real sec
[M::mem_process_seqs] Processed 1001 reads in 0.783 CPU sec, 0.103 real sec
[M::mem_process_seqs] Processed 1001 reads in 1.115 CPU sec, 0.152 real sec
[M::mem_process_seqs] Processed 1001 reads in 1.011 CPU sec, 0.133 real sec
343991 [main] INFO main.java.edu.mit.compbio.bisulfitehic.mapping.Bhmem  - Processing reads 1028000 ...
343991 [main] INFO main.java.edu.mit.compbio.bisulfitehic.mapping.Bhmem  - Unique mapped and paired reads 1017622 ...
343994 [main] INFO main.java.edu.mit.compbio.bisulfitehic.mapping.Bhmem  - Processing reads 1029000 ...
343994 [main] INFO main.java.edu.mit.compbio.bisulfitehic.mapping.Bhmem  - Unique mapped and paired reads 1017622 ...
[M::mem_process_seqs] Processed 1001 reads in 0.804 CPU sec, 0.106 real sec
[M::mem_process_seqs] Processed 1001 reads in 0.783 CPU sec, 0.102 real sec
[M::mem_process_seqs] Processed 1001 reads in 0.862 CPU sec, 0.113 real sec
[M::mem_process_seqs] Processed 1001 reads in 0.889 CPU sec, 0.112 real sec
344576 [main] INFO main.java.edu.mit.compbio.bisulfitehic.mapping.Bhmem  - Processing reads 1030000 ...
344576 [main] INFO main.java.edu.mit.compbio.bisulfitehic.mapping.Bhmem  - Unique mapped and paired reads 1019604 ...
344580 [main] INFO main.java.edu.mit.compbio.bisulfitehic.mapping.Bhmem  - Processing reads 1031000 ...
344580 [main] INFO main.java.edu.mit.compbio.bisulfitehic.mapping.Bhmem  - Unique mapped and paired reads 1019604 ...
[M::mem_process_seqs] Processed 1001 reads in 0.889 CPU sec, 0.114 real sec
[M::mem_process_seqs] Processed 1001 reads in 0.787 CPU sec, 0.107 real sec
[M::mem_process_seqs] Processed 1001 reads in 1.009 CPU sec, 0.129 real sec
[M::mem_process_seqs] Processed 1001 reads in 0.926 CPU sec, 0.125 real sec
345212 [main] INFO main.java.edu.mit.compbio.bisulfitehic.mapping.Bhmem  - Processing reads 1032000 ...
345212 [main] INFO main.java.edu.mit.compbio.bisulfitehic.mapping.Bhmem  - Unique mapped and paired reads 1021600 ...
345216 [main] INFO main.java.edu.mit.compbio.bisulfitehic.mapping.Bhmem  - Processing reads 1033000 ...
345216 [main] INFO main.java.edu.mit.compbio.bisulfitehic.mapping.Bhmem  - Unique mapped and paired reads 1021600 ...
[M::mem_process_seqs] Processed 1001 reads in 1.023 CPU sec, 0.132 real sec
[M::mem_process_seqs] Processed 1001 reads in 0.851 CPU sec, 0.113 real sec
[M::mem_process_seqs] Processed 1001 reads in 1.020 CPU sec, 0.137 real sec
[M::mem_process_seqs] Processed 1001 reads in 0.997 CPU sec, 0.127 real sec
345876 [main] INFO main.java.edu.mit.compbio.bisulfitehic.mapping.Bhmem  - Processing reads 1034000 ...
345876 [main] INFO main.java.edu.mit.compbio.bisulfitehic.mapping.Bhmem  - Unique mapped and paired reads 1023584 ...
345880 [main] INFO main.java.edu.mit.compbio.bisulfitehic.mapping.Bhmem  - Processing reads 1035000 ...
345880 [main] INFO main.java.edu.mit.compbio.bisulfitehic.mapping.Bhmem  - Unique mapped and paired reads 1023584 ...
[M::mem_process_seqs] Processed 1001 reads in 0.904 CPU sec, 0.115 real sec
[M::mem_process_seqs] Processed 1001 reads in 0.792 CPU sec, 0.107 real sec
[M::mem_process_seqs] Processed 1001 reads in 0.952 CPU sec, 0.127 real sec
[M::mem_process_seqs] Processed 1001 reads in 0.880 CPU sec, 0.120 real sec
346504 [main] INFO main.java.edu.mit.compbio.bisulfitehic.mapping.Bhmem  - Processing reads 1036000 ...
346504 [main] INFO main.java.edu.mit.compbio.bisulfitehic.mapping.Bhmem  - Unique mapped and paired reads 1025570 ...
346508 [main] INFO main.java.edu.mit.compbio.bisulfitehic.mapping.Bhmem  - Processing reads 1037000 ...
346508 [main] INFO main.java.edu.mit.compbio.bisulfitehic.mapping.Bhmem  - Unique mapped and paired reads 1025570 ...
[M::mem_process_seqs] Processed 1001 reads in 0.952 CPU sec, 0.131 real sec
[M::mem_process_seqs] Processed 1001 reads in 0.796 CPU sec, 0.101 real sec
[M::mem_process_seqs] Processed 1001 reads in 0.914 CPU sec, 0.115 real sec
[M::mem_process_seqs] Processed 1001 reads in 0.860 CPU sec, 0.112 real sec
347124 [main] INFO main.java.edu.mit.compbio.bisulfitehic.mapping.Bhmem  - Processing reads 1038000 ...
347124 [main] INFO main.java.edu.mit.compbio.bisulfitehic.mapping.Bhmem  - Unique mapped and paired reads 1027560 ...
347128 [main] INFO main.java.edu.mit.compbio.bisulfitehic.mapping.Bhmem  - Processing reads 1039000 ...
347128 [main] INFO main.java.edu.mit.compbio.bisulfitehic.mapping.Bhmem  - Unique mapped and paired reads 1027560 ...
[M::mem_process_seqs] Processed 1001 reads in 0.914 CPU sec, 0.117 real sec
[M::mem_process_seqs] Processed 1001 reads in 0.852 CPU sec, 0.111 real sec
[M::mem_process_seqs] Processed 1001 reads in 0.967 CPU sec, 0.124 real sec
[M::mem_process_seqs] Processed 1001 reads in 0.983 CPU sec, 0.125 real sec
347758 [main] INFO main.java.edu.mit.compbio.bisulfitehic.mapping.Bhmem  - Processing reads 1040000 ...
347759 [main] INFO main.java.edu.mit.compbio.bisulfitehic.mapping.Bhmem  - Unique mapped and paired reads 1029550 ...
347762 [main] INFO main.java.edu.mit.compbio.bisulfitehic.mapping.Bhmem  - Processing reads 1041000 ...
347762 [main] INFO main.java.edu.mit.compbio.bisulfitehic.mapping.Bhmem  - Unique mapped and paired reads 1029550 ...
[M::mem_process_seqs] Processed 1001 reads in 0.907 CPU sec, 0.118 real sec
[M::mem_process_seqs] Processed 1001 reads in 0.770 CPU sec, 0.104 real sec
[M::mem_process_seqs] Processed 1001 reads in 0.896 CPU sec, 0.135 real sec
[M::mem_process_seqs] Processed 1001 reads in 0.846 CPU sec, 0.118 real sec
348384 [main] INFO main.java.edu.mit.compbio.bisulfitehic.mapping.Bhmem  - Processing reads 1042000 ...
348384 [main] INFO main.java.edu.mit.compbio.bisulfitehic.mapping.Bhmem  - Unique mapped and paired reads 1031528 ...
348388 [main] INFO main.java.edu.mit.compbio.bisulfitehic.mapping.Bhmem  - Processing reads 1043000 ...
348388 [main] INFO main.java.edu.mit.compbio.bisulfitehic.mapping.Bhmem  - Unique mapped and paired reads 1031528 ...
[M::mem_process_seqs] Processed 1001 reads in 0.927 CPU sec, 0.122 real sec
[M::mem_process_seqs] Processed 1001 reads in 0.778 CPU sec, 0.106 real sec
[M::mem_process_seqs] Processed 1001 reads in 0.911 CPU sec, 0.117 real sec
[M::mem_process_seqs] Processed 1001 reads in 0.830 CPU sec, 0.107 real sec
348999 [main] INFO main.java.edu.mit.compbio.bisulfitehic.mapping.Bhmem  - Processing reads 1044000 ...
348999 [main] INFO main.java.edu.mit.compbio.bisulfitehic.mapping.Bhmem  - Unique mapped and paired reads 1033494 ...
349003 [main] INFO main.java.edu.mit.compbio.bisulfitehic.mapping.Bhmem  - Processing reads 1045000 ...
349003 [main] INFO main.java.edu.mit.compbio.bisulfitehic.mapping.Bhmem  - Unique mapped and paired reads 1033494 ...
[M::mem_process_seqs] Processed 1001 reads in 0.890 CPU sec, 0.117 real sec
[M::mem_process_seqs] Processed 1001 reads in 0.817 CPU sec, 0.105 real sec
[M::mem_process_seqs] Processed 1001 reads in 1.062 CPU sec, 0.160 real sec
[M::mem_process_seqs] Processed 1001 reads in 0.992 CPU sec, 0.126 real sec
349670 [main] INFO main.java.edu.mit.compbio.bisulfitehic.mapping.Bhmem  - Processing reads 1046000 ...
349670 [main] INFO main.java.edu.mit.compbio.bisulfitehic.mapping.Bhmem  - Unique mapped and paired reads 1035472 ...
349674 [main] INFO main.java.edu.mit.compbio.bisulfitehic.mapping.Bhmem  - Processing reads 1047000 ...
349674 [main] INFO main.java.edu.mit.compbio.bisulfitehic.mapping.Bhmem  - Unique mapped and paired reads 1035472 ...
[M::mem_process_seqs] Processed 1001 reads in 0.955 CPU sec, 0.124 real sec
[M::mem_process_seqs] Processed 1001 reads in 0.855 CPU sec, 0.108 real sec
[M::mem_process_seqs] Processed 1001 reads in 1.062 CPU sec, 0.145 real sec
[M::mem_process_seqs] Processed 1001 reads in 1.029 CPU sec, 0.134 real sec
350394 [main] INFO main.java.edu.mit.compbio.bisulfitehic.mapping.Bhmem  - Processing reads 1048000 ...
350394 [main] INFO main.java.edu.mit.compbio.bisulfitehic.mapping.Bhmem  - Unique mapped and paired reads 1037454 ...
350403 [main] INFO main.java.edu.mit.compbio.bisulfitehic.mapping.Bhmem  - Processing reads 1049000 ...
350403 [main] INFO main.java.edu.mit.compbio.bisulfitehic.mapping.Bhmem  - Unique mapped and paired reads 1037454 ...
[M::mem_process_seqs] Processed 1001 reads in 0.892 CPU sec, 0.113 real sec
[M::mem_process_seqs] Processed 1001 reads in 0.848 CPU sec, 0.110 real sec
[M::mem_process_seqs] Processed 1001 reads in 0.979 CPU sec, 0.124 real sec
[M::mem_process_seqs] Processed 1001 reads in 1.031 CPU sec, 0.134 real sec
351049 [main] INFO main.java.edu.mit.compbio.bisulfitehic.mapping.Bhmem  - Processing reads 1050000 ...
351049 [main] INFO main.java.edu.mit.compbio.bisulfitehic.mapping.Bhmem  - Unique mapped and paired reads 1039440 ...
351053 [main] INFO main.java.edu.mit.compbio.bisulfitehic.mapping.Bhmem  - Processing reads 1051000 ...
351053 [main] INFO main.java.edu.mit.compbio.bisulfitehic.mapping.Bhmem  - Unique mapped and paired reads 1039440 ...
[M::mem_process_seqs] Processed 1001 reads in 0.976 CPU sec, 0.127 real sec
[M::mem_process_seqs] Processed 1001 reads in 0.940 CPU sec, 0.122 real sec
[M::mem_process_seqs] Processed 1001 reads in 0.951 CPU sec, 0.123 real sec
[M::mem_process_seqs] Processed 1001 reads in 0.964 CPU sec, 0.122 real sec
351716 [main] INFO main.java.edu.mit.compbio.bisulfitehic.mapping.Bhmem  - Processing reads 1052000 ...
351716 [main] INFO main.java.edu.mit.compbio.bisulfitehic.mapping.Bhmem  - Unique mapped and paired reads 1041422 ...
351720 [main] INFO main.java.edu.mit.compbio.bisulfitehic.mapping.Bhmem  - Processing reads 1053000 ...
351720 [main] INFO main.java.edu.mit.compbio.bisulfitehic.mapping.Bhmem  - Unique mapped and paired reads 1041422 ...
[M::mem_process_seqs] Processed 1001 reads in 1.191 CPU sec, 0.154 real sec
[M::mem_process_seqs] Processed 1001 reads in 0.934 CPU sec, 0.124 real sec
[M::mem_process_seqs] Processed 1001 reads in 1.173 CPU sec, 0.159 real sec
[M::mem_process_seqs] Processed 1001 reads in 1.096 CPU sec, 0.161 real sec
352488 [main] INFO main.java.edu.mit.compbio.bisulfitehic.mapping.Bhmem  - Processing reads 1054000 ...
352488 [main] INFO main.java.edu.mit.compbio.bisulfitehic.mapping.Bhmem  - Unique mapped and paired reads 1043412 ...
352492 [main] INFO main.java.edu.mit.compbio.bisulfitehic.mapping.Bhmem  - Processing reads 1055000 ...
352492 [main] INFO main.java.edu.mit.compbio.bisulfitehic.mapping.Bhmem  - Unique mapped and paired reads 1043412 ...
[M::mem_process_seqs] Processed 1001 reads in 1.075 CPU sec, 0.137 real sec
[M::mem_process_seqs] Processed 1001 reads in 0.845 CPU sec, 0.116 real sec
[M::mem_process_seqs] Processed 1001 reads in 1.101 CPU sec, 0.149 real sec
[M::mem_process_seqs] Processed 1001 reads in 0.977 CPU sec, 0.125 real sec
353183 [main] INFO main.java.edu.mit.compbio.bisulfitehic.mapping.Bhmem  - Processing reads 1056000 ...
353183 [main] INFO main.java.edu.mit.compbio.bisulfitehic.mapping.Bhmem  - Unique mapped and paired reads 1045406 ...
353187 [main] INFO main.java.edu.mit.compbio.bisulfitehic.mapping.Bhmem  - Processing reads 1057000 ...
353187 [main] INFO main.java.edu.mit.compbio.bisulfitehic.mapping.Bhmem  - Unique mapped and paired reads 1045406 ...
[M::mem_process_seqs] Processed 1001 reads in 1.012 CPU sec, 0.129 real sec
[M::mem_process_seqs] Processed 1001 reads in 0.974 CPU sec, 0.123 real sec
[M::mem_process_seqs] Processed 1001 reads in 1.087 CPU sec, 0.143 real sec
[M::mem_process_seqs] Processed 1001 reads in 1.032 CPU sec, 0.130 real sec
353878 [main] INFO main.java.edu.mit.compbio.bisulfitehic.mapping.Bhmem  - Processing reads 1058000 ...
353878 [main] INFO main.java.edu.mit.compbio.bisulfitehic.mapping.Bhmem  - Unique mapped and paired reads 1047404 ...
353882 [main] INFO main.java.edu.mit.compbio.bisulfitehic.mapping.Bhmem  - Processing reads 1059000 ...
353882 [main] INFO main.java.edu.mit.compbio.bisulfitehic.mapping.Bhmem  - Unique mapped and paired reads 1047404 ...
[M::mem_process_seqs] Processed 1001 reads in 1.037 CPU sec, 0.133 real sec
[M::mem_process_seqs] Processed 1001 reads in 0.885 CPU sec, 0.113 real sec
[M::mem_process_seqs] Processed 1001 reads in 1.070 CPU sec, 0.143 real sec
[M::mem_process_seqs] Processed 1001 reads in 0.965 CPU sec, 0.123 real sec
354558 [main] INFO main.java.edu.mit.compbio.bisulfitehic.mapping.Bhmem  - Processing reads 1060000 ...
354558 [main] INFO main.java.edu.mit.compbio.bisulfitehic.mapping.Bhmem  - Unique mapped and paired reads 1049398 ...
354562 [main] INFO main.java.edu.mit.compbio.bisulfitehic.mapping.Bhmem  - Processing reads 1061000 ...
354562 [main] INFO main.java.edu.mit.compbio.bisulfitehic.mapping.Bhmem  - Unique mapped and paired reads 1049398 ...
[M::mem_process_seqs] Processed 1001 reads in 0.946 CPU sec, 0.122 real sec
[M::mem_process_seqs] Processed 1001 reads in 0.961 CPU sec, 0.131 real sec
[M::mem_process_seqs] Processed 1001 reads in 1.046 CPU sec, 0.142 real sec
[M::mem_process_seqs] Processed 1001 reads in 1.024 CPU sec, 0.138 real sec
355256 [main] INFO main.java.edu.mit.compbio.bisulfitehic.mapping.Bhmem  - Processing reads 1062000 ...
355256 [main] INFO main.java.edu.mit.compbio.bisulfitehic.mapping.Bhmem  - Unique mapped and paired reads 1051386 ...
355261 [main] INFO main.java.edu.mit.compbio.bisulfitehic.mapping.Bhmem  - Processing reads 1063000 ...
355261 [main] INFO main.java.edu.mit.compbio.bisulfitehic.mapping.Bhmem  - Unique mapped and paired reads 1051386 ...
[M::mem_process_seqs] Processed 1001 reads in 0.969 CPU sec, 0.127 real sec
[M::mem_process_seqs] Processed 1001 reads in 0.909 CPU sec, 0.118 real sec
[M::mem_process_seqs] Processed 1001 reads in 1.081 CPU sec, 0.144 real sec
[M::mem_process_seqs] Processed 1001 reads in 0.999 CPU sec, 0.126 real sec
355940 [main] INFO main.java.edu.mit.compbio.bisulfitehic.mapping.Bhmem  - Processing reads 1064000 ...
355940 [main] INFO main.java.edu.mit.compbio.bisulfitehic.mapping.Bhmem  - Unique mapped and paired reads 1053384 ...
355944 [main] INFO main.java.edu.mit.compbio.bisulfitehic.mapping.Bhmem  - Processing reads 1065000 ...
355944 [main] INFO main.java.edu.mit.compbio.bisulfitehic.mapping.Bhmem  - Unique mapped and paired reads 1053384 ...
[M::mem_process_seqs] Processed 1001 reads in 0.933 CPU sec, 0.118 real sec
[M::mem_process_seqs] Processed 1001 reads in 0.886 CPU sec, 0.120 real sec
[M::mem_process_seqs] Processed 1001 reads in 1.088 CPU sec, 0.140 real sec
[M::mem_process_seqs] Processed 1001 reads in 1.019 CPU sec, 0.146 real sec
356625 [main] INFO main.java.edu.mit.compbio.bisulfitehic.mapping.Bhmem  - Processing reads 1066000 ...
356625 [main] INFO main.java.edu.mit.compbio.bisulfitehic.mapping.Bhmem  - Unique mapped and paired reads 1055354 ...
356628 [main] INFO main.java.edu.mit.compbio.bisulfitehic.mapping.Bhmem  - Processing reads 1067000 ...
356628 [main] INFO main.java.edu.mit.compbio.bisulfitehic.mapping.Bhmem  - Unique mapped and paired reads 1055354 ...
[M::mem_process_seqs] Processed 1001 reads in 0.849 CPU sec, 0.109 real sec
[M::mem_process_seqs] Processed 1001 reads in 0.764 CPU sec, 0.100 real sec
[M::mem_process_seqs] Processed 1001 reads in 0.989 CPU sec, 0.135 real sec
[M::mem_process_seqs] Processed 1001 reads in 0.995 CPU sec, 0.131 real sec
357255 [main] INFO main.java.edu.mit.compbio.bisulfitehic.mapping.Bhmem  - Processing reads 1068000 ...
357255 [main] INFO main.java.edu.mit.compbio.bisulfitehic.mapping.Bhmem  - Unique mapped and paired reads 1057342 ...
357260 [main] INFO main.java.edu.mit.compbio.bisulfitehic.mapping.Bhmem  - Processing reads 1069000 ...
357260 [main] INFO main.java.edu.mit.compbio.bisulfitehic.mapping.Bhmem  - Unique mapped and paired reads 1057342 ...
[M::mem_process_seqs] Processed 1001 reads in 0.970 CPU sec, 0.124 real sec
[M::mem_process_seqs] Processed 1001 reads in 0.831 CPU sec, 0.106 real sec
[M::mem_process_seqs] Processed 1001 reads in 1.053 CPU sec, 0.137 real sec
[M::mem_process_seqs] Processed 1001 reads in 1.011 CPU sec, 0.129 real sec
357909 [main] INFO main.java.edu.mit.compbio.bisulfitehic.mapping.Bhmem  - Processing reads 1070000 ...
357910 [main] INFO main.java.edu.mit.compbio.bisulfitehic.mapping.Bhmem  - Unique mapped and paired reads 1059318 ...
357913 [main] INFO main.java.edu.mit.compbio.bisulfitehic.mapping.Bhmem  - Processing reads 1071000 ...
357913 [main] INFO main.java.edu.mit.compbio.bisulfitehic.mapping.Bhmem  - Unique mapped and paired reads 1059318 ...
[M::mem_process_seqs] Processed 1001 reads in 0.923 CPU sec, 0.122 real sec
[M::mem_process_seqs] Processed 1001 reads in 0.864 CPU sec, 0.115 real sec
[M::mem_process_seqs] Processed 1001 reads in 1.003 CPU sec, 0.127 real sec
[M::mem_process_seqs] Processed 1001 reads in 0.972 CPU sec, 0.128 real sec
358561 [main] INFO main.java.edu.mit.compbio.bisulfitehic.mapping.Bhmem  - Processing reads 1072000 ...
358561 [main] INFO main.java.edu.mit.compbio.bisulfitehic.mapping.Bhmem  - Unique mapped and paired reads 1061290 ...
358565 [main] INFO main.java.edu.mit.compbio.bisulfitehic.mapping.Bhmem  - Processing reads 1073000 ...
358565 [main] INFO main.java.edu.mit.compbio.bisulfitehic.mapping.Bhmem  - Unique mapped and paired reads 1061290 ...
[M::mem_process_seqs] Processed 1001 reads in 0.815 CPU sec, 0.107 real sec
[M::mem_process_seqs] Processed 1001 reads in 0.767 CPU sec, 0.097 real sec
[M::mem_process_seqs] Processed 1001 reads in 0.935 CPU sec, 0.119 real sec
[M::mem_process_seqs] Processed 1001 reads in 0.898 CPU sec, 0.118 real sec
359172 [main] INFO main.java.edu.mit.compbio.bisulfitehic.mapping.Bhmem  - Processing reads 1074000 ...
359172 [main] INFO main.java.edu.mit.compbio.bisulfitehic.mapping.Bhmem  - Unique mapped and paired reads 1063270 ...
359176 [main] INFO main.java.edu.mit.compbio.bisulfitehic.mapping.Bhmem  - Processing reads 1075000 ...
359176 [main] INFO main.java.edu.mit.compbio.bisulfitehic.mapping.Bhmem  - Unique mapped and paired reads 1063270 ...
[M::mem_process_seqs] Processed 1001 reads in 0.822 CPU sec, 0.107 real sec
[M::mem_process_seqs] Processed 1001 reads in 0.710 CPU sec, 0.093 real sec
[M::mem_process_seqs] Processed 1001 reads in 0.843 CPU sec, 0.116 real sec
[M::mem_process_seqs] Processed 1001 reads in 0.792 CPU sec, 0.110 real sec
359750 [main] INFO main.java.edu.mit.compbio.bisulfitehic.mapping.Bhmem  - Processing reads 1076000 ...
359750 [main] INFO main.java.edu.mit.compbio.bisulfitehic.mapping.Bhmem  - Unique mapped and paired reads 1065252 ...
359753 [main] INFO main.java.edu.mit.compbio.bisulfitehic.mapping.Bhmem  - Processing reads 1077000 ...
359753 [main] INFO main.java.edu.mit.compbio.bisulfitehic.mapping.Bhmem  - Unique mapped and paired reads 1065252 ...
[M::mem_process_seqs] Processed 1001 reads in 0.921 CPU sec, 0.122 real sec
[M::mem_process_seqs] Processed 1001 reads in 0.877 CPU sec, 0.112 real sec
[M::mem_process_seqs] Processed 1001 reads in 0.974 CPU sec, 0.129 real sec
[M::mem_process_seqs] Processed 1001 reads in 0.918 CPU sec, 0.128 real sec
360397 [main] INFO main.java.edu.mit.compbio.bisulfitehic.mapping.Bhmem  - Processing reads 1078000 ...
360397 [main] INFO main.java.edu.mit.compbio.bisulfitehic.mapping.Bhmem  - Unique mapped and paired reads 1067242 ...
360401 [main] INFO main.java.edu.mit.compbio.bisulfitehic.mapping.Bhmem  - Processing reads 1079000 ...
360401 [main] INFO main.java.edu.mit.compbio.bisulfitehic.mapping.Bhmem  - Unique mapped and paired reads 1067242 ...
[M::mem_process_seqs] Processed 1001 reads in 0.841 CPU sec, 0.109 real sec
[M::mem_process_seqs] Processed 1001 reads in 0.833 CPU sec, 0.124 real sec
[M::mem_process_seqs] Processed 1001 reads in 1.028 CPU sec, 0.145 real sec
[M::mem_process_seqs] Processed 1001 reads in 0.949 CPU sec, 0.125 real sec
361060 [main] INFO main.java.edu.mit.compbio.bisulfitehic.mapping.Bhmem  - Processing reads 1080000 ...
361061 [main] INFO main.java.edu.mit.compbio.bisulfitehic.mapping.Bhmem  - Unique mapped and paired reads 1069230 ...
361065 [main] INFO main.java.edu.mit.compbio.bisulfitehic.mapping.Bhmem  - Processing reads 1081000 ...
361065 [main] INFO main.java.edu.mit.compbio.bisulfitehic.mapping.Bhmem  - Unique mapped and paired reads 1069230 ...
[M::mem_process_seqs] Processed 1001 reads in 0.819 CPU sec, 0.108 real sec
[M::mem_process_seqs] Processed 1001 reads in 0.824 CPU sec, 0.109 real sec
[M::mem_process_seqs] Processed 1001 reads in 0.898 CPU sec, 0.121 real sec
[M::mem_process_seqs] Processed 1001 reads in 0.927 CPU sec, 0.140 real sec
361697 [main] INFO main.java.edu.mit.compbio.bisulfitehic.mapping.Bhmem  - Processing reads 1082000 ...
361697 [main] INFO main.java.edu.mit.compbio.bisulfitehic.mapping.Bhmem  - Unique mapped and paired reads 1071214 ...
361701 [main] INFO main.java.edu.mit.compbio.bisulfitehic.mapping.Bhmem  - Processing reads 1083000 ...
361701 [main] INFO main.java.edu.mit.compbio.bisulfitehic.mapping.Bhmem  - Unique mapped and paired reads 1071214 ...
[M::mem_process_seqs] Processed 1001 reads in 0.796 CPU sec, 0.102 real sec
[M::mem_process_seqs] Processed 1001 reads in 0.703 CPU sec, 0.094 real sec
[M::mem_process_seqs] Processed 1001 reads in 0.885 CPU sec, 0.120 real sec
[M::mem_process_seqs] Processed 1001 reads in 0.837 CPU sec, 0.106 real sec
362268 [main] INFO main.java.edu.mit.compbio.bisulfitehic.mapping.Bhmem  - Processing reads 1084000 ...
362268 [main] INFO main.java.edu.mit.compbio.bisulfitehic.mapping.Bhmem  - Unique mapped and paired reads 1073192 ...
362272 [main] INFO main.java.edu.mit.compbio.bisulfitehic.mapping.Bhmem  - Processing reads 1085000 ...
362272 [main] INFO main.java.edu.mit.compbio.bisulfitehic.mapping.Bhmem  - Unique mapped and paired reads 1073192 ...
[M::mem_process_seqs] Processed 1001 reads in 0.838 CPU sec, 0.111 real sec
[M::mem_process_seqs] Processed 1001 reads in 0.717 CPU sec, 0.095 real sec
[M::mem_process_seqs] Processed 1001 reads in 0.979 CPU sec, 0.125 real sec
[M::mem_process_seqs] Processed 1001 reads in 0.875 CPU sec, 0.117 real sec
362868 [main] INFO main.java.edu.mit.compbio.bisulfitehic.mapping.Bhmem  - Processing reads 1086000 ...
362868 [main] INFO main.java.edu.mit.compbio.bisulfitehic.mapping.Bhmem  - Unique mapped and paired reads 1075164 ...
362872 [main] INFO main.java.edu.mit.compbio.bisulfitehic.mapping.Bhmem  - Processing reads 1087000 ...
362872 [main] INFO main.java.edu.mit.compbio.bisulfitehic.mapping.Bhmem  - Unique mapped and paired reads 1075164 ...
[M::mem_process_seqs] Processed 1001 reads in 0.838 CPU sec, 0.107 real sec
[M::mem_process_seqs] Processed 1001 reads in 0.863 CPU sec, 0.112 real sec
[M::mem_process_seqs] Processed 1001 reads in 0.938 CPU sec, 0.121 real sec
[M::mem_process_seqs] Processed 1001 reads in 0.826 CPU sec, 0.106 real sec
363474 [main] INFO main.java.edu.mit.compbio.bisulfitehic.mapping.Bhmem  - Processing reads 1088000 ...
363474 [main] INFO main.java.edu.mit.compbio.bisulfitehic.mapping.Bhmem  - Unique mapped and paired reads 1077148 ...
363477 [main] INFO main.java.edu.mit.compbio.bisulfitehic.mapping.Bhmem  - Processing reads 1089000 ...
363477 [main] INFO main.java.edu.mit.compbio.bisulfitehic.mapping.Bhmem  - Unique mapped and paired reads 1077148 ...
[M::mem_process_seqs] Processed 1001 reads in 0.877 CPU sec, 0.122 real sec
[M::mem_process_seqs] Processed 1001 reads in 0.781 CPU sec, 0.102 real sec
[M::mem_process_seqs] Processed 1001 reads in 0.920 CPU sec, 0.120 real sec
[M::mem_process_seqs] Processed 1001 reads in 0.854 CPU sec, 0.108 real sec
364085 [main] INFO main.java.edu.mit.compbio.bisulfitehic.mapping.Bhmem  - Processing reads 1090000 ...
364085 [main] INFO main.java.edu.mit.compbio.bisulfitehic.mapping.Bhmem  - Unique mapped and paired reads 1079114 ...
364089 [main] INFO main.java.edu.mit.compbio.bisulfitehic.mapping.Bhmem  - Processing reads 1091000 ...
364089 [main] INFO main.java.edu.mit.compbio.bisulfitehic.mapping.Bhmem  - Unique mapped and paired reads 1079114 ...
[M::mem_process_seqs] Processed 1001 reads in 0.942 CPU sec, 0.130 real sec
[M::mem_process_seqs] Processed 1001 reads in 0.860 CPU sec, 0.119 real sec
[M::mem_process_seqs] Processed 1001 reads in 1.056 CPU sec, 0.135 real sec
[M::mem_process_seqs] Processed 1001 reads in 0.979 CPU sec, 0.133 real sec
364762 [main] INFO main.java.edu.mit.compbio.bisulfitehic.mapping.Bhmem  - Processing reads 1092000 ...
364762 [main] INFO main.java.edu.mit.compbio.bisulfitehic.mapping.Bhmem  - Unique mapped and paired reads 1081090 ...
364766 [main] INFO main.java.edu.mit.compbio.bisulfitehic.mapping.Bhmem  - Processing reads 1093000 ...
364766 [main] INFO main.java.edu.mit.compbio.bisulfitehic.mapping.Bhmem  - Unique mapped and paired reads 1081090 ...
[M::mem_process_seqs] Processed 1001 reads in 0.839 CPU sec, 0.108 real sec
[M::mem_process_seqs] Processed 1001 reads in 0.723 CPU sec, 0.096 real sec
[M::mem_process_seqs] Processed 1001 reads in 0.873 CPU sec, 0.123 real sec
[M::mem_process_seqs] Processed 1001 reads in 0.944 CPU sec, 0.122 real sec
365361 [main] INFO main.java.edu.mit.compbio.bisulfitehic.mapping.Bhmem  - Processing reads 1094000 ...
365361 [main] INFO main.java.edu.mit.compbio.bisulfitehic.mapping.Bhmem  - Unique mapped and paired reads 1083080 ...
365365 [main] INFO main.java.edu.mit.compbio.bisulfitehic.mapping.Bhmem  - Processing reads 1095000 ...
365365 [main] INFO main.java.edu.mit.compbio.bisulfitehic.mapping.Bhmem  - Unique mapped and paired reads 1083080 ...
[M::mem_process_seqs] Processed 1001 reads in 0.873 CPU sec, 0.111 real sec
[M::mem_process_seqs] Processed 1001 reads in 0.757 CPU sec, 0.097 real sec
[M::mem_process_seqs] Processed 1001 reads in 0.917 CPU sec, 0.117 real sec
[M::mem_process_seqs] Processed 1001 reads in 0.900 CPU sec, 0.122 real sec
365967 [main] INFO main.java.edu.mit.compbio.bisulfitehic.mapping.Bhmem  - Processing reads 1096000 ...
365967 [main] INFO main.java.edu.mit.compbio.bisulfitehic.mapping.Bhmem  - Unique mapped and paired reads 1085046 ...
365971 [main] INFO main.java.edu.mit.compbio.bisulfitehic.mapping.Bhmem  - Processing reads 1097000 ...
365971 [main] INFO main.java.edu.mit.compbio.bisulfitehic.mapping.Bhmem  - Unique mapped and paired reads 1085046 ...
[M::mem_process_seqs] Processed 1001 reads in 0.904 CPU sec, 0.118 real sec
[M::mem_process_seqs] Processed 1001 reads in 0.797 CPU sec, 0.106 real sec
[M::mem_process_seqs] Processed 1001 reads in 0.977 CPU sec, 0.133 real sec
[M::mem_process_seqs] Processed 1001 reads in 0.932 CPU sec, 0.119 real sec
366603 [main] INFO main.java.edu.mit.compbio.bisulfitehic.mapping.Bhmem  - Processing reads 1098000 ...
366603 [main] INFO main.java.edu.mit.compbio.bisulfitehic.mapping.Bhmem  - Unique mapped and paired reads 1087028 ...
366607 [main] INFO main.java.edu.mit.compbio.bisulfitehic.mapping.Bhmem  - Processing reads 1099000 ...
366607 [main] INFO main.java.edu.mit.compbio.bisulfitehic.mapping.Bhmem  - Unique mapped and paired reads 1087028 ...
[M::mem_process_seqs] Processed 1001 reads in 0.878 CPU sec, 0.112 real sec
[M::mem_process_seqs] Processed 1001 reads in 0.830 CPU sec, 0.113 real sec
[M::mem_process_seqs] Processed 1001 reads in 0.867 CPU sec, 0.113 real sec
[M::mem_process_seqs] Processed 1001 reads in 0.889 CPU sec, 0.115 real sec
367208 [main] INFO main.java.edu.mit.compbio.bisulfitehic.mapping.Bhmem  - Processing reads 1100000 ...
367208 [main] INFO main.java.edu.mit.compbio.bisulfitehic.mapping.Bhmem  - Unique mapped and paired reads 1089008 ...
367212 [main] INFO main.java.edu.mit.compbio.bisulfitehic.mapping.Bhmem  - Processing reads 1101000 ...
367212 [main] INFO main.java.edu.mit.compbio.bisulfitehic.mapping.Bhmem  - Unique mapped and paired reads 1089008 ...
[M::mem_process_seqs] Processed 1001 reads in 0.863 CPU sec, 0.110 real sec
[M::mem_process_seqs] Processed 1001 reads in 0.822 CPU sec, 0.104 real sec
[M::mem_process_seqs] Processed 1001 reads in 0.894 CPU sec, 0.118 real sec
[M::mem_process_seqs] Processed 1001 reads in 0.785 CPU sec, 0.099 real sec
367798 [main] INFO main.java.edu.mit.compbio.bisulfitehic.mapping.Bhmem  - Processing reads 1102000 ...
367798 [main] INFO main.java.edu.mit.compbio.bisulfitehic.mapping.Bhmem  - Unique mapped and paired reads 1090988 ...
367802 [main] INFO main.java.edu.mit.compbio.bisulfitehic.mapping.Bhmem  - Processing reads 1103000 ...
367802 [main] INFO main.java.edu.mit.compbio.bisulfitehic.mapping.Bhmem  - Unique mapped and paired reads 1090988 ...
[M::mem_process_seqs] Processed 1001 reads in 0.879 CPU sec, 0.124 real sec
[M::mem_process_seqs] Processed 1001 reads in 0.784 CPU sec, 0.102 real sec
[M::mem_process_seqs] Processed 1001 reads in 0.996 CPU sec, 0.139 real sec
[M::mem_process_seqs] Processed 1001 reads in 0.973 CPU sec, 0.132 real sec
368450 [main] INFO main.java.edu.mit.compbio.bisulfitehic.mapping.Bhmem  - Processing reads 1104000 ...
368450 [main] INFO main.java.edu.mit.compbio.bisulfitehic.mapping.Bhmem  - Unique mapped and paired reads 1092974 ...
368454 [main] INFO main.java.edu.mit.compbio.bisulfitehic.mapping.Bhmem  - Processing reads 1105000 ...
368454 [main] INFO main.java.edu.mit.compbio.bisulfitehic.mapping.Bhmem  - Unique mapped and paired reads 1092974 ...
[M::mem_process_seqs] Processed 1001 reads in 0.821 CPU sec, 0.106 real sec
[M::mem_process_seqs] Processed 1001 reads in 0.772 CPU sec, 0.107 real sec
[M::mem_process_seqs] Processed 1001 reads in 0.923 CPU sec, 0.124 real sec
[M::mem_process_seqs] Processed 1001 reads in 0.887 CPU sec, 0.116 real sec
369072 [main] INFO main.java.edu.mit.compbio.bisulfitehic.mapping.Bhmem  - Processing reads 1106000 ...
369072 [main] INFO main.java.edu.mit.compbio.bisulfitehic.mapping.Bhmem  - Unique mapped and paired reads 1094964 ...
369076 [main] INFO main.java.edu.mit.compbio.bisulfitehic.mapping.Bhmem  - Processing reads 1107000 ...
369076 [main] INFO main.java.edu.mit.compbio.bisulfitehic.mapping.Bhmem  - Unique mapped and paired reads 1094964 ...
[M::mem_process_seqs] Processed 1001 reads in 0.874 CPU sec, 0.115 real sec
[M::mem_process_seqs] Processed 1001 reads in 0.848 CPU sec, 0.108 real sec
[M::mem_process_seqs] Processed 1001 reads in 0.901 CPU sec, 0.120 real sec
[M::mem_process_seqs] Processed 1001 reads in 0.905 CPU sec, 0.125 real sec
369698 [main] INFO main.java.edu.mit.compbio.bisulfitehic.mapping.Bhmem  - Processing reads 1108000 ...
369698 [main] INFO main.java.edu.mit.compbio.bisulfitehic.mapping.Bhmem  - Unique mapped and paired reads 1096952 ...
369702 [main] INFO main.java.edu.mit.compbio.bisulfitehic.mapping.Bhmem  - Processing reads 1109000 ...
369702 [main] INFO main.java.edu.mit.compbio.bisulfitehic.mapping.Bhmem  - Unique mapped and paired reads 1096952 ...
[M::mem_process_seqs] Processed 1001 reads in 0.873 CPU sec, 0.111 real sec
[M::mem_process_seqs] Processed 1001 reads in 0.824 CPU sec, 0.104 real sec
[M::mem_process_seqs] Processed 1001 reads in 0.892 CPU sec, 0.117 real sec
[M::mem_process_seqs] Processed 1001 reads in 0.879 CPU sec, 0.113 real sec
370307 [main] INFO main.java.edu.mit.compbio.bisulfitehic.mapping.Bhmem  - Processing reads 1110000 ...
370307 [main] INFO main.java.edu.mit.compbio.bisulfitehic.mapping.Bhmem  - Unique mapped and paired reads 1098938 ...
370311 [main] INFO main.java.edu.mit.compbio.bisulfitehic.mapping.Bhmem  - Processing reads 1111000 ...
370311 [main] INFO main.java.edu.mit.compbio.bisulfitehic.mapping.Bhmem  - Unique mapped and paired reads 1098938 ...
[M::mem_process_seqs] Processed 1001 reads in 0.877 CPU sec, 0.114 real sec
[M::mem_process_seqs] Processed 1001 reads in 0.882 CPU sec, 0.114 real sec
[M::mem_process_seqs] Processed 1001 reads in 0.913 CPU sec, 0.120 real sec
[M::mem_process_seqs] Processed 1001 reads in 0.955 CPU sec, 0.131 real sec
370943 [main] INFO main.java.edu.mit.compbio.bisulfitehic.mapping.Bhmem  - Processing reads 1112000 ...
370943 [main] INFO main.java.edu.mit.compbio.bisulfitehic.mapping.Bhmem  - Unique mapped and paired reads 1100924 ...
370947 [main] INFO main.java.edu.mit.compbio.bisulfitehic.mapping.Bhmem  - Processing reads 1113000 ...
370947 [main] INFO main.java.edu.mit.compbio.bisulfitehic.mapping.Bhmem  - Unique mapped and paired reads 1100924 ...
[M::mem_process_seqs] Processed 1001 reads in 0.883 CPU sec, 0.122 real sec
[M::mem_process_seqs] Processed 1001 reads in 0.821 CPU sec, 0.105 real sec
[M::mem_process_seqs] Processed 1001 reads in 0.894 CPU sec, 0.126 real sec
[M::mem_process_seqs] Processed 1001 reads in 0.867 CPU sec, 0.114 real sec
371570 [main] INFO main.java.edu.mit.compbio.bisulfitehic.mapping.Bhmem  - Processing reads 1114000 ...
371570 [main] INFO main.java.edu.mit.compbio.bisulfitehic.mapping.Bhmem  - Unique mapped and paired reads 1102896 ...
371574 [main] INFO main.java.edu.mit.compbio.bisulfitehic.mapping.Bhmem  - Processing reads 1115000 ...
371574 [main] INFO main.java.edu.mit.compbio.bisulfitehic.mapping.Bhmem  - Unique mapped and paired reads 1102896 ...
[M::mem_process_seqs] Processed 1001 reads in 0.876 CPU sec, 0.122 real sec
[M::mem_process_seqs] Processed 1001 reads in 0.766 CPU sec, 0.113 real sec
[M::mem_process_seqs] Processed 1001 reads in 0.923 CPU sec, 0.118 real sec
[M::mem_process_seqs] Processed 1001 reads in 0.857 CPU sec, 0.108 real sec
372191 [main] INFO main.java.edu.mit.compbio.bisulfitehic.mapping.Bhmem  - Processing reads 1116000 ...
372191 [main] INFO main.java.edu.mit.compbio.bisulfitehic.mapping.Bhmem  - Unique mapped and paired reads 1104870 ...
372195 [main] INFO main.java.edu.mit.compbio.bisulfitehic.mapping.Bhmem  - Processing reads 1117000 ...
372195 [main] INFO main.java.edu.mit.compbio.bisulfitehic.mapping.Bhmem  - Unique mapped and paired reads 1104870 ...
[M::mem_process_seqs] Processed 1001 reads in 0.859 CPU sec, 0.109 real sec
[M::mem_process_seqs] Processed 1001 reads in 0.833 CPU sec, 0.105 real sec
[M::mem_process_seqs] Processed 1001 reads in 0.971 CPU sec, 0.129 real sec
[M::mem_process_seqs] Processed 1001 reads in 1.005 CPU sec, 0.138 real sec
372829 [main] INFO main.java.edu.mit.compbio.bisulfitehic.mapping.Bhmem  - Processing reads 1118000 ...
372829 [main] INFO main.java.edu.mit.compbio.bisulfitehic.mapping.Bhmem  - Unique mapped and paired reads 1106864 ...
372832 [main] INFO main.java.edu.mit.compbio.bisulfitehic.mapping.Bhmem  - Processing reads 1119000 ...
372832 [main] INFO main.java.edu.mit.compbio.bisulfitehic.mapping.Bhmem  - Unique mapped and paired reads 1106864 ...
[M::mem_process_seqs] Processed 1001 reads in 0.927 CPU sec, 0.118 real sec
[M::mem_process_seqs] Processed 1001 reads in 0.878 CPU sec, 0.112 real sec
[M::mem_process_seqs] Processed 1001 reads in 1.061 CPU sec, 0.144 real sec
[M::mem_process_seqs] Processed 1001 reads in 0.993 CPU sec, 0.129 real sec
373488 [main] INFO main.java.edu.mit.compbio.bisulfitehic.mapping.Bhmem  - Processing reads 1120000 ...
373488 [main] INFO main.java.edu.mit.compbio.bisulfitehic.mapping.Bhmem  - Unique mapped and paired reads 1108848 ...
373492 [main] INFO main.java.edu.mit.compbio.bisulfitehic.mapping.Bhmem  - Processing reads 1121000 ...
373492 [main] INFO main.java.edu.mit.compbio.bisulfitehic.mapping.Bhmem  - Unique mapped and paired reads 1108848 ...
[M::mem_process_seqs] Processed 1001 reads in 0.936 CPU sec, 0.122 real sec
[M::mem_process_seqs] Processed 1001 reads in 0.849 CPU sec, 0.110 real sec
[M::mem_process_seqs] Processed 1001 reads in 0.959 CPU sec, 0.122 real sec
[M::mem_process_seqs] Processed 1001 reads in 0.867 CPU sec, 0.111 real sec
374113 [main] INFO main.java.edu.mit.compbio.bisulfitehic.mapping.Bhmem  - Processing reads 1122000 ...
374113 [main] INFO main.java.edu.mit.compbio.bisulfitehic.mapping.Bhmem  - Unique mapped and paired reads 1110832 ...
374117 [main] INFO main.java.edu.mit.compbio.bisulfitehic.mapping.Bhmem  - Processing reads 1123000 ...
374117 [main] INFO main.java.edu.mit.compbio.bisulfitehic.mapping.Bhmem  - Unique mapped and paired reads 1110832 ...
[M::mem_process_seqs] Processed 1001 reads in 0.902 CPU sec, 0.119 real sec
[M::mem_process_seqs] Processed 1001 reads in 0.832 CPU sec, 0.107 real sec
[M::mem_process_seqs] Processed 1001 reads in 1.004 CPU sec, 0.128 real sec
[M::mem_process_seqs] Processed 1001 reads in 1.103 CPU sec, 0.149 real sec
374776 [main] INFO main.java.edu.mit.compbio.bisulfitehic.mapping.Bhmem  - Processing reads 1124000 ...
374776 [main] INFO main.java.edu.mit.compbio.bisulfitehic.mapping.Bhmem  - Unique mapped and paired reads 1112818 ...
374780 [main] INFO main.java.edu.mit.compbio.bisulfitehic.mapping.Bhmem  - Processing reads 1125000 ...
374780 [main] INFO main.java.edu.mit.compbio.bisulfitehic.mapping.Bhmem  - Unique mapped and paired reads 1112818 ...
[M::mem_process_seqs] Processed 1001 reads in 0.876 CPU sec, 0.113 real sec
[M::mem_process_seqs] Processed 1001 reads in 0.753 CPU sec, 0.095 real sec
[M::mem_process_seqs] Processed 1001 reads in 0.939 CPU sec, 0.128 real sec
[M::mem_process_seqs] Processed 1001 reads in 0.834 CPU sec, 0.106 real sec
375425 [main] INFO main.java.edu.mit.compbio.bisulfitehic.mapping.Bhmem  - Processing reads 1126000 ...
375425 [main] INFO main.java.edu.mit.compbio.bisulfitehic.mapping.Bhmem  - Unique mapped and paired reads 1114804 ...
375429 [main] INFO main.java.edu.mit.compbio.bisulfitehic.mapping.Bhmem  - Processing reads 1127000 ...
375429 [main] INFO main.java.edu.mit.compbio.bisulfitehic.mapping.Bhmem  - Unique mapped and paired reads 1114804 ...
[M::mem_process_seqs] Processed 1001 reads in 0.811 CPU sec, 0.105 real sec
[M::mem_process_seqs] Processed 1001 reads in 0.773 CPU sec, 0.103 real sec
[M::mem_process_seqs] Processed 1001 reads in 0.835 CPU sec, 0.107 real sec
[M::mem_process_seqs] Processed 1001 reads in 0.860 CPU sec, 0.114 real sec
376007 [main] INFO main.java.edu.mit.compbio.bisulfitehic.mapping.Bhmem  - Processing reads 1128000 ...
376007 [main] INFO main.java.edu.mit.compbio.bisulfitehic.mapping.Bhmem  - Unique mapped and paired reads 1116784 ...
376011 [main] INFO main.java.edu.mit.compbio.bisulfitehic.mapping.Bhmem  - Processing reads 1129000 ...
376011 [main] INFO main.java.edu.mit.compbio.bisulfitehic.mapping.Bhmem  - Unique mapped and paired reads 1116784 ...
[M::mem_process_seqs] Processed 1001 reads in 0.911 CPU sec, 0.119 real sec
[M::mem_process_seqs] Processed 1001 reads in 0.812 CPU sec, 0.103 real sec
[M::mem_process_seqs] Processed 1001 reads in 1.003 CPU sec, 0.149 real sec
[M::mem_process_seqs] Processed 1001 reads in 0.940 CPU sec, 0.138 real sec
376677 [main] INFO main.java.edu.mit.compbio.bisulfitehic.mapping.Bhmem  - Processing reads 1130000 ...
376677 [main] INFO main.java.edu.mit.compbio.bisulfitehic.mapping.Bhmem  - Unique mapped and paired reads 1118770 ...
376681 [main] INFO main.java.edu.mit.compbio.bisulfitehic.mapping.Bhmem  - Processing reads 1131000 ...
376681 [main] INFO main.java.edu.mit.compbio.bisulfitehic.mapping.Bhmem  - Unique mapped and paired reads 1118770 ...
[M::mem_process_seqs] Processed 1001 reads in 0.886 CPU sec, 0.116 real sec
[M::mem_process_seqs] Processed 1001 reads in 0.843 CPU sec, 0.113 real sec
[M::mem_process_seqs] Processed 1001 reads in 0.984 CPU sec, 0.134 real sec
[M::mem_process_seqs] Processed 1001 reads in 0.955 CPU sec, 0.126 real sec
377325 [main] INFO main.java.edu.mit.compbio.bisulfitehic.mapping.Bhmem  - Processing reads 1132000 ...
377325 [main] INFO main.java.edu.mit.compbio.bisulfitehic.mapping.Bhmem  - Unique mapped and paired reads 1120750 ...
377329 [main] INFO main.java.edu.mit.compbio.bisulfitehic.mapping.Bhmem  - Processing reads 1133000 ...
377329 [main] INFO main.java.edu.mit.compbio.bisulfitehic.mapping.Bhmem  - Unique mapped and paired reads 1120750 ...
[M::mem_process_seqs] Processed 1001 reads in 0.897 CPU sec, 0.116 real sec
[M::mem_process_seqs] Processed 1001 reads in 0.839 CPU sec, 0.109 real sec
[M::mem_process_seqs] Processed 1001 reads in 1.073 CPU sec, 0.143 real sec
[M::mem_process_seqs] Processed 1001 reads in 0.984 CPU sec, 0.127 real sec
377994 [main] INFO main.java.edu.mit.compbio.bisulfitehic.mapping.Bhmem  - Processing reads 1134000 ...
377994 [main] INFO main.java.edu.mit.compbio.bisulfitehic.mapping.Bhmem  - Unique mapped and paired reads 1122736 ...
377998 [main] INFO main.java.edu.mit.compbio.bisulfitehic.mapping.Bhmem  - Processing reads 1135000 ...
377998 [main] INFO main.java.edu.mit.compbio.bisulfitehic.mapping.Bhmem  - Unique mapped and paired reads 1122736 ...
[M::mem_process_seqs] Processed 1001 reads in 0.934 CPU sec, 0.118 real sec
[M::mem_process_seqs] Processed 1001 reads in 0.849 CPU sec, 0.107 real sec
[M::mem_process_seqs] Processed 1001 reads in 0.993 CPU sec, 0.128 real sec
[M::mem_process_seqs] Processed 1001 reads in 1.015 CPU sec, 0.129 real sec
378635 [main] INFO main.java.edu.mit.compbio.bisulfitehic.mapping.Bhmem  - Processing reads 1136000 ...
378635 [main] INFO main.java.edu.mit.compbio.bisulfitehic.mapping.Bhmem  - Unique mapped and paired reads 1124706 ...
378639 [main] INFO main.java.edu.mit.compbio.bisulfitehic.mapping.Bhmem  - Processing reads 1137000 ...
378639 [main] INFO main.java.edu.mit.compbio.bisulfitehic.mapping.Bhmem  - Unique mapped and paired reads 1124706 ...
[M::mem_process_seqs] Processed 1001 reads in 1.036 CPU sec, 0.147 real sec
[M::mem_process_seqs] Processed 1001 reads in 0.934 CPU sec, 0.122 real sec
[M::mem_process_seqs] Processed 1001 reads in 1.048 CPU sec, 0.135 real sec
[M::mem_process_seqs] Processed 1001 reads in 1.133 CPU sec, 0.158 real sec
379365 [main] INFO main.java.edu.mit.compbio.bisulfitehic.mapping.Bhmem  - Processing reads 1138000 ...
379365 [main] INFO main.java.edu.mit.compbio.bisulfitehic.mapping.Bhmem  - Unique mapped and paired reads 1126680 ...
379369 [main] INFO main.java.edu.mit.compbio.bisulfitehic.mapping.Bhmem  - Processing reads 1139000 ...
379369 [main] INFO main.java.edu.mit.compbio.bisulfitehic.mapping.Bhmem  - Unique mapped and paired reads 1126680 ...
[M::mem_process_seqs] Processed 1001 reads in 1.002 CPU sec, 0.130 real sec
[M::mem_process_seqs] Processed 1001 reads in 0.900 CPU sec, 0.115 real sec
[M::mem_process_seqs] Processed 1001 reads in 1.028 CPU sec, 0.132 real sec
[M::mem_process_seqs] Processed 1001 reads in 1.019 CPU sec, 0.135 real sec
380037 [main] INFO main.java.edu.mit.compbio.bisulfitehic.mapping.Bhmem  - Processing reads 1140000 ...
380037 [main] INFO main.java.edu.mit.compbio.bisulfitehic.mapping.Bhmem  - Unique mapped and paired reads 1128670 ...
380041 [main] INFO main.java.edu.mit.compbio.bisulfitehic.mapping.Bhmem  - Processing reads 1141000 ...
380041 [main] INFO main.java.edu.mit.compbio.bisulfitehic.mapping.Bhmem  - Unique mapped and paired reads 1128670 ...
[M::mem_process_seqs] Processed 1001 reads in 0.872 CPU sec, 0.112 real sec
[M::mem_process_seqs] Processed 1001 reads in 0.769 CPU sec, 0.098 real sec
[M::mem_process_seqs] Processed 1001 reads in 1.006 CPU sec, 0.131 real sec
[M::mem_process_seqs] Processed 1001 reads in 0.911 CPU sec, 0.122 real sec
380656 [main] INFO main.java.edu.mit.compbio.bisulfitehic.mapping.Bhmem  - Processing reads 1142000 ...
380656 [main] INFO main.java.edu.mit.compbio.bisulfitehic.mapping.Bhmem  - Unique mapped and paired reads 1130650 ...
380659 [main] INFO main.java.edu.mit.compbio.bisulfitehic.mapping.Bhmem  - Processing reads 1143000 ...
380659 [main] INFO main.java.edu.mit.compbio.bisulfitehic.mapping.Bhmem  - Unique mapped and paired reads 1130650 ...
[M::mem_process_seqs] Processed 1001 reads in 0.866 CPU sec, 0.111 real sec
[M::mem_process_seqs] Processed 1001 reads in 0.757 CPU sec, 0.101 real sec
[M::mem_process_seqs] Processed 1001 reads in 0.897 CPU sec, 0.113 real sec
[M::mem_process_seqs] Processed 1001 reads in 0.872 CPU sec, 0.122 real sec
381255 [main] INFO main.java.edu.mit.compbio.bisulfitehic.mapping.Bhmem  - Processing reads 1144000 ...
381255 [main] INFO main.java.edu.mit.compbio.bisulfitehic.mapping.Bhmem  - Unique mapped and paired reads 1132634 ...
381259 [main] INFO main.java.edu.mit.compbio.bisulfitehic.mapping.Bhmem  - Processing reads 1145000 ...
381259 [main] INFO main.java.edu.mit.compbio.bisulfitehic.mapping.Bhmem  - Unique mapped and paired reads 1132634 ...
[M::mem_process_seqs] Processed 1001 reads in 0.976 CPU sec, 0.134 real sec
[M::mem_process_seqs] Processed 1001 reads in 0.786 CPU sec, 0.100 real sec
[M::mem_process_seqs] Processed 1001 reads in 1.026 CPU sec, 0.131 real sec
[M::mem_process_seqs] Processed 1001 reads in 0.880 CPU sec, 0.113 real sec
381893 [main] INFO main.java.edu.mit.compbio.bisulfitehic.mapping.Bhmem  - Processing reads 1146000 ...
381893 [main] INFO main.java.edu.mit.compbio.bisulfitehic.mapping.Bhmem  - Unique mapped and paired reads 1134622 ...
381897 [main] INFO main.java.edu.mit.compbio.bisulfitehic.mapping.Bhmem  - Processing reads 1147000 ...
381897 [main] INFO main.java.edu.mit.compbio.bisulfitehic.mapping.Bhmem  - Unique mapped and paired reads 1134622 ...
[M::mem_process_seqs] Processed 1001 reads in 0.891 CPU sec, 0.119 real sec
[M::mem_process_seqs] Processed 1001 reads in 0.808 CPU sec, 0.109 real sec
[M::mem_process_seqs] Processed 1001 reads in 1.015 CPU sec, 0.141 real sec
[M::mem_process_seqs] Processed 1001 reads in 1.030 CPU sec, 0.140 real sec
382564 [main] INFO main.java.edu.mit.compbio.bisulfitehic.mapping.Bhmem  - Processing reads 1148000 ...
382564 [main] INFO main.java.edu.mit.compbio.bisulfitehic.mapping.Bhmem  - Unique mapped and paired reads 1136614 ...
382568 [main] INFO main.java.edu.mit.compbio.bisulfitehic.mapping.Bhmem  - Processing reads 1149000 ...
382568 [main] INFO main.java.edu.mit.compbio.bisulfitehic.mapping.Bhmem  - Unique mapped and paired reads 1136614 ...
[M::mem_process_seqs] Processed 1001 reads in 0.887 CPU sec, 0.116 real sec
[M::mem_process_seqs] Processed 1001 reads in 0.799 CPU sec, 0.109 real sec
[M::mem_process_seqs] Processed 1001 reads in 0.871 CPU sec, 0.119 real sec
[M::mem_process_seqs] Processed 1001 reads in 0.827 CPU sec, 0.120 real sec
383181 [main] INFO main.java.edu.mit.compbio.bisulfitehic.mapping.Bhmem  - Processing reads 1150000 ...
383181 [main] INFO main.java.edu.mit.compbio.bisulfitehic.mapping.Bhmem  - Unique mapped and paired reads 1138590 ...
383185 [main] INFO main.java.edu.mit.compbio.bisulfitehic.mapping.Bhmem  - Processing reads 1151000 ...
383185 [main] INFO main.java.edu.mit.compbio.bisulfitehic.mapping.Bhmem  - Unique mapped and paired reads 1138590 ...
[M::mem_process_seqs] Processed 1001 reads in 0.852 CPU sec, 0.108 real sec
[M::mem_process_seqs] Processed 1001 reads in 0.764 CPU sec, 0.097 real sec
[M::mem_process_seqs] Processed 1001 reads in 0.988 CPU sec, 0.130 real sec
[M::mem_process_seqs] Processed 1001 reads in 0.858 CPU sec, 0.113 real sec
383786 [main] INFO main.java.edu.mit.compbio.bisulfitehic.mapping.Bhmem  - Processing reads 1152000 ...
383786 [main] INFO main.java.edu.mit.compbio.bisulfitehic.mapping.Bhmem  - Unique mapped and paired reads 1140582 ...
383790 [main] INFO main.java.edu.mit.compbio.bisulfitehic.mapping.Bhmem  - Processing reads 1153000 ...
383790 [main] INFO main.java.edu.mit.compbio.bisulfitehic.mapping.Bhmem  - Unique mapped and paired reads 1140582 ...
[M::mem_process_seqs] Processed 1001 reads in 0.869 CPU sec, 0.115 real sec
[M::mem_process_seqs] Processed 1001 reads in 0.805 CPU sec, 0.106 real sec
[M::mem_process_seqs] Processed 1001 reads in 1.002 CPU sec, 0.141 real sec
[M::mem_process_seqs] Processed 1001 reads in 0.935 CPU sec, 0.127 real sec
384438 [main] INFO main.java.edu.mit.compbio.bisulfitehic.mapping.Bhmem  - Processing reads 1154000 ...
384439 [main] INFO main.java.edu.mit.compbio.bisulfitehic.mapping.Bhmem  - Unique mapped and paired reads 1142572 ...
384442 [main] INFO main.java.edu.mit.compbio.bisulfitehic.mapping.Bhmem  - Processing reads 1155000 ...
384442 [main] INFO main.java.edu.mit.compbio.bisulfitehic.mapping.Bhmem  - Unique mapped and paired reads 1142572 ...
[M::mem_process_seqs] Processed 1001 reads in 0.875 CPU sec, 0.111 real sec
[M::mem_process_seqs] Processed 1001 reads in 0.863 CPU sec, 0.109 real sec
[M::mem_process_seqs] Processed 1001 reads in 0.905 CPU sec, 0.115 real sec
[M::mem_process_seqs] Processed 1001 reads in 0.952 CPU sec, 0.122 real sec
385048 [main] INFO main.java.edu.mit.compbio.bisulfitehic.mapping.Bhmem  - Processing reads 1156000 ...
385048 [main] INFO main.java.edu.mit.compbio.bisulfitehic.mapping.Bhmem  - Unique mapped and paired reads 1144560 ...
385052 [main] INFO main.java.edu.mit.compbio.bisulfitehic.mapping.Bhmem  - Processing reads 1157000 ...
385052 [main] INFO main.java.edu.mit.compbio.bisulfitehic.mapping.Bhmem  - Unique mapped and paired reads 1144560 ...
[M::mem_process_seqs] Processed 1001 reads in 0.899 CPU sec, 0.117 real sec
[M::mem_process_seqs] Processed 1001 reads in 0.859 CPU sec, 0.109 real sec
[M::mem_process_seqs] Processed 1001 reads in 0.921 CPU sec, 0.123 real sec
[M::mem_process_seqs] Processed 1001 reads in 0.946 CPU sec, 0.124 real sec
385687 [main] INFO main.java.edu.mit.compbio.bisulfitehic.mapping.Bhmem  - Processing reads 1158000 ...
385687 [main] INFO main.java.edu.mit.compbio.bisulfitehic.mapping.Bhmem  - Unique mapped and paired reads 1146544 ...
385691 [main] INFO main.java.edu.mit.compbio.bisulfitehic.mapping.Bhmem  - Processing reads 1159000 ...
385691 [main] INFO main.java.edu.mit.compbio.bisulfitehic.mapping.Bhmem  - Unique mapped and paired reads 1146544 ...
[M::mem_process_seqs] Processed 1001 reads in 0.897 CPU sec, 0.115 real sec
[M::mem_process_seqs] Processed 1001 reads in 0.888 CPU sec, 0.122 real sec
[M::mem_process_seqs] Processed 1001 reads in 1.118 CPU sec, 0.147 real sec
[M::mem_process_seqs] Processed 1001 reads in 1.083 CPU sec, 0.146 real sec
386377 [main] INFO main.java.edu.mit.compbio.bisulfitehic.mapping.Bhmem  - Processing reads 1160000 ...
386377 [main] INFO main.java.edu.mit.compbio.bisulfitehic.mapping.Bhmem  - Unique mapped and paired reads 1148536 ...
386381 [main] INFO main.java.edu.mit.compbio.bisulfitehic.mapping.Bhmem  - Processing reads 1161000 ...
386381 [main] INFO main.java.edu.mit.compbio.bisulfitehic.mapping.Bhmem  - Unique mapped and paired reads 1148536 ...
[M::mem_process_seqs] Processed 1001 reads in 0.960 CPU sec, 0.123 real sec
[M::mem_process_seqs] Processed 1001 reads in 0.941 CPU sec, 0.121 real sec
[M::mem_process_seqs] Processed 1001 reads in 1.001 CPU sec, 0.140 real sec
[M::mem_process_seqs] Processed 1001 reads in 1.020 CPU sec, 0.133 real sec
387059 [main] INFO main.java.edu.mit.compbio.bisulfitehic.mapping.Bhmem  - Processing reads 1162000 ...
387059 [main] INFO main.java.edu.mit.compbio.bisulfitehic.mapping.Bhmem  - Unique mapped and paired reads 1150512 ...
387063 [main] INFO main.java.edu.mit.compbio.bisulfitehic.mapping.Bhmem  - Processing reads 1163000 ...
387063 [main] INFO main.java.edu.mit.compbio.bisulfitehic.mapping.Bhmem  - Unique mapped and paired reads 1150512 ...
[M::mem_process_seqs] Processed 1001 reads in 0.908 CPU sec, 0.116 real sec
[M::mem_process_seqs] Processed 1001 reads in 0.942 CPU sec, 0.120 real sec
[M::mem_process_seqs] Processed 1001 reads in 1.025 CPU sec, 0.144 real sec
[M::mem_process_seqs] Processed 1001 reads in 1.165 CPU sec, 0.153 real sec
387767 [main] INFO main.java.edu.mit.compbio.bisulfitehic.mapping.Bhmem  - Processing reads 1164000 ...
387767 [main] INFO main.java.edu.mit.compbio.bisulfitehic.mapping.Bhmem  - Unique mapped and paired reads 1152492 ...
387771 [main] INFO main.java.edu.mit.compbio.bisulfitehic.mapping.Bhmem  - Processing reads 1165000 ...
387771 [main] INFO main.java.edu.mit.compbio.bisulfitehic.mapping.Bhmem  - Unique mapped and paired reads 1152492 ...
[M::mem_process_seqs] Processed 1001 reads in 0.948 CPU sec, 0.123 real sec
[M::mem_process_seqs] Processed 1001 reads in 0.830 CPU sec, 0.105 real sec
[M::mem_process_seqs] Processed 1001 reads in 0.997 CPU sec, 0.126 real sec
[M::mem_process_seqs] Processed 1001 reads in 0.933 CPU sec, 0.119 real sec
388405 [main] INFO main.java.edu.mit.compbio.bisulfitehic.mapping.Bhmem  - Processing reads 1166000 ...
388405 [main] INFO main.java.edu.mit.compbio.bisulfitehic.mapping.Bhmem  - Unique mapped and paired reads 1154470 ...
388409 [main] INFO main.java.edu.mit.compbio.bisulfitehic.mapping.Bhmem  - Processing reads 1167000 ...
388409 [main] INFO main.java.edu.mit.compbio.bisulfitehic.mapping.Bhmem  - Unique mapped and paired reads 1154470 ...
[M::mem_process_seqs] Processed 1001 reads in 0.920 CPU sec, 0.116 real sec
[M::mem_process_seqs] Processed 1001 reads in 0.784 CPU sec, 0.102 real sec
[M::mem_process_seqs] Processed 1001 reads in 1.014 CPU sec, 0.132 real sec
[M::mem_process_seqs] Processed 1001 reads in 0.986 CPU sec, 0.127 real sec
389046 [main] INFO main.java.edu.mit.compbio.bisulfitehic.mapping.Bhmem  - Processing reads 1168000 ...
389046 [main] INFO main.java.edu.mit.compbio.bisulfitehic.mapping.Bhmem  - Unique mapped and paired reads 1156448 ...
389050 [main] INFO main.java.edu.mit.compbio.bisulfitehic.mapping.Bhmem  - Processing reads 1169000 ...
389050 [main] INFO main.java.edu.mit.compbio.bisulfitehic.mapping.Bhmem  - Unique mapped and paired reads 1156448 ...
[M::mem_process_seqs] Processed 1001 reads in 0.922 CPU sec, 0.119 real sec
[M::mem_process_seqs] Processed 1001 reads in 0.839 CPU sec, 0.106 real sec
[M::mem_process_seqs] Processed 1001 reads in 0.925 CPU sec, 0.122 real sec
[M::mem_process_seqs] Processed 1001 reads in 0.862 CPU sec, 0.109 real sec
389659 [main] INFO main.java.edu.mit.compbio.bisulfitehic.mapping.Bhmem  - Processing reads 1170000 ...
389659 [main] INFO main.java.edu.mit.compbio.bisulfitehic.mapping.Bhmem  - Unique mapped and paired reads 1158428 ...
389748 [main] INFO main.java.edu.mit.compbio.bisulfitehic.mapping.Bhmem  - Processing reads 1171000 ...
389748 [main] INFO main.java.edu.mit.compbio.bisulfitehic.mapping.Bhmem  - Unique mapped and paired reads 1158428 ...
[M::mem_process_seqs] Processed 1001 reads in 0.898 CPU sec, 0.114 real sec
[M::mem_process_seqs] Processed 1001 reads in 0.830 CPU sec, 0.125 real sec
[M::mem_process_seqs] Processed 1001 reads in 0.914 CPU sec, 0.129 real sec
[M::mem_process_seqs] Processed 1001 reads in 0.912 CPU sec, 0.130 real sec
390407 [main] INFO main.java.edu.mit.compbio.bisulfitehic.mapping.Bhmem  - Processing reads 1172000 ...
390407 [main] INFO main.java.edu.mit.compbio.bisulfitehic.mapping.Bhmem  - Unique mapped and paired reads 1160412 ...
390411 [main] INFO main.java.edu.mit.compbio.bisulfitehic.mapping.Bhmem  - Processing reads 1173000 ...
390411 [main] INFO main.java.edu.mit.compbio.bisulfitehic.mapping.Bhmem  - Unique mapped and paired reads 1160412 ...
[M::mem_process_seqs] Processed 1001 reads in 0.966 CPU sec, 0.123 real sec
[M::mem_process_seqs] Processed 1001 reads in 0.908 CPU sec, 0.136 real sec
[M::mem_process_seqs] Processed 1001 reads in 1.019 CPU sec, 0.134 real sec
[M::mem_process_seqs] Processed 1001 reads in 0.969 CPU sec, 0.133 real sec
391096 [main] INFO main.java.edu.mit.compbio.bisulfitehic.mapping.Bhmem  - Processing reads 1174000 ...
391096 [main] INFO main.java.edu.mit.compbio.bisulfitehic.mapping.Bhmem  - Unique mapped and paired reads 1162402 ...
391100 [main] INFO main.java.edu.mit.compbio.bisulfitehic.mapping.Bhmem  - Processing reads 1175000 ...
391100 [main] INFO main.java.edu.mit.compbio.bisulfitehic.mapping.Bhmem  - Unique mapped and paired reads 1162402 ...
[M::mem_process_seqs] Processed 1001 reads in 0.882 CPU sec, 0.113 real sec
[M::mem_process_seqs] Processed 1001 reads in 0.800 CPU sec, 0.106 real sec
[M::mem_process_seqs] Processed 1001 reads in 0.913 CPU sec, 0.120 real sec
[M::mem_process_seqs] Processed 1001 reads in 0.910 CPU sec, 0.118 real sec
391711 [main] INFO main.java.edu.mit.compbio.bisulfitehic.mapping.Bhmem  - Processing reads 1176000 ...
391711 [main] INFO main.java.edu.mit.compbio.bisulfitehic.mapping.Bhmem  - Unique mapped and paired reads 1164386 ...
391715 [main] INFO main.java.edu.mit.compbio.bisulfitehic.mapping.Bhmem  - Processing reads 1177000 ...
391715 [main] INFO main.java.edu.mit.compbio.bisulfitehic.mapping.Bhmem  - Unique mapped and paired reads 1164386 ...
[M::mem_process_seqs] Processed 1001 reads in 0.929 CPU sec, 0.120 real sec
[M::mem_process_seqs] Processed 1001 reads in 0.890 CPU sec, 0.113 real sec
[M::mem_process_seqs] Processed 1001 reads in 1.001 CPU sec, 0.130 real sec
[M::mem_process_seqs] Processed 1001 reads in 0.978 CPU sec, 0.128 real sec
392364 [main] INFO main.java.edu.mit.compbio.bisulfitehic.mapping.Bhmem  - Processing reads 1178000 ...
392364 [main] INFO main.java.edu.mit.compbio.bisulfitehic.mapping.Bhmem  - Unique mapped and paired reads 1166364 ...
392368 [main] INFO main.java.edu.mit.compbio.bisulfitehic.mapping.Bhmem  - Processing reads 1179000 ...
392368 [main] INFO main.java.edu.mit.compbio.bisulfitehic.mapping.Bhmem  - Unique mapped and paired reads 1166364 ...
[M::mem_process_seqs] Processed 1001 reads in 0.862 CPU sec, 0.125 real sec
[M::mem_process_seqs] Processed 1001 reads in 0.805 CPU sec, 0.111 real sec
[M::mem_process_seqs] Processed 1001 reads in 1.001 CPU sec, 0.132 real sec
[M::mem_process_seqs] Processed 1001 reads in 0.884 CPU sec, 0.125 real sec
393019 [main] INFO main.java.edu.mit.compbio.bisulfitehic.mapping.Bhmem  - Processing reads 1180000 ...
393019 [main] INFO main.java.edu.mit.compbio.bisulfitehic.mapping.Bhmem  - Unique mapped and paired reads 1168346 ...
393023 [main] INFO main.java.edu.mit.compbio.bisulfitehic.mapping.Bhmem  - Processing reads 1181000 ...
393023 [main] INFO main.java.edu.mit.compbio.bisulfitehic.mapping.Bhmem  - Unique mapped and paired reads 1168346 ...
[M::mem_process_seqs] Processed 1001 reads in 0.885 CPU sec, 0.113 real sec
[M::mem_process_seqs] Processed 1001 reads in 0.904 CPU sec, 0.116 real sec
[M::mem_process_seqs] Processed 1001 reads in 0.909 CPU sec, 0.116 real sec
[M::mem_process_seqs] Processed 1001 reads in 0.892 CPU sec, 0.113 real sec
393637 [main] INFO main.java.edu.mit.compbio.bisulfitehic.mapping.Bhmem  - Processing reads 1182000 ...
393637 [main] INFO main.java.edu.mit.compbio.bisulfitehic.mapping.Bhmem  - Unique mapped and paired reads 1170326 ...
393640 [main] INFO main.java.edu.mit.compbio.bisulfitehic.mapping.Bhmem  - Processing reads 1183000 ...
393641 [main] INFO main.java.edu.mit.compbio.bisulfitehic.mapping.Bhmem  - Unique mapped and paired reads 1170326 ...
[M::mem_process_seqs] Processed 1001 reads in 0.884 CPU sec, 0.113 real sec
[M::mem_process_seqs] Processed 1001 reads in 0.788 CPU sec, 0.103 real sec
[M::mem_process_seqs] Processed 1001 reads in 0.966 CPU sec, 0.133 real sec
[M::mem_process_seqs] Processed 1001 reads in 0.858 CPU sec, 0.108 real sec
394254 [main] INFO main.java.edu.mit.compbio.bisulfitehic.mapping.Bhmem  - Processing reads 1184000 ...
394254 [main] INFO main.java.edu.mit.compbio.bisulfitehic.mapping.Bhmem  - Unique mapped and paired reads 1172316 ...
394258 [main] INFO main.java.edu.mit.compbio.bisulfitehic.mapping.Bhmem  - Processing reads 1185000 ...
394258 [main] INFO main.java.edu.mit.compbio.bisulfitehic.mapping.Bhmem  - Unique mapped and paired reads 1172316 ...
[M::mem_process_seqs] Processed 1001 reads in 1.037 CPU sec, 0.145 real sec
[M::mem_process_seqs] Processed 1001 reads in 0.939 CPU sec, 0.127 real sec
[M::mem_process_seqs] Processed 1001 reads in 0.973 CPU sec, 0.124 real sec
[M::mem_process_seqs] Processed 1001 reads in 0.910 CPU sec, 0.115 real sec
394924 [main] INFO main.java.edu.mit.compbio.bisulfitehic.mapping.Bhmem  - Processing reads 1186000 ...
394924 [main] INFO main.java.edu.mit.compbio.bisulfitehic.mapping.Bhmem  - Unique mapped and paired reads 1174310 ...
394928 [main] INFO main.java.edu.mit.compbio.bisulfitehic.mapping.Bhmem  - Processing reads 1187000 ...
394928 [main] INFO main.java.edu.mit.compbio.bisulfitehic.mapping.Bhmem  - Unique mapped and paired reads 1174310 ...
[M::mem_process_seqs] Processed 1001 reads in 0.894 CPU sec, 0.125 real sec
[M::mem_process_seqs] Processed 1001 reads in 0.844 CPU sec, 0.109 real sec
[M::mem_process_seqs] Processed 1001 reads in 1.007 CPU sec, 0.137 real sec
[M::mem_process_seqs] Processed 1001 reads in 0.894 CPU sec, 0.116 real sec
395570 [main] INFO main.java.edu.mit.compbio.bisulfitehic.mapping.Bhmem  - Processing reads 1188000 ...
395570 [main] INFO main.java.edu.mit.compbio.bisulfitehic.mapping.Bhmem  - Unique mapped and paired reads 1176296 ...
395574 [main] INFO main.java.edu.mit.compbio.bisulfitehic.mapping.Bhmem  - Processing reads 1189000 ...
395574 [main] INFO main.java.edu.mit.compbio.bisulfitehic.mapping.Bhmem  - Unique mapped and paired reads 1176296 ...
[M::mem_process_seqs] Processed 1001 reads in 0.896 CPU sec, 0.113 real sec
[M::mem_process_seqs] Processed 1001 reads in 0.821 CPU sec, 0.117 real sec
[M::mem_process_seqs] Processed 1001 reads in 0.935 CPU sec, 0.124 real sec
[M::mem_process_seqs] Processed 1001 reads in 0.844 CPU sec, 0.107 real sec
396190 [main] INFO main.java.edu.mit.compbio.bisulfitehic.mapping.Bhmem  - Processing reads 1190000 ...
396190 [main] INFO main.java.edu.mit.compbio.bisulfitehic.mapping.Bhmem  - Unique mapped and paired reads 1178286 ...
396194 [main] INFO main.java.edu.mit.compbio.bisulfitehic.mapping.Bhmem  - Processing reads 1191000 ...
396194 [main] INFO main.java.edu.mit.compbio.bisulfitehic.mapping.Bhmem  - Unique mapped and paired reads 1178286 ...
[M::mem_process_seqs] Processed 1001 reads in 0.865 CPU sec, 0.115 real sec
[M::mem_process_seqs] Processed 1001 reads in 0.776 CPU sec, 0.102 real sec
[M::mem_process_seqs] Processed 1001 reads in 0.837 CPU sec, 0.107 real sec
[M::mem_process_seqs] Processed 1001 reads in 0.900 CPU sec, 0.114 real sec
396786 [main] INFO main.java.edu.mit.compbio.bisulfitehic.mapping.Bhmem  - Processing reads 1192000 ...
396786 [main] INFO main.java.edu.mit.compbio.bisulfitehic.mapping.Bhmem  - Unique mapped and paired reads 1180268 ...
396790 [main] INFO main.java.edu.mit.compbio.bisulfitehic.mapping.Bhmem  - Processing reads 1193000 ...
396790 [main] INFO main.java.edu.mit.compbio.bisulfitehic.mapping.Bhmem  - Unique mapped and paired reads 1180268 ...
[M::mem_process_seqs] Processed 1001 reads in 0.927 CPU sec, 0.119 real sec
[M::mem_process_seqs] Processed 1001 reads in 0.828 CPU sec, 0.109 real sec
[M::mem_process_seqs] Processed 1001 reads in 0.939 CPU sec, 0.132 real sec
[M::mem_process_seqs] Processed 1001 reads in 0.963 CPU sec, 0.132 real sec
397435 [main] INFO main.java.edu.mit.compbio.bisulfitehic.mapping.Bhmem  - Processing reads 1194000 ...
397435 [main] INFO main.java.edu.mit.compbio.bisulfitehic.mapping.Bhmem  - Unique mapped and paired reads 1182252 ...
397438 [main] INFO main.java.edu.mit.compbio.bisulfitehic.mapping.Bhmem  - Processing reads 1195000 ...
397438 [main] INFO main.java.edu.mit.compbio.bisulfitehic.mapping.Bhmem  - Unique mapped and paired reads 1182252 ...
[M::mem_process_seqs] Processed 1001 reads in 0.845 CPU sec, 0.112 real sec
[M::mem_process_seqs] Processed 1001 reads in 0.764 CPU sec, 0.097 real sec
[M::mem_process_seqs] Processed 1001 reads in 0.853 CPU sec, 0.116 real sec
[M::mem_process_seqs] Processed 1001 reads in 0.829 CPU sec, 0.105 real sec
398019 [main] INFO main.java.edu.mit.compbio.bisulfitehic.mapping.Bhmem  - Processing reads 1196000 ...
398019 [main] INFO main.java.edu.mit.compbio.bisulfitehic.mapping.Bhmem  - Unique mapped and paired reads 1184232 ...
398022 [main] INFO main.java.edu.mit.compbio.bisulfitehic.mapping.Bhmem  - Processing reads 1197000 ...
398022 [main] INFO main.java.edu.mit.compbio.bisulfitehic.mapping.Bhmem  - Unique mapped and paired reads 1184232 ...
[M::mem_process_seqs] Processed 1001 reads in 0.899 CPU sec, 0.115 real sec
[M::mem_process_seqs] Processed 1001 reads in 0.832 CPU sec, 0.110 real sec
[M::mem_process_seqs] Processed 1001 reads in 0.756 CPU sec, 0.096 real sec
[M::mem_process_seqs] Processed 1001 reads in 0.799 CPU sec, 0.112 real sec
398601 [main] INFO main.java.edu.mit.compbio.bisulfitehic.mapping.Bhmem  - Processing reads 1198000 ...
398601 [main] INFO main.java.edu.mit.compbio.bisulfitehic.mapping.Bhmem  - Unique mapped and paired reads 1186216 ...
398605 [main] INFO main.java.edu.mit.compbio.bisulfitehic.mapping.Bhmem  - Processing reads 1199000 ...
398605 [main] INFO main.java.edu.mit.compbio.bisulfitehic.mapping.Bhmem  - Unique mapped and paired reads 1186216 ...
[M::mem_process_seqs] Processed 1001 reads in 0.881 CPU sec, 0.119 real sec
[M::mem_process_seqs] Processed 1001 reads in 0.812 CPU sec, 0.112 real sec
[M::mem_process_seqs] Processed 1001 reads in 0.878 CPU sec, 0.118 real sec
[M::mem_process_seqs] Processed 1001 reads in 0.864 CPU sec, 0.110 real sec
399217 [main] INFO main.java.edu.mit.compbio.bisulfitehic.mapping.Bhmem  - Processing reads 1200000 ...
399217 [main] INFO main.java.edu.mit.compbio.bisulfitehic.mapping.Bhmem  - Unique mapped and paired reads 1188198 ...
399221 [main] INFO main.java.edu.mit.compbio.bisulfitehic.mapping.Bhmem  - Processing reads 1201000 ...
399221 [main] INFO main.java.edu.mit.compbio.bisulfitehic.mapping.Bhmem  - Unique mapped and paired reads 1188198 ...
[M::mem_process_seqs] Processed 1001 reads in 0.894 CPU sec, 0.121 real sec
[M::mem_process_seqs] Processed 1001 reads in 0.885 CPU sec, 0.118 real sec
[M::mem_process_seqs] Processed 1001 reads in 0.908 CPU sec, 0.128 real sec
[M::mem_process_seqs] Processed 1001 reads in 0.885 CPU sec, 0.116 real sec
399860 [main] INFO main.java.edu.mit.compbio.bisulfitehic.mapping.Bhmem  - Processing reads 1202000 ...
399860 [main] INFO main.java.edu.mit.compbio.bisulfitehic.mapping.Bhmem  - Unique mapped and paired reads 1190184 ...
399864 [main] INFO main.java.edu.mit.compbio.bisulfitehic.mapping.Bhmem  - Processing reads 1203000 ...
399864 [main] INFO main.java.edu.mit.compbio.bisulfitehic.mapping.Bhmem  - Unique mapped and paired reads 1190184 ...
[M::mem_process_seqs] Processed 1001 reads in 0.818 CPU sec, 0.103 real sec
[M::mem_process_seqs] Processed 1001 reads in 0.789 CPU sec, 0.107 real sec
[M::mem_process_seqs] Processed 1001 reads in 0.905 CPU sec, 0.115 real sec
[M::mem_process_seqs] Processed 1001 reads in 0.917 CPU sec, 0.117 real sec
400454 [main] INFO main.java.edu.mit.compbio.bisulfitehic.mapping.Bhmem  - Processing reads 1204000 ...
400454 [main] INFO main.java.edu.mit.compbio.bisulfitehic.mapping.Bhmem  - Unique mapped and paired reads 1192166 ...
400458 [main] INFO main.java.edu.mit.compbio.bisulfitehic.mapping.Bhmem  - Processing reads 1205000 ...
400458 [main] INFO main.java.edu.mit.compbio.bisulfitehic.mapping.Bhmem  - Unique mapped and paired reads 1192166 ...
[M::mem_process_seqs] Processed 1001 reads in 0.948 CPU sec, 0.129 real sec
[M::mem_process_seqs] Processed 1001 reads in 0.870 CPU sec, 0.115 real sec
[M::mem_process_seqs] Processed 1001 reads in 0.946 CPU sec, 0.124 real sec
[M::mem_process_seqs] Processed 1001 reads in 0.921 CPU sec, 0.118 real sec
401097 [main] INFO main.java.edu.mit.compbio.bisulfitehic.mapping.Bhmem  - Processing reads 1206000 ...
401097 [main] INFO main.java.edu.mit.compbio.bisulfitehic.mapping.Bhmem  - Unique mapped and paired reads 1194150 ...
401101 [main] INFO main.java.edu.mit.compbio.bisulfitehic.mapping.Bhmem  - Processing reads 1207000 ...
401101 [main] INFO main.java.edu.mit.compbio.bisulfitehic.mapping.Bhmem  - Unique mapped and paired reads 1194150 ...
[M::mem_process_seqs] Processed 1001 reads in 0.970 CPU sec, 0.127 real sec
[M::mem_process_seqs] Processed 1001 reads in 1.047 CPU sec, 0.147 real sec
[M::mem_process_seqs] Processed 1001 reads in 0.982 CPU sec, 0.126 real sec
[M::mem_process_seqs] Processed 1001 reads in 0.903 CPU sec, 0.116 real sec
401783 [main] INFO main.java.edu.mit.compbio.bisulfitehic.mapping.Bhmem  - Processing reads 1208000 ...
401783 [main] INFO main.java.edu.mit.compbio.bisulfitehic.mapping.Bhmem  - Unique mapped and paired reads 1196140 ...
401787 [main] INFO main.java.edu.mit.compbio.bisulfitehic.mapping.Bhmem  - Processing reads 1209000 ...
401787 [main] INFO main.java.edu.mit.compbio.bisulfitehic.mapping.Bhmem  - Unique mapped and paired reads 1196140 ...
[M::mem_process_seqs] Processed 1001 reads in 0.843 CPU sec, 0.108 real sec
[M::mem_process_seqs] Processed 1001 reads in 0.769 CPU sec, 0.098 real sec
[M::mem_process_seqs] Processed 1001 reads in 0.913 CPU sec, 0.121 real sec
[M::mem_process_seqs] Processed 1001 reads in 0.880 CPU sec, 0.118 real sec
402383 [main] INFO main.java.edu.mit.compbio.bisulfitehic.mapping.Bhmem  - Processing reads 1210000 ...
402383 [main] INFO main.java.edu.mit.compbio.bisulfitehic.mapping.Bhmem  - Unique mapped and paired reads 1198124 ...
402387 [main] INFO main.java.edu.mit.compbio.bisulfitehic.mapping.Bhmem  - Processing reads 1211000 ...
402387 [main] INFO main.java.edu.mit.compbio.bisulfitehic.mapping.Bhmem  - Unique mapped and paired reads 1198124 ...
[M::mem_process_seqs] Processed 1001 reads in 0.903 CPU sec, 0.115 real sec
[M::mem_process_seqs] Processed 1001 reads in 0.813 CPU sec, 0.104 real sec
[M::mem_process_seqs] Processed 1001 reads in 0.940 CPU sec, 0.119 real sec
[M::mem_process_seqs] Processed 1001 reads in 0.957 CPU sec, 0.122 real sec
403010 [main] INFO main.java.edu.mit.compbio.bisulfitehic.mapping.Bhmem  - Processing reads 1212000 ...
403010 [main] INFO main.java.edu.mit.compbio.bisulfitehic.mapping.Bhmem  - Unique mapped and paired reads 1200104 ...
403013 [main] INFO main.java.edu.mit.compbio.bisulfitehic.mapping.Bhmem  - Processing reads 1213000 ...
403013 [main] INFO main.java.edu.mit.compbio.bisulfitehic.mapping.Bhmem  - Unique mapped and paired reads 1200104 ...
[M::mem_process_seqs] Processed 1001 reads in 0.899 CPU sec, 0.117 real sec
[M::mem_process_seqs] Processed 1001 reads in 0.853 CPU sec, 0.109 real sec
[M::mem_process_seqs] Processed 1001 reads in 0.880 CPU sec, 0.111 real sec
[M::mem_process_seqs] Processed 1001 reads in 0.897 CPU sec, 0.114 real sec
403621 [main] INFO main.java.edu.mit.compbio.bisulfitehic.mapping.Bhmem  - Processing reads 1214000 ...
403621 [main] INFO main.java.edu.mit.compbio.bisulfitehic.mapping.Bhmem  - Unique mapped and paired reads 1202070 ...
403625 [main] INFO main.java.edu.mit.compbio.bisulfitehic.mapping.Bhmem  - Processing reads 1215000 ...
403625 [main] INFO main.java.edu.mit.compbio.bisulfitehic.mapping.Bhmem  - Unique mapped and paired reads 1202070 ...
[M::mem_process_seqs] Processed 1001 reads in 0.890 CPU sec, 0.113 real sec
[M::mem_process_seqs] Processed 1001 reads in 0.748 CPU sec, 0.095 real sec
[M::mem_process_seqs] Processed 1001 reads in 0.890 CPU sec, 0.113 real sec
[M::mem_process_seqs] Processed 1001 reads in 0.898 CPU sec, 0.122 real sec
404221 [main] INFO main.java.edu.mit.compbio.bisulfitehic.mapping.Bhmem  - Processing reads 1216000 ...
404221 [main] INFO main.java.edu.mit.compbio.bisulfitehic.mapping.Bhmem  - Unique mapped and paired reads 1204054 ...
404225 [main] INFO main.java.edu.mit.compbio.bisulfitehic.mapping.Bhmem  - Processing reads 1217000 ...
404225 [main] INFO main.java.edu.mit.compbio.bisulfitehic.mapping.Bhmem  - Unique mapped and paired reads 1204054 ...
[M::mem_process_seqs] Processed 1001 reads in 0.937 CPU sec, 0.134 real sec
[M::mem_process_seqs] Processed 1001 reads in 0.871 CPU sec, 0.112 real sec
[M::mem_process_seqs] Processed 1001 reads in 0.945 CPU sec, 0.120 real sec
[M::mem_process_seqs] Processed 1001 reads in 0.953 CPU sec, 0.130 real sec
404874 [main] INFO main.java.edu.mit.compbio.bisulfitehic.mapping.Bhmem  - Processing reads 1218000 ...
404874 [main] INFO main.java.edu.mit.compbio.bisulfitehic.mapping.Bhmem  - Unique mapped and paired reads 1206046 ...
404878 [main] INFO main.java.edu.mit.compbio.bisulfitehic.mapping.Bhmem  - Processing reads 1219000 ...
404878 [main] INFO main.java.edu.mit.compbio.bisulfitehic.mapping.Bhmem  - Unique mapped and paired reads 1206046 ...
[M::mem_process_seqs] Processed 1001 reads in 0.940 CPU sec, 0.120 real sec
[M::mem_process_seqs] Processed 1001 reads in 0.860 CPU sec, 0.109 real sec
[M::mem_process_seqs] Processed 1001 reads in 0.959 CPU sec, 0.125 real sec
[M::mem_process_seqs] Processed 1001 reads in 1.005 CPU sec, 0.127 real sec
405521 [main] INFO main.java.edu.mit.compbio.bisulfitehic.mapping.Bhmem  - Processing reads 1220000 ...
405521 [main] INFO main.java.edu.mit.compbio.bisulfitehic.mapping.Bhmem  - Unique mapped and paired reads 1208036 ...
405525 [main] INFO main.java.edu.mit.compbio.bisulfitehic.mapping.Bhmem  - Processing reads 1221000 ...
405525 [main] INFO main.java.edu.mit.compbio.bisulfitehic.mapping.Bhmem  - Unique mapped and paired reads 1208036 ...
[M::mem_process_seqs] Processed 1001 reads in 1.028 CPU sec, 0.134 real sec
[M::mem_process_seqs] Processed 1001 reads in 0.883 CPU sec, 0.116 real sec
[M::mem_process_seqs] Processed 1001 reads in 1.114 CPU sec, 0.157 real sec
[M::mem_process_seqs] Processed 1001 reads in 1.053 CPU sec, 0.143 real sec
406237 [main] INFO main.java.edu.mit.compbio.bisulfitehic.mapping.Bhmem  - Processing reads 1222000 ...
406237 [main] INFO main.java.edu.mit.compbio.bisulfitehic.mapping.Bhmem  - Unique mapped and paired reads 1210018 ...
406241 [main] INFO main.java.edu.mit.compbio.bisulfitehic.mapping.Bhmem  - Processing reads 1223000 ...
406241 [main] INFO main.java.edu.mit.compbio.bisulfitehic.mapping.Bhmem  - Unique mapped and paired reads 1210018 ...
[M::mem_process_seqs] Processed 1001 reads in 0.964 CPU sec, 0.125 real sec
[M::mem_process_seqs] Processed 1001 reads in 0.811 CPU sec, 0.102 real sec
[M::mem_process_seqs] Processed 1001 reads in 1.034 CPU sec, 0.133 real sec
[M::mem_process_seqs] Processed 1001 reads in 0.981 CPU sec, 0.129 real sec
406885 [main] INFO main.java.edu.mit.compbio.bisulfitehic.mapping.Bhmem  - Processing reads 1224000 ...
406885 [main] INFO main.java.edu.mit.compbio.bisulfitehic.mapping.Bhmem  - Unique mapped and paired reads 1212010 ...
406889 [main] INFO main.java.edu.mit.compbio.bisulfitehic.mapping.Bhmem  - Processing reads 1225000 ...
406889 [main] INFO main.java.edu.mit.compbio.bisulfitehic.mapping.Bhmem  - Unique mapped and paired reads 1212010 ...
[M::mem_process_seqs] Processed 1001 reads in 0.969 CPU sec, 0.126 real sec
[M::mem_process_seqs] Processed 1001 reads in 0.868 CPU sec, 0.110 real sec
[M::mem_process_seqs] Processed 1001 reads in 0.979 CPU sec, 0.130 real sec
[M::mem_process_seqs] Processed 1001 reads in 0.961 CPU sec, 0.126 real sec
407544 [main] INFO main.java.edu.mit.compbio.bisulfitehic.mapping.Bhmem  - Processing reads 1226000 ...
407544 [main] INFO main.java.edu.mit.compbio.bisulfitehic.mapping.Bhmem  - Unique mapped and paired reads 1213996 ...
407548 [main] INFO main.java.edu.mit.compbio.bisulfitehic.mapping.Bhmem  - Processing reads 1227000 ...
407548 [main] INFO main.java.edu.mit.compbio.bisulfitehic.mapping.Bhmem  - Unique mapped and paired reads 1213996 ...
[M::mem_process_seqs] Processed 1001 reads in 0.920 CPU sec, 0.117 real sec
[M::mem_process_seqs] Processed 1001 reads in 0.857 CPU sec, 0.114 real sec
[M::mem_process_seqs] Processed 1001 reads in 0.990 CPU sec, 0.131 real sec
[M::mem_process_seqs] Processed 1001 reads in 0.901 CPU sec, 0.114 real sec
408260 [main] INFO main.java.edu.mit.compbio.bisulfitehic.mapping.Bhmem  - Processing reads 1228000 ...
408260 [main] INFO main.java.edu.mit.compbio.bisulfitehic.mapping.Bhmem  - Unique mapped and paired reads 1215984 ...
408264 [main] INFO main.java.edu.mit.compbio.bisulfitehic.mapping.Bhmem  - Processing reads 1229000 ...
408264 [main] INFO main.java.edu.mit.compbio.bisulfitehic.mapping.Bhmem  - Unique mapped and paired reads 1215984 ...
[M::mem_process_seqs] Processed 1001 reads in 0.923 CPU sec, 0.116 real sec
[M::mem_process_seqs] Processed 1001 reads in 0.895 CPU sec, 0.115 real sec
[M::mem_process_seqs] Processed 1001 reads in 0.980 CPU sec, 0.127 real sec
[M::mem_process_seqs] Processed 1001 reads in 0.980 CPU sec, 0.125 real sec
408909 [main] INFO main.java.edu.mit.compbio.bisulfitehic.mapping.Bhmem  - Processing reads 1230000 ...
408909 [main] INFO main.java.edu.mit.compbio.bisulfitehic.mapping.Bhmem  - Unique mapped and paired reads 1217966 ...
408913 [main] INFO main.java.edu.mit.compbio.bisulfitehic.mapping.Bhmem  - Processing reads 1231000 ...
408913 [main] INFO main.java.edu.mit.compbio.bisulfitehic.mapping.Bhmem  - Unique mapped and paired reads 1217966 ...
[M::mem_process_seqs] Processed 1001 reads in 0.923 CPU sec, 0.120 real sec
[M::mem_process_seqs] Processed 1001 reads in 0.831 CPU sec, 0.109 real sec
[M::mem_process_seqs] Processed 1001 reads in 0.914 CPU sec, 0.117 real sec
[M::mem_process_seqs] Processed 1001 reads in 0.915 CPU sec, 0.122 real sec
409538 [main] INFO main.java.edu.mit.compbio.bisulfitehic.mapping.Bhmem  - Processing reads 1232000 ...
409538 [main] INFO main.java.edu.mit.compbio.bisulfitehic.mapping.Bhmem  - Unique mapped and paired reads 1219944 ...
409542 [main] INFO main.java.edu.mit.compbio.bisulfitehic.mapping.Bhmem  - Processing reads 1233000 ...
409542 [main] INFO main.java.edu.mit.compbio.bisulfitehic.mapping.Bhmem  - Unique mapped and paired reads 1219944 ...
[M::mem_process_seqs] Processed 1001 reads in 0.922 CPU sec, 0.117 real sec
[M::mem_process_seqs] Processed 1001 reads in 0.869 CPU sec, 0.112 real sec
[M::mem_process_seqs] Processed 1001 reads in 0.976 CPU sec, 0.126 real sec
[M::mem_process_seqs] Processed 1001 reads in 0.936 CPU sec, 0.120 real sec
410175 [main] INFO main.java.edu.mit.compbio.bisulfitehic.mapping.Bhmem  - Processing reads 1234000 ...
410175 [main] INFO main.java.edu.mit.compbio.bisulfitehic.mapping.Bhmem  - Unique mapped and paired reads 1221926 ...
410179 [main] INFO main.java.edu.mit.compbio.bisulfitehic.mapping.Bhmem  - Processing reads 1235000 ...
410179 [main] INFO main.java.edu.mit.compbio.bisulfitehic.mapping.Bhmem  - Unique mapped and paired reads 1221926 ...
[M::mem_process_seqs] Processed 1001 reads in 1.008 CPU sec, 0.129 real sec
[M::mem_process_seqs] Processed 1001 reads in 0.885 CPU sec, 0.113 real sec
[M::mem_process_seqs] Processed 1001 reads in 1.005 CPU sec, 0.134 real sec
[M::mem_process_seqs] Processed 1001 reads in 0.950 CPU sec, 0.120 real sec
410833 [main] INFO main.java.edu.mit.compbio.bisulfitehic.mapping.Bhmem  - Processing reads 1236000 ...
410833 [main] INFO main.java.edu.mit.compbio.bisulfitehic.mapping.Bhmem  - Unique mapped and paired reads 1223902 ...
410837 [main] INFO main.java.edu.mit.compbio.bisulfitehic.mapping.Bhmem  - Processing reads 1237000 ...
410837 [main] INFO main.java.edu.mit.compbio.bisulfitehic.mapping.Bhmem  - Unique mapped and paired reads 1223902 ...
[M::mem_process_seqs] Processed 1001 reads in 0.866 CPU sec, 0.111 real sec
[M::mem_process_seqs] Processed 1001 reads in 0.880 CPU sec, 0.119 real sec
[M::mem_process_seqs] Processed 1001 reads in 0.939 CPU sec, 0.121 real sec
[M::mem_process_seqs] Processed 1001 reads in 0.916 CPU sec, 0.117 real sec
411461 [main] INFO main.java.edu.mit.compbio.bisulfitehic.mapping.Bhmem  - Processing reads 1238000 ...
411461 [main] INFO main.java.edu.mit.compbio.bisulfitehic.mapping.Bhmem  - Unique mapped and paired reads 1225878 ...
411465 [main] INFO main.java.edu.mit.compbio.bisulfitehic.mapping.Bhmem  - Processing reads 1239000 ...
411465 [main] INFO main.java.edu.mit.compbio.bisulfitehic.mapping.Bhmem  - Unique mapped and paired reads 1225878 ...
[M::mem_process_seqs] Processed 1001 reads in 0.980 CPU sec, 0.139 real sec
[M::mem_process_seqs] Processed 1001 reads in 0.891 CPU sec, 0.115 real sec
[M::mem_process_seqs] Processed 1001 reads in 1.070 CPU sec, 0.151 real sec
[M::mem_process_seqs] Processed 1001 reads in 1.108 CPU sec, 0.163 real sec
412196 [main] INFO main.java.edu.mit.compbio.bisulfitehic.mapping.Bhmem  - Processing reads 1240000 ...
412196 [main] INFO main.java.edu.mit.compbio.bisulfitehic.mapping.Bhmem  - Unique mapped and paired reads 1227866 ...
412200 [main] INFO main.java.edu.mit.compbio.bisulfitehic.mapping.Bhmem  - Processing reads 1241000 ...
412200 [main] INFO main.java.edu.mit.compbio.bisulfitehic.mapping.Bhmem  - Unique mapped and paired reads 1227866 ...
[M::mem_process_seqs] Processed 1001 reads in 0.941 CPU sec, 0.119 real sec
[M::mem_process_seqs] Processed 1001 reads in 0.785 CPU sec, 0.115 real sec
[M::mem_process_seqs] Processed 1001 reads in 1.016 CPU sec, 0.128 real sec
[M::mem_process_seqs] Processed 1001 reads in 0.916 CPU sec, 0.117 real sec
412834 [main] INFO main.java.edu.mit.compbio.bisulfitehic.mapping.Bhmem  - Processing reads 1242000 ...
412834 [main] INFO main.java.edu.mit.compbio.bisulfitehic.mapping.Bhmem  - Unique mapped and paired reads 1229840 ...
412838 [main] INFO main.java.edu.mit.compbio.bisulfitehic.mapping.Bhmem  - Processing reads 1243000 ...
412838 [main] INFO main.java.edu.mit.compbio.bisulfitehic.mapping.Bhmem  - Unique mapped and paired reads 1229840 ...
[M::mem_process_seqs] Processed 1001 reads in 0.927 CPU sec, 0.120 real sec
[M::mem_process_seqs] Processed 1001 reads in 0.863 CPU sec, 0.109 real sec
[M::mem_process_seqs] Processed 1001 reads in 0.960 CPU sec, 0.124 real sec
[M::mem_process_seqs] Processed 1001 reads in 0.966 CPU sec, 0.123 real sec
413470 [main] INFO main.java.edu.mit.compbio.bisulfitehic.mapping.Bhmem  - Processing reads 1244000 ...
413470 [main] INFO main.java.edu.mit.compbio.bisulfitehic.mapping.Bhmem  - Unique mapped and paired reads 1231820 ...
413474 [main] INFO main.java.edu.mit.compbio.bisulfitehic.mapping.Bhmem  - Processing reads 1245000 ...
413474 [main] INFO main.java.edu.mit.compbio.bisulfitehic.mapping.Bhmem  - Unique mapped and paired reads 1231820 ...
[M::mem_process_seqs] Processed 1001 reads in 1.030 CPU sec, 0.136 real sec
[M::mem_process_seqs] Processed 1001 reads in 0.906 CPU sec, 0.122 real sec
[M::mem_process_seqs] Processed 1001 reads in 1.061 CPU sec, 0.136 real sec
[M::mem_process_seqs] Processed 1001 reads in 1.047 CPU sec, 0.145 real sec
414177 [main] INFO main.java.edu.mit.compbio.bisulfitehic.mapping.Bhmem  - Processing reads 1246000 ...
414177 [main] INFO main.java.edu.mit.compbio.bisulfitehic.mapping.Bhmem  - Unique mapped and paired reads 1233812 ...
414181 [main] INFO main.java.edu.mit.compbio.bisulfitehic.mapping.Bhmem  - Processing reads 1247000 ...
414181 [main] INFO main.java.edu.mit.compbio.bisulfitehic.mapping.Bhmem  - Unique mapped and paired reads 1233812 ...
[M::mem_process_seqs] Processed 1001 reads in 0.900 CPU sec, 0.114 real sec
[M::mem_process_seqs] Processed 1001 reads in 0.787 CPU sec, 0.100 real sec
[M::mem_process_seqs] Processed 1001 reads in 0.909 CPU sec, 0.116 real sec
[M::mem_process_seqs] Processed 1001 reads in 0.936 CPU sec, 0.136 real sec
414816 [main] INFO main.java.edu.mit.compbio.bisulfitehic.mapping.Bhmem  - Processing reads 1248000 ...
414816 [main] INFO main.java.edu.mit.compbio.bisulfitehic.mapping.Bhmem  - Unique mapped and paired reads 1235808 ...
414820 [main] INFO main.java.edu.mit.compbio.bisulfitehic.mapping.Bhmem  - Processing reads 1249000 ...
414820 [main] INFO main.java.edu.mit.compbio.bisulfitehic.mapping.Bhmem  - Unique mapped and paired reads 1235808 ...
[M::mem_process_seqs] Processed 1001 reads in 0.958 CPU sec, 0.127 real sec
[M::mem_process_seqs] Processed 1001 reads in 0.878 CPU sec, 0.113 real sec
[M::mem_process_seqs] Processed 1001 reads in 1.020 CPU sec, 0.131 real sec
[M::mem_process_seqs] Processed 1001 reads in 0.951 CPU sec, 0.127 real sec
415478 [main] INFO main.java.edu.mit.compbio.bisulfitehic.mapping.Bhmem  - Processing reads 1250000 ...
415478 [main] INFO main.java.edu.mit.compbio.bisulfitehic.mapping.Bhmem  - Unique mapped and paired reads 1237784 ...
415482 [main] INFO main.java.edu.mit.compbio.bisulfitehic.mapping.Bhmem  - Processing reads 1251000 ...
415482 [main] INFO main.java.edu.mit.compbio.bisulfitehic.mapping.Bhmem  - Unique mapped and paired reads 1237784 ...
[M::mem_process_seqs] Processed 1001 reads in 1.116 CPU sec, 0.143 real sec
[M::mem_process_seqs] Processed 1001 reads in 1.067 CPU sec, 0.149 real sec
[M::mem_process_seqs] Processed 1001 reads in 1.009 CPU sec, 0.129 real sec
[M::mem_process_seqs] Processed 1001 reads in 0.967 CPU sec, 0.127 real sec
416193 [main] INFO main.java.edu.mit.compbio.bisulfitehic.mapping.Bhmem  - Processing reads 1252000 ...
416193 [main] INFO main.java.edu.mit.compbio.bisulfitehic.mapping.Bhmem  - Unique mapped and paired reads 1239768 ...
416197 [main] INFO main.java.edu.mit.compbio.bisulfitehic.mapping.Bhmem  - Processing reads 1253000 ...
416197 [main] INFO main.java.edu.mit.compbio.bisulfitehic.mapping.Bhmem  - Unique mapped and paired reads 1239768 ...
[M::mem_process_seqs] Processed 1001 reads in 0.956 CPU sec, 0.129 real sec
[M::mem_process_seqs] Processed 1001 reads in 0.873 CPU sec, 0.113 real sec
[M::mem_process_seqs] Processed 1001 reads in 1.049 CPU sec, 0.141 real sec
[M::mem_process_seqs] Processed 1001 reads in 0.967 CPU sec, 0.125 real sec
416868 [main] INFO main.java.edu.mit.compbio.bisulfitehic.mapping.Bhmem  - Processing reads 1254000 ...
416868 [main] INFO main.java.edu.mit.compbio.bisulfitehic.mapping.Bhmem  - Unique mapped and paired reads 1241760 ...
416872 [main] INFO main.java.edu.mit.compbio.bisulfitehic.mapping.Bhmem  - Processing reads 1255000 ...
416872 [main] INFO main.java.edu.mit.compbio.bisulfitehic.mapping.Bhmem  - Unique mapped and paired reads 1241760 ...
[M::mem_process_seqs] Processed 1001 reads in 0.983 CPU sec, 0.130 real sec
[M::mem_process_seqs] Processed 1001 reads in 0.865 CPU sec, 0.118 real sec
[M::mem_process_seqs] Processed 1001 reads in 0.980 CPU sec, 0.125 real sec
[M::mem_process_seqs] Processed 1001 reads in 0.961 CPU sec, 0.128 real sec
417525 [main] INFO main.java.edu.mit.compbio.bisulfitehic.mapping.Bhmem  - Processing reads 1256000 ...
417525 [main] INFO main.java.edu.mit.compbio.bisulfitehic.mapping.Bhmem  - Unique mapped and paired reads 1243752 ...
417530 [main] INFO main.java.edu.mit.compbio.bisulfitehic.mapping.Bhmem  - Processing reads 1257000 ...
417530 [main] INFO main.java.edu.mit.compbio.bisulfitehic.mapping.Bhmem  - Unique mapped and paired reads 1243752 ...
[M::mem_process_seqs] Processed 1001 reads in 0.903 CPU sec, 0.119 real sec
[M::mem_process_seqs] Processed 1001 reads in 0.842 CPU sec, 0.123 real sec
[M::mem_process_seqs] Processed 1001 reads in 0.990 CPU sec, 0.126 real sec
[M::mem_process_seqs] Processed 1001 reads in 0.911 CPU sec, 0.120 real sec
418174 [main] INFO main.java.edu.mit.compbio.bisulfitehic.mapping.Bhmem  - Processing reads 1258000 ...
418174 [main] INFO main.java.edu.mit.compbio.bisulfitehic.mapping.Bhmem  - Unique mapped and paired reads 1245734 ...
418178 [main] INFO main.java.edu.mit.compbio.bisulfitehic.mapping.Bhmem  - Processing reads 1259000 ...
418178 [main] INFO main.java.edu.mit.compbio.bisulfitehic.mapping.Bhmem  - Unique mapped and paired reads 1245734 ...
[M::mem_process_seqs] Processed 1001 reads in 0.943 CPU sec, 0.124 real sec
[M::mem_process_seqs] Processed 1001 reads in 0.790 CPU sec, 0.109 real sec
[M::mem_process_seqs] Processed 1001 reads in 0.955 CPU sec, 0.129 real sec
[M::mem_process_seqs] Processed 1001 reads in 0.917 CPU sec, 0.125 real sec
418824 [main] INFO main.java.edu.mit.compbio.bisulfitehic.mapping.Bhmem  - Processing reads 1260000 ...
418824 [main] INFO main.java.edu.mit.compbio.bisulfitehic.mapping.Bhmem  - Unique mapped and paired reads 1247716 ...
418828 [main] INFO main.java.edu.mit.compbio.bisulfitehic.mapping.Bhmem  - Processing reads 1261000 ...
418828 [main] INFO main.java.edu.mit.compbio.bisulfitehic.mapping.Bhmem  - Unique mapped and paired reads 1247716 ...
[M::mem_process_seqs] Processed 1001 reads in 1.040 CPU sec, 0.148 real sec
[M::mem_process_seqs] Processed 1001 reads in 0.940 CPU sec, 0.123 real sec
[M::mem_process_seqs] Processed 1001 reads in 1.039 CPU sec, 0.132 real sec
[M::mem_process_seqs] Processed 1001 reads in 1.014 CPU sec, 0.128 real sec
419517 [main] INFO main.java.edu.mit.compbio.bisulfitehic.mapping.Bhmem  - Processing reads 1262000 ...
419517 [main] INFO main.java.edu.mit.compbio.bisulfitehic.mapping.Bhmem  - Unique mapped and paired reads 1249706 ...
419521 [main] INFO main.java.edu.mit.compbio.bisulfitehic.mapping.Bhmem  - Processing reads 1263000 ...
419521 [main] INFO main.java.edu.mit.compbio.bisulfitehic.mapping.Bhmem  - Unique mapped and paired reads 1249706 ...
[M::mem_process_seqs] Processed 1001 reads in 0.917 CPU sec, 0.116 real sec
[M::mem_process_seqs] Processed 1001 reads in 0.883 CPU sec, 0.129 real sec
[M::mem_process_seqs] Processed 1001 reads in 0.958 CPU sec, 0.122 real sec
[M::mem_process_seqs] Processed 1001 reads in 0.918 CPU sec, 0.127 real sec
420174 [main] INFO main.java.edu.mit.compbio.bisulfitehic.mapping.Bhmem  - Processing reads 1264000 ...
420174 [main] INFO main.java.edu.mit.compbio.bisulfitehic.mapping.Bhmem  - Unique mapped and paired reads 1251702 ...
420178 [main] INFO main.java.edu.mit.compbio.bisulfitehic.mapping.Bhmem  - Processing reads 1265000 ...
420178 [main] INFO main.java.edu.mit.compbio.bisulfitehic.mapping.Bhmem  - Unique mapped and paired reads 1251702 ...
[M::mem_process_seqs] Processed 1001 reads in 0.897 CPU sec, 0.116 real sec
[M::mem_process_seqs] Processed 1001 reads in 0.835 CPU sec, 0.106 real sec
[M::mem_process_seqs] Processed 1001 reads in 0.950 CPU sec, 0.128 real sec
[M::mem_process_seqs] Processed 1001 reads in 0.973 CPU sec, 0.124 real sec
420806 [main] INFO main.java.edu.mit.compbio.bisulfitehic.mapping.Bhmem  - Processing reads 1266000 ...
420806 [main] INFO main.java.edu.mit.compbio.bisulfitehic.mapping.Bhmem  - Unique mapped and paired reads 1253694 ...
420810 [main] INFO main.java.edu.mit.compbio.bisulfitehic.mapping.Bhmem  - Processing reads 1267000 ...
420810 [main] INFO main.java.edu.mit.compbio.bisulfitehic.mapping.Bhmem  - Unique mapped and paired reads 1253694 ...
[M::mem_process_seqs] Processed 1001 reads in 0.965 CPU sec, 0.128 real sec
[M::mem_process_seqs] Processed 1001 reads in 0.868 CPU sec, 0.113 real sec
[M::mem_process_seqs] Processed 1001 reads in 0.974 CPU sec, 0.127 real sec
[M::mem_process_seqs] Processed 1001 reads in 1.042 CPU sec, 0.133 real sec
421469 [main] INFO main.java.edu.mit.compbio.bisulfitehic.mapping.Bhmem  - Processing reads 1268000 ...
421469 [main] INFO main.java.edu.mit.compbio.bisulfitehic.mapping.Bhmem  - Unique mapped and paired reads 1255672 ...
421473 [main] INFO main.java.edu.mit.compbio.bisulfitehic.mapping.Bhmem  - Processing reads 1269000 ...
421473 [main] INFO main.java.edu.mit.compbio.bisulfitehic.mapping.Bhmem  - Unique mapped and paired reads 1255672 ...
[M::mem_process_seqs] Processed 1001 reads in 0.999 CPU sec, 0.127 real sec
[M::mem_process_seqs] Processed 1001 reads in 0.922 CPU sec, 0.129 real sec
[M::mem_process_seqs] Processed 1001 reads in 1.024 CPU sec, 0.131 real sec
[M::mem_process_seqs] Processed 1001 reads in 1.009 CPU sec, 0.139 real sec
422157 [main] INFO main.java.edu.mit.compbio.bisulfitehic.mapping.Bhmem  - Processing reads 1270000 ...
422157 [main] INFO main.java.edu.mit.compbio.bisulfitehic.mapping.Bhmem  - Unique mapped and paired reads 1257650 ...
422161 [main] INFO main.java.edu.mit.compbio.bisulfitehic.mapping.Bhmem  - Processing reads 1271000 ...
422161 [main] INFO main.java.edu.mit.compbio.bisulfitehic.mapping.Bhmem  - Unique mapped and paired reads 1257650 ...
[M::mem_process_seqs] Processed 1001 reads in 0.980 CPU sec, 0.124 real sec
[M::mem_process_seqs] Processed 1001 reads in 0.885 CPU sec, 0.112 real sec
[M::mem_process_seqs] Processed 1001 reads in 0.987 CPU sec, 0.125 real sec
[M::mem_process_seqs] Processed 1001 reads in 0.957 CPU sec, 0.128 real sec
422810 [main] INFO main.java.edu.mit.compbio.bisulfitehic.mapping.Bhmem  - Processing reads 1272000 ...
422810 [main] INFO main.java.edu.mit.compbio.bisulfitehic.mapping.Bhmem  - Unique mapped and paired reads 1259644 ...
422814 [main] INFO main.java.edu.mit.compbio.bisulfitehic.mapping.Bhmem  - Processing reads 1273000 ...
422814 [main] INFO main.java.edu.mit.compbio.bisulfitehic.mapping.Bhmem  - Unique mapped and paired reads 1259644 ...
[M::mem_process_seqs] Processed 1001 reads in 0.982 CPU sec, 0.127 real sec
[M::mem_process_seqs] Processed 1001 reads in 0.865 CPU sec, 0.110 real sec
[M::mem_process_seqs] Processed 1001 reads in 1.080 CPU sec, 0.155 real sec
[M::mem_process_seqs] Processed 1001 reads in 1.059 CPU sec, 0.135 real sec
423504 [main] INFO main.java.edu.mit.compbio.bisulfitehic.mapping.Bhmem  - Processing reads 1274000 ...
423504 [main] INFO main.java.edu.mit.compbio.bisulfitehic.mapping.Bhmem  - Unique mapped and paired reads 1261624 ...
423508 [main] INFO main.java.edu.mit.compbio.bisulfitehic.mapping.Bhmem  - Processing reads 1275000 ...
423508 [main] INFO main.java.edu.mit.compbio.bisulfitehic.mapping.Bhmem  - Unique mapped and paired reads 1261624 ...
[M::mem_process_seqs] Processed 1001 reads in 0.938 CPU sec, 0.119 real sec
[M::mem_process_seqs] Processed 1001 reads in 0.818 CPU sec, 0.108 real sec
[M::mem_process_seqs] Processed 1001 reads in 0.995 CPU sec, 0.139 real sec
[M::mem_process_seqs] Processed 1001 reads in 0.944 CPU sec, 0.124 real sec
424151 [main] INFO main.java.edu.mit.compbio.bisulfitehic.mapping.Bhmem  - Processing reads 1276000 ...
424151 [main] INFO main.java.edu.mit.compbio.bisulfitehic.mapping.Bhmem  - Unique mapped and paired reads 1263608 ...
424155 [main] INFO main.java.edu.mit.compbio.bisulfitehic.mapping.Bhmem  - Processing reads 1277000 ...
424155 [main] INFO main.java.edu.mit.compbio.bisulfitehic.mapping.Bhmem  - Unique mapped and paired reads 1263608 ...
[M::mem_process_seqs] Processed 1001 reads in 0.939 CPU sec, 0.131 real sec
[M::mem_process_seqs] Processed 1001 reads in 0.847 CPU sec, 0.111 real sec
[M::mem_process_seqs] Processed 1001 reads in 0.992 CPU sec, 0.151 real sec
[M::mem_process_seqs] Processed 1001 reads in 1.015 CPU sec, 0.148 real sec
424853 [main] INFO main.java.edu.mit.compbio.bisulfitehic.mapping.Bhmem  - Processing reads 1278000 ...
424853 [main] INFO main.java.edu.mit.compbio.bisulfitehic.mapping.Bhmem  - Unique mapped and paired reads 1265578 ...
424857 [main] INFO main.java.edu.mit.compbio.bisulfitehic.mapping.Bhmem  - Processing reads 1279000 ...
424857 [main] INFO main.java.edu.mit.compbio.bisulfitehic.mapping.Bhmem  - Unique mapped and paired reads 1265578 ...
[M::mem_process_seqs] Processed 1001 reads in 0.920 CPU sec, 0.117 real sec
[M::mem_process_seqs] Processed 1001 reads in 0.881 CPU sec, 0.115 real sec
[M::mem_process_seqs] Processed 1001 reads in 0.906 CPU sec, 0.115 real sec
[M::mem_process_seqs] Processed 1001 reads in 0.910 CPU sec, 0.121 real sec
425483 [main] INFO main.java.edu.mit.compbio.bisulfitehic.mapping.Bhmem  - Processing reads 1280000 ...
425483 [main] INFO main.java.edu.mit.compbio.bisulfitehic.mapping.Bhmem  - Unique mapped and paired reads 1267566 ...
425487 [main] INFO main.java.edu.mit.compbio.bisulfitehic.mapping.Bhmem  - Processing reads 1281000 ...
425487 [main] INFO main.java.edu.mit.compbio.bisulfitehic.mapping.Bhmem  - Unique mapped and paired reads 1267566 ...
[M::mem_process_seqs] Processed 1001 reads in 0.945 CPU sec, 0.123 real sec
[M::mem_process_seqs] Processed 1001 reads in 0.861 CPU sec, 0.110 real sec
[M::mem_process_seqs] Processed 1001 reads in 0.913 CPU sec, 0.123 real sec
[M::mem_process_seqs] Processed 1001 reads in 0.933 CPU sec, 0.128 real sec
426126 [main] INFO main.java.edu.mit.compbio.bisulfitehic.mapping.Bhmem  - Processing reads 1282000 ...
426126 [main] INFO main.java.edu.mit.compbio.bisulfitehic.mapping.Bhmem  - Unique mapped and paired reads 1269542 ...
426130 [main] INFO main.java.edu.mit.compbio.bisulfitehic.mapping.Bhmem  - Processing reads 1283000 ...
426130 [main] INFO main.java.edu.mit.compbio.bisulfitehic.mapping.Bhmem  - Unique mapped and paired reads 1269542 ...
[M::mem_process_seqs] Processed 1001 reads in 0.914 CPU sec, 0.116 real sec
[M::mem_process_seqs] Processed 1001 reads in 0.862 CPU sec, 0.118 real sec
[M::mem_process_seqs] Processed 1001 reads in 1.006 CPU sec, 0.139 real sec
[M::mem_process_seqs] Processed 1001 reads in 1.001 CPU sec, 0.131 real sec
426801 [main] INFO main.java.edu.mit.compbio.bisulfitehic.mapping.Bhmem  - Processing reads 1284000 ...
426801 [main] INFO main.java.edu.mit.compbio.bisulfitehic.mapping.Bhmem  - Unique mapped and paired reads 1271538 ...
426805 [main] INFO main.java.edu.mit.compbio.bisulfitehic.mapping.Bhmem  - Processing reads 1285000 ...
426805 [main] INFO main.java.edu.mit.compbio.bisulfitehic.mapping.Bhmem  - Unique mapped and paired reads 1271538 ...
[M::mem_process_seqs] Processed 1001 reads in 0.890 CPU sec, 0.113 real sec
[M::mem_process_seqs] Processed 1001 reads in 0.827 CPU sec, 0.113 real sec
[M::mem_process_seqs] Processed 1001 reads in 0.950 CPU sec, 0.135 real sec
[M::mem_process_seqs] Processed 1001 reads in 0.952 CPU sec, 0.121 real sec
427445 [main] INFO main.java.edu.mit.compbio.bisulfitehic.mapping.Bhmem  - Processing reads 1286000 ...
427445 [main] INFO main.java.edu.mit.compbio.bisulfitehic.mapping.Bhmem  - Unique mapped and paired reads 1273522 ...
427449 [main] INFO main.java.edu.mit.compbio.bisulfitehic.mapping.Bhmem  - Processing reads 1287000 ...
427449 [main] INFO main.java.edu.mit.compbio.bisulfitehic.mapping.Bhmem  - Unique mapped and paired reads 1273522 ...
[M::mem_process_seqs] Processed 1001 reads in 0.891 CPU sec, 0.114 real sec
[M::mem_process_seqs] Processed 1001 reads in 0.735 CPU sec, 0.097 real sec
[M::mem_process_seqs] Processed 1001 reads in 0.904 CPU sec, 0.116 real sec
[M::mem_process_seqs] Processed 1001 reads in 0.814 CPU sec, 0.105 real sec
428034 [main] INFO main.java.edu.mit.compbio.bisulfitehic.mapping.Bhmem  - Processing reads 1288000 ...
428034 [main] INFO main.java.edu.mit.compbio.bisulfitehic.mapping.Bhmem  - Unique mapped and paired reads 1275490 ...
428037 [main] INFO main.java.edu.mit.compbio.bisulfitehic.mapping.Bhmem  - Processing reads 1289000 ...
428037 [main] INFO main.java.edu.mit.compbio.bisulfitehic.mapping.Bhmem  - Unique mapped and paired reads 1275490 ...
[M::mem_process_seqs] Processed 1001 reads in 0.877 CPU sec, 0.119 real sec
[M::mem_process_seqs] Processed 1001 reads in 0.830 CPU sec, 0.108 real sec
[M::mem_process_seqs] Processed 1001 reads in 0.984 CPU sec, 0.127 real sec
[M::mem_process_seqs] Processed 1001 reads in 0.956 CPU sec, 0.124 real sec
428674 [main] INFO main.java.edu.mit.compbio.bisulfitehic.mapping.Bhmem  - Processing reads 1290000 ...
428674 [main] INFO main.java.edu.mit.compbio.bisulfitehic.mapping.Bhmem  - Unique mapped and paired reads 1277468 ...
428678 [main] INFO main.java.edu.mit.compbio.bisulfitehic.mapping.Bhmem  - Processing reads 1291000 ...
428678 [main] INFO main.java.edu.mit.compbio.bisulfitehic.mapping.Bhmem  - Unique mapped and paired reads 1277468 ...
[M::mem_process_seqs] Processed 1001 reads in 0.908 CPU sec, 0.115 real sec
[M::mem_process_seqs] Processed 1001 reads in 0.894 CPU sec, 0.117 real sec
[M::mem_process_seqs] Processed 1001 reads in 1.019 CPU sec, 0.135 real sec
[M::mem_process_seqs] Processed 1001 reads in 0.936 CPU sec, 0.120 real sec
429322 [main] INFO main.java.edu.mit.compbio.bisulfitehic.mapping.Bhmem  - Processing reads 1292000 ...
429322 [main] INFO main.java.edu.mit.compbio.bisulfitehic.mapping.Bhmem  - Unique mapped and paired reads 1279452 ...
429326 [main] INFO main.java.edu.mit.compbio.bisulfitehic.mapping.Bhmem  - Processing reads 1293000 ...
429326 [main] INFO main.java.edu.mit.compbio.bisulfitehic.mapping.Bhmem  - Unique mapped and paired reads 1279452 ...
[M::mem_process_seqs] Processed 1001 reads in 0.916 CPU sec, 0.118 real sec
[M::mem_process_seqs] Processed 1001 reads in 0.877 CPU sec, 0.114 real sec
[M::mem_process_seqs] Processed 1001 reads in 0.929 CPU sec, 0.118 real sec
[M::mem_process_seqs] Processed 1001 reads in 0.989 CPU sec, 0.128 real sec
429959 [main] INFO main.java.edu.mit.compbio.bisulfitehic.mapping.Bhmem  - Processing reads 1294000 ...
429959 [main] INFO main.java.edu.mit.compbio.bisulfitehic.mapping.Bhmem  - Unique mapped and paired reads 1281436 ...
429963 [main] INFO main.java.edu.mit.compbio.bisulfitehic.mapping.Bhmem  - Processing reads 1295000 ...
429963 [main] INFO main.java.edu.mit.compbio.bisulfitehic.mapping.Bhmem  - Unique mapped and paired reads 1281436 ...
[M::mem_process_seqs] Processed 1001 reads in 0.946 CPU sec, 0.124 real sec
[M::mem_process_seqs] Processed 1001 reads in 0.809 CPU sec, 0.104 real sec
[M::mem_process_seqs] Processed 1001 reads in 1.028 CPU sec, 0.133 real sec
[M::mem_process_seqs] Processed 1001 reads in 0.895 CPU sec, 0.114 real sec
430598 [main] INFO main.java.edu.mit.compbio.bisulfitehic.mapping.Bhmem  - Processing reads 1296000 ...
430598 [main] INFO main.java.edu.mit.compbio.bisulfitehic.mapping.Bhmem  - Unique mapped and paired reads 1283426 ...
430602 [main] INFO main.java.edu.mit.compbio.bisulfitehic.mapping.Bhmem  - Processing reads 1297000 ...
430602 [main] INFO main.java.edu.mit.compbio.bisulfitehic.mapping.Bhmem  - Unique mapped and paired reads 1283426 ...
[M::mem_process_seqs] Processed 1001 reads in 0.975 CPU sec, 0.128 real sec
[M::mem_process_seqs] Processed 1001 reads in 0.873 CPU sec, 0.114 real sec
[M::mem_process_seqs] Processed 1001 reads in 1.259 CPU sec, 0.194 real sec
[M::mem_process_seqs] Processed 1001 reads in 1.022 CPU sec, 0.134 real sec
431334 [main] INFO main.java.edu.mit.compbio.bisulfitehic.mapping.Bhmem  - Processing reads 1298000 ...
431334 [main] INFO main.java.edu.mit.compbio.bisulfitehic.mapping.Bhmem  - Unique mapped and paired reads 1285410 ...
431338 [main] INFO main.java.edu.mit.compbio.bisulfitehic.mapping.Bhmem  - Processing reads 1299000 ...
431338 [main] INFO main.java.edu.mit.compbio.bisulfitehic.mapping.Bhmem  - Unique mapped and paired reads 1285410 ...
[M::mem_process_seqs] Processed 1001 reads in 0.925 CPU sec, 0.119 real sec
[M::mem_process_seqs] Processed 1001 reads in 0.865 CPU sec, 0.116 real sec
[M::mem_process_seqs] Processed 1001 reads in 0.912 CPU sec, 0.119 real sec
[M::mem_process_seqs] Processed 1001 reads in 0.978 CPU sec, 0.128 real sec
431983 [main] INFO main.java.edu.mit.compbio.bisulfitehic.mapping.Bhmem  - Processing reads 1300000 ...
431983 [main] INFO main.java.edu.mit.compbio.bisulfitehic.mapping.Bhmem  - Unique mapped and paired reads 1287400 ...
431987 [main] INFO main.java.edu.mit.compbio.bisulfitehic.mapping.Bhmem  - Processing reads 1301000 ...
431987 [main] INFO main.java.edu.mit.compbio.bisulfitehic.mapping.Bhmem  - Unique mapped and paired reads 1287400 ...
[M::mem_process_seqs] Processed 1001 reads in 0.940 CPU sec, 0.128 real sec
[M::mem_process_seqs] Processed 1001 reads in 0.842 CPU sec, 0.107 real sec
[M::mem_process_seqs] Processed 1001 reads in 1.002 CPU sec, 0.150 real sec
[M::mem_process_seqs] Processed 1001 reads in 0.974 CPU sec, 0.130 real sec
432659 [main] INFO main.java.edu.mit.compbio.bisulfitehic.mapping.Bhmem  - Processing reads 1302000 ...
432659 [main] INFO main.java.edu.mit.compbio.bisulfitehic.mapping.Bhmem  - Unique mapped and paired reads 1289380 ...
432663 [main] INFO main.java.edu.mit.compbio.bisulfitehic.mapping.Bhmem  - Processing reads 1303000 ...
432663 [main] INFO main.java.edu.mit.compbio.bisulfitehic.mapping.Bhmem  - Unique mapped and paired reads 1289380 ...
[M::mem_process_seqs] Processed 1001 reads in 0.877 CPU sec, 0.116 real sec
[M::mem_process_seqs] Processed 1001 reads in 0.851 CPU sec, 0.108 real sec
[M::mem_process_seqs] Processed 1001 reads in 0.914 CPU sec, 0.118 real sec
[M::mem_process_seqs] Processed 1001 reads in 0.954 CPU sec, 0.127 real sec
433283 [main] INFO main.java.edu.mit.compbio.bisulfitehic.mapping.Bhmem  - Processing reads 1304000 ...
433283 [main] INFO main.java.edu.mit.compbio.bisulfitehic.mapping.Bhmem  - Unique mapped and paired reads 1291356 ...
433287 [main] INFO main.java.edu.mit.compbio.bisulfitehic.mapping.Bhmem  - Processing reads 1305000 ...
433287 [main] INFO main.java.edu.mit.compbio.bisulfitehic.mapping.Bhmem  - Unique mapped and paired reads 1291356 ...
[M::mem_process_seqs] Processed 1001 reads in 0.906 CPU sec, 0.116 real sec
[M::mem_process_seqs] Processed 1001 reads in 0.858 CPU sec, 0.110 real sec
[M::mem_process_seqs] Processed 1001 reads in 0.988 CPU sec, 0.125 real sec
[M::mem_process_seqs] Processed 1001 reads in 0.937 CPU sec, 0.127 real sec
433926 [main] INFO main.java.edu.mit.compbio.bisulfitehic.mapping.Bhmem  - Processing reads 1306000 ...
433926 [main] INFO main.java.edu.mit.compbio.bisulfitehic.mapping.Bhmem  - Unique mapped and paired reads 1293322 ...
433930 [main] INFO main.java.edu.mit.compbio.bisulfitehic.mapping.Bhmem  - Processing reads 1307000 ...
433930 [main] INFO main.java.edu.mit.compbio.bisulfitehic.mapping.Bhmem  - Unique mapped and paired reads 1293322 ...
[M::mem_process_seqs] Processed 1001 reads in 1.035 CPU sec, 0.134 real sec
[M::mem_process_seqs] Processed 1001 reads in 0.926 CPU sec, 0.124 real sec
[M::mem_process_seqs] Processed 1001 reads in 0.991 CPU sec, 0.132 real sec
[M::mem_process_seqs] Processed 1001 reads in 0.981 CPU sec, 0.125 real sec
434600 [main] INFO main.java.edu.mit.compbio.bisulfitehic.mapping.Bhmem  - Processing reads 1308000 ...
434600 [main] INFO main.java.edu.mit.compbio.bisulfitehic.mapping.Bhmem  - Unique mapped and paired reads 1295302 ...
434604 [main] INFO main.java.edu.mit.compbio.bisulfitehic.mapping.Bhmem  - Processing reads 1309000 ...
434604 [main] INFO main.java.edu.mit.compbio.bisulfitehic.mapping.Bhmem  - Unique mapped and paired reads 1295302 ...
[M::mem_process_seqs] Processed 1001 reads in 0.939 CPU sec, 0.124 real sec
[M::mem_process_seqs] Processed 1001 reads in 0.853 CPU sec, 0.115 real sec
[M::mem_process_seqs] Processed 1001 reads in 0.985 CPU sec, 0.126 real sec
[M::mem_process_seqs] Processed 1001 reads in 0.944 CPU sec, 0.120 real sec
435240 [main] INFO main.java.edu.mit.compbio.bisulfitehic.mapping.Bhmem  - Processing reads 1310000 ...
435240 [main] INFO main.java.edu.mit.compbio.bisulfitehic.mapping.Bhmem  - Unique mapped and paired reads 1297288 ...
435244 [main] INFO main.java.edu.mit.compbio.bisulfitehic.mapping.Bhmem  - Processing reads 1311000 ...
435244 [main] INFO main.java.edu.mit.compbio.bisulfitehic.mapping.Bhmem  - Unique mapped and paired reads 1297288 ...
[M::mem_process_seqs] Processed 1001 reads in 0.920 CPU sec, 0.120 real sec
[M::mem_process_seqs] Processed 1001 reads in 0.847 CPU sec, 0.111 real sec
[M::mem_process_seqs] Processed 1001 reads in 1.000 CPU sec, 0.130 real sec
[M::mem_process_seqs] Processed 1001 reads in 0.983 CPU sec, 0.125 real sec
435892 [main] INFO main.java.edu.mit.compbio.bisulfitehic.mapping.Bhmem  - Processing reads 1312000 ...
435892 [main] INFO main.java.edu.mit.compbio.bisulfitehic.mapping.Bhmem  - Unique mapped and paired reads 1299280 ...
435897 [main] INFO main.java.edu.mit.compbio.bisulfitehic.mapping.Bhmem  - Processing reads 1313000 ...
435897 [main] INFO main.java.edu.mit.compbio.bisulfitehic.mapping.Bhmem  - Unique mapped and paired reads 1299280 ...
[M::mem_process_seqs] Processed 1001 reads in 0.896 CPU sec, 0.114 real sec
[M::mem_process_seqs] Processed 1001 reads in 0.890 CPU sec, 0.119 real sec
[M::mem_process_seqs] Processed 1001 reads in 1.002 CPU sec, 0.136 real sec
[M::mem_process_seqs] Processed 1001 reads in 0.940 CPU sec, 0.136 real sec
436560 [main] INFO main.java.edu.mit.compbio.bisulfitehic.mapping.Bhmem  - Processing reads 1314000 ...
436560 [main] INFO main.java.edu.mit.compbio.bisulfitehic.mapping.Bhmem  - Unique mapped and paired reads 1301268 ...
436564 [main] INFO main.java.edu.mit.compbio.bisulfitehic.mapping.Bhmem  - Processing reads 1315000 ...
436564 [main] INFO main.java.edu.mit.compbio.bisulfitehic.mapping.Bhmem  - Unique mapped and paired reads 1301268 ...
[M::mem_process_seqs] Processed 1001 reads in 0.947 CPU sec, 0.123 real sec
[M::mem_process_seqs] Processed 1001 reads in 0.894 CPU sec, 0.116 real sec
[M::mem_process_seqs] Processed 1001 reads in 0.973 CPU sec, 0.126 real sec
[M::mem_process_seqs] Processed 1001 reads in 1.053 CPU sec, 0.148 real sec
437234 [main] INFO main.java.edu.mit.compbio.bisulfitehic.mapping.Bhmem  - Processing reads 1316000 ...
437234 [main] INFO main.java.edu.mit.compbio.bisulfitehic.mapping.Bhmem  - Unique mapped and paired reads 1303240 ...
437238 [main] INFO main.java.edu.mit.compbio.bisulfitehic.mapping.Bhmem  - Processing reads 1317000 ...
437238 [main] INFO main.java.edu.mit.compbio.bisulfitehic.mapping.Bhmem  - Unique mapped and paired reads 1303240 ...
[M::mem_process_seqs] Processed 1001 reads in 0.824 CPU sec, 0.109 real sec
[M::mem_process_seqs] Processed 1001 reads in 0.837 CPU sec, 0.112 real sec
[M::mem_process_seqs] Processed 1001 reads in 0.887 CPU sec, 0.119 real sec
[M::mem_process_seqs] Processed 1001 reads in 1.003 CPU sec, 0.130 real sec
437861 [main] INFO main.java.edu.mit.compbio.bisulfitehic.mapping.Bhmem  - Processing reads 1318000 ...
437861 [main] INFO main.java.edu.mit.compbio.bisulfitehic.mapping.Bhmem  - Unique mapped and paired reads 1305226 ...
437865 [main] INFO main.java.edu.mit.compbio.bisulfitehic.mapping.Bhmem  - Processing reads 1319000 ...
437865 [main] INFO main.java.edu.mit.compbio.bisulfitehic.mapping.Bhmem  - Unique mapped and paired reads 1305226 ...
[M::mem_process_seqs] Processed 1001 reads in 0.929 CPU sec, 0.130 real sec
[M::mem_process_seqs] Processed 1001 reads in 0.864 CPU sec, 0.117 real sec
[M::mem_process_seqs] Processed 1001 reads in 0.982 CPU sec, 0.124 real sec
[M::mem_process_seqs] Processed 1001 reads in 1.004 CPU sec, 0.131 real sec
438520 [main] INFO main.java.edu.mit.compbio.bisulfitehic.mapping.Bhmem  - Processing reads 1320000 ...
438520 [main] INFO main.java.edu.mit.compbio.bisulfitehic.mapping.Bhmem  - Unique mapped and paired reads 1307216 ...
438524 [main] INFO main.java.edu.mit.compbio.bisulfitehic.mapping.Bhmem  - Processing reads 1321000 ...
438524 [main] INFO main.java.edu.mit.compbio.bisulfitehic.mapping.Bhmem  - Unique mapped and paired reads 1307216 ...
[M::mem_process_seqs] Processed 1001 reads in 0.909 CPU sec, 0.119 real sec
[M::mem_process_seqs] Processed 1001 reads in 0.795 CPU sec, 0.115 real sec
[M::mem_process_seqs] Processed 1001 reads in 1.068 CPU sec, 0.142 real sec
[M::mem_process_seqs] Processed 1001 reads in 0.975 CPU sec, 0.132 real sec
439187 [main] INFO main.java.edu.mit.compbio.bisulfitehic.mapping.Bhmem  - Processing reads 1322000 ...
439187 [main] INFO main.java.edu.mit.compbio.bisulfitehic.mapping.Bhmem  - Unique mapped and paired reads 1309192 ...
439191 [main] INFO main.java.edu.mit.compbio.bisulfitehic.mapping.Bhmem  - Processing reads 1323000 ...
439191 [main] INFO main.java.edu.mit.compbio.bisulfitehic.mapping.Bhmem  - Unique mapped and paired reads 1309192 ...
[M::mem_process_seqs] Processed 1001 reads in 1.015 CPU sec, 0.134 real sec
[M::mem_process_seqs] Processed 1001 reads in 0.907 CPU sec, 0.117 real sec
[M::mem_process_seqs] Processed 1001 reads in 1.002 CPU sec, 0.127 real sec
[M::mem_process_seqs] Processed 1001 reads in 0.926 CPU sec, 0.118 real sec
439844 [main] INFO main.java.edu.mit.compbio.bisulfitehic.mapping.Bhmem  - Processing reads 1324000 ...
439844 [main] INFO main.java.edu.mit.compbio.bisulfitehic.mapping.Bhmem  - Unique mapped and paired reads 1311170 ...
439848 [main] INFO main.java.edu.mit.compbio.bisulfitehic.mapping.Bhmem  - Processing reads 1325000 ...
439848 [main] INFO main.java.edu.mit.compbio.bisulfitehic.mapping.Bhmem  - Unique mapped and paired reads 1311170 ...
[M::mem_process_seqs] Processed 1001 reads in 0.965 CPU sec, 0.124 real sec
[M::mem_process_seqs] Processed 1001 reads in 0.856 CPU sec, 0.115 real sec
[M::mem_process_seqs] Processed 1001 reads in 0.947 CPU sec, 0.121 real sec
[M::mem_process_seqs] Processed 1001 reads in 0.940 CPU sec, 0.120 real sec
440486 [main] INFO main.java.edu.mit.compbio.bisulfitehic.mapping.Bhmem  - Processing reads 1326000 ...
440486 [main] INFO main.java.edu.mit.compbio.bisulfitehic.mapping.Bhmem  - Unique mapped and paired reads 1313156 ...
440490 [main] INFO main.java.edu.mit.compbio.bisulfitehic.mapping.Bhmem  - Processing reads 1327000 ...
440490 [main] INFO main.java.edu.mit.compbio.bisulfitehic.mapping.Bhmem  - Unique mapped and paired reads 1313156 ...
[M::mem_process_seqs] Processed 1001 reads in 0.904 CPU sec, 0.117 real sec
[M::mem_process_seqs] Processed 1001 reads in 0.775 CPU sec, 0.101 real sec
[M::mem_process_seqs] Processed 1001 reads in 1.048 CPU sec, 0.141 real sec
[M::mem_process_seqs] Processed 1001 reads in 1.036 CPU sec, 0.146 real sec
441189 [main] INFO main.java.edu.mit.compbio.bisulfitehic.mapping.Bhmem  - Processing reads 1328000 ...
441189 [main] INFO main.java.edu.mit.compbio.bisulfitehic.mapping.Bhmem  - Unique mapped and paired reads 1315142 ...
441194 [main] INFO main.java.edu.mit.compbio.bisulfitehic.mapping.Bhmem  - Processing reads 1329000 ...
441194 [main] INFO main.java.edu.mit.compbio.bisulfitehic.mapping.Bhmem  - Unique mapped and paired reads 1315142 ...
[M::mem_process_seqs] Processed 1001 reads in 0.987 CPU sec, 0.125 real sec
[M::mem_process_seqs] Processed 1001 reads in 0.860 CPU sec, 0.109 real sec
[M::mem_process_seqs] Processed 1001 reads in 0.986 CPU sec, 0.136 real sec
[M::mem_process_seqs] Processed 1001 reads in 0.929 CPU sec, 0.119 real sec
441843 [main] INFO main.java.edu.mit.compbio.bisulfitehic.mapping.Bhmem  - Processing reads 1330000 ...
441843 [main] INFO main.java.edu.mit.compbio.bisulfitehic.mapping.Bhmem  - Unique mapped and paired reads 1317122 ...
441847 [main] INFO main.java.edu.mit.compbio.bisulfitehic.mapping.Bhmem  - Processing reads 1331000 ...
441847 [main] INFO main.java.edu.mit.compbio.bisulfitehic.mapping.Bhmem  - Unique mapped and paired reads 1317122 ...
[M::mem_process_seqs] Processed 1001 reads in 0.881 CPU sec, 0.113 real sec
[M::mem_process_seqs] Processed 1001 reads in 0.803 CPU sec, 0.102 real sec
[M::mem_process_seqs] Processed 1001 reads in 0.891 CPU sec, 0.114 real sec
[M::mem_process_seqs] Processed 1001 reads in 0.930 CPU sec, 0.120 real sec
442450 [main] INFO main.java.edu.mit.compbio.bisulfitehic.mapping.Bhmem  - Processing reads 1332000 ...
442450 [main] INFO main.java.edu.mit.compbio.bisulfitehic.mapping.Bhmem  - Unique mapped and paired reads 1319118 ...
442454 [main] INFO main.java.edu.mit.compbio.bisulfitehic.mapping.Bhmem  - Processing reads 1333000 ...
442454 [main] INFO main.java.edu.mit.compbio.bisulfitehic.mapping.Bhmem  - Unique mapped and paired reads 1319118 ...
[M::mem_process_seqs] Processed 1001 reads in 0.987 CPU sec, 0.135 real sec
[M::mem_process_seqs] Processed 1001 reads in 0.905 CPU sec, 0.117 real sec
[M::mem_process_seqs] Processed 1001 reads in 1.005 CPU sec, 0.142 real sec
[M::mem_process_seqs] Processed 1001 reads in 1.081 CPU sec, 0.155 real sec
443167 [main] INFO main.java.edu.mit.compbio.bisulfitehic.mapping.Bhmem  - Processing reads 1334000 ...
443167 [main] INFO main.java.edu.mit.compbio.bisulfitehic.mapping.Bhmem  - Unique mapped and paired reads 1321102 ...
443171 [main] INFO main.java.edu.mit.compbio.bisulfitehic.mapping.Bhmem  - Processing reads 1335000 ...
443171 [main] INFO main.java.edu.mit.compbio.bisulfitehic.mapping.Bhmem  - Unique mapped and paired reads 1321102 ...
[M::mem_process_seqs] Processed 1001 reads in 0.933 CPU sec, 0.122 real sec
[M::mem_process_seqs] Processed 1001 reads in 0.803 CPU sec, 0.108 real sec
[M::mem_process_seqs] Processed 1001 reads in 0.928 CPU sec, 0.121 real sec
[M::mem_process_seqs] Processed 1001 reads in 0.935 CPU sec, 0.123 real sec
443800 [main] INFO main.java.edu.mit.compbio.bisulfitehic.mapping.Bhmem  - Processing reads 1336000 ...
443800 [main] INFO main.java.edu.mit.compbio.bisulfitehic.mapping.Bhmem  - Unique mapped and paired reads 1323080 ...
443804 [main] INFO main.java.edu.mit.compbio.bisulfitehic.mapping.Bhmem  - Processing reads 1337000 ...
443804 [main] INFO main.java.edu.mit.compbio.bisulfitehic.mapping.Bhmem  - Unique mapped and paired reads 1323080 ...
[M::mem_process_seqs] Processed 1001 reads in 0.935 CPU sec, 0.120 real sec
[M::mem_process_seqs] Processed 1001 reads in 0.808 CPU sec, 0.104 real sec
[M::mem_process_seqs] Processed 1001 reads in 0.919 CPU sec, 0.135 real sec
[M::mem_process_seqs] Processed 1001 reads in 0.941 CPU sec, 0.125 real sec
444445 [main] INFO main.java.edu.mit.compbio.bisulfitehic.mapping.Bhmem  - Processing reads 1338000 ...
444445 [main] INFO main.java.edu.mit.compbio.bisulfitehic.mapping.Bhmem  - Unique mapped and paired reads 1325064 ...
444449 [main] INFO main.java.edu.mit.compbio.bisulfitehic.mapping.Bhmem  - Processing reads 1339000 ...
444449 [main] INFO main.java.edu.mit.compbio.bisulfitehic.mapping.Bhmem  - Unique mapped and paired reads 1325064 ...
[M::mem_process_seqs] Processed 1001 reads in 0.968 CPU sec, 0.135 real sec
[M::mem_process_seqs] Processed 1001 reads in 0.857 CPU sec, 0.109 real sec
[M::mem_process_seqs] Processed 1001 reads in 0.977 CPU sec, 0.126 real sec
[M::mem_process_seqs] Processed 1001 reads in 0.960 CPU sec, 0.136 real sec
445119 [main] INFO main.java.edu.mit.compbio.bisulfitehic.mapping.Bhmem  - Processing reads 1340000 ...
445119 [main] INFO main.java.edu.mit.compbio.bisulfitehic.mapping.Bhmem  - Unique mapped and paired reads 1327054 ...
445123 [main] INFO main.java.edu.mit.compbio.bisulfitehic.mapping.Bhmem  - Processing reads 1341000 ...
445123 [main] INFO main.java.edu.mit.compbio.bisulfitehic.mapping.Bhmem  - Unique mapped and paired reads 1327054 ...
[M::mem_process_seqs] Processed 1001 reads in 0.953 CPU sec, 0.124 real sec
[M::mem_process_seqs] Processed 1001 reads in 0.803 CPU sec, 0.102 real sec
[M::mem_process_seqs] Processed 1001 reads in 0.917 CPU sec, 0.120 real sec
[M::mem_process_seqs] Processed 1001 reads in 0.958 CPU sec, 0.133 real sec
445760 [main] INFO main.java.edu.mit.compbio.bisulfitehic.mapping.Bhmem  - Processing reads 1342000 ...
445760 [main] INFO main.java.edu.mit.compbio.bisulfitehic.mapping.Bhmem  - Unique mapped and paired reads 1329034 ...
445764 [main] INFO main.java.edu.mit.compbio.bisulfitehic.mapping.Bhmem  - Processing reads 1343000 ...
445764 [main] INFO main.java.edu.mit.compbio.bisulfitehic.mapping.Bhmem  - Unique mapped and paired reads 1329034 ...
[M::mem_process_seqs] Processed 1001 reads in 0.965 CPU sec, 0.129 real sec
[M::mem_process_seqs] Processed 1001 reads in 0.856 CPU sec, 0.109 real sec
[M::mem_process_seqs] Processed 1001 reads in 1.002 CPU sec, 0.134 real sec
[M::mem_process_seqs] Processed 1001 reads in 0.970 CPU sec, 0.124 real sec
446424 [main] INFO main.java.edu.mit.compbio.bisulfitehic.mapping.Bhmem  - Processing reads 1344000 ...
446424 [main] INFO main.java.edu.mit.compbio.bisulfitehic.mapping.Bhmem  - Unique mapped and paired reads 1331024 ...
446428 [main] INFO main.java.edu.mit.compbio.bisulfitehic.mapping.Bhmem  - Processing reads 1345000 ...
446428 [main] INFO main.java.edu.mit.compbio.bisulfitehic.mapping.Bhmem  - Unique mapped and paired reads 1331024 ...
[M::mem_process_seqs] Processed 1001 reads in 1.032 CPU sec, 0.133 real sec
[M::mem_process_seqs] Processed 1001 reads in 0.898 CPU sec, 0.115 real sec
[M::mem_process_seqs] Processed 1001 reads in 1.036 CPU sec, 0.132 real sec
[M::mem_process_seqs] Processed 1001 reads in 1.016 CPU sec, 0.147 real sec
447110 [main] INFO main.java.edu.mit.compbio.bisulfitehic.mapping.Bhmem  - Processing reads 1346000 ...
447110 [main] INFO main.java.edu.mit.compbio.bisulfitehic.mapping.Bhmem  - Unique mapped and paired reads 1333006 ...
447114 [main] INFO main.java.edu.mit.compbio.bisulfitehic.mapping.Bhmem  - Processing reads 1347000 ...
447114 [main] INFO main.java.edu.mit.compbio.bisulfitehic.mapping.Bhmem  - Unique mapped and paired reads 1333006 ...
[M::mem_process_seqs] Processed 1001 reads in 0.911 CPU sec, 0.115 real sec
[M::mem_process_seqs] Processed 1001 reads in 0.814 CPU sec, 0.109 real sec
[M::mem_process_seqs] Processed 1001 reads in 0.894 CPU sec, 0.114 real sec
[M::mem_process_seqs] Processed 1001 reads in 0.949 CPU sec, 0.121 real sec
447733 [main] INFO main.java.edu.mit.compbio.bisulfitehic.mapping.Bhmem  - Processing reads 1348000 ...
447733 [main] INFO main.java.edu.mit.compbio.bisulfitehic.mapping.Bhmem  - Unique mapped and paired reads 1334994 ...
447737 [main] INFO main.java.edu.mit.compbio.bisulfitehic.mapping.Bhmem  - Processing reads 1349000 ...
447737 [main] INFO main.java.edu.mit.compbio.bisulfitehic.mapping.Bhmem  - Unique mapped and paired reads 1334994 ...
[M::mem_process_seqs] Processed 1001 reads in 0.913 CPU sec, 0.120 real sec
[M::mem_process_seqs] Processed 1001 reads in 0.855 CPU sec, 0.113 real sec
[M::mem_process_seqs] Processed 1001 reads in 0.975 CPU sec, 0.132 real sec
[M::mem_process_seqs] Processed 1001 reads in 1.039 CPU sec, 0.138 real sec
448395 [main] INFO main.java.edu.mit.compbio.bisulfitehic.mapping.Bhmem  - Processing reads 1350000 ...
448395 [main] INFO main.java.edu.mit.compbio.bisulfitehic.mapping.Bhmem  - Unique mapped and paired reads 1336968 ...
448399 [main] INFO main.java.edu.mit.compbio.bisulfitehic.mapping.Bhmem  - Processing reads 1351000 ...
448399 [main] INFO main.java.edu.mit.compbio.bisulfitehic.mapping.Bhmem  - Unique mapped and paired reads 1336968 ...
[M::mem_process_seqs] Processed 1001 reads in 0.970 CPU sec, 0.127 real sec
[M::mem_process_seqs] Processed 1001 reads in 0.892 CPU sec, 0.113 real sec
[M::mem_process_seqs] Processed 1001 reads in 1.002 CPU sec, 0.145 real sec
[M::mem_process_seqs] Processed 1001 reads in 0.975 CPU sec, 0.124 real sec
449067 [main] INFO main.java.edu.mit.compbio.bisulfitehic.mapping.Bhmem  - Processing reads 1352000 ...
449067 [main] INFO main.java.edu.mit.compbio.bisulfitehic.mapping.Bhmem  - Unique mapped and paired reads 1338964 ...
449071 [main] INFO main.java.edu.mit.compbio.bisulfitehic.mapping.Bhmem  - Processing reads 1353000 ...
449071 [main] INFO main.java.edu.mit.compbio.bisulfitehic.mapping.Bhmem  - Unique mapped and paired reads 1338964 ...
[M::mem_process_seqs] Processed 1001 reads in 0.916 CPU sec, 0.120 real sec
[M::mem_process_seqs] Processed 1001 reads in 0.886 CPU sec, 0.112 real sec
[M::mem_process_seqs] Processed 1001 reads in 1.003 CPU sec, 0.129 real sec
[M::mem_process_seqs] Processed 1001 reads in 1.018 CPU sec, 0.134 real sec
449729 [main] INFO main.java.edu.mit.compbio.bisulfitehic.mapping.Bhmem  - Processing reads 1354000 ...
449729 [main] INFO main.java.edu.mit.compbio.bisulfitehic.mapping.Bhmem  - Unique mapped and paired reads 1340954 ...
449733 [main] INFO main.java.edu.mit.compbio.bisulfitehic.mapping.Bhmem  - Processing reads 1355000 ...
449733 [main] INFO main.java.edu.mit.compbio.bisulfitehic.mapping.Bhmem  - Unique mapped and paired reads 1340954 ...
[M::mem_process_seqs] Processed 1001 reads in 0.877 CPU sec, 0.112 real sec
[M::mem_process_seqs] Processed 1001 reads in 0.835 CPU sec, 0.106 real sec
[M::mem_process_seqs] Processed 1001 reads in 0.912 CPU sec, 0.115 real sec
[M::mem_process_seqs] Processed 1001 reads in 0.983 CPU sec, 0.140 real sec
450363 [main] INFO main.java.edu.mit.compbio.bisulfitehic.mapping.Bhmem  - Processing reads 1356000 ...
450363 [main] INFO main.java.edu.mit.compbio.bisulfitehic.mapping.Bhmem  - Unique mapped and paired reads 1342942 ...
450367 [main] INFO main.java.edu.mit.compbio.bisulfitehic.mapping.Bhmem  - Processing reads 1357000 ...
450367 [main] INFO main.java.edu.mit.compbio.bisulfitehic.mapping.Bhmem  - Unique mapped and paired reads 1342942 ...
[M::mem_process_seqs] Processed 1001 reads in 0.926 CPU sec, 0.118 real sec
[M::mem_process_seqs] Processed 1001 reads in 0.895 CPU sec, 0.113 real sec
[M::mem_process_seqs] Processed 1001 reads in 1.044 CPU sec, 0.134 real sec
[M::mem_process_seqs] Processed 1001 reads in 1.012 CPU sec, 0.137 real sec
451028 [main] INFO main.java.edu.mit.compbio.bisulfitehic.mapping.Bhmem  - Processing reads 1358000 ...
451028 [main] INFO main.java.edu.mit.compbio.bisulfitehic.mapping.Bhmem  - Unique mapped and paired reads 1344924 ...
451032 [main] INFO main.java.edu.mit.compbio.bisulfitehic.mapping.Bhmem  - Processing reads 1359000 ...
451032 [main] INFO main.java.edu.mit.compbio.bisulfitehic.mapping.Bhmem  - Unique mapped and paired reads 1344924 ...
[M::mem_process_seqs] Processed 1001 reads in 0.872 CPU sec, 0.111 real sec
[M::mem_process_seqs] Processed 1001 reads in 0.954 CPU sec, 0.137 real sec
[M::mem_process_seqs] Processed 1001 reads in 0.895 CPU sec, 0.114 real sec
[M::mem_process_seqs] Processed 1001 reads in 0.964 CPU sec, 0.123 real sec
451670 [main] INFO main.java.edu.mit.compbio.bisulfitehic.mapping.Bhmem  - Processing reads 1360000 ...
451670 [main] INFO main.java.edu.mit.compbio.bisulfitehic.mapping.Bhmem  - Unique mapped and paired reads 1346920 ...
451674 [main] INFO main.java.edu.mit.compbio.bisulfitehic.mapping.Bhmem  - Processing reads 1361000 ...
451674 [main] INFO main.java.edu.mit.compbio.bisulfitehic.mapping.Bhmem  - Unique mapped and paired reads 1346920 ...
[M::mem_process_seqs] Processed 1001 reads in 0.929 CPU sec, 0.118 real sec
[M::mem_process_seqs] Processed 1001 reads in 0.870 CPU sec, 0.118 real sec
[M::mem_process_seqs] Processed 1001 reads in 0.935 CPU sec, 0.119 real sec
[M::mem_process_seqs] Processed 1001 reads in 0.895 CPU sec, 0.113 real sec
452303 [main] INFO main.java.edu.mit.compbio.bisulfitehic.mapping.Bhmem  - Processing reads 1362000 ...
452303 [main] INFO main.java.edu.mit.compbio.bisulfitehic.mapping.Bhmem  - Unique mapped and paired reads 1348914 ...
452307 [main] INFO main.java.edu.mit.compbio.bisulfitehic.mapping.Bhmem  - Processing reads 1363000 ...
452307 [main] INFO main.java.edu.mit.compbio.bisulfitehic.mapping.Bhmem  - Unique mapped and paired reads 1348914 ...
[M::mem_process_seqs] Processed 1001 reads in 0.983 CPU sec, 0.137 real sec
[M::mem_process_seqs] Processed 1001 reads in 0.902 CPU sec, 0.139 real sec
[M::mem_process_seqs] Processed 1001 reads in 1.047 CPU sec, 0.141 real sec
[M::mem_process_seqs] Processed 1001 reads in 1.009 CPU sec, 0.134 real sec
453019 [main] INFO main.java.edu.mit.compbio.bisulfitehic.mapping.Bhmem  - Processing reads 1364000 ...
453019 [main] INFO main.java.edu.mit.compbio.bisulfitehic.mapping.Bhmem  - Unique mapped and paired reads 1350900 ...
453023 [main] INFO main.java.edu.mit.compbio.bisulfitehic.mapping.Bhmem  - Processing reads 1365000 ...
453023 [main] INFO main.java.edu.mit.compbio.bisulfitehic.mapping.Bhmem  - Unique mapped and paired reads 1350900 ...
[M::mem_process_seqs] Processed 1001 reads in 0.997 CPU sec, 0.128 real sec
[M::mem_process_seqs] Processed 1001 reads in 0.918 CPU sec, 0.118 real sec
[M::mem_process_seqs] Processed 1001 reads in 1.022 CPU sec, 0.144 real sec
[M::mem_process_seqs] Processed 1001 reads in 0.981 CPU sec, 0.134 real sec
453708 [main] INFO main.java.edu.mit.compbio.bisulfitehic.mapping.Bhmem  - Processing reads 1366000 ...
453708 [main] INFO main.java.edu.mit.compbio.bisulfitehic.mapping.Bhmem  - Unique mapped and paired reads 1352896 ...
453712 [main] INFO main.java.edu.mit.compbio.bisulfitehic.mapping.Bhmem  - Processing reads 1367000 ...
453712 [main] INFO main.java.edu.mit.compbio.bisulfitehic.mapping.Bhmem  - Unique mapped and paired reads 1352896 ...
[M::mem_process_seqs] Processed 1001 reads in 0.915 CPU sec, 0.116 real sec
[M::mem_process_seqs] Processed 1001 reads in 0.825 CPU sec, 0.105 real sec
[M::mem_process_seqs] Processed 1001 reads in 0.958 CPU sec, 0.123 real sec
[M::mem_process_seqs] Processed 1001 reads in 0.996 CPU sec, 0.144 real sec
454362 [main] INFO main.java.edu.mit.compbio.bisulfitehic.mapping.Bhmem  - Processing reads 1368000 ...
454362 [main] INFO main.java.edu.mit.compbio.bisulfitehic.mapping.Bhmem  - Unique mapped and paired reads 1354872 ...
454366 [main] INFO main.java.edu.mit.compbio.bisulfitehic.mapping.Bhmem  - Processing reads 1369000 ...
454366 [main] INFO main.java.edu.mit.compbio.bisulfitehic.mapping.Bhmem  - Unique mapped and paired reads 1354872 ...
[M::mem_process_seqs] Processed 1001 reads in 0.980 CPU sec, 0.126 real sec
[M::mem_process_seqs] Processed 1001 reads in 0.933 CPU sec, 0.120 real sec
[M::mem_process_seqs] Processed 1001 reads in 1.057 CPU sec, 0.140 real sec
[M::mem_process_seqs] Processed 1001 reads in 0.989 CPU sec, 0.133 real sec
455043 [main] INFO main.java.edu.mit.compbio.bisulfitehic.mapping.Bhmem  - Processing reads 1370000 ...
455043 [main] INFO main.java.edu.mit.compbio.bisulfitehic.mapping.Bhmem  - Unique mapped and paired reads 1356852 ...
455047 [main] INFO main.java.edu.mit.compbio.bisulfitehic.mapping.Bhmem  - Processing reads 1371000 ...
455047 [main] INFO main.java.edu.mit.compbio.bisulfitehic.mapping.Bhmem  - Unique mapped and paired reads 1356852 ...
[M::mem_process_seqs] Processed 1001 reads in 0.943 CPU sec, 0.121 real sec
[M::mem_process_seqs] Processed 1001 reads in 0.876 CPU sec, 0.117 real sec
[M::mem_process_seqs] Processed 1001 reads in 0.944 CPU sec, 0.124 real sec
[M::mem_process_seqs] Processed 1001 reads in 1.009 CPU sec, 0.142 real sec
455711 [main] INFO main.java.edu.mit.compbio.bisulfitehic.mapping.Bhmem  - Processing reads 1372000 ...
455711 [main] INFO main.java.edu.mit.compbio.bisulfitehic.mapping.Bhmem  - Unique mapped and paired reads 1358836 ...
455715 [main] INFO main.java.edu.mit.compbio.bisulfitehic.mapping.Bhmem  - Processing reads 1373000 ...
455715 [main] INFO main.java.edu.mit.compbio.bisulfitehic.mapping.Bhmem  - Unique mapped and paired reads 1358836 ...
[M::mem_process_seqs] Processed 1001 reads in 1.038 CPU sec, 0.142 real sec
[M::mem_process_seqs] Processed 1001 reads in 0.955 CPU sec, 0.122 real sec
[M::mem_process_seqs] Processed 1001 reads in 1.059 CPU sec, 0.144 real sec
[M::mem_process_seqs] Processed 1001 reads in 0.983 CPU sec, 0.127 real sec
456414 [main] INFO main.java.edu.mit.compbio.bisulfitehic.mapping.Bhmem  - Processing reads 1374000 ...
456415 [main] INFO main.java.edu.mit.compbio.bisulfitehic.mapping.Bhmem  - Unique mapped and paired reads 1360820 ...
456419 [main] INFO main.java.edu.mit.compbio.bisulfitehic.mapping.Bhmem  - Processing reads 1375000 ...
456419 [main] INFO main.java.edu.mit.compbio.bisulfitehic.mapping.Bhmem  - Unique mapped and paired reads 1360820 ...
[M::mem_process_seqs] Processed 1001 reads in 0.981 CPU sec, 0.132 real sec
[M::mem_process_seqs] Processed 1001 reads in 0.862 CPU sec, 0.120 real sec
[M::mem_process_seqs] Processed 1001 reads in 1.102 CPU sec, 0.156 real sec
[M::mem_process_seqs] Processed 1001 reads in 1.020 CPU sec, 0.142 real sec
457128 [main] INFO main.java.edu.mit.compbio.bisulfitehic.mapping.Bhmem  - Processing reads 1376000 ...
457128 [main] INFO main.java.edu.mit.compbio.bisulfitehic.mapping.Bhmem  - Unique mapped and paired reads 1362808 ...
457132 [main] INFO main.java.edu.mit.compbio.bisulfitehic.mapping.Bhmem  - Processing reads 1377000 ...
457132 [main] INFO main.java.edu.mit.compbio.bisulfitehic.mapping.Bhmem  - Unique mapped and paired reads 1362808 ...
[M::mem_process_seqs] Processed 1001 reads in 0.991 CPU sec, 0.148 real sec
[M::mem_process_seqs] Processed 1001 reads in 0.841 CPU sec, 0.106 real sec
[M::mem_process_seqs] Processed 1001 reads in 0.979 CPU sec, 0.124 real sec
[M::mem_process_seqs] Processed 1001 reads in 0.880 CPU sec, 0.114 real sec
457788 [main] INFO main.java.edu.mit.compbio.bisulfitehic.mapping.Bhmem  - Processing reads 1378000 ...
457788 [main] INFO main.java.edu.mit.compbio.bisulfitehic.mapping.Bhmem  - Unique mapped and paired reads 1364794 ...
457792 [main] INFO main.java.edu.mit.compbio.bisulfitehic.mapping.Bhmem  - Processing reads 1379000 ...
457792 [main] INFO main.java.edu.mit.compbio.bisulfitehic.mapping.Bhmem  - Unique mapped and paired reads 1364794 ...
[M::mem_process_seqs] Processed 1001 reads in 0.907 CPU sec, 0.118 real sec
[M::mem_process_seqs] Processed 1001 reads in 0.938 CPU sec, 0.124 real sec
[M::mem_process_seqs] Processed 1001 reads in 1.021 CPU sec, 0.130 real sec
[M::mem_process_seqs] Processed 1001 reads in 0.976 CPU sec, 0.133 real sec
458452 [main] INFO main.java.edu.mit.compbio.bisulfitehic.mapping.Bhmem  - Processing reads 1380000 ...
458452 [main] INFO main.java.edu.mit.compbio.bisulfitehic.mapping.Bhmem  - Unique mapped and paired reads 1366772 ...
458456 [main] INFO main.java.edu.mit.compbio.bisulfitehic.mapping.Bhmem  - Processing reads 1381000 ...
458456 [main] INFO main.java.edu.mit.compbio.bisulfitehic.mapping.Bhmem  - Unique mapped and paired reads 1366772 ...
[M::mem_process_seqs] Processed 1001 reads in 1.021 CPU sec, 0.141 real sec
[M::mem_process_seqs] Processed 1001 reads in 1.022 CPU sec, 0.135 real sec
[M::mem_process_seqs] Processed 1001 reads in 1.089 CPU sec, 0.156 real sec
[M::mem_process_seqs] Processed 1001 reads in 1.094 CPU sec, 0.155 real sec
459208 [main] INFO main.java.edu.mit.compbio.bisulfitehic.mapping.Bhmem  - Processing reads 1382000 ...
459208 [main] INFO main.java.edu.mit.compbio.bisulfitehic.mapping.Bhmem  - Unique mapped and paired reads 1368760 ...
459212 [main] INFO main.java.edu.mit.compbio.bisulfitehic.mapping.Bhmem  - Processing reads 1383000 ...
459212 [main] INFO main.java.edu.mit.compbio.bisulfitehic.mapping.Bhmem  - Unique mapped and paired reads 1368760 ...
[M::mem_process_seqs] Processed 1001 reads in 0.935 CPU sec, 0.119 real sec
[M::mem_process_seqs] Processed 1001 reads in 0.852 CPU sec, 0.108 real sec
[M::mem_process_seqs] Processed 1001 reads in 1.027 CPU sec, 0.131 real sec
[M::mem_process_seqs] Processed 1001 reads in 1.096 CPU sec, 0.139 real sec
459973 [main] INFO main.java.edu.mit.compbio.bisulfitehic.mapping.Bhmem  - Processing reads 1384000 ...
459973 [main] INFO main.java.edu.mit.compbio.bisulfitehic.mapping.Bhmem  - Unique mapped and paired reads 1370748 ...
459977 [main] INFO main.java.edu.mit.compbio.bisulfitehic.mapping.Bhmem  - Processing reads 1385000 ...
459977 [main] INFO main.java.edu.mit.compbio.bisulfitehic.mapping.Bhmem  - Unique mapped and paired reads 1370748 ...
[M::mem_process_seqs] Processed 1001 reads in 0.950 CPU sec, 0.120 real sec
[M::mem_process_seqs] Processed 1001 reads in 0.904 CPU sec, 0.116 real sec
[M::mem_process_seqs] Processed 1001 reads in 1.052 CPU sec, 0.135 real sec
[M::mem_process_seqs] Processed 1001 reads in 1.014 CPU sec, 0.130 real sec
460648 [main] INFO main.java.edu.mit.compbio.bisulfitehic.mapping.Bhmem  - Processing reads 1386000 ...
460648 [main] INFO main.java.edu.mit.compbio.bisulfitehic.mapping.Bhmem  - Unique mapped and paired reads 1372728 ...
460651 [main] INFO main.java.edu.mit.compbio.bisulfitehic.mapping.Bhmem  - Processing reads 1387000 ...
460652 [main] INFO main.java.edu.mit.compbio.bisulfitehic.mapping.Bhmem  - Unique mapped and paired reads 1372728 ...
[M::mem_process_seqs] Processed 1001 reads in 0.926 CPU sec, 0.121 real sec
[M::mem_process_seqs] Processed 1001 reads in 0.840 CPU sec, 0.110 real sec
[M::mem_process_seqs] Processed 1001 reads in 1.015 CPU sec, 0.148 real sec
[M::mem_process_seqs] Processed 1001 reads in 1.014 CPU sec, 0.132 real sec
461324 [main] INFO main.java.edu.mit.compbio.bisulfitehic.mapping.Bhmem  - Processing reads 1388000 ...
461324 [main] INFO main.java.edu.mit.compbio.bisulfitehic.mapping.Bhmem  - Unique mapped and paired reads 1374716 ...
461328 [main] INFO main.java.edu.mit.compbio.bisulfitehic.mapping.Bhmem  - Processing reads 1389000 ...
461328 [main] INFO main.java.edu.mit.compbio.bisulfitehic.mapping.Bhmem  - Unique mapped and paired reads 1374716 ...
[M::mem_process_seqs] Processed 1001 reads in 0.882 CPU sec, 0.117 real sec
[M::mem_process_seqs] Processed 1001 reads in 0.842 CPU sec, 0.112 real sec
[M::mem_process_seqs] Processed 1001 reads in 1.031 CPU sec, 0.132 real sec
[M::mem_process_seqs] Processed 1001 reads in 1.009 CPU sec, 0.128 real sec
461981 [main] INFO main.java.edu.mit.compbio.bisulfitehic.mapping.Bhmem  - Processing reads 1390000 ...
461981 [main] INFO main.java.edu.mit.compbio.bisulfitehic.mapping.Bhmem  - Unique mapped and paired reads 1376708 ...
461985 [main] INFO main.java.edu.mit.compbio.bisulfitehic.mapping.Bhmem  - Processing reads 1391000 ...
461985 [main] INFO main.java.edu.mit.compbio.bisulfitehic.mapping.Bhmem  - Unique mapped and paired reads 1376708 ...
[M::mem_process_seqs] Processed 1001 reads in 0.877 CPU sec, 0.111 real sec
[M::mem_process_seqs] Processed 1001 reads in 0.924 CPU sec, 0.125 real sec
[M::mem_process_seqs] Processed 1001 reads in 1.003 CPU sec, 0.131 real sec
[M::mem_process_seqs] Processed 1001 reads in 0.942 CPU sec, 0.119 real sec
462635 [main] INFO main.java.edu.mit.compbio.bisulfitehic.mapping.Bhmem  - Processing reads 1392000 ...
462635 [main] INFO main.java.edu.mit.compbio.bisulfitehic.mapping.Bhmem  - Unique mapped and paired reads 1378700 ...
462639 [main] INFO main.java.edu.mit.compbio.bisulfitehic.mapping.Bhmem  - Processing reads 1393000 ...
462639 [main] INFO main.java.edu.mit.compbio.bisulfitehic.mapping.Bhmem  - Unique mapped and paired reads 1378700 ...
[M::mem_process_seqs] Processed 1001 reads in 0.948 CPU sec, 0.128 real sec
[M::mem_process_seqs] Processed 1001 reads in 0.851 CPU sec, 0.111 real sec
[M::mem_process_seqs] Processed 1001 reads in 1.107 CPU sec, 0.148 real sec
[M::mem_process_seqs] Processed 1001 reads in 1.015 CPU sec, 0.146 real sec
463381 [main] INFO main.java.edu.mit.compbio.bisulfitehic.mapping.Bhmem  - Processing reads 1394000 ...
463381 [main] INFO main.java.edu.mit.compbio.bisulfitehic.mapping.Bhmem  - Unique mapped and paired reads 1380678 ...
463389 [main] INFO main.java.edu.mit.compbio.bisulfitehic.mapping.Bhmem  - Processing reads 1395000 ...
463389 [main] INFO main.java.edu.mit.compbio.bisulfitehic.mapping.Bhmem  - Unique mapped and paired reads 1380678 ...
[M::mem_process_seqs] Processed 1001 reads in 0.947 CPU sec, 0.123 real sec
[M::mem_process_seqs] Processed 1001 reads in 0.980 CPU sec, 0.135 real sec
[M::mem_process_seqs] Processed 1001 reads in 1.087 CPU sec, 0.139 real sec
[M::mem_process_seqs] Processed 1001 reads in 0.941 CPU sec, 0.120 real sec
464073 [main] INFO main.java.edu.mit.compbio.bisulfitehic.mapping.Bhmem  - Processing reads 1396000 ...
464073 [main] INFO main.java.edu.mit.compbio.bisulfitehic.mapping.Bhmem  - Unique mapped and paired reads 1382662 ...
464077 [main] INFO main.java.edu.mit.compbio.bisulfitehic.mapping.Bhmem  - Processing reads 1397000 ...
464077 [main] INFO main.java.edu.mit.compbio.bisulfitehic.mapping.Bhmem  - Unique mapped and paired reads 1382662 ...
[M::mem_process_seqs] Processed 1001 reads in 0.880 CPU sec, 0.118 real sec
[M::mem_process_seqs] Processed 1001 reads in 0.881 CPU sec, 0.116 real sec
[M::mem_process_seqs] Processed 1001 reads in 0.936 CPU sec, 0.128 real sec
[M::mem_process_seqs] Processed 1001 reads in 0.985 CPU sec, 0.125 real sec
464728 [main] INFO main.java.edu.mit.compbio.bisulfitehic.mapping.Bhmem  - Processing reads 1398000 ...
464728 [main] INFO main.java.edu.mit.compbio.bisulfitehic.mapping.Bhmem  - Unique mapped and paired reads 1384646 ...
464732 [main] INFO main.java.edu.mit.compbio.bisulfitehic.mapping.Bhmem  - Processing reads 1399000 ...
464732 [main] INFO main.java.edu.mit.compbio.bisulfitehic.mapping.Bhmem  - Unique mapped and paired reads 1384646 ...
[M::mem_process_seqs] Processed 1001 reads in 0.938 CPU sec, 0.126 real sec
[M::mem_process_seqs] Processed 1001 reads in 0.928 CPU sec, 0.120 real sec
[M::mem_process_seqs] Processed 1001 reads in 1.076 CPU sec, 0.138 real sec
[M::mem_process_seqs] Processed 1001 reads in 1.005 CPU sec, 0.129 real sec
465403 [main] INFO main.java.edu.mit.compbio.bisulfitehic.mapping.Bhmem  - Processing reads 1400000 ...
465403 [main] INFO main.java.edu.mit.compbio.bisulfitehic.mapping.Bhmem  - Unique mapped and paired reads 1386636 ...
465407 [main] INFO main.java.edu.mit.compbio.bisulfitehic.mapping.Bhmem  - Processing reads 1401000 ...
465407 [main] INFO main.java.edu.mit.compbio.bisulfitehic.mapping.Bhmem  - Unique mapped and paired reads 1386636 ...
[M::mem_process_seqs] Processed 1001 reads in 0.946 CPU sec, 0.124 real sec
[M::mem_process_seqs] Processed 1001 reads in 0.874 CPU sec, 0.116 real sec
[M::mem_process_seqs] Processed 1001 reads in 1.039 CPU sec, 0.147 real sec
[M::mem_process_seqs] Processed 1001 reads in 0.942 CPU sec, 0.125 real sec
466085 [main] INFO main.java.edu.mit.compbio.bisulfitehic.mapping.Bhmem  - Processing reads 1402000 ...
466085 [main] INFO main.java.edu.mit.compbio.bisulfitehic.mapping.Bhmem  - Unique mapped and paired reads 1388622 ...
466089 [main] INFO main.java.edu.mit.compbio.bisulfitehic.mapping.Bhmem  - Processing reads 1403000 ...
466089 [main] INFO main.java.edu.mit.compbio.bisulfitehic.mapping.Bhmem  - Unique mapped and paired reads 1388622 ...
[M::mem_process_seqs] Processed 1001 reads in 1.006 CPU sec, 0.129 real sec
[M::mem_process_seqs] Processed 1001 reads in 0.897 CPU sec, 0.114 real sec
[M::mem_process_seqs] Processed 1001 reads in 1.077 CPU sec, 0.138 real sec
[M::mem_process_seqs] Processed 1001 reads in 1.037 CPU sec, 0.140 real sec
466777 [main] INFO main.java.edu.mit.compbio.bisulfitehic.mapping.Bhmem  - Processing reads 1404000 ...
466777 [main] INFO main.java.edu.mit.compbio.bisulfitehic.mapping.Bhmem  - Unique mapped and paired reads 1390610 ...
466781 [main] INFO main.java.edu.mit.compbio.bisulfitehic.mapping.Bhmem  - Processing reads 1405000 ...
466781 [main] INFO main.java.edu.mit.compbio.bisulfitehic.mapping.Bhmem  - Unique mapped and paired reads 1390610 ...
[M::mem_process_seqs] Processed 1001 reads in 1.040 CPU sec, 0.131 real sec
[M::mem_process_seqs] Processed 1001 reads in 1.012 CPU sec, 0.153 real sec
[M::mem_process_seqs] Processed 1001 reads in 1.169 CPU sec, 0.148 real sec
[M::mem_process_seqs] Processed 1001 reads in 1.156 CPU sec, 0.150 real sec
467524 [main] INFO main.java.edu.mit.compbio.bisulfitehic.mapping.Bhmem  - Processing reads 1406000 ...
467524 [main] INFO main.java.edu.mit.compbio.bisulfitehic.mapping.Bhmem  - Unique mapped and paired reads 1392604 ...
467528 [main] INFO main.java.edu.mit.compbio.bisulfitehic.mapping.Bhmem  - Processing reads 1407000 ...
467528 [main] INFO main.java.edu.mit.compbio.bisulfitehic.mapping.Bhmem  - Unique mapped and paired reads 1392604 ...
[M::mem_process_seqs] Processed 1001 reads in 0.942 CPU sec, 0.121 real sec
[M::mem_process_seqs] Processed 1001 reads in 0.850 CPU sec, 0.109 real sec
[M::mem_process_seqs] Processed 1001 reads in 1.051 CPU sec, 0.136 real sec
[M::mem_process_seqs] Processed 1001 reads in 1.091 CPU sec, 0.147 real sec
468203 [main] INFO main.java.edu.mit.compbio.bisulfitehic.mapping.Bhmem  - Processing reads 1408000 ...
468203 [main] INFO main.java.edu.mit.compbio.bisulfitehic.mapping.Bhmem  - Unique mapped and paired reads 1394592 ...
468207 [main] INFO main.java.edu.mit.compbio.bisulfitehic.mapping.Bhmem  - Processing reads 1409000 ...
468207 [main] INFO main.java.edu.mit.compbio.bisulfitehic.mapping.Bhmem  - Unique mapped and paired reads 1394592 ...
[M::mem_process_seqs] Processed 1001 reads in 0.907 CPU sec, 0.116 real sec
[M::mem_process_seqs] Processed 1001 reads in 0.949 CPU sec, 0.125 real sec
[M::mem_process_seqs] Processed 1001 reads in 0.983 CPU sec, 0.125 real sec
[M::mem_process_seqs] Processed 1001 reads in 1.011 CPU sec, 0.128 real sec
468864 [main] INFO main.java.edu.mit.compbio.bisulfitehic.mapping.Bhmem  - Processing reads 1410000 ...
468864 [main] INFO main.java.edu.mit.compbio.bisulfitehic.mapping.Bhmem  - Unique mapped and paired reads 1396576 ...
468868 [main] INFO main.java.edu.mit.compbio.bisulfitehic.mapping.Bhmem  - Processing reads 1411000 ...
468868 [main] INFO main.java.edu.mit.compbio.bisulfitehic.mapping.Bhmem  - Unique mapped and paired reads 1396576 ...
[M::mem_process_seqs] Processed 1001 reads in 1.013 CPU sec, 0.128 real sec
[M::mem_process_seqs] Processed 1001 reads in 0.952 CPU sec, 0.120 real sec
[M::mem_process_seqs] Processed 1001 reads in 1.022 CPU sec, 0.137 real sec
[M::mem_process_seqs] Processed 1001 reads in 1.077 CPU sec, 0.145 real sec
469567 [main] INFO main.java.edu.mit.compbio.bisulfitehic.mapping.Bhmem  - Processing reads 1412000 ...
469567 [main] INFO main.java.edu.mit.compbio.bisulfitehic.mapping.Bhmem  - Unique mapped and paired reads 1398564 ...
469571 [main] INFO main.java.edu.mit.compbio.bisulfitehic.mapping.Bhmem  - Processing reads 1413000 ...
469571 [main] INFO main.java.edu.mit.compbio.bisulfitehic.mapping.Bhmem  - Unique mapped and paired reads 1398564 ...
[M::mem_process_seqs] Processed 1001 reads in 1.019 CPU sec, 0.133 real sec
[M::mem_process_seqs] Processed 1001 reads in 0.951 CPU sec, 0.127 real sec
[M::mem_process_seqs] Processed 1001 reads in 1.063 CPU sec, 0.137 real sec
[M::mem_process_seqs] Processed 1001 reads in 1.032 CPU sec, 0.137 real sec
470272 [main] INFO main.java.edu.mit.compbio.bisulfitehic.mapping.Bhmem  - Processing reads 1414000 ...
470273 [main] INFO main.java.edu.mit.compbio.bisulfitehic.mapping.Bhmem  - Unique mapped and paired reads 1400550 ...
470277 [main] INFO main.java.edu.mit.compbio.bisulfitehic.mapping.Bhmem  - Processing reads 1415000 ...
470277 [main] INFO main.java.edu.mit.compbio.bisulfitehic.mapping.Bhmem  - Unique mapped and paired reads 1400550 ...
[M::mem_process_seqs] Processed 1001 reads in 1.027 CPU sec, 0.130 real sec
[M::mem_process_seqs] Processed 1001 reads in 0.967 CPU sec, 0.127 real sec
[M::mem_process_seqs] Processed 1001 reads in 1.024 CPU sec, 0.134 real sec
[M::mem_process_seqs] Processed 1001 reads in 1.000 CPU sec, 0.126 real sec
470970 [main] INFO main.java.edu.mit.compbio.bisulfitehic.mapping.Bhmem  - Processing reads 1416000 ...
470970 [main] INFO main.java.edu.mit.compbio.bisulfitehic.mapping.Bhmem  - Unique mapped and paired reads 1402548 ...
470973 [main] INFO main.java.edu.mit.compbio.bisulfitehic.mapping.Bhmem  - Processing reads 1417000 ...
470973 [main] INFO main.java.edu.mit.compbio.bisulfitehic.mapping.Bhmem  - Unique mapped and paired reads 1402548 ...
[M::mem_process_seqs] Processed 1001 reads in 0.912 CPU sec, 0.122 real sec
[M::mem_process_seqs] Processed 1001 reads in 0.956 CPU sec, 0.125 real sec
[M::mem_process_seqs] Processed 1001 reads in 1.005 CPU sec, 0.130 real sec
[M::mem_process_seqs] Processed 1001 reads in 0.989 CPU sec, 0.128 real sec
471638 [main] INFO main.java.edu.mit.compbio.bisulfitehic.mapping.Bhmem  - Processing reads 1418000 ...
471638 [main] INFO main.java.edu.mit.compbio.bisulfitehic.mapping.Bhmem  - Unique mapped and paired reads 1404528 ...
471642 [main] INFO main.java.edu.mit.compbio.bisulfitehic.mapping.Bhmem  - Processing reads 1419000 ...
471642 [main] INFO main.java.edu.mit.compbio.bisulfitehic.mapping.Bhmem  - Unique mapped and paired reads 1404528 ...
[M::mem_process_seqs] Processed 1001 reads in 0.895 CPU sec, 0.114 real sec
[M::mem_process_seqs] Processed 1001 reads in 0.832 CPU sec, 0.106 real sec
[M::mem_process_seqs] Processed 1001 reads in 0.862 CPU sec, 0.110 real sec
[M::mem_process_seqs] Processed 1001 reads in 0.955 CPU sec, 0.122 real sec
472259 [main] INFO main.java.edu.mit.compbio.bisulfitehic.mapping.Bhmem  - Processing reads 1420000 ...
472259 [main] INFO main.java.edu.mit.compbio.bisulfitehic.mapping.Bhmem  - Unique mapped and paired reads 1406508 ...
472263 [main] INFO main.java.edu.mit.compbio.bisulfitehic.mapping.Bhmem  - Processing reads 1421000 ...
472263 [main] INFO main.java.edu.mit.compbio.bisulfitehic.mapping.Bhmem  - Unique mapped and paired reads 1406508 ...
[M::mem_process_seqs] Processed 1001 reads in 0.992 CPU sec, 0.134 real sec
[M::mem_process_seqs] Processed 1001 reads in 0.937 CPU sec, 0.124 real sec
[M::mem_process_seqs] Processed 1001 reads in 1.004 CPU sec, 0.128 real sec
[M::mem_process_seqs] Processed 1001 reads in 0.999 CPU sec, 0.127 real sec
472944 [main] INFO main.java.edu.mit.compbio.bisulfitehic.mapping.Bhmem  - Processing reads 1422000 ...
472944 [main] INFO main.java.edu.mit.compbio.bisulfitehic.mapping.Bhmem  - Unique mapped and paired reads 1408496 ...
472948 [main] INFO main.java.edu.mit.compbio.bisulfitehic.mapping.Bhmem  - Processing reads 1423000 ...
472948 [main] INFO main.java.edu.mit.compbio.bisulfitehic.mapping.Bhmem  - Unique mapped and paired reads 1408496 ...
[M::mem_process_seqs] Processed 1001 reads in 0.933 CPU sec, 0.119 real sec
[M::mem_process_seqs] Processed 1001 reads in 0.887 CPU sec, 0.113 real sec
[M::mem_process_seqs] Processed 1001 reads in 1.038 CPU sec, 0.133 real sec
[M::mem_process_seqs] Processed 1001 reads in 1.022 CPU sec, 0.132 real sec
473612 [main] INFO main.java.edu.mit.compbio.bisulfitehic.mapping.Bhmem  - Processing reads 1424000 ...
473612 [main] INFO main.java.edu.mit.compbio.bisulfitehic.mapping.Bhmem  - Unique mapped and paired reads 1410488 ...
473616 [main] INFO main.java.edu.mit.compbio.bisulfitehic.mapping.Bhmem  - Processing reads 1425000 ...
473616 [main] INFO main.java.edu.mit.compbio.bisulfitehic.mapping.Bhmem  - Unique mapped and paired reads 1410488 ...
[M::mem_process_seqs] Processed 1001 reads in 0.934 CPU sec, 0.119 real sec
[M::mem_process_seqs] Processed 1001 reads in 0.928 CPU sec, 0.129 real sec
[M::mem_process_seqs] Processed 1001 reads in 1.003 CPU sec, 0.138 real sec
[M::mem_process_seqs] Processed 1001 reads in 1.009 CPU sec, 0.134 real sec
474402 [main] INFO main.java.edu.mit.compbio.bisulfitehic.mapping.Bhmem  - Processing reads 1426000 ...
474402 [main] INFO main.java.edu.mit.compbio.bisulfitehic.mapping.Bhmem  - Unique mapped and paired reads 1412486 ...
474409 [main] INFO main.java.edu.mit.compbio.bisulfitehic.mapping.Bhmem  - Processing reads 1427000 ...
474409 [main] INFO main.java.edu.mit.compbio.bisulfitehic.mapping.Bhmem  - Unique mapped and paired reads 1412486 ...
[M::mem_process_seqs] Processed 1001 reads in 1.048 CPU sec, 0.136 real sec
[M::mem_process_seqs] Processed 1001 reads in 1.017 CPU sec, 0.130 real sec
[M::mem_process_seqs] Processed 1001 reads in 1.128 CPU sec, 0.152 real sec
[M::mem_process_seqs] Processed 1001 reads in 1.076 CPU sec, 0.136 real sec
475137 [main] INFO main.java.edu.mit.compbio.bisulfitehic.mapping.Bhmem  - Processing reads 1428000 ...
475137 [main] INFO main.java.edu.mit.compbio.bisulfitehic.mapping.Bhmem  - Unique mapped and paired reads 1414476 ...
475141 [main] INFO main.java.edu.mit.compbio.bisulfitehic.mapping.Bhmem  - Processing reads 1429000 ...
475141 [main] INFO main.java.edu.mit.compbio.bisulfitehic.mapping.Bhmem  - Unique mapped and paired reads 1414476 ...
[M::mem_process_seqs] Processed 1001 reads in 0.970 CPU sec, 0.124 real sec
[M::mem_process_seqs] Processed 1001 reads in 0.925 CPU sec, 0.118 real sec
[M::mem_process_seqs] Processed 1001 reads in 1.115 CPU sec, 0.143 real sec
[M::mem_process_seqs] Processed 1001 reads in 1.108 CPU sec, 0.143 real sec
475835 [main] INFO main.java.edu.mit.compbio.bisulfitehic.mapping.Bhmem  - Processing reads 1430000 ...
475835 [main] INFO main.java.edu.mit.compbio.bisulfitehic.mapping.Bhmem  - Unique mapped and paired reads 1416464 ...
475839 [main] INFO main.java.edu.mit.compbio.bisulfitehic.mapping.Bhmem  - Processing reads 1431000 ...
475839 [main] INFO main.java.edu.mit.compbio.bisulfitehic.mapping.Bhmem  - Unique mapped and paired reads 1416464 ...
[M::mem_process_seqs] Processed 1001 reads in 0.972 CPU sec, 0.126 real sec
[M::mem_process_seqs] Processed 1001 reads in 0.877 CPU sec, 0.111 real sec
[M::mem_process_seqs] Processed 1001 reads in 1.100 CPU sec, 0.156 real sec
[M::mem_process_seqs] Processed 1001 reads in 1.035 CPU sec, 0.133 real sec
476536 [main] INFO main.java.edu.mit.compbio.bisulfitehic.mapping.Bhmem  - Processing reads 1432000 ...
476536 [main] INFO main.java.edu.mit.compbio.bisulfitehic.mapping.Bhmem  - Unique mapped and paired reads 1418450 ...
476540 [main] INFO main.java.edu.mit.compbio.bisulfitehic.mapping.Bhmem  - Processing reads 1433000 ...
476540 [main] INFO main.java.edu.mit.compbio.bisulfitehic.mapping.Bhmem  - Unique mapped and paired reads 1418450 ...
[M::mem_process_seqs] Processed 1001 reads in 0.948 CPU sec, 0.122 real sec
[M::mem_process_seqs] Processed 1001 reads in 0.985 CPU sec, 0.132 real sec
[M::mem_process_seqs] Processed 1001 reads in 1.024 CPU sec, 0.136 real sec
[M::mem_process_seqs] Processed 1001 reads in 1.069 CPU sec, 0.139 real sec
477234 [main] INFO main.java.edu.mit.compbio.bisulfitehic.mapping.Bhmem  - Processing reads 1434000 ...
477234 [main] INFO main.java.edu.mit.compbio.bisulfitehic.mapping.Bhmem  - Unique mapped and paired reads 1420432 ...
477238 [main] INFO main.java.edu.mit.compbio.bisulfitehic.mapping.Bhmem  - Processing reads 1435000 ...
477238 [main] INFO main.java.edu.mit.compbio.bisulfitehic.mapping.Bhmem  - Unique mapped and paired reads 1420432 ...
[M::mem_process_seqs] Processed 1001 reads in 1.014 CPU sec, 0.129 real sec
[M::mem_process_seqs] Processed 1001 reads in 0.997 CPU sec, 0.135 real sec
[M::mem_process_seqs] Processed 1001 reads in 1.098 CPU sec, 0.146 real sec
[M::mem_process_seqs] Processed 1001 reads in 1.080 CPU sec, 0.138 real sec
477958 [main] INFO main.java.edu.mit.compbio.bisulfitehic.mapping.Bhmem  - Processing reads 1436000 ...
477958 [main] INFO main.java.edu.mit.compbio.bisulfitehic.mapping.Bhmem  - Unique mapped and paired reads 1422430 ...
477962 [main] INFO main.java.edu.mit.compbio.bisulfitehic.mapping.Bhmem  - Processing reads 1437000 ...
477962 [main] INFO main.java.edu.mit.compbio.bisulfitehic.mapping.Bhmem  - Unique mapped and paired reads 1422430 ...
[M::mem_process_seqs] Processed 1001 reads in 0.963 CPU sec, 0.128 real sec
[M::mem_process_seqs] Processed 1001 reads in 0.852 CPU sec, 0.109 real sec
[M::mem_process_seqs] Processed 1001 reads in 1.004 CPU sec, 0.129 real sec
[M::mem_process_seqs] Processed 1001 reads in 1.035 CPU sec, 0.156 real sec
478646 [main] INFO main.java.edu.mit.compbio.bisulfitehic.mapping.Bhmem  - Processing reads 1438000 ...
478646 [main] INFO main.java.edu.mit.compbio.bisulfitehic.mapping.Bhmem  - Unique mapped and paired reads 1424416 ...
478650 [main] INFO main.java.edu.mit.compbio.bisulfitehic.mapping.Bhmem  - Processing reads 1439000 ...
478650 [main] INFO main.java.edu.mit.compbio.bisulfitehic.mapping.Bhmem  - Unique mapped and paired reads 1424416 ...
[M::mem_process_seqs] Processed 1001 reads in 1.057 CPU sec, 0.145 real sec
[M::mem_process_seqs] Processed 1001 reads in 0.928 CPU sec, 0.120 real sec
[M::mem_process_seqs] Processed 1001 reads in 1.094 CPU sec, 0.140 real sec
[M::mem_process_seqs] Processed 1001 reads in 1.105 CPU sec, 0.142 real sec
479366 [main] INFO main.java.edu.mit.compbio.bisulfitehic.mapping.Bhmem  - Processing reads 1440000 ...
479366 [main] INFO main.java.edu.mit.compbio.bisulfitehic.mapping.Bhmem  - Unique mapped and paired reads 1426400 ...
479370 [main] INFO main.java.edu.mit.compbio.bisulfitehic.mapping.Bhmem  - Processing reads 1441000 ...
479370 [main] INFO main.java.edu.mit.compbio.bisulfitehic.mapping.Bhmem  - Unique mapped and paired reads 1426400 ...
[M::mem_process_seqs] Processed 1001 reads in 0.932 CPU sec, 0.119 real sec
[M::mem_process_seqs] Processed 1001 reads in 0.893 CPU sec, 0.116 real sec
[M::mem_process_seqs] Processed 1001 reads in 1.061 CPU sec, 0.138 real sec
[M::mem_process_seqs] Processed 1001 reads in 1.063 CPU sec, 0.143 real sec
480061 [main] INFO main.java.edu.mit.compbio.bisulfitehic.mapping.Bhmem  - Processing reads 1442000 ...
480061 [main] INFO main.java.edu.mit.compbio.bisulfitehic.mapping.Bhmem  - Unique mapped and paired reads 1428390 ...
480065 [main] INFO main.java.edu.mit.compbio.bisulfitehic.mapping.Bhmem  - Processing reads 1443000 ...
480065 [main] INFO main.java.edu.mit.compbio.bisulfitehic.mapping.Bhmem  - Unique mapped and paired reads 1428390 ...
[M::mem_process_seqs] Processed 1001 reads in 0.966 CPU sec, 0.122 real sec
[M::mem_process_seqs] Processed 1001 reads in 0.877 CPU sec, 0.114 real sec
[M::mem_process_seqs] Processed 1001 reads in 1.064 CPU sec, 0.141 real sec
[M::mem_process_seqs] Processed 1001 reads in 1.058 CPU sec, 0.144 real sec
480758 [main] INFO main.java.edu.mit.compbio.bisulfitehic.mapping.Bhmem  - Processing reads 1444000 ...
480758 [main] INFO main.java.edu.mit.compbio.bisulfitehic.mapping.Bhmem  - Unique mapped and paired reads 1430376 ...
480762 [main] INFO main.java.edu.mit.compbio.bisulfitehic.mapping.Bhmem  - Processing reads 1445000 ...
480762 [main] INFO main.java.edu.mit.compbio.bisulfitehic.mapping.Bhmem  - Unique mapped and paired reads 1430376 ...
[M::mem_process_seqs] Processed 1001 reads in 0.957 CPU sec, 0.128 real sec
[M::mem_process_seqs] Processed 1001 reads in 0.883 CPU sec, 0.123 real sec
[M::mem_process_seqs] Processed 1001 reads in 1.106 CPU sec, 0.150 real sec
[M::mem_process_seqs] Processed 1001 reads in 1.050 CPU sec, 0.137 real sec
481473 [main] INFO main.java.edu.mit.compbio.bisulfitehic.mapping.Bhmem  - Processing reads 1446000 ...
481473 [main] INFO main.java.edu.mit.compbio.bisulfitehic.mapping.Bhmem  - Unique mapped and paired reads 1432360 ...
481478 [main] INFO main.java.edu.mit.compbio.bisulfitehic.mapping.Bhmem  - Processing reads 1447000 ...
481478 [main] INFO main.java.edu.mit.compbio.bisulfitehic.mapping.Bhmem  - Unique mapped and paired reads 1432360 ...
[M::mem_process_seqs] Processed 1001 reads in 0.928 CPU sec, 0.118 real sec
[M::mem_process_seqs] Processed 1001 reads in 0.803 CPU sec, 0.114 real sec
[M::mem_process_seqs] Processed 1001 reads in 1.118 CPU sec, 0.147 real sec
[M::mem_process_seqs] Processed 1001 reads in 1.046 CPU sec, 0.149 real sec
482166 [main] INFO main.java.edu.mit.compbio.bisulfitehic.mapping.Bhmem  - Processing reads 1448000 ...
482166 [main] INFO main.java.edu.mit.compbio.bisulfitehic.mapping.Bhmem  - Unique mapped and paired reads 1434344 ...
482170 [main] INFO main.java.edu.mit.compbio.bisulfitehic.mapping.Bhmem  - Processing reads 1449000 ...
482170 [main] INFO main.java.edu.mit.compbio.bisulfitehic.mapping.Bhmem  - Unique mapped and paired reads 1434344 ...
[M::mem_process_seqs] Processed 1001 reads in 0.980 CPU sec, 0.124 real sec
[M::mem_process_seqs] Processed 1001 reads in 0.881 CPU sec, 0.118 real sec
[M::mem_process_seqs] Processed 1001 reads in 1.045 CPU sec, 0.144 real sec
[M::mem_process_seqs] Processed 1001 reads in 0.994 CPU sec, 0.127 real sec
482855 [main] INFO main.java.edu.mit.compbio.bisulfitehic.mapping.Bhmem  - Processing reads 1450000 ...
482855 [main] INFO main.java.edu.mit.compbio.bisulfitehic.mapping.Bhmem  - Unique mapped and paired reads 1436336 ...
482859 [main] INFO main.java.edu.mit.compbio.bisulfitehic.mapping.Bhmem  - Processing reads 1451000 ...
482859 [main] INFO main.java.edu.mit.compbio.bisulfitehic.mapping.Bhmem  - Unique mapped and paired reads 1436336 ...
[M::mem_process_seqs] Processed 1001 reads in 0.993 CPU sec, 0.126 real sec
[M::mem_process_seqs] Processed 1001 reads in 0.985 CPU sec, 0.124 real sec
[M::mem_process_seqs] Processed 1001 reads in 1.078 CPU sec, 0.143 real sec
[M::mem_process_seqs] Processed 1001 reads in 1.190 CPU sec, 0.156 real sec
483582 [main] INFO main.java.edu.mit.compbio.bisulfitehic.mapping.Bhmem  - Processing reads 1452000 ...
483582 [main] INFO main.java.edu.mit.compbio.bisulfitehic.mapping.Bhmem  - Unique mapped and paired reads 1438326 ...
483586 [main] INFO main.java.edu.mit.compbio.bisulfitehic.mapping.Bhmem  - Processing reads 1453000 ...
483586 [main] INFO main.java.edu.mit.compbio.bisulfitehic.mapping.Bhmem  - Unique mapped and paired reads 1438326 ...
[M::mem_process_seqs] Processed 1001 reads in 0.990 CPU sec, 0.134 real sec
[M::mem_process_seqs] Processed 1001 reads in 0.963 CPU sec, 0.125 real sec
[M::mem_process_seqs] Processed 1001 reads in 1.119 CPU sec, 0.144 real sec
[M::mem_process_seqs] Processed 1001 reads in 1.176 CPU sec, 0.148 real sec
484307 [main] INFO main.java.edu.mit.compbio.bisulfitehic.mapping.Bhmem  - Processing reads 1454000 ...
484307 [main] INFO main.java.edu.mit.compbio.bisulfitehic.mapping.Bhmem  - Unique mapped and paired reads 1440308 ...
484311 [main] INFO main.java.edu.mit.compbio.bisulfitehic.mapping.Bhmem  - Processing reads 1455000 ...
484311 [main] INFO main.java.edu.mit.compbio.bisulfitehic.mapping.Bhmem  - Unique mapped and paired reads 1440308 ...
[M::mem_process_seqs] Processed 1001 reads in 1.173 CPU sec, 0.155 real sec
[M::mem_process_seqs] Processed 1001 reads in 0.953 CPU sec, 0.129 real sec
[M::mem_process_seqs] Processed 1001 reads in 1.192 CPU sec, 0.151 real sec
[M::mem_process_seqs] Processed 1001 reads in 1.173 CPU sec, 0.150 real sec
485073 [main] INFO main.java.edu.mit.compbio.bisulfitehic.mapping.Bhmem  - Processing reads 1456000 ...
485073 [main] INFO main.java.edu.mit.compbio.bisulfitehic.mapping.Bhmem  - Unique mapped and paired reads 1442296 ...
485077 [main] INFO main.java.edu.mit.compbio.bisulfitehic.mapping.Bhmem  - Processing reads 1457000 ...
485077 [main] INFO main.java.edu.mit.compbio.bisulfitehic.mapping.Bhmem  - Unique mapped and paired reads 1442296 ...
[M::mem_process_seqs] Processed 1001 reads in 1.156 CPU sec, 0.147 real sec
[M::mem_process_seqs] Processed 1001 reads in 1.036 CPU sec, 0.131 real sec
[M::mem_process_seqs] Processed 1001 reads in 1.086 CPU sec, 0.141 real sec
[M::mem_process_seqs] Processed 1001 reads in 1.055 CPU sec, 0.139 real sec
485820 [main] INFO main.java.edu.mit.compbio.bisulfitehic.mapping.Bhmem  - Processing reads 1458000 ...
485820 [main] INFO main.java.edu.mit.compbio.bisulfitehic.mapping.Bhmem  - Unique mapped and paired reads 1444282 ...
485825 [main] INFO main.java.edu.mit.compbio.bisulfitehic.mapping.Bhmem  - Processing reads 1459000 ...
485825 [main] INFO main.java.edu.mit.compbio.bisulfitehic.mapping.Bhmem  - Unique mapped and paired reads 1444282 ...
[M::mem_process_seqs] Processed 1001 reads in 1.013 CPU sec, 0.130 real sec
[M::mem_process_seqs] Processed 1001 reads in 0.938 CPU sec, 0.121 real sec
[M::mem_process_seqs] Processed 1001 reads in 1.057 CPU sec, 0.138 real sec
[M::mem_process_seqs] Processed 1001 reads in 0.987 CPU sec, 0.126 real sec
486526 [main] INFO main.java.edu.mit.compbio.bisulfitehic.mapping.Bhmem  - Processing reads 1460000 ...
486526 [main] INFO main.java.edu.mit.compbio.bisulfitehic.mapping.Bhmem  - Unique mapped and paired reads 1446266 ...
486530 [main] INFO main.java.edu.mit.compbio.bisulfitehic.mapping.Bhmem  - Processing reads 1461000 ...
486530 [main] INFO main.java.edu.mit.compbio.bisulfitehic.mapping.Bhmem  - Unique mapped and paired reads 1446266 ...
[M::mem_process_seqs] Processed 1001 reads in 0.987 CPU sec, 0.126 real sec
[M::mem_process_seqs] Processed 1001 reads in 0.949 CPU sec, 0.123 real sec
[M::mem_process_seqs] Processed 1001 reads in 1.009 CPU sec, 0.131 real sec
[M::mem_process_seqs] Processed 1001 reads in 1.052 CPU sec, 0.137 real sec
487233 [main] INFO main.java.edu.mit.compbio.bisulfitehic.mapping.Bhmem  - Processing reads 1462000 ...
487233 [main] INFO main.java.edu.mit.compbio.bisulfitehic.mapping.Bhmem  - Unique mapped and paired reads 1448264 ...
487237 [main] INFO main.java.edu.mit.compbio.bisulfitehic.mapping.Bhmem  - Processing reads 1463000 ...
487237 [main] INFO main.java.edu.mit.compbio.bisulfitehic.mapping.Bhmem  - Unique mapped and paired reads 1448264 ...
[M::mem_process_seqs] Processed 1001 reads in 0.980 CPU sec, 0.125 real sec
[M::mem_process_seqs] Processed 1001 reads in 0.945 CPU sec, 0.119 real sec
[M::mem_process_seqs] Processed 1001 reads in 1.035 CPU sec, 0.131 real sec
[M::mem_process_seqs] Processed 1001 reads in 1.064 CPU sec, 0.148 real sec
487953 [main] INFO main.java.edu.mit.compbio.bisulfitehic.mapping.Bhmem  - Processing reads 1464000 ...
487953 [main] INFO main.java.edu.mit.compbio.bisulfitehic.mapping.Bhmem  - Unique mapped and paired reads 1450254 ...
487958 [main] INFO main.java.edu.mit.compbio.bisulfitehic.mapping.Bhmem  - Processing reads 1465000 ...
487958 [main] INFO main.java.edu.mit.compbio.bisulfitehic.mapping.Bhmem  - Unique mapped and paired reads 1450254 ...
[M::mem_process_seqs] Processed 1001 reads in 1.029 CPU sec, 0.132 real sec
[M::mem_process_seqs] Processed 1001 reads in 0.934 CPU sec, 0.125 real sec
[M::mem_process_seqs] Processed 1001 reads in 1.045 CPU sec, 0.147 real sec
[M::mem_process_seqs] Processed 1001 reads in 1.081 CPU sec, 0.147 real sec
488700 [main] INFO main.java.edu.mit.compbio.bisulfitehic.mapping.Bhmem  - Processing reads 1466000 ...
488700 [main] INFO main.java.edu.mit.compbio.bisulfitehic.mapping.Bhmem  - Unique mapped and paired reads 1452250 ...
488703 [main] INFO main.java.edu.mit.compbio.bisulfitehic.mapping.Bhmem  - Processing reads 1467000 ...
488703 [main] INFO main.java.edu.mit.compbio.bisulfitehic.mapping.Bhmem  - Unique mapped and paired reads 1452250 ...
[M::mem_process_seqs] Processed 1001 reads in 0.850 CPU sec, 0.112 real sec
[M::mem_process_seqs] Processed 1001 reads in 0.815 CPU sec, 0.110 real sec
[M::mem_process_seqs] Processed 1001 reads in 0.900 CPU sec, 0.113 real sec
[M::mem_process_seqs] Processed 1001 reads in 1.011 CPU sec, 0.147 real sec
489348 [main] INFO main.java.edu.mit.compbio.bisulfitehic.mapping.Bhmem  - Processing reads 1468000 ...
489348 [main] INFO main.java.edu.mit.compbio.bisulfitehic.mapping.Bhmem  - Unique mapped and paired reads 1454238 ...
489352 [main] INFO main.java.edu.mit.compbio.bisulfitehic.mapping.Bhmem  - Processing reads 1469000 ...
489352 [main] INFO main.java.edu.mit.compbio.bisulfitehic.mapping.Bhmem  - Unique mapped and paired reads 1454238 ...
[M::mem_process_seqs] Processed 1001 reads in 0.796 CPU sec, 0.101 real sec
[M::mem_process_seqs] Processed 1001 reads in 0.715 CPU sec, 0.103 real sec
[M::mem_process_seqs] Processed 1001 reads in 0.810 CPU sec, 0.111 real sec
[M::mem_process_seqs] Processed 1001 reads in 0.800 CPU sec, 0.106 real sec
489920 [main] INFO main.java.edu.mit.compbio.bisulfitehic.mapping.Bhmem  - Processing reads 1470000 ...
489920 [main] INFO main.java.edu.mit.compbio.bisulfitehic.mapping.Bhmem  - Unique mapped and paired reads 1456210 ...
489924 [main] INFO main.java.edu.mit.compbio.bisulfitehic.mapping.Bhmem  - Processing reads 1471000 ...
489924 [main] INFO main.java.edu.mit.compbio.bisulfitehic.mapping.Bhmem  - Unique mapped and paired reads 1456210 ...
[M::mem_process_seqs] Processed 1001 reads in 0.858 CPU sec, 0.111 real sec
[M::mem_process_seqs] Processed 1001 reads in 0.870 CPU sec, 0.118 real sec
[M::mem_process_seqs] Processed 1001 reads in 0.955 CPU sec, 0.125 real sec
[M::mem_process_seqs] Processed 1001 reads in 1.029 CPU sec, 0.149 real sec
490583 [main] INFO main.java.edu.mit.compbio.bisulfitehic.mapping.Bhmem  - Processing reads 1472000 ...
490583 [main] INFO main.java.edu.mit.compbio.bisulfitehic.mapping.Bhmem  - Unique mapped and paired reads 1458200 ...
490586 [main] INFO main.java.edu.mit.compbio.bisulfitehic.mapping.Bhmem  - Processing reads 1473000 ...
490586 [main] INFO main.java.edu.mit.compbio.bisulfitehic.mapping.Bhmem  - Unique mapped and paired reads 1458200 ...
[M::mem_process_seqs] Processed 1001 reads in 0.924 CPU sec, 0.121 real sec
[M::mem_process_seqs] Processed 1001 reads in 0.790 CPU sec, 0.101 real sec
[M::mem_process_seqs] Processed 1001 reads in 1.028 CPU sec, 0.137 real sec
[M::mem_process_seqs] Processed 1001 reads in 0.932 CPU sec, 0.137 real sec
491235 [main] INFO main.java.edu.mit.compbio.bisulfitehic.mapping.Bhmem  - Processing reads 1474000 ...
491235 [main] INFO main.java.edu.mit.compbio.bisulfitehic.mapping.Bhmem  - Unique mapped and paired reads 1460182 ...
491239 [main] INFO main.java.edu.mit.compbio.bisulfitehic.mapping.Bhmem  - Processing reads 1475000 ...
491239 [main] INFO main.java.edu.mit.compbio.bisulfitehic.mapping.Bhmem  - Unique mapped and paired reads 1460182 ...
[M::mem_process_seqs] Processed 1001 reads in 0.836 CPU sec, 0.107 real sec
[M::mem_process_seqs] Processed 1001 reads in 0.818 CPU sec, 0.113 real sec
[M::mem_process_seqs] Processed 1001 reads in 0.896 CPU sec, 0.114 real sec
[M::mem_process_seqs] Processed 1001 reads in 0.861 CPU sec, 0.122 real sec
491840 [main] INFO main.java.edu.mit.compbio.bisulfitehic.mapping.Bhmem  - Processing reads 1476000 ...
491840 [main] INFO main.java.edu.mit.compbio.bisulfitehic.mapping.Bhmem  - Unique mapped and paired reads 1462162 ...
491844 [main] INFO main.java.edu.mit.compbio.bisulfitehic.mapping.Bhmem  - Processing reads 1477000 ...
491844 [main] INFO main.java.edu.mit.compbio.bisulfitehic.mapping.Bhmem  - Unique mapped and paired reads 1462162 ...
[M::mem_process_seqs] Processed 1001 reads in 0.922 CPU sec, 0.120 real sec
[M::mem_process_seqs] Processed 1001 reads in 0.808 CPU sec, 0.112 real sec
[M::mem_process_seqs] Processed 1001 reads in 0.980 CPU sec, 0.138 real sec
[M::mem_process_seqs] Processed 1001 reads in 0.872 CPU sec, 0.117 real sec
492482 [main] INFO main.java.edu.mit.compbio.bisulfitehic.mapping.Bhmem  - Processing reads 1478000 ...
492482 [main] INFO main.java.edu.mit.compbio.bisulfitehic.mapping.Bhmem  - Unique mapped and paired reads 1464148 ...
492486 [main] INFO main.java.edu.mit.compbio.bisulfitehic.mapping.Bhmem  - Processing reads 1479000 ...
492486 [main] INFO main.java.edu.mit.compbio.bisulfitehic.mapping.Bhmem  - Unique mapped and paired reads 1464148 ...
[M::mem_process_seqs] Processed 1001 reads in 0.892 CPU sec, 0.114 real sec
[M::mem_process_seqs] Processed 1001 reads in 0.780 CPU sec, 0.100 real sec
[M::mem_process_seqs] Processed 1001 reads in 0.962 CPU sec, 0.124 real sec
[M::mem_process_seqs] Processed 1001 reads in 0.953 CPU sec, 0.123 real sec
493100 [main] INFO main.java.edu.mit.compbio.bisulfitehic.mapping.Bhmem  - Processing reads 1480000 ...
493100 [main] INFO main.java.edu.mit.compbio.bisulfitehic.mapping.Bhmem  - Unique mapped and paired reads 1466128 ...
493104 [main] INFO main.java.edu.mit.compbio.bisulfitehic.mapping.Bhmem  - Processing reads 1481000 ...
493104 [main] INFO main.java.edu.mit.compbio.bisulfitehic.mapping.Bhmem  - Unique mapped and paired reads 1466128 ...
[M::mem_process_seqs] Processed 1001 reads in 0.908 CPU sec, 0.115 real sec
[M::mem_process_seqs] Processed 1001 reads in 0.868 CPU sec, 0.110 real sec
[M::mem_process_seqs] Processed 1001 reads in 0.978 CPU sec, 0.133 real sec
[M::mem_process_seqs] Processed 1001 reads in 0.941 CPU sec, 0.122 real sec
493740 [main] INFO main.java.edu.mit.compbio.bisulfitehic.mapping.Bhmem  - Processing reads 1482000 ...
493740 [main] INFO main.java.edu.mit.compbio.bisulfitehic.mapping.Bhmem  - Unique mapped and paired reads 1468118 ...
493744 [main] INFO main.java.edu.mit.compbio.bisulfitehic.mapping.Bhmem  - Processing reads 1483000 ...
493744 [main] INFO main.java.edu.mit.compbio.bisulfitehic.mapping.Bhmem  - Unique mapped and paired reads 1468118 ...
[M::mem_process_seqs] Processed 1001 reads in 0.815 CPU sec, 0.104 real sec
[M::mem_process_seqs] Processed 1001 reads in 0.792 CPU sec, 0.104 real sec
[M::mem_process_seqs] Processed 1001 reads in 0.927 CPU sec, 0.124 real sec
[M::mem_process_seqs] Processed 1001 reads in 0.871 CPU sec, 0.112 real sec
494339 [main] INFO main.java.edu.mit.compbio.bisulfitehic.mapping.Bhmem  - Processing reads 1484000 ...
494339 [main] INFO main.java.edu.mit.compbio.bisulfitehic.mapping.Bhmem  - Unique mapped and paired reads 1470090 ...
494343 [main] INFO main.java.edu.mit.compbio.bisulfitehic.mapping.Bhmem  - Processing reads 1485000 ...
494343 [main] INFO main.java.edu.mit.compbio.bisulfitehic.mapping.Bhmem  - Unique mapped and paired reads 1470090 ...
[M::mem_process_seqs] Processed 1001 reads in 0.782 CPU sec, 0.101 real sec
[M::mem_process_seqs] Processed 1001 reads in 0.749 CPU sec, 0.102 real sec
[M::mem_process_seqs] Processed 1001 reads in 0.847 CPU sec, 0.114 real sec
[M::mem_process_seqs] Processed 1001 reads in 0.808 CPU sec, 0.110 real sec
494920 [main] INFO main.java.edu.mit.compbio.bisulfitehic.mapping.Bhmem  - Processing reads 1486000 ...
494920 [main] INFO main.java.edu.mit.compbio.bisulfitehic.mapping.Bhmem  - Unique mapped and paired reads 1472070 ...
494924 [main] INFO main.java.edu.mit.compbio.bisulfitehic.mapping.Bhmem  - Processing reads 1487000 ...
494924 [main] INFO main.java.edu.mit.compbio.bisulfitehic.mapping.Bhmem  - Unique mapped and paired reads 1472070 ...
[M::mem_process_seqs] Processed 1001 reads in 0.829 CPU sec, 0.106 real sec
[M::mem_process_seqs] Processed 1001 reads in 0.762 CPU sec, 0.097 real sec
[M::mem_process_seqs] Processed 1001 reads in 0.865 CPU sec, 0.118 real sec
[M::mem_process_seqs] Processed 1001 reads in 0.882 CPU sec, 0.114 real sec
495505 [main] INFO main.java.edu.mit.compbio.bisulfitehic.mapping.Bhmem  - Processing reads 1488000 ...
495505 [main] INFO main.java.edu.mit.compbio.bisulfitehic.mapping.Bhmem  - Unique mapped and paired reads 1474052 ...
495509 [main] INFO main.java.edu.mit.compbio.bisulfitehic.mapping.Bhmem  - Processing reads 1489000 ...
495509 [main] INFO main.java.edu.mit.compbio.bisulfitehic.mapping.Bhmem  - Unique mapped and paired reads 1474052 ...
[M::mem_process_seqs] Processed 1001 reads in 0.907 CPU sec, 0.116 real sec
[M::mem_process_seqs] Processed 1001 reads in 0.771 CPU sec, 0.099 real sec
[M::mem_process_seqs] Processed 1001 reads in 0.874 CPU sec, 0.116 real sec
[M::mem_process_seqs] Processed 1001 reads in 0.835 CPU sec, 0.107 real sec
496112 [main] INFO main.java.edu.mit.compbio.bisulfitehic.mapping.Bhmem  - Processing reads 1490000 ...
496112 [main] INFO main.java.edu.mit.compbio.bisulfitehic.mapping.Bhmem  - Unique mapped and paired reads 1476044 ...
496116 [main] INFO main.java.edu.mit.compbio.bisulfitehic.mapping.Bhmem  - Processing reads 1491000 ...
496116 [main] INFO main.java.edu.mit.compbio.bisulfitehic.mapping.Bhmem  - Unique mapped and paired reads 1476044 ...
[M::mem_process_seqs] Processed 1001 reads in 0.814 CPU sec, 0.115 real sec
[M::mem_process_seqs] Processed 1001 reads in 0.813 CPU sec, 0.109 real sec
[M::mem_process_seqs] Processed 1001 reads in 0.956 CPU sec, 0.133 real sec
[M::mem_process_seqs] Processed 1001 reads in 0.900 CPU sec, 0.117 real sec
496743 [main] INFO main.java.edu.mit.compbio.bisulfitehic.mapping.Bhmem  - Processing reads 1492000 ...
496743 [main] INFO main.java.edu.mit.compbio.bisulfitehic.mapping.Bhmem  - Unique mapped and paired reads 1478038 ...
496747 [main] INFO main.java.edu.mit.compbio.bisulfitehic.mapping.Bhmem  - Processing reads 1493000 ...
496747 [main] INFO main.java.edu.mit.compbio.bisulfitehic.mapping.Bhmem  - Unique mapped and paired reads 1478038 ...
[M::mem_process_seqs] Processed 1001 reads in 0.933 CPU sec, 0.120 real sec
[M::mem_process_seqs] Processed 1001 reads in 0.818 CPU sec, 0.115 real sec
[M::mem_process_seqs] Processed 1001 reads in 0.930 CPU sec, 0.119 real sec
[M::mem_process_seqs] Processed 1001 reads in 0.917 CPU sec, 0.119 real sec
497368 [main] INFO main.java.edu.mit.compbio.bisulfitehic.mapping.Bhmem  - Processing reads 1494000 ...
497368 [main] INFO main.java.edu.mit.compbio.bisulfitehic.mapping.Bhmem  - Unique mapped and paired reads 1480016 ...
497372 [main] INFO main.java.edu.mit.compbio.bisulfitehic.mapping.Bhmem  - Processing reads 1495000 ...
497372 [main] INFO main.java.edu.mit.compbio.bisulfitehic.mapping.Bhmem  - Unique mapped and paired reads 1480016 ...
[M::mem_process_seqs] Processed 1001 reads in 0.841 CPU sec, 0.111 real sec
[M::mem_process_seqs] Processed 1001 reads in 0.748 CPU sec, 0.097 real sec
[M::mem_process_seqs] Processed 1001 reads in 0.909 CPU sec, 0.123 real sec
[M::mem_process_seqs] Processed 1001 reads in 0.884 CPU sec, 0.113 real sec
497968 [main] INFO main.java.edu.mit.compbio.bisulfitehic.mapping.Bhmem  - Processing reads 1496000 ...
497968 [main] INFO main.java.edu.mit.compbio.bisulfitehic.mapping.Bhmem  - Unique mapped and paired reads 1482004 ...
497972 [main] INFO main.java.edu.mit.compbio.bisulfitehic.mapping.Bhmem  - Processing reads 1497000 ...
497972 [main] INFO main.java.edu.mit.compbio.bisulfitehic.mapping.Bhmem  - Unique mapped and paired reads 1482004 ...
[M::mem_process_seqs] Processed 1001 reads in 0.790 CPU sec, 0.107 real sec
[M::mem_process_seqs] Processed 1001 reads in 0.756 CPU sec, 0.106 real sec
[M::mem_process_seqs] Processed 1001 reads in 0.850 CPU sec, 0.121 real sec
[M::mem_process_seqs] Processed 1001 reads in 0.813 CPU sec, 0.113 real sec
498566 [main] INFO main.java.edu.mit.compbio.bisulfitehic.mapping.Bhmem  - Processing reads 1498000 ...
498566 [main] INFO main.java.edu.mit.compbio.bisulfitehic.mapping.Bhmem  - Unique mapped and paired reads 1483984 ...
498570 [main] INFO main.java.edu.mit.compbio.bisulfitehic.mapping.Bhmem  - Processing reads 1499000 ...
498570 [main] INFO main.java.edu.mit.compbio.bisulfitehic.mapping.Bhmem  - Unique mapped and paired reads 1483984 ...
[M::mem_process_seqs] Processed 1001 reads in 0.854 CPU sec, 0.109 real sec
[M::mem_process_seqs] Processed 1001 reads in 0.787 CPU sec, 0.105 real sec
[M::mem_process_seqs] Processed 1001 reads in 0.863 CPU sec, 0.110 real sec
[M::mem_process_seqs] Processed 1001 reads in 0.896 CPU sec, 0.126 real sec
499166 [main] INFO main.java.edu.mit.compbio.bisulfitehic.mapping.Bhmem  - Processing reads 1500000 ...
499166 [main] INFO main.java.edu.mit.compbio.bisulfitehic.mapping.Bhmem  - Unique mapped and paired reads 1485952 ...
499169 [main] INFO main.java.edu.mit.compbio.bisulfitehic.mapping.Bhmem  - Processing reads 1501000 ...
499169 [main] INFO main.java.edu.mit.compbio.bisulfitehic.mapping.Bhmem  - Unique mapped and paired reads 1485952 ...
[M::mem_process_seqs] Processed 1001 reads in 0.846 CPU sec, 0.115 real sec
[M::mem_process_seqs] Processed 1001 reads in 0.832 CPU sec, 0.116 real sec
[M::mem_process_seqs] Processed 1001 reads in 0.930 CPU sec, 0.130 real sec
[M::mem_process_seqs] Processed 1001 reads in 0.948 CPU sec, 0.131 real sec
499816 [main] INFO main.java.edu.mit.compbio.bisulfitehic.mapping.Bhmem  - Processing reads 1502000 ...
499816 [main] INFO main.java.edu.mit.compbio.bisulfitehic.mapping.Bhmem  - Unique mapped and paired reads 1487948 ...
499820 [main] INFO main.java.edu.mit.compbio.bisulfitehic.mapping.Bhmem  - Processing reads 1503000 ...
499820 [main] INFO main.java.edu.mit.compbio.bisulfitehic.mapping.Bhmem  - Unique mapped and paired reads 1487948 ...
[M::mem_process_seqs] Processed 1001 reads in 0.779 CPU sec, 0.100 real sec
[M::mem_process_seqs] Processed 1001 reads in 0.788 CPU sec, 0.103 real sec
[M::mem_process_seqs] Processed 1001 reads in 0.910 CPU sec, 0.116 real sec
[M::mem_process_seqs] Processed 1001 reads in 0.971 CPU sec, 0.127 real sec
500408 [main] INFO main.java.edu.mit.compbio.bisulfitehic.mapping.Bhmem  - Processing reads 1504000 ...
500408 [main] INFO main.java.edu.mit.compbio.bisulfitehic.mapping.Bhmem  - Unique mapped and paired reads 1489920 ...
500412 [main] INFO main.java.edu.mit.compbio.bisulfitehic.mapping.Bhmem  - Processing reads 1505000 ...
500412 [main] INFO main.java.edu.mit.compbio.bisulfitehic.mapping.Bhmem  - Unique mapped and paired reads 1489920 ...
[M::mem_process_seqs] Processed 1001 reads in 0.927 CPU sec, 0.120 real sec
[M::mem_process_seqs] Processed 1001 reads in 0.820 CPU sec, 0.104 real sec
[M::mem_process_seqs] Processed 1001 reads in 0.999 CPU sec, 0.137 real sec
[M::mem_process_seqs] Processed 1001 reads in 0.936 CPU sec, 0.122 real sec
501044 [main] INFO main.java.edu.mit.compbio.bisulfitehic.mapping.Bhmem  - Processing reads 1506000 ...
501044 [main] INFO main.java.edu.mit.compbio.bisulfitehic.mapping.Bhmem  - Unique mapped and paired reads 1491902 ...
501048 [main] INFO main.java.edu.mit.compbio.bisulfitehic.mapping.Bhmem  - Processing reads 1507000 ...
501048 [main] INFO main.java.edu.mit.compbio.bisulfitehic.mapping.Bhmem  - Unique mapped and paired reads 1491902 ...
[M::mem_process_seqs] Processed 1001 reads in 0.806 CPU sec, 0.103 real sec
[M::mem_process_seqs] Processed 1001 reads in 0.731 CPU sec, 0.093 real sec
[M::mem_process_seqs] Processed 1001 reads in 0.840 CPU sec, 0.113 real sec
[M::mem_process_seqs] Processed 1001 reads in 0.845 CPU sec, 0.107 real sec
501612 [main] INFO main.java.edu.mit.compbio.bisulfitehic.mapping.Bhmem  - Processing reads 1508000 ...
501612 [main] INFO main.java.edu.mit.compbio.bisulfitehic.mapping.Bhmem  - Unique mapped and paired reads 1493884 ...
501616 [main] INFO main.java.edu.mit.compbio.bisulfitehic.mapping.Bhmem  - Processing reads 1509000 ...
501616 [main] INFO main.java.edu.mit.compbio.bisulfitehic.mapping.Bhmem  - Unique mapped and paired reads 1493884 ...
[M::mem_process_seqs] Processed 1001 reads in 0.851 CPU sec, 0.109 real sec
[M::mem_process_seqs] Processed 1001 reads in 0.848 CPU sec, 0.114 real sec
[M::mem_process_seqs] Processed 1001 reads in 0.916 CPU sec, 0.127 real sec
[M::mem_process_seqs] Processed 1001 reads in 0.888 CPU sec, 0.122 real sec
502241 [main] INFO main.java.edu.mit.compbio.bisulfitehic.mapping.Bhmem  - Processing reads 1510000 ...
502241 [main] INFO main.java.edu.mit.compbio.bisulfitehic.mapping.Bhmem  - Unique mapped and paired reads 1495860 ...
502245 [main] INFO main.java.edu.mit.compbio.bisulfitehic.mapping.Bhmem  - Processing reads 1511000 ...
502245 [main] INFO main.java.edu.mit.compbio.bisulfitehic.mapping.Bhmem  - Unique mapped and paired reads 1495860 ...
[M::mem_process_seqs] Processed 1001 reads in 0.840 CPU sec, 0.113 real sec
[M::mem_process_seqs] Processed 1001 reads in 0.729 CPU sec, 0.093 real sec
[M::mem_process_seqs] Processed 1001 reads in 0.864 CPU sec, 0.115 real sec
[M::mem_process_seqs] Processed 1001 reads in 0.792 CPU sec, 0.108 real sec
502819 [main] INFO main.java.edu.mit.compbio.bisulfitehic.mapping.Bhmem  - Processing reads 1512000 ...
502819 [main] INFO main.java.edu.mit.compbio.bisulfitehic.mapping.Bhmem  - Unique mapped and paired reads 1497848 ...
502822 [main] INFO main.java.edu.mit.compbio.bisulfitehic.mapping.Bhmem  - Processing reads 1513000 ...
502822 [main] INFO main.java.edu.mit.compbio.bisulfitehic.mapping.Bhmem  - Unique mapped and paired reads 1497848 ...
[M::mem_process_seqs] Processed 1001 reads in 0.825 CPU sec, 0.108 real sec
[M::mem_process_seqs] Processed 1001 reads in 0.852 CPU sec, 0.109 real sec
[M::mem_process_seqs] Processed 1001 reads in 0.838 CPU sec, 0.114 real sec
[M::mem_process_seqs] Processed 1001 reads in 0.924 CPU sec, 0.118 real sec
503425 [main] INFO main.java.edu.mit.compbio.bisulfitehic.mapping.Bhmem  - Processing reads 1514000 ...
503425 [main] INFO main.java.edu.mit.compbio.bisulfitehic.mapping.Bhmem  - Unique mapped and paired reads 1499838 ...
503429 [main] INFO main.java.edu.mit.compbio.bisulfitehic.mapping.Bhmem  - Processing reads 1515000 ...
503429 [main] INFO main.java.edu.mit.compbio.bisulfitehic.mapping.Bhmem  - Unique mapped and paired reads 1499838 ...
[M::mem_process_seqs] Processed 1001 reads in 0.887 CPU sec, 0.114 real sec
[M::mem_process_seqs] Processed 1001 reads in 0.760 CPU sec, 0.096 real sec
[M::mem_process_seqs] Processed 1001 reads in 0.875 CPU sec, 0.117 real sec
[M::mem_process_seqs] Processed 1001 reads in 0.861 CPU sec, 0.111 real sec
504029 [main] INFO main.java.edu.mit.compbio.bisulfitehic.mapping.Bhmem  - Processing reads 1516000 ...
504029 [main] INFO main.java.edu.mit.compbio.bisulfitehic.mapping.Bhmem  - Unique mapped and paired reads 1501824 ...
504032 [main] INFO main.java.edu.mit.compbio.bisulfitehic.mapping.Bhmem  - Processing reads 1517000 ...
504032 [main] INFO main.java.edu.mit.compbio.bisulfitehic.mapping.Bhmem  - Unique mapped and paired reads 1501824 ...
[M::mem_process_seqs] Processed 1001 reads in 0.918 CPU sec, 0.121 real sec
[M::mem_process_seqs] Processed 1001 reads in 0.819 CPU sec, 0.107 real sec
[M::mem_process_seqs] Processed 1001 reads in 0.928 CPU sec, 0.120 real sec
[M::mem_process_seqs] Processed 1001 reads in 0.853 CPU sec, 0.109 real sec
504640 [main] INFO main.java.edu.mit.compbio.bisulfitehic.mapping.Bhmem  - Processing reads 1518000 ...
504640 [main] INFO main.java.edu.mit.compbio.bisulfitehic.mapping.Bhmem  - Unique mapped and paired reads 1503810 ...
504644 [main] INFO main.java.edu.mit.compbio.bisulfitehic.mapping.Bhmem  - Processing reads 1519000 ...
504644 [main] INFO main.java.edu.mit.compbio.bisulfitehic.mapping.Bhmem  - Unique mapped and paired reads 1503810 ...
[M::mem_process_seqs] Processed 1001 reads in 0.847 CPU sec, 0.113 real sec
[M::mem_process_seqs] Processed 1001 reads in 0.762 CPU sec, 0.098 real sec
[M::mem_process_seqs] Processed 1001 reads in 0.902 CPU sec, 0.114 real sec
[M::mem_process_seqs] Processed 1001 reads in 0.865 CPU sec, 0.117 real sec
505238 [main] INFO main.java.edu.mit.compbio.bisulfitehic.mapping.Bhmem  - Processing reads 1520000 ...
505238 [main] INFO main.java.edu.mit.compbio.bisulfitehic.mapping.Bhmem  - Unique mapped and paired reads 1505794 ...
505241 [main] INFO main.java.edu.mit.compbio.bisulfitehic.mapping.Bhmem  - Processing reads 1521000 ...
505241 [main] INFO main.java.edu.mit.compbio.bisulfitehic.mapping.Bhmem  - Unique mapped and paired reads 1505794 ...
[M::mem_process_seqs] Processed 1001 reads in 0.824 CPU sec, 0.104 real sec
[M::mem_process_seqs] Processed 1001 reads in 0.795 CPU sec, 0.105 real sec
[M::mem_process_seqs] Processed 1001 reads in 0.926 CPU sec, 0.126 real sec
[M::mem_process_seqs] Processed 1001 reads in 0.856 CPU sec, 0.114 real sec
505838 [main] INFO main.java.edu.mit.compbio.bisulfitehic.mapping.Bhmem  - Processing reads 1522000 ...
505838 [main] INFO main.java.edu.mit.compbio.bisulfitehic.mapping.Bhmem  - Unique mapped and paired reads 1507768 ...
505842 [main] INFO main.java.edu.mit.compbio.bisulfitehic.mapping.Bhmem  - Processing reads 1523000 ...
505842 [main] INFO main.java.edu.mit.compbio.bisulfitehic.mapping.Bhmem  - Unique mapped and paired reads 1507768 ...
[M::mem_process_seqs] Processed 1001 reads in 0.923 CPU sec, 0.118 real sec
[M::mem_process_seqs] Processed 1001 reads in 0.797 CPU sec, 0.101 real sec
[M::mem_process_seqs] Processed 1001 reads in 0.969 CPU sec, 0.126 real sec
[M::mem_process_seqs] Processed 1001 reads in 0.920 CPU sec, 0.117 real sec
506460 [main] INFO main.java.edu.mit.compbio.bisulfitehic.mapping.Bhmem  - Processing reads 1524000 ...
506460 [main] INFO main.java.edu.mit.compbio.bisulfitehic.mapping.Bhmem  - Unique mapped and paired reads 1509744 ...
506464 [main] INFO main.java.edu.mit.compbio.bisulfitehic.mapping.Bhmem  - Processing reads 1525000 ...
506464 [main] INFO main.java.edu.mit.compbio.bisulfitehic.mapping.Bhmem  - Unique mapped and paired reads 1509744 ...
[M::mem_process_seqs] Processed 1001 reads in 0.923 CPU sec, 0.117 real sec
[M::mem_process_seqs] Processed 1001 reads in 0.859 CPU sec, 0.109 real sec
[M::mem_process_seqs] Processed 1001 reads in 0.918 CPU sec, 0.117 real sec
[M::mem_process_seqs] Processed 1001 reads in 0.937 CPU sec, 0.119 real sec
507128 [main] INFO main.java.edu.mit.compbio.bisulfitehic.mapping.Bhmem  - Processing reads 1526000 ...
507128 [main] INFO main.java.edu.mit.compbio.bisulfitehic.mapping.Bhmem  - Unique mapped and paired reads 1511728 ...
507133 [main] INFO main.java.edu.mit.compbio.bisulfitehic.mapping.Bhmem  - Processing reads 1527000 ...
507133 [main] INFO main.java.edu.mit.compbio.bisulfitehic.mapping.Bhmem  - Unique mapped and paired reads 1511728 ...
[M::mem_process_seqs] Processed 1001 reads in 0.929 CPU sec, 0.117 real sec
[M::mem_process_seqs] Processed 1001 reads in 0.884 CPU sec, 0.112 real sec
[M::mem_process_seqs] Processed 1001 reads in 0.952 CPU sec, 0.121 real sec
[M::mem_process_seqs] Processed 1001 reads in 1.003 CPU sec, 0.144 real sec
507791 [main] INFO main.java.edu.mit.compbio.bisulfitehic.mapping.Bhmem  - Processing reads 1528000 ...
507791 [main] INFO main.java.edu.mit.compbio.bisulfitehic.mapping.Bhmem  - Unique mapped and paired reads 1513714 ...
507795 [main] INFO main.java.edu.mit.compbio.bisulfitehic.mapping.Bhmem  - Processing reads 1529000 ...
507795 [main] INFO main.java.edu.mit.compbio.bisulfitehic.mapping.Bhmem  - Unique mapped and paired reads 1513714 ...
[M::mem_process_seqs] Processed 1001 reads in 0.888 CPU sec, 0.118 real sec
[M::mem_process_seqs] Processed 1001 reads in 0.860 CPU sec, 0.118 real sec
[M::mem_process_seqs] Processed 1001 reads in 0.980 CPU sec, 0.133 real sec
[M::mem_process_seqs] Processed 1001 reads in 0.933 CPU sec, 0.120 real sec
508446 [main] INFO main.java.edu.mit.compbio.bisulfitehic.mapping.Bhmem  - Processing reads 1530000 ...
508446 [main] INFO main.java.edu.mit.compbio.bisulfitehic.mapping.Bhmem  - Unique mapped and paired reads 1515690 ...
508450 [main] INFO main.java.edu.mit.compbio.bisulfitehic.mapping.Bhmem  - Processing reads 1531000 ...
508450 [main] INFO main.java.edu.mit.compbio.bisulfitehic.mapping.Bhmem  - Unique mapped and paired reads 1515690 ...
[M::mem_process_seqs] Processed 1001 reads in 0.867 CPU sec, 0.111 real sec
[M::mem_process_seqs] Processed 1001 reads in 0.825 CPU sec, 0.105 real sec
[M::mem_process_seqs] Processed 1001 reads in 0.940 CPU sec, 0.126 real sec
[M::mem_process_seqs] Processed 1001 reads in 0.934 CPU sec, 0.124 real sec
509068 [main] INFO main.java.edu.mit.compbio.bisulfitehic.mapping.Bhmem  - Processing reads 1532000 ...
509068 [main] INFO main.java.edu.mit.compbio.bisulfitehic.mapping.Bhmem  - Unique mapped and paired reads 1517662 ...
509072 [main] INFO main.java.edu.mit.compbio.bisulfitehic.mapping.Bhmem  - Processing reads 1533000 ...
509072 [main] INFO main.java.edu.mit.compbio.bisulfitehic.mapping.Bhmem  - Unique mapped and paired reads 1517662 ...
[M::mem_process_seqs] Processed 1001 reads in 0.845 CPU sec, 0.108 real sec
[M::mem_process_seqs] Processed 1001 reads in 0.811 CPU sec, 0.111 real sec
[M::mem_process_seqs] Processed 1001 reads in 0.929 CPU sec, 0.126 real sec
[M::mem_process_seqs] Processed 1001 reads in 0.881 CPU sec, 0.120 real sec
509694 [main] INFO main.java.edu.mit.compbio.bisulfitehic.mapping.Bhmem  - Processing reads 1534000 ...
509694 [main] INFO main.java.edu.mit.compbio.bisulfitehic.mapping.Bhmem  - Unique mapped and paired reads 1519640 ...
509698 [main] INFO main.java.edu.mit.compbio.bisulfitehic.mapping.Bhmem  - Processing reads 1535000 ...
509698 [main] INFO main.java.edu.mit.compbio.bisulfitehic.mapping.Bhmem  - Unique mapped and paired reads 1519640 ...
[M::mem_process_seqs] Processed 1001 reads in 0.943 CPU sec, 0.121 real sec
[M::mem_process_seqs] Processed 1001 reads in 0.846 CPU sec, 0.111 real sec
[M::mem_process_seqs] Processed 1001 reads in 0.997 CPU sec, 0.126 real sec
[M::mem_process_seqs] Processed 1001 reads in 0.944 CPU sec, 0.121 real sec
510330 [main] INFO main.java.edu.mit.compbio.bisulfitehic.mapping.Bhmem  - Processing reads 1536000 ...
510330 [main] INFO main.java.edu.mit.compbio.bisulfitehic.mapping.Bhmem  - Unique mapped and paired reads 1521628 ...
510334 [main] INFO main.java.edu.mit.compbio.bisulfitehic.mapping.Bhmem  - Processing reads 1537000 ...
510334 [main] INFO main.java.edu.mit.compbio.bisulfitehic.mapping.Bhmem  - Unique mapped and paired reads 1521628 ...
[M::mem_process_seqs] Processed 1001 reads in 0.873 CPU sec, 0.111 real sec
[M::mem_process_seqs] Processed 1001 reads in 0.831 CPU sec, 0.112 real sec
[M::mem_process_seqs] Processed 1001 reads in 0.925 CPU sec, 0.126 real sec
[M::mem_process_seqs] Processed 1001 reads in 0.970 CPU sec, 0.124 real sec
510964 [main] INFO main.java.edu.mit.compbio.bisulfitehic.mapping.Bhmem  - Processing reads 1538000 ...
510964 [main] INFO main.java.edu.mit.compbio.bisulfitehic.mapping.Bhmem  - Unique mapped and paired reads 1523618 ...
510968 [main] INFO main.java.edu.mit.compbio.bisulfitehic.mapping.Bhmem  - Processing reads 1539000 ...
510968 [main] INFO main.java.edu.mit.compbio.bisulfitehic.mapping.Bhmem  - Unique mapped and paired reads 1523618 ...
[M::mem_process_seqs] Processed 1001 reads in 0.836 CPU sec, 0.107 real sec
[M::mem_process_seqs] Processed 1001 reads in 0.773 CPU sec, 0.099 real sec
[M::mem_process_seqs] Processed 1001 reads in 0.971 CPU sec, 0.123 real sec
[M::mem_process_seqs] Processed 1001 reads in 0.878 CPU sec, 0.112 real sec
511559 [main] INFO main.java.edu.mit.compbio.bisulfitehic.mapping.Bhmem  - Processing reads 1540000 ...
511559 [main] INFO main.java.edu.mit.compbio.bisulfitehic.mapping.Bhmem  - Unique mapped and paired reads 1525606 ...
511563 [main] INFO main.java.edu.mit.compbio.bisulfitehic.mapping.Bhmem  - Processing reads 1541000 ...
511563 [main] INFO main.java.edu.mit.compbio.bisulfitehic.mapping.Bhmem  - Unique mapped and paired reads 1525606 ...
[M::mem_process_seqs] Processed 1001 reads in 0.972 CPU sec, 0.124 real sec
[M::mem_process_seqs] Processed 1001 reads in 0.870 CPU sec, 0.110 real sec
[M::mem_process_seqs] Processed 1001 reads in 1.082 CPU sec, 0.137 real sec
[M::mem_process_seqs] Processed 1001 reads in 1.019 CPU sec, 0.139 real sec
512229 [main] INFO main.java.edu.mit.compbio.bisulfitehic.mapping.Bhmem  - Processing reads 1542000 ...
512229 [main] INFO main.java.edu.mit.compbio.bisulfitehic.mapping.Bhmem  - Unique mapped and paired reads 1527588 ...
512233 [main] INFO main.java.edu.mit.compbio.bisulfitehic.mapping.Bhmem  - Processing reads 1543000 ...
512233 [main] INFO main.java.edu.mit.compbio.bisulfitehic.mapping.Bhmem  - Unique mapped and paired reads 1527588 ...
[M::mem_process_seqs] Processed 1001 reads in 0.928 CPU sec, 0.118 real sec
[M::mem_process_seqs] Processed 1001 reads in 0.809 CPU sec, 0.102 real sec
[M::mem_process_seqs] Processed 1001 reads in 0.991 CPU sec, 0.138 real sec
[M::mem_process_seqs] Processed 1001 reads in 0.999 CPU sec, 0.130 real sec
512879 [main] INFO main.java.edu.mit.compbio.bisulfitehic.mapping.Bhmem  - Processing reads 1544000 ...
512879 [main] INFO main.java.edu.mit.compbio.bisulfitehic.mapping.Bhmem  - Unique mapped and paired reads 1529572 ...
512883 [main] INFO main.java.edu.mit.compbio.bisulfitehic.mapping.Bhmem  - Processing reads 1545000 ...
512883 [main] INFO main.java.edu.mit.compbio.bisulfitehic.mapping.Bhmem  - Unique mapped and paired reads 1529572 ...
[M::mem_process_seqs] Processed 1001 reads in 0.893 CPU sec, 0.116 real sec
[M::mem_process_seqs] Processed 1001 reads in 0.809 CPU sec, 0.103 real sec
[M::mem_process_seqs] Processed 1001 reads in 0.879 CPU sec, 0.116 real sec
[M::mem_process_seqs] Processed 1001 reads in 0.885 CPU sec, 0.113 real sec
513479 [main] INFO main.java.edu.mit.compbio.bisulfitehic.mapping.Bhmem  - Processing reads 1546000 ...
513479 [main] INFO main.java.edu.mit.compbio.bisulfitehic.mapping.Bhmem  - Unique mapped and paired reads 1531554 ...
513483 [main] INFO main.java.edu.mit.compbio.bisulfitehic.mapping.Bhmem  - Processing reads 1547000 ...
513483 [main] INFO main.java.edu.mit.compbio.bisulfitehic.mapping.Bhmem  - Unique mapped and paired reads 1531554 ...
[M::mem_process_seqs] Processed 1001 reads in 0.849 CPU sec, 0.110 real sec
[M::mem_process_seqs] Processed 1001 reads in 0.745 CPU sec, 0.099 real sec
[M::mem_process_seqs] Processed 1001 reads in 0.866 CPU sec, 0.114 real sec
[M::mem_process_seqs] Processed 1001 reads in 0.876 CPU sec, 0.116 real sec
514067 [main] INFO main.java.edu.mit.compbio.bisulfitehic.mapping.Bhmem  - Processing reads 1548000 ...
514067 [main] INFO main.java.edu.mit.compbio.bisulfitehic.mapping.Bhmem  - Unique mapped and paired reads 1533544 ...
514071 [main] INFO main.java.edu.mit.compbio.bisulfitehic.mapping.Bhmem  - Processing reads 1549000 ...
514071 [main] INFO main.java.edu.mit.compbio.bisulfitehic.mapping.Bhmem  - Unique mapped and paired reads 1533544 ...
[M::mem_process_seqs] Processed 1001 reads in 0.843 CPU sec, 0.110 real sec
[M::mem_process_seqs] Processed 1001 reads in 0.742 CPU sec, 0.097 real sec
[M::mem_process_seqs] Processed 1001 reads in 0.901 CPU sec, 0.127 real sec
[M::mem_process_seqs] Processed 1001 reads in 0.883 CPU sec, 0.134 real sec
514689 [main] INFO main.java.edu.mit.compbio.bisulfitehic.mapping.Bhmem  - Processing reads 1550000 ...
514689 [main] INFO main.java.edu.mit.compbio.bisulfitehic.mapping.Bhmem  - Unique mapped and paired reads 1535528 ...
514692 [main] INFO main.java.edu.mit.compbio.bisulfitehic.mapping.Bhmem  - Processing reads 1551000 ...
514692 [main] INFO main.java.edu.mit.compbio.bisulfitehic.mapping.Bhmem  - Unique mapped and paired reads 1535528 ...
[M::mem_process_seqs] Processed 1001 reads in 0.829 CPU sec, 0.110 real sec
[M::mem_process_seqs] Processed 1001 reads in 0.768 CPU sec, 0.098 real sec
[M::mem_process_seqs] Processed 1001 reads in 0.800 CPU sec, 0.114 real sec
[M::mem_process_seqs] Processed 1001 reads in 0.827 CPU sec, 0.106 real sec
515370 [main] INFO main.java.edu.mit.compbio.bisulfitehic.mapping.Bhmem  - Processing reads 1552000 ...
515370 [main] INFO main.java.edu.mit.compbio.bisulfitehic.mapping.Bhmem  - Unique mapped and paired reads 1537502 ...
515374 [main] INFO main.java.edu.mit.compbio.bisulfitehic.mapping.Bhmem  - Processing reads 1553000 ...
515374 [main] INFO main.java.edu.mit.compbio.bisulfitehic.mapping.Bhmem  - Unique mapped and paired reads 1537502 ...
[M::mem_process_seqs] Processed 1001 reads in 0.835 CPU sec, 0.107 real sec
[M::mem_process_seqs] Processed 1001 reads in 0.782 CPU sec, 0.105 real sec
[M::mem_process_seqs] Processed 1001 reads in 0.893 CPU sec, 0.123 real sec
[M::mem_process_seqs] Processed 1001 reads in 0.830 CPU sec, 0.122 real sec
515986 [main] INFO main.java.edu.mit.compbio.bisulfitehic.mapping.Bhmem  - Processing reads 1554000 ...
515986 [main] INFO main.java.edu.mit.compbio.bisulfitehic.mapping.Bhmem  - Unique mapped and paired reads 1539478 ...
515990 [main] INFO main.java.edu.mit.compbio.bisulfitehic.mapping.Bhmem  - Processing reads 1555000 ...
515990 [main] INFO main.java.edu.mit.compbio.bisulfitehic.mapping.Bhmem  - Unique mapped and paired reads 1539478 ...
[M::mem_process_seqs] Processed 1001 reads in 0.909 CPU sec, 0.117 real sec
[M::mem_process_seqs] Processed 1001 reads in 0.865 CPU sec, 0.109 real sec
[M::mem_process_seqs] Processed 1001 reads in 1.007 CPU sec, 0.127 real sec
[M::mem_process_seqs] Processed 1001 reads in 0.906 CPU sec, 0.129 real sec
516627 [main] INFO main.java.edu.mit.compbio.bisulfitehic.mapping.Bhmem  - Processing reads 1556000 ...
516627 [main] INFO main.java.edu.mit.compbio.bisulfitehic.mapping.Bhmem  - Unique mapped and paired reads 1541454 ...
516631 [main] INFO main.java.edu.mit.compbio.bisulfitehic.mapping.Bhmem  - Processing reads 1557000 ...
516631 [main] INFO main.java.edu.mit.compbio.bisulfitehic.mapping.Bhmem  - Unique mapped and paired reads 1541454 ...
[M::mem_process_seqs] Processed 1001 reads in 0.871 CPU sec, 0.111 real sec
[M::mem_process_seqs] Processed 1001 reads in 0.837 CPU sec, 0.108 real sec
[M::mem_process_seqs] Processed 1001 reads in 0.920 CPU sec, 0.117 real sec
[M::mem_process_seqs] Processed 1001 reads in 0.908 CPU sec, 0.122 real sec
517239 [main] INFO main.java.edu.mit.compbio.bisulfitehic.mapping.Bhmem  - Processing reads 1558000 ...
517239 [main] INFO main.java.edu.mit.compbio.bisulfitehic.mapping.Bhmem  - Unique mapped and paired reads 1543432 ...
517243 [main] INFO main.java.edu.mit.compbio.bisulfitehic.mapping.Bhmem  - Processing reads 1559000 ...
517243 [main] INFO main.java.edu.mit.compbio.bisulfitehic.mapping.Bhmem  - Unique mapped and paired reads 1543432 ...
[M::mem_process_seqs] Processed 1001 reads in 0.892 CPU sec, 0.114 real sec
[M::mem_process_seqs] Processed 1001 reads in 0.856 CPU sec, 0.112 real sec
[M::mem_process_seqs] Processed 1001 reads in 0.918 CPU sec, 0.117 real sec
[M::mem_process_seqs] Processed 1001 reads in 0.958 CPU sec, 0.125 real sec
517867 [main] INFO main.java.edu.mit.compbio.bisulfitehic.mapping.Bhmem  - Processing reads 1560000 ...
517867 [main] INFO main.java.edu.mit.compbio.bisulfitehic.mapping.Bhmem  - Unique mapped and paired reads 1545426 ...
517871 [main] INFO main.java.edu.mit.compbio.bisulfitehic.mapping.Bhmem  - Processing reads 1561000 ...
517871 [main] INFO main.java.edu.mit.compbio.bisulfitehic.mapping.Bhmem  - Unique mapped and paired reads 1545426 ...
[M::mem_process_seqs] Processed 1001 reads in 0.873 CPU sec, 0.112 real sec
[M::mem_process_seqs] Processed 1001 reads in 0.839 CPU sec, 0.111 real sec
[M::mem_process_seqs] Processed 1001 reads in 1.030 CPU sec, 0.130 real sec
[M::mem_process_seqs] Processed 1001 reads in 0.966 CPU sec, 0.129 real sec
518509 [main] INFO main.java.edu.mit.compbio.bisulfitehic.mapping.Bhmem  - Processing reads 1562000 ...
518509 [main] INFO main.java.edu.mit.compbio.bisulfitehic.mapping.Bhmem  - Unique mapped and paired reads 1547400 ...
518513 [main] INFO main.java.edu.mit.compbio.bisulfitehic.mapping.Bhmem  - Processing reads 1563000 ...
518513 [main] INFO main.java.edu.mit.compbio.bisulfitehic.mapping.Bhmem  - Unique mapped and paired reads 1547400 ...
[M::mem_process_seqs] Processed 1001 reads in 0.859 CPU sec, 0.110 real sec
[M::mem_process_seqs] Processed 1001 reads in 0.891 CPU sec, 0.119 real sec
[M::mem_process_seqs] Processed 1001 reads in 1.018 CPU sec, 0.137 real sec
[M::mem_process_seqs] Processed 1001 reads in 0.998 CPU sec, 0.146 real sec
519188 [main] INFO main.java.edu.mit.compbio.bisulfitehic.mapping.Bhmem  - Processing reads 1564000 ...
519188 [main] INFO main.java.edu.mit.compbio.bisulfitehic.mapping.Bhmem  - Unique mapped and paired reads 1549390 ...
519192 [main] INFO main.java.edu.mit.compbio.bisulfitehic.mapping.Bhmem  - Processing reads 1565000 ...
519192 [main] INFO main.java.edu.mit.compbio.bisulfitehic.mapping.Bhmem  - Unique mapped and paired reads 1549390 ...
[M::mem_process_seqs] Processed 1001 reads in 0.809 CPU sec, 0.103 real sec
[M::mem_process_seqs] Processed 1001 reads in 0.777 CPU sec, 0.115 real sec
[M::mem_process_seqs] Processed 1001 reads in 0.971 CPU sec, 0.127 real sec
[M::mem_process_seqs] Processed 1001 reads in 0.961 CPU sec, 0.128 real sec
519825 [main] INFO main.java.edu.mit.compbio.bisulfitehic.mapping.Bhmem  - Processing reads 1566000 ...
519825 [main] INFO main.java.edu.mit.compbio.bisulfitehic.mapping.Bhmem  - Unique mapped and paired reads 1551382 ...
519829 [main] INFO main.java.edu.mit.compbio.bisulfitehic.mapping.Bhmem  - Processing reads 1567000 ...
519829 [main] INFO main.java.edu.mit.compbio.bisulfitehic.mapping.Bhmem  - Unique mapped and paired reads 1551382 ...
[M::mem_process_seqs] Processed 1001 reads in 0.903 CPU sec, 0.116 real sec
[M::mem_process_seqs] Processed 1001 reads in 0.886 CPU sec, 0.112 real sec
[M::mem_process_seqs] Processed 1001 reads in 1.041 CPU sec, 0.134 real sec
[M::mem_process_seqs] Processed 1001 reads in 1.023 CPU sec, 0.134 real sec
520483 [main] INFO main.java.edu.mit.compbio.bisulfitehic.mapping.Bhmem  - Processing reads 1568000 ...
520483 [main] INFO main.java.edu.mit.compbio.bisulfitehic.mapping.Bhmem  - Unique mapped and paired reads 1553370 ...
520487 [main] INFO main.java.edu.mit.compbio.bisulfitehic.mapping.Bhmem  - Processing reads 1569000 ...
520487 [main] INFO main.java.edu.mit.compbio.bisulfitehic.mapping.Bhmem  - Unique mapped and paired reads 1553370 ...
[M::mem_process_seqs] Processed 1001 reads in 0.861 CPU sec, 0.114 real sec
[M::mem_process_seqs] Processed 1001 reads in 0.849 CPU sec, 0.111 real sec
[M::mem_process_seqs] Processed 1001 reads in 1.034 CPU sec, 0.133 real sec
[M::mem_process_seqs] Processed 1001 reads in 0.928 CPU sec, 0.121 real sec
521121 [main] INFO main.java.edu.mit.compbio.bisulfitehic.mapping.Bhmem  - Processing reads 1570000 ...
521121 [main] INFO main.java.edu.mit.compbio.bisulfitehic.mapping.Bhmem  - Unique mapped and paired reads 1555354 ...
521125 [main] INFO main.java.edu.mit.compbio.bisulfitehic.mapping.Bhmem  - Processing reads 1571000 ...
521125 [main] INFO main.java.edu.mit.compbio.bisulfitehic.mapping.Bhmem  - Unique mapped and paired reads 1555354 ...
[M::mem_process_seqs] Processed 1001 reads in 0.876 CPU sec, 0.112 real sec
[M::mem_process_seqs] Processed 1001 reads in 0.959 CPU sec, 0.121 real sec
[M::mem_process_seqs] Processed 1001 reads in 1.077 CPU sec, 0.140 real sec
[M::mem_process_seqs] Processed 1001 reads in 0.996 CPU sec, 0.132 real sec
521787 [main] INFO main.java.edu.mit.compbio.bisulfitehic.mapping.Bhmem  - Processing reads 1572000 ...
521787 [main] INFO main.java.edu.mit.compbio.bisulfitehic.mapping.Bhmem  - Unique mapped and paired reads 1557336 ...
521791 [main] INFO main.java.edu.mit.compbio.bisulfitehic.mapping.Bhmem  - Processing reads 1573000 ...
521791 [main] INFO main.java.edu.mit.compbio.bisulfitehic.mapping.Bhmem  - Unique mapped and paired reads 1557336 ...
[M::mem_process_seqs] Processed 1001 reads in 0.929 CPU sec, 0.118 real sec
[M::mem_process_seqs] Processed 1001 reads in 0.824 CPU sec, 0.115 real sec
[M::mem_process_seqs] Processed 1001 reads in 0.997 CPU sec, 0.135 real sec
[M::mem_process_seqs] Processed 1001 reads in 0.977 CPU sec, 0.126 real sec
522443 [main] INFO main.java.edu.mit.compbio.bisulfitehic.mapping.Bhmem  - Processing reads 1574000 ...
522443 [main] INFO main.java.edu.mit.compbio.bisulfitehic.mapping.Bhmem  - Unique mapped and paired reads 1559314 ...
522447 [main] INFO main.java.edu.mit.compbio.bisulfitehic.mapping.Bhmem  - Processing reads 1575000 ...
522447 [main] INFO main.java.edu.mit.compbio.bisulfitehic.mapping.Bhmem  - Unique mapped and paired reads 1559314 ...
[M::mem_process_seqs] Processed 1001 reads in 0.899 CPU sec, 0.115 real sec
[M::mem_process_seqs] Processed 1001 reads in 0.808 CPU sec, 0.102 real sec
[M::mem_process_seqs] Processed 1001 reads in 1.009 CPU sec, 0.141 real sec
[M::mem_process_seqs] Processed 1001 reads in 1.052 CPU sec, 0.133 real sec
523098 [main] INFO main.java.edu.mit.compbio.bisulfitehic.mapping.Bhmem  - Processing reads 1576000 ...
523098 [main] INFO main.java.edu.mit.compbio.bisulfitehic.mapping.Bhmem  - Unique mapped and paired reads 1561304 ...
523102 [main] INFO main.java.edu.mit.compbio.bisulfitehic.mapping.Bhmem  - Processing reads 1577000 ...
523102 [main] INFO main.java.edu.mit.compbio.bisulfitehic.mapping.Bhmem  - Unique mapped and paired reads 1561304 ...
[M::mem_process_seqs] Processed 1001 reads in 0.844 CPU sec, 0.112 real sec
[M::mem_process_seqs] Processed 1001 reads in 0.750 CPU sec, 0.098 real sec
[M::mem_process_seqs] Processed 1001 reads in 0.978 CPU sec, 0.135 real sec
[M::mem_process_seqs] Processed 1001 reads in 0.883 CPU sec, 0.128 real sec
523727 [main] INFO main.java.edu.mit.compbio.bisulfitehic.mapping.Bhmem  - Processing reads 1578000 ...
523727 [main] INFO main.java.edu.mit.compbio.bisulfitehic.mapping.Bhmem  - Unique mapped and paired reads 1563272 ...
523731 [main] INFO main.java.edu.mit.compbio.bisulfitehic.mapping.Bhmem  - Processing reads 1579000 ...
523731 [main] INFO main.java.edu.mit.compbio.bisulfitehic.mapping.Bhmem  - Unique mapped and paired reads 1563272 ...
[M::mem_process_seqs] Processed 1001 reads in 0.859 CPU sec, 0.111 real sec
[M::mem_process_seqs] Processed 1001 reads in 0.830 CPU sec, 0.110 real sec
[M::mem_process_seqs] Processed 1001 reads in 0.863 CPU sec, 0.114 real sec
[M::mem_process_seqs] Processed 1001 reads in 0.941 CPU sec, 0.122 real sec
524345 [main] INFO main.java.edu.mit.compbio.bisulfitehic.mapping.Bhmem  - Processing reads 1580000 ...
524345 [main] INFO main.java.edu.mit.compbio.bisulfitehic.mapping.Bhmem  - Unique mapped and paired reads 1565250 ...
524349 [main] INFO main.java.edu.mit.compbio.bisulfitehic.mapping.Bhmem  - Processing reads 1581000 ...
524349 [main] INFO main.java.edu.mit.compbio.bisulfitehic.mapping.Bhmem  - Unique mapped and paired reads 1565250 ...
[M::mem_process_seqs] Processed 1001 reads in 0.908 CPU sec, 0.120 real sec
[M::mem_process_seqs] Processed 1001 reads in 0.841 CPU sec, 0.108 real sec
[M::mem_process_seqs] Processed 1001 reads in 0.936 CPU sec, 0.130 real sec
[M::mem_process_seqs] Processed 1001 reads in 0.961 CPU sec, 0.125 real sec
524982 [main] INFO main.java.edu.mit.compbio.bisulfitehic.mapping.Bhmem  - Processing reads 1582000 ...
524982 [main] INFO main.java.edu.mit.compbio.bisulfitehic.mapping.Bhmem  - Unique mapped and paired reads 1567232 ...
524986 [main] INFO main.java.edu.mit.compbio.bisulfitehic.mapping.Bhmem  - Processing reads 1583000 ...
524986 [main] INFO main.java.edu.mit.compbio.bisulfitehic.mapping.Bhmem  - Unique mapped and paired reads 1567232 ...
[M::mem_process_seqs] Processed 1001 reads in 0.923 CPU sec, 0.128 real sec
[M::mem_process_seqs] Processed 1001 reads in 0.856 CPU sec, 0.112 real sec
[M::mem_process_seqs] Processed 1001 reads in 0.952 CPU sec, 0.125 real sec
[M::mem_process_seqs] Processed 1001 reads in 0.954 CPU sec, 0.126 real sec
525633 [main] INFO main.java.edu.mit.compbio.bisulfitehic.mapping.Bhmem  - Processing reads 1584000 ...
525633 [main] INFO main.java.edu.mit.compbio.bisulfitehic.mapping.Bhmem  - Unique mapped and paired reads 1569220 ...
525637 [main] INFO main.java.edu.mit.compbio.bisulfitehic.mapping.Bhmem  - Processing reads 1585000 ...
525637 [main] INFO main.java.edu.mit.compbio.bisulfitehic.mapping.Bhmem  - Unique mapped and paired reads 1569220 ...
[M::mem_process_seqs] Processed 1001 reads in 0.805 CPU sec, 0.108 real sec
[M::mem_process_seqs] Processed 1001 reads in 0.816 CPU sec, 0.115 real sec
[M::mem_process_seqs] Processed 1001 reads in 0.897 CPU sec, 0.123 real sec
[M::mem_process_seqs] Processed 1001 reads in 0.907 CPU sec, 0.118 real sec
526257 [main] INFO main.java.edu.mit.compbio.bisulfitehic.mapping.Bhmem  - Processing reads 1586000 ...
526257 [main] INFO main.java.edu.mit.compbio.bisulfitehic.mapping.Bhmem  - Unique mapped and paired reads 1571214 ...
526261 [main] INFO main.java.edu.mit.compbio.bisulfitehic.mapping.Bhmem  - Processing reads 1587000 ...
526261 [main] INFO main.java.edu.mit.compbio.bisulfitehic.mapping.Bhmem  - Unique mapped and paired reads 1571214 ...
[M::mem_process_seqs] Processed 1001 reads in 0.914 CPU sec, 0.116 real sec
[M::mem_process_seqs] Processed 1001 reads in 0.845 CPU sec, 0.116 real sec
[M::mem_process_seqs] Processed 1001 reads in 0.936 CPU sec, 0.128 real sec
[M::mem_process_seqs] Processed 1001 reads in 0.964 CPU sec, 0.133 real sec
526912 [main] INFO main.java.edu.mit.compbio.bisulfitehic.mapping.Bhmem  - Processing reads 1588000 ...
526912 [main] INFO main.java.edu.mit.compbio.bisulfitehic.mapping.Bhmem  - Unique mapped and paired reads 1573206 ...
526916 [main] INFO main.java.edu.mit.compbio.bisulfitehic.mapping.Bhmem  - Processing reads 1589000 ...
526916 [main] INFO main.java.edu.mit.compbio.bisulfitehic.mapping.Bhmem  - Unique mapped and paired reads 1573206 ...
[M::mem_process_seqs] Processed 1001 reads in 0.810 CPU sec, 0.102 real sec
[M::mem_process_seqs] Processed 1001 reads in 0.781 CPU sec, 0.102 real sec
[M::mem_process_seqs] Processed 1001 reads in 0.862 CPU sec, 0.116 real sec
[M::mem_process_seqs] Processed 1001 reads in 0.883 CPU sec, 0.119 real sec
527506 [main] INFO main.java.edu.mit.compbio.bisulfitehic.mapping.Bhmem  - Processing reads 1590000 ...
527506 [main] INFO main.java.edu.mit.compbio.bisulfitehic.mapping.Bhmem  - Unique mapped and paired reads 1575188 ...
527510 [main] INFO main.java.edu.mit.compbio.bisulfitehic.mapping.Bhmem  - Processing reads 1591000 ...
527510 [main] INFO main.java.edu.mit.compbio.bisulfitehic.mapping.Bhmem  - Unique mapped and paired reads 1575188 ...
[M::mem_process_seqs] Processed 1001 reads in 0.863 CPU sec, 0.110 real sec
[M::mem_process_seqs] Processed 1001 reads in 0.866 CPU sec, 0.118 real sec
[M::mem_process_seqs] Processed 1001 reads in 0.873 CPU sec, 0.121 real sec
[M::mem_process_seqs] Processed 1001 reads in 0.919 CPU sec, 0.121 real sec
528130 [main] INFO main.java.edu.mit.compbio.bisulfitehic.mapping.Bhmem  - Processing reads 1592000 ...
528130 [main] INFO main.java.edu.mit.compbio.bisulfitehic.mapping.Bhmem  - Unique mapped and paired reads 1577176 ...
528134 [main] INFO main.java.edu.mit.compbio.bisulfitehic.mapping.Bhmem  - Processing reads 1593000 ...
528134 [main] INFO main.java.edu.mit.compbio.bisulfitehic.mapping.Bhmem  - Unique mapped and paired reads 1577176 ...
[M::mem_process_seqs] Processed 1001 reads in 0.839 CPU sec, 0.108 real sec
[M::mem_process_seqs] Processed 1001 reads in 0.733 CPU sec, 0.094 real sec
[M::mem_process_seqs] Processed 1001 reads in 0.792 CPU sec, 0.101 real sec
[M::mem_process_seqs] Processed 1001 reads in 0.799 CPU sec, 0.101 real sec
528692 [main] INFO main.java.edu.mit.compbio.bisulfitehic.mapping.Bhmem  - Processing reads 1594000 ...
528692 [main] INFO main.java.edu.mit.compbio.bisulfitehic.mapping.Bhmem  - Unique mapped and paired reads 1579160 ...
528696 [main] INFO main.java.edu.mit.compbio.bisulfitehic.mapping.Bhmem  - Processing reads 1595000 ...
528696 [main] INFO main.java.edu.mit.compbio.bisulfitehic.mapping.Bhmem  - Unique mapped and paired reads 1579160 ...
[M::mem_process_seqs] Processed 1001 reads in 0.918 CPU sec, 0.116 real sec
[M::mem_process_seqs] Processed 1001 reads in 0.889 CPU sec, 0.117 real sec
[M::mem_process_seqs] Processed 1001 reads in 0.921 CPU sec, 0.121 real sec
[M::mem_process_seqs] Processed 1001 reads in 0.946 CPU sec, 0.119 real sec
529323 [main] INFO main.java.edu.mit.compbio.bisulfitehic.mapping.Bhmem  - Processing reads 1596000 ...
529323 [main] INFO main.java.edu.mit.compbio.bisulfitehic.mapping.Bhmem  - Unique mapped and paired reads 1581148 ...
529327 [main] INFO main.java.edu.mit.compbio.bisulfitehic.mapping.Bhmem  - Processing reads 1597000 ...
529327 [main] INFO main.java.edu.mit.compbio.bisulfitehic.mapping.Bhmem  - Unique mapped and paired reads 1581148 ...
[M::mem_process_seqs] Processed 1001 reads in 0.813 CPU sec, 0.103 real sec
[M::mem_process_seqs] Processed 1001 reads in 0.810 CPU sec, 0.103 real sec
[M::mem_process_seqs] Processed 1001 reads in 0.820 CPU sec, 0.107 real sec
[M::mem_process_seqs] Processed 1001 reads in 0.847 CPU sec, 0.110 real sec
529904 [main] INFO main.java.edu.mit.compbio.bisulfitehic.mapping.Bhmem  - Processing reads 1598000 ...
529904 [main] INFO main.java.edu.mit.compbio.bisulfitehic.mapping.Bhmem  - Unique mapped and paired reads 1583126 ...
529908 [main] INFO main.java.edu.mit.compbio.bisulfitehic.mapping.Bhmem  - Processing reads 1599000 ...
529908 [main] INFO main.java.edu.mit.compbio.bisulfitehic.mapping.Bhmem  - Unique mapped and paired reads 1583126 ...
[M::mem_process_seqs] Processed 1001 reads in 0.892 CPU sec, 0.114 real sec
[M::mem_process_seqs] Processed 1001 reads in 0.887 CPU sec, 0.113 real sec
[M::mem_process_seqs] Processed 1001 reads in 0.921 CPU sec, 0.118 real sec
[M::mem_process_seqs] Processed 1001 reads in 0.826 CPU sec, 0.108 real sec
530515 [main] INFO main.java.edu.mit.compbio.bisulfitehic.mapping.Bhmem  - Processing reads 1600000 ...
530515 [main] INFO main.java.edu.mit.compbio.bisulfitehic.mapping.Bhmem  - Unique mapped and paired reads 1585100 ...
530519 [main] INFO main.java.edu.mit.compbio.bisulfitehic.mapping.Bhmem  - Processing reads 1601000 ...
530519 [main] INFO main.java.edu.mit.compbio.bisulfitehic.mapping.Bhmem  - Unique mapped and paired reads 1585100 ...
[M::mem_process_seqs] Processed 1001 reads in 0.935 CPU sec, 0.122 real sec
[M::mem_process_seqs] Processed 1001 reads in 0.843 CPU sec, 0.112 real sec
[M::mem_process_seqs] Processed 1001 reads in 0.949 CPU sec, 0.129 real sec
[M::mem_process_seqs] Processed 1001 reads in 0.933 CPU sec, 0.123 real sec
531163 [main] INFO main.java.edu.mit.compbio.bisulfitehic.mapping.Bhmem  - Processing reads 1602000 ...
531163 [main] INFO main.java.edu.mit.compbio.bisulfitehic.mapping.Bhmem  - Unique mapped and paired reads 1587082 ...
531167 [main] INFO main.java.edu.mit.compbio.bisulfitehic.mapping.Bhmem  - Processing reads 1603000 ...
531167 [main] INFO main.java.edu.mit.compbio.bisulfitehic.mapping.Bhmem  - Unique mapped and paired reads 1587082 ...
[M::mem_process_seqs] Processed 1001 reads in 0.999 CPU sec, 0.133 real sec
[M::mem_process_seqs] Processed 1001 reads in 0.897 CPU sec, 0.142 real sec
[M::mem_process_seqs] Processed 1001 reads in 1.072 CPU sec, 0.135 real sec
[M::mem_process_seqs] Processed 1001 reads in 0.960 CPU sec, 0.123 real sec
531853 [main] INFO main.java.edu.mit.compbio.bisulfitehic.mapping.Bhmem  - Processing reads 1604000 ...
531853 [main] INFO main.java.edu.mit.compbio.bisulfitehic.mapping.Bhmem  - Unique mapped and paired reads 1589062 ...
531857 [main] INFO main.java.edu.mit.compbio.bisulfitehic.mapping.Bhmem  - Processing reads 1605000 ...
531857 [main] INFO main.java.edu.mit.compbio.bisulfitehic.mapping.Bhmem  - Unique mapped and paired reads 1589062 ...
[M::mem_process_seqs] Processed 1001 reads in 0.877 CPU sec, 0.114 real sec
[M::mem_process_seqs] Processed 1001 reads in 0.844 CPU sec, 0.107 real sec
[M::mem_process_seqs] Processed 1001 reads in 1.036 CPU sec, 0.134 real sec
[M::mem_process_seqs] Processed 1001 reads in 1.017 CPU sec, 0.128 real sec
532499 [main] INFO main.java.edu.mit.compbio.bisulfitehic.mapping.Bhmem  - Processing reads 1606000 ...
532499 [main] INFO main.java.edu.mit.compbio.bisulfitehic.mapping.Bhmem  - Unique mapped and paired reads 1591042 ...
532503 [main] INFO main.java.edu.mit.compbio.bisulfitehic.mapping.Bhmem  - Processing reads 1607000 ...
532503 [main] INFO main.java.edu.mit.compbio.bisulfitehic.mapping.Bhmem  - Unique mapped and paired reads 1591042 ...
[M::mem_process_seqs] Processed 1001 reads in 0.909 CPU sec, 0.115 real sec
[M::mem_process_seqs] Processed 1001 reads in 0.853 CPU sec, 0.108 real sec
[M::mem_process_seqs] Processed 1001 reads in 0.971 CPU sec, 0.126 real sec
[M::mem_process_seqs] Processed 1001 reads in 0.964 CPU sec, 0.123 real sec
533134 [main] INFO main.java.edu.mit.compbio.bisulfitehic.mapping.Bhmem  - Processing reads 1608000 ...
533134 [main] INFO main.java.edu.mit.compbio.bisulfitehic.mapping.Bhmem  - Unique mapped and paired reads 1593028 ...
533138 [main] INFO main.java.edu.mit.compbio.bisulfitehic.mapping.Bhmem  - Processing reads 1609000 ...
533138 [main] INFO main.java.edu.mit.compbio.bisulfitehic.mapping.Bhmem  - Unique mapped and paired reads 1593028 ...
[M::mem_process_seqs] Processed 1001 reads in 1.045 CPU sec, 0.132 real sec
[M::mem_process_seqs] Processed 1001 reads in 0.874 CPU sec, 0.116 real sec
[M::mem_process_seqs] Processed 1001 reads in 1.001 CPU sec, 0.128 real sec
[M::mem_process_seqs] Processed 1001 reads in 0.977 CPU sec, 0.139 real sec
533805 [main] INFO main.java.edu.mit.compbio.bisulfitehic.mapping.Bhmem  - Processing reads 1610000 ...
533805 [main] INFO main.java.edu.mit.compbio.bisulfitehic.mapping.Bhmem  - Unique mapped and paired reads 1595004 ...
533809 [main] INFO main.java.edu.mit.compbio.bisulfitehic.mapping.Bhmem  - Processing reads 1611000 ...
533809 [main] INFO main.java.edu.mit.compbio.bisulfitehic.mapping.Bhmem  - Unique mapped and paired reads 1595004 ...
[M::mem_process_seqs] Processed 1001 reads in 0.892 CPU sec, 0.114 real sec
[M::mem_process_seqs] Processed 1001 reads in 0.878 CPU sec, 0.115 real sec
[M::mem_process_seqs] Processed 1001 reads in 0.959 CPU sec, 0.122 real sec
[M::mem_process_seqs] Processed 1001 reads in 0.988 CPU sec, 0.131 real sec
534443 [main] INFO main.java.edu.mit.compbio.bisulfitehic.mapping.Bhmem  - Processing reads 1612000 ...
534443 [main] INFO main.java.edu.mit.compbio.bisulfitehic.mapping.Bhmem  - Unique mapped and paired reads 1596992 ...
534448 [main] INFO main.java.edu.mit.compbio.bisulfitehic.mapping.Bhmem  - Processing reads 1613000 ...
534448 [main] INFO main.java.edu.mit.compbio.bisulfitehic.mapping.Bhmem  - Unique mapped and paired reads 1596992 ...
[M::mem_process_seqs] Processed 1001 reads in 0.877 CPU sec, 0.112 real sec
[M::mem_process_seqs] Processed 1001 reads in 0.822 CPU sec, 0.106 real sec
[M::mem_process_seqs] Processed 1001 reads in 0.901 CPU sec, 0.114 real sec
[M::mem_process_seqs] Processed 1001 reads in 0.895 CPU sec, 0.117 real sec
535053 [main] INFO main.java.edu.mit.compbio.bisulfitehic.mapping.Bhmem  - Processing reads 1614000 ...
535053 [main] INFO main.java.edu.mit.compbio.bisulfitehic.mapping.Bhmem  - Unique mapped and paired reads 1598978 ...
535057 [main] INFO main.java.edu.mit.compbio.bisulfitehic.mapping.Bhmem  - Processing reads 1615000 ...
535057 [main] INFO main.java.edu.mit.compbio.bisulfitehic.mapping.Bhmem  - Unique mapped and paired reads 1598978 ...
[M::mem_process_seqs] Processed 1001 reads in 0.880 CPU sec, 0.121 real sec
[M::mem_process_seqs] Processed 1001 reads in 0.856 CPU sec, 0.108 real sec
[M::mem_process_seqs] Processed 1001 reads in 1.000 CPU sec, 0.133 real sec
[M::mem_process_seqs] Processed 1001 reads in 0.934 CPU sec, 0.125 real sec
535702 [main] INFO main.java.edu.mit.compbio.bisulfitehic.mapping.Bhmem  - Processing reads 1616000 ...
535702 [main] INFO main.java.edu.mit.compbio.bisulfitehic.mapping.Bhmem  - Unique mapped and paired reads 1600966 ...
535706 [main] INFO main.java.edu.mit.compbio.bisulfitehic.mapping.Bhmem  - Processing reads 1617000 ...
535706 [main] INFO main.java.edu.mit.compbio.bisulfitehic.mapping.Bhmem  - Unique mapped and paired reads 1600966 ...
[M::mem_process_seqs] Processed 1001 reads in 0.947 CPU sec, 0.122 real sec
[M::mem_process_seqs] Processed 1001 reads in 0.877 CPU sec, 0.124 real sec
[M::mem_process_seqs] Processed 1001 reads in 1.049 CPU sec, 0.146 real sec
[M::mem_process_seqs] Processed 1001 reads in 0.990 CPU sec, 0.130 real sec
536387 [main] INFO main.java.edu.mit.compbio.bisulfitehic.mapping.Bhmem  - Processing reads 1618000 ...
536387 [main] INFO main.java.edu.mit.compbio.bisulfitehic.mapping.Bhmem  - Unique mapped and paired reads 1602946 ...
536391 [main] INFO main.java.edu.mit.compbio.bisulfitehic.mapping.Bhmem  - Processing reads 1619000 ...
536391 [main] INFO main.java.edu.mit.compbio.bisulfitehic.mapping.Bhmem  - Unique mapped and paired reads 1602946 ...
[M::mem_process_seqs] Processed 1001 reads in 0.884 CPU sec, 0.119 real sec
[M::mem_process_seqs] Processed 1001 reads in 0.797 CPU sec, 0.114 real sec
[M::mem_process_seqs] Processed 1001 reads in 0.934 CPU sec, 0.121 real sec
[M::mem_process_seqs] Processed 1001 reads in 0.919 CPU sec, 0.116 real sec
537013 [main] INFO main.java.edu.mit.compbio.bisulfitehic.mapping.Bhmem  - Processing reads 1620000 ...
537013 [main] INFO main.java.edu.mit.compbio.bisulfitehic.mapping.Bhmem  - Unique mapped and paired reads 1604924 ...
537017 [main] INFO main.java.edu.mit.compbio.bisulfitehic.mapping.Bhmem  - Processing reads 1621000 ...
537017 [main] INFO main.java.edu.mit.compbio.bisulfitehic.mapping.Bhmem  - Unique mapped and paired reads 1604924 ...
[M::mem_process_seqs] Processed 1001 reads in 0.984 CPU sec, 0.125 real sec
[M::mem_process_seqs] Processed 1001 reads in 0.872 CPU sec, 0.117 real sec
[M::mem_process_seqs] Processed 1001 reads in 0.984 CPU sec, 0.127 real sec
[M::mem_process_seqs] Processed 1001 reads in 0.901 CPU sec, 0.118 real sec
537663 [main] INFO main.java.edu.mit.compbio.bisulfitehic.mapping.Bhmem  - Processing reads 1622000 ...
537663 [main] INFO main.java.edu.mit.compbio.bisulfitehic.mapping.Bhmem  - Unique mapped and paired reads 1606914 ...
537667 [main] INFO main.java.edu.mit.compbio.bisulfitehic.mapping.Bhmem  - Processing reads 1623000 ...
537667 [main] INFO main.java.edu.mit.compbio.bisulfitehic.mapping.Bhmem  - Unique mapped and paired reads 1606914 ...
[M::mem_process_seqs] Processed 1001 reads in 0.862 CPU sec, 0.116 real sec
[M::mem_process_seqs] Processed 1001 reads in 0.767 CPU sec, 0.101 real sec
[M::mem_process_seqs] Processed 1001 reads in 0.969 CPU sec, 0.132 real sec
[M::mem_process_seqs] Processed 1001 reads in 0.922 CPU sec, 0.122 real sec
538309 [main] INFO main.java.edu.mit.compbio.bisulfitehic.mapping.Bhmem  - Processing reads 1624000 ...
538309 [main] INFO main.java.edu.mit.compbio.bisulfitehic.mapping.Bhmem  - Unique mapped and paired reads 1608890 ...
538313 [main] INFO main.java.edu.mit.compbio.bisulfitehic.mapping.Bhmem  - Processing reads 1625000 ...
538314 [main] INFO main.java.edu.mit.compbio.bisulfitehic.mapping.Bhmem  - Unique mapped and paired reads 1608890 ...
[M::mem_process_seqs] Processed 1001 reads in 0.951 CPU sec, 0.132 real sec
[M::mem_process_seqs] Processed 1001 reads in 0.877 CPU sec, 0.117 real sec
[M::mem_process_seqs] Processed 1001 reads in 1.072 CPU sec, 0.137 real sec
[M::mem_process_seqs] Processed 1001 reads in 0.924 CPU sec, 0.117 real sec
538969 [main] INFO main.java.edu.mit.compbio.bisulfitehic.mapping.Bhmem  - Processing reads 1626000 ...
538969 [main] INFO main.java.edu.mit.compbio.bisulfitehic.mapping.Bhmem  - Unique mapped and paired reads 1610876 ...
538973 [main] INFO main.java.edu.mit.compbio.bisulfitehic.mapping.Bhmem  - Processing reads 1627000 ...
538973 [main] INFO main.java.edu.mit.compbio.bisulfitehic.mapping.Bhmem  - Unique mapped and paired reads 1610876 ...
[M::mem_process_seqs] Processed 1001 reads in 0.917 CPU sec, 0.118 real sec
[M::mem_process_seqs] Processed 1001 reads in 0.788 CPU sec, 0.105 real sec
[M::mem_process_seqs] Processed 1001 reads in 0.894 CPU sec, 0.114 real sec
[M::mem_process_seqs] Processed 1001 reads in 0.865 CPU sec, 0.110 real sec
539622 [main] INFO main.java.edu.mit.compbio.bisulfitehic.mapping.Bhmem  - Processing reads 1628000 ...
539622 [main] INFO main.java.edu.mit.compbio.bisulfitehic.mapping.Bhmem  - Unique mapped and paired reads 1612860 ...
539628 [main] INFO main.java.edu.mit.compbio.bisulfitehic.mapping.Bhmem  - Processing reads 1629000 ...
539628 [main] INFO main.java.edu.mit.compbio.bisulfitehic.mapping.Bhmem  - Unique mapped and paired reads 1612860 ...
[M::mem_process_seqs] Processed 1001 reads in 0.883 CPU sec, 0.112 real sec
[M::mem_process_seqs] Processed 1001 reads in 0.943 CPU sec, 0.123 real sec
[M::mem_process_seqs] Processed 1001 reads in 0.982 CPU sec, 0.127 real sec
[M::mem_process_seqs] Processed 1001 reads in 0.925 CPU sec, 0.119 real sec
540259 [main] INFO main.java.edu.mit.compbio.bisulfitehic.mapping.Bhmem  - Processing reads 1630000 ...
540259 [main] INFO main.java.edu.mit.compbio.bisulfitehic.mapping.Bhmem  - Unique mapped and paired reads 1614832 ...
540263 [main] INFO main.java.edu.mit.compbio.bisulfitehic.mapping.Bhmem  - Processing reads 1631000 ...
540263 [main] INFO main.java.edu.mit.compbio.bisulfitehic.mapping.Bhmem  - Unique mapped and paired reads 1614832 ...
[M::mem_process_seqs] Processed 1001 reads in 0.990 CPU sec, 0.126 real sec
[M::mem_process_seqs] Processed 1001 reads in 0.878 CPU sec, 0.111 real sec
[M::mem_process_seqs] Processed 1001 reads in 1.001 CPU sec, 0.126 real sec
[M::mem_process_seqs] Processed 1001 reads in 0.938 CPU sec, 0.118 real sec
540906 [main] INFO main.java.edu.mit.compbio.bisulfitehic.mapping.Bhmem  - Processing reads 1632000 ...
540906 [main] INFO main.java.edu.mit.compbio.bisulfitehic.mapping.Bhmem  - Unique mapped and paired reads 1616820 ...
540910 [main] INFO main.java.edu.mit.compbio.bisulfitehic.mapping.Bhmem  - Processing reads 1633000 ...
540910 [main] INFO main.java.edu.mit.compbio.bisulfitehic.mapping.Bhmem  - Unique mapped and paired reads 1616820 ...
[M::mem_process_seqs] Processed 1001 reads in 0.921 CPU sec, 0.119 real sec
[M::mem_process_seqs] Processed 1001 reads in 0.875 CPU sec, 0.118 real sec
[M::mem_process_seqs] Processed 1001 reads in 0.975 CPU sec, 0.127 real sec
[M::mem_process_seqs] Processed 1001 reads in 0.915 CPU sec, 0.116 real sec
541541 [main] INFO main.java.edu.mit.compbio.bisulfitehic.mapping.Bhmem  - Processing reads 1634000 ...
541541 [main] INFO main.java.edu.mit.compbio.bisulfitehic.mapping.Bhmem  - Unique mapped and paired reads 1618796 ...
541545 [main] INFO main.java.edu.mit.compbio.bisulfitehic.mapping.Bhmem  - Processing reads 1635000 ...
541545 [main] INFO main.java.edu.mit.compbio.bisulfitehic.mapping.Bhmem  - Unique mapped and paired reads 1618796 ...
[M::mem_process_seqs] Processed 1001 reads in 0.906 CPU sec, 0.118 real sec
[M::mem_process_seqs] Processed 1001 reads in 0.842 CPU sec, 0.116 real sec
[M::mem_process_seqs] Processed 1001 reads in 0.986 CPU sec, 0.134 real sec
[M::mem_process_seqs] Processed 1001 reads in 0.952 CPU sec, 0.128 real sec
542199 [main] INFO main.java.edu.mit.compbio.bisulfitehic.mapping.Bhmem  - Processing reads 1636000 ...
542199 [main] INFO main.java.edu.mit.compbio.bisulfitehic.mapping.Bhmem  - Unique mapped and paired reads 1620790 ...
542203 [main] INFO main.java.edu.mit.compbio.bisulfitehic.mapping.Bhmem  - Processing reads 1637000 ...
542203 [main] INFO main.java.edu.mit.compbio.bisulfitehic.mapping.Bhmem  - Unique mapped and paired reads 1620790 ...
[M::mem_process_seqs] Processed 1001 reads in 0.834 CPU sec, 0.107 real sec
[M::mem_process_seqs] Processed 1001 reads in 0.794 CPU sec, 0.102 real sec
[M::mem_process_seqs] Processed 1001 reads in 0.909 CPU sec, 0.118 real sec
[M::mem_process_seqs] Processed 1001 reads in 0.944 CPU sec, 0.123 real sec
542807 [main] INFO main.java.edu.mit.compbio.bisulfitehic.mapping.Bhmem  - Processing reads 1638000 ...
542807 [main] INFO main.java.edu.mit.compbio.bisulfitehic.mapping.Bhmem  - Unique mapped and paired reads 1622778 ...
542810 [main] INFO main.java.edu.mit.compbio.bisulfitehic.mapping.Bhmem  - Processing reads 1639000 ...
542810 [main] INFO main.java.edu.mit.compbio.bisulfitehic.mapping.Bhmem  - Unique mapped and paired reads 1622778 ...
[M::mem_process_seqs] Processed 1001 reads in 0.953 CPU sec, 0.125 real sec
[M::mem_process_seqs] Processed 1001 reads in 0.811 CPU sec, 0.110 real sec
[M::mem_process_seqs] Processed 1001 reads in 0.992 CPU sec, 0.130 real sec
[M::mem_process_seqs] Processed 1001 reads in 0.912 CPU sec, 0.118 real sec
543444 [main] INFO main.java.edu.mit.compbio.bisulfitehic.mapping.Bhmem  - Processing reads 1640000 ...
543444 [main] INFO main.java.edu.mit.compbio.bisulfitehic.mapping.Bhmem  - Unique mapped and paired reads 1624756 ...
543447 [main] INFO main.java.edu.mit.compbio.bisulfitehic.mapping.Bhmem  - Processing reads 1641000 ...
543447 [main] INFO main.java.edu.mit.compbio.bisulfitehic.mapping.Bhmem  - Unique mapped and paired reads 1624756 ...
[M::mem_process_seqs] Processed 1001 reads in 0.872 CPU sec, 0.113 real sec
[M::mem_process_seqs] Processed 1001 reads in 0.796 CPU sec, 0.103 real sec
[M::mem_process_seqs] Processed 1001 reads in 0.928 CPU sec, 0.121 real sec
[M::mem_process_seqs] Processed 1001 reads in 0.839 CPU sec, 0.110 real sec
544042 [main] INFO main.java.edu.mit.compbio.bisulfitehic.mapping.Bhmem  - Processing reads 1642000 ...
544042 [main] INFO main.java.edu.mit.compbio.bisulfitehic.mapping.Bhmem  - Unique mapped and paired reads 1626728 ...
544045 [main] INFO main.java.edu.mit.compbio.bisulfitehic.mapping.Bhmem  - Processing reads 1643000 ...
544045 [main] INFO main.java.edu.mit.compbio.bisulfitehic.mapping.Bhmem  - Unique mapped and paired reads 1626728 ...
[M::mem_process_seqs] Processed 1001 reads in 0.823 CPU sec, 0.105 real sec
[M::mem_process_seqs] Processed 1001 reads in 0.797 CPU sec, 0.101 real sec
[M::mem_process_seqs] Processed 1001 reads in 0.944 CPU sec, 0.127 real sec
[M::mem_process_seqs] Processed 1001 reads in 0.967 CPU sec, 0.122 real sec
544657 [main] INFO main.java.edu.mit.compbio.bisulfitehic.mapping.Bhmem  - Processing reads 1644000 ...
544657 [main] INFO main.java.edu.mit.compbio.bisulfitehic.mapping.Bhmem  - Unique mapped and paired reads 1628712 ...
544660 [main] INFO main.java.edu.mit.compbio.bisulfitehic.mapping.Bhmem  - Processing reads 1645000 ...
544660 [main] INFO main.java.edu.mit.compbio.bisulfitehic.mapping.Bhmem  - Unique mapped and paired reads 1628712 ...
[M::mem_process_seqs] Processed 1001 reads in 0.953 CPU sec, 0.123 real sec
[M::mem_process_seqs] Processed 1001 reads in 0.837 CPU sec, 0.110 real sec
[M::mem_process_seqs] Processed 1001 reads in 0.899 CPU sec, 0.114 real sec
[M::mem_process_seqs] Processed 1001 reads in 0.898 CPU sec, 0.115 real sec
545272 [main] INFO main.java.edu.mit.compbio.bisulfitehic.mapping.Bhmem  - Processing reads 1646000 ...
545272 [main] INFO main.java.edu.mit.compbio.bisulfitehic.mapping.Bhmem  - Unique mapped and paired reads 1630700 ...
545276 [main] INFO main.java.edu.mit.compbio.bisulfitehic.mapping.Bhmem  - Processing reads 1647000 ...
545276 [main] INFO main.java.edu.mit.compbio.bisulfitehic.mapping.Bhmem  - Unique mapped and paired reads 1630700 ...
[M::mem_process_seqs] Processed 1001 reads in 0.892 CPU sec, 0.114 real sec
[M::mem_process_seqs] Processed 1001 reads in 0.803 CPU sec, 0.102 real sec
[M::mem_process_seqs] Processed 1001 reads in 0.960 CPU sec, 0.129 real sec
[M::mem_process_seqs] Processed 1001 reads in 0.941 CPU sec, 0.132 real sec
545906 [main] INFO main.java.edu.mit.compbio.bisulfitehic.mapping.Bhmem  - Processing reads 1648000 ...
545906 [main] INFO main.java.edu.mit.compbio.bisulfitehic.mapping.Bhmem  - Unique mapped and paired reads 1632682 ...
545909 [main] INFO main.java.edu.mit.compbio.bisulfitehic.mapping.Bhmem  - Processing reads 1649000 ...
545909 [main] INFO main.java.edu.mit.compbio.bisulfitehic.mapping.Bhmem  - Unique mapped and paired reads 1632682 ...
[M::mem_process_seqs] Processed 1001 reads in 0.988 CPU sec, 0.127 real sec
[M::mem_process_seqs] Processed 1001 reads in 0.758 CPU sec, 0.103 real sec
[M::mem_process_seqs] Processed 1001 reads in 0.957 CPU sec, 0.125 real sec
[M::mem_process_seqs] Processed 1001 reads in 0.901 CPU sec, 0.121 real sec
546541 [main] INFO main.java.edu.mit.compbio.bisulfitehic.mapping.Bhmem  - Processing reads 1650000 ...
546541 [main] INFO main.java.edu.mit.compbio.bisulfitehic.mapping.Bhmem  - Unique mapped and paired reads 1634662 ...
546545 [main] INFO main.java.edu.mit.compbio.bisulfitehic.mapping.Bhmem  - Processing reads 1651000 ...
546545 [main] INFO main.java.edu.mit.compbio.bisulfitehic.mapping.Bhmem  - Unique mapped and paired reads 1634662 ...
[M::mem_process_seqs] Processed 1001 reads in 0.976 CPU sec, 0.126 real sec
[M::mem_process_seqs] Processed 1001 reads in 0.887 CPU sec, 0.115 real sec
[M::mem_process_seqs] Processed 1001 reads in 0.931 CPU sec, 0.119 real sec
[M::mem_process_seqs] Processed 1001 reads in 0.895 CPU sec, 0.119 real sec
547179 [main] INFO main.java.edu.mit.compbio.bisulfitehic.mapping.Bhmem  - Processing reads 1652000 ...
547179 [main] INFO main.java.edu.mit.compbio.bisulfitehic.mapping.Bhmem  - Unique mapped and paired reads 1636646 ...
547183 [main] INFO main.java.edu.mit.compbio.bisulfitehic.mapping.Bhmem  - Processing reads 1653000 ...
547183 [main] INFO main.java.edu.mit.compbio.bisulfitehic.mapping.Bhmem  - Unique mapped and paired reads 1636646 ...
[M::mem_process_seqs] Processed 1001 reads in 0.966 CPU sec, 0.122 real sec
[M::mem_process_seqs] Processed 1001 reads in 0.925 CPU sec, 0.133 real sec
[M::mem_process_seqs] Processed 1001 reads in 0.985 CPU sec, 0.135 real sec
[M::mem_process_seqs] Processed 1001 reads in 0.932 CPU sec, 0.121 real sec
547844 [main] INFO main.java.edu.mit.compbio.bisulfitehic.mapping.Bhmem  - Processing reads 1654000 ...
547844 [main] INFO main.java.edu.mit.compbio.bisulfitehic.mapping.Bhmem  - Unique mapped and paired reads 1638628 ...
547848 [main] INFO main.java.edu.mit.compbio.bisulfitehic.mapping.Bhmem  - Processing reads 1655000 ...
547848 [main] INFO main.java.edu.mit.compbio.bisulfitehic.mapping.Bhmem  - Unique mapped and paired reads 1638628 ...
[M::mem_process_seqs] Processed 1001 reads in 0.938 CPU sec, 0.128 real sec
[M::mem_process_seqs] Processed 1001 reads in 0.805 CPU sec, 0.104 real sec
[M::mem_process_seqs] Processed 1001 reads in 1.017 CPU sec, 0.145 real sec
[M::mem_process_seqs] Processed 1001 reads in 0.971 CPU sec, 0.126 real sec
548508 [main] INFO main.java.edu.mit.compbio.bisulfitehic.mapping.Bhmem  - Processing reads 1656000 ...
548508 [main] INFO main.java.edu.mit.compbio.bisulfitehic.mapping.Bhmem  - Unique mapped and paired reads 1640616 ...
548512 [main] INFO main.java.edu.mit.compbio.bisulfitehic.mapping.Bhmem  - Processing reads 1657000 ...
548512 [main] INFO main.java.edu.mit.compbio.bisulfitehic.mapping.Bhmem  - Unique mapped and paired reads 1640616 ...
[M::mem_process_seqs] Processed 1001 reads in 0.848 CPU sec, 0.115 real sec
[M::mem_process_seqs] Processed 1001 reads in 0.779 CPU sec, 0.103 real sec
[M::mem_process_seqs] Processed 1001 reads in 0.895 CPU sec, 0.116 real sec
[M::mem_process_seqs] Processed 1001 reads in 0.882 CPU sec, 0.112 real sec
549118 [main] INFO main.java.edu.mit.compbio.bisulfitehic.mapping.Bhmem  - Processing reads 1658000 ...
549118 [main] INFO main.java.edu.mit.compbio.bisulfitehic.mapping.Bhmem  - Unique mapped and paired reads 1642584 ...
549122 [main] INFO main.java.edu.mit.compbio.bisulfitehic.mapping.Bhmem  - Processing reads 1659000 ...
549122 [main] INFO main.java.edu.mit.compbio.bisulfitehic.mapping.Bhmem  - Unique mapped and paired reads 1642584 ...
[M::mem_process_seqs] Processed 1001 reads in 0.873 CPU sec, 0.113 real sec
[M::mem_process_seqs] Processed 1001 reads in 0.816 CPU sec, 0.105 real sec
[M::mem_process_seqs] Processed 1001 reads in 0.863 CPU sec, 0.110 real sec
[M::mem_process_seqs] Processed 1001 reads in 0.893 CPU sec, 0.125 real sec
549731 [main] INFO main.java.edu.mit.compbio.bisulfitehic.mapping.Bhmem  - Processing reads 1660000 ...
549731 [main] INFO main.java.edu.mit.compbio.bisulfitehic.mapping.Bhmem  - Unique mapped and paired reads 1644574 ...
549735 [main] INFO main.java.edu.mit.compbio.bisulfitehic.mapping.Bhmem  - Processing reads 1661000 ...
549735 [main] INFO main.java.edu.mit.compbio.bisulfitehic.mapping.Bhmem  - Unique mapped and paired reads 1644574 ...
[M::mem_process_seqs] Processed 1001 reads in 0.872 CPU sec, 0.111 real sec
[M::mem_process_seqs] Processed 1001 reads in 0.807 CPU sec, 0.105 real sec
[M::mem_process_seqs] Processed 1001 reads in 0.970 CPU sec, 0.131 real sec
[M::mem_process_seqs] Processed 1001 reads in 0.940 CPU sec, 0.129 real sec
550364 [main] INFO main.java.edu.mit.compbio.bisulfitehic.mapping.Bhmem  - Processing reads 1662000 ...
550364 [main] INFO main.java.edu.mit.compbio.bisulfitehic.mapping.Bhmem  - Unique mapped and paired reads 1646562 ...
550368 [main] INFO main.java.edu.mit.compbio.bisulfitehic.mapping.Bhmem  - Processing reads 1663000 ...
550368 [main] INFO main.java.edu.mit.compbio.bisulfitehic.mapping.Bhmem  - Unique mapped and paired reads 1646562 ...
[M::mem_process_seqs] Processed 1001 reads in 1.034 CPU sec, 0.133 real sec
[M::mem_process_seqs] Processed 1001 reads in 0.842 CPU sec, 0.106 real sec
[M::mem_process_seqs] Processed 1001 reads in 1.063 CPU sec, 0.146 real sec
[M::mem_process_seqs] Processed 1001 reads in 0.962 CPU sec, 0.124 real sec
551040 [main] INFO main.java.edu.mit.compbio.bisulfitehic.mapping.Bhmem  - Processing reads 1664000 ...
551040 [main] INFO main.java.edu.mit.compbio.bisulfitehic.mapping.Bhmem  - Unique mapped and paired reads 1648536 ...
551044 [main] INFO main.java.edu.mit.compbio.bisulfitehic.mapping.Bhmem  - Processing reads 1665000 ...
551044 [main] INFO main.java.edu.mit.compbio.bisulfitehic.mapping.Bhmem  - Unique mapped and paired reads 1648536 ...
[M::mem_process_seqs] Processed 1001 reads in 0.894 CPU sec, 0.116 real sec
[M::mem_process_seqs] Processed 1001 reads in 0.825 CPU sec, 0.104 real sec
[M::mem_process_seqs] Processed 1001 reads in 0.903 CPU sec, 0.120 real sec
[M::mem_process_seqs] Processed 1001 reads in 0.907 CPU sec, 0.115 real sec
551651 [main] INFO main.java.edu.mit.compbio.bisulfitehic.mapping.Bhmem  - Processing reads 1666000 ...
551651 [main] INFO main.java.edu.mit.compbio.bisulfitehic.mapping.Bhmem  - Unique mapped and paired reads 1650512 ...
551656 [main] INFO main.java.edu.mit.compbio.bisulfitehic.mapping.Bhmem  - Processing reads 1667000 ...
551656 [main] INFO main.java.edu.mit.compbio.bisulfitehic.mapping.Bhmem  - Unique mapped and paired reads 1650512 ...
[M::mem_process_seqs] Processed 1001 reads in 0.949 CPU sec, 0.121 real sec
[M::mem_process_seqs] Processed 1001 reads in 0.901 CPU sec, 0.116 real sec
[M::mem_process_seqs] Processed 1001 reads in 1.006 CPU sec, 0.128 real sec
[M::mem_process_seqs] Processed 1001 reads in 0.988 CPU sec, 0.127 real sec
552308 [main] INFO main.java.edu.mit.compbio.bisulfitehic.mapping.Bhmem  - Processing reads 1668000 ...
552308 [main] INFO main.java.edu.mit.compbio.bisulfitehic.mapping.Bhmem  - Unique mapped and paired reads 1652488 ...
552312 [main] INFO main.java.edu.mit.compbio.bisulfitehic.mapping.Bhmem  - Processing reads 1669000 ...
552312 [main] INFO main.java.edu.mit.compbio.bisulfitehic.mapping.Bhmem  - Unique mapped and paired reads 1652488 ...
[M::mem_process_seqs] Processed 1001 reads in 0.944 CPU sec, 0.127 real sec
[M::mem_process_seqs] Processed 1001 reads in 0.984 CPU sec, 0.131 real sec
[M::mem_process_seqs] Processed 1001 reads in 0.999 CPU sec, 0.132 real sec
[M::mem_process_seqs] Processed 1001 reads in 1.012 CPU sec, 0.132 real sec
552991 [main] INFO main.java.edu.mit.compbio.bisulfitehic.mapping.Bhmem  - Processing reads 1670000 ...
552991 [main] INFO main.java.edu.mit.compbio.bisulfitehic.mapping.Bhmem  - Unique mapped and paired reads 1654472 ...
552995 [main] INFO main.java.edu.mit.compbio.bisulfitehic.mapping.Bhmem  - Processing reads 1671000 ...
552995 [main] INFO main.java.edu.mit.compbio.bisulfitehic.mapping.Bhmem  - Unique mapped and paired reads 1654472 ...
[M::mem_process_seqs] Processed 1001 reads in 0.922 CPU sec, 0.120 real sec
[M::mem_process_seqs] Processed 1001 reads in 0.874 CPU sec, 0.117 real sec
[M::mem_process_seqs] Processed 1001 reads in 0.984 CPU sec, 0.127 real sec
[M::mem_process_seqs] Processed 1001 reads in 0.996 CPU sec, 0.130 real sec
553648 [main] INFO main.java.edu.mit.compbio.bisulfitehic.mapping.Bhmem  - Processing reads 1672000 ...
553648 [main] INFO main.java.edu.mit.compbio.bisulfitehic.mapping.Bhmem  - Unique mapped and paired reads 1656460 ...
553651 [main] INFO main.java.edu.mit.compbio.bisulfitehic.mapping.Bhmem  - Processing reads 1673000 ...
553651 [main] INFO main.java.edu.mit.compbio.bisulfitehic.mapping.Bhmem  - Unique mapped and paired reads 1656460 ...
[M::mem_process_seqs] Processed 1001 reads in 0.933 CPU sec, 0.130 real sec
[M::mem_process_seqs] Processed 1001 reads in 0.850 CPU sec, 0.126 real sec
[M::mem_process_seqs] Processed 1001 reads in 0.979 CPU sec, 0.136 real sec
[M::mem_process_seqs] Processed 1001 reads in 1.036 CPU sec, 0.142 real sec
554340 [main] INFO main.java.edu.mit.compbio.bisulfitehic.mapping.Bhmem  - Processing reads 1674000 ...
554340 [main] INFO main.java.edu.mit.compbio.bisulfitehic.mapping.Bhmem  - Unique mapped and paired reads 1658440 ...
554344 [main] INFO main.java.edu.mit.compbio.bisulfitehic.mapping.Bhmem  - Processing reads 1675000 ...
554344 [main] INFO main.java.edu.mit.compbio.bisulfitehic.mapping.Bhmem  - Unique mapped and paired reads 1658440 ...
[M::mem_process_seqs] Processed 1001 reads in 0.895 CPU sec, 0.114 real sec
[M::mem_process_seqs] Processed 1001 reads in 0.910 CPU sec, 0.123 real sec
[M::mem_process_seqs] Processed 1001 reads in 0.878 CPU sec, 0.129 real sec
[M::mem_process_seqs] Processed 1001 reads in 0.941 CPU sec, 0.120 real sec
554984 [main] INFO main.java.edu.mit.compbio.bisulfitehic.mapping.Bhmem  - Processing reads 1676000 ...
554984 [main] INFO main.java.edu.mit.compbio.bisulfitehic.mapping.Bhmem  - Unique mapped and paired reads 1660432 ...
554988 [main] INFO main.java.edu.mit.compbio.bisulfitehic.mapping.Bhmem  - Processing reads 1677000 ...
554988 [main] INFO main.java.edu.mit.compbio.bisulfitehic.mapping.Bhmem  - Unique mapped and paired reads 1660432 ...
[M::mem_process_seqs] Processed 1001 reads in 0.962 CPU sec, 0.124 real sec
[M::mem_process_seqs] Processed 1001 reads in 0.856 CPU sec, 0.110 real sec
[M::mem_process_seqs] Processed 1001 reads in 1.094 CPU sec, 0.138 real sec
[M::mem_process_seqs] Processed 1001 reads in 1.003 CPU sec, 0.135 real sec
555656 [main] INFO main.java.edu.mit.compbio.bisulfitehic.mapping.Bhmem  - Processing reads 1678000 ...
555656 [main] INFO main.java.edu.mit.compbio.bisulfitehic.mapping.Bhmem  - Unique mapped and paired reads 1662418 ...
555660 [main] INFO main.java.edu.mit.compbio.bisulfitehic.mapping.Bhmem  - Processing reads 1679000 ...
555660 [main] INFO main.java.edu.mit.compbio.bisulfitehic.mapping.Bhmem  - Unique mapped and paired reads 1662418 ...
[M::mem_process_seqs] Processed 1001 reads in 0.927 CPU sec, 0.121 real sec
[M::mem_process_seqs] Processed 1001 reads in 0.871 CPU sec, 0.110 real sec
[M::mem_process_seqs] Processed 1001 reads in 1.104 CPU sec, 0.145 real sec
[M::mem_process_seqs] Processed 1001 reads in 0.957 CPU sec, 0.123 real sec
556317 [main] INFO main.java.edu.mit.compbio.bisulfitehic.mapping.Bhmem  - Processing reads 1680000 ...
556317 [main] INFO main.java.edu.mit.compbio.bisulfitehic.mapping.Bhmem  - Unique mapped and paired reads 1664402 ...
556321 [main] INFO main.java.edu.mit.compbio.bisulfitehic.mapping.Bhmem  - Processing reads 1681000 ...
556321 [main] INFO main.java.edu.mit.compbio.bisulfitehic.mapping.Bhmem  - Unique mapped and paired reads 1664402 ...
[M::mem_process_seqs] Processed 1001 reads in 0.982 CPU sec, 0.128 real sec
[M::mem_process_seqs] Processed 1001 reads in 0.932 CPU sec, 0.124 real sec
[M::mem_process_seqs] Processed 1001 reads in 0.924 CPU sec, 0.119 real sec
[M::mem_process_seqs] Processed 1001 reads in 0.965 CPU sec, 0.133 real sec
556989 [main] INFO main.java.edu.mit.compbio.bisulfitehic.mapping.Bhmem  - Processing reads 1682000 ...
556989 [main] INFO main.java.edu.mit.compbio.bisulfitehic.mapping.Bhmem  - Unique mapped and paired reads 1666386 ...
556993 [main] INFO main.java.edu.mit.compbio.bisulfitehic.mapping.Bhmem  - Processing reads 1683000 ...
556993 [main] INFO main.java.edu.mit.compbio.bisulfitehic.mapping.Bhmem  - Unique mapped and paired reads 1666386 ...
[M::mem_process_seqs] Processed 1001 reads in 0.955 CPU sec, 0.128 real sec
[M::mem_process_seqs] Processed 1001 reads in 0.865 CPU sec, 0.112 real sec
[M::mem_process_seqs] Processed 1001 reads in 0.974 CPU sec, 0.124 real sec
[M::mem_process_seqs] Processed 1001 reads in 0.949 CPU sec, 0.124 real sec
557638 [main] INFO main.java.edu.mit.compbio.bisulfitehic.mapping.Bhmem  - Processing reads 1684000 ...
557639 [main] INFO main.java.edu.mit.compbio.bisulfitehic.mapping.Bhmem  - Unique mapped and paired reads 1668368 ...
557643 [main] INFO main.java.edu.mit.compbio.bisulfitehic.mapping.Bhmem  - Processing reads 1685000 ...
557643 [main] INFO main.java.edu.mit.compbio.bisulfitehic.mapping.Bhmem  - Unique mapped and paired reads 1668368 ...
[M::mem_process_seqs] Processed 1001 reads in 0.951 CPU sec, 0.120 real sec
[M::mem_process_seqs] Processed 1001 reads in 0.838 CPU sec, 0.120 real sec
[M::mem_process_seqs] Processed 1001 reads in 0.999 CPU sec, 0.127 real sec
[M::mem_process_seqs] Processed 1001 reads in 0.970 CPU sec, 0.134 real sec
558304 [main] INFO main.java.edu.mit.compbio.bisulfitehic.mapping.Bhmem  - Processing reads 1686000 ...
558304 [main] INFO main.java.edu.mit.compbio.bisulfitehic.mapping.Bhmem  - Unique mapped and paired reads 1670352 ...
558308 [main] INFO main.java.edu.mit.compbio.bisulfitehic.mapping.Bhmem  - Processing reads 1687000 ...
558308 [main] INFO main.java.edu.mit.compbio.bisulfitehic.mapping.Bhmem  - Unique mapped and paired reads 1670352 ...
[M::mem_process_seqs] Processed 1001 reads in 0.945 CPU sec, 0.123 real sec
[M::mem_process_seqs] Processed 1001 reads in 0.835 CPU sec, 0.105 real sec
[M::mem_process_seqs] Processed 1001 reads in 1.021 CPU sec, 0.129 real sec
[M::mem_process_seqs] Processed 1001 reads in 0.960 CPU sec, 0.122 real sec
558943 [main] INFO main.java.edu.mit.compbio.bisulfitehic.mapping.Bhmem  - Processing reads 1688000 ...
558943 [main] INFO main.java.edu.mit.compbio.bisulfitehic.mapping.Bhmem  - Unique mapped and paired reads 1672350 ...
558947 [main] INFO main.java.edu.mit.compbio.bisulfitehic.mapping.Bhmem  - Processing reads 1689000 ...
558947 [main] INFO main.java.edu.mit.compbio.bisulfitehic.mapping.Bhmem  - Unique mapped and paired reads 1672350 ...
[M::mem_process_seqs] Processed 1001 reads in 0.899 CPU sec, 0.115 real sec
[M::mem_process_seqs] Processed 1001 reads in 0.869 CPU sec, 0.112 real sec
[M::mem_process_seqs] Processed 1001 reads in 0.922 CPU sec, 0.122 real sec
[M::mem_process_seqs] Processed 1001 reads in 1.015 CPU sec, 0.136 real sec
559592 [main] INFO main.java.edu.mit.compbio.bisulfitehic.mapping.Bhmem  - Processing reads 1690000 ...
559592 [main] INFO main.java.edu.mit.compbio.bisulfitehic.mapping.Bhmem  - Unique mapped and paired reads 1674338 ...
559596 [main] INFO main.java.edu.mit.compbio.bisulfitehic.mapping.Bhmem  - Processing reads 1691000 ...
559596 [main] INFO main.java.edu.mit.compbio.bisulfitehic.mapping.Bhmem  - Unique mapped and paired reads 1674338 ...
[M::mem_process_seqs] Processed 1001 reads in 0.875 CPU sec, 0.113 real sec
[M::mem_process_seqs] Processed 1001 reads in 0.763 CPU sec, 0.096 real sec
[M::mem_process_seqs] Processed 1001 reads in 0.890 CPU sec, 0.122 real sec
[M::mem_process_seqs] Processed 1001 reads in 0.872 CPU sec, 0.112 real sec
560192 [main] INFO main.java.edu.mit.compbio.bisulfitehic.mapping.Bhmem  - Processing reads 1692000 ...
560192 [main] INFO main.java.edu.mit.compbio.bisulfitehic.mapping.Bhmem  - Unique mapped and paired reads 1676314 ...
560196 [main] INFO main.java.edu.mit.compbio.bisulfitehic.mapping.Bhmem  - Processing reads 1693000 ...
560196 [main] INFO main.java.edu.mit.compbio.bisulfitehic.mapping.Bhmem  - Unique mapped and paired reads 1676314 ...
[M::mem_process_seqs] Processed 1001 reads in 0.883 CPU sec, 0.113 real sec
[M::mem_process_seqs] Processed 1001 reads in 0.878 CPU sec, 0.119 real sec
[M::mem_process_seqs] Processed 1001 reads in 1.067 CPU sec, 0.138 real sec
[M::mem_process_seqs] Processed 1001 reads in 1.052 CPU sec, 0.147 real sec
560873 [main] INFO main.java.edu.mit.compbio.bisulfitehic.mapping.Bhmem  - Processing reads 1694000 ...
560873 [main] INFO main.java.edu.mit.compbio.bisulfitehic.mapping.Bhmem  - Unique mapped and paired reads 1678302 ...
560877 [main] INFO main.java.edu.mit.compbio.bisulfitehic.mapping.Bhmem  - Processing reads 1695000 ...
560877 [main] INFO main.java.edu.mit.compbio.bisulfitehic.mapping.Bhmem  - Unique mapped and paired reads 1678302 ...
[M::mem_process_seqs] Processed 1001 reads in 1.064 CPU sec, 0.141 real sec
[M::mem_process_seqs] Processed 1001 reads in 0.983 CPU sec, 0.127 real sec
[M::mem_process_seqs] Processed 1001 reads in 1.058 CPU sec, 0.134 real sec
[M::mem_process_seqs] Processed 1001 reads in 1.023 CPU sec, 0.133 real sec
561568 [main] INFO main.java.edu.mit.compbio.bisulfitehic.mapping.Bhmem  - Processing reads 1696000 ...
561568 [main] INFO main.java.edu.mit.compbio.bisulfitehic.mapping.Bhmem  - Unique mapped and paired reads 1680288 ...
561572 [main] INFO main.java.edu.mit.compbio.bisulfitehic.mapping.Bhmem  - Processing reads 1697000 ...
561572 [main] INFO main.java.edu.mit.compbio.bisulfitehic.mapping.Bhmem  - Unique mapped and paired reads 1680288 ...
[M::mem_process_seqs] Processed 1001 reads in 1.005 CPU sec, 0.129 real sec
[M::mem_process_seqs] Processed 1001 reads in 0.923 CPU sec, 0.117 real sec
[M::mem_process_seqs] Processed 1001 reads in 1.016 CPU sec, 0.133 real sec
[M::mem_process_seqs] Processed 1001 reads in 1.008 CPU sec, 0.132 real sec
562252 [main] INFO main.java.edu.mit.compbio.bisulfitehic.mapping.Bhmem  - Processing reads 1698000 ...
562252 [main] INFO main.java.edu.mit.compbio.bisulfitehic.mapping.Bhmem  - Unique mapped and paired reads 1682286 ...
562256 [main] INFO main.java.edu.mit.compbio.bisulfitehic.mapping.Bhmem  - Processing reads 1699000 ...
562256 [main] INFO main.java.edu.mit.compbio.bisulfitehic.mapping.Bhmem  - Unique mapped and paired reads 1682286 ...
[M::mem_process_seqs] Processed 1001 reads in 0.943 CPU sec, 0.120 real sec
[M::mem_process_seqs] Processed 1001 reads in 0.917 CPU sec, 0.117 real sec
[M::mem_process_seqs] Processed 1001 reads in 1.092 CPU sec, 0.140 real sec
[M::mem_process_seqs] Processed 1001 reads in 0.945 CPU sec, 0.124 real sec
562918 [main] INFO main.java.edu.mit.compbio.bisulfitehic.mapping.Bhmem  - Processing reads 1700000 ...
562918 [main] INFO main.java.edu.mit.compbio.bisulfitehic.mapping.Bhmem  - Unique mapped and paired reads 1684270 ...
562922 [main] INFO main.java.edu.mit.compbio.bisulfitehic.mapping.Bhmem  - Processing reads 1701000 ...
562922 [main] INFO main.java.edu.mit.compbio.bisulfitehic.mapping.Bhmem  - Unique mapped and paired reads 1684270 ...
[M::mem_process_seqs] Processed 1001 reads in 0.924 CPU sec, 0.122 real sec
[M::mem_process_seqs] Processed 1001 reads in 0.922 CPU sec, 0.126 real sec
[M::mem_process_seqs] Processed 1001 reads in 0.964 CPU sec, 0.129 real sec
[M::mem_process_seqs] Processed 1001 reads in 0.957 CPU sec, 0.132 real sec
563587 [main] INFO main.java.edu.mit.compbio.bisulfitehic.mapping.Bhmem  - Processing reads 1702000 ...
563587 [main] INFO main.java.edu.mit.compbio.bisulfitehic.mapping.Bhmem  - Unique mapped and paired reads 1686256 ...
563591 [main] INFO main.java.edu.mit.compbio.bisulfitehic.mapping.Bhmem  - Processing reads 1703000 ...
563591 [main] INFO main.java.edu.mit.compbio.bisulfitehic.mapping.Bhmem  - Unique mapped and paired reads 1686256 ...
[M::mem_process_seqs] Processed 1001 reads in 0.899 CPU sec, 0.118 real sec
[M::mem_process_seqs] Processed 1001 reads in 0.902 CPU sec, 0.123 real sec
[M::mem_process_seqs] Processed 1001 reads in 0.919 CPU sec, 0.120 real sec
[M::mem_process_seqs] Processed 1001 reads in 1.021 CPU sec, 0.133 real sec
564243 [main] INFO main.java.edu.mit.compbio.bisulfitehic.mapping.Bhmem  - Processing reads 1704000 ...
564243 [main] INFO main.java.edu.mit.compbio.bisulfitehic.mapping.Bhmem  - Unique mapped and paired reads 1688240 ...
564247 [main] INFO main.java.edu.mit.compbio.bisulfitehic.mapping.Bhmem  - Processing reads 1705000 ...
564247 [main] INFO main.java.edu.mit.compbio.bisulfitehic.mapping.Bhmem  - Unique mapped and paired reads 1688240 ...
[M::mem_process_seqs] Processed 1001 reads in 0.900 CPU sec, 0.113 real sec
[M::mem_process_seqs] Processed 1001 reads in 0.870 CPU sec, 0.114 real sec
[M::mem_process_seqs] Processed 1001 reads in 0.918 CPU sec, 0.118 real sec
[M::mem_process_seqs] Processed 1001 reads in 0.920 CPU sec, 0.118 real sec
564876 [main] INFO main.java.edu.mit.compbio.bisulfitehic.mapping.Bhmem  - Processing reads 1706000 ...
564876 [main] INFO main.java.edu.mit.compbio.bisulfitehic.mapping.Bhmem  - Unique mapped and paired reads 1690228 ...
564880 [main] INFO main.java.edu.mit.compbio.bisulfitehic.mapping.Bhmem  - Processing reads 1707000 ...
564880 [main] INFO main.java.edu.mit.compbio.bisulfitehic.mapping.Bhmem  - Unique mapped and paired reads 1690228 ...
[M::mem_process_seqs] Processed 1001 reads in 1.064 CPU sec, 0.137 real sec
[M::mem_process_seqs] Processed 1001 reads in 1.020 CPU sec, 0.131 real sec
[M::mem_process_seqs] Processed 1001 reads in 1.014 CPU sec, 0.130 real sec
[M::mem_process_seqs] Processed 1001 reads in 1.050 CPU sec, 0.136 real sec
565573 [main] INFO main.java.edu.mit.compbio.bisulfitehic.mapping.Bhmem  - Processing reads 1708000 ...
565573 [main] INFO main.java.edu.mit.compbio.bisulfitehic.mapping.Bhmem  - Unique mapped and paired reads 1692210 ...
565577 [main] INFO main.java.edu.mit.compbio.bisulfitehic.mapping.Bhmem  - Processing reads 1709000 ...
565577 [main] INFO main.java.edu.mit.compbio.bisulfitehic.mapping.Bhmem  - Unique mapped and paired reads 1692210 ...
[M::mem_process_seqs] Processed 1001 reads in 0.897 CPU sec, 0.119 real sec
[M::mem_process_seqs] Processed 1001 reads in 0.892 CPU sec, 0.113 real sec
[M::mem_process_seqs] Processed 1001 reads in 0.991 CPU sec, 0.133 real sec
[M::mem_process_seqs] Processed 1001 reads in 0.985 CPU sec, 0.125 real sec
566229 [main] INFO main.java.edu.mit.compbio.bisulfitehic.mapping.Bhmem  - Processing reads 1710000 ...
566229 [main] INFO main.java.edu.mit.compbio.bisulfitehic.mapping.Bhmem  - Unique mapped and paired reads 1694202 ...
566233 [main] INFO main.java.edu.mit.compbio.bisulfitehic.mapping.Bhmem  - Processing reads 1711000 ...
566233 [main] INFO main.java.edu.mit.compbio.bisulfitehic.mapping.Bhmem  - Unique mapped and paired reads 1694202 ...
[M::mem_process_seqs] Processed 1001 reads in 0.913 CPU sec, 0.116 real sec
[M::mem_process_seqs] Processed 1001 reads in 0.868 CPU sec, 0.121 real sec
[M::mem_process_seqs] Processed 1001 reads in 1.011 CPU sec, 0.138 real sec
[M::mem_process_seqs] Processed 1001 reads in 1.049 CPU sec, 0.144 real sec
566912 [main] INFO main.java.edu.mit.compbio.bisulfitehic.mapping.Bhmem  - Processing reads 1712000 ...
566912 [main] INFO main.java.edu.mit.compbio.bisulfitehic.mapping.Bhmem  - Unique mapped and paired reads 1696186 ...
566916 [main] INFO main.java.edu.mit.compbio.bisulfitehic.mapping.Bhmem  - Processing reads 1713000 ...
566916 [main] INFO main.java.edu.mit.compbio.bisulfitehic.mapping.Bhmem  - Unique mapped and paired reads 1696186 ...
[M::mem_process_seqs] Processed 1001 reads in 1.002 CPU sec, 0.129 real sec
[M::mem_process_seqs] Processed 1001 reads in 0.853 CPU sec, 0.108 real sec
[M::mem_process_seqs] Processed 1001 reads in 0.941 CPU sec, 0.121 real sec
[M::mem_process_seqs] Processed 1001 reads in 0.954 CPU sec, 0.126 real sec
567564 [main] INFO main.java.edu.mit.compbio.bisulfitehic.mapping.Bhmem  - Processing reads 1714000 ...
567564 [main] INFO main.java.edu.mit.compbio.bisulfitehic.mapping.Bhmem  - Unique mapped and paired reads 1698170 ...
567568 [main] INFO main.java.edu.mit.compbio.bisulfitehic.mapping.Bhmem  - Processing reads 1715000 ...
567568 [main] INFO main.java.edu.mit.compbio.bisulfitehic.mapping.Bhmem  - Unique mapped and paired reads 1698170 ...
[M::mem_process_seqs] Processed 1001 reads in 0.965 CPU sec, 0.123 real sec
[M::mem_process_seqs] Processed 1001 reads in 0.892 CPU sec, 0.119 real sec
[M::mem_process_seqs] Processed 1001 reads in 1.033 CPU sec, 0.140 real sec
[M::mem_process_seqs] Processed 1001 reads in 1.028 CPU sec, 0.136 real sec
568244 [main] INFO main.java.edu.mit.compbio.bisulfitehic.mapping.Bhmem  - Processing reads 1716000 ...
568244 [main] INFO main.java.edu.mit.compbio.bisulfitehic.mapping.Bhmem  - Unique mapped and paired reads 1700156 ...
568248 [main] INFO main.java.edu.mit.compbio.bisulfitehic.mapping.Bhmem  - Processing reads 1717000 ...
568248 [main] INFO main.java.edu.mit.compbio.bisulfitehic.mapping.Bhmem  - Unique mapped and paired reads 1700156 ...
[M::mem_process_seqs] Processed 1001 reads in 0.849 CPU sec, 0.109 real sec
[M::mem_process_seqs] Processed 1001 reads in 0.882 CPU sec, 0.116 real sec
[M::mem_process_seqs] Processed 1001 reads in 0.966 CPU sec, 0.122 real sec
[M::mem_process_seqs] Processed 1001 reads in 0.987 CPU sec, 0.143 real sec
568893 [main] INFO main.java.edu.mit.compbio.bisulfitehic.mapping.Bhmem  - Processing reads 1718000 ...
568893 [main] INFO main.java.edu.mit.compbio.bisulfitehic.mapping.Bhmem  - Unique mapped and paired reads 1702140 ...
568897 [main] INFO main.java.edu.mit.compbio.bisulfitehic.mapping.Bhmem  - Processing reads 1719000 ...
568897 [main] INFO main.java.edu.mit.compbio.bisulfitehic.mapping.Bhmem  - Unique mapped and paired reads 1702140 ...
[M::mem_process_seqs] Processed 1001 reads in 0.963 CPU sec, 0.125 real sec
[M::mem_process_seqs] Processed 1001 reads in 0.883 CPU sec, 0.115 real sec
[M::mem_process_seqs] Processed 1001 reads in 1.055 CPU sec, 0.158 real sec
[M::mem_process_seqs] Processed 1001 reads in 1.045 CPU sec, 0.131 real sec
569585 [main] INFO main.java.edu.mit.compbio.bisulfitehic.mapping.Bhmem  - Processing reads 1720000 ...
569585 [main] INFO main.java.edu.mit.compbio.bisulfitehic.mapping.Bhmem  - Unique mapped and paired reads 1704128 ...
569589 [main] INFO main.java.edu.mit.compbio.bisulfitehic.mapping.Bhmem  - Processing reads 1721000 ...
569589 [main] INFO main.java.edu.mit.compbio.bisulfitehic.mapping.Bhmem  - Unique mapped and paired reads 1704128 ...
[M::mem_process_seqs] Processed 1001 reads in 0.999 CPU sec, 0.130 real sec
[M::mem_process_seqs] Processed 1001 reads in 0.850 CPU sec, 0.111 real sec
[M::mem_process_seqs] Processed 1001 reads in 0.975 CPU sec, 0.132 real sec
[M::mem_process_seqs] Processed 1001 reads in 0.979 CPU sec, 0.137 real sec
570252 [main] INFO main.java.edu.mit.compbio.bisulfitehic.mapping.Bhmem  - Processing reads 1722000 ...
570252 [main] INFO main.java.edu.mit.compbio.bisulfitehic.mapping.Bhmem  - Unique mapped and paired reads 1706116 ...
570256 [main] INFO main.java.edu.mit.compbio.bisulfitehic.mapping.Bhmem  - Processing reads 1723000 ...
570256 [main] INFO main.java.edu.mit.compbio.bisulfitehic.mapping.Bhmem  - Unique mapped and paired reads 1706116 ...
[M::mem_process_seqs] Processed 1001 reads in 0.976 CPU sec, 0.129 real sec
[M::mem_process_seqs] Processed 1001 reads in 0.902 CPU sec, 0.114 real sec
[M::mem_process_seqs] Processed 1001 reads in 0.942 CPU sec, 0.122 real sec
[M::mem_process_seqs] Processed 1001 reads in 0.993 CPU sec, 0.133 real sec
570915 [main] INFO main.java.edu.mit.compbio.bisulfitehic.mapping.Bhmem  - Processing reads 1724000 ...
570915 [main] INFO main.java.edu.mit.compbio.bisulfitehic.mapping.Bhmem  - Unique mapped and paired reads 1708102 ...
570919 [main] INFO main.java.edu.mit.compbio.bisulfitehic.mapping.Bhmem  - Processing reads 1725000 ...
570919 [main] INFO main.java.edu.mit.compbio.bisulfitehic.mapping.Bhmem  - Unique mapped and paired reads 1708102 ...
[M::mem_process_seqs] Processed 1001 reads in 0.924 CPU sec, 0.128 real sec
[M::mem_process_seqs] Processed 1001 reads in 0.935 CPU sec, 0.140 real sec
[M::mem_process_seqs] Processed 1001 reads in 0.995 CPU sec, 0.135 real sec
[M::mem_process_seqs] Processed 1001 reads in 1.034 CPU sec, 0.145 real sec
571629 [main] INFO main.java.edu.mit.compbio.bisulfitehic.mapping.Bhmem  - Processing reads 1726000 ...
571629 [main] INFO main.java.edu.mit.compbio.bisulfitehic.mapping.Bhmem  - Unique mapped and paired reads 1710086 ...
571633 [main] INFO main.java.edu.mit.compbio.bisulfitehic.mapping.Bhmem  - Processing reads 1727000 ...
571633 [main] INFO main.java.edu.mit.compbio.bisulfitehic.mapping.Bhmem  - Unique mapped and paired reads 1710086 ...
[M::mem_process_seqs] Processed 1001 reads in 0.973 CPU sec, 0.129 real sec
[M::mem_process_seqs] Processed 1001 reads in 0.998 CPU sec, 0.132 real sec
[M::mem_process_seqs] Processed 1001 reads in 1.089 CPU sec, 0.141 real sec
[M::mem_process_seqs] Processed 1001 reads in 0.989 CPU sec, 0.132 real sec
572326 [main] INFO main.java.edu.mit.compbio.bisulfitehic.mapping.Bhmem  - Processing reads 1728000 ...
572326 [main] INFO main.java.edu.mit.compbio.bisulfitehic.mapping.Bhmem  - Unique mapped and paired reads 1712072 ...
572330 [main] INFO main.java.edu.mit.compbio.bisulfitehic.mapping.Bhmem  - Processing reads 1729000 ...
572330 [main] INFO main.java.edu.mit.compbio.bisulfitehic.mapping.Bhmem  - Unique mapped and paired reads 1712072 ...
[M::mem_process_seqs] Processed 1001 reads in 0.880 CPU sec, 0.114 real sec
[M::mem_process_seqs] Processed 1001 reads in 0.875 CPU sec, 0.112 real sec
[M::mem_process_seqs] Processed 1001 reads in 0.968 CPU sec, 0.126 real sec
[M::mem_process_seqs] Processed 1001 reads in 0.990 CPU sec, 0.131 real sec
572979 [main] INFO main.java.edu.mit.compbio.bisulfitehic.mapping.Bhmem  - Processing reads 1730000 ...
572979 [main] INFO main.java.edu.mit.compbio.bisulfitehic.mapping.Bhmem  - Unique mapped and paired reads 1714066 ...
572982 [main] INFO main.java.edu.mit.compbio.bisulfitehic.mapping.Bhmem  - Processing reads 1731000 ...
572982 [main] INFO main.java.edu.mit.compbio.bisulfitehic.mapping.Bhmem  - Unique mapped and paired reads 1714066 ...
[M::mem_process_seqs] Processed 1001 reads in 0.924 CPU sec, 0.119 real sec
[M::mem_process_seqs] Processed 1001 reads in 0.951 CPU sec, 0.127 real sec
[M::mem_process_seqs] Processed 1001 reads in 1.076 CPU sec, 0.141 real sec
[M::mem_process_seqs] Processed 1001 reads in 1.053 CPU sec, 0.152 real sec
573721 [main] INFO main.java.edu.mit.compbio.bisulfitehic.mapping.Bhmem  - Processing reads 1732000 ...
573722 [main] INFO main.java.edu.mit.compbio.bisulfitehic.mapping.Bhmem  - Unique mapped and paired reads 1716050 ...
573725 [main] INFO main.java.edu.mit.compbio.bisulfitehic.mapping.Bhmem  - Processing reads 1733000 ...
573725 [main] INFO main.java.edu.mit.compbio.bisulfitehic.mapping.Bhmem  - Unique mapped and paired reads 1716050 ...
[M::mem_process_seqs] Processed 1001 reads in 0.934 CPU sec, 0.118 real sec
[M::mem_process_seqs] Processed 1001 reads in 0.876 CPU sec, 0.111 real sec
[M::mem_process_seqs] Processed 1001 reads in 1.001 CPU sec, 0.131 real sec
[M::mem_process_seqs] Processed 1001 reads in 1.019 CPU sec, 0.129 real sec
574378 [main] INFO main.java.edu.mit.compbio.bisulfitehic.mapping.Bhmem  - Processing reads 1734000 ...
574378 [main] INFO main.java.edu.mit.compbio.bisulfitehic.mapping.Bhmem  - Unique mapped and paired reads 1718036 ...
574382 [main] INFO main.java.edu.mit.compbio.bisulfitehic.mapping.Bhmem  - Processing reads 1735000 ...
574382 [main] INFO main.java.edu.mit.compbio.bisulfitehic.mapping.Bhmem  - Unique mapped and paired reads 1718036 ...
[M::mem_process_seqs] Processed 1001 reads in 0.934 CPU sec, 0.124 real sec
[M::mem_process_seqs] Processed 1001 reads in 0.834 CPU sec, 0.106 real sec
[M::mem_process_seqs] Processed 1001 reads in 0.969 CPU sec, 0.131 real sec
[M::mem_process_seqs] Processed 1001 reads in 0.934 CPU sec, 0.122 real sec
575023 [main] INFO main.java.edu.mit.compbio.bisulfitehic.mapping.Bhmem  - Processing reads 1736000 ...
575024 [main] INFO main.java.edu.mit.compbio.bisulfitehic.mapping.Bhmem  - Unique mapped and paired reads 1720016 ...
575074 [main] INFO main.java.edu.mit.compbio.bisulfitehic.mapping.Bhmem  - Processing reads 1737000 ...
575074 [main] INFO main.java.edu.mit.compbio.bisulfitehic.mapping.Bhmem  - Unique mapped and paired reads 1720016 ...
[M::mem_process_seqs] Processed 1001 reads in 0.916 CPU sec, 0.117 real sec
[M::mem_process_seqs] Processed 1001 reads in 0.824 CPU sec, 0.106 real sec
[M::mem_process_seqs] Processed 1001 reads in 0.905 CPU sec, 0.116 real sec
[M::mem_process_seqs] Processed 1001 reads in 0.960 CPU sec, 0.135 real sec
575714 [main] INFO main.java.edu.mit.compbio.bisulfitehic.mapping.Bhmem  - Processing reads 1738000 ...
575714 [main] INFO main.java.edu.mit.compbio.bisulfitehic.mapping.Bhmem  - Unique mapped and paired reads 1722004 ...
575718 [main] INFO main.java.edu.mit.compbio.bisulfitehic.mapping.Bhmem  - Processing reads 1739000 ...
575718 [main] INFO main.java.edu.mit.compbio.bisulfitehic.mapping.Bhmem  - Unique mapped and paired reads 1722004 ...
[M::mem_process_seqs] Processed 1001 reads in 0.904 CPU sec, 0.119 real sec
[M::mem_process_seqs] Processed 1001 reads in 0.824 CPU sec, 0.114 real sec
[M::mem_process_seqs] Processed 1001 reads in 0.999 CPU sec, 0.136 real sec
[M::mem_process_seqs] Processed 1001 reads in 0.903 CPU sec, 0.117 real sec
576361 [main] INFO main.java.edu.mit.compbio.bisulfitehic.mapping.Bhmem  - Processing reads 1740000 ...
576361 [main] INFO main.java.edu.mit.compbio.bisulfitehic.mapping.Bhmem  - Unique mapped and paired reads 1723980 ...
576365 [main] INFO main.java.edu.mit.compbio.bisulfitehic.mapping.Bhmem  - Processing reads 1741000 ...
576365 [main] INFO main.java.edu.mit.compbio.bisulfitehic.mapping.Bhmem  - Unique mapped and paired reads 1723980 ...
[M::mem_process_seqs] Processed 1001 reads in 0.881 CPU sec, 0.111 real sec
[M::mem_process_seqs] Processed 1001 reads in 0.787 CPU sec, 0.101 real sec
[M::mem_process_seqs] Processed 1001 reads in 0.926 CPU sec, 0.117 real sec
[M::mem_process_seqs] Processed 1001 reads in 0.943 CPU sec, 0.123 real sec
576975 [main] INFO main.java.edu.mit.compbio.bisulfitehic.mapping.Bhmem  - Processing reads 1742000 ...
576975 [main] INFO main.java.edu.mit.compbio.bisulfitehic.mapping.Bhmem  - Unique mapped and paired reads 1725968 ...
576979 [main] INFO main.java.edu.mit.compbio.bisulfitehic.mapping.Bhmem  - Processing reads 1743000 ...
576979 [main] INFO main.java.edu.mit.compbio.bisulfitehic.mapping.Bhmem  - Unique mapped and paired reads 1725968 ...
[M::mem_process_seqs] Processed 1001 reads in 0.993 CPU sec, 0.134 real sec
[M::mem_process_seqs] Processed 1001 reads in 0.904 CPU sec, 0.117 real sec
[M::mem_process_seqs] Processed 1001 reads in 0.963 CPU sec, 0.121 real sec
[M::mem_process_seqs] Processed 1001 reads in 0.947 CPU sec, 0.121 real sec
577630 [main] INFO main.java.edu.mit.compbio.bisulfitehic.mapping.Bhmem  - Processing reads 1744000 ...
577630 [main] INFO main.java.edu.mit.compbio.bisulfitehic.mapping.Bhmem  - Unique mapped and paired reads 1727956 ...
577634 [main] INFO main.java.edu.mit.compbio.bisulfitehic.mapping.Bhmem  - Processing reads 1745000 ...
577634 [main] INFO main.java.edu.mit.compbio.bisulfitehic.mapping.Bhmem  - Unique mapped and paired reads 1727956 ...
[M::mem_process_seqs] Processed 1001 reads in 0.884 CPU sec, 0.114 real sec
[M::mem_process_seqs] Processed 1001 reads in 0.844 CPU sec, 0.107 real sec
[M::mem_process_seqs] Processed 1001 reads in 0.878 CPU sec, 0.117 real sec
[M::mem_process_seqs] Processed 1001 reads in 0.913 CPU sec, 0.118 real sec
578245 [main] INFO main.java.edu.mit.compbio.bisulfitehic.mapping.Bhmem  - Processing reads 1746000 ...
578245 [main] INFO main.java.edu.mit.compbio.bisulfitehic.mapping.Bhmem  - Unique mapped and paired reads 1729946 ...
578249 [main] INFO main.java.edu.mit.compbio.bisulfitehic.mapping.Bhmem  - Processing reads 1747000 ...
578249 [main] INFO main.java.edu.mit.compbio.bisulfitehic.mapping.Bhmem  - Unique mapped and paired reads 1729946 ...
[M::mem_process_seqs] Processed 1001 reads in 0.920 CPU sec, 0.124 real sec
[M::mem_process_seqs] Processed 1001 reads in 0.814 CPU sec, 0.103 real sec
[M::mem_process_seqs] Processed 1001 reads in 0.883 CPU sec, 0.115 real sec
[M::mem_process_seqs] Processed 1001 reads in 0.974 CPU sec, 0.124 real sec
578865 [main] INFO main.java.edu.mit.compbio.bisulfitehic.mapping.Bhmem  - Processing reads 1748000 ...
578865 [main] INFO main.java.edu.mit.compbio.bisulfitehic.mapping.Bhmem  - Unique mapped and paired reads 1731922 ...
578869 [main] INFO main.java.edu.mit.compbio.bisulfitehic.mapping.Bhmem  - Processing reads 1749000 ...
578869 [main] INFO main.java.edu.mit.compbio.bisulfitehic.mapping.Bhmem  - Unique mapped and paired reads 1731922 ...
[M::mem_process_seqs] Processed 1001 reads in 0.988 CPU sec, 0.131 real sec
[M::mem_process_seqs] Processed 1001 reads in 0.913 CPU sec, 0.129 real sec
[M::mem_process_seqs] Processed 1001 reads in 1.066 CPU sec, 0.136 real sec
[M::mem_process_seqs] Processed 1001 reads in 0.945 CPU sec, 0.123 real sec
579550 [main] INFO main.java.edu.mit.compbio.bisulfitehic.mapping.Bhmem  - Processing reads 1750000 ...
579550 [main] INFO main.java.edu.mit.compbio.bisulfitehic.mapping.Bhmem  - Unique mapped and paired reads 1733912 ...
579554 [main] INFO main.java.edu.mit.compbio.bisulfitehic.mapping.Bhmem  - Processing reads 1751000 ...
579554 [main] INFO main.java.edu.mit.compbio.bisulfitehic.mapping.Bhmem  - Unique mapped and paired reads 1733912 ...
[M::mem_process_seqs] Processed 1001 reads in 0.870 CPU sec, 0.110 real sec
[M::mem_process_seqs] Processed 1001 reads in 0.865 CPU sec, 0.110 real sec
[M::mem_process_seqs] Processed 1001 reads in 0.948 CPU sec, 0.125 real sec
[M::mem_process_seqs] Processed 1001 reads in 0.892 CPU sec, 0.119 real sec
580172 [main] INFO main.java.edu.mit.compbio.bisulfitehic.mapping.Bhmem  - Processing reads 1752000 ...
580172 [main] INFO main.java.edu.mit.compbio.bisulfitehic.mapping.Bhmem  - Unique mapped and paired reads 1735898 ...
580176 [main] INFO main.java.edu.mit.compbio.bisulfitehic.mapping.Bhmem  - Processing reads 1753000 ...
580176 [main] INFO main.java.edu.mit.compbio.bisulfitehic.mapping.Bhmem  - Unique mapped and paired reads 1735898 ...
[M::mem_process_seqs] Processed 1001 reads in 0.927 CPU sec, 0.120 real sec
[M::mem_process_seqs] Processed 1001 reads in 0.883 CPU sec, 0.126 real sec
[M::mem_process_seqs] Processed 1001 reads in 0.973 CPU sec, 0.125 real sec
[M::mem_process_seqs] Processed 1001 reads in 0.992 CPU sec, 0.126 real sec
580830 [main] INFO main.java.edu.mit.compbio.bisulfitehic.mapping.Bhmem  - Processing reads 1754000 ...
580830 [main] INFO main.java.edu.mit.compbio.bisulfitehic.mapping.Bhmem  - Unique mapped and paired reads 1737882 ...
580834 [main] INFO main.java.edu.mit.compbio.bisulfitehic.mapping.Bhmem  - Processing reads 1755000 ...
580834 [main] INFO main.java.edu.mit.compbio.bisulfitehic.mapping.Bhmem  - Unique mapped and paired reads 1737882 ...
[M::mem_process_seqs] Processed 1001 reads in 0.878 CPU sec, 0.113 real sec
[M::mem_process_seqs] Processed 1001 reads in 0.857 CPU sec, 0.122 real sec
[M::mem_process_seqs] Processed 1001 reads in 1.005 CPU sec, 0.133 real sec
[M::mem_process_seqs] Processed 1001 reads in 0.965 CPU sec, 0.126 real sec
581487 [main] INFO main.java.edu.mit.compbio.bisulfitehic.mapping.Bhmem  - Processing reads 1756000 ...
581487 [main] INFO main.java.edu.mit.compbio.bisulfitehic.mapping.Bhmem  - Unique mapped and paired reads 1739876 ...
581491 [main] INFO main.java.edu.mit.compbio.bisulfitehic.mapping.Bhmem  - Processing reads 1757000 ...
581491 [main] INFO main.java.edu.mit.compbio.bisulfitehic.mapping.Bhmem  - Unique mapped and paired reads 1739876 ...
[M::mem_process_seqs] Processed 1001 reads in 1.022 CPU sec, 0.134 real sec
[M::mem_process_seqs] Processed 1001 reads in 0.842 CPU sec, 0.107 real sec
[M::mem_process_seqs] Processed 1001 reads in 1.059 CPU sec, 0.135 real sec
[M::mem_process_seqs] Processed 1001 reads in 0.966 CPU sec, 0.123 real sec
582151 [main] INFO main.java.edu.mit.compbio.bisulfitehic.mapping.Bhmem  - Processing reads 1758000 ...
582151 [main] INFO main.java.edu.mit.compbio.bisulfitehic.mapping.Bhmem  - Unique mapped and paired reads 1741854 ...
582155 [main] INFO main.java.edu.mit.compbio.bisulfitehic.mapping.Bhmem  - Processing reads 1759000 ...
582155 [main] INFO main.java.edu.mit.compbio.bisulfitehic.mapping.Bhmem  - Unique mapped and paired reads 1741854 ...
[M::mem_process_seqs] Processed 1001 reads in 0.957 CPU sec, 0.126 real sec
[M::mem_process_seqs] Processed 1001 reads in 0.869 CPU sec, 0.111 real sec
[M::mem_process_seqs] Processed 1001 reads in 0.950 CPU sec, 0.124 real sec
[M::mem_process_seqs] Processed 1001 reads in 0.978 CPU sec, 0.126 real sec
582799 [main] INFO main.java.edu.mit.compbio.bisulfitehic.mapping.Bhmem  - Processing reads 1760000 ...
582799 [main] INFO main.java.edu.mit.compbio.bisulfitehic.mapping.Bhmem  - Unique mapped and paired reads 1743836 ...
582803 [main] INFO main.java.edu.mit.compbio.bisulfitehic.mapping.Bhmem  - Processing reads 1761000 ...
582803 [main] INFO main.java.edu.mit.compbio.bisulfitehic.mapping.Bhmem  - Unique mapped and paired reads 1743836 ...
[M::mem_process_seqs] Processed 1001 reads in 1.031 CPU sec, 0.133 real sec
[M::mem_process_seqs] Processed 1001 reads in 1.020 CPU sec, 0.133 real sec
[M::mem_process_seqs] Processed 1001 reads in 1.015 CPU sec, 0.136 real sec
[M::mem_process_seqs] Processed 1001 reads in 1.112 CPU sec, 0.147 real sec
583518 [main] INFO main.java.edu.mit.compbio.bisulfitehic.mapping.Bhmem  - Processing reads 1762000 ...
583518 [main] INFO main.java.edu.mit.compbio.bisulfitehic.mapping.Bhmem  - Unique mapped and paired reads 1745822 ...
583522 [main] INFO main.java.edu.mit.compbio.bisulfitehic.mapping.Bhmem  - Processing reads 1763000 ...
583522 [main] INFO main.java.edu.mit.compbio.bisulfitehic.mapping.Bhmem  - Unique mapped and paired reads 1745822 ...
[M::mem_process_seqs] Processed 1001 reads in 0.958 CPU sec, 0.126 real sec
[M::mem_process_seqs] Processed 1001 reads in 0.833 CPU sec, 0.108 real sec
[M::mem_process_seqs] Processed 1001 reads in 0.943 CPU sec, 0.128 real sec
[M::mem_process_seqs] Processed 1001 reads in 0.900 CPU sec, 0.116 real sec
584161 [main] INFO main.java.edu.mit.compbio.bisulfitehic.mapping.Bhmem  - Processing reads 1764000 ...
584161 [main] INFO main.java.edu.mit.compbio.bisulfitehic.mapping.Bhmem  - Unique mapped and paired reads 1747798 ...
584165 [main] INFO main.java.edu.mit.compbio.bisulfitehic.mapping.Bhmem  - Processing reads 1765000 ...
584165 [main] INFO main.java.edu.mit.compbio.bisulfitehic.mapping.Bhmem  - Unique mapped and paired reads 1747798 ...
[M::mem_process_seqs] Processed 1001 reads in 0.939 CPU sec, 0.121 real sec
[M::mem_process_seqs] Processed 1001 reads in 0.860 CPU sec, 0.109 real sec
[M::mem_process_seqs] Processed 1001 reads in 1.024 CPU sec, 0.142 real sec
[M::mem_process_seqs] Processed 1001 reads in 1.034 CPU sec, 0.133 real sec
584829 [main] INFO main.java.edu.mit.compbio.bisulfitehic.mapping.Bhmem  - Processing reads 1766000 ...
584829 [main] INFO main.java.edu.mit.compbio.bisulfitehic.mapping.Bhmem  - Unique mapped and paired reads 1749774 ...
584833 [main] INFO main.java.edu.mit.compbio.bisulfitehic.mapping.Bhmem  - Processing reads 1767000 ...
584833 [main] INFO main.java.edu.mit.compbio.bisulfitehic.mapping.Bhmem  - Unique mapped and paired reads 1749774 ...
[M::mem_process_seqs] Processed 1001 reads in 0.899 CPU sec, 0.115 real sec
[M::mem_process_seqs] Processed 1001 reads in 0.798 CPU sec, 0.101 real sec
[M::mem_process_seqs] Processed 1001 reads in 0.933 CPU sec, 0.138 real sec
[M::mem_process_seqs] Processed 1001 reads in 0.946 CPU sec, 0.121 real sec
585478 [main] INFO main.java.edu.mit.compbio.bisulfitehic.mapping.Bhmem  - Processing reads 1768000 ...
585478 [main] INFO main.java.edu.mit.compbio.bisulfitehic.mapping.Bhmem  - Unique mapped and paired reads 1751746 ...
585482 [main] INFO main.java.edu.mit.compbio.bisulfitehic.mapping.Bhmem  - Processing reads 1769000 ...
585482 [main] INFO main.java.edu.mit.compbio.bisulfitehic.mapping.Bhmem  - Unique mapped and paired reads 1751746 ...
[M::mem_process_seqs] Processed 1001 reads in 0.826 CPU sec, 0.105 real sec
[M::mem_process_seqs] Processed 1001 reads in 0.826 CPU sec, 0.105 real sec
[M::mem_process_seqs] Processed 1001 reads in 0.906 CPU sec, 0.114 real sec
[M::mem_process_seqs] Processed 1001 reads in 0.939 CPU sec, 0.119 real sec
586081 [main] INFO main.java.edu.mit.compbio.bisulfitehic.mapping.Bhmem  - Processing reads 1770000 ...
586081 [main] INFO main.java.edu.mit.compbio.bisulfitehic.mapping.Bhmem  - Unique mapped and paired reads 1753728 ...
586085 [main] INFO main.java.edu.mit.compbio.bisulfitehic.mapping.Bhmem  - Processing reads 1771000 ...
586085 [main] INFO main.java.edu.mit.compbio.bisulfitehic.mapping.Bhmem  - Unique mapped and paired reads 1753728 ...
[M::mem_process_seqs] Processed 1001 reads in 0.931 CPU sec, 0.120 real sec
[M::mem_process_seqs] Processed 1001 reads in 0.887 CPU sec, 0.124 real sec
[M::mem_process_seqs] Processed 1001 reads in 0.993 CPU sec, 0.138 real sec
[M::mem_process_seqs] Processed 1001 reads in 1.014 CPU sec, 0.139 real sec
586764 [main] INFO main.java.edu.mit.compbio.bisulfitehic.mapping.Bhmem  - Processing reads 1772000 ...
586764 [main] INFO main.java.edu.mit.compbio.bisulfitehic.mapping.Bhmem  - Unique mapped and paired reads 1755710 ...
586768 [main] INFO main.java.edu.mit.compbio.bisulfitehic.mapping.Bhmem  - Processing reads 1773000 ...
586768 [main] INFO main.java.edu.mit.compbio.bisulfitehic.mapping.Bhmem  - Unique mapped and paired reads 1755710 ...
[M::mem_process_seqs] Processed 1001 reads in 0.944 CPU sec, 0.123 real sec
[M::mem_process_seqs] Processed 1001 reads in 0.819 CPU sec, 0.104 real sec
[M::mem_process_seqs] Processed 1001 reads in 0.997 CPU sec, 0.128 real sec
[M::mem_process_seqs] Processed 1001 reads in 1.000 CPU sec, 0.140 real sec
587423 [main] INFO main.java.edu.mit.compbio.bisulfitehic.mapping.Bhmem  - Processing reads 1774000 ...
587423 [main] INFO main.java.edu.mit.compbio.bisulfitehic.mapping.Bhmem  - Unique mapped and paired reads 1757696 ...
587427 [main] INFO main.java.edu.mit.compbio.bisulfitehic.mapping.Bhmem  - Processing reads 1775000 ...
587427 [main] INFO main.java.edu.mit.compbio.bisulfitehic.mapping.Bhmem  - Unique mapped and paired reads 1757696 ...
[M::mem_process_seqs] Processed 1001 reads in 1.039 CPU sec, 0.133 real sec
[M::mem_process_seqs] Processed 1001 reads in 0.940 CPU sec, 0.119 real sec
[M::mem_process_seqs] Processed 1001 reads in 1.024 CPU sec, 0.133 real sec
[M::mem_process_seqs] Processed 1001 reads in 0.960 CPU sec, 0.123 real sec
588103 [main] INFO main.java.edu.mit.compbio.bisulfitehic.mapping.Bhmem  - Processing reads 1776000 ...
588103 [main] INFO main.java.edu.mit.compbio.bisulfitehic.mapping.Bhmem  - Unique mapped and paired reads 1759682 ...
588107 [main] INFO main.java.edu.mit.compbio.bisulfitehic.mapping.Bhmem  - Processing reads 1777000 ...
588107 [main] INFO main.java.edu.mit.compbio.bisulfitehic.mapping.Bhmem  - Unique mapped and paired reads 1759682 ...
[M::mem_process_seqs] Processed 1001 reads in 0.926 CPU sec, 0.120 real sec
[M::mem_process_seqs] Processed 1001 reads in 0.935 CPU sec, 0.118 real sec
[M::mem_process_seqs] Processed 1001 reads in 0.950 CPU sec, 0.127 real sec
[M::mem_process_seqs] Processed 1001 reads in 0.958 CPU sec, 0.125 real sec
588754 [main] INFO main.java.edu.mit.compbio.bisulfitehic.mapping.Bhmem  - Processing reads 1778000 ...
588754 [main] INFO main.java.edu.mit.compbio.bisulfitehic.mapping.Bhmem  - Unique mapped and paired reads 1761672 ...
588758 [main] INFO main.java.edu.mit.compbio.bisulfitehic.mapping.Bhmem  - Processing reads 1779000 ...
588758 [main] INFO main.java.edu.mit.compbio.bisulfitehic.mapping.Bhmem  - Unique mapped and paired reads 1761672 ...
[M::mem_process_seqs] Processed 1001 reads in 0.992 CPU sec, 0.129 real sec
[M::mem_process_seqs] Processed 1001 reads in 0.844 CPU sec, 0.112 real sec
[M::mem_process_seqs] Processed 1001 reads in 1.077 CPU sec, 0.152 real sec
[M::mem_process_seqs] Processed 1001 reads in 0.974 CPU sec, 0.135 real sec
589446 [main] INFO main.java.edu.mit.compbio.bisulfitehic.mapping.Bhmem  - Processing reads 1780000 ...
589446 [main] INFO main.java.edu.mit.compbio.bisulfitehic.mapping.Bhmem  - Unique mapped and paired reads 1763658 ...
589450 [main] INFO main.java.edu.mit.compbio.bisulfitehic.mapping.Bhmem  - Processing reads 1781000 ...
589450 [main] INFO main.java.edu.mit.compbio.bisulfitehic.mapping.Bhmem  - Unique mapped and paired reads 1763658 ...
[M::mem_process_seqs] Processed 1001 reads in 0.948 CPU sec, 0.125 real sec
[M::mem_process_seqs] Processed 1001 reads in 0.769 CPU sec, 0.099 real sec
[M::mem_process_seqs] Processed 1001 reads in 0.960 CPU sec, 0.134 real sec
[M::mem_process_seqs] Processed 1001 reads in 0.926 CPU sec, 0.119 real sec
590086 [main] INFO main.java.edu.mit.compbio.bisulfitehic.mapping.Bhmem  - Processing reads 1782000 ...
590086 [main] INFO main.java.edu.mit.compbio.bisulfitehic.mapping.Bhmem  - Unique mapped and paired reads 1765640 ...
590090 [main] INFO main.java.edu.mit.compbio.bisulfitehic.mapping.Bhmem  - Processing reads 1783000 ...
590090 [main] INFO main.java.edu.mit.compbio.bisulfitehic.mapping.Bhmem  - Unique mapped and paired reads 1765640 ...
[M::mem_process_seqs] Processed 1001 reads in 0.973 CPU sec, 0.130 real sec
[M::mem_process_seqs] Processed 1001 reads in 0.917 CPU sec, 0.119 real sec
[M::mem_process_seqs] Processed 1001 reads in 1.006 CPU sec, 0.127 real sec
[M::mem_process_seqs] Processed 1001 reads in 1.024 CPU sec, 0.132 real sec
590761 [main] INFO main.java.edu.mit.compbio.bisulfitehic.mapping.Bhmem  - Processing reads 1784000 ...
590761 [main] INFO main.java.edu.mit.compbio.bisulfitehic.mapping.Bhmem  - Unique mapped and paired reads 1767624 ...
590765 [main] INFO main.java.edu.mit.compbio.bisulfitehic.mapping.Bhmem  - Processing reads 1785000 ...
590765 [main] INFO main.java.edu.mit.compbio.bisulfitehic.mapping.Bhmem  - Unique mapped and paired reads 1767624 ...
[M::mem_process_seqs] Processed 1001 reads in 0.942 CPU sec, 0.126 real sec
[M::mem_process_seqs] Processed 1001 reads in 0.932 CPU sec, 0.119 real sec
[M::mem_process_seqs] Processed 1001 reads in 0.913 CPU sec, 0.123 real sec
[M::mem_process_seqs] Processed 1001 reads in 1.044 CPU sec, 0.134 real sec
591423 [main] INFO main.java.edu.mit.compbio.bisulfitehic.mapping.Bhmem  - Processing reads 1786000 ...
591423 [main] INFO main.java.edu.mit.compbio.bisulfitehic.mapping.Bhmem  - Unique mapped and paired reads 1769610 ...
591427 [main] INFO main.java.edu.mit.compbio.bisulfitehic.mapping.Bhmem  - Processing reads 1787000 ...
591427 [main] INFO main.java.edu.mit.compbio.bisulfitehic.mapping.Bhmem  - Unique mapped and paired reads 1769610 ...
[M::mem_process_seqs] Processed 1001 reads in 0.977 CPU sec, 0.125 real sec
[M::mem_process_seqs] Processed 1001 reads in 0.830 CPU sec, 0.108 real sec
[M::mem_process_seqs] Processed 1001 reads in 1.034 CPU sec, 0.147 real sec
[M::mem_process_seqs] Processed 1001 reads in 0.945 CPU sec, 0.121 real sec
592081 [main] INFO main.java.edu.mit.compbio.bisulfitehic.mapping.Bhmem  - Processing reads 1788000 ...
592081 [main] INFO main.java.edu.mit.compbio.bisulfitehic.mapping.Bhmem  - Unique mapped and paired reads 1771594 ...
592085 [main] INFO main.java.edu.mit.compbio.bisulfitehic.mapping.Bhmem  - Processing reads 1789000 ...
592085 [main] INFO main.java.edu.mit.compbio.bisulfitehic.mapping.Bhmem  - Unique mapped and paired reads 1771594 ...
[M::mem_process_seqs] Processed 1001 reads in 0.964 CPU sec, 0.129 real sec
[M::mem_process_seqs] Processed 1001 reads in 0.894 CPU sec, 0.116 real sec
[M::mem_process_seqs] Processed 1001 reads in 0.996 CPU sec, 0.136 real sec
[M::mem_process_seqs] Processed 1001 reads in 0.963 CPU sec, 0.121 real sec
592745 [main] INFO main.java.edu.mit.compbio.bisulfitehic.mapping.Bhmem  - Processing reads 1790000 ...
592745 [main] INFO main.java.edu.mit.compbio.bisulfitehic.mapping.Bhmem  - Unique mapped and paired reads 1773572 ...
592749 [main] INFO main.java.edu.mit.compbio.bisulfitehic.mapping.Bhmem  - Processing reads 1791000 ...
592750 [main] INFO main.java.edu.mit.compbio.bisulfitehic.mapping.Bhmem  - Unique mapped and paired reads 1773572 ...
[M::mem_process_seqs] Processed 1001 reads in 0.955 CPU sec, 0.123 real sec
[M::mem_process_seqs] Processed 1001 reads in 0.873 CPU sec, 0.146 real sec
[M::mem_process_seqs] Processed 1001 reads in 1.029 CPU sec, 0.131 real sec
[M::mem_process_seqs] Processed 1001 reads in 0.913 CPU sec, 0.130 real sec
593439 [main] INFO main.java.edu.mit.compbio.bisulfitehic.mapping.Bhmem  - Processing reads 1792000 ...
593439 [main] INFO main.java.edu.mit.compbio.bisulfitehic.mapping.Bhmem  - Unique mapped and paired reads 1775564 ...
593444 [main] INFO main.java.edu.mit.compbio.bisulfitehic.mapping.Bhmem  - Processing reads 1793000 ...
593444 [main] INFO main.java.edu.mit.compbio.bisulfitehic.mapping.Bhmem  - Unique mapped and paired reads 1775564 ...
[M::mem_process_seqs] Processed 1001 reads in 0.911 CPU sec, 0.116 real sec
[M::mem_process_seqs] Processed 1001 reads in 0.865 CPU sec, 0.112 real sec
[M::mem_process_seqs] Processed 1001 reads in 1.065 CPU sec, 0.141 real sec
[M::mem_process_seqs] Processed 1001 reads in 0.961 CPU sec, 0.122 real sec
594097 [main] INFO main.java.edu.mit.compbio.bisulfitehic.mapping.Bhmem  - Processing reads 1794000 ...
594097 [main] INFO main.java.edu.mit.compbio.bisulfitehic.mapping.Bhmem  - Unique mapped and paired reads 1777550 ...
594101 [main] INFO main.java.edu.mit.compbio.bisulfitehic.mapping.Bhmem  - Processing reads 1795000 ...
594101 [main] INFO main.java.edu.mit.compbio.bisulfitehic.mapping.Bhmem  - Unique mapped and paired reads 1777550 ...
[M::mem_process_seqs] Processed 1001 reads in 0.973 CPU sec, 0.125 real sec
[M::mem_process_seqs] Processed 1001 reads in 0.935 CPU sec, 0.123 real sec
[M::mem_process_seqs] Processed 1001 reads in 1.027 CPU sec, 0.144 real sec
[M::mem_process_seqs] Processed 1001 reads in 0.995 CPU sec, 0.128 real sec
594781 [main] INFO main.java.edu.mit.compbio.bisulfitehic.mapping.Bhmem  - Processing reads 1796000 ...
594781 [main] INFO main.java.edu.mit.compbio.bisulfitehic.mapping.Bhmem  - Unique mapped and paired reads 1779534 ...
594785 [main] INFO main.java.edu.mit.compbio.bisulfitehic.mapping.Bhmem  - Processing reads 1797000 ...
594785 [main] INFO main.java.edu.mit.compbio.bisulfitehic.mapping.Bhmem  - Unique mapped and paired reads 1779534 ...
[M::mem_process_seqs] Processed 1001 reads in 0.876 CPU sec, 0.111 real sec
[M::mem_process_seqs] Processed 1001 reads in 0.860 CPU sec, 0.110 real sec
[M::mem_process_seqs] Processed 1001 reads in 0.901 CPU sec, 0.119 real sec
[M::mem_process_seqs] Processed 1001 reads in 1.031 CPU sec, 0.138 real sec
595422 [main] INFO main.java.edu.mit.compbio.bisulfitehic.mapping.Bhmem  - Processing reads 1798000 ...
595422 [main] INFO main.java.edu.mit.compbio.bisulfitehic.mapping.Bhmem  - Unique mapped and paired reads 1781510 ...
595426 [main] INFO main.java.edu.mit.compbio.bisulfitehic.mapping.Bhmem  - Processing reads 1799000 ...
595426 [main] INFO main.java.edu.mit.compbio.bisulfitehic.mapping.Bhmem  - Unique mapped and paired reads 1781510 ...
[M::mem_process_seqs] Processed 1001 reads in 0.925 CPU sec, 0.118 real sec
[M::mem_process_seqs] Processed 1001 reads in 0.873 CPU sec, 0.110 real sec
[M::mem_process_seqs] Processed 1001 reads in 1.044 CPU sec, 0.132 real sec
[M::mem_process_seqs] Processed 1001 reads in 1.003 CPU sec, 0.136 real sec
596081 [main] INFO main.java.edu.mit.compbio.bisulfitehic.mapping.Bhmem  - Processing reads 1800000 ...
596081 [main] INFO main.java.edu.mit.compbio.bisulfitehic.mapping.Bhmem  - Unique mapped and paired reads 1783490 ...
596085 [main] INFO main.java.edu.mit.compbio.bisulfitehic.mapping.Bhmem  - Processing reads 1801000 ...
596085 [main] INFO main.java.edu.mit.compbio.bisulfitehic.mapping.Bhmem  - Unique mapped and paired reads 1783490 ...
[M::mem_process_seqs] Processed 1001 reads in 0.927 CPU sec, 0.126 real sec
[M::mem_process_seqs] Processed 1001 reads in 0.844 CPU sec, 0.109 real sec
[M::mem_process_seqs] Processed 1001 reads in 1.015 CPU sec, 0.133 real sec
[M::mem_process_seqs] Processed 1001 reads in 0.994 CPU sec, 0.132 real sec
596746 [main] INFO main.java.edu.mit.compbio.bisulfitehic.mapping.Bhmem  - Processing reads 1802000 ...
596746 [main] INFO main.java.edu.mit.compbio.bisulfitehic.mapping.Bhmem  - Unique mapped and paired reads 1785480 ...
596750 [main] INFO main.java.edu.mit.compbio.bisulfitehic.mapping.Bhmem  - Processing reads 1803000 ...
596750 [main] INFO main.java.edu.mit.compbio.bisulfitehic.mapping.Bhmem  - Unique mapped and paired reads 1785480 ...
[M::mem_process_seqs] Processed 1001 reads in 0.941 CPU sec, 0.125 real sec
[M::mem_process_seqs] Processed 1001 reads in 0.885 CPU sec, 0.112 real sec
[M::mem_process_seqs] Processed 1001 reads in 0.958 CPU sec, 0.126 real sec
[M::mem_process_seqs] Processed 1001 reads in 1.014 CPU sec, 0.131 real sec
597404 [main] INFO main.java.edu.mit.compbio.bisulfitehic.mapping.Bhmem  - Processing reads 1804000 ...
597404 [main] INFO main.java.edu.mit.compbio.bisulfitehic.mapping.Bhmem  - Unique mapped and paired reads 1787464 ...
597408 [main] INFO main.java.edu.mit.compbio.bisulfitehic.mapping.Bhmem  - Processing reads 1805000 ...
597408 [main] INFO main.java.edu.mit.compbio.bisulfitehic.mapping.Bhmem  - Unique mapped and paired reads 1787464 ...
[M::mem_process_seqs] Processed 1001 reads in 1.018 CPU sec, 0.133 real sec
[M::mem_process_seqs] Processed 1001 reads in 0.900 CPU sec, 0.114 real sec
[M::mem_process_seqs] Processed 1001 reads in 0.998 CPU sec, 0.140 real sec
[M::mem_process_seqs] Processed 1001 reads in 0.978 CPU sec, 0.124 real sec
598080 [main] INFO main.java.edu.mit.compbio.bisulfitehic.mapping.Bhmem  - Processing reads 1806000 ...
598080 [main] INFO main.java.edu.mit.compbio.bisulfitehic.mapping.Bhmem  - Unique mapped and paired reads 1789448 ...
598084 [main] INFO main.java.edu.mit.compbio.bisulfitehic.mapping.Bhmem  - Processing reads 1807000 ...
598084 [main] INFO main.java.edu.mit.compbio.bisulfitehic.mapping.Bhmem  - Unique mapped and paired reads 1789448 ...
[M::mem_process_seqs] Processed 1001 reads in 1.009 CPU sec, 0.128 real sec
[M::mem_process_seqs] Processed 1001 reads in 0.918 CPU sec, 0.131 real sec
[M::mem_process_seqs] Processed 1001 reads in 1.055 CPU sec, 0.136 real sec
[M::mem_process_seqs] Processed 1001 reads in 1.120 CPU sec, 0.162 real sec
598801 [main] INFO main.java.edu.mit.compbio.bisulfitehic.mapping.Bhmem  - Processing reads 1808000 ...
598801 [main] INFO main.java.edu.mit.compbio.bisulfitehic.mapping.Bhmem  - Unique mapped and paired reads 1791434 ...
598805 [main] INFO main.java.edu.mit.compbio.bisulfitehic.mapping.Bhmem  - Processing reads 1809000 ...
598805 [main] INFO main.java.edu.mit.compbio.bisulfitehic.mapping.Bhmem  - Unique mapped and paired reads 1791434 ...
[M::mem_process_seqs] Processed 1001 reads in 0.988 CPU sec, 0.125 real sec
[M::mem_process_seqs] Processed 1001 reads in 0.852 CPU sec, 0.107 real sec
[M::mem_process_seqs] Processed 1001 reads in 1.079 CPU sec, 0.139 real sec
[M::mem_process_seqs] Processed 1001 reads in 1.034 CPU sec, 0.132 real sec
599475 [main] INFO main.java.edu.mit.compbio.bisulfitehic.mapping.Bhmem  - Processing reads 1810000 ...
599475 [main] INFO main.java.edu.mit.compbio.bisulfitehic.mapping.Bhmem  - Unique mapped and paired reads 1793426 ...
599479 [main] INFO main.java.edu.mit.compbio.bisulfitehic.mapping.Bhmem  - Processing reads 1811000 ...
599479 [main] INFO main.java.edu.mit.compbio.bisulfitehic.mapping.Bhmem  - Unique mapped and paired reads 1793426 ...
[M::mem_process_seqs] Processed 1001 reads in 0.928 CPU sec, 0.118 real sec
[M::mem_process_seqs] Processed 1001 reads in 0.834 CPU sec, 0.108 real sec
[M::mem_process_seqs] Processed 1001 reads in 0.994 CPU sec, 0.128 real sec
[M::mem_process_seqs] Processed 1001 reads in 0.992 CPU sec, 0.127 real sec
600122 [main] INFO main.java.edu.mit.compbio.bisulfitehic.mapping.Bhmem  - Processing reads 1812000 ...
600122 [main] INFO main.java.edu.mit.compbio.bisulfitehic.mapping.Bhmem  - Unique mapped and paired reads 1795418 ...
600126 [main] INFO main.java.edu.mit.compbio.bisulfitehic.mapping.Bhmem  - Processing reads 1813000 ...
600126 [main] INFO main.java.edu.mit.compbio.bisulfitehic.mapping.Bhmem  - Unique mapped and paired reads 1795418 ...
[M::mem_process_seqs] Processed 1001 reads in 0.926 CPU sec, 0.117 real sec
[M::mem_process_seqs] Processed 1001 reads in 0.904 CPU sec, 0.137 real sec
[M::mem_process_seqs] Processed 1001 reads in 0.976 CPU sec, 0.135 real sec
[M::mem_process_seqs] Processed 1001 reads in 0.933 CPU sec, 0.121 real sec
600794 [main] INFO main.java.edu.mit.compbio.bisulfitehic.mapping.Bhmem  - Processing reads 1814000 ...
600794 [main] INFO main.java.edu.mit.compbio.bisulfitehic.mapping.Bhmem  - Unique mapped and paired reads 1797394 ...
600798 [main] INFO main.java.edu.mit.compbio.bisulfitehic.mapping.Bhmem  - Processing reads 1815000 ...
600798 [main] INFO main.java.edu.mit.compbio.bisulfitehic.mapping.Bhmem  - Unique mapped and paired reads 1797394 ...
[M::mem_process_seqs] Processed 1001 reads in 0.902 CPU sec, 0.114 real sec
[M::mem_process_seqs] Processed 1001 reads in 0.827 CPU sec, 0.109 real sec
[M::mem_process_seqs] Processed 1001 reads in 1.017 CPU sec, 0.135 real sec
[M::mem_process_seqs] Processed 1001 reads in 0.888 CPU sec, 0.122 real sec
601435 [main] INFO main.java.edu.mit.compbio.bisulfitehic.mapping.Bhmem  - Processing reads 1816000 ...
601435 [main] INFO main.java.edu.mit.compbio.bisulfitehic.mapping.Bhmem  - Unique mapped and paired reads 1799378 ...
601439 [main] INFO main.java.edu.mit.compbio.bisulfitehic.mapping.Bhmem  - Processing reads 1817000 ...
601439 [main] INFO main.java.edu.mit.compbio.bisulfitehic.mapping.Bhmem  - Unique mapped and paired reads 1799378 ...
[M::mem_process_seqs] Processed 1001 reads in 0.918 CPU sec, 0.116 real sec
[M::mem_process_seqs] Processed 1001 reads in 0.857 CPU sec, 0.108 real sec
[M::mem_process_seqs] Processed 1001 reads in 1.103 CPU sec, 0.140 real sec
[M::mem_process_seqs] Processed 1001 reads in 1.054 CPU sec, 0.134 real sec
602107 [main] INFO main.java.edu.mit.compbio.bisulfitehic.mapping.Bhmem  - Processing reads 1818000 ...
602107 [main] INFO main.java.edu.mit.compbio.bisulfitehic.mapping.Bhmem  - Unique mapped and paired reads 1801368 ...
602111 [main] INFO main.java.edu.mit.compbio.bisulfitehic.mapping.Bhmem  - Processing reads 1819000 ...
602111 [main] INFO main.java.edu.mit.compbio.bisulfitehic.mapping.Bhmem  - Unique mapped and paired reads 1801368 ...
[M::mem_process_seqs] Processed 1001 reads in 0.878 CPU sec, 0.112 real sec
[M::mem_process_seqs] Processed 1001 reads in 0.873 CPU sec, 0.111 real sec
[M::mem_process_seqs] Processed 1001 reads in 0.975 CPU sec, 0.126 real sec
[M::mem_process_seqs] Processed 1001 reads in 0.957 CPU sec, 0.123 real sec
602744 [main] INFO main.java.edu.mit.compbio.bisulfitehic.mapping.Bhmem  - Processing reads 1820000 ...
602744 [main] INFO main.java.edu.mit.compbio.bisulfitehic.mapping.Bhmem  - Unique mapped and paired reads 1803338 ...
602748 [main] INFO main.java.edu.mit.compbio.bisulfitehic.mapping.Bhmem  - Processing reads 1821000 ...
602748 [main] INFO main.java.edu.mit.compbio.bisulfitehic.mapping.Bhmem  - Unique mapped and paired reads 1803338 ...
[M::mem_process_seqs] Processed 1001 reads in 0.954 CPU sec, 0.130 real sec
[M::mem_process_seqs] Processed 1001 reads in 0.837 CPU sec, 0.113 real sec
[M::mem_process_seqs] Processed 1001 reads in 1.063 CPU sec, 0.149 real sec
[M::mem_process_seqs] Processed 1001 reads in 1.052 CPU sec, 0.140 real sec
603437 [main] INFO main.java.edu.mit.compbio.bisulfitehic.mapping.Bhmem  - Processing reads 1822000 ...
603437 [main] INFO main.java.edu.mit.compbio.bisulfitehic.mapping.Bhmem  - Unique mapped and paired reads 1805326 ...
603441 [main] INFO main.java.edu.mit.compbio.bisulfitehic.mapping.Bhmem  - Processing reads 1823000 ...
603441 [main] INFO main.java.edu.mit.compbio.bisulfitehic.mapping.Bhmem  - Unique mapped and paired reads 1805326 ...
[M::mem_process_seqs] Processed 1001 reads in 0.939 CPU sec, 0.123 real sec
[M::mem_process_seqs] Processed 1001 reads in 0.925 CPU sec, 0.124 real sec
[M::mem_process_seqs] Processed 1001 reads in 1.033 CPU sec, 0.138 real sec
[M::mem_process_seqs] Processed 1001 reads in 1.081 CPU sec, 0.141 real sec
604131 [main] INFO main.java.edu.mit.compbio.bisulfitehic.mapping.Bhmem  - Processing reads 1824000 ...
604131 [main] INFO main.java.edu.mit.compbio.bisulfitehic.mapping.Bhmem  - Unique mapped and paired reads 1807314 ...
604136 [main] INFO main.java.edu.mit.compbio.bisulfitehic.mapping.Bhmem  - Processing reads 1825000 ...
604136 [main] INFO main.java.edu.mit.compbio.bisulfitehic.mapping.Bhmem  - Unique mapped and paired reads 1807314 ...
[M::mem_process_seqs] Processed 1001 reads in 0.870 CPU sec, 0.111 real sec
[M::mem_process_seqs] Processed 1001 reads in 0.821 CPU sec, 0.104 real sec
[M::mem_process_seqs] Processed 1001 reads in 0.977 CPU sec, 0.123 real sec
[M::mem_process_seqs] Processed 1001 reads in 0.991 CPU sec, 0.129 real sec
604759 [main] INFO main.java.edu.mit.compbio.bisulfitehic.mapping.Bhmem  - Processing reads 1826000 ...
604759 [main] INFO main.java.edu.mit.compbio.bisulfitehic.mapping.Bhmem  - Unique mapped and paired reads 1809290 ...
604763 [main] INFO main.java.edu.mit.compbio.bisulfitehic.mapping.Bhmem  - Processing reads 1827000 ...
604763 [main] INFO main.java.edu.mit.compbio.bisulfitehic.mapping.Bhmem  - Unique mapped and paired reads 1809290 ...
[M::mem_process_seqs] Processed 1001 reads in 0.898 CPU sec, 0.121 real sec
[M::mem_process_seqs] Processed 1001 reads in 0.829 CPU sec, 0.108 real sec
[M::mem_process_seqs] Processed 1001 reads in 1.015 CPU sec, 0.136 real sec
[M::mem_process_seqs] Processed 1001 reads in 0.928 CPU sec, 0.118 real sec
605408 [main] INFO main.java.edu.mit.compbio.bisulfitehic.mapping.Bhmem  - Processing reads 1828000 ...
605408 [main] INFO main.java.edu.mit.compbio.bisulfitehic.mapping.Bhmem  - Unique mapped and paired reads 1811284 ...
605412 [main] INFO main.java.edu.mit.compbio.bisulfitehic.mapping.Bhmem  - Processing reads 1829000 ...
605412 [main] INFO main.java.edu.mit.compbio.bisulfitehic.mapping.Bhmem  - Unique mapped and paired reads 1811284 ...
[M::mem_process_seqs] Processed 1001 reads in 0.971 CPU sec, 0.123 real sec
[M::mem_process_seqs] Processed 1001 reads in 0.875 CPU sec, 0.112 real sec
[M::mem_process_seqs] Processed 1001 reads in 0.916 CPU sec, 0.116 real sec
[M::mem_process_seqs] Processed 1001 reads in 0.935 CPU sec, 0.119 real sec
606041 [main] INFO main.java.edu.mit.compbio.bisulfitehic.mapping.Bhmem  - Processing reads 1830000 ...
606041 [main] INFO main.java.edu.mit.compbio.bisulfitehic.mapping.Bhmem  - Unique mapped and paired reads 1813276 ...
606045 [main] INFO main.java.edu.mit.compbio.bisulfitehic.mapping.Bhmem  - Processing reads 1831000 ...
606045 [main] INFO main.java.edu.mit.compbio.bisulfitehic.mapping.Bhmem  - Unique mapped and paired reads 1813276 ...
[M::mem_process_seqs] Processed 1001 reads in 0.925 CPU sec, 0.117 real sec
[M::mem_process_seqs] Processed 1001 reads in 0.951 CPU sec, 0.125 real sec
[M::mem_process_seqs] Processed 1001 reads in 1.015 CPU sec, 0.140 real sec
[M::mem_process_seqs] Processed 1001 reads in 1.017 CPU sec, 0.139 real sec
606748 [main] INFO main.java.edu.mit.compbio.bisulfitehic.mapping.Bhmem  - Processing reads 1832000 ...
606748 [main] INFO main.java.edu.mit.compbio.bisulfitehic.mapping.Bhmem  - Unique mapped and paired reads 1815248 ...
606752 [main] INFO main.java.edu.mit.compbio.bisulfitehic.mapping.Bhmem  - Processing reads 1833000 ...
606752 [main] INFO main.java.edu.mit.compbio.bisulfitehic.mapping.Bhmem  - Unique mapped and paired reads 1815248 ...
[M::mem_process_seqs] Processed 1001 reads in 1.095 CPU sec, 0.146 real sec
[M::mem_process_seqs] Processed 1001 reads in 0.960 CPU sec, 0.121 real sec
[M::mem_process_seqs] Processed 1001 reads in 1.061 CPU sec, 0.144 real sec
[M::mem_process_seqs] Processed 1001 reads in 1.063 CPU sec, 0.137 real sec
607461 [main] INFO main.java.edu.mit.compbio.bisulfitehic.mapping.Bhmem  - Processing reads 1834000 ...
607461 [main] INFO main.java.edu.mit.compbio.bisulfitehic.mapping.Bhmem  - Unique mapped and paired reads 1817236 ...
607465 [main] INFO main.java.edu.mit.compbio.bisulfitehic.mapping.Bhmem  - Processing reads 1835000 ...
607465 [main] INFO main.java.edu.mit.compbio.bisulfitehic.mapping.Bhmem  - Unique mapped and paired reads 1817236 ...
[M::mem_process_seqs] Processed 1001 reads in 0.968 CPU sec, 0.124 real sec
[M::mem_process_seqs] Processed 1001 reads in 1.014 CPU sec, 0.137 real sec
[M::mem_process_seqs] Processed 1001 reads in 1.075 CPU sec, 0.146 real sec
[M::mem_process_seqs] Processed 1001 reads in 1.197 CPU sec, 0.167 real sec
608198 [main] INFO main.java.edu.mit.compbio.bisulfitehic.mapping.Bhmem  - Processing reads 1836000 ...
608198 [main] INFO main.java.edu.mit.compbio.bisulfitehic.mapping.Bhmem  - Unique mapped and paired reads 1819216 ...
608202 [main] INFO main.java.edu.mit.compbio.bisulfitehic.mapping.Bhmem  - Processing reads 1837000 ...
608203 [main] INFO main.java.edu.mit.compbio.bisulfitehic.mapping.Bhmem  - Unique mapped and paired reads 1819216 ...
[M::mem_process_seqs] Processed 1001 reads in 0.909 CPU sec, 0.115 real sec
[M::mem_process_seqs] Processed 1001 reads in 0.862 CPU sec, 0.118 real sec
[M::mem_process_seqs] Processed 1001 reads in 0.957 CPU sec, 0.123 real sec
[M::mem_process_seqs] Processed 1001 reads in 0.999 CPU sec, 0.130 real sec
608855 [main] INFO main.java.edu.mit.compbio.bisulfitehic.mapping.Bhmem  - Processing reads 1838000 ...
608855 [main] INFO main.java.edu.mit.compbio.bisulfitehic.mapping.Bhmem  - Unique mapped and paired reads 1821208 ...
608859 [main] INFO main.java.edu.mit.compbio.bisulfitehic.mapping.Bhmem  - Processing reads 1839000 ...
608859 [main] INFO main.java.edu.mit.compbio.bisulfitehic.mapping.Bhmem  - Unique mapped and paired reads 1821208 ...
[M::mem_process_seqs] Processed 1001 reads in 0.992 CPU sec, 0.134 real sec
[M::mem_process_seqs] Processed 1001 reads in 0.891 CPU sec, 0.116 real sec
[M::mem_process_seqs] Processed 1001 reads in 1.097 CPU sec, 0.163 real sec
[M::mem_process_seqs] Processed 1001 reads in 1.072 CPU sec, 0.136 real sec
609569 [main] INFO main.java.edu.mit.compbio.bisulfitehic.mapping.Bhmem  - Processing reads 1840000 ...
609569 [main] INFO main.java.edu.mit.compbio.bisulfitehic.mapping.Bhmem  - Unique mapped and paired reads 1823196 ...
609573 [main] INFO main.java.edu.mit.compbio.bisulfitehic.mapping.Bhmem  - Processing reads 1841000 ...
609573 [main] INFO main.java.edu.mit.compbio.bisulfitehic.mapping.Bhmem  - Unique mapped and paired reads 1823196 ...
[M::mem_process_seqs] Processed 1001 reads in 0.872 CPU sec, 0.113 real sec
[M::mem_process_seqs] Processed 1001 reads in 0.817 CPU sec, 0.110 real sec
[M::mem_process_seqs] Processed 1001 reads in 1.032 CPU sec, 0.146 real sec
[M::mem_process_seqs] Processed 1001 reads in 1.005 CPU sec, 0.127 real sec
610231 [main] INFO main.java.edu.mit.compbio.bisulfitehic.mapping.Bhmem  - Processing reads 1842000 ...
610231 [main] INFO main.java.edu.mit.compbio.bisulfitehic.mapping.Bhmem  - Unique mapped and paired reads 1825194 ...
610235 [main] INFO main.java.edu.mit.compbio.bisulfitehic.mapping.Bhmem  - Processing reads 1843000 ...
610235 [main] INFO main.java.edu.mit.compbio.bisulfitehic.mapping.Bhmem  - Unique mapped and paired reads 1825194 ...
[M::mem_process_seqs] Processed 1001 reads in 0.872 CPU sec, 0.111 real sec
[M::mem_process_seqs] Processed 1001 reads in 0.860 CPU sec, 0.117 real sec
[M::mem_process_seqs] Processed 1001 reads in 1.014 CPU sec, 0.128 real sec
[M::mem_process_seqs] Processed 1001 reads in 0.957 CPU sec, 0.122 real sec
610872 [main] INFO main.java.edu.mit.compbio.bisulfitehic.mapping.Bhmem  - Processing reads 1844000 ...
610872 [main] INFO main.java.edu.mit.compbio.bisulfitehic.mapping.Bhmem  - Unique mapped and paired reads 1827172 ...
610876 [main] INFO main.java.edu.mit.compbio.bisulfitehic.mapping.Bhmem  - Processing reads 1845000 ...
610876 [main] INFO main.java.edu.mit.compbio.bisulfitehic.mapping.Bhmem  - Unique mapped and paired reads 1827172 ...
[M::mem_process_seqs] Processed 1001 reads in 0.951 CPU sec, 0.120 real sec
[M::mem_process_seqs] Processed 1001 reads in 0.904 CPU sec, 0.122 real sec
[M::mem_process_seqs] Processed 1001 reads in 1.083 CPU sec, 0.149 real sec
[M::mem_process_seqs] Processed 1001 reads in 1.020 CPU sec, 0.130 real sec
611565 [main] INFO main.java.edu.mit.compbio.bisulfitehic.mapping.Bhmem  - Processing reads 1846000 ...
611565 [main] INFO main.java.edu.mit.compbio.bisulfitehic.mapping.Bhmem  - Unique mapped and paired reads 1829166 ...
611569 [main] INFO main.java.edu.mit.compbio.bisulfitehic.mapping.Bhmem  - Processing reads 1847000 ...
611569 [main] INFO main.java.edu.mit.compbio.bisulfitehic.mapping.Bhmem  - Unique mapped and paired reads 1829166 ...
[M::mem_process_seqs] Processed 1001 reads in 0.955 CPU sec, 0.121 real sec
[M::mem_process_seqs] Processed 1001 reads in 0.898 CPU sec, 0.120 real sec
[M::mem_process_seqs] Processed 1001 reads in 1.039 CPU sec, 0.132 real sec
[M::mem_process_seqs] Processed 1001 reads in 1.040 CPU sec, 0.135 real sec
612240 [main] INFO main.java.edu.mit.compbio.bisulfitehic.mapping.Bhmem  - Processing reads 1848000 ...
612240 [main] INFO main.java.edu.mit.compbio.bisulfitehic.mapping.Bhmem  - Unique mapped and paired reads 1831150 ...
612244 [main] INFO main.java.edu.mit.compbio.bisulfitehic.mapping.Bhmem  - Processing reads 1849000 ...
612244 [main] INFO main.java.edu.mit.compbio.bisulfitehic.mapping.Bhmem  - Unique mapped and paired reads 1831150 ...
[M::mem_process_seqs] Processed 1001 reads in 1.037 CPU sec, 0.133 real sec
[M::mem_process_seqs] Processed 1001 reads in 0.906 CPU sec, 0.137 real sec
[M::mem_process_seqs] Processed 1001 reads in 1.194 CPU sec, 0.153 real sec
[M::mem_process_seqs] Processed 1001 reads in 1.061 CPU sec, 0.134 real sec
612968 [main] INFO main.java.edu.mit.compbio.bisulfitehic.mapping.Bhmem  - Processing reads 1850000 ...
612968 [main] INFO main.java.edu.mit.compbio.bisulfitehic.mapping.Bhmem  - Unique mapped and paired reads 1833140 ...
612972 [main] INFO main.java.edu.mit.compbio.bisulfitehic.mapping.Bhmem  - Processing reads 1851000 ...
612972 [main] INFO main.java.edu.mit.compbio.bisulfitehic.mapping.Bhmem  - Unique mapped and paired reads 1833140 ...
[M::mem_process_seqs] Processed 1001 reads in 0.983 CPU sec, 0.130 real sec
[M::mem_process_seqs] Processed 1001 reads in 0.925 CPU sec, 0.124 real sec
[M::mem_process_seqs] Processed 1001 reads in 0.938 CPU sec, 0.124 real sec
[M::mem_process_seqs] Processed 1001 reads in 0.982 CPU sec, 0.126 real sec
613631 [main] INFO main.java.edu.mit.compbio.bisulfitehic.mapping.Bhmem  - Processing reads 1852000 ...
613631 [main] INFO main.java.edu.mit.compbio.bisulfitehic.mapping.Bhmem  - Unique mapped and paired reads 1835124 ...
613635 [main] INFO main.java.edu.mit.compbio.bisulfitehic.mapping.Bhmem  - Processing reads 1853000 ...
613635 [main] INFO main.java.edu.mit.compbio.bisulfitehic.mapping.Bhmem  - Unique mapped and paired reads 1835124 ...
[M::mem_process_seqs] Processed 1001 reads in 0.963 CPU sec, 0.125 real sec
[M::mem_process_seqs] Processed 1001 reads in 0.865 CPU sec, 0.111 real sec
[M::mem_process_seqs] Processed 1001 reads in 0.962 CPU sec, 0.125 real sec
[M::mem_process_seqs] Processed 1001 reads in 0.969 CPU sec, 0.123 real sec
614280 [main] INFO main.java.edu.mit.compbio.bisulfitehic.mapping.Bhmem  - Processing reads 1854000 ...
614280 [main] INFO main.java.edu.mit.compbio.bisulfitehic.mapping.Bhmem  - Unique mapped and paired reads 1837106 ...
614284 [main] INFO main.java.edu.mit.compbio.bisulfitehic.mapping.Bhmem  - Processing reads 1855000 ...
614284 [main] INFO main.java.edu.mit.compbio.bisulfitehic.mapping.Bhmem  - Unique mapped and paired reads 1837106 ...
[M::mem_process_seqs] Processed 1001 reads in 1.008 CPU sec, 0.137 real sec
[M::mem_process_seqs] Processed 1001 reads in 0.925 CPU sec, 0.119 real sec
[M::mem_process_seqs] Processed 1001 reads in 1.107 CPU sec, 0.142 real sec
[M::mem_process_seqs] Processed 1001 reads in 1.080 CPU sec, 0.143 real sec
614993 [main] INFO main.java.edu.mit.compbio.bisulfitehic.mapping.Bhmem  - Processing reads 1856000 ...
614993 [main] INFO main.java.edu.mit.compbio.bisulfitehic.mapping.Bhmem  - Unique mapped and paired reads 1839098 ...
614997 [main] INFO main.java.edu.mit.compbio.bisulfitehic.mapping.Bhmem  - Processing reads 1857000 ...
614997 [main] INFO main.java.edu.mit.compbio.bisulfitehic.mapping.Bhmem  - Unique mapped and paired reads 1839098 ...
[M::mem_process_seqs] Processed 1001 reads in 0.952 CPU sec, 0.122 real sec
[M::mem_process_seqs] Processed 1001 reads in 0.886 CPU sec, 0.118 real sec
[M::mem_process_seqs] Processed 1001 reads in 1.079 CPU sec, 0.138 real sec
[M::mem_process_seqs] Processed 1001 reads in 1.015 CPU sec, 0.128 real sec
615667 [main] INFO main.java.edu.mit.compbio.bisulfitehic.mapping.Bhmem  - Processing reads 1858000 ...
615667 [main] INFO main.java.edu.mit.compbio.bisulfitehic.mapping.Bhmem  - Unique mapped and paired reads 1841070 ...
615671 [main] INFO main.java.edu.mit.compbio.bisulfitehic.mapping.Bhmem  - Processing reads 1859000 ...
615671 [main] INFO main.java.edu.mit.compbio.bisulfitehic.mapping.Bhmem  - Unique mapped and paired reads 1841070 ...
[M::mem_process_seqs] Processed 1001 reads in 0.951 CPU sec, 0.122 real sec
[M::mem_process_seqs] Processed 1001 reads in 0.933 CPU sec, 0.120 real sec
[M::mem_process_seqs] Processed 1001 reads in 1.071 CPU sec, 0.141 real sec
[M::mem_process_seqs] Processed 1001 reads in 1.064 CPU sec, 0.134 real sec
616347 [main] INFO main.java.edu.mit.compbio.bisulfitehic.mapping.Bhmem  - Processing reads 1860000 ...
616347 [main] INFO main.java.edu.mit.compbio.bisulfitehic.mapping.Bhmem  - Unique mapped and paired reads 1843066 ...
616351 [main] INFO main.java.edu.mit.compbio.bisulfitehic.mapping.Bhmem  - Processing reads 1861000 ...
616351 [main] INFO main.java.edu.mit.compbio.bisulfitehic.mapping.Bhmem  - Unique mapped and paired reads 1843066 ...
[M::mem_process_seqs] Processed 1001 reads in 0.923 CPU sec, 0.121 real sec
[M::mem_process_seqs] Processed 1001 reads in 0.980 CPU sec, 0.128 real sec
[M::mem_process_seqs] Processed 1001 reads in 1.087 CPU sec, 0.143 real sec
[M::mem_process_seqs] Processed 1001 reads in 1.151 CPU sec, 0.152 real sec
617060 [main] INFO main.java.edu.mit.compbio.bisulfitehic.mapping.Bhmem  - Processing reads 1862000 ...
617060 [main] INFO main.java.edu.mit.compbio.bisulfitehic.mapping.Bhmem  - Unique mapped and paired reads 1845050 ...
617064 [main] INFO main.java.edu.mit.compbio.bisulfitehic.mapping.Bhmem  - Processing reads 1863000 ...
617064 [main] INFO main.java.edu.mit.compbio.bisulfitehic.mapping.Bhmem  - Unique mapped and paired reads 1845050 ...
[M::mem_process_seqs] Processed 1001 reads in 1.025 CPU sec, 0.134 real sec
[M::mem_process_seqs] Processed 1001 reads in 0.892 CPU sec, 0.114 real sec
[M::mem_process_seqs] Processed 1001 reads in 1.114 CPU sec, 0.163 real sec
[M::mem_process_seqs] Processed 1001 reads in 1.045 CPU sec, 0.137 real sec
617774 [main] INFO main.java.edu.mit.compbio.bisulfitehic.mapping.Bhmem  - Processing reads 1864000 ...
617774 [main] INFO main.java.edu.mit.compbio.bisulfitehic.mapping.Bhmem  - Unique mapped and paired reads 1847028 ...
617779 [main] INFO main.java.edu.mit.compbio.bisulfitehic.mapping.Bhmem  - Processing reads 1865000 ...
617779 [main] INFO main.java.edu.mit.compbio.bisulfitehic.mapping.Bhmem  - Unique mapped and paired reads 1847028 ...
[M::mem_process_seqs] Processed 1001 reads in 0.980 CPU sec, 0.124 real sec
[M::mem_process_seqs] Processed 1001 reads in 0.949 CPU sec, 0.143 real sec
[M::mem_process_seqs] Processed 1001 reads in 1.096 CPU sec, 0.148 real sec
[M::mem_process_seqs] Processed 1001 reads in 1.093 CPU sec, 0.170 real sec
618529 [main] INFO main.java.edu.mit.compbio.bisulfitehic.mapping.Bhmem  - Processing reads 1866000 ...
618529 [main] INFO main.java.edu.mit.compbio.bisulfitehic.mapping.Bhmem  - Unique mapped and paired reads 1849010 ...
618533 [main] INFO main.java.edu.mit.compbio.bisulfitehic.mapping.Bhmem  - Processing reads 1867000 ...
618533 [main] INFO main.java.edu.mit.compbio.bisulfitehic.mapping.Bhmem  - Unique mapped and paired reads 1849010 ...
[M::mem_process_seqs] Processed 1001 reads in 0.978 CPU sec, 0.130 real sec
[M::mem_process_seqs] Processed 1001 reads in 0.936 CPU sec, 0.123 real sec
[M::mem_process_seqs] Processed 1001 reads in 1.047 CPU sec, 0.138 real sec
[M::mem_process_seqs] Processed 1001 reads in 1.053 CPU sec, 0.136 real sec
619228 [main] INFO main.java.edu.mit.compbio.bisulfitehic.mapping.Bhmem  - Processing reads 1868000 ...
619228 [main] INFO main.java.edu.mit.compbio.bisulfitehic.mapping.Bhmem  - Unique mapped and paired reads 1850998 ...
619232 [main] INFO main.java.edu.mit.compbio.bisulfitehic.mapping.Bhmem  - Processing reads 1869000 ...
619232 [main] INFO main.java.edu.mit.compbio.bisulfitehic.mapping.Bhmem  - Unique mapped and paired reads 1850998 ...
[M::mem_process_seqs] Processed 1001 reads in 0.939 CPU sec, 0.122 real sec
[M::mem_process_seqs] Processed 1001 reads in 0.907 CPU sec, 0.129 real sec
[M::mem_process_seqs] Processed 1001 reads in 1.058 CPU sec, 0.148 real sec
[M::mem_process_seqs] Processed 1001 reads in 1.007 CPU sec, 0.127 real sec
619921 [main] INFO main.java.edu.mit.compbio.bisulfitehic.mapping.Bhmem  - Processing reads 1870000 ...
619921 [main] INFO main.java.edu.mit.compbio.bisulfitehic.mapping.Bhmem  - Unique mapped and paired reads 1852990 ...
619925 [main] INFO main.java.edu.mit.compbio.bisulfitehic.mapping.Bhmem  - Processing reads 1871000 ...
619925 [main] INFO main.java.edu.mit.compbio.bisulfitehic.mapping.Bhmem  - Unique mapped and paired reads 1852990 ...
[M::mem_process_seqs] Processed 1001 reads in 0.921 CPU sec, 0.116 real sec
[M::mem_process_seqs] Processed 1001 reads in 0.813 CPU sec, 0.104 real sec
[M::mem_process_seqs] Processed 1001 reads in 1.059 CPU sec, 0.141 real sec
[M::mem_process_seqs] Processed 1001 reads in 1.068 CPU sec, 0.144 real sec
620592 [main] INFO main.java.edu.mit.compbio.bisulfitehic.mapping.Bhmem  - Processing reads 1872000 ...
620592 [main] INFO main.java.edu.mit.compbio.bisulfitehic.mapping.Bhmem  - Unique mapped and paired reads 1854970 ...
620596 [main] INFO main.java.edu.mit.compbio.bisulfitehic.mapping.Bhmem  - Processing reads 1873000 ...
620596 [main] INFO main.java.edu.mit.compbio.bisulfitehic.mapping.Bhmem  - Unique mapped and paired reads 1854970 ...
[M::mem_process_seqs] Processed 1001 reads in 0.985 CPU sec, 0.126 real sec
[M::mem_process_seqs] Processed 1001 reads in 0.881 CPU sec, 0.115 real sec
[M::mem_process_seqs] Processed 1001 reads in 1.047 CPU sec, 0.136 real sec
[M::mem_process_seqs] Processed 1001 reads in 1.086 CPU sec, 0.145 real sec
621282 [main] INFO main.java.edu.mit.compbio.bisulfitehic.mapping.Bhmem  - Processing reads 1874000 ...
621282 [main] INFO main.java.edu.mit.compbio.bisulfitehic.mapping.Bhmem  - Unique mapped and paired reads 1856956 ...
621286 [main] INFO main.java.edu.mit.compbio.bisulfitehic.mapping.Bhmem  - Processing reads 1875000 ...
621286 [main] INFO main.java.edu.mit.compbio.bisulfitehic.mapping.Bhmem  - Unique mapped and paired reads 1856956 ...
[M::mem_process_seqs] Processed 1001 reads in 0.949 CPU sec, 0.121 real sec
[M::mem_process_seqs] Processed 1001 reads in 0.927 CPU sec, 0.120 real sec
[M::mem_process_seqs] Processed 1001 reads in 1.134 CPU sec, 0.156 real sec
[M::mem_process_seqs] Processed 1001 reads in 1.019 CPU sec, 0.131 real sec
621979 [main] INFO main.java.edu.mit.compbio.bisulfitehic.mapping.Bhmem  - Processing reads 1876000 ...
621979 [main] INFO main.java.edu.mit.compbio.bisulfitehic.mapping.Bhmem  - Unique mapped and paired reads 1858932 ...
621983 [main] INFO main.java.edu.mit.compbio.bisulfitehic.mapping.Bhmem  - Processing reads 1877000 ...
621983 [main] INFO main.java.edu.mit.compbio.bisulfitehic.mapping.Bhmem  - Unique mapped and paired reads 1858932 ...
[M::mem_process_seqs] Processed 1001 reads in 0.979 CPU sec, 0.124 real sec
[M::mem_process_seqs] Processed 1001 reads in 0.987 CPU sec, 0.128 real sec
[M::mem_process_seqs] Processed 1001 reads in 1.005 CPU sec, 0.129 real sec
[M::mem_process_seqs] Processed 1001 reads in 1.101 CPU sec, 0.152 real sec
622679 [main] INFO main.java.edu.mit.compbio.bisulfitehic.mapping.Bhmem  - Processing reads 1878000 ...
622679 [main] INFO main.java.edu.mit.compbio.bisulfitehic.mapping.Bhmem  - Unique mapped and paired reads 1860918 ...
622683 [main] INFO main.java.edu.mit.compbio.bisulfitehic.mapping.Bhmem  - Processing reads 1879000 ...
622683 [main] INFO main.java.edu.mit.compbio.bisulfitehic.mapping.Bhmem  - Unique mapped and paired reads 1860918 ...
[M::mem_process_seqs] Processed 1001 reads in 0.938 CPU sec, 0.122 real sec
[M::mem_process_seqs] Processed 1001 reads in 0.897 CPU sec, 0.114 real sec
[M::mem_process_seqs] Processed 1001 reads in 0.939 CPU sec, 0.121 real sec
[M::mem_process_seqs] Processed 1001 reads in 0.991 CPU sec, 0.128 real sec
623336 [main] INFO main.java.edu.mit.compbio.bisulfitehic.mapping.Bhmem  - Processing reads 1880000 ...
623336 [main] INFO main.java.edu.mit.compbio.bisulfitehic.mapping.Bhmem  - Unique mapped and paired reads 1862902 ...
623340 [main] INFO main.java.edu.mit.compbio.bisulfitehic.mapping.Bhmem  - Processing reads 1881000 ...
623340 [main] INFO main.java.edu.mit.compbio.bisulfitehic.mapping.Bhmem  - Unique mapped and paired reads 1862902 ...
[M::mem_process_seqs] Processed 1001 reads in 1.042 CPU sec, 0.134 real sec
[M::mem_process_seqs] Processed 1001 reads in 0.994 CPU sec, 0.130 real sec
[M::mem_process_seqs] Processed 1001 reads in 1.034 CPU sec, 0.139 real sec
[M::mem_process_seqs] Processed 1001 reads in 1.033 CPU sec, 0.133 real sec
624042 [main] INFO main.java.edu.mit.compbio.bisulfitehic.mapping.Bhmem  - Processing reads 1882000 ...
624042 [main] INFO main.java.edu.mit.compbio.bisulfitehic.mapping.Bhmem  - Unique mapped and paired reads 1864888 ...
624047 [main] INFO main.java.edu.mit.compbio.bisulfitehic.mapping.Bhmem  - Processing reads 1883000 ...
624047 [main] INFO main.java.edu.mit.compbio.bisulfitehic.mapping.Bhmem  - Unique mapped and paired reads 1864888 ...
[M::mem_process_seqs] Processed 1001 reads in 0.957 CPU sec, 0.124 real sec
[M::mem_process_seqs] Processed 1001 reads in 0.878 CPU sec, 0.118 real sec
[M::mem_process_seqs] Processed 1001 reads in 0.946 CPU sec, 0.122 real sec
[M::mem_process_seqs] Processed 1001 reads in 0.991 CPU sec, 0.131 real sec
624711 [main] INFO main.java.edu.mit.compbio.bisulfitehic.mapping.Bhmem  - Processing reads 1884000 ...
624711 [main] INFO main.java.edu.mit.compbio.bisulfitehic.mapping.Bhmem  - Unique mapped and paired reads 1866872 ...
624715 [main] INFO main.java.edu.mit.compbio.bisulfitehic.mapping.Bhmem  - Processing reads 1885000 ...
624715 [main] INFO main.java.edu.mit.compbio.bisulfitehic.mapping.Bhmem  - Unique mapped and paired reads 1866872 ...
[M::mem_process_seqs] Processed 1001 reads in 0.998 CPU sec, 0.140 real sec
[M::mem_process_seqs] Processed 1001 reads in 1.018 CPU sec, 0.134 real sec
[M::mem_process_seqs] Processed 1001 reads in 1.119 CPU sec, 0.169 real sec
[M::mem_process_seqs] Processed 1001 reads in 1.142 CPU sec, 0.156 real sec
625487 [main] INFO main.java.edu.mit.compbio.bisulfitehic.mapping.Bhmem  - Processing reads 1886000 ...
625487 [main] INFO main.java.edu.mit.compbio.bisulfitehic.mapping.Bhmem  - Unique mapped and paired reads 1868864 ...
625491 [main] INFO main.java.edu.mit.compbio.bisulfitehic.mapping.Bhmem  - Processing reads 1887000 ...
625491 [main] INFO main.java.edu.mit.compbio.bisulfitehic.mapping.Bhmem  - Unique mapped and paired reads 1868864 ...
[M::mem_process_seqs] Processed 1001 reads in 0.975 CPU sec, 0.127 real sec
[M::mem_process_seqs] Processed 1001 reads in 0.920 CPU sec, 0.121 real sec
[M::mem_process_seqs] Processed 1001 reads in 1.054 CPU sec, 0.137 real sec
[M::mem_process_seqs] Processed 1001 reads in 1.062 CPU sec, 0.142 real sec
626179 [main] INFO main.java.edu.mit.compbio.bisulfitehic.mapping.Bhmem  - Processing reads 1888000 ...
626179 [main] INFO main.java.edu.mit.compbio.bisulfitehic.mapping.Bhmem  - Unique mapped and paired reads 1870848 ...
626183 [main] INFO main.java.edu.mit.compbio.bisulfitehic.mapping.Bhmem  - Processing reads 1889000 ...
626183 [main] INFO main.java.edu.mit.compbio.bisulfitehic.mapping.Bhmem  - Unique mapped and paired reads 1870848 ...
[M::mem_process_seqs] Processed 1001 reads in 0.905 CPU sec, 0.115 real sec
[M::mem_process_seqs] Processed 1001 reads in 0.810 CPU sec, 0.105 real sec
[M::mem_process_seqs] Processed 1001 reads in 0.974 CPU sec, 0.124 real sec
[M::mem_process_seqs] Processed 1001 reads in 0.975 CPU sec, 0.132 real sec
626822 [main] INFO main.java.edu.mit.compbio.bisulfitehic.mapping.Bhmem  - Processing reads 1890000 ...
626822 [main] INFO main.java.edu.mit.compbio.bisulfitehic.mapping.Bhmem  - Unique mapped and paired reads 1872818 ...
626827 [main] INFO main.java.edu.mit.compbio.bisulfitehic.mapping.Bhmem  - Processing reads 1891000 ...
626827 [main] INFO main.java.edu.mit.compbio.bisulfitehic.mapping.Bhmem  - Unique mapped and paired reads 1872818 ...
[M::mem_process_seqs] Processed 1001 reads in 1.067 CPU sec, 0.136 real sec
[M::mem_process_seqs] Processed 1001 reads in 0.968 CPU sec, 0.150 real sec
[M::mem_process_seqs] Processed 1001 reads in 1.148 CPU sec, 0.145 real sec
[M::mem_process_seqs] Processed 1001 reads in 1.031 CPU sec, 0.132 real sec
627554 [main] INFO main.java.edu.mit.compbio.bisulfitehic.mapping.Bhmem  - Processing reads 1892000 ...
627554 [main] INFO main.java.edu.mit.compbio.bisulfitehic.mapping.Bhmem  - Unique mapped and paired reads 1874814 ...
627558 [main] INFO main.java.edu.mit.compbio.bisulfitehic.mapping.Bhmem  - Processing reads 1893000 ...
627558 [main] INFO main.java.edu.mit.compbio.bisulfitehic.mapping.Bhmem  - Unique mapped and paired reads 1874814 ...
[M::mem_process_seqs] Processed 1001 reads in 1.056 CPU sec, 0.144 real sec
[M::mem_process_seqs] Processed 1001 reads in 1.031 CPU sec, 0.133 real sec
[M::mem_process_seqs] Processed 1001 reads in 1.041 CPU sec, 0.154 real sec
[M::mem_process_seqs] Processed 1001 reads in 1.122 CPU sec, 0.148 real sec
628307 [main] INFO main.java.edu.mit.compbio.bisulfitehic.mapping.Bhmem  - Processing reads 1894000 ...
628307 [main] INFO main.java.edu.mit.compbio.bisulfitehic.mapping.Bhmem  - Unique mapped and paired reads 1876798 ...
628311 [main] INFO main.java.edu.mit.compbio.bisulfitehic.mapping.Bhmem  - Processing reads 1895000 ...
628311 [main] INFO main.java.edu.mit.compbio.bisulfitehic.mapping.Bhmem  - Unique mapped and paired reads 1876798 ...
[M::mem_process_seqs] Processed 1001 reads in 0.982 CPU sec, 0.145 real sec
[M::mem_process_seqs] Processed 1001 reads in 0.891 CPU sec, 0.112 real sec
[M::mem_process_seqs] Processed 1001 reads in 1.046 CPU sec, 0.132 real sec
[M::mem_process_seqs] Processed 1001 reads in 1.026 CPU sec, 0.132 real sec
629002 [main] INFO main.java.edu.mit.compbio.bisulfitehic.mapping.Bhmem  - Processing reads 1896000 ...
629002 [main] INFO main.java.edu.mit.compbio.bisulfitehic.mapping.Bhmem  - Unique mapped and paired reads 1878780 ...
629006 [main] INFO main.java.edu.mit.compbio.bisulfitehic.mapping.Bhmem  - Processing reads 1897000 ...
629006 [main] INFO main.java.edu.mit.compbio.bisulfitehic.mapping.Bhmem  - Unique mapped and paired reads 1878780 ...
[M::mem_process_seqs] Processed 1001 reads in 0.971 CPU sec, 0.128 real sec
[M::mem_process_seqs] Processed 1001 reads in 0.908 CPU sec, 0.122 real sec
[M::mem_process_seqs] Processed 1001 reads in 1.094 CPU sec, 0.146 real sec
[M::mem_process_seqs] Processed 1001 reads in 1.050 CPU sec, 0.135 real sec
629706 [main] INFO main.java.edu.mit.compbio.bisulfitehic.mapping.Bhmem  - Processing reads 1898000 ...
629707 [main] INFO main.java.edu.mit.compbio.bisulfitehic.mapping.Bhmem  - Unique mapped and paired reads 1880758 ...
629711 [main] INFO main.java.edu.mit.compbio.bisulfitehic.mapping.Bhmem  - Processing reads 1899000 ...
629711 [main] INFO main.java.edu.mit.compbio.bisulfitehic.mapping.Bhmem  - Unique mapped and paired reads 1880758 ...
[M::mem_process_seqs] Processed 1001 reads in 0.987 CPU sec, 0.130 real sec
[M::mem_process_seqs] Processed 1001 reads in 0.932 CPU sec, 0.118 real sec
[M::mem_process_seqs] Processed 1001 reads in 1.118 CPU sec, 0.141 real sec
[M::mem_process_seqs] Processed 1001 reads in 1.024 CPU sec, 0.137 real sec
630420 [main] INFO main.java.edu.mit.compbio.bisulfitehic.mapping.Bhmem  - Processing reads 1900000 ...
630420 [main] INFO main.java.edu.mit.compbio.bisulfitehic.mapping.Bhmem  - Unique mapped and paired reads 1882740 ...
630425 [main] INFO main.java.edu.mit.compbio.bisulfitehic.mapping.Bhmem  - Processing reads 1901000 ...
630425 [main] INFO main.java.edu.mit.compbio.bisulfitehic.mapping.Bhmem  - Unique mapped and paired reads 1882740 ...
[M::mem_process_seqs] Processed 1001 reads in 0.896 CPU sec, 0.116 real sec
[M::mem_process_seqs] Processed 1001 reads in 0.919 CPU sec, 0.118 real sec
[M::mem_process_seqs] Processed 1001 reads in 1.003 CPU sec, 0.133 real sec
[M::mem_process_seqs] Processed 1001 reads in 1.002 CPU sec, 0.127 real sec
631089 [main] INFO main.java.edu.mit.compbio.bisulfitehic.mapping.Bhmem  - Processing reads 1902000 ...
631089 [main] INFO main.java.edu.mit.compbio.bisulfitehic.mapping.Bhmem  - Unique mapped and paired reads 1884722 ...
631093 [main] INFO main.java.edu.mit.compbio.bisulfitehic.mapping.Bhmem  - Processing reads 1903000 ...
631093 [main] INFO main.java.edu.mit.compbio.bisulfitehic.mapping.Bhmem  - Unique mapped and paired reads 1884722 ...
[M::mem_process_seqs] Processed 1001 reads in 0.958 CPU sec, 0.126 real sec
[M::mem_process_seqs] Processed 1001 reads in 0.905 CPU sec, 0.117 real sec
[M::mem_process_seqs] Processed 1001 reads in 0.953 CPU sec, 0.123 real sec
[M::mem_process_seqs] Processed 1001 reads in 1.108 CPU sec, 0.154 real sec
631787 [main] INFO main.java.edu.mit.compbio.bisulfitehic.mapping.Bhmem  - Processing reads 1904000 ...
631787 [main] INFO main.java.edu.mit.compbio.bisulfitehic.mapping.Bhmem  - Unique mapped and paired reads 1886708 ...
631791 [main] INFO main.java.edu.mit.compbio.bisulfitehic.mapping.Bhmem  - Processing reads 1905000 ...
631791 [main] INFO main.java.edu.mit.compbio.bisulfitehic.mapping.Bhmem  - Unique mapped and paired reads 1886708 ...
[M::mem_process_seqs] Processed 1001 reads in 0.919 CPU sec, 0.118 real sec
[M::mem_process_seqs] Processed 1001 reads in 0.866 CPU sec, 0.116 real sec
[M::mem_process_seqs] Processed 1001 reads in 0.983 CPU sec, 0.131 real sec
[M::mem_process_seqs] Processed 1001 reads in 0.955 CPU sec, 0.120 real sec
632442 [main] INFO main.java.edu.mit.compbio.bisulfitehic.mapping.Bhmem  - Processing reads 1906000 ...
632442 [main] INFO main.java.edu.mit.compbio.bisulfitehic.mapping.Bhmem  - Unique mapped and paired reads 1888698 ...
632446 [main] INFO main.java.edu.mit.compbio.bisulfitehic.mapping.Bhmem  - Processing reads 1907000 ...
632446 [main] INFO main.java.edu.mit.compbio.bisulfitehic.mapping.Bhmem  - Unique mapped and paired reads 1888698 ...
[M::mem_process_seqs] Processed 1001 reads in 1.065 CPU sec, 0.144 real sec
[M::mem_process_seqs] Processed 1001 reads in 0.878 CPU sec, 0.115 real sec
[M::mem_process_seqs] Processed 1001 reads in 1.122 CPU sec, 0.143 real sec
[M::mem_process_seqs] Processed 1001 reads in 1.100 CPU sec, 0.142 real sec
633165 [main] INFO main.java.edu.mit.compbio.bisulfitehic.mapping.Bhmem  - Processing reads 1908000 ...
633165 [main] INFO main.java.edu.mit.compbio.bisulfitehic.mapping.Bhmem  - Unique mapped and paired reads 1890692 ...
633169 [main] INFO main.java.edu.mit.compbio.bisulfitehic.mapping.Bhmem  - Processing reads 1909000 ...
633169 [main] INFO main.java.edu.mit.compbio.bisulfitehic.mapping.Bhmem  - Unique mapped and paired reads 1890692 ...
[M::mem_process_seqs] Processed 1001 reads in 1.064 CPU sec, 0.136 real sec
[M::mem_process_seqs] Processed 1001 reads in 0.874 CPU sec, 0.116 real sec
[M::mem_process_seqs] Processed 1001 reads in 1.097 CPU sec, 0.141 real sec
[M::mem_process_seqs] Processed 1001 reads in 1.029 CPU sec, 0.132 real sec
633866 [main] INFO main.java.edu.mit.compbio.bisulfitehic.mapping.Bhmem  - Processing reads 1910000 ...
633866 [main] INFO main.java.edu.mit.compbio.bisulfitehic.mapping.Bhmem  - Unique mapped and paired reads 1892682 ...
633870 [main] INFO main.java.edu.mit.compbio.bisulfitehic.mapping.Bhmem  - Processing reads 1911000 ...
633870 [main] INFO main.java.edu.mit.compbio.bisulfitehic.mapping.Bhmem  - Unique mapped and paired reads 1892682 ...
[M::mem_process_seqs] Processed 1001 reads in 1.080 CPU sec, 0.137 real sec
[M::mem_process_seqs] Processed 1001 reads in 0.942 CPU sec, 0.120 real sec
[M::mem_process_seqs] Processed 1001 reads in 1.183 CPU sec, 0.154 real sec
[M::mem_process_seqs] Processed 1001 reads in 1.084 CPU sec, 0.141 real sec
634595 [main] INFO main.java.edu.mit.compbio.bisulfitehic.mapping.Bhmem  - Processing reads 1912000 ...
634595 [main] INFO main.java.edu.mit.compbio.bisulfitehic.mapping.Bhmem  - Unique mapped and paired reads 1894668 ...
634599 [main] INFO main.java.edu.mit.compbio.bisulfitehic.mapping.Bhmem  - Processing reads 1913000 ...
634599 [main] INFO main.java.edu.mit.compbio.bisulfitehic.mapping.Bhmem  - Unique mapped and paired reads 1894668 ...
[M::mem_process_seqs] Processed 1001 reads in 1.029 CPU sec, 0.137 real sec
[M::mem_process_seqs] Processed 1001 reads in 0.926 CPU sec, 0.120 real sec
[M::mem_process_seqs] Processed 1001 reads in 1.133 CPU sec, 0.152 real sec
[M::mem_process_seqs] Processed 1001 reads in 1.036 CPU sec, 0.133 real sec
635313 [main] INFO main.java.edu.mit.compbio.bisulfitehic.mapping.Bhmem  - Processing reads 1914000 ...
635313 [main] INFO main.java.edu.mit.compbio.bisulfitehic.mapping.Bhmem  - Unique mapped and paired reads 1896654 ...
635317 [main] INFO main.java.edu.mit.compbio.bisulfitehic.mapping.Bhmem  - Processing reads 1915000 ...
635317 [main] INFO main.java.edu.mit.compbio.bisulfitehic.mapping.Bhmem  - Unique mapped and paired reads 1896654 ...
[M::mem_process_seqs] Processed 1001 reads in 0.970 CPU sec, 0.122 real sec
[M::mem_process_seqs] Processed 1001 reads in 0.887 CPU sec, 0.113 real sec
[M::mem_process_seqs] Processed 1001 reads in 1.074 CPU sec, 0.136 real sec
[M::mem_process_seqs] Processed 1001 reads in 1.152 CPU sec, 0.149 real sec
636012 [main] INFO main.java.edu.mit.compbio.bisulfitehic.mapping.Bhmem  - Processing reads 1916000 ...
636012 [main] INFO main.java.edu.mit.compbio.bisulfitehic.mapping.Bhmem  - Unique mapped and paired reads 1898648 ...
636016 [main] INFO main.java.edu.mit.compbio.bisulfitehic.mapping.Bhmem  - Processing reads 1917000 ...
636016 [main] INFO main.java.edu.mit.compbio.bisulfitehic.mapping.Bhmem  - Unique mapped and paired reads 1898648 ...
[M::mem_process_seqs] Processed 1001 reads in 1.055 CPU sec, 0.135 real sec
[M::mem_process_seqs] Processed 1001 reads in 0.884 CPU sec, 0.113 real sec
[M::mem_process_seqs] Processed 1001 reads in 1.127 CPU sec, 0.143 real sec
[M::mem_process_seqs] Processed 1001 reads in 1.030 CPU sec, 0.131 real sec
636709 [main] INFO main.java.edu.mit.compbio.bisulfitehic.mapping.Bhmem  - Processing reads 1918000 ...
636709 [main] INFO main.java.edu.mit.compbio.bisulfitehic.mapping.Bhmem  - Unique mapped and paired reads 1900634 ...
636713 [main] INFO main.java.edu.mit.compbio.bisulfitehic.mapping.Bhmem  - Processing reads 1919000 ...
636713 [main] INFO main.java.edu.mit.compbio.bisulfitehic.mapping.Bhmem  - Unique mapped and paired reads 1900634 ...
[M::mem_process_seqs] Processed 1001 reads in 0.989 CPU sec, 0.127 real sec
[M::mem_process_seqs] Processed 1001 reads in 0.959 CPU sec, 0.122 real sec
[M::mem_process_seqs] Processed 1001 reads in 1.185 CPU sec, 0.154 real sec
[M::mem_process_seqs] Processed 1001 reads in 1.082 CPU sec, 0.138 real sec
637432 [main] INFO main.java.edu.mit.compbio.bisulfitehic.mapping.Bhmem  - Processing reads 1920000 ...
637432 [main] INFO main.java.edu.mit.compbio.bisulfitehic.mapping.Bhmem  - Unique mapped and paired reads 1902622 ...
637436 [main] INFO main.java.edu.mit.compbio.bisulfitehic.mapping.Bhmem  - Processing reads 1921000 ...
637436 [main] INFO main.java.edu.mit.compbio.bisulfitehic.mapping.Bhmem  - Unique mapped and paired reads 1902622 ...
[M::mem_process_seqs] Processed 1001 reads in 0.980 CPU sec, 0.126 real sec
[M::mem_process_seqs] Processed 1001 reads in 0.847 CPU sec, 0.107 real sec
[M::mem_process_seqs] Processed 1001 reads in 0.990 CPU sec, 0.126 real sec
[M::mem_process_seqs] Processed 1001 reads in 0.969 CPU sec, 0.122 real sec
638093 [main] INFO main.java.edu.mit.compbio.bisulfitehic.mapping.Bhmem  - Processing reads 1922000 ...
638093 [main] INFO main.java.edu.mit.compbio.bisulfitehic.mapping.Bhmem  - Unique mapped and paired reads 1904608 ...
638097 [main] INFO main.java.edu.mit.compbio.bisulfitehic.mapping.Bhmem  - Processing reads 1923000 ...
638097 [main] INFO main.java.edu.mit.compbio.bisulfitehic.mapping.Bhmem  - Unique mapped and paired reads 1904608 ...
[M::mem_process_seqs] Processed 1001 reads in 1.031 CPU sec, 0.131 real sec
[M::mem_process_seqs] Processed 1001 reads in 0.975 CPU sec, 0.137 real sec
[M::mem_process_seqs] Processed 1001 reads in 1.210 CPU sec, 0.161 real sec
[M::mem_process_seqs] Processed 1001 reads in 1.109 CPU sec, 0.146 real sec
638848 [main] INFO main.java.edu.mit.compbio.bisulfitehic.mapping.Bhmem  - Processing reads 1924000 ...
638848 [main] INFO main.java.edu.mit.compbio.bisulfitehic.mapping.Bhmem  - Unique mapped and paired reads 1906588 ...
638852 [main] INFO main.java.edu.mit.compbio.bisulfitehic.mapping.Bhmem  - Processing reads 1925000 ...
638852 [main] INFO main.java.edu.mit.compbio.bisulfitehic.mapping.Bhmem  - Unique mapped and paired reads 1906588 ...
[M::mem_process_seqs] Processed 1001 reads in 0.965 CPU sec, 0.127 real sec
[M::mem_process_seqs] Processed 1001 reads in 0.852 CPU sec, 0.108 real sec
[M::mem_process_seqs] Processed 1001 reads in 0.979 CPU sec, 0.131 real sec
[M::mem_process_seqs] Processed 1001 reads in 0.947 CPU sec, 0.120 real sec
639512 [main] INFO main.java.edu.mit.compbio.bisulfitehic.mapping.Bhmem  - Processing reads 1926000 ...
639512 [main] INFO main.java.edu.mit.compbio.bisulfitehic.mapping.Bhmem  - Unique mapped and paired reads 1908578 ...
639517 [main] INFO main.java.edu.mit.compbio.bisulfitehic.mapping.Bhmem  - Processing reads 1927000 ...
639517 [main] INFO main.java.edu.mit.compbio.bisulfitehic.mapping.Bhmem  - Unique mapped and paired reads 1908578 ...
[M::mem_process_seqs] Processed 1001 reads in 1.001 CPU sec, 0.128 real sec
[M::mem_process_seqs] Processed 1001 reads in 0.983 CPU sec, 0.126 real sec
[M::mem_process_seqs] Processed 1001 reads in 1.081 CPU sec, 0.141 real sec
[M::mem_process_seqs] Processed 1001 reads in 1.134 CPU sec, 0.149 real sec
640262 [main] INFO main.java.edu.mit.compbio.bisulfitehic.mapping.Bhmem  - Processing reads 1928000 ...
640263 [main] INFO main.java.edu.mit.compbio.bisulfitehic.mapping.Bhmem  - Unique mapped and paired reads 1910560 ...
640269 [main] INFO main.java.edu.mit.compbio.bisulfitehic.mapping.Bhmem  - Processing reads 1929000 ...
640269 [main] INFO main.java.edu.mit.compbio.bisulfitehic.mapping.Bhmem  - Unique mapped and paired reads 1910560 ...
[M::mem_process_seqs] Processed 1001 reads in 0.999 CPU sec, 0.127 real sec
[M::mem_process_seqs] Processed 1001 reads in 0.853 CPU sec, 0.108 real sec
[M::mem_process_seqs] Processed 1001 reads in 1.038 CPU sec, 0.137 real sec
[M::mem_process_seqs] Processed 1001 reads in 1.036 CPU sec, 0.133 real sec
640954 [main] INFO main.java.edu.mit.compbio.bisulfitehic.mapping.Bhmem  - Processing reads 1930000 ...
640954 [main] INFO main.java.edu.mit.compbio.bisulfitehic.mapping.Bhmem  - Unique mapped and paired reads 1912552 ...
640958 [main] INFO main.java.edu.mit.compbio.bisulfitehic.mapping.Bhmem  - Processing reads 1931000 ...
640958 [main] INFO main.java.edu.mit.compbio.bisulfitehic.mapping.Bhmem  - Unique mapped and paired reads 1912552 ...
[M::mem_process_seqs] Processed 1001 reads in 0.974 CPU sec, 0.124 real sec
[M::mem_process_seqs] Processed 1001 reads in 0.852 CPU sec, 0.119 real sec
[M::mem_process_seqs] Processed 1001 reads in 1.081 CPU sec, 0.155 real sec
[M::mem_process_seqs] Processed 1001 reads in 0.964 CPU sec, 0.122 real sec
641646 [main] INFO main.java.edu.mit.compbio.bisulfitehic.mapping.Bhmem  - Processing reads 1932000 ...
641646 [main] INFO main.java.edu.mit.compbio.bisulfitehic.mapping.Bhmem  - Unique mapped and paired reads 1914540 ...
641687 [main] INFO main.java.edu.mit.compbio.bisulfitehic.mapping.Bhmem  - Processing reads 1933000 ...
641687 [main] INFO main.java.edu.mit.compbio.bisulfitehic.mapping.Bhmem  - Unique mapped and paired reads 1914540 ...
[M::mem_process_seqs] Processed 1001 reads in 1.074 CPU sec, 0.137 real sec
[M::mem_process_seqs] Processed 1001 reads in 1.004 CPU sec, 0.127 real sec
[M::mem_process_seqs] Processed 1001 reads in 1.115 CPU sec, 0.145 real sec
[M::mem_process_seqs] Processed 1001 reads in 1.105 CPU sec, 0.148 real sec
642426 [main] INFO main.java.edu.mit.compbio.bisulfitehic.mapping.Bhmem  - Processing reads 1934000 ...
642426 [main] INFO main.java.edu.mit.compbio.bisulfitehic.mapping.Bhmem  - Unique mapped and paired reads 1916528 ...
642430 [main] INFO main.java.edu.mit.compbio.bisulfitehic.mapping.Bhmem  - Processing reads 1935000 ...
642430 [main] INFO main.java.edu.mit.compbio.bisulfitehic.mapping.Bhmem  - Unique mapped and paired reads 1916528 ...
[M::mem_process_seqs] Processed 1001 reads in 1.011 CPU sec, 0.130 real sec
[M::mem_process_seqs] Processed 1001 reads in 0.951 CPU sec, 0.121 real sec
[M::mem_process_seqs] Processed 1001 reads in 1.054 CPU sec, 0.133 real sec
[M::mem_process_seqs] Processed 1001 reads in 1.088 CPU sec, 0.138 real sec
643121 [main] INFO main.java.edu.mit.compbio.bisulfitehic.mapping.Bhmem  - Processing reads 1936000 ...
643121 [main] INFO main.java.edu.mit.compbio.bisulfitehic.mapping.Bhmem  - Unique mapped and paired reads 1918512 ...
643125 [main] INFO main.java.edu.mit.compbio.bisulfitehic.mapping.Bhmem  - Processing reads 1937000 ...
643125 [main] INFO main.java.edu.mit.compbio.bisulfitehic.mapping.Bhmem  - Unique mapped and paired reads 1918512 ...
[M::mem_process_seqs] Processed 1001 reads in 0.961 CPU sec, 0.125 real sec
[M::mem_process_seqs] Processed 1001 reads in 0.928 CPU sec, 0.123 real sec
[M::mem_process_seqs] Processed 1001 reads in 1.079 CPU sec, 0.153 real sec
[M::mem_process_seqs] Processed 1001 reads in 1.028 CPU sec, 0.131 real sec
643830 [main] INFO main.java.edu.mit.compbio.bisulfitehic.mapping.Bhmem  - Processing reads 1938000 ...
643830 [main] INFO main.java.edu.mit.compbio.bisulfitehic.mapping.Bhmem  - Unique mapped and paired reads 1920496 ...
643834 [main] INFO main.java.edu.mit.compbio.bisulfitehic.mapping.Bhmem  - Processing reads 1939000 ...
643834 [main] INFO main.java.edu.mit.compbio.bisulfitehic.mapping.Bhmem  - Unique mapped and paired reads 1920496 ...
[M::mem_process_seqs] Processed 1001 reads in 0.971 CPU sec, 0.124 real sec
[M::mem_process_seqs] Processed 1001 reads in 0.812 CPU sec, 0.106 real sec
[M::mem_process_seqs] Processed 1001 reads in 1.201 CPU sec, 0.152 real sec
[M::mem_process_seqs] Processed 1001 reads in 1.137 CPU sec, 0.149 real sec
644538 [main] INFO main.java.edu.mit.compbio.bisulfitehic.mapping.Bhmem  - Processing reads 1940000 ...
644538 [main] INFO main.java.edu.mit.compbio.bisulfitehic.mapping.Bhmem  - Unique mapped and paired reads 1922476 ...
644542 [main] INFO main.java.edu.mit.compbio.bisulfitehic.mapping.Bhmem  - Processing reads 1941000 ...
644542 [main] INFO main.java.edu.mit.compbio.bisulfitehic.mapping.Bhmem  - Unique mapped and paired reads 1922476 ...
[M::mem_process_seqs] Processed 1001 reads in 0.964 CPU sec, 0.126 real sec
[M::mem_process_seqs] Processed 1001 reads in 0.978 CPU sec, 0.125 real sec
[M::mem_process_seqs] Processed 1001 reads in 1.157 CPU sec, 0.146 real sec
[M::mem_process_seqs] Processed 1001 reads in 1.184 CPU sec, 0.158 real sec
645276 [main] INFO main.java.edu.mit.compbio.bisulfitehic.mapping.Bhmem  - Processing reads 1942000 ...
645276 [main] INFO main.java.edu.mit.compbio.bisulfitehic.mapping.Bhmem  - Unique mapped and paired reads 1924468 ...
645281 [main] INFO main.java.edu.mit.compbio.bisulfitehic.mapping.Bhmem  - Processing reads 1943000 ...
645281 [main] INFO main.java.edu.mit.compbio.bisulfitehic.mapping.Bhmem  - Unique mapped and paired reads 1924468 ...
[M::mem_process_seqs] Processed 1001 reads in 1.041 CPU sec, 0.132 real sec
[M::mem_process_seqs] Processed 1001 reads in 0.966 CPU sec, 0.123 real sec
[M::mem_process_seqs] Processed 1001 reads in 1.330 CPU sec, 0.182 real sec
[M::mem_process_seqs] Processed 1001 reads in 1.159 CPU sec, 0.152 real sec
646057 [main] INFO main.java.edu.mit.compbio.bisulfitehic.mapping.Bhmem  - Processing reads 1944000 ...
646057 [main] INFO main.java.edu.mit.compbio.bisulfitehic.mapping.Bhmem  - Unique mapped and paired reads 1926456 ...
646061 [main] INFO main.java.edu.mit.compbio.bisulfitehic.mapping.Bhmem  - Processing reads 1945000 ...
646061 [main] INFO main.java.edu.mit.compbio.bisulfitehic.mapping.Bhmem  - Unique mapped and paired reads 1926456 ...
[M::mem_process_seqs] Processed 1001 reads in 1.046 CPU sec, 0.134 real sec
[M::mem_process_seqs] Processed 1001 reads in 0.956 CPU sec, 0.121 real sec
[M::mem_process_seqs] Processed 1001 reads in 1.258 CPU sec, 0.168 real sec
[M::mem_process_seqs] Processed 1001 reads in 1.135 CPU sec, 0.154 real sec
646819 [main] INFO main.java.edu.mit.compbio.bisulfitehic.mapping.Bhmem  - Processing reads 1946000 ...
646819 [main] INFO main.java.edu.mit.compbio.bisulfitehic.mapping.Bhmem  - Unique mapped and paired reads 1928440 ...
646823 [main] INFO main.java.edu.mit.compbio.bisulfitehic.mapping.Bhmem  - Processing reads 1947000 ...
646823 [main] INFO main.java.edu.mit.compbio.bisulfitehic.mapping.Bhmem  - Unique mapped and paired reads 1928440 ...
[M::mem_process_seqs] Processed 1001 reads in 1.102 CPU sec, 0.141 real sec
[M::mem_process_seqs] Processed 1001 reads in 1.091 CPU sec, 0.139 real sec
[M::mem_process_seqs] Processed 1001 reads in 1.337 CPU sec, 0.169 real sec
[M::mem_process_seqs] Processed 1001 reads in 1.340 CPU sec, 0.172 real sec
647632 [main] INFO main.java.edu.mit.compbio.bisulfitehic.mapping.Bhmem  - Processing reads 1948000 ...
647632 [main] INFO main.java.edu.mit.compbio.bisulfitehic.mapping.Bhmem  - Unique mapped and paired reads 1930434 ...
647636 [main] INFO main.java.edu.mit.compbio.bisulfitehic.mapping.Bhmem  - Processing reads 1949000 ...
647636 [main] INFO main.java.edu.mit.compbio.bisulfitehic.mapping.Bhmem  - Unique mapped and paired reads 1930434 ...
[M::mem_process_seqs] Processed 1001 reads in 1.038 CPU sec, 0.136 real sec
[M::mem_process_seqs] Processed 1001 reads in 0.947 CPU sec, 0.123 real sec
[M::mem_process_seqs] Processed 1001 reads in 1.306 CPU sec, 0.168 real sec
[M::mem_process_seqs] Processed 1001 reads in 1.426 CPU sec, 0.183 real sec
648434 [main] INFO main.java.edu.mit.compbio.bisulfitehic.mapping.Bhmem  - Processing reads 1950000 ...
648434 [main] INFO main.java.edu.mit.compbio.bisulfitehic.mapping.Bhmem  - Unique mapped and paired reads 1932426 ...
648438 [main] INFO main.java.edu.mit.compbio.bisulfitehic.mapping.Bhmem  - Processing reads 1951000 ...
648438 [main] INFO main.java.edu.mit.compbio.bisulfitehic.mapping.Bhmem  - Unique mapped and paired reads 1932426 ...
[M::mem_process_seqs] Processed 1001 reads in 1.066 CPU sec, 0.138 real sec
[M::mem_process_seqs] Processed 1001 reads in 1.048 CPU sec, 0.133 real sec
[M::mem_process_seqs] Processed 1001 reads in 1.302 CPU sec, 0.164 real sec
[M::mem_process_seqs] Processed 1001 reads in 1.243 CPU sec, 0.157 real sec
649219 [main] INFO main.java.edu.mit.compbio.bisulfitehic.mapping.Bhmem  - Processing reads 1952000 ...
649219 [main] INFO main.java.edu.mit.compbio.bisulfitehic.mapping.Bhmem  - Unique mapped and paired reads 1934424 ...
649223 [main] INFO main.java.edu.mit.compbio.bisulfitehic.mapping.Bhmem  - Processing reads 1953000 ...
649223 [main] INFO main.java.edu.mit.compbio.bisulfitehic.mapping.Bhmem  - Unique mapped and paired reads 1934424 ...
[M::mem_process_seqs] Processed 911 reads in 0.966 CPU sec, 0.122 real sec
[M::mem_process_seqs] Processed 911 reads in 0.911 CPU sec, 0.116 real sec
[M::mem_process_seqs] Processed 911 reads in 1.179 CPU sec, 0.149 real sec
[M::mem_process_seqs] Processed 911 reads in 1.149 CPU sec, 0.150 real sec
649953 [main] INFO main.java.edu.mit.compbio.bisulfitehic.mapping.Bhmem  - 1953772 reads in total
649956 [main] INFO main.java.edu.mit.compbio.bisulfitehic.mapping.Bhmem  - Unique Mapped and paired 1936226 reads (99.10%)
649957 [main] INFO main.java.edu.mit.compbio.bisulfitehic.mapping.Bhmem  - Bhmem's running time is: 649.96 secs, 10.83 mins, 0.18 hours
