0 [main] INFO main.java.edu.mit.compbio.bisulfitehic.mapping.Bhmem  - Parsing input -enzymeList bed file ...
[M::bwa_idx_load_from_disk] read 0 ALT contigs
[M::bwa_idx_load_from_disk] read 0 ALT contigs
16003 [main] INFO main.java.edu.mit.compbio.bisulfitehic.mapping.Bhmem  - Processing reads 1000 ...
16003 [main] INFO main.java.edu.mit.compbio.bisulfitehic.mapping.Bhmem  - Unique mapped and paired reads 0 ...
16012 [main] INFO main.java.edu.mit.compbio.bisulfitehic.mapping.Bhmem  - Processing reads 2000 ...
16012 [main] INFO main.java.edu.mit.compbio.bisulfitehic.mapping.Bhmem  - Unique mapped and paired reads 0 ...
[M::mem_process_seqs] Processed 1001 reads in 0.920 CPU sec, 0.168 real sec
[M::mem_process_seqs] Processed 1001 reads in 0.932 CPU sec, 0.146 real sec
[M::mem_process_seqs] Processed 1001 reads in 0.964 CPU sec, 0.142 real sec
[M::mem_process_seqs] Processed 1001 reads in 0.978 CPU sec, 0.146 real sec
16955 [main] INFO main.java.edu.mit.compbio.bisulfitehic.mapping.Bhmem  - Processing reads 3000 ...
16955 [main] INFO main.java.edu.mit.compbio.bisulfitehic.mapping.Bhmem  - Unique mapped and paired reads 1992 ...
16959 [main] INFO main.java.edu.mit.compbio.bisulfitehic.mapping.Bhmem  - Processing reads 4000 ...
16959 [main] INFO main.java.edu.mit.compbio.bisulfitehic.mapping.Bhmem  - Unique mapped and paired reads 1992 ...
[M::mem_process_seqs] Processed 1001 reads in 1.049 CPU sec, 0.140 real sec
[M::mem_process_seqs] Processed 1001 reads in 0.893 CPU sec, 0.131 real sec
[M::mem_process_seqs] Processed 1001 reads in 0.997 CPU sec, 0.144 real sec
[M::mem_process_seqs] Processed 1001 reads in 0.948 CPU sec, 0.138 real sec
17738 [main] INFO main.java.edu.mit.compbio.bisulfitehic.mapping.Bhmem  - Processing reads 5000 ...
17738 [main] INFO main.java.edu.mit.compbio.bisulfitehic.mapping.Bhmem  - Unique mapped and paired reads 3984 ...
17741 [main] INFO main.java.edu.mit.compbio.bisulfitehic.mapping.Bhmem  - Processing reads 6000 ...
17741 [main] INFO main.java.edu.mit.compbio.bisulfitehic.mapping.Bhmem  - Unique mapped and paired reads 3984 ...
[M::mem_process_seqs] Processed 1001 reads in 1.239 CPU sec, 0.157 real sec
[M::mem_process_seqs] Processed 1001 reads in 1.002 CPU sec, 0.128 real sec
[M::mem_process_seqs] Processed 1001 reads in 1.155 CPU sec, 0.150 real sec
[M::mem_process_seqs] Processed 1001 reads in 0.996 CPU sec, 0.144 real sec
18451 [main] INFO main.java.edu.mit.compbio.bisulfitehic.mapping.Bhmem  - Processing reads 7000 ...
18452 [main] INFO main.java.edu.mit.compbio.bisulfitehic.mapping.Bhmem  - Unique mapped and paired reads 5978 ...
18455 [main] INFO main.java.edu.mit.compbio.bisulfitehic.mapping.Bhmem  - Processing reads 8000 ...
18455 [main] INFO main.java.edu.mit.compbio.bisulfitehic.mapping.Bhmem  - Unique mapped and paired reads 5978 ...
[M::mem_process_seqs] Processed 1001 reads in 1.162 CPU sec, 0.146 real sec
[M::mem_process_seqs] Processed 1001 reads in 1.062 CPU sec, 0.136 real sec
[M::mem_process_seqs] Processed 1001 reads in 1.127 CPU sec, 0.153 real sec
[M::mem_process_seqs] Processed 1001 reads in 0.974 CPU sec, 0.143 real sec
19155 [main] INFO main.java.edu.mit.compbio.bisulfitehic.mapping.Bhmem  - Processing reads 9000 ...
19155 [main] INFO main.java.edu.mit.compbio.bisulfitehic.mapping.Bhmem  - Unique mapped and paired reads 7962 ...
19158 [main] INFO main.java.edu.mit.compbio.bisulfitehic.mapping.Bhmem  - Processing reads 10000 ...
19158 [main] INFO main.java.edu.mit.compbio.bisulfitehic.mapping.Bhmem  - Unique mapped and paired reads 7962 ...
[M::mem_process_seqs] Processed 1001 reads in 1.112 CPU sec, 0.159 real sec
[M::mem_process_seqs] Processed 1001 reads in 1.011 CPU sec, 0.146 real sec
[M::mem_process_seqs] Processed 1001 reads in 1.086 CPU sec, 0.157 real sec
[M::mem_process_seqs] Processed 1001 reads in 1.014 CPU sec, 0.147 real sec
19888 [main] INFO main.java.edu.mit.compbio.bisulfitehic.mapping.Bhmem  - Processing reads 11000 ...
19888 [main] INFO main.java.edu.mit.compbio.bisulfitehic.mapping.Bhmem  - Unique mapped and paired reads 9950 ...
19893 [main] INFO main.java.edu.mit.compbio.bisulfitehic.mapping.Bhmem  - Processing reads 12000 ...
19893 [main] INFO main.java.edu.mit.compbio.bisulfitehic.mapping.Bhmem  - Unique mapped and paired reads 9950 ...
[M::mem_process_seqs] Processed 1001 reads in 0.997 CPU sec, 0.147 real sec
[M::mem_process_seqs] Processed 1001 reads in 0.912 CPU sec, 0.124 real sec
[M::mem_process_seqs] Processed 1001 reads in 1.083 CPU sec, 0.160 real sec
[M::mem_process_seqs] Processed 1001 reads in 1.125 CPU sec, 0.164 real sec
20607 [main] INFO main.java.edu.mit.compbio.bisulfitehic.mapping.Bhmem  - Processing reads 13000 ...
20607 [main] INFO main.java.edu.mit.compbio.bisulfitehic.mapping.Bhmem  - Unique mapped and paired reads 11936 ...
20610 [main] INFO main.java.edu.mit.compbio.bisulfitehic.mapping.Bhmem  - Processing reads 14000 ...
20610 [main] INFO main.java.edu.mit.compbio.bisulfitehic.mapping.Bhmem  - Unique mapped and paired reads 11936 ...
[M::mem_process_seqs] Processed 1001 reads in 1.001 CPU sec, 0.145 real sec
[M::mem_process_seqs] Processed 1001 reads in 0.938 CPU sec, 0.135 real sec
[M::mem_process_seqs] Processed 1001 reads in 0.975 CPU sec, 0.146 real sec
[M::mem_process_seqs] Processed 1001 reads in 1.063 CPU sec, 0.163 real sec
21344 [main] INFO main.java.edu.mit.compbio.bisulfitehic.mapping.Bhmem  - Processing reads 15000 ...
21344 [main] INFO main.java.edu.mit.compbio.bisulfitehic.mapping.Bhmem  - Unique mapped and paired reads 13918 ...
21347 [main] INFO main.java.edu.mit.compbio.bisulfitehic.mapping.Bhmem  - Processing reads 16000 ...
21347 [main] INFO main.java.edu.mit.compbio.bisulfitehic.mapping.Bhmem  - Unique mapped and paired reads 13918 ...
[M::mem_process_seqs] Processed 1001 reads in 1.065 CPU sec, 0.142 real sec
[M::mem_process_seqs] Processed 1001 reads in 0.910 CPU sec, 0.135 real sec
[M::mem_process_seqs] Processed 1001 reads in 0.992 CPU sec, 0.144 real sec
[M::mem_process_seqs] Processed 1001 reads in 1.078 CPU sec, 0.146 real sec
22035 [main] INFO main.java.edu.mit.compbio.bisulfitehic.mapping.Bhmem  - Processing reads 17000 ...
22035 [main] INFO main.java.edu.mit.compbio.bisulfitehic.mapping.Bhmem  - Unique mapped and paired reads 15910 ...
22038 [main] INFO main.java.edu.mit.compbio.bisulfitehic.mapping.Bhmem  - Processing reads 18000 ...
22038 [main] INFO main.java.edu.mit.compbio.bisulfitehic.mapping.Bhmem  - Unique mapped and paired reads 15910 ...
[M::mem_process_seqs] Processed 1001 reads in 1.048 CPU sec, 0.154 real sec
[M::mem_process_seqs] Processed 1001 reads in 0.939 CPU sec, 0.135 real sec
[M::mem_process_seqs] Processed 1001 reads in 1.200 CPU sec, 0.173 real sec
[M::mem_process_seqs] Processed 1001 reads in 0.947 CPU sec, 0.140 real sec
22767 [main] INFO main.java.edu.mit.compbio.bisulfitehic.mapping.Bhmem  - Processing reads 19000 ...
22767 [main] INFO main.java.edu.mit.compbio.bisulfitehic.mapping.Bhmem  - Unique mapped and paired reads 17902 ...
22770 [main] INFO main.java.edu.mit.compbio.bisulfitehic.mapping.Bhmem  - Processing reads 20000 ...
22770 [main] INFO main.java.edu.mit.compbio.bisulfitehic.mapping.Bhmem  - Unique mapped and paired reads 17902 ...
[M::mem_process_seqs] Processed 1001 reads in 1.044 CPU sec, 0.154 real sec
[M::mem_process_seqs] Processed 1001 reads in 1.019 CPU sec, 0.131 real sec
[M::mem_process_seqs] Processed 1001 reads in 1.039 CPU sec, 0.154 real sec
[M::mem_process_seqs] Processed 1001 reads in 0.966 CPU sec, 0.141 real sec
23465 [main] INFO main.java.edu.mit.compbio.bisulfitehic.mapping.Bhmem  - Processing reads 21000 ...
23466 [main] INFO main.java.edu.mit.compbio.bisulfitehic.mapping.Bhmem  - Unique mapped and paired reads 19892 ...
23468 [main] INFO main.java.edu.mit.compbio.bisulfitehic.mapping.Bhmem  - Processing reads 22000 ...
23469 [main] INFO main.java.edu.mit.compbio.bisulfitehic.mapping.Bhmem  - Unique mapped and paired reads 19892 ...
[M::mem_process_seqs] Processed 1001 reads in 1.035 CPU sec, 0.150 real sec
[M::mem_process_seqs] Processed 1001 reads in 0.905 CPU sec, 0.130 real sec
[M::mem_process_seqs] Processed 1001 reads in 0.977 CPU sec, 0.143 real sec
[M::mem_process_seqs] Processed 1001 reads in 0.981 CPU sec, 0.189 real sec
24219 [main] INFO main.java.edu.mit.compbio.bisulfitehic.mapping.Bhmem  - Processing reads 23000 ...
24219 [main] INFO main.java.edu.mit.compbio.bisulfitehic.mapping.Bhmem  - Unique mapped and paired reads 21886 ...
24222 [main] INFO main.java.edu.mit.compbio.bisulfitehic.mapping.Bhmem  - Processing reads 24000 ...
24222 [main] INFO main.java.edu.mit.compbio.bisulfitehic.mapping.Bhmem  - Unique mapped and paired reads 21886 ...
[M::mem_process_seqs] Processed 1001 reads in 1.386 CPU sec, 0.687 real sec
[M::mem_process_seqs] Processed 1001 reads in 0.986 CPU sec, 0.244 real sec
[M::mem_process_seqs] Processed 1001 reads in 0.990 CPU sec, 0.145 real sec
[M::mem_process_seqs] Processed 1001 reads in 0.875 CPU sec, 0.127 real sec
25548 [main] INFO main.java.edu.mit.compbio.bisulfitehic.mapping.Bhmem  - Processing reads 25000 ...
25548 [main] INFO main.java.edu.mit.compbio.bisulfitehic.mapping.Bhmem  - Unique mapped and paired reads 23882 ...
25551 [main] INFO main.java.edu.mit.compbio.bisulfitehic.mapping.Bhmem  - Processing reads 26000 ...
25551 [main] INFO main.java.edu.mit.compbio.bisulfitehic.mapping.Bhmem  - Unique mapped and paired reads 23882 ...
[M::mem_process_seqs] Processed 1001 reads in 1.031 CPU sec, 0.149 real sec
[M::mem_process_seqs] Processed 1001 reads in 0.975 CPU sec, 0.146 real sec
[M::mem_process_seqs] Processed 1001 reads in 1.026 CPU sec, 0.148 real sec
[M::mem_process_seqs] Processed 1001 reads in 0.943 CPU sec, 0.144 real sec
26253 [main] INFO main.java.edu.mit.compbio.bisulfitehic.mapping.Bhmem  - Processing reads 27000 ...
26253 [main] INFO main.java.edu.mit.compbio.bisulfitehic.mapping.Bhmem  - Unique mapped and paired reads 25880 ...
26256 [main] INFO main.java.edu.mit.compbio.bisulfitehic.mapping.Bhmem  - Processing reads 28000 ...
26256 [main] INFO main.java.edu.mit.compbio.bisulfitehic.mapping.Bhmem  - Unique mapped and paired reads 25880 ...
[M::mem_process_seqs] Processed 1001 reads in 0.974 CPU sec, 0.140 real sec
[M::mem_process_seqs] Processed 1001 reads in 0.897 CPU sec, 0.133 real sec
[M::mem_process_seqs] Processed 1001 reads in 0.978 CPU sec, 0.147 real sec
[M::mem_process_seqs] Processed 1001 reads in 0.997 CPU sec, 0.149 real sec
26944 [main] INFO main.java.edu.mit.compbio.bisulfitehic.mapping.Bhmem  - Processing reads 29000 ...
26944 [main] INFO main.java.edu.mit.compbio.bisulfitehic.mapping.Bhmem  - Unique mapped and paired reads 27876 ...
26947 [main] INFO main.java.edu.mit.compbio.bisulfitehic.mapping.Bhmem  - Processing reads 30000 ...
26947 [main] INFO main.java.edu.mit.compbio.bisulfitehic.mapping.Bhmem  - Unique mapped and paired reads 27876 ...
[M::mem_process_seqs] Processed 1001 reads in 1.044 CPU sec, 0.154 real sec
[M::mem_process_seqs] Processed 1001 reads in 0.886 CPU sec, 0.131 real sec
[M::mem_process_seqs] Processed 1001 reads in 0.961 CPU sec, 0.147 real sec
[M::mem_process_seqs] Processed 1001 reads in 0.950 CPU sec, 0.137 real sec
27632 [main] INFO main.java.edu.mit.compbio.bisulfitehic.mapping.Bhmem  - Processing reads 31000 ...
27632 [main] INFO main.java.edu.mit.compbio.bisulfitehic.mapping.Bhmem  - Unique mapped and paired reads 29868 ...
27635 [main] INFO main.java.edu.mit.compbio.bisulfitehic.mapping.Bhmem  - Processing reads 32000 ...
27635 [main] INFO main.java.edu.mit.compbio.bisulfitehic.mapping.Bhmem  - Unique mapped and paired reads 29868 ...
[M::mem_process_seqs] Processed 1001 reads in 0.895 CPU sec, 0.130 real sec
[M::mem_process_seqs] Processed 1001 reads in 0.829 CPU sec, 0.127 real sec
[M::mem_process_seqs] Processed 1001 reads in 0.877 CPU sec, 0.127 real sec
[M::mem_process_seqs] Processed 1001 reads in 0.879 CPU sec, 0.128 real sec
28263 [main] INFO main.java.edu.mit.compbio.bisulfitehic.mapping.Bhmem  - Processing reads 33000 ...
28263 [main] INFO main.java.edu.mit.compbio.bisulfitehic.mapping.Bhmem  - Unique mapped and paired reads 31858 ...
28266 [main] INFO main.java.edu.mit.compbio.bisulfitehic.mapping.Bhmem  - Processing reads 34000 ...
28266 [main] INFO main.java.edu.mit.compbio.bisulfitehic.mapping.Bhmem  - Unique mapped and paired reads 31858 ...
[M::mem_process_seqs] Processed 1001 reads in 0.961 CPU sec, 0.140 real sec
[M::mem_process_seqs] Processed 1001 reads in 0.833 CPU sec, 0.120 real sec
[M::mem_process_seqs] Processed 1001 reads in 0.973 CPU sec, 0.149 real sec
[M::mem_process_seqs] Processed 1001 reads in 0.929 CPU sec, 0.137 real sec
28924 [main] INFO main.java.edu.mit.compbio.bisulfitehic.mapping.Bhmem  - Processing reads 35000 ...
28924 [main] INFO main.java.edu.mit.compbio.bisulfitehic.mapping.Bhmem  - Unique mapped and paired reads 33852 ...
28927 [main] INFO main.java.edu.mit.compbio.bisulfitehic.mapping.Bhmem  - Processing reads 36000 ...
28927 [main] INFO main.java.edu.mit.compbio.bisulfitehic.mapping.Bhmem  - Unique mapped and paired reads 33852 ...
[M::mem_process_seqs] Processed 1001 reads in 0.929 CPU sec, 0.135 real sec
[M::mem_process_seqs] Processed 1001 reads in 0.899 CPU sec, 0.132 real sec
[M::mem_process_seqs] Processed 1001 reads in 0.996 CPU sec, 0.140 real sec
[M::mem_process_seqs] Processed 1001 reads in 1.064 CPU sec, 0.152 real sec
29607 [main] INFO main.java.edu.mit.compbio.bisulfitehic.mapping.Bhmem  - Processing reads 37000 ...
29607 [main] INFO main.java.edu.mit.compbio.bisulfitehic.mapping.Bhmem  - Unique mapped and paired reads 35836 ...
29610 [main] INFO main.java.edu.mit.compbio.bisulfitehic.mapping.Bhmem  - Processing reads 38000 ...
29610 [main] INFO main.java.edu.mit.compbio.bisulfitehic.mapping.Bhmem  - Unique mapped and paired reads 35836 ...
[M::mem_process_seqs] Processed 1001 reads in 0.939 CPU sec, 0.139 real sec
[M::mem_process_seqs] Processed 1001 reads in 0.847 CPU sec, 0.114 real sec
[M::mem_process_seqs] Processed 1001 reads in 0.982 CPU sec, 0.127 real sec
[M::mem_process_seqs] Processed 1001 reads in 0.938 CPU sec, 0.137 real sec
30246 [main] INFO main.java.edu.mit.compbio.bisulfitehic.mapping.Bhmem  - Processing reads 39000 ...
30246 [main] INFO main.java.edu.mit.compbio.bisulfitehic.mapping.Bhmem  - Unique mapped and paired reads 37828 ...
30249 [main] INFO main.java.edu.mit.compbio.bisulfitehic.mapping.Bhmem  - Processing reads 40000 ...
30249 [main] INFO main.java.edu.mit.compbio.bisulfitehic.mapping.Bhmem  - Unique mapped and paired reads 37828 ...
[M::mem_process_seqs] Processed 1001 reads in 0.982 CPU sec, 0.137 real sec
[M::mem_process_seqs] Processed 1001 reads in 0.923 CPU sec, 0.124 real sec
[M::mem_process_seqs] Processed 1001 reads in 1.102 CPU sec, 0.140 real sec
[M::mem_process_seqs] Processed 1001 reads in 1.056 CPU sec, 0.134 real sec
30906 [main] INFO main.java.edu.mit.compbio.bisulfitehic.mapping.Bhmem  - Processing reads 41000 ...
30906 [main] INFO main.java.edu.mit.compbio.bisulfitehic.mapping.Bhmem  - Unique mapped and paired reads 39824 ...
30909 [main] INFO main.java.edu.mit.compbio.bisulfitehic.mapping.Bhmem  - Processing reads 42000 ...
30909 [main] INFO main.java.edu.mit.compbio.bisulfitehic.mapping.Bhmem  - Unique mapped and paired reads 39824 ...
[M::mem_process_seqs] Processed 1001 reads in 0.975 CPU sec, 0.128 real sec
[M::mem_process_seqs] Processed 1001 reads in 0.798 CPU sec, 0.103 real sec
[M::mem_process_seqs] Processed 1001 reads in 1.089 CPU sec, 0.144 real sec
[M::mem_process_seqs] Processed 1001 reads in 0.970 CPU sec, 0.128 real sec
31538 [main] INFO main.java.edu.mit.compbio.bisulfitehic.mapping.Bhmem  - Processing reads 43000 ...
31538 [main] INFO main.java.edu.mit.compbio.bisulfitehic.mapping.Bhmem  - Unique mapped and paired reads 41820 ...
31541 [main] INFO main.java.edu.mit.compbio.bisulfitehic.mapping.Bhmem  - Processing reads 44000 ...
31541 [main] INFO main.java.edu.mit.compbio.bisulfitehic.mapping.Bhmem  - Unique mapped and paired reads 41820 ...
[M::mem_process_seqs] Processed 1001 reads in 1.038 CPU sec, 0.135 real sec
[M::mem_process_seqs] Processed 1001 reads in 1.038 CPU sec, 0.137 real sec
[M::mem_process_seqs] Processed 1001 reads in 1.096 CPU sec, 0.141 real sec
[M::mem_process_seqs] Processed 1001 reads in 1.197 CPU sec, 0.152 real sec
32225 [main] INFO main.java.edu.mit.compbio.bisulfitehic.mapping.Bhmem  - Processing reads 45000 ...
32225 [main] INFO main.java.edu.mit.compbio.bisulfitehic.mapping.Bhmem  - Unique mapped and paired reads 43814 ...
32228 [main] INFO main.java.edu.mit.compbio.bisulfitehic.mapping.Bhmem  - Processing reads 46000 ...
32228 [main] INFO main.java.edu.mit.compbio.bisulfitehic.mapping.Bhmem  - Unique mapped and paired reads 43814 ...
[M::mem_process_seqs] Processed 1001 reads in 1.027 CPU sec, 0.133 real sec
[M::mem_process_seqs] Processed 1001 reads in 0.897 CPU sec, 0.118 real sec
[M::mem_process_seqs] Processed 1001 reads in 0.962 CPU sec, 0.122 real sec
[M::mem_process_seqs] Processed 1001 reads in 0.953 CPU sec, 0.128 real sec
32849 [main] INFO main.java.edu.mit.compbio.bisulfitehic.mapping.Bhmem  - Processing reads 47000 ...
32849 [main] INFO main.java.edu.mit.compbio.bisulfitehic.mapping.Bhmem  - Unique mapped and paired reads 45802 ...
32852 [main] INFO main.java.edu.mit.compbio.bisulfitehic.mapping.Bhmem  - Processing reads 48000 ...
32852 [main] INFO main.java.edu.mit.compbio.bisulfitehic.mapping.Bhmem  - Unique mapped and paired reads 45802 ...
[M::mem_process_seqs] Processed 1001 reads in 1.073 CPU sec, 0.154 real sec
[M::mem_process_seqs] Processed 1001 reads in 1.045 CPU sec, 0.136 real sec
[M::mem_process_seqs] Processed 1001 reads in 1.059 CPU sec, 0.139 real sec
[M::mem_process_seqs] Processed 1001 reads in 1.081 CPU sec, 0.137 real sec
33544 [main] INFO main.java.edu.mit.compbio.bisulfitehic.mapping.Bhmem  - Processing reads 49000 ...
33544 [main] INFO main.java.edu.mit.compbio.bisulfitehic.mapping.Bhmem  - Unique mapped and paired reads 47796 ...
33547 [main] INFO main.java.edu.mit.compbio.bisulfitehic.mapping.Bhmem  - Processing reads 50000 ...
33547 [main] INFO main.java.edu.mit.compbio.bisulfitehic.mapping.Bhmem  - Unique mapped and paired reads 47796 ...
[M::mem_process_seqs] Processed 1001 reads in 1.206 CPU sec, 0.154 real sec
[M::mem_process_seqs] Processed 1001 reads in 1.225 CPU sec, 0.155 real sec
[M::mem_process_seqs] Processed 1001 reads in 1.171 CPU sec, 0.160 real sec
[M::mem_process_seqs] Processed 1001 reads in 1.207 CPU sec, 0.155 real sec
34299 [main] INFO main.java.edu.mit.compbio.bisulfitehic.mapping.Bhmem  - Processing reads 51000 ...
34299 [main] INFO main.java.edu.mit.compbio.bisulfitehic.mapping.Bhmem  - Unique mapped and paired reads 49796 ...
34302 [main] INFO main.java.edu.mit.compbio.bisulfitehic.mapping.Bhmem  - Processing reads 52000 ...
34302 [main] INFO main.java.edu.mit.compbio.bisulfitehic.mapping.Bhmem  - Unique mapped and paired reads 49796 ...
[M::mem_process_seqs] Processed 1001 reads in 1.099 CPU sec, 0.149 real sec
[M::mem_process_seqs] Processed 1001 reads in 0.997 CPU sec, 0.127 real sec
[M::mem_process_seqs] Processed 1001 reads in 1.304 CPU sec, 0.165 real sec
[M::mem_process_seqs] Processed 1001 reads in 1.189 CPU sec, 0.150 real sec
35013 [main] INFO main.java.edu.mit.compbio.bisulfitehic.mapping.Bhmem  - Processing reads 53000 ...
35013 [main] INFO main.java.edu.mit.compbio.bisulfitehic.mapping.Bhmem  - Unique mapped and paired reads 51790 ...
35016 [main] INFO main.java.edu.mit.compbio.bisulfitehic.mapping.Bhmem  - Processing reads 54000 ...
35016 [main] INFO main.java.edu.mit.compbio.bisulfitehic.mapping.Bhmem  - Unique mapped and paired reads 51790 ...
[M::mem_process_seqs] Processed 1001 reads in 0.963 CPU sec, 0.131 real sec
[M::mem_process_seqs] Processed 1001 reads in 0.931 CPU sec, 0.125 real sec
[M::mem_process_seqs] Processed 1001 reads in 1.065 CPU sec, 0.139 real sec
[M::mem_process_seqs] Processed 1001 reads in 1.035 CPU sec, 0.132 real sec
35657 [main] INFO main.java.edu.mit.compbio.bisulfitehic.mapping.Bhmem  - Processing reads 55000 ...
35657 [main] INFO main.java.edu.mit.compbio.bisulfitehic.mapping.Bhmem  - Unique mapped and paired reads 53778 ...
35660 [main] INFO main.java.edu.mit.compbio.bisulfitehic.mapping.Bhmem  - Processing reads 56000 ...
35660 [main] INFO main.java.edu.mit.compbio.bisulfitehic.mapping.Bhmem  - Unique mapped and paired reads 53778 ...
[M::mem_process_seqs] Processed 1001 reads in 1.040 CPU sec, 0.138 real sec
[M::mem_process_seqs] Processed 1001 reads in 0.942 CPU sec, 0.124 real sec
[M::mem_process_seqs] Processed 1001 reads in 1.139 CPU sec, 0.144 real sec
[M::mem_process_seqs] Processed 1001 reads in 1.138 CPU sec, 0.145 real sec
36336 [main] INFO main.java.edu.mit.compbio.bisulfitehic.mapping.Bhmem  - Processing reads 57000 ...
36336 [main] INFO main.java.edu.mit.compbio.bisulfitehic.mapping.Bhmem  - Unique mapped and paired reads 55768 ...
36339 [main] INFO main.java.edu.mit.compbio.bisulfitehic.mapping.Bhmem  - Processing reads 58000 ...
36339 [main] INFO main.java.edu.mit.compbio.bisulfitehic.mapping.Bhmem  - Unique mapped and paired reads 55768 ...
[M::mem_process_seqs] Processed 1001 reads in 1.026 CPU sec, 0.143 real sec
[M::mem_process_seqs] Processed 1001 reads in 0.912 CPU sec, 0.119 real sec
[M::mem_process_seqs] Processed 1001 reads in 1.230 CPU sec, 0.316 real sec
[M::mem_process_seqs] Processed 1001 reads in 1.033 CPU sec, 0.133 real sec
37166 [main] INFO main.java.edu.mit.compbio.bisulfitehic.mapping.Bhmem  - Processing reads 59000 ...
37166 [main] INFO main.java.edu.mit.compbio.bisulfitehic.mapping.Bhmem  - Unique mapped and paired reads 57758 ...
37169 [main] INFO main.java.edu.mit.compbio.bisulfitehic.mapping.Bhmem  - Processing reads 60000 ...
37169 [main] INFO main.java.edu.mit.compbio.bisulfitehic.mapping.Bhmem  - Unique mapped and paired reads 57758 ...
[M::mem_process_seqs] Processed 1001 reads in 1.091 CPU sec, 0.138 real sec
[M::mem_process_seqs] Processed 1001 reads in 1.042 CPU sec, 0.132 real sec
[M::mem_process_seqs] Processed 1001 reads in 1.037 CPU sec, 0.135 real sec
[M::mem_process_seqs] Processed 1001 reads in 0.942 CPU sec, 0.120 real sec
37812 [main] INFO main.java.edu.mit.compbio.bisulfitehic.mapping.Bhmem  - Processing reads 61000 ...
37812 [main] INFO main.java.edu.mit.compbio.bisulfitehic.mapping.Bhmem  - Unique mapped and paired reads 59754 ...
37815 [main] INFO main.java.edu.mit.compbio.bisulfitehic.mapping.Bhmem  - Processing reads 62000 ...
37815 [main] INFO main.java.edu.mit.compbio.bisulfitehic.mapping.Bhmem  - Unique mapped and paired reads 59754 ...
[M::mem_process_seqs] Processed 1001 reads in 0.922 CPU sec, 0.132 real sec
[M::mem_process_seqs] Processed 1001 reads in 0.890 CPU sec, 0.117 real sec
[M::mem_process_seqs] Processed 1001 reads in 0.986 CPU sec, 0.134 real sec
[M::mem_process_seqs] Processed 1001 reads in 1.004 CPU sec, 0.128 real sec
38442 [main] INFO main.java.edu.mit.compbio.bisulfitehic.mapping.Bhmem  - Processing reads 63000 ...
38442 [main] INFO main.java.edu.mit.compbio.bisulfitehic.mapping.Bhmem  - Unique mapped and paired reads 61740 ...
38445 [main] INFO main.java.edu.mit.compbio.bisulfitehic.mapping.Bhmem  - Processing reads 64000 ...
38445 [main] INFO main.java.edu.mit.compbio.bisulfitehic.mapping.Bhmem  - Unique mapped and paired reads 61740 ...
[M::mem_process_seqs] Processed 1001 reads in 0.935 CPU sec, 0.123 real sec
[M::mem_process_seqs] Processed 1001 reads in 0.849 CPU sec, 0.111 real sec
[M::mem_process_seqs] Processed 1001 reads in 0.915 CPU sec, 0.117 real sec
[M::mem_process_seqs] Processed 1001 reads in 0.870 CPU sec, 0.111 real sec
39020 [main] INFO main.java.edu.mit.compbio.bisulfitehic.mapping.Bhmem  - Processing reads 65000 ...
39020 [main] INFO main.java.edu.mit.compbio.bisulfitehic.mapping.Bhmem  - Unique mapped and paired reads 63728 ...
39024 [main] INFO main.java.edu.mit.compbio.bisulfitehic.mapping.Bhmem  - Processing reads 66000 ...
39024 [main] INFO main.java.edu.mit.compbio.bisulfitehic.mapping.Bhmem  - Unique mapped and paired reads 63728 ...
[M::mem_process_seqs] Processed 1001 reads in 0.938 CPU sec, 0.124 real sec
[M::mem_process_seqs] Processed 1001 reads in 0.862 CPU sec, 0.114 real sec
[M::mem_process_seqs] Processed 1001 reads in 0.919 CPU sec, 0.116 real sec
[M::mem_process_seqs] Processed 1001 reads in 0.944 CPU sec, 0.121 real sec
39618 [main] INFO main.java.edu.mit.compbio.bisulfitehic.mapping.Bhmem  - Processing reads 67000 ...
39618 [main] INFO main.java.edu.mit.compbio.bisulfitehic.mapping.Bhmem  - Unique mapped and paired reads 65714 ...
39621 [main] INFO main.java.edu.mit.compbio.bisulfitehic.mapping.Bhmem  - Processing reads 68000 ...
39621 [main] INFO main.java.edu.mit.compbio.bisulfitehic.mapping.Bhmem  - Unique mapped and paired reads 65714 ...
[M::mem_process_seqs] Processed 1001 reads in 0.943 CPU sec, 0.120 real sec
[M::mem_process_seqs] Processed 1001 reads in 0.885 CPU sec, 0.131 real sec
[M::mem_process_seqs] Processed 1001 reads in 1.006 CPU sec, 0.138 real sec
[M::mem_process_seqs] Processed 1001 reads in 1.024 CPU sec, 0.136 real sec
40261 [main] INFO main.java.edu.mit.compbio.bisulfitehic.mapping.Bhmem  - Processing reads 69000 ...
40261 [main] INFO main.java.edu.mit.compbio.bisulfitehic.mapping.Bhmem  - Unique mapped and paired reads 67708 ...
40264 [main] INFO main.java.edu.mit.compbio.bisulfitehic.mapping.Bhmem  - Processing reads 70000 ...
40264 [main] INFO main.java.edu.mit.compbio.bisulfitehic.mapping.Bhmem  - Unique mapped and paired reads 67708 ...
[M::mem_process_seqs] Processed 1001 reads in 0.916 CPU sec, 0.135 real sec
[M::mem_process_seqs] Processed 1001 reads in 0.887 CPU sec, 0.113 real sec
[M::mem_process_seqs] Processed 1001 reads in 1.087 CPU sec, 0.157 real sec
[M::mem_process_seqs] Processed 1001 reads in 1.007 CPU sec, 0.135 real sec
40920 [main] INFO main.java.edu.mit.compbio.bisulfitehic.mapping.Bhmem  - Processing reads 71000 ...
40920 [main] INFO main.java.edu.mit.compbio.bisulfitehic.mapping.Bhmem  - Unique mapped and paired reads 69700 ...
40923 [main] INFO main.java.edu.mit.compbio.bisulfitehic.mapping.Bhmem  - Processing reads 72000 ...
40923 [main] INFO main.java.edu.mit.compbio.bisulfitehic.mapping.Bhmem  - Unique mapped and paired reads 69700 ...
[M::mem_process_seqs] Processed 1001 reads in 0.980 CPU sec, 0.135 real sec
[M::mem_process_seqs] Processed 1001 reads in 0.894 CPU sec, 0.116 real sec
[M::mem_process_seqs] Processed 1001 reads in 1.093 CPU sec, 0.149 real sec
[M::mem_process_seqs] Processed 1001 reads in 1.084 CPU sec, 0.160 real sec
41619 [main] INFO main.java.edu.mit.compbio.bisulfitehic.mapping.Bhmem  - Processing reads 73000 ...
41619 [main] INFO main.java.edu.mit.compbio.bisulfitehic.mapping.Bhmem  - Unique mapped and paired reads 71694 ...
41622 [main] INFO main.java.edu.mit.compbio.bisulfitehic.mapping.Bhmem  - Processing reads 74000 ...
41622 [main] INFO main.java.edu.mit.compbio.bisulfitehic.mapping.Bhmem  - Unique mapped and paired reads 71694 ...
[M::mem_process_seqs] Processed 1001 reads in 1.013 CPU sec, 0.130 real sec
[M::mem_process_seqs] Processed 1001 reads in 0.850 CPU sec, 0.123 real sec
[M::mem_process_seqs] Processed 1001 reads in 1.017 CPU sec, 0.145 real sec
[M::mem_process_seqs] Processed 1001 reads in 1.020 CPU sec, 0.133 real sec
42274 [main] INFO main.java.edu.mit.compbio.bisulfitehic.mapping.Bhmem  - Processing reads 75000 ...
42274 [main] INFO main.java.edu.mit.compbio.bisulfitehic.mapping.Bhmem  - Unique mapped and paired reads 73682 ...
42277 [main] INFO main.java.edu.mit.compbio.bisulfitehic.mapping.Bhmem  - Processing reads 76000 ...
42277 [main] INFO main.java.edu.mit.compbio.bisulfitehic.mapping.Bhmem  - Unique mapped and paired reads 73682 ...
[M::mem_process_seqs] Processed 1001 reads in 1.013 CPU sec, 0.131 real sec
[M::mem_process_seqs] Processed 1001 reads in 0.872 CPU sec, 0.123 real sec
[M::mem_process_seqs] Processed 1001 reads in 1.112 CPU sec, 0.145 real sec
[M::mem_process_seqs] Processed 1001 reads in 1.077 CPU sec, 0.147 real sec
42940 [main] INFO main.java.edu.mit.compbio.bisulfitehic.mapping.Bhmem  - Processing reads 77000 ...
42940 [main] INFO main.java.edu.mit.compbio.bisulfitehic.mapping.Bhmem  - Unique mapped and paired reads 75674 ...
42945 [main] INFO main.java.edu.mit.compbio.bisulfitehic.mapping.Bhmem  - Processing reads 78000 ...
42945 [main] INFO main.java.edu.mit.compbio.bisulfitehic.mapping.Bhmem  - Unique mapped and paired reads 75674 ...
[M::mem_process_seqs] Processed 1001 reads in 1.021 CPU sec, 0.141 real sec
[M::mem_process_seqs] Processed 1001 reads in 0.900 CPU sec, 0.122 real sec
[M::mem_process_seqs] Processed 1001 reads in 1.007 CPU sec, 0.127 real sec
[M::mem_process_seqs] Processed 1001 reads in 0.984 CPU sec, 0.124 real sec
43578 [main] INFO main.java.edu.mit.compbio.bisulfitehic.mapping.Bhmem  - Processing reads 79000 ...
43578 [main] INFO main.java.edu.mit.compbio.bisulfitehic.mapping.Bhmem  - Unique mapped and paired reads 77664 ...
43581 [main] INFO main.java.edu.mit.compbio.bisulfitehic.mapping.Bhmem  - Processing reads 80000 ...
43581 [main] INFO main.java.edu.mit.compbio.bisulfitehic.mapping.Bhmem  - Unique mapped and paired reads 77664 ...
[M::mem_process_seqs] Processed 1001 reads in 0.975 CPU sec, 0.129 real sec
[M::mem_process_seqs] Processed 1001 reads in 0.944 CPU sec, 0.121 real sec
[M::mem_process_seqs] Processed 1001 reads in 1.113 CPU sec, 0.143 real sec
[M::mem_process_seqs] Processed 1001 reads in 1.045 CPU sec, 0.133 real sec
44225 [main] INFO main.java.edu.mit.compbio.bisulfitehic.mapping.Bhmem  - Processing reads 81000 ...
44225 [main] INFO main.java.edu.mit.compbio.bisulfitehic.mapping.Bhmem  - Unique mapped and paired reads 79652 ...
44228 [main] INFO main.java.edu.mit.compbio.bisulfitehic.mapping.Bhmem  - Processing reads 82000 ...
44228 [main] INFO main.java.edu.mit.compbio.bisulfitehic.mapping.Bhmem  - Unique mapped and paired reads 79652 ...
[M::mem_process_seqs] Processed 1001 reads in 0.993 CPU sec, 0.140 real sec
[M::mem_process_seqs] Processed 1001 reads in 0.955 CPU sec, 0.120 real sec
[M::mem_process_seqs] Processed 1001 reads in 1.107 CPU sec, 0.141 real sec
[M::mem_process_seqs] Processed 1001 reads in 1.135 CPU sec, 0.149 real sec
44903 [main] INFO main.java.edu.mit.compbio.bisulfitehic.mapping.Bhmem  - Processing reads 83000 ...
44903 [main] INFO main.java.edu.mit.compbio.bisulfitehic.mapping.Bhmem  - Unique mapped and paired reads 81642 ...
44906 [main] INFO main.java.edu.mit.compbio.bisulfitehic.mapping.Bhmem  - Processing reads 84000 ...
44906 [main] INFO main.java.edu.mit.compbio.bisulfitehic.mapping.Bhmem  - Unique mapped and paired reads 81642 ...
[M::mem_process_seqs] Processed 1001 reads in 0.828 CPU sec, 0.116 real sec
[M::mem_process_seqs] Processed 1001 reads in 0.858 CPU sec, 0.119 real sec
[M::mem_process_seqs] Processed 1001 reads in 0.969 CPU sec, 0.127 real sec
[M::mem_process_seqs] Processed 1001 reads in 0.931 CPU sec, 0.118 real sec
45503 [main] INFO main.java.edu.mit.compbio.bisulfitehic.mapping.Bhmem  - Processing reads 85000 ...
45503 [main] INFO main.java.edu.mit.compbio.bisulfitehic.mapping.Bhmem  - Unique mapped and paired reads 83626 ...
45506 [main] INFO main.java.edu.mit.compbio.bisulfitehic.mapping.Bhmem  - Processing reads 86000 ...
45506 [main] INFO main.java.edu.mit.compbio.bisulfitehic.mapping.Bhmem  - Unique mapped and paired reads 83626 ...
[M::mem_process_seqs] Processed 1001 reads in 1.002 CPU sec, 0.139 real sec
[M::mem_process_seqs] Processed 1001 reads in 0.927 CPU sec, 0.119 real sec
[M::mem_process_seqs] Processed 1001 reads in 1.122 CPU sec, 0.146 real sec
[M::mem_process_seqs] Processed 1001 reads in 1.125 CPU sec, 0.151 real sec
46185 [main] INFO main.java.edu.mit.compbio.bisulfitehic.mapping.Bhmem  - Processing reads 87000 ...
46185 [main] INFO main.java.edu.mit.compbio.bisulfitehic.mapping.Bhmem  - Unique mapped and paired reads 85620 ...
46188 [main] INFO main.java.edu.mit.compbio.bisulfitehic.mapping.Bhmem  - Processing reads 88000 ...
46188 [main] INFO main.java.edu.mit.compbio.bisulfitehic.mapping.Bhmem  - Unique mapped and paired reads 85620 ...
[M::mem_process_seqs] Processed 1001 reads in 0.926 CPU sec, 0.142 real sec
[M::mem_process_seqs] Processed 1001 reads in 0.964 CPU sec, 0.128 real sec
[M::mem_process_seqs] Processed 1001 reads in 1.084 CPU sec, 0.157 real sec
[M::mem_process_seqs] Processed 1001 reads in 1.199 CPU sec, 0.527 real sec
47263 [main] INFO main.java.edu.mit.compbio.bisulfitehic.mapping.Bhmem  - Processing reads 89000 ...
47263 [main] INFO main.java.edu.mit.compbio.bisulfitehic.mapping.Bhmem  - Unique mapped and paired reads 87608 ...
47266 [main] INFO main.java.edu.mit.compbio.bisulfitehic.mapping.Bhmem  - Processing reads 90000 ...
47266 [main] INFO main.java.edu.mit.compbio.bisulfitehic.mapping.Bhmem  - Unique mapped and paired reads 87608 ...
[M::mem_process_seqs] Processed 1001 reads in 0.921 CPU sec, 0.127 real sec
[M::mem_process_seqs] Processed 1001 reads in 0.896 CPU sec, 0.117 real sec
[M::mem_process_seqs] Processed 1001 reads in 0.963 CPU sec, 0.126 real sec
[M::mem_process_seqs] Processed 1001 reads in 1.039 CPU sec, 0.136 real sec
47891 [main] INFO main.java.edu.mit.compbio.bisulfitehic.mapping.Bhmem  - Processing reads 91000 ...
47891 [main] INFO main.java.edu.mit.compbio.bisulfitehic.mapping.Bhmem  - Unique mapped and paired reads 89600 ...
47894 [main] INFO main.java.edu.mit.compbio.bisulfitehic.mapping.Bhmem  - Processing reads 92000 ...
47894 [main] INFO main.java.edu.mit.compbio.bisulfitehic.mapping.Bhmem  - Unique mapped and paired reads 89600 ...
[M::mem_process_seqs] Processed 1001 reads in 0.965 CPU sec, 0.134 real sec
[M::mem_process_seqs] Processed 1001 reads in 0.860 CPU sec, 0.110 real sec
[M::mem_process_seqs] Processed 1001 reads in 1.030 CPU sec, 0.131 real sec
[M::mem_process_seqs] Processed 1001 reads in 0.964 CPU sec, 0.127 real sec
48506 [main] INFO main.java.edu.mit.compbio.bisulfitehic.mapping.Bhmem  - Processing reads 93000 ...
48506 [main] INFO main.java.edu.mit.compbio.bisulfitehic.mapping.Bhmem  - Unique mapped and paired reads 91582 ...
48509 [main] INFO main.java.edu.mit.compbio.bisulfitehic.mapping.Bhmem  - Processing reads 94000 ...
48509 [main] INFO main.java.edu.mit.compbio.bisulfitehic.mapping.Bhmem  - Unique mapped and paired reads 91582 ...
[M::mem_process_seqs] Processed 1001 reads in 0.871 CPU sec, 0.129 real sec
[M::mem_process_seqs] Processed 1001 reads in 0.884 CPU sec, 0.112 real sec
[M::mem_process_seqs] Processed 1001 reads in 1.011 CPU sec, 0.134 real sec
[M::mem_process_seqs] Processed 1001 reads in 1.008 CPU sec, 0.129 real sec
49128 [main] INFO main.java.edu.mit.compbio.bisulfitehic.mapping.Bhmem  - Processing reads 95000 ...
49128 [main] INFO main.java.edu.mit.compbio.bisulfitehic.mapping.Bhmem  - Unique mapped and paired reads 93580 ...
49131 [main] INFO main.java.edu.mit.compbio.bisulfitehic.mapping.Bhmem  - Processing reads 96000 ...
49131 [main] INFO main.java.edu.mit.compbio.bisulfitehic.mapping.Bhmem  - Unique mapped and paired reads 93580 ...
[M::mem_process_seqs] Processed 1001 reads in 0.941 CPU sec, 0.120 real sec
[M::mem_process_seqs] Processed 1001 reads in 0.823 CPU sec, 0.106 real sec
[M::mem_process_seqs] Processed 1001 reads in 0.972 CPU sec, 0.127 real sec
[M::mem_process_seqs] Processed 1001 reads in 0.989 CPU sec, 0.133 real sec
49727 [main] INFO main.java.edu.mit.compbio.bisulfitehic.mapping.Bhmem  - Processing reads 97000 ...
49727 [main] INFO main.java.edu.mit.compbio.bisulfitehic.mapping.Bhmem  - Unique mapped and paired reads 95574 ...
49730 [main] INFO main.java.edu.mit.compbio.bisulfitehic.mapping.Bhmem  - Processing reads 98000 ...
49730 [main] INFO main.java.edu.mit.compbio.bisulfitehic.mapping.Bhmem  - Unique mapped and paired reads 95574 ...
[M::mem_process_seqs] Processed 1001 reads in 0.892 CPU sec, 0.130 real sec
[M::mem_process_seqs] Processed 1001 reads in 0.876 CPU sec, 0.115 real sec
[M::mem_process_seqs] Processed 1001 reads in 1.054 CPU sec, 0.136 real sec
[M::mem_process_seqs] Processed 1001 reads in 0.996 CPU sec, 0.127 real sec
50355 [main] INFO main.java.edu.mit.compbio.bisulfitehic.mapping.Bhmem  - Processing reads 99000 ...
50355 [main] INFO main.java.edu.mit.compbio.bisulfitehic.mapping.Bhmem  - Unique mapped and paired reads 97558 ...
50358 [main] INFO main.java.edu.mit.compbio.bisulfitehic.mapping.Bhmem  - Processing reads 100000 ...
50358 [main] INFO main.java.edu.mit.compbio.bisulfitehic.mapping.Bhmem  - Unique mapped and paired reads 97558 ...
[M::mem_process_seqs] Processed 1001 reads in 0.904 CPU sec, 0.127 real sec
[M::mem_process_seqs] Processed 1001 reads in 0.928 CPU sec, 0.119 real sec
[M::mem_process_seqs] Processed 1001 reads in 1.023 CPU sec, 0.140 real sec
[M::mem_process_seqs] Processed 1001 reads in 1.073 CPU sec, 0.140 real sec
51007 [main] INFO main.java.edu.mit.compbio.bisulfitehic.mapping.Bhmem  - Processing reads 101000 ...
51007 [main] INFO main.java.edu.mit.compbio.bisulfitehic.mapping.Bhmem  - Unique mapped and paired reads 99540 ...
51010 [main] INFO main.java.edu.mit.compbio.bisulfitehic.mapping.Bhmem  - Processing reads 102000 ...
51010 [main] INFO main.java.edu.mit.compbio.bisulfitehic.mapping.Bhmem  - Unique mapped and paired reads 99540 ...
[M::mem_process_seqs] Processed 1001 reads in 0.898 CPU sec, 0.129 real sec
[M::mem_process_seqs] Processed 1001 reads in 0.813 CPU sec, 0.105 real sec
[M::mem_process_seqs] Processed 1001 reads in 1.030 CPU sec, 0.131 real sec
[M::mem_process_seqs] Processed 1001 reads in 0.964 CPU sec, 0.124 real sec
51612 [main] INFO main.java.edu.mit.compbio.bisulfitehic.mapping.Bhmem  - Processing reads 103000 ...
51612 [main] INFO main.java.edu.mit.compbio.bisulfitehic.mapping.Bhmem  - Unique mapped and paired reads 101532 ...
51615 [main] INFO main.java.edu.mit.compbio.bisulfitehic.mapping.Bhmem  - Processing reads 104000 ...
51615 [main] INFO main.java.edu.mit.compbio.bisulfitehic.mapping.Bhmem  - Unique mapped and paired reads 101532 ...
[M::mem_process_seqs] Processed 1001 reads in 0.968 CPU sec, 0.124 real sec
[M::mem_process_seqs] Processed 1001 reads in 0.881 CPU sec, 0.113 real sec
[M::mem_process_seqs] Processed 1001 reads in 0.996 CPU sec, 0.126 real sec
[M::mem_process_seqs] Processed 1001 reads in 0.949 CPU sec, 0.121 real sec
52214 [main] INFO main.java.edu.mit.compbio.bisulfitehic.mapping.Bhmem  - Processing reads 105000 ...
52214 [main] INFO main.java.edu.mit.compbio.bisulfitehic.mapping.Bhmem  - Unique mapped and paired reads 103520 ...
52217 [main] INFO main.java.edu.mit.compbio.bisulfitehic.mapping.Bhmem  - Processing reads 106000 ...
52217 [main] INFO main.java.edu.mit.compbio.bisulfitehic.mapping.Bhmem  - Unique mapped and paired reads 103520 ...
[M::mem_process_seqs] Processed 1001 reads in 0.966 CPU sec, 0.128 real sec
[M::mem_process_seqs] Processed 1001 reads in 0.934 CPU sec, 0.130 real sec
[M::mem_process_seqs] Processed 1001 reads in 1.084 CPU sec, 0.162 real sec
[M::mem_process_seqs] Processed 1001 reads in 1.049 CPU sec, 0.153 real sec
52901 [main] INFO main.java.edu.mit.compbio.bisulfitehic.mapping.Bhmem  - Processing reads 107000 ...
52901 [main] INFO main.java.edu.mit.compbio.bisulfitehic.mapping.Bhmem  - Unique mapped and paired reads 105508 ...
52904 [main] INFO main.java.edu.mit.compbio.bisulfitehic.mapping.Bhmem  - Processing reads 108000 ...
52904 [main] INFO main.java.edu.mit.compbio.bisulfitehic.mapping.Bhmem  - Unique mapped and paired reads 105508 ...
[M::mem_process_seqs] Processed 1001 reads in 1.067 CPU sec, 0.190 real sec
[M::mem_process_seqs] Processed 1001 reads in 1.134 CPU sec, 0.166 real sec
[M::mem_process_seqs] Processed 1001 reads in 1.164 CPU sec, 0.167 real sec
[M::mem_process_seqs] Processed 1001 reads in 1.242 CPU sec, 0.163 real sec
53723 [main] INFO main.java.edu.mit.compbio.bisulfitehic.mapping.Bhmem  - Processing reads 109000 ...
53723 [main] INFO main.java.edu.mit.compbio.bisulfitehic.mapping.Bhmem  - Unique mapped and paired reads 107500 ...
53726 [main] INFO main.java.edu.mit.compbio.bisulfitehic.mapping.Bhmem  - Processing reads 110000 ...
53726 [main] INFO main.java.edu.mit.compbio.bisulfitehic.mapping.Bhmem  - Unique mapped and paired reads 107500 ...
[M::mem_process_seqs] Processed 1001 reads in 1.013 CPU sec, 0.138 real sec
[M::mem_process_seqs] Processed 1001 reads in 0.932 CPU sec, 0.120 real sec
[M::mem_process_seqs] Processed 1001 reads in 1.121 CPU sec, 0.151 real sec
[M::mem_process_seqs] Processed 1001 reads in 1.028 CPU sec, 0.156 real sec
54419 [main] INFO main.java.edu.mit.compbio.bisulfitehic.mapping.Bhmem  - Processing reads 111000 ...
54419 [main] INFO main.java.edu.mit.compbio.bisulfitehic.mapping.Bhmem  - Unique mapped and paired reads 109486 ...
54422 [main] INFO main.java.edu.mit.compbio.bisulfitehic.mapping.Bhmem  - Processing reads 112000 ...
54422 [main] INFO main.java.edu.mit.compbio.bisulfitehic.mapping.Bhmem  - Unique mapped and paired reads 109486 ...
[M::mem_process_seqs] Processed 1001 reads in 0.942 CPU sec, 0.180 real sec
[M::mem_process_seqs] Processed 1001 reads in 0.926 CPU sec, 0.140 real sec
[M::mem_process_seqs] Processed 1001 reads in 1.114 CPU sec, 0.141 real sec
[M::mem_process_seqs] Processed 1001 reads in 0.968 CPU sec, 0.129 real sec
55130 [main] INFO main.java.edu.mit.compbio.bisulfitehic.mapping.Bhmem  - Processing reads 113000 ...
55130 [main] INFO main.java.edu.mit.compbio.bisulfitehic.mapping.Bhmem  - Unique mapped and paired reads 111480 ...
55133 [main] INFO main.java.edu.mit.compbio.bisulfitehic.mapping.Bhmem  - Processing reads 114000 ...
55133 [main] INFO main.java.edu.mit.compbio.bisulfitehic.mapping.Bhmem  - Unique mapped and paired reads 111480 ...
[M::mem_process_seqs] Processed 1001 reads in 0.981 CPU sec, 0.126 real sec
[M::mem_process_seqs] Processed 1001 reads in 0.879 CPU sec, 0.112 real sec
[M::mem_process_seqs] Processed 1001 reads in 0.979 CPU sec, 0.144 real sec
[M::mem_process_seqs] Processed 1001 reads in 1.033 CPU sec, 0.150 real sec
55787 [main] INFO main.java.edu.mit.compbio.bisulfitehic.mapping.Bhmem  - Processing reads 115000 ...
55787 [main] INFO main.java.edu.mit.compbio.bisulfitehic.mapping.Bhmem  - Unique mapped and paired reads 113476 ...
55790 [main] INFO main.java.edu.mit.compbio.bisulfitehic.mapping.Bhmem  - Processing reads 116000 ...
55791 [main] INFO main.java.edu.mit.compbio.bisulfitehic.mapping.Bhmem  - Unique mapped and paired reads 113476 ...
[M::mem_process_seqs] Processed 1001 reads in 1.047 CPU sec, 0.136 real sec
[M::mem_process_seqs] Processed 1001 reads in 1.010 CPU sec, 0.140 real sec
[M::mem_process_seqs] Processed 1001 reads in 1.117 CPU sec, 0.142 real sec
[M::mem_process_seqs] Processed 1001 reads in 1.086 CPU sec, 0.158 real sec
56486 [main] INFO main.java.edu.mit.compbio.bisulfitehic.mapping.Bhmem  - Processing reads 117000 ...
56487 [main] INFO main.java.edu.mit.compbio.bisulfitehic.mapping.Bhmem  - Unique mapped and paired reads 115466 ...
56490 [main] INFO main.java.edu.mit.compbio.bisulfitehic.mapping.Bhmem  - Processing reads 118000 ...
56490 [main] INFO main.java.edu.mit.compbio.bisulfitehic.mapping.Bhmem  - Unique mapped and paired reads 115466 ...
[M::mem_process_seqs] Processed 1001 reads in 1.030 CPU sec, 0.132 real sec
[M::mem_process_seqs] Processed 1001 reads in 0.892 CPU sec, 0.135 real sec
[M::mem_process_seqs] Processed 1001 reads in 1.111 CPU sec, 0.141 real sec
[M::mem_process_seqs] Processed 1001 reads in 1.039 CPU sec, 0.150 real sec
57171 [main] INFO main.java.edu.mit.compbio.bisulfitehic.mapping.Bhmem  - Processing reads 119000 ...
57171 [main] INFO main.java.edu.mit.compbio.bisulfitehic.mapping.Bhmem  - Unique mapped and paired reads 117456 ...
57174 [main] INFO main.java.edu.mit.compbio.bisulfitehic.mapping.Bhmem  - Processing reads 120000 ...
57174 [main] INFO main.java.edu.mit.compbio.bisulfitehic.mapping.Bhmem  - Unique mapped and paired reads 117456 ...
[M::mem_process_seqs] Processed 1001 reads in 1.056 CPU sec, 0.166 real sec
[M::mem_process_seqs] Processed 1001 reads in 0.951 CPU sec, 0.140 real sec
[M::mem_process_seqs] Processed 1001 reads in 1.053 CPU sec, 0.137 real sec
[M::mem_process_seqs] Processed 1001 reads in 1.054 CPU sec, 0.154 real sec
57893 [main] INFO main.java.edu.mit.compbio.bisulfitehic.mapping.Bhmem  - Processing reads 121000 ...
57893 [main] INFO main.java.edu.mit.compbio.bisulfitehic.mapping.Bhmem  - Unique mapped and paired reads 119450 ...
57896 [main] INFO main.java.edu.mit.compbio.bisulfitehic.mapping.Bhmem  - Processing reads 122000 ...
57896 [main] INFO main.java.edu.mit.compbio.bisulfitehic.mapping.Bhmem  - Unique mapped and paired reads 119450 ...
[M::mem_process_seqs] Processed 1001 reads in 1.003 CPU sec, 0.127 real sec
[M::mem_process_seqs] Processed 1001 reads in 0.898 CPU sec, 0.114 real sec
[M::mem_process_seqs] Processed 1001 reads in 1.032 CPU sec, 0.153 real sec
[M::mem_process_seqs] Processed 1001 reads in 1.059 CPU sec, 0.134 real sec
58546 [main] INFO main.java.edu.mit.compbio.bisulfitehic.mapping.Bhmem  - Processing reads 123000 ...
58546 [main] INFO main.java.edu.mit.compbio.bisulfitehic.mapping.Bhmem  - Unique mapped and paired reads 121446 ...
58548 [main] INFO main.java.edu.mit.compbio.bisulfitehic.mapping.Bhmem  - Processing reads 124000 ...
58549 [main] INFO main.java.edu.mit.compbio.bisulfitehic.mapping.Bhmem  - Unique mapped and paired reads 121446 ...
[M::mem_process_seqs] Processed 1001 reads in 0.946 CPU sec, 0.122 real sec
[M::mem_process_seqs] Processed 1001 reads in 0.924 CPU sec, 0.133 real sec
[M::mem_process_seqs] Processed 1001 reads in 0.942 CPU sec, 0.120 real sec
[M::mem_process_seqs] Processed 1001 reads in 0.981 CPU sec, 0.125 real sec
59164 [main] INFO main.java.edu.mit.compbio.bisulfitehic.mapping.Bhmem  - Processing reads 125000 ...
59164 [main] INFO main.java.edu.mit.compbio.bisulfitehic.mapping.Bhmem  - Unique mapped and paired reads 123438 ...
59167 [main] INFO main.java.edu.mit.compbio.bisulfitehic.mapping.Bhmem  - Processing reads 126000 ...
59167 [main] INFO main.java.edu.mit.compbio.bisulfitehic.mapping.Bhmem  - Unique mapped and paired reads 123438 ...
[M::mem_process_seqs] Processed 1001 reads in 0.930 CPU sec, 0.121 real sec
[M::mem_process_seqs] Processed 1001 reads in 0.880 CPU sec, 0.128 real sec
[M::mem_process_seqs] Processed 1001 reads in 1.060 CPU sec, 0.201 real sec
[M::mem_process_seqs] Processed 1001 reads in 1.014 CPU sec, 0.129 real sec
59865 [main] INFO main.java.edu.mit.compbio.bisulfitehic.mapping.Bhmem  - Processing reads 127000 ...
59865 [main] INFO main.java.edu.mit.compbio.bisulfitehic.mapping.Bhmem  - Unique mapped and paired reads 125424 ...
59868 [main] INFO main.java.edu.mit.compbio.bisulfitehic.mapping.Bhmem  - Processing reads 128000 ...
59868 [main] INFO main.java.edu.mit.compbio.bisulfitehic.mapping.Bhmem  - Unique mapped and paired reads 125424 ...
[M::mem_process_seqs] Processed 1001 reads in 0.951 CPU sec, 0.126 real sec
[M::mem_process_seqs] Processed 1001 reads in 0.906 CPU sec, 0.115 real sec
[M::mem_process_seqs] Processed 1001 reads in 1.041 CPU sec, 0.135 real sec
[M::mem_process_seqs] Processed 1001 reads in 1.036 CPU sec, 0.140 real sec
60517 [main] INFO main.java.edu.mit.compbio.bisulfitehic.mapping.Bhmem  - Processing reads 129000 ...
60517 [main] INFO main.java.edu.mit.compbio.bisulfitehic.mapping.Bhmem  - Unique mapped and paired reads 127416 ...
60520 [main] INFO main.java.edu.mit.compbio.bisulfitehic.mapping.Bhmem  - Processing reads 130000 ...
60520 [main] INFO main.java.edu.mit.compbio.bisulfitehic.mapping.Bhmem  - Unique mapped and paired reads 127416 ...
[M::mem_process_seqs] Processed 1001 reads in 0.997 CPU sec, 0.127 real sec
[M::mem_process_seqs] Processed 1001 reads in 0.902 CPU sec, 0.115 real sec
[M::mem_process_seqs] Processed 1001 reads in 1.119 CPU sec, 0.142 real sec
[M::mem_process_seqs] Processed 1001 reads in 1.083 CPU sec, 0.153 real sec
61186 [main] INFO main.java.edu.mit.compbio.bisulfitehic.mapping.Bhmem  - Processing reads 131000 ...
61186 [main] INFO main.java.edu.mit.compbio.bisulfitehic.mapping.Bhmem  - Unique mapped and paired reads 129410 ...
61189 [main] INFO main.java.edu.mit.compbio.bisulfitehic.mapping.Bhmem  - Processing reads 132000 ...
61189 [main] INFO main.java.edu.mit.compbio.bisulfitehic.mapping.Bhmem  - Unique mapped and paired reads 129410 ...
[M::mem_process_seqs] Processed 1001 reads in 0.945 CPU sec, 0.121 real sec
[M::mem_process_seqs] Processed 1001 reads in 0.828 CPU sec, 0.125 real sec
[M::mem_process_seqs] Processed 1001 reads in 0.943 CPU sec, 0.124 real sec
[M::mem_process_seqs] Processed 1001 reads in 0.943 CPU sec, 0.144 real sec
61820 [main] INFO main.java.edu.mit.compbio.bisulfitehic.mapping.Bhmem  - Processing reads 133000 ...
61820 [main] INFO main.java.edu.mit.compbio.bisulfitehic.mapping.Bhmem  - Unique mapped and paired reads 131408 ...
61823 [main] INFO main.java.edu.mit.compbio.bisulfitehic.mapping.Bhmem  - Processing reads 134000 ...
61823 [main] INFO main.java.edu.mit.compbio.bisulfitehic.mapping.Bhmem  - Unique mapped and paired reads 131408 ...
[M::mem_process_seqs] Processed 1001 reads in 0.858 CPU sec, 0.112 real sec
[M::mem_process_seqs] Processed 1001 reads in 0.805 CPU sec, 0.104 real sec
[M::mem_process_seqs] Processed 1001 reads in 0.912 CPU sec, 0.134 real sec
[M::mem_process_seqs] Processed 1001 reads in 0.954 CPU sec, 0.141 real sec
62445 [main] INFO main.java.edu.mit.compbio.bisulfitehic.mapping.Bhmem  - Processing reads 135000 ...
62445 [main] INFO main.java.edu.mit.compbio.bisulfitehic.mapping.Bhmem  - Unique mapped and paired reads 133402 ...
62448 [main] INFO main.java.edu.mit.compbio.bisulfitehic.mapping.Bhmem  - Processing reads 136000 ...
62448 [main] INFO main.java.edu.mit.compbio.bisulfitehic.mapping.Bhmem  - Unique mapped and paired reads 133402 ...
[M::mem_process_seqs] Processed 1001 reads in 0.968 CPU sec, 0.122 real sec
[M::mem_process_seqs] Processed 1001 reads in 0.902 CPU sec, 0.121 real sec
[M::mem_process_seqs] Processed 1001 reads in 0.998 CPU sec, 0.129 real sec
[M::mem_process_seqs] Processed 1001 reads in 0.923 CPU sec, 0.134 real sec
63068 [main] INFO main.java.edu.mit.compbio.bisulfitehic.mapping.Bhmem  - Processing reads 137000 ...
63068 [main] INFO main.java.edu.mit.compbio.bisulfitehic.mapping.Bhmem  - Unique mapped and paired reads 135398 ...
63070 [main] INFO main.java.edu.mit.compbio.bisulfitehic.mapping.Bhmem  - Processing reads 138000 ...
63071 [main] INFO main.java.edu.mit.compbio.bisulfitehic.mapping.Bhmem  - Unique mapped and paired reads 135398 ...
[M::mem_process_seqs] Processed 1001 reads in 1.019 CPU sec, 0.133 real sec
[M::mem_process_seqs] Processed 1001 reads in 0.854 CPU sec, 0.125 real sec
[M::mem_process_seqs] Processed 1001 reads in 0.977 CPU sec, 0.125 real sec
[M::mem_process_seqs] Processed 1001 reads in 0.943 CPU sec, 0.130 real sec
63708 [main] INFO main.java.edu.mit.compbio.bisulfitehic.mapping.Bhmem  - Processing reads 139000 ...
63708 [main] INFO main.java.edu.mit.compbio.bisulfitehic.mapping.Bhmem  - Unique mapped and paired reads 137394 ...
63711 [main] INFO main.java.edu.mit.compbio.bisulfitehic.mapping.Bhmem  - Processing reads 140000 ...
63711 [main] INFO main.java.edu.mit.compbio.bisulfitehic.mapping.Bhmem  - Unique mapped and paired reads 137394 ...
[M::mem_process_seqs] Processed 1001 reads in 1.049 CPU sec, 0.144 real sec
[M::mem_process_seqs] Processed 1001 reads in 0.862 CPU sec, 0.113 real sec
[M::mem_process_seqs] Processed 1001 reads in 1.036 CPU sec, 0.150 real sec
[M::mem_process_seqs] Processed 1001 reads in 1.007 CPU sec, 0.159 real sec
64400 [main] INFO main.java.edu.mit.compbio.bisulfitehic.mapping.Bhmem  - Processing reads 141000 ...
64400 [main] INFO main.java.edu.mit.compbio.bisulfitehic.mapping.Bhmem  - Unique mapped and paired reads 139384 ...
64403 [main] INFO main.java.edu.mit.compbio.bisulfitehic.mapping.Bhmem  - Processing reads 142000 ...
64403 [main] INFO main.java.edu.mit.compbio.bisulfitehic.mapping.Bhmem  - Unique mapped and paired reads 139384 ...
[M::mem_process_seqs] Processed 1001 reads in 1.058 CPU sec, 0.136 real sec
[M::mem_process_seqs] Processed 1001 reads in 0.990 CPU sec, 0.143 real sec
[M::mem_process_seqs] Processed 1001 reads in 1.180 CPU sec, 0.155 real sec
[M::mem_process_seqs] Processed 1001 reads in 1.151 CPU sec, 0.167 real sec
65164 [main] INFO main.java.edu.mit.compbio.bisulfitehic.mapping.Bhmem  - Processing reads 143000 ...
65164 [main] INFO main.java.edu.mit.compbio.bisulfitehic.mapping.Bhmem  - Unique mapped and paired reads 141376 ...
65167 [main] INFO main.java.edu.mit.compbio.bisulfitehic.mapping.Bhmem  - Processing reads 144000 ...
65167 [main] INFO main.java.edu.mit.compbio.bisulfitehic.mapping.Bhmem  - Unique mapped and paired reads 141376 ...
[M::mem_process_seqs] Processed 1001 reads in 1.022 CPU sec, 0.132 real sec
[M::mem_process_seqs] Processed 1001 reads in 1.031 CPU sec, 0.150 real sec
[M::mem_process_seqs] Processed 1001 reads in 1.058 CPU sec, 0.154 real sec
[M::mem_process_seqs] Processed 1001 reads in 1.030 CPU sec, 0.150 real sec
65872 [main] INFO main.java.edu.mit.compbio.bisulfitehic.mapping.Bhmem  - Processing reads 145000 ...
65872 [main] INFO main.java.edu.mit.compbio.bisulfitehic.mapping.Bhmem  - Unique mapped and paired reads 143370 ...
65875 [main] INFO main.java.edu.mit.compbio.bisulfitehic.mapping.Bhmem  - Processing reads 146000 ...
65875 [main] INFO main.java.edu.mit.compbio.bisulfitehic.mapping.Bhmem  - Unique mapped and paired reads 143370 ...
[M::mem_process_seqs] Processed 1001 reads in 0.962 CPU sec, 0.122 real sec
[M::mem_process_seqs] Processed 1001 reads in 0.922 CPU sec, 0.124 real sec
[M::mem_process_seqs] Processed 1001 reads in 1.033 CPU sec, 0.132 real sec
[M::mem_process_seqs] Processed 1001 reads in 1.065 CPU sec, 0.156 real sec
66527 [main] INFO main.java.edu.mit.compbio.bisulfitehic.mapping.Bhmem  - Processing reads 147000 ...
66528 [main] INFO main.java.edu.mit.compbio.bisulfitehic.mapping.Bhmem  - Unique mapped and paired reads 145356 ...
66530 [main] INFO main.java.edu.mit.compbio.bisulfitehic.mapping.Bhmem  - Processing reads 148000 ...
66531 [main] INFO main.java.edu.mit.compbio.bisulfitehic.mapping.Bhmem  - Unique mapped and paired reads 145356 ...
[M::mem_process_seqs] Processed 1001 reads in 1.072 CPU sec, 0.155 real sec
[M::mem_process_seqs] Processed 1001 reads in 1.032 CPU sec, 0.132 real sec
[M::mem_process_seqs] Processed 1001 reads in 1.127 CPU sec, 0.163 real sec
[M::mem_process_seqs] Processed 1001 reads in 1.162 CPU sec, 0.172 real sec
67279 [main] INFO main.java.edu.mit.compbio.bisulfitehic.mapping.Bhmem  - Processing reads 149000 ...
67279 [main] INFO main.java.edu.mit.compbio.bisulfitehic.mapping.Bhmem  - Unique mapped and paired reads 147350 ...
67282 [main] INFO main.java.edu.mit.compbio.bisulfitehic.mapping.Bhmem  - Processing reads 150000 ...
67282 [main] INFO main.java.edu.mit.compbio.bisulfitehic.mapping.Bhmem  - Unique mapped and paired reads 147350 ...
[M::mem_process_seqs] Processed 1001 reads in 1.044 CPU sec, 0.139 real sec
[M::mem_process_seqs] Processed 1001 reads in 0.955 CPU sec, 0.138 real sec
[M::mem_process_seqs] Processed 1001 reads in 1.146 CPU sec, 0.147 real sec
[M::mem_process_seqs] Processed 1001 reads in 1.131 CPU sec, 0.152 real sec
67988 [main] INFO main.java.edu.mit.compbio.bisulfitehic.mapping.Bhmem  - Processing reads 151000 ...
67988 [main] INFO main.java.edu.mit.compbio.bisulfitehic.mapping.Bhmem  - Unique mapped and paired reads 149342 ...
67991 [main] INFO main.java.edu.mit.compbio.bisulfitehic.mapping.Bhmem  - Processing reads 152000 ...
67991 [main] INFO main.java.edu.mit.compbio.bisulfitehic.mapping.Bhmem  - Unique mapped and paired reads 149342 ...
[M::mem_process_seqs] Processed 1001 reads in 1.091 CPU sec, 0.154 real sec
[M::mem_process_seqs] Processed 1001 reads in 0.954 CPU sec, 0.124 real sec
[M::mem_process_seqs] Processed 1001 reads in 1.054 CPU sec, 0.159 real sec
[M::mem_process_seqs] Processed 1001 reads in 1.138 CPU sec, 0.163 real sec
68723 [main] INFO main.java.edu.mit.compbio.bisulfitehic.mapping.Bhmem  - Processing reads 153000 ...
68723 [main] INFO main.java.edu.mit.compbio.bisulfitehic.mapping.Bhmem  - Unique mapped and paired reads 151330 ...
68726 [main] INFO main.java.edu.mit.compbio.bisulfitehic.mapping.Bhmem  - Processing reads 154000 ...
68726 [main] INFO main.java.edu.mit.compbio.bisulfitehic.mapping.Bhmem  - Unique mapped and paired reads 151330 ...
[M::mem_process_seqs] Processed 1001 reads in 1.046 CPU sec, 0.151 real sec
[M::mem_process_seqs] Processed 1001 reads in 0.970 CPU sec, 0.144 real sec
[M::mem_process_seqs] Processed 1001 reads in 1.135 CPU sec, 0.144 real sec
[M::mem_process_seqs] Processed 1001 reads in 1.121 CPU sec, 0.153 real sec
69451 [main] INFO main.java.edu.mit.compbio.bisulfitehic.mapping.Bhmem  - Processing reads 155000 ...
69451 [main] INFO main.java.edu.mit.compbio.bisulfitehic.mapping.Bhmem  - Unique mapped and paired reads 153324 ...
69454 [main] INFO main.java.edu.mit.compbio.bisulfitehic.mapping.Bhmem  - Processing reads 156000 ...
69454 [main] INFO main.java.edu.mit.compbio.bisulfitehic.mapping.Bhmem  - Unique mapped and paired reads 153324 ...
[M::mem_process_seqs] Processed 1001 reads in 1.057 CPU sec, 0.158 real sec
[M::mem_process_seqs] Processed 1001 reads in 0.906 CPU sec, 0.120 real sec
[M::mem_process_seqs] Processed 1001 reads in 1.056 CPU sec, 0.136 real sec
[M::mem_process_seqs] Processed 1001 reads in 1.032 CPU sec, 0.150 real sec
70131 [main] INFO main.java.edu.mit.compbio.bisulfitehic.mapping.Bhmem  - Processing reads 157000 ...
70131 [main] INFO main.java.edu.mit.compbio.bisulfitehic.mapping.Bhmem  - Unique mapped and paired reads 155316 ...
70134 [main] INFO main.java.edu.mit.compbio.bisulfitehic.mapping.Bhmem  - Processing reads 158000 ...
70134 [main] INFO main.java.edu.mit.compbio.bisulfitehic.mapping.Bhmem  - Unique mapped and paired reads 155316 ...
[M::mem_process_seqs] Processed 1001 reads in 1.011 CPU sec, 0.137 real sec
[M::mem_process_seqs] Processed 1001 reads in 0.909 CPU sec, 0.132 real sec
[M::mem_process_seqs] Processed 1001 reads in 0.949 CPU sec, 0.137 real sec
[M::mem_process_seqs] Processed 1001 reads in 0.967 CPU sec, 0.139 real sec
70792 [main] INFO main.java.edu.mit.compbio.bisulfitehic.mapping.Bhmem  - Processing reads 159000 ...
70792 [main] INFO main.java.edu.mit.compbio.bisulfitehic.mapping.Bhmem  - Unique mapped and paired reads 157308 ...
70795 [main] INFO main.java.edu.mit.compbio.bisulfitehic.mapping.Bhmem  - Processing reads 160000 ...
70796 [main] INFO main.java.edu.mit.compbio.bisulfitehic.mapping.Bhmem  - Unique mapped and paired reads 157308 ...
[M::mem_process_seqs] Processed 1001 reads in 0.913 CPU sec, 0.116 real sec
[M::mem_process_seqs] Processed 1001 reads in 0.888 CPU sec, 0.115 real sec
[M::mem_process_seqs] Processed 1001 reads in 1.040 CPU sec, 0.134 real sec
[M::mem_process_seqs] Processed 1001 reads in 1.001 CPU sec, 0.145 real sec
71420 [main] INFO main.java.edu.mit.compbio.bisulfitehic.mapping.Bhmem  - Processing reads 161000 ...
71420 [main] INFO main.java.edu.mit.compbio.bisulfitehic.mapping.Bhmem  - Unique mapped and paired reads 159298 ...
71423 [main] INFO main.java.edu.mit.compbio.bisulfitehic.mapping.Bhmem  - Processing reads 162000 ...
71423 [main] INFO main.java.edu.mit.compbio.bisulfitehic.mapping.Bhmem  - Unique mapped and paired reads 159298 ...
[M::mem_process_seqs] Processed 1001 reads in 1.023 CPU sec, 0.130 real sec
[M::mem_process_seqs] Processed 1001 reads in 0.935 CPU sec, 0.119 real sec
[M::mem_process_seqs] Processed 1001 reads in 0.980 CPU sec, 0.143 real sec
[M::mem_process_seqs] Processed 1001 reads in 1.056 CPU sec, 0.153 real sec
72089 [main] INFO main.java.edu.mit.compbio.bisulfitehic.mapping.Bhmem  - Processing reads 163000 ...
72089 [main] INFO main.java.edu.mit.compbio.bisulfitehic.mapping.Bhmem  - Unique mapped and paired reads 161286 ...
72092 [main] INFO main.java.edu.mit.compbio.bisulfitehic.mapping.Bhmem  - Processing reads 164000 ...
72093 [main] INFO main.java.edu.mit.compbio.bisulfitehic.mapping.Bhmem  - Unique mapped and paired reads 161286 ...
[M::mem_process_seqs] Processed 1001 reads in 0.961 CPU sec, 0.124 real sec
[M::mem_process_seqs] Processed 1001 reads in 0.868 CPU sec, 0.110 real sec
[M::mem_process_seqs] Processed 1001 reads in 1.036 CPU sec, 0.133 real sec
[M::mem_process_seqs] Processed 1001 reads in 1.022 CPU sec, 0.130 real sec
72705 [main] INFO main.java.edu.mit.compbio.bisulfitehic.mapping.Bhmem  - Processing reads 165000 ...
72705 [main] INFO main.java.edu.mit.compbio.bisulfitehic.mapping.Bhmem  - Unique mapped and paired reads 163280 ...
72708 [main] INFO main.java.edu.mit.compbio.bisulfitehic.mapping.Bhmem  - Processing reads 166000 ...
72708 [main] INFO main.java.edu.mit.compbio.bisulfitehic.mapping.Bhmem  - Unique mapped and paired reads 163280 ...
[M::mem_process_seqs] Processed 1001 reads in 0.898 CPU sec, 0.117 real sec
[M::mem_process_seqs] Processed 1001 reads in 0.848 CPU sec, 0.109 real sec
[M::mem_process_seqs] Processed 1001 reads in 1.011 CPU sec, 0.146 real sec
[M::mem_process_seqs] Processed 1001 reads in 1.033 CPU sec, 0.133 real sec
73337 [main] INFO main.java.edu.mit.compbio.bisulfitehic.mapping.Bhmem  - Processing reads 167000 ...
73337 [main] INFO main.java.edu.mit.compbio.bisulfitehic.mapping.Bhmem  - Unique mapped and paired reads 165278 ...
73340 [main] INFO main.java.edu.mit.compbio.bisulfitehic.mapping.Bhmem  - Processing reads 168000 ...
73340 [main] INFO main.java.edu.mit.compbio.bisulfitehic.mapping.Bhmem  - Unique mapped and paired reads 165278 ...
[M::mem_process_seqs] Processed 1001 reads in 1.107 CPU sec, 0.141 real sec
[M::mem_process_seqs] Processed 1001 reads in 0.966 CPU sec, 0.141 real sec
[M::mem_process_seqs] Processed 1001 reads in 1.159 CPU sec, 0.175 real sec
[M::mem_process_seqs] Processed 1001 reads in 1.110 CPU sec, 0.178 real sec
74102 [main] INFO main.java.edu.mit.compbio.bisulfitehic.mapping.Bhmem  - Processing reads 169000 ...
74102 [main] INFO main.java.edu.mit.compbio.bisulfitehic.mapping.Bhmem  - Unique mapped and paired reads 167276 ...
74105 [main] INFO main.java.edu.mit.compbio.bisulfitehic.mapping.Bhmem  - Processing reads 170000 ...
74105 [main] INFO main.java.edu.mit.compbio.bisulfitehic.mapping.Bhmem  - Unique mapped and paired reads 167276 ...
[M::mem_process_seqs] Processed 1001 reads in 0.933 CPU sec, 0.119 real sec
[M::mem_process_seqs] Processed 1001 reads in 0.898 CPU sec, 0.121 real sec
[M::mem_process_seqs] Processed 1001 reads in 0.987 CPU sec, 0.128 real sec
[M::mem_process_seqs] Processed 1001 reads in 0.952 CPU sec, 0.121 real sec
74711 [main] INFO main.java.edu.mit.compbio.bisulfitehic.mapping.Bhmem  - Processing reads 171000 ...
74711 [main] INFO main.java.edu.mit.compbio.bisulfitehic.mapping.Bhmem  - Unique mapped and paired reads 169264 ...
74714 [main] INFO main.java.edu.mit.compbio.bisulfitehic.mapping.Bhmem  - Processing reads 172000 ...
74714 [main] INFO main.java.edu.mit.compbio.bisulfitehic.mapping.Bhmem  - Unique mapped and paired reads 169264 ...
[M::mem_process_seqs] Processed 1001 reads in 1.044 CPU sec, 0.137 real sec
[M::mem_process_seqs] Processed 1001 reads in 0.925 CPU sec, 0.141 real sec
[M::mem_process_seqs] Processed 1001 reads in 1.128 CPU sec, 0.144 real sec
[M::mem_process_seqs] Processed 1001 reads in 1.031 CPU sec, 0.134 real sec
75391 [main] INFO main.java.edu.mit.compbio.bisulfitehic.mapping.Bhmem  - Processing reads 173000 ...
75391 [main] INFO main.java.edu.mit.compbio.bisulfitehic.mapping.Bhmem  - Unique mapped and paired reads 171260 ...
75394 [main] INFO main.java.edu.mit.compbio.bisulfitehic.mapping.Bhmem  - Processing reads 174000 ...
75394 [main] INFO main.java.edu.mit.compbio.bisulfitehic.mapping.Bhmem  - Unique mapped and paired reads 171260 ...
[M::mem_process_seqs] Processed 1001 reads in 1.063 CPU sec, 0.136 real sec
[M::mem_process_seqs] Processed 1001 reads in 0.920 CPU sec, 0.134 real sec
[M::mem_process_seqs] Processed 1001 reads in 1.129 CPU sec, 0.168 real sec
[M::mem_process_seqs] Processed 1001 reads in 1.104 CPU sec, 0.155 real sec
76108 [main] INFO main.java.edu.mit.compbio.bisulfitehic.mapping.Bhmem  - Processing reads 175000 ...
76108 [main] INFO main.java.edu.mit.compbio.bisulfitehic.mapping.Bhmem  - Unique mapped and paired reads 173256 ...
76110 [main] INFO main.java.edu.mit.compbio.bisulfitehic.mapping.Bhmem  - Processing reads 176000 ...
76111 [main] INFO main.java.edu.mit.compbio.bisulfitehic.mapping.Bhmem  - Unique mapped and paired reads 173256 ...
[M::mem_process_seqs] Processed 1001 reads in 0.995 CPU sec, 0.128 real sec
[M::mem_process_seqs] Processed 1001 reads in 0.896 CPU sec, 0.131 real sec
[M::mem_process_seqs] Processed 1001 reads in 1.031 CPU sec, 0.149 real sec
[M::mem_process_seqs] Processed 1001 reads in 1.002 CPU sec, 0.163 real sec
76818 [main] INFO main.java.edu.mit.compbio.bisulfitehic.mapping.Bhmem  - Processing reads 177000 ...
76818 [main] INFO main.java.edu.mit.compbio.bisulfitehic.mapping.Bhmem  - Unique mapped and paired reads 175242 ...
76821 [main] INFO main.java.edu.mit.compbio.bisulfitehic.mapping.Bhmem  - Processing reads 178000 ...
76821 [main] INFO main.java.edu.mit.compbio.bisulfitehic.mapping.Bhmem  - Unique mapped and paired reads 175242 ...
[M::mem_process_seqs] Processed 1001 reads in 1.034 CPU sec, 0.138 real sec
[M::mem_process_seqs] Processed 1001 reads in 1.067 CPU sec, 0.160 real sec
[M::mem_process_seqs] Processed 1001 reads in 1.111 CPU sec, 0.142 real sec
[M::mem_process_seqs] Processed 1001 reads in 1.174 CPU sec, 0.150 real sec
77541 [main] INFO main.java.edu.mit.compbio.bisulfitehic.mapping.Bhmem  - Processing reads 179000 ...
77541 [main] INFO main.java.edu.mit.compbio.bisulfitehic.mapping.Bhmem  - Unique mapped and paired reads 177234 ...
77544 [main] INFO main.java.edu.mit.compbio.bisulfitehic.mapping.Bhmem  - Processing reads 180000 ...
77544 [main] INFO main.java.edu.mit.compbio.bisulfitehic.mapping.Bhmem  - Unique mapped and paired reads 177234 ...
[M::mem_process_seqs] Processed 1001 reads in 1.016 CPU sec, 0.151 real sec
[M::mem_process_seqs] Processed 1001 reads in 0.987 CPU sec, 0.127 real sec
[M::mem_process_seqs] Processed 1001 reads in 1.157 CPU sec, 0.171 real sec
[M::mem_process_seqs] Processed 1001 reads in 1.155 CPU sec, 0.147 real sec
78266 [main] INFO main.java.edu.mit.compbio.bisulfitehic.mapping.Bhmem  - Processing reads 181000 ...
78266 [main] INFO main.java.edu.mit.compbio.bisulfitehic.mapping.Bhmem  - Unique mapped and paired reads 179230 ...
78269 [main] INFO main.java.edu.mit.compbio.bisulfitehic.mapping.Bhmem  - Processing reads 182000 ...
78269 [main] INFO main.java.edu.mit.compbio.bisulfitehic.mapping.Bhmem  - Unique mapped and paired reads 179230 ...
[M::mem_process_seqs] Processed 1001 reads in 1.021 CPU sec, 0.137 real sec
[M::mem_process_seqs] Processed 1001 reads in 1.011 CPU sec, 0.147 real sec
[M::mem_process_seqs] Processed 1001 reads in 1.038 CPU sec, 0.150 real sec
[M::mem_process_seqs] Processed 1001 reads in 1.096 CPU sec, 0.159 real sec
78987 [main] INFO main.java.edu.mit.compbio.bisulfitehic.mapping.Bhmem  - Processing reads 183000 ...
78987 [main] INFO main.java.edu.mit.compbio.bisulfitehic.mapping.Bhmem  - Unique mapped and paired reads 181214 ...
78990 [main] INFO main.java.edu.mit.compbio.bisulfitehic.mapping.Bhmem  - Processing reads 184000 ...
78990 [main] INFO main.java.edu.mit.compbio.bisulfitehic.mapping.Bhmem  - Unique mapped and paired reads 181214 ...
[M::mem_process_seqs] Processed 1001 reads in 1.054 CPU sec, 0.134 real sec
[M::mem_process_seqs] Processed 1001 reads in 0.955 CPU sec, 0.121 real sec
[M::mem_process_seqs] Processed 1001 reads in 1.029 CPU sec, 0.132 real sec
[M::mem_process_seqs] Processed 1001 reads in 1.152 CPU sec, 0.153 real sec
79653 [main] INFO main.java.edu.mit.compbio.bisulfitehic.mapping.Bhmem  - Processing reads 185000 ...
79653 [main] INFO main.java.edu.mit.compbio.bisulfitehic.mapping.Bhmem  - Unique mapped and paired reads 183198 ...
79656 [main] INFO main.java.edu.mit.compbio.bisulfitehic.mapping.Bhmem  - Processing reads 186000 ...
79656 [main] INFO main.java.edu.mit.compbio.bisulfitehic.mapping.Bhmem  - Unique mapped and paired reads 183198 ...
[M::mem_process_seqs] Processed 1001 reads in 1.034 CPU sec, 0.134 real sec
[M::mem_process_seqs] Processed 1001 reads in 0.914 CPU sec, 0.132 real sec
[M::mem_process_seqs] Processed 1001 reads in 1.074 CPU sec, 0.156 real sec
[M::mem_process_seqs] Processed 1001 reads in 1.016 CPU sec, 0.147 real sec
80366 [main] INFO main.java.edu.mit.compbio.bisulfitehic.mapping.Bhmem  - Processing reads 187000 ...
80366 [main] INFO main.java.edu.mit.compbio.bisulfitehic.mapping.Bhmem  - Unique mapped and paired reads 185194 ...
80369 [main] INFO main.java.edu.mit.compbio.bisulfitehic.mapping.Bhmem  - Processing reads 188000 ...
80369 [main] INFO main.java.edu.mit.compbio.bisulfitehic.mapping.Bhmem  - Unique mapped and paired reads 185194 ...
[M::mem_process_seqs] Processed 1001 reads in 1.085 CPU sec, 0.150 real sec
[M::mem_process_seqs] Processed 1001 reads in 1.088 CPU sec, 0.169 real sec
[M::mem_process_seqs] Processed 1001 reads in 1.168 CPU sec, 0.168 real sec
[M::mem_process_seqs] Processed 1001 reads in 1.115 CPU sec, 0.161 real sec
81154 [main] INFO main.java.edu.mit.compbio.bisulfitehic.mapping.Bhmem  - Processing reads 189000 ...
81154 [main] INFO main.java.edu.mit.compbio.bisulfitehic.mapping.Bhmem  - Unique mapped and paired reads 187186 ...
81157 [main] INFO main.java.edu.mit.compbio.bisulfitehic.mapping.Bhmem  - Processing reads 190000 ...
81157 [main] INFO main.java.edu.mit.compbio.bisulfitehic.mapping.Bhmem  - Unique mapped and paired reads 187186 ...
[M::mem_process_seqs] Processed 1001 reads in 0.931 CPU sec, 0.121 real sec
[M::mem_process_seqs] Processed 1001 reads in 0.846 CPU sec, 0.111 real sec
[M::mem_process_seqs] Processed 1001 reads in 1.063 CPU sec, 0.137 real sec
[M::mem_process_seqs] Processed 1001 reads in 0.903 CPU sec, 0.130 real sec
81768 [main] INFO main.java.edu.mit.compbio.bisulfitehic.mapping.Bhmem  - Processing reads 191000 ...
81768 [main] INFO main.java.edu.mit.compbio.bisulfitehic.mapping.Bhmem  - Unique mapped and paired reads 189182 ...
81771 [main] INFO main.java.edu.mit.compbio.bisulfitehic.mapping.Bhmem  - Processing reads 192000 ...
81771 [main] INFO main.java.edu.mit.compbio.bisulfitehic.mapping.Bhmem  - Unique mapped and paired reads 189182 ...
[M::mem_process_seqs] Processed 1001 reads in 0.994 CPU sec, 0.143 real sec
[M::mem_process_seqs] Processed 1001 reads in 1.001 CPU sec, 0.127 real sec
[M::mem_process_seqs] Processed 1001 reads in 0.964 CPU sec, 0.122 real sec
[M::mem_process_seqs] Processed 1001 reads in 1.091 CPU sec, 0.144 real sec
82434 [main] INFO main.java.edu.mit.compbio.bisulfitehic.mapping.Bhmem  - Processing reads 193000 ...
82435 [main] INFO main.java.edu.mit.compbio.bisulfitehic.mapping.Bhmem  - Unique mapped and paired reads 191168 ...
82438 [main] INFO main.java.edu.mit.compbio.bisulfitehic.mapping.Bhmem  - Processing reads 194000 ...
82438 [main] INFO main.java.edu.mit.compbio.bisulfitehic.mapping.Bhmem  - Unique mapped and paired reads 191168 ...
[M::mem_process_seqs] Processed 1001 reads in 1.068 CPU sec, 0.140 real sec
[M::mem_process_seqs] Processed 1001 reads in 0.897 CPU sec, 0.118 real sec
[M::mem_process_seqs] Processed 1001 reads in 1.060 CPU sec, 0.155 real sec
[M::mem_process_seqs] Processed 1001 reads in 1.097 CPU sec, 0.168 real sec
83137 [main] INFO main.java.edu.mit.compbio.bisulfitehic.mapping.Bhmem  - Processing reads 195000 ...
83137 [main] INFO main.java.edu.mit.compbio.bisulfitehic.mapping.Bhmem  - Unique mapped and paired reads 193160 ...
83140 [main] INFO main.java.edu.mit.compbio.bisulfitehic.mapping.Bhmem  - Processing reads 196000 ...
83140 [main] INFO main.java.edu.mit.compbio.bisulfitehic.mapping.Bhmem  - Unique mapped and paired reads 193160 ...
[M::mem_process_seqs] Processed 1001 reads in 1.023 CPU sec, 0.135 real sec
[M::mem_process_seqs] Processed 1001 reads in 0.959 CPU sec, 0.139 real sec
[M::mem_process_seqs] Processed 1001 reads in 1.053 CPU sec, 0.155 real sec
[M::mem_process_seqs] Processed 1001 reads in 1.083 CPU sec, 0.142 real sec
83827 [main] INFO main.java.edu.mit.compbio.bisulfitehic.mapping.Bhmem  - Processing reads 197000 ...
83827 [main] INFO main.java.edu.mit.compbio.bisulfitehic.mapping.Bhmem  - Unique mapped and paired reads 195152 ...
83830 [main] INFO main.java.edu.mit.compbio.bisulfitehic.mapping.Bhmem  - Processing reads 198000 ...
83830 [main] INFO main.java.edu.mit.compbio.bisulfitehic.mapping.Bhmem  - Unique mapped and paired reads 195152 ...
[M::mem_process_seqs] Processed 1001 reads in 1.006 CPU sec, 0.128 real sec
[M::mem_process_seqs] Processed 1001 reads in 0.936 CPU sec, 0.174 real sec
[M::mem_process_seqs] Processed 1001 reads in 1.064 CPU sec, 0.201 real sec
[M::mem_process_seqs] Processed 1001 reads in 1.196 CPU sec, 0.947 real sec
85418 [main] INFO main.java.edu.mit.compbio.bisulfitehic.mapping.Bhmem  - Processing reads 199000 ...
85418 [main] INFO main.java.edu.mit.compbio.bisulfitehic.mapping.Bhmem  - Unique mapped and paired reads 197150 ...
85421 [main] INFO main.java.edu.mit.compbio.bisulfitehic.mapping.Bhmem  - Processing reads 200000 ...
85421 [main] INFO main.java.edu.mit.compbio.bisulfitehic.mapping.Bhmem  - Unique mapped and paired reads 197150 ...
[M::mem_process_seqs] Processed 1001 reads in 1.028 CPU sec, 0.134 real sec
[M::mem_process_seqs] Processed 1001 reads in 0.958 CPU sec, 0.122 real sec
[M::mem_process_seqs] Processed 1001 reads in 0.958 CPU sec, 0.144 real sec
[M::mem_process_seqs] Processed 1001 reads in 1.030 CPU sec, 0.151 real sec
86112 [main] INFO main.java.edu.mit.compbio.bisulfitehic.mapping.Bhmem  - Processing reads 201000 ...
86112 [main] INFO main.java.edu.mit.compbio.bisulfitehic.mapping.Bhmem  - Unique mapped and paired reads 199144 ...
86115 [main] INFO main.java.edu.mit.compbio.bisulfitehic.mapping.Bhmem  - Processing reads 202000 ...
86115 [main] INFO main.java.edu.mit.compbio.bisulfitehic.mapping.Bhmem  - Unique mapped and paired reads 199144 ...
[M::mem_process_seqs] Processed 1001 reads in 1.034 CPU sec, 0.131 real sec
[M::mem_process_seqs] Processed 1001 reads in 0.945 CPU sec, 0.120 real sec
[M::mem_process_seqs] Processed 1001 reads in 1.008 CPU sec, 0.128 real sec
[M::mem_process_seqs] Processed 1001 reads in 1.031 CPU sec, 0.153 real sec
86775 [main] INFO main.java.edu.mit.compbio.bisulfitehic.mapping.Bhmem  - Processing reads 203000 ...
86775 [main] INFO main.java.edu.mit.compbio.bisulfitehic.mapping.Bhmem  - Unique mapped and paired reads 201140 ...
86778 [main] INFO main.java.edu.mit.compbio.bisulfitehic.mapping.Bhmem  - Processing reads 204000 ...
86778 [main] INFO main.java.edu.mit.compbio.bisulfitehic.mapping.Bhmem  - Unique mapped and paired reads 201140 ...
[M::mem_process_seqs] Processed 1001 reads in 1.052 CPU sec, 0.133 real sec
[M::mem_process_seqs] Processed 1001 reads in 0.929 CPU sec, 0.119 real sec
[M::mem_process_seqs] Processed 1001 reads in 1.072 CPU sec, 0.155 real sec
[M::mem_process_seqs] Processed 1001 reads in 1.072 CPU sec, 0.156 real sec
87457 [main] INFO main.java.edu.mit.compbio.bisulfitehic.mapping.Bhmem  - Processing reads 205000 ...
87457 [main] INFO main.java.edu.mit.compbio.bisulfitehic.mapping.Bhmem  - Unique mapped and paired reads 203132 ...
87460 [main] INFO main.java.edu.mit.compbio.bisulfitehic.mapping.Bhmem  - Processing reads 206000 ...
87460 [main] INFO main.java.edu.mit.compbio.bisulfitehic.mapping.Bhmem  - Unique mapped and paired reads 203132 ...
[M::mem_process_seqs] Processed 1001 reads in 1.022 CPU sec, 0.130 real sec
[M::mem_process_seqs] Processed 1001 reads in 0.923 CPU sec, 0.118 real sec
[M::mem_process_seqs] Processed 1001 reads in 1.078 CPU sec, 0.156 real sec
[M::mem_process_seqs] Processed 1001 reads in 1.191 CPU sec, 0.172 real sec
88180 [main] INFO main.java.edu.mit.compbio.bisulfitehic.mapping.Bhmem  - Processing reads 207000 ...
88180 [main] INFO main.java.edu.mit.compbio.bisulfitehic.mapping.Bhmem  - Unique mapped and paired reads 205124 ...
88183 [main] INFO main.java.edu.mit.compbio.bisulfitehic.mapping.Bhmem  - Processing reads 208000 ...
88183 [main] INFO main.java.edu.mit.compbio.bisulfitehic.mapping.Bhmem  - Unique mapped and paired reads 205124 ...
[M::mem_process_seqs] Processed 1001 reads in 0.990 CPU sec, 0.143 real sec
[M::mem_process_seqs] Processed 1001 reads in 0.908 CPU sec, 0.132 real sec
[M::mem_process_seqs] Processed 1001 reads in 1.015 CPU sec, 0.150 real sec
[M::mem_process_seqs] Processed 1001 reads in 1.052 CPU sec, 0.155 real sec
88904 [main] INFO main.java.edu.mit.compbio.bisulfitehic.mapping.Bhmem  - Processing reads 209000 ...
88904 [main] INFO main.java.edu.mit.compbio.bisulfitehic.mapping.Bhmem  - Unique mapped and paired reads 207114 ...
88907 [main] INFO main.java.edu.mit.compbio.bisulfitehic.mapping.Bhmem  - Processing reads 210000 ...
88907 [main] INFO main.java.edu.mit.compbio.bisulfitehic.mapping.Bhmem  - Unique mapped and paired reads 207114 ...
[M::mem_process_seqs] Processed 1001 reads in 1.067 CPU sec, 0.138 real sec
[M::mem_process_seqs] Processed 1001 reads in 1.042 CPU sec, 0.150 real sec
[M::mem_process_seqs] Processed 1001 reads in 1.144 CPU sec, 0.146 real sec
[M::mem_process_seqs] Processed 1001 reads in 1.095 CPU sec, 0.139 real sec
89601 [main] INFO main.java.edu.mit.compbio.bisulfitehic.mapping.Bhmem  - Processing reads 211000 ...
89601 [main] INFO main.java.edu.mit.compbio.bisulfitehic.mapping.Bhmem  - Unique mapped and paired reads 209108 ...
89604 [main] INFO main.java.edu.mit.compbio.bisulfitehic.mapping.Bhmem  - Processing reads 212000 ...
89604 [main] INFO main.java.edu.mit.compbio.bisulfitehic.mapping.Bhmem  - Unique mapped and paired reads 209108 ...
[M::mem_process_seqs] Processed 1001 reads in 1.060 CPU sec, 0.135 real sec
[M::mem_process_seqs] Processed 1001 reads in 0.973 CPU sec, 0.141 real sec
[M::mem_process_seqs] Processed 1001 reads in 1.149 CPU sec, 0.169 real sec
[M::mem_process_seqs] Processed 1001 reads in 1.173 CPU sec, 0.171 real sec
90343 [main] INFO main.java.edu.mit.compbio.bisulfitehic.mapping.Bhmem  - Processing reads 213000 ...
90343 [main] INFO main.java.edu.mit.compbio.bisulfitehic.mapping.Bhmem  - Unique mapped and paired reads 211102 ...
90346 [main] INFO main.java.edu.mit.compbio.bisulfitehic.mapping.Bhmem  - Processing reads 214000 ...
90346 [main] INFO main.java.edu.mit.compbio.bisulfitehic.mapping.Bhmem  - Unique mapped and paired reads 211102 ...
[M::mem_process_seqs] Processed 1001 reads in 1.005 CPU sec, 0.130 real sec
[M::mem_process_seqs] Processed 1001 reads in 0.955 CPU sec, 0.123 real sec
[M::mem_process_seqs] Processed 1001 reads in 1.044 CPU sec, 0.134 real sec
[M::mem_process_seqs] Processed 1001 reads in 1.038 CPU sec, 0.150 real sec
91003 [main] INFO main.java.edu.mit.compbio.bisulfitehic.mapping.Bhmem  - Processing reads 215000 ...
91003 [main] INFO main.java.edu.mit.compbio.bisulfitehic.mapping.Bhmem  - Unique mapped and paired reads 213100 ...
91006 [main] INFO main.java.edu.mit.compbio.bisulfitehic.mapping.Bhmem  - Processing reads 216000 ...
91006 [main] INFO main.java.edu.mit.compbio.bisulfitehic.mapping.Bhmem  - Unique mapped and paired reads 213100 ...
[M::mem_process_seqs] Processed 1001 reads in 1.023 CPU sec, 0.133 real sec
[M::mem_process_seqs] Processed 1001 reads in 0.943 CPU sec, 0.138 real sec
[M::mem_process_seqs] Processed 1001 reads in 1.083 CPU sec, 0.164 real sec
[M::mem_process_seqs] Processed 1001 reads in 1.142 CPU sec, 0.178 real sec
91741 [main] INFO main.java.edu.mit.compbio.bisulfitehic.mapping.Bhmem  - Processing reads 217000 ...
91741 [main] INFO main.java.edu.mit.compbio.bisulfitehic.mapping.Bhmem  - Unique mapped and paired reads 215090 ...
91744 [main] INFO main.java.edu.mit.compbio.bisulfitehic.mapping.Bhmem  - Processing reads 218000 ...
91744 [main] INFO main.java.edu.mit.compbio.bisulfitehic.mapping.Bhmem  - Unique mapped and paired reads 215090 ...
[M::mem_process_seqs] Processed 1001 reads in 1.084 CPU sec, 0.140 real sec
[M::mem_process_seqs] Processed 1001 reads in 0.921 CPU sec, 0.134 real sec
[M::mem_process_seqs] Processed 1001 reads in 1.250 CPU sec, 0.165 real sec
[M::mem_process_seqs] Processed 1001 reads in 1.084 CPU sec, 0.156 real sec
92467 [main] INFO main.java.edu.mit.compbio.bisulfitehic.mapping.Bhmem  - Processing reads 219000 ...
92467 [main] INFO main.java.edu.mit.compbio.bisulfitehic.mapping.Bhmem  - Unique mapped and paired reads 217080 ...
92470 [main] INFO main.java.edu.mit.compbio.bisulfitehic.mapping.Bhmem  - Processing reads 220000 ...
92471 [main] INFO main.java.edu.mit.compbio.bisulfitehic.mapping.Bhmem  - Unique mapped and paired reads 217080 ...
[M::mem_process_seqs] Processed 1001 reads in 1.070 CPU sec, 0.136 real sec
[M::mem_process_seqs] Processed 1001 reads in 1.048 CPU sec, 0.138 real sec
[M::mem_process_seqs] Processed 1001 reads in 1.077 CPU sec, 0.157 real sec
[M::mem_process_seqs] Processed 1001 reads in 1.128 CPU sec, 0.153 real sec
93178 [main] INFO main.java.edu.mit.compbio.bisulfitehic.mapping.Bhmem  - Processing reads 221000 ...
93178 [main] INFO main.java.edu.mit.compbio.bisulfitehic.mapping.Bhmem  - Unique mapped and paired reads 219080 ...
93181 [main] INFO main.java.edu.mit.compbio.bisulfitehic.mapping.Bhmem  - Processing reads 222000 ...
93181 [main] INFO main.java.edu.mit.compbio.bisulfitehic.mapping.Bhmem  - Unique mapped and paired reads 219080 ...
[M::mem_process_seqs] Processed 1001 reads in 0.969 CPU sec, 0.123 real sec
[M::mem_process_seqs] Processed 1001 reads in 0.884 CPU sec, 0.127 real sec
[M::mem_process_seqs] Processed 1001 reads in 1.021 CPU sec, 0.150 real sec
[M::mem_process_seqs] Processed 1001 reads in 0.993 CPU sec, 0.147 real sec
93840 [main] INFO main.java.edu.mit.compbio.bisulfitehic.mapping.Bhmem  - Processing reads 223000 ...
93840 [main] INFO main.java.edu.mit.compbio.bisulfitehic.mapping.Bhmem  - Unique mapped and paired reads 221072 ...
93843 [main] INFO main.java.edu.mit.compbio.bisulfitehic.mapping.Bhmem  - Processing reads 224000 ...
93843 [main] INFO main.java.edu.mit.compbio.bisulfitehic.mapping.Bhmem  - Unique mapped and paired reads 221072 ...
[M::mem_process_seqs] Processed 1001 reads in 0.905 CPU sec, 0.116 real sec
[M::mem_process_seqs] Processed 1001 reads in 0.846 CPU sec, 0.123 real sec
[M::mem_process_seqs] Processed 1001 reads in 0.996 CPU sec, 0.126 real sec
[M::mem_process_seqs] Processed 1001 reads in 0.909 CPU sec, 0.134 real sec
94457 [main] INFO main.java.edu.mit.compbio.bisulfitehic.mapping.Bhmem  - Processing reads 225000 ...
94457 [main] INFO main.java.edu.mit.compbio.bisulfitehic.mapping.Bhmem  - Unique mapped and paired reads 223072 ...
94460 [main] INFO main.java.edu.mit.compbio.bisulfitehic.mapping.Bhmem  - Processing reads 226000 ...
94460 [main] INFO main.java.edu.mit.compbio.bisulfitehic.mapping.Bhmem  - Unique mapped and paired reads 223072 ...
[M::mem_process_seqs] Processed 1001 reads in 1.088 CPU sec, 0.139 real sec
[M::mem_process_seqs] Processed 1001 reads in 0.976 CPU sec, 0.124 real sec
[M::mem_process_seqs] Processed 1001 reads in 0.889 CPU sec, 0.129 real sec
[M::mem_process_seqs] Processed 1001 reads in 0.868 CPU sec, 0.110 real sec
95094 [main] INFO main.java.edu.mit.compbio.bisulfitehic.mapping.Bhmem  - Processing reads 227000 ...
95094 [main] INFO main.java.edu.mit.compbio.bisulfitehic.mapping.Bhmem  - Unique mapped and paired reads 225062 ...
95097 [main] INFO main.java.edu.mit.compbio.bisulfitehic.mapping.Bhmem  - Processing reads 228000 ...
95097 [main] INFO main.java.edu.mit.compbio.bisulfitehic.mapping.Bhmem  - Unique mapped and paired reads 225062 ...
[M::mem_process_seqs] Processed 1001 reads in 1.210 CPU sec, 0.157 real sec
[M::mem_process_seqs] Processed 1001 reads in 1.112 CPU sec, 0.160 real sec
[M::mem_process_seqs] Processed 1001 reads in 0.877 CPU sec, 0.127 real sec
[M::mem_process_seqs] Processed 1001 reads in 0.787 CPU sec, 0.114 real sec
95817 [main] INFO main.java.edu.mit.compbio.bisulfitehic.mapping.Bhmem  - Processing reads 229000 ...
95817 [main] INFO main.java.edu.mit.compbio.bisulfitehic.mapping.Bhmem  - Unique mapped and paired reads 227048 ...
95820 [main] INFO main.java.edu.mit.compbio.bisulfitehic.mapping.Bhmem  - Processing reads 230000 ...
95820 [main] INFO main.java.edu.mit.compbio.bisulfitehic.mapping.Bhmem  - Unique mapped and paired reads 227048 ...
[M::mem_process_seqs] Processed 1001 reads in 1.208 CPU sec, 0.153 real sec
[M::mem_process_seqs] Processed 1001 reads in 1.119 CPU sec, 0.144 real sec
[M::mem_process_seqs] Processed 1001 reads in 0.969 CPU sec, 0.141 real sec
[M::mem_process_seqs] Processed 1001 reads in 0.821 CPU sec, 0.120 real sec
96532 [main] INFO main.java.edu.mit.compbio.bisulfitehic.mapping.Bhmem  - Processing reads 231000 ...
96532 [main] INFO main.java.edu.mit.compbio.bisulfitehic.mapping.Bhmem  - Unique mapped and paired reads 229016 ...
96535 [main] INFO main.java.edu.mit.compbio.bisulfitehic.mapping.Bhmem  - Processing reads 232000 ...
96535 [main] INFO main.java.edu.mit.compbio.bisulfitehic.mapping.Bhmem  - Unique mapped and paired reads 229016 ...
[M::mem_process_seqs] Processed 1001 reads in 1.002 CPU sec, 0.128 real sec
[M::mem_process_seqs] Processed 1001 reads in 0.959 CPU sec, 0.139 real sec
[M::mem_process_seqs] Processed 1001 reads in 1.071 CPU sec, 0.160 real sec
[M::mem_process_seqs] Processed 1001 reads in 1.142 CPU sec, 0.169 real sec
97249 [main] INFO main.java.edu.mit.compbio.bisulfitehic.mapping.Bhmem  - Processing reads 233000 ...
97249 [main] INFO main.java.edu.mit.compbio.bisulfitehic.mapping.Bhmem  - Unique mapped and paired reads 231008 ...
97252 [main] INFO main.java.edu.mit.compbio.bisulfitehic.mapping.Bhmem  - Processing reads 234000 ...
97252 [main] INFO main.java.edu.mit.compbio.bisulfitehic.mapping.Bhmem  - Unique mapped and paired reads 231008 ...
[M::mem_process_seqs] Processed 1001 reads in 1.034 CPU sec, 0.132 real sec
[M::mem_process_seqs] Processed 1001 reads in 0.961 CPU sec, 0.160 real sec
[M::mem_process_seqs] Processed 1001 reads in 1.184 CPU sec, 0.173 real sec
[M::mem_process_seqs] Processed 1001 reads in 1.112 CPU sec, 0.161 real sec
98005 [main] INFO main.java.edu.mit.compbio.bisulfitehic.mapping.Bhmem  - Processing reads 235000 ...
98005 [main] INFO main.java.edu.mit.compbio.bisulfitehic.mapping.Bhmem  - Unique mapped and paired reads 232982 ...
98008 [main] INFO main.java.edu.mit.compbio.bisulfitehic.mapping.Bhmem  - Processing reads 236000 ...
98008 [main] INFO main.java.edu.mit.compbio.bisulfitehic.mapping.Bhmem  - Unique mapped and paired reads 232982 ...
[M::mem_process_seqs] Processed 1001 reads in 1.005 CPU sec, 0.127 real sec
[M::mem_process_seqs] Processed 1001 reads in 0.998 CPU sec, 0.145 real sec
[M::mem_process_seqs] Processed 1001 reads in 1.097 CPU sec, 0.147 real sec
[M::mem_process_seqs] Processed 1001 reads in 1.238 CPU sec, 0.181 real sec
98735 [main] INFO main.java.edu.mit.compbio.bisulfitehic.mapping.Bhmem  - Processing reads 237000 ...
98735 [main] INFO main.java.edu.mit.compbio.bisulfitehic.mapping.Bhmem  - Unique mapped and paired reads 234982 ...
98738 [main] INFO main.java.edu.mit.compbio.bisulfitehic.mapping.Bhmem  - Processing reads 238000 ...
98738 [main] INFO main.java.edu.mit.compbio.bisulfitehic.mapping.Bhmem  - Unique mapped and paired reads 234982 ...
[M::mem_process_seqs] Processed 1001 reads in 1.032 CPU sec, 0.133 real sec
[M::mem_process_seqs] Processed 1001 reads in 0.975 CPU sec, 0.141 real sec
[M::mem_process_seqs] Processed 1001 reads in 1.072 CPU sec, 0.157 real sec
[M::mem_process_seqs] Processed 1001 reads in 1.079 CPU sec, 0.157 real sec
99450 [main] INFO main.java.edu.mit.compbio.bisulfitehic.mapping.Bhmem  - Processing reads 239000 ...
99450 [main] INFO main.java.edu.mit.compbio.bisulfitehic.mapping.Bhmem  - Unique mapped and paired reads 236980 ...
99453 [main] INFO main.java.edu.mit.compbio.bisulfitehic.mapping.Bhmem  - Processing reads 240000 ...
99453 [main] INFO main.java.edu.mit.compbio.bisulfitehic.mapping.Bhmem  - Unique mapped and paired reads 236980 ...
[M::mem_process_seqs] Processed 1001 reads in 1.054 CPU sec, 0.153 real sec
[M::mem_process_seqs] Processed 1001 reads in 0.984 CPU sec, 0.130 real sec
[M::mem_process_seqs] Processed 1001 reads in 1.163 CPU sec, 0.170 real sec
[M::mem_process_seqs] Processed 1001 reads in 1.096 CPU sec, 0.164 real sec
100210 [main] INFO main.java.edu.mit.compbio.bisulfitehic.mapping.Bhmem  - Processing reads 241000 ...
100210 [main] INFO main.java.edu.mit.compbio.bisulfitehic.mapping.Bhmem  - Unique mapped and paired reads 238976 ...
100213 [main] INFO main.java.edu.mit.compbio.bisulfitehic.mapping.Bhmem  - Processing reads 242000 ...
100214 [main] INFO main.java.edu.mit.compbio.bisulfitehic.mapping.Bhmem  - Unique mapped and paired reads 238976 ...
[M::mem_process_seqs] Processed 1001 reads in 1.033 CPU sec, 0.148 real sec
[M::mem_process_seqs] Processed 1001 reads in 0.947 CPU sec, 0.137 real sec
[M::mem_process_seqs] Processed 1001 reads in 1.037 CPU sec, 0.133 real sec
[M::mem_process_seqs] Processed 1001 reads in 1.071 CPU sec, 0.138 real sec
100891 [main] INFO main.java.edu.mit.compbio.bisulfitehic.mapping.Bhmem  - Processing reads 243000 ...
100891 [main] INFO main.java.edu.mit.compbio.bisulfitehic.mapping.Bhmem  - Unique mapped and paired reads 240970 ...
100894 [main] INFO main.java.edu.mit.compbio.bisulfitehic.mapping.Bhmem  - Processing reads 244000 ...
100894 [main] INFO main.java.edu.mit.compbio.bisulfitehic.mapping.Bhmem  - Unique mapped and paired reads 240970 ...
[M::mem_process_seqs] Processed 1001 reads in 1.069 CPU sec, 0.138 real sec
[M::mem_process_seqs] Processed 1001 reads in 0.863 CPU sec, 0.125 real sec
[M::mem_process_seqs] Processed 1001 reads in 1.163 CPU sec, 0.161 real sec
[M::mem_process_seqs] Processed 1001 reads in 1.132 CPU sec, 0.145 real sec
101592 [main] INFO main.java.edu.mit.compbio.bisulfitehic.mapping.Bhmem  - Processing reads 245000 ...
101592 [main] INFO main.java.edu.mit.compbio.bisulfitehic.mapping.Bhmem  - Unique mapped and paired reads 242958 ...
101595 [main] INFO main.java.edu.mit.compbio.bisulfitehic.mapping.Bhmem  - Processing reads 246000 ...
101595 [main] INFO main.java.edu.mit.compbio.bisulfitehic.mapping.Bhmem  - Unique mapped and paired reads 242958 ...
[M::mem_process_seqs] Processed 1001 reads in 1.036 CPU sec, 0.133 real sec
[M::mem_process_seqs] Processed 1001 reads in 0.947 CPU sec, 0.139 real sec
[M::mem_process_seqs] Processed 1001 reads in 1.088 CPU sec, 0.161 real sec
[M::mem_process_seqs] Processed 1001 reads in 1.072 CPU sec, 0.156 real sec
102308 [main] INFO main.java.edu.mit.compbio.bisulfitehic.mapping.Bhmem  - Processing reads 247000 ...
102308 [main] INFO main.java.edu.mit.compbio.bisulfitehic.mapping.Bhmem  - Unique mapped and paired reads 244950 ...
102311 [main] INFO main.java.edu.mit.compbio.bisulfitehic.mapping.Bhmem  - Processing reads 248000 ...
102311 [main] INFO main.java.edu.mit.compbio.bisulfitehic.mapping.Bhmem  - Unique mapped and paired reads 244950 ...
[M::mem_process_seqs] Processed 1001 reads in 1.045 CPU sec, 0.138 real sec
[M::mem_process_seqs] Processed 1001 reads in 0.925 CPU sec, 0.134 real sec
[M::mem_process_seqs] Processed 1001 reads in 1.125 CPU sec, 0.163 real sec
[M::mem_process_seqs] Processed 1001 reads in 1.063 CPU sec, 0.136 real sec
103004 [main] INFO main.java.edu.mit.compbio.bisulfitehic.mapping.Bhmem  - Processing reads 249000 ...
103004 [main] INFO main.java.edu.mit.compbio.bisulfitehic.mapping.Bhmem  - Unique mapped and paired reads 246942 ...
103007 [main] INFO main.java.edu.mit.compbio.bisulfitehic.mapping.Bhmem  - Processing reads 250000 ...
103007 [main] INFO main.java.edu.mit.compbio.bisulfitehic.mapping.Bhmem  - Unique mapped and paired reads 246942 ...
[M::mem_process_seqs] Processed 1001 reads in 0.990 CPU sec, 0.128 real sec
[M::mem_process_seqs] Processed 1001 reads in 0.949 CPU sec, 0.137 real sec
[M::mem_process_seqs] Processed 1001 reads in 1.067 CPU sec, 0.155 real sec
[M::mem_process_seqs] Processed 1001 reads in 1.082 CPU sec, 0.163 real sec
103741 [main] INFO main.java.edu.mit.compbio.bisulfitehic.mapping.Bhmem  - Processing reads 251000 ...
103742 [main] INFO main.java.edu.mit.compbio.bisulfitehic.mapping.Bhmem  - Unique mapped and paired reads 248926 ...
103745 [main] INFO main.java.edu.mit.compbio.bisulfitehic.mapping.Bhmem  - Processing reads 252000 ...
103745 [main] INFO main.java.edu.mit.compbio.bisulfitehic.mapping.Bhmem  - Unique mapped and paired reads 248926 ...
[M::mem_process_seqs] Processed 1001 reads in 1.032 CPU sec, 0.139 real sec
[M::mem_process_seqs] Processed 1001 reads in 0.911 CPU sec, 0.116 real sec
[M::mem_process_seqs] Processed 1001 reads in 1.044 CPU sec, 0.151 real sec
[M::mem_process_seqs] Processed 1001 reads in 0.971 CPU sec, 0.124 real sec
104395 [main] INFO main.java.edu.mit.compbio.bisulfitehic.mapping.Bhmem  - Processing reads 253000 ...
104395 [main] INFO main.java.edu.mit.compbio.bisulfitehic.mapping.Bhmem  - Unique mapped and paired reads 250914 ...
104398 [main] INFO main.java.edu.mit.compbio.bisulfitehic.mapping.Bhmem  - Processing reads 254000 ...
104399 [main] INFO main.java.edu.mit.compbio.bisulfitehic.mapping.Bhmem  - Unique mapped and paired reads 250914 ...
[M::mem_process_seqs] Processed 1001 reads in 0.961 CPU sec, 0.122 real sec
[M::mem_process_seqs] Processed 1001 reads in 0.936 CPU sec, 0.139 real sec
[M::mem_process_seqs] Processed 1001 reads in 1.014 CPU sec, 0.148 real sec
[M::mem_process_seqs] Processed 1001 reads in 1.025 CPU sec, 0.154 real sec
105081 [main] INFO main.java.edu.mit.compbio.bisulfitehic.mapping.Bhmem  - Processing reads 255000 ...
105081 [main] INFO main.java.edu.mit.compbio.bisulfitehic.mapping.Bhmem  - Unique mapped and paired reads 252906 ...
105084 [main] INFO main.java.edu.mit.compbio.bisulfitehic.mapping.Bhmem  - Processing reads 256000 ...
105084 [main] INFO main.java.edu.mit.compbio.bisulfitehic.mapping.Bhmem  - Unique mapped and paired reads 252906 ...
[M::mem_process_seqs] Processed 1001 reads in 1.177 CPU sec, 0.169 real sec
[M::mem_process_seqs] Processed 1001 reads in 1.094 CPU sec, 0.139 real sec
[M::mem_process_seqs] Processed 1001 reads in 0.835 CPU sec, 0.107 real sec
[M::mem_process_seqs] Processed 1001 reads in 0.799 CPU sec, 0.117 real sec
105795 [main] INFO main.java.edu.mit.compbio.bisulfitehic.mapping.Bhmem  - Processing reads 257000 ...
105795 [main] INFO main.java.edu.mit.compbio.bisulfitehic.mapping.Bhmem  - Unique mapped and paired reads 254888 ...
105798 [main] INFO main.java.edu.mit.compbio.bisulfitehic.mapping.Bhmem  - Processing reads 258000 ...
105798 [main] INFO main.java.edu.mit.compbio.bisulfitehic.mapping.Bhmem  - Unique mapped and paired reads 254888 ...
[M::mem_process_seqs] Processed 1001 reads in 1.149 CPU sec, 0.145 real sec
[M::mem_process_seqs] Processed 1001 reads in 1.043 CPU sec, 0.131 real sec
[M::mem_process_seqs] Processed 1001 reads in 0.951 CPU sec, 0.138 real sec
[M::mem_process_seqs] Processed 1001 reads in 0.849 CPU sec, 0.124 real sec
106503 [main] INFO main.java.edu.mit.compbio.bisulfitehic.mapping.Bhmem  - Processing reads 259000 ...
106503 [main] INFO main.java.edu.mit.compbio.bisulfitehic.mapping.Bhmem  - Unique mapped and paired reads 256872 ...
106506 [main] INFO main.java.edu.mit.compbio.bisulfitehic.mapping.Bhmem  - Processing reads 260000 ...
106506 [main] INFO main.java.edu.mit.compbio.bisulfitehic.mapping.Bhmem  - Unique mapped and paired reads 256872 ...
[M::mem_process_seqs] Processed 1001 reads in 1.109 CPU sec, 0.143 real sec
[M::mem_process_seqs] Processed 1001 reads in 1.148 CPU sec, 0.376 real sec
[M::mem_process_seqs] Processed 1001 reads in 1.011 CPU sec, 0.129 real sec
[M::mem_process_seqs] Processed 1001 reads in 0.881 CPU sec, 0.114 real sec
107416 [main] INFO main.java.edu.mit.compbio.bisulfitehic.mapping.Bhmem  - Processing reads 261000 ...
107416 [main] INFO main.java.edu.mit.compbio.bisulfitehic.mapping.Bhmem  - Unique mapped and paired reads 258862 ...
107419 [main] INFO main.java.edu.mit.compbio.bisulfitehic.mapping.Bhmem  - Processing reads 262000 ...
107419 [main] INFO main.java.edu.mit.compbio.bisulfitehic.mapping.Bhmem  - Unique mapped and paired reads 258862 ...
[M::mem_process_seqs] Processed 1001 reads in 0.987 CPU sec, 0.126 real sec
[M::mem_process_seqs] Processed 1001 reads in 0.951 CPU sec, 0.137 real sec
[M::mem_process_seqs] Processed 1001 reads in 1.007 CPU sec, 0.147 real sec
[M::mem_process_seqs] Processed 1001 reads in 1.140 CPU sec, 0.172 real sec
108117 [main] INFO main.java.edu.mit.compbio.bisulfitehic.mapping.Bhmem  - Processing reads 263000 ...
108117 [main] INFO main.java.edu.mit.compbio.bisulfitehic.mapping.Bhmem  - Unique mapped and paired reads 260854 ...
108120 [main] INFO main.java.edu.mit.compbio.bisulfitehic.mapping.Bhmem  - Processing reads 264000 ...
108120 [main] INFO main.java.edu.mit.compbio.bisulfitehic.mapping.Bhmem  - Unique mapped and paired reads 260854 ...
[M::mem_process_seqs] Processed 1001 reads in 0.984 CPU sec, 0.134 real sec
[M::mem_process_seqs] Processed 1001 reads in 0.997 CPU sec, 0.146 real sec
[M::mem_process_seqs] Processed 1001 reads in 1.082 CPU sec, 0.157 real sec
[M::mem_process_seqs] Processed 1001 reads in 0.995 CPU sec, 0.145 real sec
108826 [main] INFO main.java.edu.mit.compbio.bisulfitehic.mapping.Bhmem  - Processing reads 265000 ...
108826 [main] INFO main.java.edu.mit.compbio.bisulfitehic.mapping.Bhmem  - Unique mapped and paired reads 262850 ...
108829 [main] INFO main.java.edu.mit.compbio.bisulfitehic.mapping.Bhmem  - Processing reads 266000 ...
108829 [main] INFO main.java.edu.mit.compbio.bisulfitehic.mapping.Bhmem  - Unique mapped and paired reads 262850 ...
[M::mem_process_seqs] Processed 1001 reads in 1.081 CPU sec, 0.140 real sec
[M::mem_process_seqs] Processed 1001 reads in 0.907 CPU sec, 0.117 real sec
[M::mem_process_seqs] Processed 1001 reads in 1.100 CPU sec, 0.162 real sec
[M::mem_process_seqs] Processed 1001 reads in 1.071 CPU sec, 0.137 real sec
109513 [main] INFO main.java.edu.mit.compbio.bisulfitehic.mapping.Bhmem  - Processing reads 267000 ...
109513 [main] INFO main.java.edu.mit.compbio.bisulfitehic.mapping.Bhmem  - Unique mapped and paired reads 264840 ...
109516 [main] INFO main.java.edu.mit.compbio.bisulfitehic.mapping.Bhmem  - Processing reads 268000 ...
109516 [main] INFO main.java.edu.mit.compbio.bisulfitehic.mapping.Bhmem  - Unique mapped and paired reads 264840 ...
[M::mem_process_seqs] Processed 1001 reads in 0.982 CPU sec, 0.125 real sec
[M::mem_process_seqs] Processed 1001 reads in 0.950 CPU sec, 0.141 real sec
[M::mem_process_seqs] Processed 1001 reads in 1.026 CPU sec, 0.151 real sec
[M::mem_process_seqs] Processed 1001 reads in 1.118 CPU sec, 0.186 real sec
110256 [main] INFO main.java.edu.mit.compbio.bisulfitehic.mapping.Bhmem  - Processing reads 269000 ...
110256 [main] INFO main.java.edu.mit.compbio.bisulfitehic.mapping.Bhmem  - Unique mapped and paired reads 266824 ...
110259 [main] INFO main.java.edu.mit.compbio.bisulfitehic.mapping.Bhmem  - Processing reads 270000 ...
110259 [main] INFO main.java.edu.mit.compbio.bisulfitehic.mapping.Bhmem  - Unique mapped and paired reads 266824 ...
[M::mem_process_seqs] Processed 1001 reads in 1.180 CPU sec, 0.150 real sec
[M::mem_process_seqs] Processed 1001 reads in 0.979 CPU sec, 0.142 real sec
[M::mem_process_seqs] Processed 1001 reads in 1.235 CPU sec, 0.178 real sec
[M::mem_process_seqs] Processed 1001 reads in 1.202 CPU sec, 0.175 real sec
111037 [main] INFO main.java.edu.mit.compbio.bisulfitehic.mapping.Bhmem  - Processing reads 271000 ...
111037 [main] INFO main.java.edu.mit.compbio.bisulfitehic.mapping.Bhmem  - Unique mapped and paired reads 268820 ...
111040 [main] INFO main.java.edu.mit.compbio.bisulfitehic.mapping.Bhmem  - Processing reads 272000 ...
111040 [main] INFO main.java.edu.mit.compbio.bisulfitehic.mapping.Bhmem  - Unique mapped and paired reads 268820 ...
[M::mem_process_seqs] Processed 1001 reads in 1.012 CPU sec, 0.128 real sec
[M::mem_process_seqs] Processed 1001 reads in 0.970 CPU sec, 0.123 real sec
[M::mem_process_seqs] Processed 1001 reads in 1.028 CPU sec, 0.131 real sec
[M::mem_process_seqs] Processed 1001 reads in 1.086 CPU sec, 0.160 real sec
111700 [main] INFO main.java.edu.mit.compbio.bisulfitehic.mapping.Bhmem  - Processing reads 273000 ...
111700 [main] INFO main.java.edu.mit.compbio.bisulfitehic.mapping.Bhmem  - Unique mapped and paired reads 270810 ...
111703 [main] INFO main.java.edu.mit.compbio.bisulfitehic.mapping.Bhmem  - Processing reads 274000 ...
111703 [main] INFO main.java.edu.mit.compbio.bisulfitehic.mapping.Bhmem  - Unique mapped and paired reads 270810 ...
[M::mem_process_seqs] Processed 1001 reads in 0.957 CPU sec, 0.125 real sec
[M::mem_process_seqs] Processed 1001 reads in 0.938 CPU sec, 0.137 real sec
[M::mem_process_seqs] Processed 1001 reads in 1.053 CPU sec, 0.153 real sec
[M::mem_process_seqs] Processed 1001 reads in 1.109 CPU sec, 0.141 real sec
112388 [main] INFO main.java.edu.mit.compbio.bisulfitehic.mapping.Bhmem  - Processing reads 275000 ...
112388 [main] INFO main.java.edu.mit.compbio.bisulfitehic.mapping.Bhmem  - Unique mapped and paired reads 272802 ...
112391 [main] INFO main.java.edu.mit.compbio.bisulfitehic.mapping.Bhmem  - Processing reads 276000 ...
112391 [main] INFO main.java.edu.mit.compbio.bisulfitehic.mapping.Bhmem  - Unique mapped and paired reads 272802 ...
[M::mem_process_seqs] Processed 1001 reads in 1.127 CPU sec, 0.143 real sec
[M::mem_process_seqs] Processed 1001 reads in 0.953 CPU sec, 0.121 real sec
[M::mem_process_seqs] Processed 1001 reads in 1.156 CPU sec, 0.176 real sec
[M::mem_process_seqs] Processed 1001 reads in 1.209 CPU sec, 0.198 real sec
113176 [main] INFO main.java.edu.mit.compbio.bisulfitehic.mapping.Bhmem  - Processing reads 277000 ...
113176 [main] INFO main.java.edu.mit.compbio.bisulfitehic.mapping.Bhmem  - Unique mapped and paired reads 274798 ...
113179 [main] INFO main.java.edu.mit.compbio.bisulfitehic.mapping.Bhmem  - Processing reads 278000 ...
113179 [main] INFO main.java.edu.mit.compbio.bisulfitehic.mapping.Bhmem  - Unique mapped and paired reads 274798 ...
[M::mem_process_seqs] Processed 1001 reads in 1.069 CPU sec, 0.152 real sec
[M::mem_process_seqs] Processed 1001 reads in 1.016 CPU sec, 0.147 real sec
[M::mem_process_seqs] Processed 1001 reads in 1.103 CPU sec, 0.173 real sec
[M::mem_process_seqs] Processed 1001 reads in 1.137 CPU sec, 0.144 real sec
113927 [main] INFO main.java.edu.mit.compbio.bisulfitehic.mapping.Bhmem  - Processing reads 279000 ...
113928 [main] INFO main.java.edu.mit.compbio.bisulfitehic.mapping.Bhmem  - Unique mapped and paired reads 276784 ...
113931 [main] INFO main.java.edu.mit.compbio.bisulfitehic.mapping.Bhmem  - Processing reads 280000 ...
113931 [main] INFO main.java.edu.mit.compbio.bisulfitehic.mapping.Bhmem  - Unique mapped and paired reads 276784 ...
[M::mem_process_seqs] Processed 1001 reads in 1.114 CPU sec, 0.153 real sec
[M::mem_process_seqs] Processed 1001 reads in 1.071 CPU sec, 0.155 real sec
[M::mem_process_seqs] Processed 1001 reads in 1.133 CPU sec, 0.165 real sec
[M::mem_process_seqs] Processed 1001 reads in 1.155 CPU sec, 0.147 real sec
114691 [main] INFO main.java.edu.mit.compbio.bisulfitehic.mapping.Bhmem  - Processing reads 281000 ...
114691 [main] INFO main.java.edu.mit.compbio.bisulfitehic.mapping.Bhmem  - Unique mapped and paired reads 278776 ...
114694 [main] INFO main.java.edu.mit.compbio.bisulfitehic.mapping.Bhmem  - Processing reads 282000 ...
114694 [main] INFO main.java.edu.mit.compbio.bisulfitehic.mapping.Bhmem  - Unique mapped and paired reads 278776 ...
[M::mem_process_seqs] Processed 1001 reads in 1.050 CPU sec, 0.135 real sec
[M::mem_process_seqs] Processed 1001 reads in 1.005 CPU sec, 0.146 real sec
[M::mem_process_seqs] Processed 1001 reads in 1.095 CPU sec, 0.140 real sec
[M::mem_process_seqs] Processed 1001 reads in 1.058 CPU sec, 0.154 real sec
115413 [main] INFO main.java.edu.mit.compbio.bisulfitehic.mapping.Bhmem  - Processing reads 283000 ...
115413 [main] INFO main.java.edu.mit.compbio.bisulfitehic.mapping.Bhmem  - Unique mapped and paired reads 280764 ...
115416 [main] INFO main.java.edu.mit.compbio.bisulfitehic.mapping.Bhmem  - Processing reads 284000 ...
115416 [main] INFO main.java.edu.mit.compbio.bisulfitehic.mapping.Bhmem  - Unique mapped and paired reads 280764 ...
[M::mem_process_seqs] Processed 1001 reads in 1.039 CPU sec, 0.132 real sec
[M::mem_process_seqs] Processed 1001 reads in 0.992 CPU sec, 0.152 real sec
[M::mem_process_seqs] Processed 1001 reads in 1.077 CPU sec, 0.137 real sec
[M::mem_process_seqs] Processed 1001 reads in 1.113 CPU sec, 0.141 real sec
116101 [main] INFO main.java.edu.mit.compbio.bisulfitehic.mapping.Bhmem  - Processing reads 285000 ...
116101 [main] INFO main.java.edu.mit.compbio.bisulfitehic.mapping.Bhmem  - Unique mapped and paired reads 282750 ...
116104 [main] INFO main.java.edu.mit.compbio.bisulfitehic.mapping.Bhmem  - Processing reads 286000 ...
116104 [main] INFO main.java.edu.mit.compbio.bisulfitehic.mapping.Bhmem  - Unique mapped and paired reads 282750 ...
[M::mem_process_seqs] Processed 1001 reads in 0.978 CPU sec, 0.127 real sec
[M::mem_process_seqs] Processed 1001 reads in 0.901 CPU sec, 0.130 real sec
[M::mem_process_seqs] Processed 1001 reads in 1.003 CPU sec, 0.128 real sec
[M::mem_process_seqs] Processed 1001 reads in 1.076 CPU sec, 0.158 real sec
116778 [main] INFO main.java.edu.mit.compbio.bisulfitehic.mapping.Bhmem  - Processing reads 287000 ...
116778 [main] INFO main.java.edu.mit.compbio.bisulfitehic.mapping.Bhmem  - Unique mapped and paired reads 284742 ...
116781 [main] INFO main.java.edu.mit.compbio.bisulfitehic.mapping.Bhmem  - Processing reads 288000 ...
116781 [main] INFO main.java.edu.mit.compbio.bisulfitehic.mapping.Bhmem  - Unique mapped and paired reads 284742 ...
[M::mem_process_seqs] Processed 1001 reads in 1.025 CPU sec, 0.136 real sec
[M::mem_process_seqs] Processed 1001 reads in 1.009 CPU sec, 0.154 real sec
[M::mem_process_seqs] Processed 1001 reads in 1.071 CPU sec, 0.155 real sec
[M::mem_process_seqs] Processed 1001 reads in 1.145 CPU sec, 0.147 real sec
117499 [main] INFO main.java.edu.mit.compbio.bisulfitehic.mapping.Bhmem  - Processing reads 289000 ...
117499 [main] INFO main.java.edu.mit.compbio.bisulfitehic.mapping.Bhmem  - Unique mapped and paired reads 286732 ...
117502 [main] INFO main.java.edu.mit.compbio.bisulfitehic.mapping.Bhmem  - Processing reads 290000 ...
117502 [main] INFO main.java.edu.mit.compbio.bisulfitehic.mapping.Bhmem  - Unique mapped and paired reads 286732 ...
[M::mem_process_seqs] Processed 1001 reads in 0.994 CPU sec, 0.127 real sec
[M::mem_process_seqs] Processed 1001 reads in 0.938 CPU sec, 0.139 real sec
[M::mem_process_seqs] Processed 1001 reads in 1.083 CPU sec, 0.139 real sec
[M::mem_process_seqs] Processed 1001 reads in 1.017 CPU sec, 0.129 real sec
118158 [main] INFO main.java.edu.mit.compbio.bisulfitehic.mapping.Bhmem  - Processing reads 291000 ...
118158 [main] INFO main.java.edu.mit.compbio.bisulfitehic.mapping.Bhmem  - Unique mapped and paired reads 288728 ...
118161 [main] INFO main.java.edu.mit.compbio.bisulfitehic.mapping.Bhmem  - Processing reads 292000 ...
118161 [main] INFO main.java.edu.mit.compbio.bisulfitehic.mapping.Bhmem  - Unique mapped and paired reads 288728 ...
[M::mem_process_seqs] Processed 1001 reads in 1.027 CPU sec, 0.131 real sec
[M::mem_process_seqs] Processed 1001 reads in 0.915 CPU sec, 0.122 real sec
[M::mem_process_seqs] Processed 1001 reads in 1.122 CPU sec, 0.163 real sec
[M::mem_process_seqs] Processed 1001 reads in 1.121 CPU sec, 0.161 real sec
118861 [main] INFO main.java.edu.mit.compbio.bisulfitehic.mapping.Bhmem  - Processing reads 293000 ...
118861 [main] INFO main.java.edu.mit.compbio.bisulfitehic.mapping.Bhmem  - Unique mapped and paired reads 290720 ...
118864 [main] INFO main.java.edu.mit.compbio.bisulfitehic.mapping.Bhmem  - Processing reads 294000 ...
118864 [main] INFO main.java.edu.mit.compbio.bisulfitehic.mapping.Bhmem  - Unique mapped and paired reads 290720 ...
[M::mem_process_seqs] Processed 1001 reads in 0.982 CPU sec, 0.126 real sec
[M::mem_process_seqs] Processed 1001 reads in 0.933 CPU sec, 0.140 real sec
[M::mem_process_seqs] Processed 1001 reads in 1.162 CPU sec, 0.172 real sec
[M::mem_process_seqs] Processed 1001 reads in 1.164 CPU sec, 0.169 real sec
119596 [main] INFO main.java.edu.mit.compbio.bisulfitehic.mapping.Bhmem  - Processing reads 295000 ...
119596 [main] INFO main.java.edu.mit.compbio.bisulfitehic.mapping.Bhmem  - Unique mapped and paired reads 292710 ...
119599 [main] INFO main.java.edu.mit.compbio.bisulfitehic.mapping.Bhmem  - Processing reads 296000 ...
119599 [main] INFO main.java.edu.mit.compbio.bisulfitehic.mapping.Bhmem  - Unique mapped and paired reads 292710 ...
[M::mem_process_seqs] Processed 1001 reads in 1.045 CPU sec, 0.134 real sec
[M::mem_process_seqs] Processed 1001 reads in 0.998 CPU sec, 0.126 real sec
[M::mem_process_seqs] Processed 1001 reads in 1.100 CPU sec, 0.141 real sec
[M::mem_process_seqs] Processed 1001 reads in 1.141 CPU sec, 0.164 real sec
120288 [main] INFO main.java.edu.mit.compbio.bisulfitehic.mapping.Bhmem  - Processing reads 297000 ...
120288 [main] INFO main.java.edu.mit.compbio.bisulfitehic.mapping.Bhmem  - Unique mapped and paired reads 294696 ...
120291 [main] INFO main.java.edu.mit.compbio.bisulfitehic.mapping.Bhmem  - Processing reads 298000 ...
120291 [main] INFO main.java.edu.mit.compbio.bisulfitehic.mapping.Bhmem  - Unique mapped and paired reads 294696 ...
[M::mem_process_seqs] Processed 1001 reads in 1.004 CPU sec, 0.196 real sec
[M::mem_process_seqs] Processed 1001 reads in 0.979 CPU sec, 0.124 real sec
[M::mem_process_seqs] Processed 1001 reads in 1.046 CPU sec, 0.133 real sec
[M::mem_process_seqs] Processed 1001 reads in 1.113 CPU sec, 0.141 real sec
121016 [main] INFO main.java.edu.mit.compbio.bisulfitehic.mapping.Bhmem  - Processing reads 299000 ...
121016 [main] INFO main.java.edu.mit.compbio.bisulfitehic.mapping.Bhmem  - Unique mapped and paired reads 296688 ...
121019 [main] INFO main.java.edu.mit.compbio.bisulfitehic.mapping.Bhmem  - Processing reads 300000 ...
121019 [main] INFO main.java.edu.mit.compbio.bisulfitehic.mapping.Bhmem  - Unique mapped and paired reads 296688 ...
[M::mem_process_seqs] Processed 1001 reads in 1.076 CPU sec, 0.154 real sec
[M::mem_process_seqs] Processed 1001 reads in 1.009 CPU sec, 0.130 real sec
[M::mem_process_seqs] Processed 1001 reads in 1.127 CPU sec, 0.163 real sec
[M::mem_process_seqs] Processed 1001 reads in 1.146 CPU sec, 0.165 real sec
121759 [main] INFO main.java.edu.mit.compbio.bisulfitehic.mapping.Bhmem  - Processing reads 301000 ...
121759 [main] INFO main.java.edu.mit.compbio.bisulfitehic.mapping.Bhmem  - Unique mapped and paired reads 298678 ...
121762 [main] INFO main.java.edu.mit.compbio.bisulfitehic.mapping.Bhmem  - Processing reads 302000 ...
121762 [main] INFO main.java.edu.mit.compbio.bisulfitehic.mapping.Bhmem  - Unique mapped and paired reads 298678 ...
[M::mem_process_seqs] Processed 1001 reads in 1.060 CPU sec, 0.139 real sec
[M::mem_process_seqs] Processed 1001 reads in 0.962 CPU sec, 0.140 real sec
[M::mem_process_seqs] Processed 1001 reads in 1.229 CPU sec, 0.156 real sec
[M::mem_process_seqs] Processed 1001 reads in 1.193 CPU sec, 0.151 real sec
122474 [main] INFO main.java.edu.mit.compbio.bisulfitehic.mapping.Bhmem  - Processing reads 303000 ...
122474 [main] INFO main.java.edu.mit.compbio.bisulfitehic.mapping.Bhmem  - Unique mapped and paired reads 300672 ...
122477 [main] INFO main.java.edu.mit.compbio.bisulfitehic.mapping.Bhmem  - Processing reads 304000 ...
122477 [main] INFO main.java.edu.mit.compbio.bisulfitehic.mapping.Bhmem  - Unique mapped and paired reads 300672 ...
[M::mem_process_seqs] Processed 1001 reads in 0.985 CPU sec, 0.124 real sec
[M::mem_process_seqs] Processed 1001 reads in 0.899 CPU sec, 0.130 real sec
[M::mem_process_seqs] Processed 1001 reads in 1.155 CPU sec, 0.171 real sec
[M::mem_process_seqs] Processed 1001 reads in 1.181 CPU sec, 0.170 real sec
123203 [main] INFO main.java.edu.mit.compbio.bisulfitehic.mapping.Bhmem  - Processing reads 305000 ...
123203 [main] INFO main.java.edu.mit.compbio.bisulfitehic.mapping.Bhmem  - Unique mapped and paired reads 302662 ...
123206 [main] INFO main.java.edu.mit.compbio.bisulfitehic.mapping.Bhmem  - Processing reads 306000 ...
123206 [main] INFO main.java.edu.mit.compbio.bisulfitehic.mapping.Bhmem  - Unique mapped and paired reads 302662 ...
[M::mem_process_seqs] Processed 1001 reads in 1.193 CPU sec, 0.152 real sec
[M::mem_process_seqs] Processed 1001 reads in 1.127 CPU sec, 0.163 real sec
[M::mem_process_seqs] Processed 1001 reads in 1.068 CPU sec, 0.156 real sec
[M::mem_process_seqs] Processed 1001 reads in 1.107 CPU sec, 0.162 real sec
123994 [main] INFO main.java.edu.mit.compbio.bisulfitehic.mapping.Bhmem  - Processing reads 307000 ...
123994 [main] INFO main.java.edu.mit.compbio.bisulfitehic.mapping.Bhmem  - Unique mapped and paired reads 304656 ...
123997 [main] INFO main.java.edu.mit.compbio.bisulfitehic.mapping.Bhmem  - Processing reads 308000 ...
123997 [main] INFO main.java.edu.mit.compbio.bisulfitehic.mapping.Bhmem  - Unique mapped and paired reads 304656 ...
[M::mem_process_seqs] Processed 1001 reads in 1.288 CPU sec, 0.163 real sec
[M::mem_process_seqs] Processed 1001 reads in 1.215 CPU sec, 0.154 real sec
[M::mem_process_seqs] Processed 1001 reads in 0.957 CPU sec, 0.124 real sec
[M::mem_process_seqs] Processed 1001 reads in 0.931 CPU sec, 0.121 real sec
124732 [main] INFO main.java.edu.mit.compbio.bisulfitehic.mapping.Bhmem  - Processing reads 309000 ...
124732 [main] INFO main.java.edu.mit.compbio.bisulfitehic.mapping.Bhmem  - Unique mapped and paired reads 306644 ...
124736 [main] INFO main.java.edu.mit.compbio.bisulfitehic.mapping.Bhmem  - Processing reads 310000 ...
124736 [main] INFO main.java.edu.mit.compbio.bisulfitehic.mapping.Bhmem  - Unique mapped and paired reads 306644 ...
[M::mem_process_seqs] Processed 1001 reads in 1.348 CPU sec, 0.188 real sec
[M::mem_process_seqs] Processed 1001 reads in 1.276 CPU sec, 0.160 real sec
[M::mem_process_seqs] Processed 1001 reads in 1.019 CPU sec, 0.143 real sec
[M::mem_process_seqs] Processed 1001 reads in 0.909 CPU sec, 0.229 real sec
125625 [main] INFO main.java.edu.mit.compbio.bisulfitehic.mapping.Bhmem  - Processing reads 311000 ...
125625 [main] INFO main.java.edu.mit.compbio.bisulfitehic.mapping.Bhmem  - Unique mapped and paired reads 308636 ...
125628 [main] INFO main.java.edu.mit.compbio.bisulfitehic.mapping.Bhmem  - Processing reads 312000 ...
125628 [main] INFO main.java.edu.mit.compbio.bisulfitehic.mapping.Bhmem  - Unique mapped and paired reads 308636 ...
[M::mem_process_seqs] Processed 1001 reads in 1.115 CPU sec, 0.141 real sec
[M::mem_process_seqs] Processed 1001 reads in 1.011 CPU sec, 0.154 real sec
[M::mem_process_seqs] Processed 1001 reads in 1.206 CPU sec, 0.176 real sec
[M::mem_process_seqs] Processed 1001 reads in 1.187 CPU sec, 0.176 real sec
126398 [main] INFO main.java.edu.mit.compbio.bisulfitehic.mapping.Bhmem  - Processing reads 313000 ...
126398 [main] INFO main.java.edu.mit.compbio.bisulfitehic.mapping.Bhmem  - Unique mapped and paired reads 310626 ...
126401 [main] INFO main.java.edu.mit.compbio.bisulfitehic.mapping.Bhmem  - Processing reads 314000 ...
126401 [main] INFO main.java.edu.mit.compbio.bisulfitehic.mapping.Bhmem  - Unique mapped and paired reads 310626 ...
[M::mem_process_seqs] Processed 1001 reads in 1.068 CPU sec, 0.144 real sec
[M::mem_process_seqs] Processed 1001 reads in 1.068 CPU sec, 0.155 real sec
[M::mem_process_seqs] Processed 1001 reads in 1.116 CPU sec, 0.166 real sec
[M::mem_process_seqs] Processed 1001 reads in 1.221 CPU sec, 0.168 real sec
127173 [main] INFO main.java.edu.mit.compbio.bisulfitehic.mapping.Bhmem  - Processing reads 315000 ...
127173 [main] INFO main.java.edu.mit.compbio.bisulfitehic.mapping.Bhmem  - Unique mapped and paired reads 312624 ...
127176 [main] INFO main.java.edu.mit.compbio.bisulfitehic.mapping.Bhmem  - Processing reads 316000 ...
127176 [main] INFO main.java.edu.mit.compbio.bisulfitehic.mapping.Bhmem  - Unique mapped and paired reads 312624 ...
[M::mem_process_seqs] Processed 1001 reads in 1.081 CPU sec, 0.171 real sec
[M::mem_process_seqs] Processed 1001 reads in 1.034 CPU sec, 0.152 real sec
[M::mem_process_seqs] Processed 1001 reads in 1.135 CPU sec, 0.150 real sec
[M::mem_process_seqs] Processed 1001 reads in 1.161 CPU sec, 0.147 real sec
127926 [main] INFO main.java.edu.mit.compbio.bisulfitehic.mapping.Bhmem  - Processing reads 317000 ...
127926 [main] INFO main.java.edu.mit.compbio.bisulfitehic.mapping.Bhmem  - Unique mapped and paired reads 314618 ...
127929 [main] INFO main.java.edu.mit.compbio.bisulfitehic.mapping.Bhmem  - Processing reads 318000 ...
127929 [main] INFO main.java.edu.mit.compbio.bisulfitehic.mapping.Bhmem  - Unique mapped and paired reads 314618 ...
[M::mem_process_seqs] Processed 1001 reads in 1.130 CPU sec, 0.145 real sec
[M::mem_process_seqs] Processed 1001 reads in 0.916 CPU sec, 0.134 real sec
[M::mem_process_seqs] Processed 1001 reads in 1.169 CPU sec, 0.170 real sec
[M::mem_process_seqs] Processed 1001 reads in 1.129 CPU sec, 0.165 real sec
128673 [main] INFO main.java.edu.mit.compbio.bisulfitehic.mapping.Bhmem  - Processing reads 319000 ...
128673 [main] INFO main.java.edu.mit.compbio.bisulfitehic.mapping.Bhmem  - Unique mapped and paired reads 316612 ...
128676 [main] INFO main.java.edu.mit.compbio.bisulfitehic.mapping.Bhmem  - Processing reads 320000 ...
128676 [main] INFO main.java.edu.mit.compbio.bisulfitehic.mapping.Bhmem  - Unique mapped and paired reads 316612 ...
[M::mem_process_seqs] Processed 1001 reads in 1.068 CPU sec, 0.154 real sec
[M::mem_process_seqs] Processed 1001 reads in 1.024 CPU sec, 0.135 real sec
[M::mem_process_seqs] Processed 1001 reads in 1.217 CPU sec, 0.161 real sec
[M::mem_process_seqs] Processed 1001 reads in 1.217 CPU sec, 0.181 real sec
129459 [main] INFO main.java.edu.mit.compbio.bisulfitehic.mapping.Bhmem  - Processing reads 321000 ...
129459 [main] INFO main.java.edu.mit.compbio.bisulfitehic.mapping.Bhmem  - Unique mapped and paired reads 318608 ...
129462 [main] INFO main.java.edu.mit.compbio.bisulfitehic.mapping.Bhmem  - Processing reads 322000 ...
129462 [main] INFO main.java.edu.mit.compbio.bisulfitehic.mapping.Bhmem  - Unique mapped and paired reads 318608 ...
[M::mem_process_seqs] Processed 1001 reads in 1.013 CPU sec, 0.129 real sec
[M::mem_process_seqs] Processed 1001 reads in 0.974 CPU sec, 0.125 real sec
[M::mem_process_seqs] Processed 1001 reads in 1.127 CPU sec, 0.144 real sec
[M::mem_process_seqs] Processed 1001 reads in 1.052 CPU sec, 0.155 real sec
130135 [main] INFO main.java.edu.mit.compbio.bisulfitehic.mapping.Bhmem  - Processing reads 323000 ...
130135 [main] INFO main.java.edu.mit.compbio.bisulfitehic.mapping.Bhmem  - Unique mapped and paired reads 320586 ...
130138 [main] INFO main.java.edu.mit.compbio.bisulfitehic.mapping.Bhmem  - Processing reads 324000 ...
130138 [main] INFO main.java.edu.mit.compbio.bisulfitehic.mapping.Bhmem  - Unique mapped and paired reads 320586 ...
[M::mem_process_seqs] Processed 1001 reads in 1.053 CPU sec, 0.136 real sec
[M::mem_process_seqs] Processed 1001 reads in 1.012 CPU sec, 0.148 real sec
[M::mem_process_seqs] Processed 1001 reads in 1.165 CPU sec, 0.168 real sec
[M::mem_process_seqs] Processed 1001 reads in 1.197 CPU sec, 0.173 real sec
130887 [main] INFO main.java.edu.mit.compbio.bisulfitehic.mapping.Bhmem  - Processing reads 325000 ...
130887 [main] INFO main.java.edu.mit.compbio.bisulfitehic.mapping.Bhmem  - Unique mapped and paired reads 322584 ...
130890 [main] INFO main.java.edu.mit.compbio.bisulfitehic.mapping.Bhmem  - Processing reads 326000 ...
130890 [main] INFO main.java.edu.mit.compbio.bisulfitehic.mapping.Bhmem  - Unique mapped and paired reads 322584 ...
[M::mem_process_seqs] Processed 1001 reads in 1.092 CPU sec, 0.139 real sec
[M::mem_process_seqs] Processed 1001 reads in 1.040 CPU sec, 0.132 real sec
[M::mem_process_seqs] Processed 1001 reads in 1.264 CPU sec, 0.199 real sec
[M::mem_process_seqs] Processed 1001 reads in 1.274 CPU sec, 0.190 real sec
131697 [main] INFO main.java.edu.mit.compbio.bisulfitehic.mapping.Bhmem  - Processing reads 327000 ...
131697 [main] INFO main.java.edu.mit.compbio.bisulfitehic.mapping.Bhmem  - Unique mapped and paired reads 324582 ...
131700 [main] INFO main.java.edu.mit.compbio.bisulfitehic.mapping.Bhmem  - Processing reads 328000 ...
131700 [main] INFO main.java.edu.mit.compbio.bisulfitehic.mapping.Bhmem  - Unique mapped and paired reads 324582 ...
[M::mem_process_seqs] Processed 1001 reads in 0.994 CPU sec, 0.128 real sec
[M::mem_process_seqs] Processed 1001 reads in 0.986 CPU sec, 0.142 real sec
[M::mem_process_seqs] Processed 1001 reads in 1.146 CPU sec, 0.168 real sec
[M::mem_process_seqs] Processed 1001 reads in 1.233 CPU sec, 0.161 real sec
132434 [main] INFO main.java.edu.mit.compbio.bisulfitehic.mapping.Bhmem  - Processing reads 329000 ...
132434 [main] INFO main.java.edu.mit.compbio.bisulfitehic.mapping.Bhmem  - Unique mapped and paired reads 326578 ...
132438 [main] INFO main.java.edu.mit.compbio.bisulfitehic.mapping.Bhmem  - Processing reads 330000 ...
132438 [main] INFO main.java.edu.mit.compbio.bisulfitehic.mapping.Bhmem  - Unique mapped and paired reads 326578 ...
[M::mem_process_seqs] Processed 1001 reads in 1.029 CPU sec, 0.131 real sec
[M::mem_process_seqs] Processed 1001 reads in 0.988 CPU sec, 0.125 real sec
[M::mem_process_seqs] Processed 1001 reads in 1.193 CPU sec, 0.151 real sec
[M::mem_process_seqs] Processed 1001 reads in 1.323 CPU sec, 0.168 real sec
133141 [main] INFO main.java.edu.mit.compbio.bisulfitehic.mapping.Bhmem  - Processing reads 331000 ...
133141 [main] INFO main.java.edu.mit.compbio.bisulfitehic.mapping.Bhmem  - Unique mapped and paired reads 328568 ...
133144 [main] INFO main.java.edu.mit.compbio.bisulfitehic.mapping.Bhmem  - Processing reads 332000 ...
133144 [main] INFO main.java.edu.mit.compbio.bisulfitehic.mapping.Bhmem  - Unique mapped and paired reads 328568 ...
[M::mem_process_seqs] Processed 1001 reads in 0.962 CPU sec, 0.124 real sec
[M::mem_process_seqs] Processed 1001 reads in 1.033 CPU sec, 0.152 real sec
[M::mem_process_seqs] Processed 1001 reads in 1.166 CPU sec, 0.173 real sec
[M::mem_process_seqs] Processed 1001 reads in 1.281 CPU sec, 0.164 real sec
133891 [main] INFO main.java.edu.mit.compbio.bisulfitehic.mapping.Bhmem  - Processing reads 333000 ...
133891 [main] INFO main.java.edu.mit.compbio.bisulfitehic.mapping.Bhmem  - Unique mapped and paired reads 330560 ...
133894 [main] INFO main.java.edu.mit.compbio.bisulfitehic.mapping.Bhmem  - Processing reads 334000 ...
133894 [main] INFO main.java.edu.mit.compbio.bisulfitehic.mapping.Bhmem  - Unique mapped and paired reads 330560 ...
[M::mem_process_seqs] Processed 1001 reads in 0.994 CPU sec, 0.126 real sec
[M::mem_process_seqs] Processed 1001 reads in 1.044 CPU sec, 0.158 real sec
[M::mem_process_seqs] Processed 1001 reads in 1.143 CPU sec, 0.146 real sec
[M::mem_process_seqs] Processed 1001 reads in 1.184 CPU sec, 0.173 real sec
134629 [main] INFO main.java.edu.mit.compbio.bisulfitehic.mapping.Bhmem  - Processing reads 335000 ...
134629 [main] INFO main.java.edu.mit.compbio.bisulfitehic.mapping.Bhmem  - Unique mapped and paired reads 332552 ...
134632 [main] INFO main.java.edu.mit.compbio.bisulfitehic.mapping.Bhmem  - Processing reads 336000 ...
134632 [main] INFO main.java.edu.mit.compbio.bisulfitehic.mapping.Bhmem  - Unique mapped and paired reads 332552 ...
[M::mem_process_seqs] Processed 1001 reads in 1.143 CPU sec, 0.146 real sec
[M::mem_process_seqs] Processed 1001 reads in 1.015 CPU sec, 0.128 real sec
[M::mem_process_seqs] Processed 1001 reads in 1.009 CPU sec, 0.172 real sec
[M::mem_process_seqs] Processed 1001 reads in 1.165 CPU sec, 0.172 real sec
135413 [main] INFO main.java.edu.mit.compbio.bisulfitehic.mapping.Bhmem  - Processing reads 337000 ...
135413 [main] INFO main.java.edu.mit.compbio.bisulfitehic.mapping.Bhmem  - Unique mapped and paired reads 334530 ...
135416 [main] INFO main.java.edu.mit.compbio.bisulfitehic.mapping.Bhmem  - Processing reads 338000 ...
135416 [main] INFO main.java.edu.mit.compbio.bisulfitehic.mapping.Bhmem  - Unique mapped and paired reads 334530 ...
[M::mem_process_seqs] Processed 1001 reads in 1.391 CPU sec, 0.179 real sec
[M::mem_process_seqs] Processed 1001 reads in 1.276 CPU sec, 0.185 real sec
[M::mem_process_seqs] Processed 1001 reads in 1.029 CPU sec, 0.130 real sec
[M::mem_process_seqs] Processed 1001 reads in 1.038 CPU sec, 0.143 real sec
136229 [main] INFO main.java.edu.mit.compbio.bisulfitehic.mapping.Bhmem  - Processing reads 339000 ...
136229 [main] INFO main.java.edu.mit.compbio.bisulfitehic.mapping.Bhmem  - Unique mapped and paired reads 336516 ...
136232 [main] INFO main.java.edu.mit.compbio.bisulfitehic.mapping.Bhmem  - Processing reads 340000 ...
136233 [main] INFO main.java.edu.mit.compbio.bisulfitehic.mapping.Bhmem  - Unique mapped and paired reads 336516 ...
[M::mem_process_seqs] Processed 1001 reads in 1.321 CPU sec, 0.167 real sec
[M::mem_process_seqs] Processed 1001 reads in 1.226 CPU sec, 0.176 real sec
[M::mem_process_seqs] Processed 1001 reads in 1.061 CPU sec, 0.163 real sec
[M::mem_process_seqs] Processed 1001 reads in 1.143 CPU sec, 0.218 real sec
137133 [main] INFO main.java.edu.mit.compbio.bisulfitehic.mapping.Bhmem  - Processing reads 341000 ...
137133 [main] INFO main.java.edu.mit.compbio.bisulfitehic.mapping.Bhmem  - Unique mapped and paired reads 338506 ...
137136 [main] INFO main.java.edu.mit.compbio.bisulfitehic.mapping.Bhmem  - Processing reads 342000 ...
137136 [main] INFO main.java.edu.mit.compbio.bisulfitehic.mapping.Bhmem  - Unique mapped and paired reads 338506 ...
[M::mem_process_seqs] Processed 1001 reads in 1.046 CPU sec, 0.136 real sec
[M::mem_process_seqs] Processed 1001 reads in 1.110 CPU sec, 0.166 real sec
[M::mem_process_seqs] Processed 1001 reads in 1.251 CPU sec, 0.159 real sec
[M::mem_process_seqs] Processed 1001 reads in 1.219 CPU sec, 0.178 real sec
137912 [main] INFO main.java.edu.mit.compbio.bisulfitehic.mapping.Bhmem  - Processing reads 343000 ...
137912 [main] INFO main.java.edu.mit.compbio.bisulfitehic.mapping.Bhmem  - Unique mapped and paired reads 340494 ...
137915 [main] INFO main.java.edu.mit.compbio.bisulfitehic.mapping.Bhmem  - Processing reads 344000 ...
137915 [main] INFO main.java.edu.mit.compbio.bisulfitehic.mapping.Bhmem  - Unique mapped and paired reads 340494 ...
[M::mem_process_seqs] Processed 1001 reads in 1.058 CPU sec, 0.134 real sec
[M::mem_process_seqs] Processed 1001 reads in 1.083 CPU sec, 0.157 real sec
[M::mem_process_seqs] Processed 1001 reads in 1.303 CPU sec, 0.167 real sec
[M::mem_process_seqs] Processed 1001 reads in 1.347 CPU sec, 0.175 real sec
138685 [main] INFO main.java.edu.mit.compbio.bisulfitehic.mapping.Bhmem  - Processing reads 345000 ...
138685 [main] INFO main.java.edu.mit.compbio.bisulfitehic.mapping.Bhmem  - Unique mapped and paired reads 342488 ...
138688 [main] INFO main.java.edu.mit.compbio.bisulfitehic.mapping.Bhmem  - Processing reads 346000 ...
138688 [main] INFO main.java.edu.mit.compbio.bisulfitehic.mapping.Bhmem  - Unique mapped and paired reads 342488 ...
[M::mem_process_seqs] Processed 1001 reads in 1.188 CPU sec, 0.151 real sec
[M::mem_process_seqs] Processed 1001 reads in 1.119 CPU sec, 0.145 real sec
[M::mem_process_seqs] Processed 1001 reads in 1.373 CPU sec, 0.203 real sec
[M::mem_process_seqs] Processed 1001 reads in 1.379 CPU sec, 0.201 real sec
139530 [main] INFO main.java.edu.mit.compbio.bisulfitehic.mapping.Bhmem  - Processing reads 347000 ...
139530 [main] INFO main.java.edu.mit.compbio.bisulfitehic.mapping.Bhmem  - Unique mapped and paired reads 344478 ...
139533 [main] INFO main.java.edu.mit.compbio.bisulfitehic.mapping.Bhmem  - Processing reads 348000 ...
139533 [main] INFO main.java.edu.mit.compbio.bisulfitehic.mapping.Bhmem  - Unique mapped and paired reads 344478 ...
[M::mem_process_seqs] Processed 1001 reads in 0.959 CPU sec, 0.122 real sec
[M::mem_process_seqs] Processed 1001 reads in 0.839 CPU sec, 0.136 real sec
[M::mem_process_seqs] Processed 1001 reads in 1.072 CPU sec, 0.161 real sec
[M::mem_process_seqs] Processed 1001 reads in 0.953 CPU sec, 0.122 real sec
140188 [main] INFO main.java.edu.mit.compbio.bisulfitehic.mapping.Bhmem  - Processing reads 349000 ...
140188 [main] INFO main.java.edu.mit.compbio.bisulfitehic.mapping.Bhmem  - Unique mapped and paired reads 346472 ...
140191 [main] INFO main.java.edu.mit.compbio.bisulfitehic.mapping.Bhmem  - Processing reads 350000 ...
140191 [main] INFO main.java.edu.mit.compbio.bisulfitehic.mapping.Bhmem  - Unique mapped and paired reads 346472 ...
[M::mem_process_seqs] Processed 1001 reads in 0.898 CPU sec, 0.115 real sec
[M::mem_process_seqs] Processed 1001 reads in 0.853 CPU sec, 0.109 real sec
[M::mem_process_seqs] Processed 1001 reads in 0.993 CPU sec, 0.145 real sec
[M::mem_process_seqs] Processed 1001 reads in 1.000 CPU sec, 0.152 real sec
140822 [main] INFO main.java.edu.mit.compbio.bisulfitehic.mapping.Bhmem  - Processing reads 351000 ...
140822 [main] INFO main.java.edu.mit.compbio.bisulfitehic.mapping.Bhmem  - Unique mapped and paired reads 348470 ...
140825 [main] INFO main.java.edu.mit.compbio.bisulfitehic.mapping.Bhmem  - Processing reads 352000 ...
140825 [main] INFO main.java.edu.mit.compbio.bisulfitehic.mapping.Bhmem  - Unique mapped and paired reads 348470 ...
[M::mem_process_seqs] Processed 1001 reads in 0.852 CPU sec, 0.117 real sec
[M::mem_process_seqs] Processed 1001 reads in 0.767 CPU sec, 0.102 real sec
[M::mem_process_seqs] Processed 1001 reads in 0.957 CPU sec, 0.147 real sec
[M::mem_process_seqs] Processed 1001 reads in 0.914 CPU sec, 0.142 real sec
141452 [main] INFO main.java.edu.mit.compbio.bisulfitehic.mapping.Bhmem  - Processing reads 353000 ...
141452 [main] INFO main.java.edu.mit.compbio.bisulfitehic.mapping.Bhmem  - Unique mapped and paired reads 350456 ...
141455 [main] INFO main.java.edu.mit.compbio.bisulfitehic.mapping.Bhmem  - Processing reads 354000 ...
141455 [main] INFO main.java.edu.mit.compbio.bisulfitehic.mapping.Bhmem  - Unique mapped and paired reads 350456 ...
[M::mem_process_seqs] Processed 1001 reads in 0.856 CPU sec, 0.110 real sec
[M::mem_process_seqs] Processed 1001 reads in 0.873 CPU sec, 0.129 real sec
[M::mem_process_seqs] Processed 1001 reads in 0.881 CPU sec, 0.130 real sec
[M::mem_process_seqs] Processed 1001 reads in 0.942 CPU sec, 0.143 real sec
142083 [main] INFO main.java.edu.mit.compbio.bisulfitehic.mapping.Bhmem  - Processing reads 355000 ...
142083 [main] INFO main.java.edu.mit.compbio.bisulfitehic.mapping.Bhmem  - Unique mapped and paired reads 352440 ...
142086 [main] INFO main.java.edu.mit.compbio.bisulfitehic.mapping.Bhmem  - Processing reads 356000 ...
142086 [main] INFO main.java.edu.mit.compbio.bisulfitehic.mapping.Bhmem  - Unique mapped and paired reads 352440 ...
[M::mem_process_seqs] Processed 1001 reads in 0.984 CPU sec, 0.142 real sec
[M::mem_process_seqs] Processed 1001 reads in 0.843 CPU sec, 0.117 real sec
[M::mem_process_seqs] Processed 1001 reads in 1.046 CPU sec, 0.154 real sec
[M::mem_process_seqs] Processed 1001 reads in 0.983 CPU sec, 0.144 real sec
142758 [main] INFO main.java.edu.mit.compbio.bisulfitehic.mapping.Bhmem  - Processing reads 357000 ...
142758 [main] INFO main.java.edu.mit.compbio.bisulfitehic.mapping.Bhmem  - Unique mapped and paired reads 354432 ...
142761 [main] INFO main.java.edu.mit.compbio.bisulfitehic.mapping.Bhmem  - Processing reads 358000 ...
142761 [main] INFO main.java.edu.mit.compbio.bisulfitehic.mapping.Bhmem  - Unique mapped and paired reads 354432 ...
[M::mem_process_seqs] Processed 1001 reads in 0.901 CPU sec, 0.117 real sec
[M::mem_process_seqs] Processed 1001 reads in 0.883 CPU sec, 0.142 real sec
[M::mem_process_seqs] Processed 1001 reads in 1.057 CPU sec, 0.158 real sec
[M::mem_process_seqs] Processed 1001 reads in 1.003 CPU sec, 0.152 real sec
143457 [main] INFO main.java.edu.mit.compbio.bisulfitehic.mapping.Bhmem  - Processing reads 359000 ...
143457 [main] INFO main.java.edu.mit.compbio.bisulfitehic.mapping.Bhmem  - Unique mapped and paired reads 356420 ...
143460 [main] INFO main.java.edu.mit.compbio.bisulfitehic.mapping.Bhmem  - Processing reads 360000 ...
143460 [main] INFO main.java.edu.mit.compbio.bisulfitehic.mapping.Bhmem  - Unique mapped and paired reads 356420 ...
[M::mem_process_seqs] Processed 1001 reads in 0.895 CPU sec, 0.113 real sec
[M::mem_process_seqs] Processed 1001 reads in 0.932 CPU sec, 0.147 real sec
[M::mem_process_seqs] Processed 1001 reads in 1.017 CPU sec, 0.128 real sec
[M::mem_process_seqs] Processed 1001 reads in 0.988 CPU sec, 0.130 real sec
144092 [main] INFO main.java.edu.mit.compbio.bisulfitehic.mapping.Bhmem  - Processing reads 361000 ...
144092 [main] INFO main.java.edu.mit.compbio.bisulfitehic.mapping.Bhmem  - Unique mapped and paired reads 358410 ...
144095 [main] INFO main.java.edu.mit.compbio.bisulfitehic.mapping.Bhmem  - Processing reads 362000 ...
144095 [main] INFO main.java.edu.mit.compbio.bisulfitehic.mapping.Bhmem  - Unique mapped and paired reads 358410 ...
[M::mem_process_seqs] Processed 1001 reads in 0.895 CPU sec, 0.204 real sec
[M::mem_process_seqs] Processed 1001 reads in 0.940 CPU sec, 0.848 real sec
[M::mem_process_seqs] Processed 1001 reads in 1.009 CPU sec, 0.146 real sec
[M::mem_process_seqs] Processed 1001 reads in 1.044 CPU sec, 0.220 real sec
145657 [main] INFO main.java.edu.mit.compbio.bisulfitehic.mapping.Bhmem  - Processing reads 363000 ...
145657 [main] INFO main.java.edu.mit.compbio.bisulfitehic.mapping.Bhmem  - Unique mapped and paired reads 360402 ...
145660 [main] INFO main.java.edu.mit.compbio.bisulfitehic.mapping.Bhmem  - Processing reads 364000 ...
145660 [main] INFO main.java.edu.mit.compbio.bisulfitehic.mapping.Bhmem  - Unique mapped and paired reads 360402 ...
[M::mem_process_seqs] Processed 1001 reads in 0.993 CPU sec, 0.126 real sec
[M::mem_process_seqs] Processed 1001 reads in 0.936 CPU sec, 0.137 real sec
[M::mem_process_seqs] Processed 1001 reads in 1.110 CPU sec, 0.419 real sec
[M::mem_process_seqs] Processed 1001 reads in 1.097 CPU sec, 0.165 real sec
146638 [main] INFO main.java.edu.mit.compbio.bisulfitehic.mapping.Bhmem  - Processing reads 365000 ...
146639 [main] INFO main.java.edu.mit.compbio.bisulfitehic.mapping.Bhmem  - Unique mapped and paired reads 362396 ...
146641 [main] INFO main.java.edu.mit.compbio.bisulfitehic.mapping.Bhmem  - Processing reads 366000 ...
146642 [main] INFO main.java.edu.mit.compbio.bisulfitehic.mapping.Bhmem  - Unique mapped and paired reads 362396 ...
[M::mem_process_seqs] Processed 1001 reads in 0.851 CPU sec, 0.123 real sec
[M::mem_process_seqs] Processed 1001 reads in 0.900 CPU sec, 0.130 real sec
[M::mem_process_seqs] Processed 1001 reads in 1.051 CPU sec, 0.133 real sec
[M::mem_process_seqs] Processed 1001 reads in 1.026 CPU sec, 0.148 real sec
147298 [main] INFO main.java.edu.mit.compbio.bisulfitehic.mapping.Bhmem  - Processing reads 367000 ...
147299 [main] INFO main.java.edu.mit.compbio.bisulfitehic.mapping.Bhmem  - Unique mapped and paired reads 364390 ...
147302 [main] INFO main.java.edu.mit.compbio.bisulfitehic.mapping.Bhmem  - Processing reads 368000 ...
147302 [main] INFO main.java.edu.mit.compbio.bisulfitehic.mapping.Bhmem  - Unique mapped and paired reads 364390 ...
[M::mem_process_seqs] Processed 1001 reads in 1.085 CPU sec, 0.142 real sec
[M::mem_process_seqs] Processed 1001 reads in 1.014 CPU sec, 0.149 real sec
[M::mem_process_seqs] Processed 1001 reads in 1.209 CPU sec, 0.158 real sec
[M::mem_process_seqs] Processed 1001 reads in 1.082 CPU sec, 0.156 real sec
148032 [main] INFO main.java.edu.mit.compbio.bisulfitehic.mapping.Bhmem  - Processing reads 369000 ...
148032 [main] INFO main.java.edu.mit.compbio.bisulfitehic.mapping.Bhmem  - Unique mapped and paired reads 366380 ...
148035 [main] INFO main.java.edu.mit.compbio.bisulfitehic.mapping.Bhmem  - Processing reads 370000 ...
148035 [main] INFO main.java.edu.mit.compbio.bisulfitehic.mapping.Bhmem  - Unique mapped and paired reads 366380 ...
[M::mem_process_seqs] Processed 1001 reads in 1.046 CPU sec, 0.134 real sec
[M::mem_process_seqs] Processed 1001 reads in 0.911 CPU sec, 0.121 real sec
[M::mem_process_seqs] Processed 1001 reads in 1.099 CPU sec, 0.160 real sec
[M::mem_process_seqs] Processed 1001 reads in 1.054 CPU sec, 0.154 real sec
148727 [main] INFO main.java.edu.mit.compbio.bisulfitehic.mapping.Bhmem  - Processing reads 371000 ...
148727 [main] INFO main.java.edu.mit.compbio.bisulfitehic.mapping.Bhmem  - Unique mapped and paired reads 368374 ...
148730 [main] INFO main.java.edu.mit.compbio.bisulfitehic.mapping.Bhmem  - Processing reads 372000 ...
148730 [main] INFO main.java.edu.mit.compbio.bisulfitehic.mapping.Bhmem  - Unique mapped and paired reads 368374 ...
[M::mem_process_seqs] Processed 1001 reads in 0.999 CPU sec, 0.130 real sec
[M::mem_process_seqs] Processed 1001 reads in 0.938 CPU sec, 0.140 real sec
[M::mem_process_seqs] Processed 1001 reads in 1.100 CPU sec, 0.162 real sec
[M::mem_process_seqs] Processed 1001 reads in 1.080 CPU sec, 0.157 real sec
149445 [main] INFO main.java.edu.mit.compbio.bisulfitehic.mapping.Bhmem  - Processing reads 373000 ...
149445 [main] INFO main.java.edu.mit.compbio.bisulfitehic.mapping.Bhmem  - Unique mapped and paired reads 370372 ...
149448 [main] INFO main.java.edu.mit.compbio.bisulfitehic.mapping.Bhmem  - Processing reads 374000 ...
149448 [main] INFO main.java.edu.mit.compbio.bisulfitehic.mapping.Bhmem  - Unique mapped and paired reads 370372 ...
[M::mem_process_seqs] Processed 1001 reads in 0.974 CPU sec, 0.128 real sec
[M::mem_process_seqs] Processed 1001 reads in 0.915 CPU sec, 0.120 real sec
[M::mem_process_seqs] Processed 1001 reads in 1.008 CPU sec, 0.147 real sec
[M::mem_process_seqs] Processed 1001 reads in 1.081 CPU sec, 0.161 real sec
150125 [main] INFO main.java.edu.mit.compbio.bisulfitehic.mapping.Bhmem  - Processing reads 375000 ...
150125 [main] INFO main.java.edu.mit.compbio.bisulfitehic.mapping.Bhmem  - Unique mapped and paired reads 372352 ...
150128 [main] INFO main.java.edu.mit.compbio.bisulfitehic.mapping.Bhmem  - Processing reads 376000 ...
150128 [main] INFO main.java.edu.mit.compbio.bisulfitehic.mapping.Bhmem  - Unique mapped and paired reads 372352 ...
[M::mem_process_seqs] Processed 1001 reads in 0.945 CPU sec, 0.122 real sec
[M::mem_process_seqs] Processed 1001 reads in 0.899 CPU sec, 0.131 real sec
[M::mem_process_seqs] Processed 1001 reads in 1.027 CPU sec, 0.132 real sec
[M::mem_process_seqs] Processed 1001 reads in 1.048 CPU sec, 0.170 real sec
150805 [main] INFO main.java.edu.mit.compbio.bisulfitehic.mapping.Bhmem  - Processing reads 377000 ...
150805 [main] INFO main.java.edu.mit.compbio.bisulfitehic.mapping.Bhmem  - Unique mapped and paired reads 374348 ...
150808 [main] INFO main.java.edu.mit.compbio.bisulfitehic.mapping.Bhmem  - Processing reads 378000 ...
150808 [main] INFO main.java.edu.mit.compbio.bisulfitehic.mapping.Bhmem  - Unique mapped and paired reads 374348 ...
[M::mem_process_seqs] Processed 1001 reads in 0.878 CPU sec, 0.129 real sec
[M::mem_process_seqs] Processed 1001 reads in 0.941 CPU sec, 0.136 real sec
[M::mem_process_seqs] Processed 1001 reads in 0.944 CPU sec, 0.140 real sec
[M::mem_process_seqs] Processed 1001 reads in 1.050 CPU sec, 0.158 real sec
151489 [main] INFO main.java.edu.mit.compbio.bisulfitehic.mapping.Bhmem  - Processing reads 379000 ...
151489 [main] INFO main.java.edu.mit.compbio.bisulfitehic.mapping.Bhmem  - Unique mapped and paired reads 376342 ...
151492 [main] INFO main.java.edu.mit.compbio.bisulfitehic.mapping.Bhmem  - Processing reads 380000 ...
151492 [main] INFO main.java.edu.mit.compbio.bisulfitehic.mapping.Bhmem  - Unique mapped and paired reads 376342 ...
[M::mem_process_seqs] Processed 1001 reads in 0.996 CPU sec, 0.130 real sec
[M::mem_process_seqs] Processed 1001 reads in 0.887 CPU sec, 0.129 real sec
[M::mem_process_seqs] Processed 1001 reads in 1.058 CPU sec, 0.141 real sec
[M::mem_process_seqs] Processed 1001 reads in 1.032 CPU sec, 0.151 real sec
152170 [main] INFO main.java.edu.mit.compbio.bisulfitehic.mapping.Bhmem  - Processing reads 381000 ...
152170 [main] INFO main.java.edu.mit.compbio.bisulfitehic.mapping.Bhmem  - Unique mapped and paired reads 378334 ...
152173 [main] INFO main.java.edu.mit.compbio.bisulfitehic.mapping.Bhmem  - Processing reads 382000 ...
152173 [main] INFO main.java.edu.mit.compbio.bisulfitehic.mapping.Bhmem  - Unique mapped and paired reads 378334 ...
[M::mem_process_seqs] Processed 1001 reads in 0.949 CPU sec, 0.138 real sec
[M::mem_process_seqs] Processed 1001 reads in 0.965 CPU sec, 0.124 real sec
[M::mem_process_seqs] Processed 1001 reads in 0.934 CPU sec, 0.120 real sec
[M::mem_process_seqs] Processed 1001 reads in 1.088 CPU sec, 0.195 real sec
152862 [main] INFO main.java.edu.mit.compbio.bisulfitehic.mapping.Bhmem  - Processing reads 383000 ...
152862 [main] INFO main.java.edu.mit.compbio.bisulfitehic.mapping.Bhmem  - Unique mapped and paired reads 380322 ...
152865 [main] INFO main.java.edu.mit.compbio.bisulfitehic.mapping.Bhmem  - Processing reads 384000 ...
152865 [main] INFO main.java.edu.mit.compbio.bisulfitehic.mapping.Bhmem  - Unique mapped and paired reads 380322 ...
[M::mem_process_seqs] Processed 1001 reads in 0.921 CPU sec, 0.134 real sec
[M::mem_process_seqs] Processed 1001 reads in 0.888 CPU sec, 0.128 real sec
[M::mem_process_seqs] Processed 1001 reads in 0.966 CPU sec, 0.140 real sec
[M::mem_process_seqs] Processed 1001 reads in 0.995 CPU sec, 0.126 real sec
153507 [main] INFO main.java.edu.mit.compbio.bisulfitehic.mapping.Bhmem  - Processing reads 385000 ...
153507 [main] INFO main.java.edu.mit.compbio.bisulfitehic.mapping.Bhmem  - Unique mapped and paired reads 382312 ...
153510 [main] INFO main.java.edu.mit.compbio.bisulfitehic.mapping.Bhmem  - Processing reads 386000 ...
153510 [main] INFO main.java.edu.mit.compbio.bisulfitehic.mapping.Bhmem  - Unique mapped and paired reads 382312 ...
[M::mem_process_seqs] Processed 1001 reads in 0.938 CPU sec, 0.131 real sec
[M::mem_process_seqs] Processed 1001 reads in 0.903 CPU sec, 0.115 real sec
[M::mem_process_seqs] Processed 1001 reads in 0.921 CPU sec, 0.131 real sec
[M::mem_process_seqs] Processed 1001 reads in 1.008 CPU sec, 0.128 real sec
154129 [main] INFO main.java.edu.mit.compbio.bisulfitehic.mapping.Bhmem  - Processing reads 387000 ...
154129 [main] INFO main.java.edu.mit.compbio.bisulfitehic.mapping.Bhmem  - Unique mapped and paired reads 384304 ...
154132 [main] INFO main.java.edu.mit.compbio.bisulfitehic.mapping.Bhmem  - Processing reads 388000 ...
154132 [main] INFO main.java.edu.mit.compbio.bisulfitehic.mapping.Bhmem  - Unique mapped and paired reads 384304 ...
[M::mem_process_seqs] Processed 1001 reads in 0.975 CPU sec, 0.129 real sec
[M::mem_process_seqs] Processed 1001 reads in 0.852 CPU sec, 0.123 real sec
[M::mem_process_seqs] Processed 1001 reads in 0.977 CPU sec, 0.125 real sec
[M::mem_process_seqs] Processed 1001 reads in 0.965 CPU sec, 0.123 real sec
154752 [main] INFO main.java.edu.mit.compbio.bisulfitehic.mapping.Bhmem  - Processing reads 389000 ...
154752 [main] INFO main.java.edu.mit.compbio.bisulfitehic.mapping.Bhmem  - Unique mapped and paired reads 386292 ...
154755 [main] INFO main.java.edu.mit.compbio.bisulfitehic.mapping.Bhmem  - Processing reads 390000 ...
154755 [main] INFO main.java.edu.mit.compbio.bisulfitehic.mapping.Bhmem  - Unique mapped and paired reads 386292 ...
[M::mem_process_seqs] Processed 1001 reads in 0.856 CPU sec, 0.109 real sec
[M::mem_process_seqs] Processed 1001 reads in 0.788 CPU sec, 0.114 real sec
[M::mem_process_seqs] Processed 1001 reads in 0.934 CPU sec, 0.119 real sec
[M::mem_process_seqs] Processed 1001 reads in 0.932 CPU sec, 0.146 real sec
155364 [main] INFO main.java.edu.mit.compbio.bisulfitehic.mapping.Bhmem  - Processing reads 391000 ...
155364 [main] INFO main.java.edu.mit.compbio.bisulfitehic.mapping.Bhmem  - Unique mapped and paired reads 388284 ...
155367 [main] INFO main.java.edu.mit.compbio.bisulfitehic.mapping.Bhmem  - Processing reads 392000 ...
155367 [main] INFO main.java.edu.mit.compbio.bisulfitehic.mapping.Bhmem  - Unique mapped and paired reads 388284 ...
[M::mem_process_seqs] Processed 1001 reads in 0.931 CPU sec, 0.124 real sec
[M::mem_process_seqs] Processed 1001 reads in 0.880 CPU sec, 0.130 real sec
[M::mem_process_seqs] Processed 1001 reads in 1.062 CPU sec, 0.155 real sec
[M::mem_process_seqs] Processed 1001 reads in 1.064 CPU sec, 0.136 real sec
156025 [main] INFO main.java.edu.mit.compbio.bisulfitehic.mapping.Bhmem  - Processing reads 393000 ...
156025 [main] INFO main.java.edu.mit.compbio.bisulfitehic.mapping.Bhmem  - Unique mapped and paired reads 390278 ...
156028 [main] INFO main.java.edu.mit.compbio.bisulfitehic.mapping.Bhmem  - Processing reads 394000 ...
156028 [main] INFO main.java.edu.mit.compbio.bisulfitehic.mapping.Bhmem  - Unique mapped and paired reads 390278 ...
[M::mem_process_seqs] Processed 1001 reads in 0.955 CPU sec, 0.121 real sec
[M::mem_process_seqs] Processed 1001 reads in 0.941 CPU sec, 0.121 real sec
[M::mem_process_seqs] Processed 1001 reads in 0.982 CPU sec, 0.125 real sec
[M::mem_process_seqs] Processed 1001 reads in 1.001 CPU sec, 0.148 real sec
156664 [main] INFO main.java.edu.mit.compbio.bisulfitehic.mapping.Bhmem  - Processing reads 395000 ...
156664 [main] INFO main.java.edu.mit.compbio.bisulfitehic.mapping.Bhmem  - Unique mapped and paired reads 392272 ...
156667 [main] INFO main.java.edu.mit.compbio.bisulfitehic.mapping.Bhmem  - Processing reads 396000 ...
156667 [main] INFO main.java.edu.mit.compbio.bisulfitehic.mapping.Bhmem  - Unique mapped and paired reads 392272 ...
[M::mem_process_seqs] Processed 1001 reads in 1.095 CPU sec, 0.140 real sec
[M::mem_process_seqs] Processed 1001 reads in 0.931 CPU sec, 0.137 real sec
[M::mem_process_seqs] Processed 1001 reads in 1.082 CPU sec, 0.137 real sec
[M::mem_process_seqs] Processed 1001 reads in 1.059 CPU sec, 0.155 real sec
157366 [main] INFO main.java.edu.mit.compbio.bisulfitehic.mapping.Bhmem  - Processing reads 397000 ...
157366 [main] INFO main.java.edu.mit.compbio.bisulfitehic.mapping.Bhmem  - Unique mapped and paired reads 394264 ...
157369 [main] INFO main.java.edu.mit.compbio.bisulfitehic.mapping.Bhmem  - Processing reads 398000 ...
157369 [main] INFO main.java.edu.mit.compbio.bisulfitehic.mapping.Bhmem  - Unique mapped and paired reads 394264 ...
[M::mem_process_seqs] Processed 1001 reads in 0.999 CPU sec, 0.128 real sec
[M::mem_process_seqs] Processed 1001 reads in 0.967 CPU sec, 0.140 real sec
[M::mem_process_seqs] Processed 1001 reads in 1.009 CPU sec, 0.128 real sec
[M::mem_process_seqs] Processed 1001 reads in 1.148 CPU sec, 0.169 real sec
158053 [main] INFO main.java.edu.mit.compbio.bisulfitehic.mapping.Bhmem  - Processing reads 399000 ...
158053 [main] INFO main.java.edu.mit.compbio.bisulfitehic.mapping.Bhmem  - Unique mapped and paired reads 396256 ...
158056 [main] INFO main.java.edu.mit.compbio.bisulfitehic.mapping.Bhmem  - Processing reads 400000 ...
158056 [main] INFO main.java.edu.mit.compbio.bisulfitehic.mapping.Bhmem  - Unique mapped and paired reads 396256 ...
[M::mem_process_seqs] Processed 1001 reads in 1.138 CPU sec, 0.155 real sec
[M::mem_process_seqs] Processed 1001 reads in 1.015 CPU sec, 0.129 real sec
[M::mem_process_seqs] Processed 1001 reads in 1.151 CPU sec, 0.150 real sec
[M::mem_process_seqs] Processed 1001 reads in 1.096 CPU sec, 0.142 real sec
158762 [main] INFO main.java.edu.mit.compbio.bisulfitehic.mapping.Bhmem  - Processing reads 401000 ...
158762 [main] INFO main.java.edu.mit.compbio.bisulfitehic.mapping.Bhmem  - Unique mapped and paired reads 398250 ...
158765 [main] INFO main.java.edu.mit.compbio.bisulfitehic.mapping.Bhmem  - Processing reads 402000 ...
158765 [main] INFO main.java.edu.mit.compbio.bisulfitehic.mapping.Bhmem  - Unique mapped and paired reads 398250 ...
[M::mem_process_seqs] Processed 1001 reads in 1.072 CPU sec, 0.136 real sec
[M::mem_process_seqs] Processed 1001 reads in 0.987 CPU sec, 0.125 real sec
[M::mem_process_seqs] Processed 1001 reads in 1.006 CPU sec, 0.129 real sec
[M::mem_process_seqs] Processed 1001 reads in 1.091 CPU sec, 0.166 real sec
159451 [main] INFO main.java.edu.mit.compbio.bisulfitehic.mapping.Bhmem  - Processing reads 403000 ...
159451 [main] INFO main.java.edu.mit.compbio.bisulfitehic.mapping.Bhmem  - Unique mapped and paired reads 400240 ...
159454 [main] INFO main.java.edu.mit.compbio.bisulfitehic.mapping.Bhmem  - Processing reads 404000 ...
159454 [main] INFO main.java.edu.mit.compbio.bisulfitehic.mapping.Bhmem  - Unique mapped and paired reads 400240 ...
[M::mem_process_seqs] Processed 1001 reads in 1.065 CPU sec, 0.153 real sec
[M::mem_process_seqs] Processed 1001 reads in 1.038 CPU sec, 0.150 real sec
[M::mem_process_seqs] Processed 1001 reads in 1.138 CPU sec, 0.147 real sec
[M::mem_process_seqs] Processed 1001 reads in 1.096 CPU sec, 0.139 real sec
160174 [main] INFO main.java.edu.mit.compbio.bisulfitehic.mapping.Bhmem  - Processing reads 405000 ...
160174 [main] INFO main.java.edu.mit.compbio.bisulfitehic.mapping.Bhmem  - Unique mapped and paired reads 402228 ...
160177 [main] INFO main.java.edu.mit.compbio.bisulfitehic.mapping.Bhmem  - Processing reads 406000 ...
160177 [main] INFO main.java.edu.mit.compbio.bisulfitehic.mapping.Bhmem  - Unique mapped and paired reads 402228 ...
[M::mem_process_seqs] Processed 1001 reads in 1.074 CPU sec, 0.139 real sec
[M::mem_process_seqs] Processed 1001 reads in 0.948 CPU sec, 0.138 real sec
[M::mem_process_seqs] Processed 1001 reads in 1.187 CPU sec, 0.152 real sec
[M::mem_process_seqs] Processed 1001 reads in 1.101 CPU sec, 0.140 real sec
160867 [main] INFO main.java.edu.mit.compbio.bisulfitehic.mapping.Bhmem  - Processing reads 407000 ...
160867 [main] INFO main.java.edu.mit.compbio.bisulfitehic.mapping.Bhmem  - Unique mapped and paired reads 404222 ...
160870 [main] INFO main.java.edu.mit.compbio.bisulfitehic.mapping.Bhmem  - Processing reads 408000 ...
160870 [main] INFO main.java.edu.mit.compbio.bisulfitehic.mapping.Bhmem  - Unique mapped and paired reads 404222 ...
[M::mem_process_seqs] Processed 1001 reads in 0.991 CPU sec, 0.132 real sec
[M::mem_process_seqs] Processed 1001 reads in 1.019 CPU sec, 0.136 real sec
[M::mem_process_seqs] Processed 1001 reads in 1.107 CPU sec, 0.143 real sec
[M::mem_process_seqs] Processed 1001 reads in 1.063 CPU sec, 0.136 real sec
161538 [main] INFO main.java.edu.mit.compbio.bisulfitehic.mapping.Bhmem  - Processing reads 409000 ...
161538 [main] INFO main.java.edu.mit.compbio.bisulfitehic.mapping.Bhmem  - Unique mapped and paired reads 406216 ...
161541 [main] INFO main.java.edu.mit.compbio.bisulfitehic.mapping.Bhmem  - Processing reads 410000 ...
161541 [main] INFO main.java.edu.mit.compbio.bisulfitehic.mapping.Bhmem  - Unique mapped and paired reads 406216 ...
[M::mem_process_seqs] Processed 1001 reads in 1.057 CPU sec, 0.211 real sec
[M::mem_process_seqs] Processed 1001 reads in 0.959 CPU sec, 0.122 real sec
[M::mem_process_seqs] Processed 1001 reads in 1.195 CPU sec, 0.177 real sec
[M::mem_process_seqs] Processed 1001 reads in 1.143 CPU sec, 0.167 real sec
162341 [main] INFO main.java.edu.mit.compbio.bisulfitehic.mapping.Bhmem  - Processing reads 411000 ...
162341 [main] INFO main.java.edu.mit.compbio.bisulfitehic.mapping.Bhmem  - Unique mapped and paired reads 408208 ...
162344 [main] INFO main.java.edu.mit.compbio.bisulfitehic.mapping.Bhmem  - Processing reads 412000 ...
162344 [main] INFO main.java.edu.mit.compbio.bisulfitehic.mapping.Bhmem  - Unique mapped and paired reads 408208 ...
[M::mem_process_seqs] Processed 1001 reads in 0.986 CPU sec, 0.125 real sec
[M::mem_process_seqs] Processed 1001 reads in 0.952 CPU sec, 0.147 real sec
[M::mem_process_seqs] Processed 1001 reads in 1.119 CPU sec, 0.162 real sec
[M::mem_process_seqs] Processed 1001 reads in 1.095 CPU sec, 0.164 real sec
163064 [main] INFO main.java.edu.mit.compbio.bisulfitehic.mapping.Bhmem  - Processing reads 413000 ...
163064 [main] INFO main.java.edu.mit.compbio.bisulfitehic.mapping.Bhmem  - Unique mapped and paired reads 410206 ...
163067 [main] INFO main.java.edu.mit.compbio.bisulfitehic.mapping.Bhmem  - Processing reads 414000 ...
163067 [main] INFO main.java.edu.mit.compbio.bisulfitehic.mapping.Bhmem  - Unique mapped and paired reads 410206 ...
[M::mem_process_seqs] Processed 1001 reads in 1.070 CPU sec, 0.199 real sec
[M::mem_process_seqs] Processed 1001 reads in 0.971 CPU sec, 0.141 real sec
[M::mem_process_seqs] Processed 1001 reads in 1.036 CPU sec, 0.138 real sec
[M::mem_process_seqs] Processed 1001 reads in 1.025 CPU sec, 0.150 real sec
163818 [main] INFO main.java.edu.mit.compbio.bisulfitehic.mapping.Bhmem  - Processing reads 415000 ...
163818 [main] INFO main.java.edu.mit.compbio.bisulfitehic.mapping.Bhmem  - Unique mapped and paired reads 412202 ...
163821 [main] INFO main.java.edu.mit.compbio.bisulfitehic.mapping.Bhmem  - Processing reads 416000 ...
163821 [main] INFO main.java.edu.mit.compbio.bisulfitehic.mapping.Bhmem  - Unique mapped and paired reads 412202 ...
[M::mem_process_seqs] Processed 1001 reads in 0.921 CPU sec, 0.117 real sec
[M::mem_process_seqs] Processed 1001 reads in 0.817 CPU sec, 0.121 real sec
[M::mem_process_seqs] Processed 1001 reads in 1.120 CPU sec, 0.209 real sec
[M::mem_process_seqs] Processed 1001 reads in 0.933 CPU sec, 0.136 real sec
164516 [main] INFO main.java.edu.mit.compbio.bisulfitehic.mapping.Bhmem  - Processing reads 417000 ...
164516 [main] INFO main.java.edu.mit.compbio.bisulfitehic.mapping.Bhmem  - Unique mapped and paired reads 414190 ...
164519 [main] INFO main.java.edu.mit.compbio.bisulfitehic.mapping.Bhmem  - Processing reads 418000 ...
164519 [main] INFO main.java.edu.mit.compbio.bisulfitehic.mapping.Bhmem  - Unique mapped and paired reads 414190 ...
[M::mem_process_seqs] Processed 1001 reads in 0.975 CPU sec, 0.127 real sec
[M::mem_process_seqs] Processed 1001 reads in 0.852 CPU sec, 0.124 real sec
[M::mem_process_seqs] Processed 1001 reads in 1.058 CPU sec, 0.153 real sec
[M::mem_process_seqs] Processed 1001 reads in 0.984 CPU sec, 0.130 real sec
165170 [main] INFO main.java.edu.mit.compbio.bisulfitehic.mapping.Bhmem  - Processing reads 419000 ...
165170 [main] INFO main.java.edu.mit.compbio.bisulfitehic.mapping.Bhmem  - Unique mapped and paired reads 416184 ...
165173 [main] INFO main.java.edu.mit.compbio.bisulfitehic.mapping.Bhmem  - Processing reads 420000 ...
165173 [main] INFO main.java.edu.mit.compbio.bisulfitehic.mapping.Bhmem  - Unique mapped and paired reads 416184 ...
[M::mem_process_seqs] Processed 1001 reads in 0.973 CPU sec, 0.124 real sec
[M::mem_process_seqs] Processed 1001 reads in 0.876 CPU sec, 0.113 real sec
[M::mem_process_seqs] Processed 1001 reads in 1.058 CPU sec, 0.153 real sec
[M::mem_process_seqs] Processed 1001 reads in 1.033 CPU sec, 0.149 real sec
165839 [main] INFO main.java.edu.mit.compbio.bisulfitehic.mapping.Bhmem  - Processing reads 421000 ...
165839 [main] INFO main.java.edu.mit.compbio.bisulfitehic.mapping.Bhmem  - Unique mapped and paired reads 418176 ...
165842 [main] INFO main.java.edu.mit.compbio.bisulfitehic.mapping.Bhmem  - Processing reads 422000 ...
165842 [main] INFO main.java.edu.mit.compbio.bisulfitehic.mapping.Bhmem  - Unique mapped and paired reads 418176 ...
[M::mem_process_seqs] Processed 1001 reads in 0.967 CPU sec, 0.124 real sec
[M::mem_process_seqs] Processed 1001 reads in 0.860 CPU sec, 0.110 real sec
[M::mem_process_seqs] Processed 1001 reads in 1.004 CPU sec, 0.128 real sec
[M::mem_process_seqs] Processed 1001 reads in 0.950 CPU sec, 0.137 real sec
166458 [main] INFO main.java.edu.mit.compbio.bisulfitehic.mapping.Bhmem  - Processing reads 423000 ...
166458 [main] INFO main.java.edu.mit.compbio.bisulfitehic.mapping.Bhmem  - Unique mapped and paired reads 420162 ...
166461 [main] INFO main.java.edu.mit.compbio.bisulfitehic.mapping.Bhmem  - Processing reads 424000 ...
166461 [main] INFO main.java.edu.mit.compbio.bisulfitehic.mapping.Bhmem  - Unique mapped and paired reads 420162 ...
[M::mem_process_seqs] Processed 1001 reads in 1.042 CPU sec, 0.135 real sec
[M::mem_process_seqs] Processed 1001 reads in 1.018 CPU sec, 0.266 real sec
[M::mem_process_seqs] Processed 1001 reads in 0.962 CPU sec, 0.128 real sec
[M::mem_process_seqs] Processed 1001 reads in 0.994 CPU sec, 0.144 real sec
167275 [main] INFO main.java.edu.mit.compbio.bisulfitehic.mapping.Bhmem  - Processing reads 425000 ...
167275 [main] INFO main.java.edu.mit.compbio.bisulfitehic.mapping.Bhmem  - Unique mapped and paired reads 422156 ...
167278 [main] INFO main.java.edu.mit.compbio.bisulfitehic.mapping.Bhmem  - Processing reads 426000 ...
167278 [main] INFO main.java.edu.mit.compbio.bisulfitehic.mapping.Bhmem  - Unique mapped and paired reads 422156 ...
[M::mem_process_seqs] Processed 1001 reads in 0.942 CPU sec, 0.120 real sec
[M::mem_process_seqs] Processed 1001 reads in 0.957 CPU sec, 0.141 real sec
[M::mem_process_seqs] Processed 1001 reads in 1.035 CPU sec, 0.151 real sec
[M::mem_process_seqs] Processed 1001 reads in 1.010 CPU sec, 0.149 real sec
167962 [main] INFO main.java.edu.mit.compbio.bisulfitehic.mapping.Bhmem  - Processing reads 427000 ...
167962 [main] INFO main.java.edu.mit.compbio.bisulfitehic.mapping.Bhmem  - Unique mapped and paired reads 424150 ...
167965 [main] INFO main.java.edu.mit.compbio.bisulfitehic.mapping.Bhmem  - Processing reads 428000 ...
167965 [main] INFO main.java.edu.mit.compbio.bisulfitehic.mapping.Bhmem  - Unique mapped and paired reads 424150 ...
[M::mem_process_seqs] Processed 1001 reads in 1.005 CPU sec, 0.155 real sec
[M::mem_process_seqs] Processed 1001 reads in 0.858 CPU sec, 0.125 real sec
[M::mem_process_seqs] Processed 1001 reads in 1.016 CPU sec, 0.151 real sec
[M::mem_process_seqs] Processed 1001 reads in 0.970 CPU sec, 0.136 real sec
168653 [main] INFO main.java.edu.mit.compbio.bisulfitehic.mapping.Bhmem  - Processing reads 429000 ...
168653 [main] INFO main.java.edu.mit.compbio.bisulfitehic.mapping.Bhmem  - Unique mapped and paired reads 426134 ...
168656 [main] INFO main.java.edu.mit.compbio.bisulfitehic.mapping.Bhmem  - Processing reads 430000 ...
168656 [main] INFO main.java.edu.mit.compbio.bisulfitehic.mapping.Bhmem  - Unique mapped and paired reads 426134 ...
[M::mem_process_seqs] Processed 1001 reads in 1.047 CPU sec, 0.132 real sec
[M::mem_process_seqs] Processed 1001 reads in 0.943 CPU sec, 0.121 real sec
[M::mem_process_seqs] Processed 1001 reads in 0.999 CPU sec, 0.152 real sec
[M::mem_process_seqs] Processed 1001 reads in 1.050 CPU sec, 0.134 real sec
169326 [main] INFO main.java.edu.mit.compbio.bisulfitehic.mapping.Bhmem  - Processing reads 431000 ...
169326 [main] INFO main.java.edu.mit.compbio.bisulfitehic.mapping.Bhmem  - Unique mapped and paired reads 428126 ...
169329 [main] INFO main.java.edu.mit.compbio.bisulfitehic.mapping.Bhmem  - Processing reads 432000 ...
169329 [main] INFO main.java.edu.mit.compbio.bisulfitehic.mapping.Bhmem  - Unique mapped and paired reads 428126 ...
[M::mem_process_seqs] Processed 1001 reads in 1.245 CPU sec, 0.160 real sec
[M::mem_process_seqs] Processed 1001 reads in 1.142 CPU sec, 0.145 real sec
[M::mem_process_seqs] Processed 1001 reads in 0.853 CPU sec, 0.110 real sec
[M::mem_process_seqs] Processed 1001 reads in 0.820 CPU sec, 0.121 real sec
170030 [main] INFO main.java.edu.mit.compbio.bisulfitehic.mapping.Bhmem  - Processing reads 433000 ...
170030 [main] INFO main.java.edu.mit.compbio.bisulfitehic.mapping.Bhmem  - Unique mapped and paired reads 430104 ...
170033 [main] INFO main.java.edu.mit.compbio.bisulfitehic.mapping.Bhmem  - Processing reads 434000 ...
170034 [main] INFO main.java.edu.mit.compbio.bisulfitehic.mapping.Bhmem  - Unique mapped and paired reads 430104 ...
[M::mem_process_seqs] Processed 1001 reads in 1.228 CPU sec, 0.160 real sec
[M::mem_process_seqs] Processed 1001 reads in 1.129 CPU sec, 0.162 real sec
[M::mem_process_seqs] Processed 1001 reads in 0.884 CPU sec, 0.113 real sec
[M::mem_process_seqs] Processed 1001 reads in 0.832 CPU sec, 0.123 real sec
170747 [main] INFO main.java.edu.mit.compbio.bisulfitehic.mapping.Bhmem  - Processing reads 435000 ...
170747 [main] INFO main.java.edu.mit.compbio.bisulfitehic.mapping.Bhmem  - Unique mapped and paired reads 432092 ...
170750 [main] INFO main.java.edu.mit.compbio.bisulfitehic.mapping.Bhmem  - Processing reads 436000 ...
170750 [main] INFO main.java.edu.mit.compbio.bisulfitehic.mapping.Bhmem  - Unique mapped and paired reads 432092 ...
[M::mem_process_seqs] Processed 1001 reads in 1.035 CPU sec, 0.137 real sec
[M::mem_process_seqs] Processed 1001 reads in 0.947 CPU sec, 0.138 real sec
[M::mem_process_seqs] Processed 1001 reads in 1.132 CPU sec, 0.143 real sec
[M::mem_process_seqs] Processed 1001 reads in 1.031 CPU sec, 0.150 real sec
171433 [main] INFO main.java.edu.mit.compbio.bisulfitehic.mapping.Bhmem  - Processing reads 437000 ...
171433 [main] INFO main.java.edu.mit.compbio.bisulfitehic.mapping.Bhmem  - Unique mapped and paired reads 434090 ...
171436 [main] INFO main.java.edu.mit.compbio.bisulfitehic.mapping.Bhmem  - Processing reads 438000 ...
171436 [main] INFO main.java.edu.mit.compbio.bisulfitehic.mapping.Bhmem  - Unique mapped and paired reads 434090 ...
[M::mem_process_seqs] Processed 1001 reads in 0.996 CPU sec, 0.126 real sec
[M::mem_process_seqs] Processed 1001 reads in 0.916 CPU sec, 0.134 real sec
[M::mem_process_seqs] Processed 1001 reads in 1.054 CPU sec, 0.153 real sec
[M::mem_process_seqs] Processed 1001 reads in 1.019 CPU sec, 0.148 real sec
172122 [main] INFO main.java.edu.mit.compbio.bisulfitehic.mapping.Bhmem  - Processing reads 439000 ...
172122 [main] INFO main.java.edu.mit.compbio.bisulfitehic.mapping.Bhmem  - Unique mapped and paired reads 436080 ...
172126 [main] INFO main.java.edu.mit.compbio.bisulfitehic.mapping.Bhmem  - Processing reads 440000 ...
172126 [main] INFO main.java.edu.mit.compbio.bisulfitehic.mapping.Bhmem  - Unique mapped and paired reads 436080 ...
[M::mem_process_seqs] Processed 1001 reads in 1.017 CPU sec, 0.130 real sec
[M::mem_process_seqs] Processed 1001 reads in 1.015 CPU sec, 0.149 real sec
[M::mem_process_seqs] Processed 1001 reads in 1.190 CPU sec, 0.179 real sec
[M::mem_process_seqs] Processed 1001 reads in 1.136 CPU sec, 0.168 real sec
172875 [main] INFO main.java.edu.mit.compbio.bisulfitehic.mapping.Bhmem  - Processing reads 441000 ...
172875 [main] INFO main.java.edu.mit.compbio.bisulfitehic.mapping.Bhmem  - Unique mapped and paired reads 438076 ...
172878 [main] INFO main.java.edu.mit.compbio.bisulfitehic.mapping.Bhmem  - Processing reads 442000 ...
172878 [main] INFO main.java.edu.mit.compbio.bisulfitehic.mapping.Bhmem  - Unique mapped and paired reads 438076 ...
[M::mem_process_seqs] Processed 1001 reads in 0.992 CPU sec, 0.125 real sec
[M::mem_process_seqs] Processed 1001 reads in 0.880 CPU sec, 0.129 real sec
[M::mem_process_seqs] Processed 1001 reads in 1.042 CPU sec, 0.133 real sec
[M::mem_process_seqs] Processed 1001 reads in 1.025 CPU sec, 0.157 real sec
173541 [main] INFO main.java.edu.mit.compbio.bisulfitehic.mapping.Bhmem  - Processing reads 443000 ...
173541 [main] INFO main.java.edu.mit.compbio.bisulfitehic.mapping.Bhmem  - Unique mapped and paired reads 440070 ...
173544 [main] INFO main.java.edu.mit.compbio.bisulfitehic.mapping.Bhmem  - Processing reads 444000 ...
173544 [main] INFO main.java.edu.mit.compbio.bisulfitehic.mapping.Bhmem  - Unique mapped and paired reads 440070 ...
[M::mem_process_seqs] Processed 1001 reads in 1.020 CPU sec, 0.136 real sec
[M::mem_process_seqs] Processed 1001 reads in 0.999 CPU sec, 0.145 real sec
[M::mem_process_seqs] Processed 1001 reads in 1.111 CPU sec, 0.165 real sec
[M::mem_process_seqs] Processed 1001 reads in 1.224 CPU sec, 0.266 real sec
174384 [main] INFO main.java.edu.mit.compbio.bisulfitehic.mapping.Bhmem  - Processing reads 445000 ...
174384 [main] INFO main.java.edu.mit.compbio.bisulfitehic.mapping.Bhmem  - Unique mapped and paired reads 442064 ...
174387 [main] INFO main.java.edu.mit.compbio.bisulfitehic.mapping.Bhmem  - Processing reads 446000 ...
174387 [main] INFO main.java.edu.mit.compbio.bisulfitehic.mapping.Bhmem  - Unique mapped and paired reads 442064 ...
[M::mem_process_seqs] Processed 1001 reads in 1.031 CPU sec, 0.143 real sec
[M::mem_process_seqs] Processed 1001 reads in 1.018 CPU sec, 0.151 real sec
[M::mem_process_seqs] Processed 1001 reads in 0.988 CPU sec, 0.144 real sec
[M::mem_process_seqs] Processed 1001 reads in 1.061 CPU sec, 0.156 real sec
175098 [main] INFO main.java.edu.mit.compbio.bisulfitehic.mapping.Bhmem  - Processing reads 447000 ...
175098 [main] INFO main.java.edu.mit.compbio.bisulfitehic.mapping.Bhmem  - Unique mapped and paired reads 444060 ...
175101 [main] INFO main.java.edu.mit.compbio.bisulfitehic.mapping.Bhmem  - Processing reads 448000 ...
175101 [main] INFO main.java.edu.mit.compbio.bisulfitehic.mapping.Bhmem  - Unique mapped and paired reads 444060 ...
[M::mem_process_seqs] Processed 1001 reads in 0.970 CPU sec, 0.137 real sec
[M::mem_process_seqs] Processed 1001 reads in 0.886 CPU sec, 0.130 real sec
[M::mem_process_seqs] Processed 1001 reads in 1.078 CPU sec, 0.136 real sec
[M::mem_process_seqs] Processed 1001 reads in 1.000 CPU sec, 0.146 real sec
175796 [main] INFO main.java.edu.mit.compbio.bisulfitehic.mapping.Bhmem  - Processing reads 449000 ...
175796 [main] INFO main.java.edu.mit.compbio.bisulfitehic.mapping.Bhmem  - Unique mapped and paired reads 446056 ...
175799 [main] INFO main.java.edu.mit.compbio.bisulfitehic.mapping.Bhmem  - Processing reads 450000 ...
175799 [main] INFO main.java.edu.mit.compbio.bisulfitehic.mapping.Bhmem  - Unique mapped and paired reads 446056 ...
[M::mem_process_seqs] Processed 1001 reads in 0.988 CPU sec, 0.127 real sec
[M::mem_process_seqs] Processed 1001 reads in 0.903 CPU sec, 0.131 real sec
[M::mem_process_seqs] Processed 1001 reads in 1.103 CPU sec, 0.217 real sec
[M::mem_process_seqs] Processed 1001 reads in 1.011 CPU sec, 0.135 real sec
176527 [main] INFO main.java.edu.mit.compbio.bisulfitehic.mapping.Bhmem  - Processing reads 451000 ...
176527 [main] INFO main.java.edu.mit.compbio.bisulfitehic.mapping.Bhmem  - Unique mapped and paired reads 448046 ...
176530 [main] INFO main.java.edu.mit.compbio.bisulfitehic.mapping.Bhmem  - Processing reads 452000 ...
176530 [main] INFO main.java.edu.mit.compbio.bisulfitehic.mapping.Bhmem  - Unique mapped and paired reads 448046 ...
[M::mem_process_seqs] Processed 1001 reads in 1.017 CPU sec, 0.132 real sec
[M::mem_process_seqs] Processed 1001 reads in 0.887 CPU sec, 0.130 real sec
[M::mem_process_seqs] Processed 1001 reads in 1.081 CPU sec, 0.157 real sec
[M::mem_process_seqs] Processed 1001 reads in 1.051 CPU sec, 0.134 real sec
177199 [main] INFO main.java.edu.mit.compbio.bisulfitehic.mapping.Bhmem  - Processing reads 453000 ...
177199 [main] INFO main.java.edu.mit.compbio.bisulfitehic.mapping.Bhmem  - Unique mapped and paired reads 450044 ...
177202 [main] INFO main.java.edu.mit.compbio.bisulfitehic.mapping.Bhmem  - Processing reads 454000 ...
177202 [main] INFO main.java.edu.mit.compbio.bisulfitehic.mapping.Bhmem  - Unique mapped and paired reads 450044 ...
[M::mem_process_seqs] Processed 1001 reads in 0.886 CPU sec, 0.113 real sec
[M::mem_process_seqs] Processed 1001 reads in 0.818 CPU sec, 0.114 real sec
[M::mem_process_seqs] Processed 1001 reads in 1.096 CPU sec, 0.166 real sec
[M::mem_process_seqs] Processed 1001 reads in 1.042 CPU sec, 0.161 real sec
177877 [main] INFO main.java.edu.mit.compbio.bisulfitehic.mapping.Bhmem  - Processing reads 455000 ...
177877 [main] INFO main.java.edu.mit.compbio.bisulfitehic.mapping.Bhmem  - Unique mapped and paired reads 452034 ...
177880 [main] INFO main.java.edu.mit.compbio.bisulfitehic.mapping.Bhmem  - Processing reads 456000 ...
177880 [main] INFO main.java.edu.mit.compbio.bisulfitehic.mapping.Bhmem  - Unique mapped and paired reads 452034 ...
[M::mem_process_seqs] Processed 1001 reads in 0.924 CPU sec, 0.119 real sec
[M::mem_process_seqs] Processed 1001 reads in 0.865 CPU sec, 0.111 real sec
[M::mem_process_seqs] Processed 1001 reads in 0.905 CPU sec, 0.116 real sec
[M::mem_process_seqs] Processed 1001 reads in 0.988 CPU sec, 0.143 real sec
178485 [main] INFO main.java.edu.mit.compbio.bisulfitehic.mapping.Bhmem  - Processing reads 457000 ...
178485 [main] INFO main.java.edu.mit.compbio.bisulfitehic.mapping.Bhmem  - Unique mapped and paired reads 454030 ...
178488 [main] INFO main.java.edu.mit.compbio.bisulfitehic.mapping.Bhmem  - Processing reads 458000 ...
178488 [main] INFO main.java.edu.mit.compbio.bisulfitehic.mapping.Bhmem  - Unique mapped and paired reads 454030 ...
[M::mem_process_seqs] Processed 1001 reads in 1.003 CPU sec, 0.129 real sec
[M::mem_process_seqs] Processed 1001 reads in 0.883 CPU sec, 0.129 real sec
[M::mem_process_seqs] Processed 1001 reads in 1.114 CPU sec, 0.163 real sec
[M::mem_process_seqs] Processed 1001 reads in 0.942 CPU sec, 0.121 real sec
179152 [main] INFO main.java.edu.mit.compbio.bisulfitehic.mapping.Bhmem  - Processing reads 459000 ...
179152 [main] INFO main.java.edu.mit.compbio.bisulfitehic.mapping.Bhmem  - Unique mapped and paired reads 456024 ...
179155 [main] INFO main.java.edu.mit.compbio.bisulfitehic.mapping.Bhmem  - Processing reads 460000 ...
179155 [main] INFO main.java.edu.mit.compbio.bisulfitehic.mapping.Bhmem  - Unique mapped and paired reads 456024 ...
[M::mem_process_seqs] Processed 1001 reads in 0.944 CPU sec, 0.127 real sec
[M::mem_process_seqs] Processed 1001 reads in 0.960 CPU sec, 0.127 real sec
[M::mem_process_seqs] Processed 1001 reads in 0.999 CPU sec, 0.144 real sec
[M::mem_process_seqs] Processed 1001 reads in 1.048 CPU sec, 0.152 real sec
179850 [main] INFO main.java.edu.mit.compbio.bisulfitehic.mapping.Bhmem  - Processing reads 461000 ...
179850 [main] INFO main.java.edu.mit.compbio.bisulfitehic.mapping.Bhmem  - Unique mapped and paired reads 458018 ...
179853 [main] INFO main.java.edu.mit.compbio.bisulfitehic.mapping.Bhmem  - Processing reads 462000 ...
179853 [main] INFO main.java.edu.mit.compbio.bisulfitehic.mapping.Bhmem  - Unique mapped and paired reads 458018 ...
[M::mem_process_seqs] Processed 1001 reads in 0.917 CPU sec, 0.123 real sec
[M::mem_process_seqs] Processed 1001 reads in 0.910 CPU sec, 0.142 real sec
[M::mem_process_seqs] Processed 1001 reads in 1.055 CPU sec, 0.144 real sec
[M::mem_process_seqs] Processed 1001 reads in 1.034 CPU sec, 0.151 real sec
180529 [main] INFO main.java.edu.mit.compbio.bisulfitehic.mapping.Bhmem  - Processing reads 463000 ...
180529 [main] INFO main.java.edu.mit.compbio.bisulfitehic.mapping.Bhmem  - Unique mapped and paired reads 460008 ...
180532 [main] INFO main.java.edu.mit.compbio.bisulfitehic.mapping.Bhmem  - Processing reads 464000 ...
180532 [main] INFO main.java.edu.mit.compbio.bisulfitehic.mapping.Bhmem  - Unique mapped and paired reads 460008 ...
[M::mem_process_seqs] Processed 1001 reads in 0.942 CPU sec, 0.123 real sec
[M::mem_process_seqs] Processed 1001 reads in 0.908 CPU sec, 0.117 real sec
[M::mem_process_seqs] Processed 1001 reads in 1.183 CPU sec, 0.179 real sec
[M::mem_process_seqs] Processed 1001 reads in 1.145 CPU sec, 0.148 real sec
181228 [main] INFO main.java.edu.mit.compbio.bisulfitehic.mapping.Bhmem  - Processing reads 465000 ...
181229 [main] INFO main.java.edu.mit.compbio.bisulfitehic.mapping.Bhmem  - Unique mapped and paired reads 461996 ...
181232 [main] INFO main.java.edu.mit.compbio.bisulfitehic.mapping.Bhmem  - Processing reads 466000 ...
181232 [main] INFO main.java.edu.mit.compbio.bisulfitehic.mapping.Bhmem  - Unique mapped and paired reads 461996 ...
[M::mem_process_seqs] Processed 1001 reads in 1.071 CPU sec, 0.138 real sec
[M::mem_process_seqs] Processed 1001 reads in 0.925 CPU sec, 0.142 real sec
[M::mem_process_seqs] Processed 1001 reads in 1.128 CPU sec, 0.163 real sec
[M::mem_process_seqs] Processed 1001 reads in 1.100 CPU sec, 0.160 real sec
181955 [main] INFO main.java.edu.mit.compbio.bisulfitehic.mapping.Bhmem  - Processing reads 467000 ...
181955 [main] INFO main.java.edu.mit.compbio.bisulfitehic.mapping.Bhmem  - Unique mapped and paired reads 463988 ...
181958 [main] INFO main.java.edu.mit.compbio.bisulfitehic.mapping.Bhmem  - Processing reads 468000 ...
181958 [main] INFO main.java.edu.mit.compbio.bisulfitehic.mapping.Bhmem  - Unique mapped and paired reads 463988 ...
[M::mem_process_seqs] Processed 1001 reads in 0.949 CPU sec, 0.121 real sec
[M::mem_process_seqs] Processed 1001 reads in 1.000 CPU sec, 0.149 real sec
[M::mem_process_seqs] Processed 1001 reads in 1.015 CPU sec, 0.130 real sec
[M::mem_process_seqs] Processed 1001 reads in 0.980 CPU sec, 0.144 real sec
182629 [main] INFO main.java.edu.mit.compbio.bisulfitehic.mapping.Bhmem  - Processing reads 469000 ...
182629 [main] INFO main.java.edu.mit.compbio.bisulfitehic.mapping.Bhmem  - Unique mapped and paired reads 465970 ...
182632 [main] INFO main.java.edu.mit.compbio.bisulfitehic.mapping.Bhmem  - Processing reads 470000 ...
182632 [main] INFO main.java.edu.mit.compbio.bisulfitehic.mapping.Bhmem  - Unique mapped and paired reads 465970 ...
[M::mem_process_seqs] Processed 1001 reads in 1.010 CPU sec, 0.131 real sec
[M::mem_process_seqs] Processed 1001 reads in 1.021 CPU sec, 0.135 real sec
[M::mem_process_seqs] Processed 1001 reads in 1.086 CPU sec, 0.157 real sec
[M::mem_process_seqs] Processed 1001 reads in 1.126 CPU sec, 0.143 real sec
183326 [main] INFO main.java.edu.mit.compbio.bisulfitehic.mapping.Bhmem  - Processing reads 471000 ...
183326 [main] INFO main.java.edu.mit.compbio.bisulfitehic.mapping.Bhmem  - Unique mapped and paired reads 467946 ...
183329 [main] INFO main.java.edu.mit.compbio.bisulfitehic.mapping.Bhmem  - Processing reads 472000 ...
183329 [main] INFO main.java.edu.mit.compbio.bisulfitehic.mapping.Bhmem  - Unique mapped and paired reads 467946 ...
[M::mem_process_seqs] Processed 1001 reads in 0.953 CPU sec, 0.122 real sec
[M::mem_process_seqs] Processed 1001 reads in 0.903 CPU sec, 0.141 real sec
[M::mem_process_seqs] Processed 1001 reads in 1.130 CPU sec, 0.164 real sec
[M::mem_process_seqs] Processed 1001 reads in 1.022 CPU sec, 0.148 real sec
184046 [main] INFO main.java.edu.mit.compbio.bisulfitehic.mapping.Bhmem  - Processing reads 473000 ...
184046 [main] INFO main.java.edu.mit.compbio.bisulfitehic.mapping.Bhmem  - Unique mapped and paired reads 469936 ...
184049 [main] INFO main.java.edu.mit.compbio.bisulfitehic.mapping.Bhmem  - Processing reads 474000 ...
184049 [main] INFO main.java.edu.mit.compbio.bisulfitehic.mapping.Bhmem  - Unique mapped and paired reads 469936 ...
[M::mem_process_seqs] Processed 1001 reads in 1.056 CPU sec, 0.133 real sec
[M::mem_process_seqs] Processed 1001 reads in 0.957 CPU sec, 0.140 real sec
[M::mem_process_seqs] Processed 1001 reads in 1.137 CPU sec, 0.169 real sec
[M::mem_process_seqs] Processed 1001 reads in 1.168 CPU sec, 0.151 real sec
184772 [main] INFO main.java.edu.mit.compbio.bisulfitehic.mapping.Bhmem  - Processing reads 475000 ...
184772 [main] INFO main.java.edu.mit.compbio.bisulfitehic.mapping.Bhmem  - Unique mapped and paired reads 471924 ...
184775 [main] INFO main.java.edu.mit.compbio.bisulfitehic.mapping.Bhmem  - Processing reads 476000 ...
184775 [main] INFO main.java.edu.mit.compbio.bisulfitehic.mapping.Bhmem  - Unique mapped and paired reads 471924 ...
[M::mem_process_seqs] Processed 1001 reads in 0.980 CPU sec, 0.128 real sec
[M::mem_process_seqs] Processed 1001 reads in 0.878 CPU sec, 0.131 real sec
[M::mem_process_seqs] Processed 1001 reads in 1.084 CPU sec, 0.138 real sec
[M::mem_process_seqs] Processed 1001 reads in 1.067 CPU sec, 0.160 real sec
185452 [main] INFO main.java.edu.mit.compbio.bisulfitehic.mapping.Bhmem  - Processing reads 477000 ...
185452 [main] INFO main.java.edu.mit.compbio.bisulfitehic.mapping.Bhmem  - Unique mapped and paired reads 473920 ...
185455 [main] INFO main.java.edu.mit.compbio.bisulfitehic.mapping.Bhmem  - Processing reads 478000 ...
185455 [main] INFO main.java.edu.mit.compbio.bisulfitehic.mapping.Bhmem  - Unique mapped and paired reads 473920 ...
[M::mem_process_seqs] Processed 1001 reads in 0.945 CPU sec, 0.137 real sec
[M::mem_process_seqs] Processed 1001 reads in 0.930 CPU sec, 0.135 real sec
[M::mem_process_seqs] Processed 1001 reads in 0.987 CPU sec, 0.152 real sec
[M::mem_process_seqs] Processed 1001 reads in 0.977 CPU sec, 0.124 real sec
186115 [main] INFO main.java.edu.mit.compbio.bisulfitehic.mapping.Bhmem  - Processing reads 479000 ...
186115 [main] INFO main.java.edu.mit.compbio.bisulfitehic.mapping.Bhmem  - Unique mapped and paired reads 475906 ...
186118 [main] INFO main.java.edu.mit.compbio.bisulfitehic.mapping.Bhmem  - Processing reads 480000 ...
186118 [main] INFO main.java.edu.mit.compbio.bisulfitehic.mapping.Bhmem  - Unique mapped and paired reads 475906 ...
[M::mem_process_seqs] Processed 1001 reads in 0.933 CPU sec, 0.135 real sec
[M::mem_process_seqs] Processed 1001 reads in 0.892 CPU sec, 0.129 real sec
[M::mem_process_seqs] Processed 1001 reads in 1.010 CPU sec, 0.148 real sec
[M::mem_process_seqs] Processed 1001 reads in 0.998 CPU sec, 0.147 real sec
186798 [main] INFO main.java.edu.mit.compbio.bisulfitehic.mapping.Bhmem  - Processing reads 481000 ...
186798 [main] INFO main.java.edu.mit.compbio.bisulfitehic.mapping.Bhmem  - Unique mapped and paired reads 477884 ...
186801 [main] INFO main.java.edu.mit.compbio.bisulfitehic.mapping.Bhmem  - Processing reads 482000 ...
186801 [main] INFO main.java.edu.mit.compbio.bisulfitehic.mapping.Bhmem  - Unique mapped and paired reads 477884 ...
[M::mem_process_seqs] Processed 1001 reads in 0.946 CPU sec, 0.121 real sec
[M::mem_process_seqs] Processed 1001 reads in 0.918 CPU sec, 0.123 real sec
[M::mem_process_seqs] Processed 1001 reads in 1.107 CPU sec, 0.141 real sec
[M::mem_process_seqs] Processed 1001 reads in 0.990 CPU sec, 0.143 real sec
187443 [main] INFO main.java.edu.mit.compbio.bisulfitehic.mapping.Bhmem  - Processing reads 483000 ...
187443 [main] INFO main.java.edu.mit.compbio.bisulfitehic.mapping.Bhmem  - Unique mapped and paired reads 479878 ...
187446 [main] INFO main.java.edu.mit.compbio.bisulfitehic.mapping.Bhmem  - Processing reads 484000 ...
187446 [main] INFO main.java.edu.mit.compbio.bisulfitehic.mapping.Bhmem  - Unique mapped and paired reads 479878 ...
[M::mem_process_seqs] Processed 1001 reads in 0.927 CPU sec, 0.122 real sec
[M::mem_process_seqs] Processed 1001 reads in 0.841 CPU sec, 0.122 real sec
[M::mem_process_seqs] Processed 1001 reads in 1.010 CPU sec, 0.133 real sec
[M::mem_process_seqs] Processed 1001 reads in 0.971 CPU sec, 0.148 real sec
188090 [main] INFO main.java.edu.mit.compbio.bisulfitehic.mapping.Bhmem  - Processing reads 485000 ...
188090 [main] INFO main.java.edu.mit.compbio.bisulfitehic.mapping.Bhmem  - Unique mapped and paired reads 481866 ...
188093 [main] INFO main.java.edu.mit.compbio.bisulfitehic.mapping.Bhmem  - Processing reads 486000 ...
188093 [main] INFO main.java.edu.mit.compbio.bisulfitehic.mapping.Bhmem  - Unique mapped and paired reads 481866 ...
[M::mem_process_seqs] Processed 1001 reads in 0.988 CPU sec, 0.132 real sec
[M::mem_process_seqs] Processed 1001 reads in 1.032 CPU sec, 0.149 real sec
[M::mem_process_seqs] Processed 1001 reads in 0.964 CPU sec, 0.142 real sec
[M::mem_process_seqs] Processed 1001 reads in 1.043 CPU sec, 0.161 real sec
188802 [main] INFO main.java.edu.mit.compbio.bisulfitehic.mapping.Bhmem  - Processing reads 487000 ...
188802 [main] INFO main.java.edu.mit.compbio.bisulfitehic.mapping.Bhmem  - Unique mapped and paired reads 483866 ...
188805 [main] INFO main.java.edu.mit.compbio.bisulfitehic.mapping.Bhmem  - Processing reads 488000 ...
188805 [main] INFO main.java.edu.mit.compbio.bisulfitehic.mapping.Bhmem  - Unique mapped and paired reads 483866 ...
[M::mem_process_seqs] Processed 1001 reads in 0.988 CPU sec, 0.127 real sec
[M::mem_process_seqs] Processed 1001 reads in 0.832 CPU sec, 0.123 real sec
[M::mem_process_seqs] Processed 1001 reads in 1.074 CPU sec, 0.157 real sec
[M::mem_process_seqs] Processed 1001 reads in 0.956 CPU sec, 0.140 real sec
189465 [main] INFO main.java.edu.mit.compbio.bisulfitehic.mapping.Bhmem  - Processing reads 489000 ...
189465 [main] INFO main.java.edu.mit.compbio.bisulfitehic.mapping.Bhmem  - Unique mapped and paired reads 485860 ...
189468 [main] INFO main.java.edu.mit.compbio.bisulfitehic.mapping.Bhmem  - Processing reads 490000 ...
189468 [main] INFO main.java.edu.mit.compbio.bisulfitehic.mapping.Bhmem  - Unique mapped and paired reads 485860 ...
[M::mem_process_seqs] Processed 1001 reads in 0.919 CPU sec, 0.132 real sec
[M::mem_process_seqs] Processed 1001 reads in 0.846 CPU sec, 0.123 real sec
[M::mem_process_seqs] Processed 1001 reads in 0.957 CPU sec, 0.149 real sec
[M::mem_process_seqs] Processed 1001 reads in 1.002 CPU sec, 0.149 real sec
190139 [main] INFO main.java.edu.mit.compbio.bisulfitehic.mapping.Bhmem  - Processing reads 491000 ...
190139 [main] INFO main.java.edu.mit.compbio.bisulfitehic.mapping.Bhmem  - Unique mapped and paired reads 487848 ...
190142 [main] INFO main.java.edu.mit.compbio.bisulfitehic.mapping.Bhmem  - Processing reads 492000 ...
190142 [main] INFO main.java.edu.mit.compbio.bisulfitehic.mapping.Bhmem  - Unique mapped and paired reads 487848 ...
[M::mem_process_seqs] Processed 1001 reads in 1.010 CPU sec, 0.148 real sec
[M::mem_process_seqs] Processed 1001 reads in 0.973 CPU sec, 0.124 real sec
[M::mem_process_seqs] Processed 1001 reads in 1.116 CPU sec, 0.174 real sec
[M::mem_process_seqs] Processed 1001 reads in 1.166 CPU sec, 0.173 real sec
190878 [main] INFO main.java.edu.mit.compbio.bisulfitehic.mapping.Bhmem  - Processing reads 493000 ...
190878 [main] INFO main.java.edu.mit.compbio.bisulfitehic.mapping.Bhmem  - Unique mapped and paired reads 489838 ...
190881 [main] INFO main.java.edu.mit.compbio.bisulfitehic.mapping.Bhmem  - Processing reads 494000 ...
190881 [main] INFO main.java.edu.mit.compbio.bisulfitehic.mapping.Bhmem  - Unique mapped and paired reads 489838 ...
[M::mem_process_seqs] Processed 1001 reads in 1.000 CPU sec, 0.128 real sec
[M::mem_process_seqs] Processed 1001 reads in 0.917 CPU sec, 0.119 real sec
[M::mem_process_seqs] Processed 1001 reads in 1.018 CPU sec, 0.147 real sec
[M::mem_process_seqs] Processed 1001 reads in 1.113 CPU sec, 0.145 real sec
191548 [main] INFO main.java.edu.mit.compbio.bisulfitehic.mapping.Bhmem  - Processing reads 495000 ...
191548 [main] INFO main.java.edu.mit.compbio.bisulfitehic.mapping.Bhmem  - Unique mapped and paired reads 491838 ...
191551 [main] INFO main.java.edu.mit.compbio.bisulfitehic.mapping.Bhmem  - Processing reads 496000 ...
191551 [main] INFO main.java.edu.mit.compbio.bisulfitehic.mapping.Bhmem  - Unique mapped and paired reads 491838 ...
[M::mem_process_seqs] Processed 1001 reads in 1.056 CPU sec, 0.157 real sec
[M::mem_process_seqs] Processed 1001 reads in 0.937 CPU sec, 0.119 real sec
[M::mem_process_seqs] Processed 1001 reads in 1.131 CPU sec, 0.166 real sec
[M::mem_process_seqs] Processed 1001 reads in 1.104 CPU sec, 0.160 real sec
192292 [main] INFO main.java.edu.mit.compbio.bisulfitehic.mapping.Bhmem  - Processing reads 497000 ...
192292 [main] INFO main.java.edu.mit.compbio.bisulfitehic.mapping.Bhmem  - Unique mapped and paired reads 493828 ...
192295 [main] INFO main.java.edu.mit.compbio.bisulfitehic.mapping.Bhmem  - Processing reads 498000 ...
192295 [main] INFO main.java.edu.mit.compbio.bisulfitehic.mapping.Bhmem  - Unique mapped and paired reads 493828 ...
[M::mem_process_seqs] Processed 1001 reads in 1.069 CPU sec, 0.137 real sec
[M::mem_process_seqs] Processed 1001 reads in 0.931 CPU sec, 0.136 real sec
[M::mem_process_seqs] Processed 1001 reads in 1.087 CPU sec, 0.158 real sec
[M::mem_process_seqs] Processed 1001 reads in 0.986 CPU sec, 0.143 real sec
193019 [main] INFO main.java.edu.mit.compbio.bisulfitehic.mapping.Bhmem  - Processing reads 499000 ...
193019 [main] INFO main.java.edu.mit.compbio.bisulfitehic.mapping.Bhmem  - Unique mapped and paired reads 495822 ...
193022 [main] INFO main.java.edu.mit.compbio.bisulfitehic.mapping.Bhmem  - Processing reads 500000 ...
193022 [main] INFO main.java.edu.mit.compbio.bisulfitehic.mapping.Bhmem  - Unique mapped and paired reads 495822 ...
[M::mem_process_seqs] Processed 1001 reads in 0.979 CPU sec, 0.127 real sec
[M::mem_process_seqs] Processed 1001 reads in 0.951 CPU sec, 0.139 real sec
[M::mem_process_seqs] Processed 1001 reads in 0.982 CPU sec, 0.142 real sec
[M::mem_process_seqs] Processed 1001 reads in 1.050 CPU sec, 0.156 real sec
193714 [main] INFO main.java.edu.mit.compbio.bisulfitehic.mapping.Bhmem  - Processing reads 501000 ...
193714 [main] INFO main.java.edu.mit.compbio.bisulfitehic.mapping.Bhmem  - Unique mapped and paired reads 497818 ...
193717 [main] INFO main.java.edu.mit.compbio.bisulfitehic.mapping.Bhmem  - Processing reads 502000 ...
193717 [main] INFO main.java.edu.mit.compbio.bisulfitehic.mapping.Bhmem  - Unique mapped and paired reads 497818 ...
[M::mem_process_seqs] Processed 1001 reads in 0.983 CPU sec, 0.127 real sec
[M::mem_process_seqs] Processed 1001 reads in 1.001 CPU sec, 0.127 real sec
[M::mem_process_seqs] Processed 1001 reads in 1.071 CPU sec, 0.135 real sec
[M::mem_process_seqs] Processed 1001 reads in 1.143 CPU sec, 0.150 real sec
194375 [main] INFO main.java.edu.mit.compbio.bisulfitehic.mapping.Bhmem  - Processing reads 503000 ...
194375 [main] INFO main.java.edu.mit.compbio.bisulfitehic.mapping.Bhmem  - Unique mapped and paired reads 499806 ...
194378 [main] INFO main.java.edu.mit.compbio.bisulfitehic.mapping.Bhmem  - Processing reads 504000 ...
194378 [main] INFO main.java.edu.mit.compbio.bisulfitehic.mapping.Bhmem  - Unique mapped and paired reads 499806 ...
[M::mem_process_seqs] Processed 1001 reads in 0.997 CPU sec, 0.127 real sec
[M::mem_process_seqs] Processed 1001 reads in 0.886 CPU sec, 0.114 real sec
[M::mem_process_seqs] Processed 1001 reads in 1.063 CPU sec, 0.135 real sec
[M::mem_process_seqs] Processed 1001 reads in 1.031 CPU sec, 0.153 real sec
195026 [main] INFO main.java.edu.mit.compbio.bisulfitehic.mapping.Bhmem  - Processing reads 505000 ...
195026 [main] INFO main.java.edu.mit.compbio.bisulfitehic.mapping.Bhmem  - Unique mapped and paired reads 501794 ...
195029 [main] INFO main.java.edu.mit.compbio.bisulfitehic.mapping.Bhmem  - Processing reads 506000 ...
195029 [main] INFO main.java.edu.mit.compbio.bisulfitehic.mapping.Bhmem  - Unique mapped and paired reads 501794 ...
[M::mem_process_seqs] Processed 1001 reads in 1.072 CPU sec, 0.155 real sec
[M::mem_process_seqs] Processed 1001 reads in 1.034 CPU sec, 0.149 real sec
[M::mem_process_seqs] Processed 1001 reads in 1.165 CPU sec, 0.169 real sec
[M::mem_process_seqs] Processed 1001 reads in 1.143 CPU sec, 0.145 real sec
195774 [main] INFO main.java.edu.mit.compbio.bisulfitehic.mapping.Bhmem  - Processing reads 507000 ...
195774 [main] INFO main.java.edu.mit.compbio.bisulfitehic.mapping.Bhmem  - Unique mapped and paired reads 503788 ...
195777 [main] INFO main.java.edu.mit.compbio.bisulfitehic.mapping.Bhmem  - Processing reads 508000 ...
195777 [main] INFO main.java.edu.mit.compbio.bisulfitehic.mapping.Bhmem  - Unique mapped and paired reads 503788 ...
[M::mem_process_seqs] Processed 1001 reads in 1.018 CPU sec, 0.134 real sec
[M::mem_process_seqs] Processed 1001 reads in 1.070 CPU sec, 0.156 real sec
[M::mem_process_seqs] Processed 1001 reads in 1.083 CPU sec, 0.175 real sec
[M::mem_process_seqs] Processed 1001 reads in 1.173 CPU sec, 0.148 real sec
196513 [main] INFO main.java.edu.mit.compbio.bisulfitehic.mapping.Bhmem  - Processing reads 509000 ...
196513 [main] INFO main.java.edu.mit.compbio.bisulfitehic.mapping.Bhmem  - Unique mapped and paired reads 505778 ...
196516 [main] INFO main.java.edu.mit.compbio.bisulfitehic.mapping.Bhmem  - Processing reads 510000 ...
196516 [main] INFO main.java.edu.mit.compbio.bisulfitehic.mapping.Bhmem  - Unique mapped and paired reads 505778 ...
[M::mem_process_seqs] Processed 1001 reads in 1.045 CPU sec, 0.133 real sec
[M::mem_process_seqs] Processed 1001 reads in 1.050 CPU sec, 0.254 real sec
[M::mem_process_seqs] Processed 1001 reads in 1.034 CPU sec, 0.134 real sec
[M::mem_process_seqs] Processed 1001 reads in 1.034 CPU sec, 0.155 real sec
197310 [main] INFO main.java.edu.mit.compbio.bisulfitehic.mapping.Bhmem  - Processing reads 511000 ...
197311 [main] INFO main.java.edu.mit.compbio.bisulfitehic.mapping.Bhmem  - Unique mapped and paired reads 507764 ...
197313 [main] INFO main.java.edu.mit.compbio.bisulfitehic.mapping.Bhmem  - Processing reads 512000 ...
197313 [main] INFO main.java.edu.mit.compbio.bisulfitehic.mapping.Bhmem  - Unique mapped and paired reads 507764 ...
[M::mem_process_seqs] Processed 1001 reads in 0.850 CPU sec, 0.108 real sec
[M::mem_process_seqs] Processed 1001 reads in 0.861 CPU sec, 0.124 real sec
[M::mem_process_seqs] Processed 1001 reads in 0.908 CPU sec, 0.116 real sec
[M::mem_process_seqs] Processed 1001 reads in 0.924 CPU sec, 0.119 real sec
197893 [main] INFO main.java.edu.mit.compbio.bisulfitehic.mapping.Bhmem  - Processing reads 513000 ...
197893 [main] INFO main.java.edu.mit.compbio.bisulfitehic.mapping.Bhmem  - Unique mapped and paired reads 509760 ...
197896 [main] INFO main.java.edu.mit.compbio.bisulfitehic.mapping.Bhmem  - Processing reads 514000 ...
197896 [main] INFO main.java.edu.mit.compbio.bisulfitehic.mapping.Bhmem  - Unique mapped and paired reads 509760 ...
[M::mem_process_seqs] Processed 1001 reads in 0.992 CPU sec, 0.125 real sec
[M::mem_process_seqs] Processed 1001 reads in 0.905 CPU sec, 0.116 real sec
[M::mem_process_seqs] Processed 1001 reads in 1.085 CPU sec, 0.138 real sec
[M::mem_process_seqs] Processed 1001 reads in 1.053 CPU sec, 0.133 real sec
198527 [main] INFO main.java.edu.mit.compbio.bisulfitehic.mapping.Bhmem  - Processing reads 515000 ...
198527 [main] INFO main.java.edu.mit.compbio.bisulfitehic.mapping.Bhmem  - Unique mapped and paired reads 511758 ...
198530 [main] INFO main.java.edu.mit.compbio.bisulfitehic.mapping.Bhmem  - Processing reads 516000 ...
198530 [main] INFO main.java.edu.mit.compbio.bisulfitehic.mapping.Bhmem  - Unique mapped and paired reads 511758 ...
[M::mem_process_seqs] Processed 1001 reads in 0.930 CPU sec, 0.119 real sec
[M::mem_process_seqs] Processed 1001 reads in 0.963 CPU sec, 0.128 real sec
[M::mem_process_seqs] Processed 1001 reads in 1.069 CPU sec, 0.154 real sec
[M::mem_process_seqs] Processed 1001 reads in 1.067 CPU sec, 0.154 real sec
199214 [main] INFO main.java.edu.mit.compbio.bisulfitehic.mapping.Bhmem  - Processing reads 517000 ...
199214 [main] INFO main.java.edu.mit.compbio.bisulfitehic.mapping.Bhmem  - Unique mapped and paired reads 513752 ...
199217 [main] INFO main.java.edu.mit.compbio.bisulfitehic.mapping.Bhmem  - Processing reads 518000 ...
199217 [main] INFO main.java.edu.mit.compbio.bisulfitehic.mapping.Bhmem  - Unique mapped and paired reads 513752 ...
[M::mem_process_seqs] Processed 1001 reads in 0.964 CPU sec, 0.126 real sec
[M::mem_process_seqs] Processed 1001 reads in 0.832 CPU sec, 0.121 real sec
[M::mem_process_seqs] Processed 1001 reads in 1.034 CPU sec, 0.149 real sec
[M::mem_process_seqs] Processed 1001 reads in 0.960 CPU sec, 0.139 real sec
199870 [main] INFO main.java.edu.mit.compbio.bisulfitehic.mapping.Bhmem  - Processing reads 519000 ...
199870 [main] INFO main.java.edu.mit.compbio.bisulfitehic.mapping.Bhmem  - Unique mapped and paired reads 515744 ...
199873 [main] INFO main.java.edu.mit.compbio.bisulfitehic.mapping.Bhmem  - Processing reads 520000 ...
199873 [main] INFO main.java.edu.mit.compbio.bisulfitehic.mapping.Bhmem  - Unique mapped and paired reads 515744 ...
[M::mem_process_seqs] Processed 1001 reads in 0.958 CPU sec, 0.123 real sec
[M::mem_process_seqs] Processed 1001 reads in 0.866 CPU sec, 0.109 real sec
[M::mem_process_seqs] Processed 1001 reads in 1.013 CPU sec, 0.133 real sec
[M::mem_process_seqs] Processed 1001 reads in 0.984 CPU sec, 0.142 real sec
200519 [main] INFO main.java.edu.mit.compbio.bisulfitehic.mapping.Bhmem  - Processing reads 521000 ...
200519 [main] INFO main.java.edu.mit.compbio.bisulfitehic.mapping.Bhmem  - Unique mapped and paired reads 517736 ...
200522 [main] INFO main.java.edu.mit.compbio.bisulfitehic.mapping.Bhmem  - Processing reads 522000 ...
200522 [main] INFO main.java.edu.mit.compbio.bisulfitehic.mapping.Bhmem  - Unique mapped and paired reads 517736 ...
[M::mem_process_seqs] Processed 1001 reads in 0.983 CPU sec, 0.125 real sec
[M::mem_process_seqs] Processed 1001 reads in 0.862 CPU sec, 0.125 real sec
[M::mem_process_seqs] Processed 1001 reads in 1.061 CPU sec, 0.153 real sec
[M::mem_process_seqs] Processed 1001 reads in 1.086 CPU sec, 0.156 real sec
201203 [main] INFO main.java.edu.mit.compbio.bisulfitehic.mapping.Bhmem  - Processing reads 523000 ...
201203 [main] INFO main.java.edu.mit.compbio.bisulfitehic.mapping.Bhmem  - Unique mapped and paired reads 519728 ...
201206 [main] INFO main.java.edu.mit.compbio.bisulfitehic.mapping.Bhmem  - Processing reads 524000 ...
201206 [main] INFO main.java.edu.mit.compbio.bisulfitehic.mapping.Bhmem  - Unique mapped and paired reads 519728 ...
[M::mem_process_seqs] Processed 1001 reads in 0.954 CPU sec, 0.121 real sec
[M::mem_process_seqs] Processed 1001 reads in 0.879 CPU sec, 0.113 real sec
[M::mem_process_seqs] Processed 1001 reads in 1.048 CPU sec, 0.152 real sec
[M::mem_process_seqs] Processed 1001 reads in 1.128 CPU sec, 0.174 real sec
201886 [main] INFO main.java.edu.mit.compbio.bisulfitehic.mapping.Bhmem  - Processing reads 525000 ...
201886 [main] INFO main.java.edu.mit.compbio.bisulfitehic.mapping.Bhmem  - Unique mapped and paired reads 521716 ...
201889 [main] INFO main.java.edu.mit.compbio.bisulfitehic.mapping.Bhmem  - Processing reads 526000 ...
201889 [main] INFO main.java.edu.mit.compbio.bisulfitehic.mapping.Bhmem  - Unique mapped and paired reads 521716 ...
[M::mem_process_seqs] Processed 1001 reads in 1.092 CPU sec, 0.157 real sec
[M::mem_process_seqs] Processed 1001 reads in 1.055 CPU sec, 0.137 real sec
[M::mem_process_seqs] Processed 1001 reads in 1.091 CPU sec, 0.158 real sec
[M::mem_process_seqs] Processed 1001 reads in 1.042 CPU sec, 0.157 real sec
202624 [main] INFO main.java.edu.mit.compbio.bisulfitehic.mapping.Bhmem  - Processing reads 527000 ...
202624 [main] INFO main.java.edu.mit.compbio.bisulfitehic.mapping.Bhmem  - Unique mapped and paired reads 523708 ...
202627 [main] INFO main.java.edu.mit.compbio.bisulfitehic.mapping.Bhmem  - Processing reads 528000 ...
202627 [main] INFO main.java.edu.mit.compbio.bisulfitehic.mapping.Bhmem  - Unique mapped and paired reads 523708 ...
[M::mem_process_seqs] Processed 1001 reads in 0.978 CPU sec, 0.128 real sec
[M::mem_process_seqs] Processed 1001 reads in 1.015 CPU sec, 0.157 real sec
[M::mem_process_seqs] Processed 1001 reads in 1.067 CPU sec, 0.155 real sec
[M::mem_process_seqs] Processed 1001 reads in 1.205 CPU sec, 0.184 real sec
203392 [main] INFO main.java.edu.mit.compbio.bisulfitehic.mapping.Bhmem  - Processing reads 529000 ...
203392 [main] INFO main.java.edu.mit.compbio.bisulfitehic.mapping.Bhmem  - Unique mapped and paired reads 525704 ...
203395 [main] INFO main.java.edu.mit.compbio.bisulfitehic.mapping.Bhmem  - Processing reads 530000 ...
203395 [main] INFO main.java.edu.mit.compbio.bisulfitehic.mapping.Bhmem  - Unique mapped and paired reads 525704 ...
[M::mem_process_seqs] Processed 1001 reads in 0.986 CPU sec, 0.126 real sec
[M::mem_process_seqs] Processed 1001 reads in 0.958 CPU sec, 0.123 real sec
[M::mem_process_seqs] Processed 1001 reads in 1.090 CPU sec, 0.150 real sec
[M::mem_process_seqs] Processed 1001 reads in 1.137 CPU sec, 0.166 real sec
204078 [main] INFO main.java.edu.mit.compbio.bisulfitehic.mapping.Bhmem  - Processing reads 531000 ...
204078 [main] INFO main.java.edu.mit.compbio.bisulfitehic.mapping.Bhmem  - Unique mapped and paired reads 527706 ...
204081 [main] INFO main.java.edu.mit.compbio.bisulfitehic.mapping.Bhmem  - Processing reads 532000 ...
204081 [main] INFO main.java.edu.mit.compbio.bisulfitehic.mapping.Bhmem  - Unique mapped and paired reads 527706 ...
[M::mem_process_seqs] Processed 1001 reads in 1.027 CPU sec, 0.150 real sec
[M::mem_process_seqs] Processed 1001 reads in 1.048 CPU sec, 0.877 real sec
[M::mem_process_seqs] Processed 1001 reads in 1.115 CPU sec, 0.300 real sec
[M::mem_process_seqs] Processed 1001 reads in 1.002 CPU sec, 0.131 real sec
205669 [main] INFO main.java.edu.mit.compbio.bisulfitehic.mapping.Bhmem  - Processing reads 533000 ...
205669 [main] INFO main.java.edu.mit.compbio.bisulfitehic.mapping.Bhmem  - Unique mapped and paired reads 529698 ...
205672 [main] INFO main.java.edu.mit.compbio.bisulfitehic.mapping.Bhmem  - Processing reads 534000 ...
205672 [main] INFO main.java.edu.mit.compbio.bisulfitehic.mapping.Bhmem  - Unique mapped and paired reads 529698 ...
[M::mem_process_seqs] Processed 1001 reads in 1.014 CPU sec, 0.148 real sec
[M::mem_process_seqs] Processed 1001 reads in 0.973 CPU sec, 0.124 real sec
[M::mem_process_seqs] Processed 1001 reads in 1.052 CPU sec, 0.157 real sec
[M::mem_process_seqs] Processed 1001 reads in 1.031 CPU sec, 0.150 real sec
206372 [main] INFO main.java.edu.mit.compbio.bisulfitehic.mapping.Bhmem  - Processing reads 535000 ...
206372 [main] INFO main.java.edu.mit.compbio.bisulfitehic.mapping.Bhmem  - Unique mapped and paired reads 531686 ...
206375 [main] INFO main.java.edu.mit.compbio.bisulfitehic.mapping.Bhmem  - Processing reads 536000 ...
206375 [main] INFO main.java.edu.mit.compbio.bisulfitehic.mapping.Bhmem  - Unique mapped and paired reads 531686 ...
[M::mem_process_seqs] Processed 1001 reads in 0.967 CPU sec, 0.125 real sec
[M::mem_process_seqs] Processed 1001 reads in 0.896 CPU sec, 0.115 real sec
[M::mem_process_seqs] Processed 1001 reads in 1.045 CPU sec, 0.152 real sec
[M::mem_process_seqs] Processed 1001 reads in 1.060 CPU sec, 0.157 real sec
207050 [main] INFO main.java.edu.mit.compbio.bisulfitehic.mapping.Bhmem  - Processing reads 537000 ...
207050 [main] INFO main.java.edu.mit.compbio.bisulfitehic.mapping.Bhmem  - Unique mapped and paired reads 533672 ...
207053 [main] INFO main.java.edu.mit.compbio.bisulfitehic.mapping.Bhmem  - Processing reads 538000 ...
207053 [main] INFO main.java.edu.mit.compbio.bisulfitehic.mapping.Bhmem  - Unique mapped and paired reads 533672 ...
[M::mem_process_seqs] Processed 1001 reads in 0.914 CPU sec, 0.120 real sec
[M::mem_process_seqs] Processed 1001 reads in 0.972 CPU sec, 0.140 real sec
[M::mem_process_seqs] Processed 1001 reads in 0.967 CPU sec, 0.142 real sec
[M::mem_process_seqs] Processed 1001 reads in 1.026 CPU sec, 0.153 real sec
207724 [main] INFO main.java.edu.mit.compbio.bisulfitehic.mapping.Bhmem  - Processing reads 539000 ...
207724 [main] INFO main.java.edu.mit.compbio.bisulfitehic.mapping.Bhmem  - Unique mapped and paired reads 535664 ...
207727 [main] INFO main.java.edu.mit.compbio.bisulfitehic.mapping.Bhmem  - Processing reads 540000 ...
207727 [main] INFO main.java.edu.mit.compbio.bisulfitehic.mapping.Bhmem  - Unique mapped and paired reads 535664 ...
[M::mem_process_seqs] Processed 1001 reads in 1.018 CPU sec, 0.130 real sec
[M::mem_process_seqs] Processed 1001 reads in 0.897 CPU sec, 0.130 real sec
[M::mem_process_seqs] Processed 1001 reads in 1.048 CPU sec, 0.137 real sec
[M::mem_process_seqs] Processed 1001 reads in 1.028 CPU sec, 0.135 real sec
208376 [main] INFO main.java.edu.mit.compbio.bisulfitehic.mapping.Bhmem  - Processing reads 541000 ...
208376 [main] INFO main.java.edu.mit.compbio.bisulfitehic.mapping.Bhmem  - Unique mapped and paired reads 537658 ...
208379 [main] INFO main.java.edu.mit.compbio.bisulfitehic.mapping.Bhmem  - Processing reads 542000 ...
208379 [main] INFO main.java.edu.mit.compbio.bisulfitehic.mapping.Bhmem  - Unique mapped and paired reads 537658 ...
[M::mem_process_seqs] Processed 1001 reads in 0.950 CPU sec, 0.122 real sec
[M::mem_process_seqs] Processed 1001 reads in 0.867 CPU sec, 0.128 real sec
[M::mem_process_seqs] Processed 1001 reads in 1.041 CPU sec, 0.135 real sec
[M::mem_process_seqs] Processed 1001 reads in 0.989 CPU sec, 0.125 real sec
209012 [main] INFO main.java.edu.mit.compbio.bisulfitehic.mapping.Bhmem  - Processing reads 543000 ...
209012 [main] INFO main.java.edu.mit.compbio.bisulfitehic.mapping.Bhmem  - Unique mapped and paired reads 539654 ...
209015 [main] INFO main.java.edu.mit.compbio.bisulfitehic.mapping.Bhmem  - Processing reads 544000 ...
209015 [main] INFO main.java.edu.mit.compbio.bisulfitehic.mapping.Bhmem  - Unique mapped and paired reads 539654 ...
[M::mem_process_seqs] Processed 1001 reads in 1.036 CPU sec, 0.132 real sec
[M::mem_process_seqs] Processed 1001 reads in 0.876 CPU sec, 0.114 real sec
[M::mem_process_seqs] Processed 1001 reads in 1.113 CPU sec, 0.161 real sec
[M::mem_process_seqs] Processed 1001 reads in 1.029 CPU sec, 0.149 real sec
209698 [main] INFO main.java.edu.mit.compbio.bisulfitehic.mapping.Bhmem  - Processing reads 545000 ...
209699 [main] INFO main.java.edu.mit.compbio.bisulfitehic.mapping.Bhmem  - Unique mapped and paired reads 541642 ...
209701 [main] INFO main.java.edu.mit.compbio.bisulfitehic.mapping.Bhmem  - Processing reads 546000 ...
209701 [main] INFO main.java.edu.mit.compbio.bisulfitehic.mapping.Bhmem  - Unique mapped and paired reads 541642 ...
[M::mem_process_seqs] Processed 1001 reads in 0.873 CPU sec, 0.111 real sec
[M::mem_process_seqs] Processed 1001 reads in 0.825 CPU sec, 0.105 real sec
[M::mem_process_seqs] Processed 1001 reads in 0.917 CPU sec, 0.134 real sec
[M::mem_process_seqs] Processed 1001 reads in 0.931 CPU sec, 0.135 real sec
210315 [main] INFO main.java.edu.mit.compbio.bisulfitehic.mapping.Bhmem  - Processing reads 547000 ...
210315 [main] INFO main.java.edu.mit.compbio.bisulfitehic.mapping.Bhmem  - Unique mapped and paired reads 543626 ...
210318 [main] INFO main.java.edu.mit.compbio.bisulfitehic.mapping.Bhmem  - Processing reads 548000 ...
210318 [main] INFO main.java.edu.mit.compbio.bisulfitehic.mapping.Bhmem  - Unique mapped and paired reads 543626 ...
[M::mem_process_seqs] Processed 1001 reads in 1.025 CPU sec, 0.138 real sec
[M::mem_process_seqs] Processed 1001 reads in 0.982 CPU sec, 0.153 real sec
[M::mem_process_seqs] Processed 1001 reads in 1.123 CPU sec, 0.142 real sec
[M::mem_process_seqs] Processed 1001 reads in 1.061 CPU sec, 0.139 real sec
211018 [main] INFO main.java.edu.mit.compbio.bisulfitehic.mapping.Bhmem  - Processing reads 549000 ...
211018 [main] INFO main.java.edu.mit.compbio.bisulfitehic.mapping.Bhmem  - Unique mapped and paired reads 545622 ...
211021 [main] INFO main.java.edu.mit.compbio.bisulfitehic.mapping.Bhmem  - Processing reads 550000 ...
211021 [main] INFO main.java.edu.mit.compbio.bisulfitehic.mapping.Bhmem  - Unique mapped and paired reads 545622 ...
[M::mem_process_seqs] Processed 1001 reads in 0.895 CPU sec, 0.115 real sec
[M::mem_process_seqs] Processed 1001 reads in 0.867 CPU sec, 0.126 real sec
[M::mem_process_seqs] Processed 1001 reads in 1.024 CPU sec, 0.131 real sec
[M::mem_process_seqs] Processed 1001 reads in 1.028 CPU sec, 0.149 real sec
211660 [main] INFO main.java.edu.mit.compbio.bisulfitehic.mapping.Bhmem  - Processing reads 551000 ...
211660 [main] INFO main.java.edu.mit.compbio.bisulfitehic.mapping.Bhmem  - Unique mapped and paired reads 547618 ...
211663 [main] INFO main.java.edu.mit.compbio.bisulfitehic.mapping.Bhmem  - Processing reads 552000 ...
211663 [main] INFO main.java.edu.mit.compbio.bisulfitehic.mapping.Bhmem  - Unique mapped and paired reads 547618 ...
[M::mem_process_seqs] Processed 1001 reads in 0.937 CPU sec, 0.131 real sec
[M::mem_process_seqs] Processed 1001 reads in 0.963 CPU sec, 0.140 real sec
[M::mem_process_seqs] Processed 1001 reads in 0.973 CPU sec, 0.145 real sec
[M::mem_process_seqs] Processed 1001 reads in 0.969 CPU sec, 0.126 real sec
212325 [main] INFO main.java.edu.mit.compbio.bisulfitehic.mapping.Bhmem  - Processing reads 553000 ...
212325 [main] INFO main.java.edu.mit.compbio.bisulfitehic.mapping.Bhmem  - Unique mapped and paired reads 549606 ...
212328 [main] INFO main.java.edu.mit.compbio.bisulfitehic.mapping.Bhmem  - Processing reads 554000 ...
212328 [main] INFO main.java.edu.mit.compbio.bisulfitehic.mapping.Bhmem  - Unique mapped and paired reads 549606 ...
[M::mem_process_seqs] Processed 1001 reads in 0.965 CPU sec, 0.125 real sec
[M::mem_process_seqs] Processed 1001 reads in 0.919 CPU sec, 0.133 real sec
[M::mem_process_seqs] Processed 1001 reads in 1.076 CPU sec, 0.145 real sec
[M::mem_process_seqs] Processed 1001 reads in 1.076 CPU sec, 0.138 real sec
212994 [main] INFO main.java.edu.mit.compbio.bisulfitehic.mapping.Bhmem  - Processing reads 555000 ...
212994 [main] INFO main.java.edu.mit.compbio.bisulfitehic.mapping.Bhmem  - Unique mapped and paired reads 551594 ...
212997 [main] INFO main.java.edu.mit.compbio.bisulfitehic.mapping.Bhmem  - Processing reads 556000 ...
212997 [main] INFO main.java.edu.mit.compbio.bisulfitehic.mapping.Bhmem  - Unique mapped and paired reads 551594 ...
[M::mem_process_seqs] Processed 1001 reads in 1.040 CPU sec, 0.136 real sec
[M::mem_process_seqs] Processed 1001 reads in 0.948 CPU sec, 0.138 real sec
[M::mem_process_seqs] Processed 1001 reads in 1.149 CPU sec, 0.174 real sec
[M::mem_process_seqs] Processed 1001 reads in 1.145 CPU sec, 0.146 real sec
213715 [main] INFO main.java.edu.mit.compbio.bisulfitehic.mapping.Bhmem  - Processing reads 557000 ...
213715 [main] INFO main.java.edu.mit.compbio.bisulfitehic.mapping.Bhmem  - Unique mapped and paired reads 553584 ...
213718 [main] INFO main.java.edu.mit.compbio.bisulfitehic.mapping.Bhmem  - Processing reads 558000 ...
213718 [main] INFO main.java.edu.mit.compbio.bisulfitehic.mapping.Bhmem  - Unique mapped and paired reads 553584 ...
[M::mem_process_seqs] Processed 1001 reads in 0.995 CPU sec, 0.141 real sec
[M::mem_process_seqs] Processed 1001 reads in 1.050 CPU sec, 0.156 real sec
[M::mem_process_seqs] Processed 1001 reads in 1.068 CPU sec, 0.155 real sec
[M::mem_process_seqs] Processed 1001 reads in 1.123 CPU sec, 0.163 real sec
214475 [main] INFO main.java.edu.mit.compbio.bisulfitehic.mapping.Bhmem  - Processing reads 559000 ...
214475 [main] INFO main.java.edu.mit.compbio.bisulfitehic.mapping.Bhmem  - Unique mapped and paired reads 555580 ...
214478 [main] INFO main.java.edu.mit.compbio.bisulfitehic.mapping.Bhmem  - Processing reads 560000 ...
214478 [main] INFO main.java.edu.mit.compbio.bisulfitehic.mapping.Bhmem  - Unique mapped and paired reads 555580 ...
[M::mem_process_seqs] Processed 1001 reads in 1.099 CPU sec, 0.141 real sec
[M::mem_process_seqs] Processed 1001 reads in 1.055 CPU sec, 0.142 real sec
[M::mem_process_seqs] Processed 1001 reads in 1.107 CPU sec, 0.160 real sec
[M::mem_process_seqs] Processed 1001 reads in 1.104 CPU sec, 0.160 real sec
215202 [main] INFO main.java.edu.mit.compbio.bisulfitehic.mapping.Bhmem  - Processing reads 561000 ...
215202 [main] INFO main.java.edu.mit.compbio.bisulfitehic.mapping.Bhmem  - Unique mapped and paired reads 557572 ...
215205 [main] INFO main.java.edu.mit.compbio.bisulfitehic.mapping.Bhmem  - Processing reads 562000 ...
215205 [main] INFO main.java.edu.mit.compbio.bisulfitehic.mapping.Bhmem  - Unique mapped and paired reads 557572 ...
[M::mem_process_seqs] Processed 1001 reads in 0.967 CPU sec, 0.124 real sec
[M::mem_process_seqs] Processed 1001 reads in 0.978 CPU sec, 0.125 real sec
[M::mem_process_seqs] Processed 1001 reads in 1.054 CPU sec, 0.154 real sec
[M::mem_process_seqs] Processed 1001 reads in 1.082 CPU sec, 0.156 real sec
215879 [main] INFO main.java.edu.mit.compbio.bisulfitehic.mapping.Bhmem  - Processing reads 563000 ...
215879 [main] INFO main.java.edu.mit.compbio.bisulfitehic.mapping.Bhmem  - Unique mapped and paired reads 559560 ...
215882 [main] INFO main.java.edu.mit.compbio.bisulfitehic.mapping.Bhmem  - Processing reads 564000 ...
215882 [main] INFO main.java.edu.mit.compbio.bisulfitehic.mapping.Bhmem  - Unique mapped and paired reads 559560 ...
[M::mem_process_seqs] Processed 1001 reads in 1.032 CPU sec, 0.150 real sec
[M::mem_process_seqs] Processed 1001 reads in 0.927 CPU sec, 0.133 real sec
[M::mem_process_seqs] Processed 1001 reads in 1.113 CPU sec, 0.164 real sec
[M::mem_process_seqs] Processed 1001 reads in 1.029 CPU sec, 0.149 real sec
216614 [main] INFO main.java.edu.mit.compbio.bisulfitehic.mapping.Bhmem  - Processing reads 565000 ...
216614 [main] INFO main.java.edu.mit.compbio.bisulfitehic.mapping.Bhmem  - Unique mapped and paired reads 561546 ...
216617 [main] INFO main.java.edu.mit.compbio.bisulfitehic.mapping.Bhmem  - Processing reads 566000 ...
216617 [main] INFO main.java.edu.mit.compbio.bisulfitehic.mapping.Bhmem  - Unique mapped and paired reads 561546 ...
[M::mem_process_seqs] Processed 1001 reads in 1.033 CPU sec, 0.132 real sec
[M::mem_process_seqs] Processed 1001 reads in 1.031 CPU sec, 0.148 real sec
[M::mem_process_seqs] Processed 1001 reads in 1.053 CPU sec, 0.157 real sec
[M::mem_process_seqs] Processed 1001 reads in 1.051 CPU sec, 0.152 real sec
217330 [main] INFO main.java.edu.mit.compbio.bisulfitehic.mapping.Bhmem  - Processing reads 567000 ...
217330 [main] INFO main.java.edu.mit.compbio.bisulfitehic.mapping.Bhmem  - Unique mapped and paired reads 563540 ...
217333 [main] INFO main.java.edu.mit.compbio.bisulfitehic.mapping.Bhmem  - Processing reads 568000 ...
217333 [main] INFO main.java.edu.mit.compbio.bisulfitehic.mapping.Bhmem  - Unique mapped and paired reads 563540 ...
[M::mem_process_seqs] Processed 1001 reads in 1.028 CPU sec, 0.138 real sec
[M::mem_process_seqs] Processed 1001 reads in 1.023 CPU sec, 0.133 real sec
[M::mem_process_seqs] Processed 1001 reads in 1.055 CPU sec, 0.159 real sec
[M::mem_process_seqs] Processed 1001 reads in 1.111 CPU sec, 0.144 real sec
218031 [main] INFO main.java.edu.mit.compbio.bisulfitehic.mapping.Bhmem  - Processing reads 569000 ...
218031 [main] INFO main.java.edu.mit.compbio.bisulfitehic.mapping.Bhmem  - Unique mapped and paired reads 565540 ...
218034 [main] INFO main.java.edu.mit.compbio.bisulfitehic.mapping.Bhmem  - Processing reads 570000 ...
218034 [main] INFO main.java.edu.mit.compbio.bisulfitehic.mapping.Bhmem  - Unique mapped and paired reads 565540 ...
[M::mem_process_seqs] Processed 1001 reads in 0.976 CPU sec, 0.127 real sec
[M::mem_process_seqs] Processed 1001 reads in 0.891 CPU sec, 0.130 real sec
[M::mem_process_seqs] Processed 1001 reads in 1.080 CPU sec, 0.157 real sec
[M::mem_process_seqs] Processed 1001 reads in 0.985 CPU sec, 0.143 real sec
218714 [main] INFO main.java.edu.mit.compbio.bisulfitehic.mapping.Bhmem  - Processing reads 571000 ...
218714 [main] INFO main.java.edu.mit.compbio.bisulfitehic.mapping.Bhmem  - Unique mapped and paired reads 567526 ...
218717 [main] INFO main.java.edu.mit.compbio.bisulfitehic.mapping.Bhmem  - Processing reads 572000 ...
218717 [main] INFO main.java.edu.mit.compbio.bisulfitehic.mapping.Bhmem  - Unique mapped and paired reads 567526 ...
[M::mem_process_seqs] Processed 1001 reads in 0.966 CPU sec, 0.124 real sec
[M::mem_process_seqs] Processed 1001 reads in 0.933 CPU sec, 0.119 real sec
[M::mem_process_seqs] Processed 1001 reads in 1.031 CPU sec, 0.151 real sec
[M::mem_process_seqs] Processed 1001 reads in 1.021 CPU sec, 0.147 real sec
219390 [main] INFO main.java.edu.mit.compbio.bisulfitehic.mapping.Bhmem  - Processing reads 573000 ...
219390 [main] INFO main.java.edu.mit.compbio.bisulfitehic.mapping.Bhmem  - Unique mapped and paired reads 569514 ...
219393 [main] INFO main.java.edu.mit.compbio.bisulfitehic.mapping.Bhmem  - Processing reads 574000 ...
219393 [main] INFO main.java.edu.mit.compbio.bisulfitehic.mapping.Bhmem  - Unique mapped and paired reads 569514 ...
[M::mem_process_seqs] Processed 1001 reads in 1.103 CPU sec, 0.141 real sec
[M::mem_process_seqs] Processed 1001 reads in 0.927 CPU sec, 0.134 real sec
[M::mem_process_seqs] Processed 1001 reads in 1.197 CPU sec, 0.155 real sec
[M::mem_process_seqs] Processed 1001 reads in 1.165 CPU sec, 0.168 real sec
220133 [main] INFO main.java.edu.mit.compbio.bisulfitehic.mapping.Bhmem  - Processing reads 575000 ...
220133 [main] INFO main.java.edu.mit.compbio.bisulfitehic.mapping.Bhmem  - Unique mapped and paired reads 571508 ...
220136 [main] INFO main.java.edu.mit.compbio.bisulfitehic.mapping.Bhmem  - Processing reads 576000 ...
220136 [main] INFO main.java.edu.mit.compbio.bisulfitehic.mapping.Bhmem  - Unique mapped and paired reads 571508 ...
[M::mem_process_seqs] Processed 1001 reads in 1.080 CPU sec, 0.145 real sec
[M::mem_process_seqs] Processed 1001 reads in 0.975 CPU sec, 0.142 real sec
[M::mem_process_seqs] Processed 1001 reads in 1.190 CPU sec, 0.172 real sec
[M::mem_process_seqs] Processed 1001 reads in 1.141 CPU sec, 0.170 real sec
220893 [main] INFO main.java.edu.mit.compbio.bisulfitehic.mapping.Bhmem  - Processing reads 577000 ...
220893 [main] INFO main.java.edu.mit.compbio.bisulfitehic.mapping.Bhmem  - Unique mapped and paired reads 573494 ...
220896 [main] INFO main.java.edu.mit.compbio.bisulfitehic.mapping.Bhmem  - Processing reads 578000 ...
220896 [main] INFO main.java.edu.mit.compbio.bisulfitehic.mapping.Bhmem  - Unique mapped and paired reads 573494 ...
[M::mem_process_seqs] Processed 1001 reads in 1.052 CPU sec, 0.135 real sec
[M::mem_process_seqs] Processed 1001 reads in 0.926 CPU sec, 0.119 real sec
[M::mem_process_seqs] Processed 1001 reads in 1.105 CPU sec, 0.168 real sec
[M::mem_process_seqs] Processed 1001 reads in 1.084 CPU sec, 0.156 real sec
221596 [main] INFO main.java.edu.mit.compbio.bisulfitehic.mapping.Bhmem  - Processing reads 579000 ...
221596 [main] INFO main.java.edu.mit.compbio.bisulfitehic.mapping.Bhmem  - Unique mapped and paired reads 575486 ...
221599 [main] INFO main.java.edu.mit.compbio.bisulfitehic.mapping.Bhmem  - Processing reads 580000 ...
221599 [main] INFO main.java.edu.mit.compbio.bisulfitehic.mapping.Bhmem  - Unique mapped and paired reads 575486 ...
[M::mem_process_seqs] Processed 1001 reads in 1.015 CPU sec, 0.132 real sec
[M::mem_process_seqs] Processed 1001 reads in 0.942 CPU sec, 0.136 real sec
[M::mem_process_seqs] Processed 1001 reads in 1.024 CPU sec, 0.149 real sec
[M::mem_process_seqs] Processed 1001 reads in 0.984 CPU sec, 0.125 real sec
222263 [main] INFO main.java.edu.mit.compbio.bisulfitehic.mapping.Bhmem  - Processing reads 581000 ...
222263 [main] INFO main.java.edu.mit.compbio.bisulfitehic.mapping.Bhmem  - Unique mapped and paired reads 577472 ...
222266 [main] INFO main.java.edu.mit.compbio.bisulfitehic.mapping.Bhmem  - Processing reads 582000 ...
222266 [main] INFO main.java.edu.mit.compbio.bisulfitehic.mapping.Bhmem  - Unique mapped and paired reads 577472 ...
[M::mem_process_seqs] Processed 1001 reads in 1.038 CPU sec, 0.132 real sec
[M::mem_process_seqs] Processed 1001 reads in 0.873 CPU sec, 0.125 real sec
[M::mem_process_seqs] Processed 1001 reads in 0.936 CPU sec, 0.119 real sec
[M::mem_process_seqs] Processed 1001 reads in 0.931 CPU sec, 0.135 real sec
222901 [main] INFO main.java.edu.mit.compbio.bisulfitehic.mapping.Bhmem  - Processing reads 583000 ...
222901 [main] INFO main.java.edu.mit.compbio.bisulfitehic.mapping.Bhmem  - Unique mapped and paired reads 579464 ...
222904 [main] INFO main.java.edu.mit.compbio.bisulfitehic.mapping.Bhmem  - Processing reads 584000 ...
222904 [main] INFO main.java.edu.mit.compbio.bisulfitehic.mapping.Bhmem  - Unique mapped and paired reads 579464 ...
[M::mem_process_seqs] Processed 1001 reads in 1.202 CPU sec, 0.152 real sec
[M::mem_process_seqs] Processed 1001 reads in 1.086 CPU sec, 0.137 real sec
[M::mem_process_seqs] Processed 1001 reads in 0.863 CPU sec, 0.112 real sec
[M::mem_process_seqs] Processed 1001 reads in 0.835 CPU sec, 0.122 real sec
223590 [main] INFO main.java.edu.mit.compbio.bisulfitehic.mapping.Bhmem  - Processing reads 585000 ...
223590 [main] INFO main.java.edu.mit.compbio.bisulfitehic.mapping.Bhmem  - Unique mapped and paired reads 581458 ...
223593 [main] INFO main.java.edu.mit.compbio.bisulfitehic.mapping.Bhmem  - Processing reads 586000 ...
223593 [main] INFO main.java.edu.mit.compbio.bisulfitehic.mapping.Bhmem  - Unique mapped and paired reads 581458 ...
[M::mem_process_seqs] Processed 1001 reads in 1.171 CPU sec, 0.149 real sec
[M::mem_process_seqs] Processed 1001 reads in 1.085 CPU sec, 0.139 real sec
[M::mem_process_seqs] Processed 1001 reads in 0.820 CPU sec, 0.125 real sec
[M::mem_process_seqs] Processed 1001 reads in 0.858 CPU sec, 0.128 real sec
224295 [main] INFO main.java.edu.mit.compbio.bisulfitehic.mapping.Bhmem  - Processing reads 587000 ...
224295 [main] INFO main.java.edu.mit.compbio.bisulfitehic.mapping.Bhmem  - Unique mapped and paired reads 583438 ...
224298 [main] INFO main.java.edu.mit.compbio.bisulfitehic.mapping.Bhmem  - Processing reads 588000 ...
224298 [main] INFO main.java.edu.mit.compbio.bisulfitehic.mapping.Bhmem  - Unique mapped and paired reads 583438 ...
[M::mem_process_seqs] Processed 1001 reads in 1.012 CPU sec, 0.128 real sec
[M::mem_process_seqs] Processed 1001 reads in 0.973 CPU sec, 0.124 real sec
[M::mem_process_seqs] Processed 1001 reads in 0.988 CPU sec, 0.131 real sec
[M::mem_process_seqs] Processed 1001 reads in 1.059 CPU sec, 0.153 real sec
224967 [main] INFO main.java.edu.mit.compbio.bisulfitehic.mapping.Bhmem  - Processing reads 589000 ...
224967 [main] INFO main.java.edu.mit.compbio.bisulfitehic.mapping.Bhmem  - Unique mapped and paired reads 585426 ...
224970 [main] INFO main.java.edu.mit.compbio.bisulfitehic.mapping.Bhmem  - Processing reads 590000 ...
224970 [main] INFO main.java.edu.mit.compbio.bisulfitehic.mapping.Bhmem  - Unique mapped and paired reads 585426 ...
[M::mem_process_seqs] Processed 1001 reads in 0.992 CPU sec, 0.127 real sec
[M::mem_process_seqs] Processed 1001 reads in 0.873 CPU sec, 0.127 real sec
[M::mem_process_seqs] Processed 1001 reads in 1.064 CPU sec, 0.164 real sec
[M::mem_process_seqs] Processed 1001 reads in 1.053 CPU sec, 0.152 real sec
225658 [main] INFO main.java.edu.mit.compbio.bisulfitehic.mapping.Bhmem  - Processing reads 591000 ...
225658 [main] INFO main.java.edu.mit.compbio.bisulfitehic.mapping.Bhmem  - Unique mapped and paired reads 587418 ...
225661 [main] INFO main.java.edu.mit.compbio.bisulfitehic.mapping.Bhmem  - Processing reads 592000 ...
225661 [main] INFO main.java.edu.mit.compbio.bisulfitehic.mapping.Bhmem  - Unique mapped and paired reads 587418 ...
[M::mem_process_seqs] Processed 1001 reads in 1.170 CPU sec, 0.149 real sec
[M::mem_process_seqs] Processed 1001 reads in 0.979 CPU sec, 0.142 real sec
[M::mem_process_seqs] Processed 1001 reads in 1.153 CPU sec, 0.148 real sec
[M::mem_process_seqs] Processed 1001 reads in 1.244 CPU sec, 0.172 real sec
226401 [main] INFO main.java.edu.mit.compbio.bisulfitehic.mapping.Bhmem  - Processing reads 593000 ...
226401 [main] INFO main.java.edu.mit.compbio.bisulfitehic.mapping.Bhmem  - Unique mapped and paired reads 589406 ...
226404 [main] INFO main.java.edu.mit.compbio.bisulfitehic.mapping.Bhmem  - Processing reads 594000 ...
226404 [main] INFO main.java.edu.mit.compbio.bisulfitehic.mapping.Bhmem  - Unique mapped and paired reads 589406 ...
[M::mem_process_seqs] Processed 1001 reads in 1.036 CPU sec, 0.133 real sec
[M::mem_process_seqs] Processed 1001 reads in 0.968 CPU sec, 0.143 real sec
[M::mem_process_seqs] Processed 1001 reads in 1.200 CPU sec, 0.346 real sec
[M::mem_process_seqs] Processed 1001 reads in 1.107 CPU sec, 0.140 real sec
227293 [main] INFO main.java.edu.mit.compbio.bisulfitehic.mapping.Bhmem  - Processing reads 595000 ...
227293 [main] INFO main.java.edu.mit.compbio.bisulfitehic.mapping.Bhmem  - Unique mapped and paired reads 591400 ...
227296 [main] INFO main.java.edu.mit.compbio.bisulfitehic.mapping.Bhmem  - Processing reads 596000 ...
227296 [main] INFO main.java.edu.mit.compbio.bisulfitehic.mapping.Bhmem  - Unique mapped and paired reads 591400 ...
[M::mem_process_seqs] Processed 1001 reads in 1.019 CPU sec, 0.131 real sec
[M::mem_process_seqs] Processed 1001 reads in 1.001 CPU sec, 0.147 real sec
[M::mem_process_seqs] Processed 1001 reads in 1.102 CPU sec, 0.160 real sec
[M::mem_process_seqs] Processed 1001 reads in 1.194 CPU sec, 0.153 real sec
228012 [main] INFO main.java.edu.mit.compbio.bisulfitehic.mapping.Bhmem  - Processing reads 597000 ...
228013 [main] INFO main.java.edu.mit.compbio.bisulfitehic.mapping.Bhmem  - Unique mapped and paired reads 593390 ...
228016 [main] INFO main.java.edu.mit.compbio.bisulfitehic.mapping.Bhmem  - Processing reads 598000 ...
228016 [main] INFO main.java.edu.mit.compbio.bisulfitehic.mapping.Bhmem  - Unique mapped and paired reads 593390 ...
[M::mem_process_seqs] Processed 1001 reads in 1.085 CPU sec, 0.139 real sec
[M::mem_process_seqs] Processed 1001 reads in 0.934 CPU sec, 0.137 real sec
[M::mem_process_seqs] Processed 1001 reads in 1.124 CPU sec, 0.180 real sec
[M::mem_process_seqs] Processed 1001 reads in 1.079 CPU sec, 0.137 real sec
228732 [main] INFO main.java.edu.mit.compbio.bisulfitehic.mapping.Bhmem  - Processing reads 599000 ...
228732 [main] INFO main.java.edu.mit.compbio.bisulfitehic.mapping.Bhmem  - Unique mapped and paired reads 595386 ...
228735 [main] INFO main.java.edu.mit.compbio.bisulfitehic.mapping.Bhmem  - Processing reads 600000 ...
228735 [main] INFO main.java.edu.mit.compbio.bisulfitehic.mapping.Bhmem  - Unique mapped and paired reads 595386 ...
[M::mem_process_seqs] Processed 1001 reads in 0.961 CPU sec, 0.123 real sec
[M::mem_process_seqs] Processed 1001 reads in 0.923 CPU sec, 0.134 real sec
[M::mem_process_seqs] Processed 1001 reads in 1.061 CPU sec, 0.154 real sec
[M::mem_process_seqs] Processed 1001 reads in 1.035 CPU sec, 0.151 real sec
229411 [main] INFO main.java.edu.mit.compbio.bisulfitehic.mapping.Bhmem  - Processing reads 601000 ...
229411 [main] INFO main.java.edu.mit.compbio.bisulfitehic.mapping.Bhmem  - Unique mapped and paired reads 597370 ...
229414 [main] INFO main.java.edu.mit.compbio.bisulfitehic.mapping.Bhmem  - Processing reads 602000 ...
229414 [main] INFO main.java.edu.mit.compbio.bisulfitehic.mapping.Bhmem  - Unique mapped and paired reads 597370 ...
[M::mem_process_seqs] Processed 1001 reads in 0.991 CPU sec, 0.127 real sec
[M::mem_process_seqs] Processed 1001 reads in 0.891 CPU sec, 0.134 real sec
[M::mem_process_seqs] Processed 1001 reads in 1.066 CPU sec, 0.155 real sec
[M::mem_process_seqs] Processed 1001 reads in 1.070 CPU sec, 0.155 real sec
230109 [main] INFO main.java.edu.mit.compbio.bisulfitehic.mapping.Bhmem  - Processing reads 603000 ...
230109 [main] INFO main.java.edu.mit.compbio.bisulfitehic.mapping.Bhmem  - Unique mapped and paired reads 599366 ...
230112 [main] INFO main.java.edu.mit.compbio.bisulfitehic.mapping.Bhmem  - Processing reads 604000 ...
230112 [main] INFO main.java.edu.mit.compbio.bisulfitehic.mapping.Bhmem  - Unique mapped and paired reads 599366 ...
[M::mem_process_seqs] Processed 1001 reads in 0.943 CPU sec, 0.123 real sec
[M::mem_process_seqs] Processed 1001 reads in 0.899 CPU sec, 0.116 real sec
[M::mem_process_seqs] Processed 1001 reads in 0.937 CPU sec, 0.137 real sec
[M::mem_process_seqs] Processed 1001 reads in 1.015 CPU sec, 0.147 real sec
230748 [main] INFO main.java.edu.mit.compbio.bisulfitehic.mapping.Bhmem  - Processing reads 605000 ...
230748 [main] INFO main.java.edu.mit.compbio.bisulfitehic.mapping.Bhmem  - Unique mapped and paired reads 601364 ...
230751 [main] INFO main.java.edu.mit.compbio.bisulfitehic.mapping.Bhmem  - Processing reads 606000 ...
230751 [main] INFO main.java.edu.mit.compbio.bisulfitehic.mapping.Bhmem  - Unique mapped and paired reads 601364 ...
[M::mem_process_seqs] Processed 1001 reads in 0.972 CPU sec, 0.123 real sec
[M::mem_process_seqs] Processed 1001 reads in 0.927 CPU sec, 0.143 real sec
[M::mem_process_seqs] Processed 1001 reads in 1.060 CPU sec, 0.152 real sec
[M::mem_process_seqs] Processed 1001 reads in 1.090 CPU sec, 0.160 real sec
231456 [main] INFO main.java.edu.mit.compbio.bisulfitehic.mapping.Bhmem  - Processing reads 607000 ...
231456 [main] INFO main.java.edu.mit.compbio.bisulfitehic.mapping.Bhmem  - Unique mapped and paired reads 603352 ...
231459 [main] INFO main.java.edu.mit.compbio.bisulfitehic.mapping.Bhmem  - Processing reads 608000 ...
231459 [main] INFO main.java.edu.mit.compbio.bisulfitehic.mapping.Bhmem  - Unique mapped and paired reads 603352 ...
[M::mem_process_seqs] Processed 1001 reads in 1.007 CPU sec, 0.128 real sec
[M::mem_process_seqs] Processed 1001 reads in 0.909 CPU sec, 0.116 real sec
[M::mem_process_seqs] Processed 1001 reads in 1.079 CPU sec, 0.157 real sec
[M::mem_process_seqs] Processed 1001 reads in 1.064 CPU sec, 0.165 real sec
232148 [main] INFO main.java.edu.mit.compbio.bisulfitehic.mapping.Bhmem  - Processing reads 609000 ...
232148 [main] INFO main.java.edu.mit.compbio.bisulfitehic.mapping.Bhmem  - Unique mapped and paired reads 605346 ...
232151 [main] INFO main.java.edu.mit.compbio.bisulfitehic.mapping.Bhmem  - Processing reads 610000 ...
232151 [main] INFO main.java.edu.mit.compbio.bisulfitehic.mapping.Bhmem  - Unique mapped and paired reads 605346 ...
[M::mem_process_seqs] Processed 1001 reads in 1.034 CPU sec, 0.132 real sec
[M::mem_process_seqs] Processed 1001 reads in 1.011 CPU sec, 0.146 real sec
[M::mem_process_seqs] Processed 1001 reads in 1.120 CPU sec, 0.164 real sec
[M::mem_process_seqs] Processed 1001 reads in 1.194 CPU sec, 0.173 real sec
232890 [main] INFO main.java.edu.mit.compbio.bisulfitehic.mapping.Bhmem  - Processing reads 611000 ...
232890 [main] INFO main.java.edu.mit.compbio.bisulfitehic.mapping.Bhmem  - Unique mapped and paired reads 607334 ...
232893 [main] INFO main.java.edu.mit.compbio.bisulfitehic.mapping.Bhmem  - Processing reads 612000 ...
232893 [main] INFO main.java.edu.mit.compbio.bisulfitehic.mapping.Bhmem  - Unique mapped and paired reads 607334 ...
[M::mem_process_seqs] Processed 1001 reads in 0.985 CPU sec, 0.127 real sec
[M::mem_process_seqs] Processed 1001 reads in 0.932 CPU sec, 0.119 real sec
[M::mem_process_seqs] Processed 1001 reads in 1.040 CPU sec, 0.152 real sec
[M::mem_process_seqs] Processed 1001 reads in 1.012 CPU sec, 0.146 real sec
233557 [main] INFO main.java.edu.mit.compbio.bisulfitehic.mapping.Bhmem  - Processing reads 613000 ...
233557 [main] INFO main.java.edu.mit.compbio.bisulfitehic.mapping.Bhmem  - Unique mapped and paired reads 609326 ...
233560 [main] INFO main.java.edu.mit.compbio.bisulfitehic.mapping.Bhmem  - Processing reads 614000 ...
233560 [main] INFO main.java.edu.mit.compbio.bisulfitehic.mapping.Bhmem  - Unique mapped and paired reads 609326 ...
[M::mem_process_seqs] Processed 1001 reads in 1.040 CPU sec, 0.135 real sec
[M::mem_process_seqs] Processed 1001 reads in 0.980 CPU sec, 0.141 real sec
[M::mem_process_seqs] Processed 1001 reads in 1.075 CPU sec, 0.137 real sec
[M::mem_process_seqs] Processed 1001 reads in 1.139 CPU sec, 0.166 real sec
234261 [main] INFO main.java.edu.mit.compbio.bisulfitehic.mapping.Bhmem  - Processing reads 615000 ...
234261 [main] INFO main.java.edu.mit.compbio.bisulfitehic.mapping.Bhmem  - Unique mapped and paired reads 611318 ...
234264 [main] INFO main.java.edu.mit.compbio.bisulfitehic.mapping.Bhmem  - Processing reads 616000 ...
234264 [main] INFO main.java.edu.mit.compbio.bisulfitehic.mapping.Bhmem  - Unique mapped and paired reads 611318 ...
[M::mem_process_seqs] Processed 1001 reads in 1.055 CPU sec, 0.152 real sec
[M::mem_process_seqs] Processed 1001 reads in 1.077 CPU sec, 0.155 real sec
[M::mem_process_seqs] Processed 1001 reads in 1.201 CPU sec, 0.167 real sec
[M::mem_process_seqs] Processed 1001 reads in 1.023 CPU sec, 0.148 real sec
235033 [main] INFO main.java.edu.mit.compbio.bisulfitehic.mapping.Bhmem  - Processing reads 617000 ...
235033 [main] INFO main.java.edu.mit.compbio.bisulfitehic.mapping.Bhmem  - Unique mapped and paired reads 613308 ...
235036 [main] INFO main.java.edu.mit.compbio.bisulfitehic.mapping.Bhmem  - Processing reads 618000 ...
235036 [main] INFO main.java.edu.mit.compbio.bisulfitehic.mapping.Bhmem  - Unique mapped and paired reads 613308 ...
[M::mem_process_seqs] Processed 1001 reads in 0.925 CPU sec, 0.119 real sec
[M::mem_process_seqs] Processed 1001 reads in 0.904 CPU sec, 0.130 real sec
[M::mem_process_seqs] Processed 1001 reads in 0.993 CPU sec, 0.126 real sec
[M::mem_process_seqs] Processed 1001 reads in 1.054 CPU sec, 0.158 real sec
235687 [main] INFO main.java.edu.mit.compbio.bisulfitehic.mapping.Bhmem  - Processing reads 619000 ...
235687 [main] INFO main.java.edu.mit.compbio.bisulfitehic.mapping.Bhmem  - Unique mapped and paired reads 615298 ...
235690 [main] INFO main.java.edu.mit.compbio.bisulfitehic.mapping.Bhmem  - Processing reads 620000 ...
235690 [main] INFO main.java.edu.mit.compbio.bisulfitehic.mapping.Bhmem  - Unique mapped and paired reads 615298 ...
[M::mem_process_seqs] Processed 1001 reads in 1.001 CPU sec, 0.127 real sec
[M::mem_process_seqs] Processed 1001 reads in 0.939 CPU sec, 0.120 real sec
[M::mem_process_seqs] Processed 1001 reads in 1.112 CPU sec, 0.155 real sec
[M::mem_process_seqs] Processed 1001 reads in 0.999 CPU sec, 0.147 real sec
236373 [main] INFO main.java.edu.mit.compbio.bisulfitehic.mapping.Bhmem  - Processing reads 621000 ...
236373 [main] INFO main.java.edu.mit.compbio.bisulfitehic.mapping.Bhmem  - Unique mapped and paired reads 617298 ...
236376 [main] INFO main.java.edu.mit.compbio.bisulfitehic.mapping.Bhmem  - Processing reads 622000 ...
236376 [main] INFO main.java.edu.mit.compbio.bisulfitehic.mapping.Bhmem  - Unique mapped and paired reads 617298 ...
[M::mem_process_seqs] Processed 1001 reads in 0.938 CPU sec, 0.119 real sec
[M::mem_process_seqs] Processed 1001 reads in 0.937 CPU sec, 0.141 real sec
[M::mem_process_seqs] Processed 1001 reads in 1.012 CPU sec, 0.146 real sec
[M::mem_process_seqs] Processed 1001 reads in 0.993 CPU sec, 0.129 real sec
237028 [main] INFO main.java.edu.mit.compbio.bisulfitehic.mapping.Bhmem  - Processing reads 623000 ...
237028 [main] INFO main.java.edu.mit.compbio.bisulfitehic.mapping.Bhmem  - Unique mapped and paired reads 619294 ...
237031 [main] INFO main.java.edu.mit.compbio.bisulfitehic.mapping.Bhmem  - Processing reads 624000 ...
237031 [main] INFO main.java.edu.mit.compbio.bisulfitehic.mapping.Bhmem  - Unique mapped and paired reads 619294 ...
[M::mem_process_seqs] Processed 1001 reads in 0.996 CPU sec, 0.127 real sec
[M::mem_process_seqs] Processed 1001 reads in 0.856 CPU sec, 0.128 real sec
[M::mem_process_seqs] Processed 1001 reads in 1.084 CPU sec, 0.139 real sec
[M::mem_process_seqs] Processed 1001 reads in 0.926 CPU sec, 0.118 real sec
237664 [main] INFO main.java.edu.mit.compbio.bisulfitehic.mapping.Bhmem  - Processing reads 625000 ...
237664 [main] INFO main.java.edu.mit.compbio.bisulfitehic.mapping.Bhmem  - Unique mapped and paired reads 621286 ...
237667 [main] INFO main.java.edu.mit.compbio.bisulfitehic.mapping.Bhmem  - Processing reads 626000 ...
237668 [main] INFO main.java.edu.mit.compbio.bisulfitehic.mapping.Bhmem  - Unique mapped and paired reads 621286 ...
[M::mem_process_seqs] Processed 1001 reads in 1.153 CPU sec, 0.146 real sec
[M::mem_process_seqs] Processed 1001 reads in 0.949 CPU sec, 0.123 real sec
[M::mem_process_seqs] Processed 1001 reads in 1.241 CPU sec, 0.158 real sec
[M::mem_process_seqs] Processed 1001 reads in 1.120 CPU sec, 0.146 real sec
238361 [main] INFO main.java.edu.mit.compbio.bisulfitehic.mapping.Bhmem  - Processing reads 627000 ...
238361 [main] INFO main.java.edu.mit.compbio.bisulfitehic.mapping.Bhmem  - Unique mapped and paired reads 623266 ...
238364 [main] INFO main.java.edu.mit.compbio.bisulfitehic.mapping.Bhmem  - Processing reads 628000 ...
238364 [main] INFO main.java.edu.mit.compbio.bisulfitehic.mapping.Bhmem  - Unique mapped and paired reads 623266 ...
[M::mem_process_seqs] Processed 1001 reads in 1.075 CPU sec, 0.136 real sec
[M::mem_process_seqs] Processed 1001 reads in 0.953 CPU sec, 0.141 real sec
[M::mem_process_seqs] Processed 1001 reads in 1.189 CPU sec, 0.159 real sec
[M::mem_process_seqs] Processed 1001 reads in 1.090 CPU sec, 0.144 real sec
239069 [main] INFO main.java.edu.mit.compbio.bisulfitehic.mapping.Bhmem  - Processing reads 629000 ...
239069 [main] INFO main.java.edu.mit.compbio.bisulfitehic.mapping.Bhmem  - Unique mapped and paired reads 625252 ...
239072 [main] INFO main.java.edu.mit.compbio.bisulfitehic.mapping.Bhmem  - Processing reads 630000 ...
239072 [main] INFO main.java.edu.mit.compbio.bisulfitehic.mapping.Bhmem  - Unique mapped and paired reads 625252 ...
[M::mem_process_seqs] Processed 1001 reads in 1.004 CPU sec, 0.132 real sec
[M::mem_process_seqs] Processed 1001 reads in 0.954 CPU sec, 0.138 real sec
[M::mem_process_seqs] Processed 1001 reads in 1.073 CPU sec, 0.138 real sec
[M::mem_process_seqs] Processed 1001 reads in 1.066 CPU sec, 0.157 real sec
239762 [main] INFO main.java.edu.mit.compbio.bisulfitehic.mapping.Bhmem  - Processing reads 631000 ...
239762 [main] INFO main.java.edu.mit.compbio.bisulfitehic.mapping.Bhmem  - Unique mapped and paired reads 627248 ...
239765 [main] INFO main.java.edu.mit.compbio.bisulfitehic.mapping.Bhmem  - Processing reads 632000 ...
239765 [main] INFO main.java.edu.mit.compbio.bisulfitehic.mapping.Bhmem  - Unique mapped and paired reads 627248 ...
[M::mem_process_seqs] Processed 1001 reads in 1.096 CPU sec, 0.152 real sec
[M::mem_process_seqs] Processed 1001 reads in 1.039 CPU sec, 0.151 real sec
[M::mem_process_seqs] Processed 1001 reads in 1.215 CPU sec, 0.181 real sec
[M::mem_process_seqs] Processed 1001 reads in 1.126 CPU sec, 0.165 real sec
240538 [main] INFO main.java.edu.mit.compbio.bisulfitehic.mapping.Bhmem  - Processing reads 633000 ...
240538 [main] INFO main.java.edu.mit.compbio.bisulfitehic.mapping.Bhmem  - Unique mapped and paired reads 629234 ...
240540 [main] INFO main.java.edu.mit.compbio.bisulfitehic.mapping.Bhmem  - Processing reads 634000 ...
240540 [main] INFO main.java.edu.mit.compbio.bisulfitehic.mapping.Bhmem  - Unique mapped and paired reads 629234 ...
[M::mem_process_seqs] Processed 1001 reads in 1.022 CPU sec, 0.130 real sec
[M::mem_process_seqs] Processed 1001 reads in 0.952 CPU sec, 0.121 real sec
[M::mem_process_seqs] Processed 1001 reads in 1.099 CPU sec, 0.141 real sec
[M::mem_process_seqs] Processed 1001 reads in 1.109 CPU sec, 0.163 real sec
241219 [main] INFO main.java.edu.mit.compbio.bisulfitehic.mapping.Bhmem  - Processing reads 635000 ...
241219 [main] INFO main.java.edu.mit.compbio.bisulfitehic.mapping.Bhmem  - Unique mapped and paired reads 631226 ...
241222 [main] INFO main.java.edu.mit.compbio.bisulfitehic.mapping.Bhmem  - Processing reads 636000 ...
241222 [main] INFO main.java.edu.mit.compbio.bisulfitehic.mapping.Bhmem  - Unique mapped and paired reads 631226 ...
[M::mem_process_seqs] Processed 1001 reads in 0.966 CPU sec, 0.124 real sec
[M::mem_process_seqs] Processed 1001 reads in 0.965 CPU sec, 0.124 real sec
[M::mem_process_seqs] Processed 1001 reads in 1.053 CPU sec, 0.157 real sec
[M::mem_process_seqs] Processed 1001 reads in 1.175 CPU sec, 0.154 real sec
241907 [main] INFO main.java.edu.mit.compbio.bisulfitehic.mapping.Bhmem  - Processing reads 637000 ...
241907 [main] INFO main.java.edu.mit.compbio.bisulfitehic.mapping.Bhmem  - Unique mapped and paired reads 633220 ...
241910 [main] INFO main.java.edu.mit.compbio.bisulfitehic.mapping.Bhmem  - Processing reads 638000 ...
241910 [main] INFO main.java.edu.mit.compbio.bisulfitehic.mapping.Bhmem  - Unique mapped and paired reads 633220 ...
[M::mem_process_seqs] Processed 1001 reads in 1.044 CPU sec, 0.133 real sec
[M::mem_process_seqs] Processed 1001 reads in 0.975 CPU sec, 0.144 real sec
[M::mem_process_seqs] Processed 1001 reads in 1.046 CPU sec, 0.158 real sec
[M::mem_process_seqs] Processed 1001 reads in 1.163 CPU sec, 0.174 real sec
242647 [main] INFO main.java.edu.mit.compbio.bisulfitehic.mapping.Bhmem  - Processing reads 639000 ...
242647 [main] INFO main.java.edu.mit.compbio.bisulfitehic.mapping.Bhmem  - Unique mapped and paired reads 635214 ...
242650 [main] INFO main.java.edu.mit.compbio.bisulfitehic.mapping.Bhmem  - Processing reads 640000 ...
242650 [main] INFO main.java.edu.mit.compbio.bisulfitehic.mapping.Bhmem  - Unique mapped and paired reads 635214 ...
[M::mem_process_seqs] Processed 1001 reads in 1.049 CPU sec, 0.133 real sec
[M::mem_process_seqs] Processed 1001 reads in 0.921 CPU sec, 0.121 real sec
[M::mem_process_seqs] Processed 1001 reads in 1.030 CPU sec, 0.150 real sec
[M::mem_process_seqs] Processed 1001 reads in 0.970 CPU sec, 0.139 real sec
243315 [main] INFO main.java.edu.mit.compbio.bisulfitehic.mapping.Bhmem  - Processing reads 641000 ...
243315 [main] INFO main.java.edu.mit.compbio.bisulfitehic.mapping.Bhmem  - Unique mapped and paired reads 637208 ...
243318 [main] INFO main.java.edu.mit.compbio.bisulfitehic.mapping.Bhmem  - Processing reads 642000 ...
243318 [main] INFO main.java.edu.mit.compbio.bisulfitehic.mapping.Bhmem  - Unique mapped and paired reads 637208 ...
[M::mem_process_seqs] Processed 1001 reads in 1.004 CPU sec, 0.128 real sec
[M::mem_process_seqs] Processed 1001 reads in 0.936 CPU sec, 0.126 real sec
[M::mem_process_seqs] Processed 1001 reads in 1.098 CPU sec, 0.167 real sec
[M::mem_process_seqs] Processed 1001 reads in 1.128 CPU sec, 0.168 real sec
244039 [main] INFO main.java.edu.mit.compbio.bisulfitehic.mapping.Bhmem  - Processing reads 643000 ...
244039 [main] INFO main.java.edu.mit.compbio.bisulfitehic.mapping.Bhmem  - Unique mapped and paired reads 639194 ...
244042 [main] INFO main.java.edu.mit.compbio.bisulfitehic.mapping.Bhmem  - Processing reads 644000 ...
244042 [main] INFO main.java.edu.mit.compbio.bisulfitehic.mapping.Bhmem  - Unique mapped and paired reads 639194 ...
[M::mem_process_seqs] Processed 1001 reads in 0.990 CPU sec, 0.144 real sec
[M::mem_process_seqs] Processed 1001 reads in 0.949 CPU sec, 0.137 real sec
[M::mem_process_seqs] Processed 1001 reads in 1.185 CPU sec, 0.167 real sec
[M::mem_process_seqs] Processed 1001 reads in 1.084 CPU sec, 0.159 real sec
244771 [main] INFO main.java.edu.mit.compbio.bisulfitehic.mapping.Bhmem  - Processing reads 645000 ...
244771 [main] INFO main.java.edu.mit.compbio.bisulfitehic.mapping.Bhmem  - Unique mapped and paired reads 641182 ...
244774 [main] INFO main.java.edu.mit.compbio.bisulfitehic.mapping.Bhmem  - Processing reads 646000 ...
244774 [main] INFO main.java.edu.mit.compbio.bisulfitehic.mapping.Bhmem  - Unique mapped and paired reads 641182 ...
[M::mem_process_seqs] Processed 1001 reads in 0.966 CPU sec, 0.122 real sec
[M::mem_process_seqs] Processed 1001 reads in 0.903 CPU sec, 0.133 real sec
[M::mem_process_seqs] Processed 1001 reads in 1.050 CPU sec, 0.153 real sec
[M::mem_process_seqs] Processed 1001 reads in 1.168 CPU sec, 0.157 real sec
245607 [main] INFO main.java.edu.mit.compbio.bisulfitehic.mapping.Bhmem  - Processing reads 647000 ...
245607 [main] INFO main.java.edu.mit.compbio.bisulfitehic.mapping.Bhmem  - Unique mapped and paired reads 643170 ...
245610 [main] INFO main.java.edu.mit.compbio.bisulfitehic.mapping.Bhmem  - Processing reads 648000 ...
245610 [main] INFO main.java.edu.mit.compbio.bisulfitehic.mapping.Bhmem  - Unique mapped and paired reads 643170 ...
[M::mem_process_seqs] Processed 1001 reads in 1.113 CPU sec, 0.145 real sec
[M::mem_process_seqs] Processed 1001 reads in 0.930 CPU sec, 0.120 real sec
[M::mem_process_seqs] Processed 1001 reads in 1.132 CPU sec, 0.165 real sec
[M::mem_process_seqs] Processed 1001 reads in 1.074 CPU sec, 0.160 real sec
246327 [main] INFO main.java.edu.mit.compbio.bisulfitehic.mapping.Bhmem  - Processing reads 649000 ...
246327 [main] INFO main.java.edu.mit.compbio.bisulfitehic.mapping.Bhmem  - Unique mapped and paired reads 645162 ...
246330 [main] INFO main.java.edu.mit.compbio.bisulfitehic.mapping.Bhmem  - Processing reads 650000 ...
246330 [main] INFO main.java.edu.mit.compbio.bisulfitehic.mapping.Bhmem  - Unique mapped and paired reads 645162 ...
[M::mem_process_seqs] Processed 1001 reads in 1.053 CPU sec, 0.136 real sec
[M::mem_process_seqs] Processed 1001 reads in 1.009 CPU sec, 0.148 real sec
[M::mem_process_seqs] Processed 1001 reads in 1.086 CPU sec, 0.157 real sec
[M::mem_process_seqs] Processed 1001 reads in 1.062 CPU sec, 0.157 real sec
247051 [main] INFO main.java.edu.mit.compbio.bisulfitehic.mapping.Bhmem  - Processing reads 651000 ...
247051 [main] INFO main.java.edu.mit.compbio.bisulfitehic.mapping.Bhmem  - Unique mapped and paired reads 647160 ...
247054 [main] INFO main.java.edu.mit.compbio.bisulfitehic.mapping.Bhmem  - Processing reads 652000 ...
247054 [main] INFO main.java.edu.mit.compbio.bisulfitehic.mapping.Bhmem  - Unique mapped and paired reads 647160 ...
[M::mem_process_seqs] Processed 1001 reads in 1.061 CPU sec, 0.136 real sec
[M::mem_process_seqs] Processed 1001 reads in 0.972 CPU sec, 0.123 real sec
[M::mem_process_seqs] Processed 1001 reads in 1.172 CPU sec, 0.175 real sec
[M::mem_process_seqs] Processed 1001 reads in 1.128 CPU sec, 0.172 real sec
247779 [main] INFO main.java.edu.mit.compbio.bisulfitehic.mapping.Bhmem  - Processing reads 653000 ...
247779 [main] INFO main.java.edu.mit.compbio.bisulfitehic.mapping.Bhmem  - Unique mapped and paired reads 649148 ...
247782 [main] INFO main.java.edu.mit.compbio.bisulfitehic.mapping.Bhmem  - Processing reads 654000 ...
247782 [main] INFO main.java.edu.mit.compbio.bisulfitehic.mapping.Bhmem  - Unique mapped and paired reads 649148 ...
[M::mem_process_seqs] Processed 1001 reads in 1.002 CPU sec, 0.128 real sec
[M::mem_process_seqs] Processed 1001 reads in 0.965 CPU sec, 0.143 real sec
[M::mem_process_seqs] Processed 1001 reads in 1.070 CPU sec, 0.155 real sec
[M::mem_process_seqs] Processed 1001 reads in 1.081 CPU sec, 0.139 real sec
248462 [main] INFO main.java.edu.mit.compbio.bisulfitehic.mapping.Bhmem  - Processing reads 655000 ...
248462 [main] INFO main.java.edu.mit.compbio.bisulfitehic.mapping.Bhmem  - Unique mapped and paired reads 651136 ...
248465 [main] INFO main.java.edu.mit.compbio.bisulfitehic.mapping.Bhmem  - Processing reads 656000 ...
248465 [main] INFO main.java.edu.mit.compbio.bisulfitehic.mapping.Bhmem  - Unique mapped and paired reads 651136 ...
[M::mem_process_seqs] Processed 1001 reads in 1.032 CPU sec, 0.140 real sec
[M::mem_process_seqs] Processed 1001 reads in 0.975 CPU sec, 0.146 real sec
[M::mem_process_seqs] Processed 1001 reads in 1.050 CPU sec, 0.151 real sec
[M::mem_process_seqs] Processed 1001 reads in 1.016 CPU sec, 0.146 real sec
249175 [main] INFO main.java.edu.mit.compbio.bisulfitehic.mapping.Bhmem  - Processing reads 657000 ...
249175 [main] INFO main.java.edu.mit.compbio.bisulfitehic.mapping.Bhmem  - Unique mapped and paired reads 653124 ...
249179 [main] INFO main.java.edu.mit.compbio.bisulfitehic.mapping.Bhmem  - Processing reads 658000 ...
249179 [main] INFO main.java.edu.mit.compbio.bisulfitehic.mapping.Bhmem  - Unique mapped and paired reads 653124 ...
[M::mem_process_seqs] Processed 1001 reads in 1.073 CPU sec, 0.136 real sec
[M::mem_process_seqs] Processed 1001 reads in 1.020 CPU sec, 0.147 real sec
[M::mem_process_seqs] Processed 1001 reads in 1.084 CPU sec, 0.157 real sec
[M::mem_process_seqs] Processed 1001 reads in 1.088 CPU sec, 0.157 real sec
249922 [main] INFO main.java.edu.mit.compbio.bisulfitehic.mapping.Bhmem  - Processing reads 659000 ...
249922 [main] INFO main.java.edu.mit.compbio.bisulfitehic.mapping.Bhmem  - Unique mapped and paired reads 655110 ...
249925 [main] INFO main.java.edu.mit.compbio.bisulfitehic.mapping.Bhmem  - Processing reads 660000 ...
249925 [main] INFO main.java.edu.mit.compbio.bisulfitehic.mapping.Bhmem  - Unique mapped and paired reads 655110 ...
[M::mem_process_seqs] Processed 1001 reads in 0.951 CPU sec, 0.121 real sec
[M::mem_process_seqs] Processed 1001 reads in 0.881 CPU sec, 0.128 real sec
[M::mem_process_seqs] Processed 1001 reads in 1.062 CPU sec, 0.153 real sec
[M::mem_process_seqs] Processed 1001 reads in 1.116 CPU sec, 0.175 real sec
250643 [main] INFO main.java.edu.mit.compbio.bisulfitehic.mapping.Bhmem  - Processing reads 661000 ...
250643 [main] INFO main.java.edu.mit.compbio.bisulfitehic.mapping.Bhmem  - Unique mapped and paired reads 657108 ...
250646 [main] INFO main.java.edu.mit.compbio.bisulfitehic.mapping.Bhmem  - Processing reads 662000 ...
250646 [main] INFO main.java.edu.mit.compbio.bisulfitehic.mapping.Bhmem  - Unique mapped and paired reads 657108 ...
[M::mem_process_seqs] Processed 1001 reads in 0.996 CPU sec, 0.129 real sec
[M::mem_process_seqs] Processed 1001 reads in 0.927 CPU sec, 0.135 real sec
[M::mem_process_seqs] Processed 1001 reads in 1.024 CPU sec, 0.148 real sec
[M::mem_process_seqs] Processed 1001 reads in 1.104 CPU sec, 0.150 real sec
251336 [main] INFO main.java.edu.mit.compbio.bisulfitehic.mapping.Bhmem  - Processing reads 663000 ...
251336 [main] INFO main.java.edu.mit.compbio.bisulfitehic.mapping.Bhmem  - Unique mapped and paired reads 659100 ...
251339 [main] INFO main.java.edu.mit.compbio.bisulfitehic.mapping.Bhmem  - Processing reads 664000 ...
251339 [main] INFO main.java.edu.mit.compbio.bisulfitehic.mapping.Bhmem  - Unique mapped and paired reads 659100 ...
[M::mem_process_seqs] Processed 1001 reads in 1.039 CPU sec, 0.141 real sec
[M::mem_process_seqs] Processed 1001 reads in 0.948 CPU sec, 0.121 real sec
[M::mem_process_seqs] Processed 1001 reads in 1.071 CPU sec, 0.159 real sec
[M::mem_process_seqs] Processed 1001 reads in 1.073 CPU sec, 0.157 real sec
252045 [main] INFO main.java.edu.mit.compbio.bisulfitehic.mapping.Bhmem  - Processing reads 665000 ...
252045 [main] INFO main.java.edu.mit.compbio.bisulfitehic.mapping.Bhmem  - Unique mapped and paired reads 661090 ...
252048 [main] INFO main.java.edu.mit.compbio.bisulfitehic.mapping.Bhmem  - Processing reads 666000 ...
252048 [main] INFO main.java.edu.mit.compbio.bisulfitehic.mapping.Bhmem  - Unique mapped and paired reads 661090 ...
[M::mem_process_seqs] Processed 1001 reads in 1.048 CPU sec, 0.146 real sec
[M::mem_process_seqs] Processed 1001 reads in 0.979 CPU sec, 0.128 real sec
[M::mem_process_seqs] Processed 1001 reads in 1.134 CPU sec, 0.165 real sec
[M::mem_process_seqs] Processed 1001 reads in 1.096 CPU sec, 0.139 real sec
252759 [main] INFO main.java.edu.mit.compbio.bisulfitehic.mapping.Bhmem  - Processing reads 667000 ...
252759 [main] INFO main.java.edu.mit.compbio.bisulfitehic.mapping.Bhmem  - Unique mapped and paired reads 663082 ...
252762 [main] INFO main.java.edu.mit.compbio.bisulfitehic.mapping.Bhmem  - Processing reads 668000 ...
252762 [main] INFO main.java.edu.mit.compbio.bisulfitehic.mapping.Bhmem  - Unique mapped and paired reads 663082 ...
[M::mem_process_seqs] Processed 1001 reads in 1.001 CPU sec, 0.128 real sec
[M::mem_process_seqs] Processed 1001 reads in 0.920 CPU sec, 0.140 real sec
[M::mem_process_seqs] Processed 1001 reads in 1.219 CPU sec, 0.176 real sec
[M::mem_process_seqs] Processed 1001 reads in 1.089 CPU sec, 0.159 real sec
253489 [main] INFO main.java.edu.mit.compbio.bisulfitehic.mapping.Bhmem  - Processing reads 669000 ...
253489 [main] INFO main.java.edu.mit.compbio.bisulfitehic.mapping.Bhmem  - Unique mapped and paired reads 665070 ...
253492 [main] INFO main.java.edu.mit.compbio.bisulfitehic.mapping.Bhmem  - Processing reads 670000 ...
253492 [main] INFO main.java.edu.mit.compbio.bisulfitehic.mapping.Bhmem  - Unique mapped and paired reads 665070 ...
[M::mem_process_seqs] Processed 1001 reads in 1.025 CPU sec, 0.148 real sec
[M::mem_process_seqs] Processed 1001 reads in 0.994 CPU sec, 0.161 real sec
[M::mem_process_seqs] Processed 1001 reads in 1.142 CPU sec, 0.147 real sec
[M::mem_process_seqs] Processed 1001 reads in 1.161 CPU sec, 0.158 real sec
254241 [main] INFO main.java.edu.mit.compbio.bisulfitehic.mapping.Bhmem  - Processing reads 671000 ...
254241 [main] INFO main.java.edu.mit.compbio.bisulfitehic.mapping.Bhmem  - Unique mapped and paired reads 667068 ...
254244 [main] INFO main.java.edu.mit.compbio.bisulfitehic.mapping.Bhmem  - Processing reads 672000 ...
254244 [main] INFO main.java.edu.mit.compbio.bisulfitehic.mapping.Bhmem  - Unique mapped and paired reads 667068 ...
[M::mem_process_seqs] Processed 1001 reads in 1.242 CPU sec, 0.160 real sec
[M::mem_process_seqs] Processed 1001 reads in 1.113 CPU sec, 0.160 real sec
[M::mem_process_seqs] Processed 1001 reads in 1.052 CPU sec, 0.134 real sec
[M::mem_process_seqs] Processed 1001 reads in 0.956 CPU sec, 0.140 real sec
255041 [main] INFO main.java.edu.mit.compbio.bisulfitehic.mapping.Bhmem  - Processing reads 673000 ...
255041 [main] INFO main.java.edu.mit.compbio.bisulfitehic.mapping.Bhmem  - Unique mapped and paired reads 669044 ...
255044 [main] INFO main.java.edu.mit.compbio.bisulfitehic.mapping.Bhmem  - Processing reads 674000 ...
255044 [main] INFO main.java.edu.mit.compbio.bisulfitehic.mapping.Bhmem  - Unique mapped and paired reads 669044 ...
[M::mem_process_seqs] Processed 1001 reads in 1.291 CPU sec, 0.163 real sec
[M::mem_process_seqs] Processed 1001 reads in 1.197 CPU sec, 0.172 real sec
[M::mem_process_seqs] Processed 1001 reads in 0.975 CPU sec, 0.146 real sec
[M::mem_process_seqs] Processed 1001 reads in 0.904 CPU sec, 0.131 real sec
255833 [main] INFO main.java.edu.mit.compbio.bisulfitehic.mapping.Bhmem  - Processing reads 675000 ...
255833 [main] INFO main.java.edu.mit.compbio.bisulfitehic.mapping.Bhmem  - Unique mapped and paired reads 671040 ...
255836 [main] INFO main.java.edu.mit.compbio.bisulfitehic.mapping.Bhmem  - Processing reads 676000 ...
255836 [main] INFO main.java.edu.mit.compbio.bisulfitehic.mapping.Bhmem  - Unique mapped and paired reads 671040 ...
[M::mem_process_seqs] Processed 1001 reads in 1.155 CPU sec, 0.150 real sec
[M::mem_process_seqs] Processed 1001 reads in 1.026 CPU sec, 0.134 real sec
[M::mem_process_seqs] Processed 1001 reads in 1.058 CPU sec, 0.156 real sec
[M::mem_process_seqs] Processed 1001 reads in 1.105 CPU sec, 0.159 real sec
256575 [main] INFO main.java.edu.mit.compbio.bisulfitehic.mapping.Bhmem  - Processing reads 677000 ...
256575 [main] INFO main.java.edu.mit.compbio.bisulfitehic.mapping.Bhmem  - Unique mapped and paired reads 673036 ...
256578 [main] INFO main.java.edu.mit.compbio.bisulfitehic.mapping.Bhmem  - Processing reads 678000 ...
256578 [main] INFO main.java.edu.mit.compbio.bisulfitehic.mapping.Bhmem  - Unique mapped and paired reads 673036 ...
[M::mem_process_seqs] Processed 1001 reads in 0.971 CPU sec, 0.128 real sec
[M::mem_process_seqs] Processed 1001 reads in 1.042 CPU sec, 0.311 real sec
[M::mem_process_seqs] Processed 1001 reads in 1.117 CPU sec, 0.143 real sec
[M::mem_process_seqs] Processed 1001 reads in 1.148 CPU sec, 0.166 real sec
257523 [main] INFO main.java.edu.mit.compbio.bisulfitehic.mapping.Bhmem  - Processing reads 679000 ...
257523 [main] INFO main.java.edu.mit.compbio.bisulfitehic.mapping.Bhmem  - Unique mapped and paired reads 675026 ...
257526 [main] INFO main.java.edu.mit.compbio.bisulfitehic.mapping.Bhmem  - Processing reads 680000 ...
257526 [main] INFO main.java.edu.mit.compbio.bisulfitehic.mapping.Bhmem  - Unique mapped and paired reads 675026 ...
[M::mem_process_seqs] Processed 1001 reads in 1.089 CPU sec, 0.138 real sec
[M::mem_process_seqs] Processed 1001 reads in 0.950 CPU sec, 0.137 real sec
[M::mem_process_seqs] Processed 1001 reads in 1.204 CPU sec, 0.190 real sec
[M::mem_process_seqs] Processed 1001 reads in 1.115 CPU sec, 0.143 real sec
258259 [main] INFO main.java.edu.mit.compbio.bisulfitehic.mapping.Bhmem  - Processing reads 681000 ...
258259 [main] INFO main.java.edu.mit.compbio.bisulfitehic.mapping.Bhmem  - Unique mapped and paired reads 677016 ...
258262 [main] INFO main.java.edu.mit.compbio.bisulfitehic.mapping.Bhmem  - Processing reads 682000 ...
258262 [main] INFO main.java.edu.mit.compbio.bisulfitehic.mapping.Bhmem  - Unique mapped and paired reads 677016 ...
[M::mem_process_seqs] Processed 1001 reads in 0.998 CPU sec, 0.127 real sec
[M::mem_process_seqs] Processed 1001 reads in 0.979 CPU sec, 0.142 real sec
[M::mem_process_seqs] Processed 1001 reads in 1.111 CPU sec, 0.141 real sec
[M::mem_process_seqs] Processed 1001 reads in 1.144 CPU sec, 0.145 real sec
258942 [main] INFO main.java.edu.mit.compbio.bisulfitehic.mapping.Bhmem  - Processing reads 683000 ...
258942 [main] INFO main.java.edu.mit.compbio.bisulfitehic.mapping.Bhmem  - Unique mapped and paired reads 679000 ...
258945 [main] INFO main.java.edu.mit.compbio.bisulfitehic.mapping.Bhmem  - Processing reads 684000 ...
258945 [main] INFO main.java.edu.mit.compbio.bisulfitehic.mapping.Bhmem  - Unique mapped and paired reads 679000 ...
[M::mem_process_seqs] Processed 1001 reads in 1.050 CPU sec, 0.138 real sec
[M::mem_process_seqs] Processed 1001 reads in 1.066 CPU sec, 0.157 real sec
[M::mem_process_seqs] Processed 1001 reads in 1.157 CPU sec, 0.167 real sec
[M::mem_process_seqs] Processed 1001 reads in 1.025 CPU sec, 0.148 real sec
259697 [main] INFO main.java.edu.mit.compbio.bisulfitehic.mapping.Bhmem  - Processing reads 685000 ...
259697 [main] INFO main.java.edu.mit.compbio.bisulfitehic.mapping.Bhmem  - Unique mapped and paired reads 680992 ...
259700 [main] INFO main.java.edu.mit.compbio.bisulfitehic.mapping.Bhmem  - Processing reads 686000 ...
259700 [main] INFO main.java.edu.mit.compbio.bisulfitehic.mapping.Bhmem  - Unique mapped and paired reads 680992 ...
[M::mem_process_seqs] Processed 1001 reads in 1.164 CPU sec, 0.148 real sec
[M::mem_process_seqs] Processed 1001 reads in 1.081 CPU sec, 0.137 real sec
[M::mem_process_seqs] Processed 1001 reads in 0.983 CPU sec, 0.141 real sec
[M::mem_process_seqs] Processed 1001 reads in 0.910 CPU sec, 0.116 real sec
260404 [main] INFO main.java.edu.mit.compbio.bisulfitehic.mapping.Bhmem  - Processing reads 687000 ...
260404 [main] INFO main.java.edu.mit.compbio.bisulfitehic.mapping.Bhmem  - Unique mapped and paired reads 682982 ...
260407 [main] INFO main.java.edu.mit.compbio.bisulfitehic.mapping.Bhmem  - Processing reads 688000 ...
260407 [main] INFO main.java.edu.mit.compbio.bisulfitehic.mapping.Bhmem  - Unique mapped and paired reads 682982 ...
[M::mem_process_seqs] Processed 1001 reads in 1.174 CPU sec, 0.153 real sec
[M::mem_process_seqs] Processed 1001 reads in 1.110 CPU sec, 0.159 real sec
[M::mem_process_seqs] Processed 1001 reads in 0.907 CPU sec, 0.131 real sec
[M::mem_process_seqs] Processed 1001 reads in 0.808 CPU sec, 0.118 real sec
261133 [main] INFO main.java.edu.mit.compbio.bisulfitehic.mapping.Bhmem  - Processing reads 689000 ...
261133 [main] INFO main.java.edu.mit.compbio.bisulfitehic.mapping.Bhmem  - Unique mapped and paired reads 684954 ...
261136 [main] INFO main.java.edu.mit.compbio.bisulfitehic.mapping.Bhmem  - Processing reads 690000 ...
261136 [main] INFO main.java.edu.mit.compbio.bisulfitehic.mapping.Bhmem  - Unique mapped and paired reads 684954 ...
[M::mem_process_seqs] Processed 1001 reads in 1.144 CPU sec, 0.145 real sec
[M::mem_process_seqs] Processed 1001 reads in 1.011 CPU sec, 0.137 real sec
[M::mem_process_seqs] Processed 1001 reads in 1.011 CPU sec, 0.150 real sec
[M::mem_process_seqs] Processed 1001 reads in 1.052 CPU sec, 0.153 real sec
261869 [main] INFO main.java.edu.mit.compbio.bisulfitehic.mapping.Bhmem  - Processing reads 691000 ...
261869 [main] INFO main.java.edu.mit.compbio.bisulfitehic.mapping.Bhmem  - Unique mapped and paired reads 686950 ...
261872 [main] INFO main.java.edu.mit.compbio.bisulfitehic.mapping.Bhmem  - Processing reads 692000 ...
261872 [main] INFO main.java.edu.mit.compbio.bisulfitehic.mapping.Bhmem  - Unique mapped and paired reads 686950 ...
[M::mem_process_seqs] Processed 1001 reads in 1.058 CPU sec, 0.137 real sec
[M::mem_process_seqs] Processed 1001 reads in 0.940 CPU sec, 0.123 real sec
[M::mem_process_seqs] Processed 1001 reads in 1.073 CPU sec, 0.155 real sec
[M::mem_process_seqs] Processed 1001 reads in 1.087 CPU sec, 0.157 real sec
262567 [main] INFO main.java.edu.mit.compbio.bisulfitehic.mapping.Bhmem  - Processing reads 693000 ...
262567 [main] INFO main.java.edu.mit.compbio.bisulfitehic.mapping.Bhmem  - Unique mapped and paired reads 688940 ...
262570 [main] INFO main.java.edu.mit.compbio.bisulfitehic.mapping.Bhmem  - Processing reads 694000 ...
262570 [main] INFO main.java.edu.mit.compbio.bisulfitehic.mapping.Bhmem  - Unique mapped and paired reads 688940 ...
[M::mem_process_seqs] Processed 1001 reads in 1.058 CPU sec, 0.134 real sec
[M::mem_process_seqs] Processed 1001 reads in 1.004 CPU sec, 0.145 real sec
[M::mem_process_seqs] Processed 1001 reads in 1.110 CPU sec, 0.160 real sec
[M::mem_process_seqs] Processed 1001 reads in 1.124 CPU sec, 0.161 real sec
263305 [main] INFO main.java.edu.mit.compbio.bisulfitehic.mapping.Bhmem  - Processing reads 695000 ...
263305 [main] INFO main.java.edu.mit.compbio.bisulfitehic.mapping.Bhmem  - Unique mapped and paired reads 690940 ...
263308 [main] INFO main.java.edu.mit.compbio.bisulfitehic.mapping.Bhmem  - Processing reads 696000 ...
263308 [main] INFO main.java.edu.mit.compbio.bisulfitehic.mapping.Bhmem  - Unique mapped and paired reads 690940 ...
[M::mem_process_seqs] Processed 1001 reads in 1.056 CPU sec, 0.136 real sec
[M::mem_process_seqs] Processed 1001 reads in 0.957 CPU sec, 0.122 real sec
[M::mem_process_seqs] Processed 1001 reads in 1.096 CPU sec, 0.140 real sec
[M::mem_process_seqs] Processed 1001 reads in 1.088 CPU sec, 0.161 real sec
263990 [main] INFO main.java.edu.mit.compbio.bisulfitehic.mapping.Bhmem  - Processing reads 697000 ...
263990 [main] INFO main.java.edu.mit.compbio.bisulfitehic.mapping.Bhmem  - Unique mapped and paired reads 692940 ...
263993 [main] INFO main.java.edu.mit.compbio.bisulfitehic.mapping.Bhmem  - Processing reads 698000 ...
263993 [main] INFO main.java.edu.mit.compbio.bisulfitehic.mapping.Bhmem  - Unique mapped and paired reads 692940 ...
[M::mem_process_seqs] Processed 1001 reads in 1.047 CPU sec, 0.137 real sec
[M::mem_process_seqs] Processed 1001 reads in 0.929 CPU sec, 0.135 real sec
[M::mem_process_seqs] Processed 1001 reads in 1.149 CPU sec, 0.175 real sec
[M::mem_process_seqs] Processed 1001 reads in 1.085 CPU sec, 0.165 real sec
264730 [main] INFO main.java.edu.mit.compbio.bisulfitehic.mapping.Bhmem  - Processing reads 699000 ...
264730 [main] INFO main.java.edu.mit.compbio.bisulfitehic.mapping.Bhmem  - Unique mapped and paired reads 694934 ...
264733 [main] INFO main.java.edu.mit.compbio.bisulfitehic.mapping.Bhmem  - Processing reads 700000 ...
264733 [main] INFO main.java.edu.mit.compbio.bisulfitehic.mapping.Bhmem  - Unique mapped and paired reads 694934 ...
[M::mem_process_seqs] Processed 1001 reads in 1.034 CPU sec, 0.150 real sec
[M::mem_process_seqs] Processed 1001 reads in 0.975 CPU sec, 0.141 real sec
[M::mem_process_seqs] Processed 1001 reads in 1.095 CPU sec, 0.159 real sec
[M::mem_process_seqs] Processed 1001 reads in 1.139 CPU sec, 0.170 real sec
265485 [main] INFO main.java.edu.mit.compbio.bisulfitehic.mapping.Bhmem  - Processing reads 701000 ...
265485 [main] INFO main.java.edu.mit.compbio.bisulfitehic.mapping.Bhmem  - Unique mapped and paired reads 696928 ...
265488 [main] INFO main.java.edu.mit.compbio.bisulfitehic.mapping.Bhmem  - Processing reads 702000 ...
265488 [main] INFO main.java.edu.mit.compbio.bisulfitehic.mapping.Bhmem  - Unique mapped and paired reads 696928 ...
[M::mem_process_seqs] Processed 1001 reads in 1.078 CPU sec, 0.136 real sec
[M::mem_process_seqs] Processed 1001 reads in 0.930 CPU sec, 0.135 real sec
[M::mem_process_seqs] Processed 1001 reads in 1.158 CPU sec, 0.168 real sec
[M::mem_process_seqs] Processed 1001 reads in 1.183 CPU sec, 0.172 real sec
266235 [main] INFO main.java.edu.mit.compbio.bisulfitehic.mapping.Bhmem  - Processing reads 703000 ...
266235 [main] INFO main.java.edu.mit.compbio.bisulfitehic.mapping.Bhmem  - Unique mapped and paired reads 698920 ...
266238 [main] INFO main.java.edu.mit.compbio.bisulfitehic.mapping.Bhmem  - Processing reads 704000 ...
266238 [main] INFO main.java.edu.mit.compbio.bisulfitehic.mapping.Bhmem  - Unique mapped and paired reads 698920 ...
[M::mem_process_seqs] Processed 1001 reads in 1.129 CPU sec, 0.143 real sec
[M::mem_process_seqs] Processed 1001 reads in 1.079 CPU sec, 0.147 real sec
[M::mem_process_seqs] Processed 1001 reads in 1.239 CPU sec, 0.180 real sec
[M::mem_process_seqs] Processed 1001 reads in 1.227 CPU sec, 0.176 real sec
267031 [main] INFO main.java.edu.mit.compbio.bisulfitehic.mapping.Bhmem  - Processing reads 705000 ...
267031 [main] INFO main.java.edu.mit.compbio.bisulfitehic.mapping.Bhmem  - Unique mapped and paired reads 700908 ...
267034 [main] INFO main.java.edu.mit.compbio.bisulfitehic.mapping.Bhmem  - Processing reads 706000 ...
267034 [main] INFO main.java.edu.mit.compbio.bisulfitehic.mapping.Bhmem  - Unique mapped and paired reads 700908 ...
[M::mem_process_seqs] Processed 1001 reads in 1.079 CPU sec, 0.139 real sec
[M::mem_process_seqs] Processed 1001 reads in 1.027 CPU sec, 0.151 real sec
[M::mem_process_seqs] Processed 1001 reads in 1.226 CPU sec, 0.187 real sec
[M::mem_process_seqs] Processed 1001 reads in 1.249 CPU sec, 0.182 real sec
267820 [main] INFO main.java.edu.mit.compbio.bisulfitehic.mapping.Bhmem  - Processing reads 707000 ...
267820 [main] INFO main.java.edu.mit.compbio.bisulfitehic.mapping.Bhmem  - Unique mapped and paired reads 702900 ...
267823 [main] INFO main.java.edu.mit.compbio.bisulfitehic.mapping.Bhmem  - Processing reads 708000 ...
267823 [main] INFO main.java.edu.mit.compbio.bisulfitehic.mapping.Bhmem  - Unique mapped and paired reads 702900 ...
[M::mem_process_seqs] Processed 1001 reads in 1.059 CPU sec, 0.136 real sec
[M::mem_process_seqs] Processed 1001 reads in 1.130 CPU sec, 0.144 real sec
[M::mem_process_seqs] Processed 1001 reads in 1.149 CPU sec, 0.152 real sec
[M::mem_process_seqs] Processed 1001 reads in 1.194 CPU sec, 0.174 real sec
268578 [main] INFO main.java.edu.mit.compbio.bisulfitehic.mapping.Bhmem  - Processing reads 709000 ...
268578 [main] INFO main.java.edu.mit.compbio.bisulfitehic.mapping.Bhmem  - Unique mapped and paired reads 704890 ...
268581 [main] INFO main.java.edu.mit.compbio.bisulfitehic.mapping.Bhmem  - Processing reads 710000 ...
268581 [main] INFO main.java.edu.mit.compbio.bisulfitehic.mapping.Bhmem  - Unique mapped and paired reads 704890 ...
[M::mem_process_seqs] Processed 1001 reads in 1.049 CPU sec, 0.134 real sec
[M::mem_process_seqs] Processed 1001 reads in 0.991 CPU sec, 0.128 real sec
[M::mem_process_seqs] Processed 1001 reads in 1.188 CPU sec, 0.183 real sec
[M::mem_process_seqs] Processed 1001 reads in 1.272 CPU sec, 0.164 real sec
269320 [main] INFO main.java.edu.mit.compbio.bisulfitehic.mapping.Bhmem  - Processing reads 711000 ...
269320 [main] INFO main.java.edu.mit.compbio.bisulfitehic.mapping.Bhmem  - Unique mapped and paired reads 706882 ...
269323 [main] INFO main.java.edu.mit.compbio.bisulfitehic.mapping.Bhmem  - Processing reads 712000 ...
269323 [main] INFO main.java.edu.mit.compbio.bisulfitehic.mapping.Bhmem  - Unique mapped and paired reads 706882 ...
[M::mem_process_seqs] Processed 1001 reads in 1.095 CPU sec, 0.144 real sec
[M::mem_process_seqs] Processed 1001 reads in 0.988 CPU sec, 0.126 real sec
[M::mem_process_seqs] Processed 1001 reads in 1.179 CPU sec, 0.170 real sec
[M::mem_process_seqs] Processed 1001 reads in 1.218 CPU sec, 0.181 real sec
270071 [main] INFO main.java.edu.mit.compbio.bisulfitehic.mapping.Bhmem  - Processing reads 713000 ...
270071 [main] INFO main.java.edu.mit.compbio.bisulfitehic.mapping.Bhmem  - Unique mapped and paired reads 708882 ...
270074 [main] INFO main.java.edu.mit.compbio.bisulfitehic.mapping.Bhmem  - Processing reads 714000 ...
270074 [main] INFO main.java.edu.mit.compbio.bisulfitehic.mapping.Bhmem  - Unique mapped and paired reads 708882 ...
[M::mem_process_seqs] Processed 1001 reads in 1.049 CPU sec, 0.134 real sec
[M::mem_process_seqs] Processed 1001 reads in 0.994 CPU sec, 0.156 real sec
[M::mem_process_seqs] Processed 1001 reads in 1.144 CPU sec, 0.166 real sec
[M::mem_process_seqs] Processed 1001 reads in 1.130 CPU sec, 0.181 real sec
270855 [main] INFO main.java.edu.mit.compbio.bisulfitehic.mapping.Bhmem  - Processing reads 715000 ...
270855 [main] INFO main.java.edu.mit.compbio.bisulfitehic.mapping.Bhmem  - Unique mapped and paired reads 710878 ...
270858 [main] INFO main.java.edu.mit.compbio.bisulfitehic.mapping.Bhmem  - Processing reads 716000 ...
270858 [main] INFO main.java.edu.mit.compbio.bisulfitehic.mapping.Bhmem  - Unique mapped and paired reads 710878 ...
[M::mem_process_seqs] Processed 1001 reads in 0.941 CPU sec, 0.119 real sec
[M::mem_process_seqs] Processed 1001 reads in 0.836 CPU sec, 0.125 real sec
[M::mem_process_seqs] Processed 1001 reads in 1.208 CPU sec, 0.164 real sec
[M::mem_process_seqs] Processed 1001 reads in 1.157 CPU sec, 0.168 real sec
271579 [main] INFO main.java.edu.mit.compbio.bisulfitehic.mapping.Bhmem  - Processing reads 717000 ...
271579 [main] INFO main.java.edu.mit.compbio.bisulfitehic.mapping.Bhmem  - Unique mapped and paired reads 712862 ...
271582 [main] INFO main.java.edu.mit.compbio.bisulfitehic.mapping.Bhmem  - Processing reads 718000 ...
271582 [main] INFO main.java.edu.mit.compbio.bisulfitehic.mapping.Bhmem  - Unique mapped and paired reads 712862 ...
[M::mem_process_seqs] Processed 1001 reads in 1.034 CPU sec, 0.152 real sec
[M::mem_process_seqs] Processed 1001 reads in 1.000 CPU sec, 0.127 real sec
[M::mem_process_seqs] Processed 1001 reads in 1.169 CPU sec, 0.169 real sec
[M::mem_process_seqs] Processed 1001 reads in 1.152 CPU sec, 0.147 real sec
272309 [main] INFO main.java.edu.mit.compbio.bisulfitehic.mapping.Bhmem  - Processing reads 719000 ...
272309 [main] INFO main.java.edu.mit.compbio.bisulfitehic.mapping.Bhmem  - Unique mapped and paired reads 714856 ...
272312 [main] INFO main.java.edu.mit.compbio.bisulfitehic.mapping.Bhmem  - Processing reads 720000 ...
272312 [main] INFO main.java.edu.mit.compbio.bisulfitehic.mapping.Bhmem  - Unique mapped and paired reads 714856 ...
[M::mem_process_seqs] Processed 1001 reads in 1.139 CPU sec, 0.146 real sec
[M::mem_process_seqs] Processed 1001 reads in 1.072 CPU sec, 0.137 real sec
[M::mem_process_seqs] Processed 1001 reads in 1.108 CPU sec, 0.162 real sec
[M::mem_process_seqs] Processed 1001 reads in 1.116 CPU sec, 0.161 real sec
273072 [main] INFO main.java.edu.mit.compbio.bisulfitehic.mapping.Bhmem  - Processing reads 721000 ...
273072 [main] INFO main.java.edu.mit.compbio.bisulfitehic.mapping.Bhmem  - Unique mapped and paired reads 716842 ...
273075 [main] INFO main.java.edu.mit.compbio.bisulfitehic.mapping.Bhmem  - Processing reads 722000 ...
273075 [main] INFO main.java.edu.mit.compbio.bisulfitehic.mapping.Bhmem  - Unique mapped and paired reads 716842 ...
[M::mem_process_seqs] Processed 1001 reads in 1.093 CPU sec, 0.139 real sec
[M::mem_process_seqs] Processed 1001 reads in 1.033 CPU sec, 0.132 real sec
[M::mem_process_seqs] Processed 1001 reads in 1.162 CPU sec, 0.149 real sec
[M::mem_process_seqs] Processed 1001 reads in 1.213 CPU sec, 0.155 real sec
273781 [main] INFO main.java.edu.mit.compbio.bisulfitehic.mapping.Bhmem  - Processing reads 723000 ...
273781 [main] INFO main.java.edu.mit.compbio.bisulfitehic.mapping.Bhmem  - Unique mapped and paired reads 718836 ...
273784 [main] INFO main.java.edu.mit.compbio.bisulfitehic.mapping.Bhmem  - Processing reads 724000 ...
273784 [main] INFO main.java.edu.mit.compbio.bisulfitehic.mapping.Bhmem  - Unique mapped and paired reads 718836 ...
[M::mem_process_seqs] Processed 1001 reads in 1.035 CPU sec, 0.140 real sec
[M::mem_process_seqs] Processed 1001 reads in 0.942 CPU sec, 0.136 real sec
[M::mem_process_seqs] Processed 1001 reads in 1.163 CPU sec, 0.150 real sec
[M::mem_process_seqs] Processed 1001 reads in 1.191 CPU sec, 0.172 real sec
274535 [main] INFO main.java.edu.mit.compbio.bisulfitehic.mapping.Bhmem  - Processing reads 725000 ...
274535 [main] INFO main.java.edu.mit.compbio.bisulfitehic.mapping.Bhmem  - Unique mapped and paired reads 720824 ...
274538 [main] INFO main.java.edu.mit.compbio.bisulfitehic.mapping.Bhmem  - Processing reads 726000 ...
274538 [main] INFO main.java.edu.mit.compbio.bisulfitehic.mapping.Bhmem  - Unique mapped and paired reads 720824 ...
[M::mem_process_seqs] Processed 1001 reads in 1.010 CPU sec, 0.129 real sec
[M::mem_process_seqs] Processed 1001 reads in 0.882 CPU sec, 0.112 real sec
[M::mem_process_seqs] Processed 1001 reads in 1.142 CPU sec, 0.165 real sec
[M::mem_process_seqs] Processed 1001 reads in 1.121 CPU sec, 0.162 real sec
275270 [main] INFO main.java.edu.mit.compbio.bisulfitehic.mapping.Bhmem  - Processing reads 727000 ...
275270 [main] INFO main.java.edu.mit.compbio.bisulfitehic.mapping.Bhmem  - Unique mapped and paired reads 722814 ...
275279 [main] INFO main.java.edu.mit.compbio.bisulfitehic.mapping.Bhmem  - Processing reads 728000 ...
275279 [main] INFO main.java.edu.mit.compbio.bisulfitehic.mapping.Bhmem  - Unique mapped and paired reads 722814 ...
[M::mem_process_seqs] Processed 1001 reads in 1.073 CPU sec, 0.136 real sec
[M::mem_process_seqs] Processed 1001 reads in 0.944 CPU sec, 0.136 real sec
[M::mem_process_seqs] Processed 1001 reads in 1.193 CPU sec, 0.151 real sec
[M::mem_process_seqs] Processed 1001 reads in 1.244 CPU sec, 0.179 real sec
276023 [main] INFO main.java.edu.mit.compbio.bisulfitehic.mapping.Bhmem  - Processing reads 729000 ...
276023 [main] INFO main.java.edu.mit.compbio.bisulfitehic.mapping.Bhmem  - Unique mapped and paired reads 724812 ...
276026 [main] INFO main.java.edu.mit.compbio.bisulfitehic.mapping.Bhmem  - Processing reads 730000 ...
276026 [main] INFO main.java.edu.mit.compbio.bisulfitehic.mapping.Bhmem  - Unique mapped and paired reads 724812 ...
[M::mem_process_seqs] Processed 1001 reads in 1.163 CPU sec, 0.148 real sec
[M::mem_process_seqs] Processed 1001 reads in 0.967 CPU sec, 0.132 real sec
[M::mem_process_seqs] Processed 1001 reads in 1.353 CPU sec, 0.196 real sec
[M::mem_process_seqs] Processed 1001 reads in 1.370 CPU sec, 0.198 real sec
276831 [main] INFO main.java.edu.mit.compbio.bisulfitehic.mapping.Bhmem  - Processing reads 731000 ...
276831 [main] INFO main.java.edu.mit.compbio.bisulfitehic.mapping.Bhmem  - Unique mapped and paired reads 726806 ...
276834 [main] INFO main.java.edu.mit.compbio.bisulfitehic.mapping.Bhmem  - Processing reads 732000 ...
276834 [main] INFO main.java.edu.mit.compbio.bisulfitehic.mapping.Bhmem  - Unique mapped and paired reads 726806 ...
[M::mem_process_seqs] Processed 1001 reads in 1.089 CPU sec, 0.142 real sec
[M::mem_process_seqs] Processed 1001 reads in 0.995 CPU sec, 0.127 real sec
[M::mem_process_seqs] Processed 1001 reads in 1.207 CPU sec, 0.181 real sec
[M::mem_process_seqs] Processed 1001 reads in 1.216 CPU sec, 0.187 real sec
277623 [main] INFO main.java.edu.mit.compbio.bisulfitehic.mapping.Bhmem  - Processing reads 733000 ...
277623 [main] INFO main.java.edu.mit.compbio.bisulfitehic.mapping.Bhmem  - Unique mapped and paired reads 728802 ...
277626 [main] INFO main.java.edu.mit.compbio.bisulfitehic.mapping.Bhmem  - Processing reads 734000 ...
277626 [main] INFO main.java.edu.mit.compbio.bisulfitehic.mapping.Bhmem  - Unique mapped and paired reads 728802 ...
[M::mem_process_seqs] Processed 1001 reads in 1.148 CPU sec, 0.146 real sec
[M::mem_process_seqs] Processed 1001 reads in 1.091 CPU sec, 0.149 real sec
[M::mem_process_seqs] Processed 1001 reads in 1.328 CPU sec, 0.193 real sec
[M::mem_process_seqs] Processed 1001 reads in 1.302 CPU sec, 0.170 real sec
278420 [main] INFO main.java.edu.mit.compbio.bisulfitehic.mapping.Bhmem  - Processing reads 735000 ...
278420 [main] INFO main.java.edu.mit.compbio.bisulfitehic.mapping.Bhmem  - Unique mapped and paired reads 730792 ...
278423 [main] INFO main.java.edu.mit.compbio.bisulfitehic.mapping.Bhmem  - Processing reads 736000 ...
278423 [main] INFO main.java.edu.mit.compbio.bisulfitehic.mapping.Bhmem  - Unique mapped and paired reads 730792 ...
[M::mem_process_seqs] Processed 1001 reads in 1.111 CPU sec, 0.143 real sec
[M::mem_process_seqs] Processed 1001 reads in 1.057 CPU sec, 0.134 real sec
[M::mem_process_seqs] Processed 1001 reads in 1.245 CPU sec, 0.180 real sec
[M::mem_process_seqs] Processed 1001 reads in 1.270 CPU sec, 0.161 real sec
279178 [main] INFO main.java.edu.mit.compbio.bisulfitehic.mapping.Bhmem  - Processing reads 737000 ...
279178 [main] INFO main.java.edu.mit.compbio.bisulfitehic.mapping.Bhmem  - Unique mapped and paired reads 732786 ...
279181 [main] INFO main.java.edu.mit.compbio.bisulfitehic.mapping.Bhmem  - Processing reads 738000 ...
279181 [main] INFO main.java.edu.mit.compbio.bisulfitehic.mapping.Bhmem  - Unique mapped and paired reads 732786 ...
[M::mem_process_seqs] Processed 1001 reads in 1.138 CPU sec, 0.144 real sec
[M::mem_process_seqs] Processed 1001 reads in 1.042 CPU sec, 0.136 real sec
[M::mem_process_seqs] Processed 1001 reads in 1.423 CPU sec, 0.205 real sec
[M::mem_process_seqs] Processed 1001 reads in 1.419 CPU sec, 0.212 real sec
280017 [main] INFO main.java.edu.mit.compbio.bisulfitehic.mapping.Bhmem  - Processing reads 739000 ...
280017 [main] INFO main.java.edu.mit.compbio.bisulfitehic.mapping.Bhmem  - Unique mapped and paired reads 734782 ...
280021 [main] INFO main.java.edu.mit.compbio.bisulfitehic.mapping.Bhmem  - Processing reads 740000 ...
280021 [main] INFO main.java.edu.mit.compbio.bisulfitehic.mapping.Bhmem  - Unique mapped and paired reads 734782 ...
[M::mem_process_seqs] Processed 1001 reads in 1.125 CPU sec, 0.144 real sec
[M::mem_process_seqs] Processed 1001 reads in 1.089 CPU sec, 0.157 real sec
[M::mem_process_seqs] Processed 1001 reads in 1.224 CPU sec, 0.176 real sec
[M::mem_process_seqs] Processed 1001 reads in 1.318 CPU sec, 0.166 real sec
280806 [main] INFO main.java.edu.mit.compbio.bisulfitehic.mapping.Bhmem  - Processing reads 741000 ...
280806 [main] INFO main.java.edu.mit.compbio.bisulfitehic.mapping.Bhmem  - Unique mapped and paired reads 736766 ...
280809 [main] INFO main.java.edu.mit.compbio.bisulfitehic.mapping.Bhmem  - Processing reads 742000 ...
280809 [main] INFO main.java.edu.mit.compbio.bisulfitehic.mapping.Bhmem  - Unique mapped and paired reads 736766 ...
[M::mem_process_seqs] Processed 1001 reads in 1.121 CPU sec, 0.148 real sec
[M::mem_process_seqs] Processed 1001 reads in 1.095 CPU sec, 0.157 real sec
[M::mem_process_seqs] Processed 1001 reads in 1.249 CPU sec, 0.180 real sec
[M::mem_process_seqs] Processed 1001 reads in 1.302 CPU sec, 0.192 real sec
281622 [main] INFO main.java.edu.mit.compbio.bisulfitehic.mapping.Bhmem  - Processing reads 743000 ...
281622 [main] INFO main.java.edu.mit.compbio.bisulfitehic.mapping.Bhmem  - Unique mapped and paired reads 738756 ...
281625 [main] INFO main.java.edu.mit.compbio.bisulfitehic.mapping.Bhmem  - Processing reads 744000 ...
281626 [main] INFO main.java.edu.mit.compbio.bisulfitehic.mapping.Bhmem  - Unique mapped and paired reads 738756 ...
[M::mem_process_seqs] Processed 1001 reads in 1.140 CPU sec, 0.150 real sec
[M::mem_process_seqs] Processed 1001 reads in 1.097 CPU sec, 0.163 real sec
[M::mem_process_seqs] Processed 1001 reads in 1.354 CPU sec, 0.196 real sec
[M::mem_process_seqs] Processed 1001 reads in 1.278 CPU sec, 0.187 real sec
282456 [main] INFO main.java.edu.mit.compbio.bisulfitehic.mapping.Bhmem  - Processing reads 745000 ...
282456 [main] INFO main.java.edu.mit.compbio.bisulfitehic.mapping.Bhmem  - Unique mapped and paired reads 740746 ...
282459 [main] INFO main.java.edu.mit.compbio.bisulfitehic.mapping.Bhmem  - Processing reads 746000 ...
282459 [main] INFO main.java.edu.mit.compbio.bisulfitehic.mapping.Bhmem  - Unique mapped and paired reads 740746 ...
[M::mem_process_seqs] Processed 1001 reads in 1.003 CPU sec, 0.131 real sec
[M::mem_process_seqs] Processed 1001 reads in 1.000 CPU sec, 0.144 real sec
[M::mem_process_seqs] Processed 1001 reads in 1.178 CPU sec, 0.156 real sec
[M::mem_process_seqs] Processed 1001 reads in 1.176 CPU sec, 0.171 real sec
283192 [main] INFO main.java.edu.mit.compbio.bisulfitehic.mapping.Bhmem  - Processing reads 747000 ...
283192 [main] INFO main.java.edu.mit.compbio.bisulfitehic.mapping.Bhmem  - Unique mapped and paired reads 742746 ...
283195 [main] INFO main.java.edu.mit.compbio.bisulfitehic.mapping.Bhmem  - Processing reads 748000 ...
283195 [main] INFO main.java.edu.mit.compbio.bisulfitehic.mapping.Bhmem  - Unique mapped and paired reads 742746 ...
[M::mem_process_seqs] Processed 1001 reads in 1.119 CPU sec, 0.144 real sec
[M::mem_process_seqs] Processed 1001 reads in 1.002 CPU sec, 0.144 real sec
[M::mem_process_seqs] Processed 1001 reads in 1.263 CPU sec, 0.160 real sec
[M::mem_process_seqs] Processed 1001 reads in 1.272 CPU sec, 0.166 real sec
283941 [main] INFO main.java.edu.mit.compbio.bisulfitehic.mapping.Bhmem  - Processing reads 749000 ...
283941 [main] INFO main.java.edu.mit.compbio.bisulfitehic.mapping.Bhmem  - Unique mapped and paired reads 744738 ...
283944 [main] INFO main.java.edu.mit.compbio.bisulfitehic.mapping.Bhmem  - Processing reads 750000 ...
283944 [main] INFO main.java.edu.mit.compbio.bisulfitehic.mapping.Bhmem  - Unique mapped and paired reads 744738 ...
[M::mem_process_seqs] Processed 1001 reads in 1.033 CPU sec, 0.136 real sec
[M::mem_process_seqs] Processed 1001 reads in 1.027 CPU sec, 0.154 real sec
[M::mem_process_seqs] Processed 1001 reads in 1.086 CPU sec, 0.157 real sec
[M::mem_process_seqs] Processed 1001 reads in 1.219 CPU sec, 0.176 real sec
284697 [main] INFO main.java.edu.mit.compbio.bisulfitehic.mapping.Bhmem  - Processing reads 751000 ...
284697 [main] INFO main.java.edu.mit.compbio.bisulfitehic.mapping.Bhmem  - Unique mapped and paired reads 746726 ...
284700 [main] INFO main.java.edu.mit.compbio.bisulfitehic.mapping.Bhmem  - Processing reads 752000 ...
284700 [main] INFO main.java.edu.mit.compbio.bisulfitehic.mapping.Bhmem  - Unique mapped and paired reads 746726 ...
[M::mem_process_seqs] Processed 1001 reads in 1.036 CPU sec, 0.132 real sec
[M::mem_process_seqs] Processed 1001 reads in 0.970 CPU sec, 0.143 real sec
[M::mem_process_seqs] Processed 1001 reads in 1.273 CPU sec, 0.162 real sec
[M::mem_process_seqs] Processed 1001 reads in 1.309 CPU sec, 0.170 real sec
285446 [main] INFO main.java.edu.mit.compbio.bisulfitehic.mapping.Bhmem  - Processing reads 753000 ...
285447 [main] INFO main.java.edu.mit.compbio.bisulfitehic.mapping.Bhmem  - Unique mapped and paired reads 748720 ...
285450 [main] INFO main.java.edu.mit.compbio.bisulfitehic.mapping.Bhmem  - Processing reads 754000 ...
285450 [main] INFO main.java.edu.mit.compbio.bisulfitehic.mapping.Bhmem  - Unique mapped and paired reads 748720 ...
[M::mem_process_seqs] Processed 1001 reads in 1.040 CPU sec, 0.133 real sec
[M::mem_process_seqs] Processed 1001 reads in 0.963 CPU sec, 0.122 real sec
[M::mem_process_seqs] Processed 1001 reads in 1.305 CPU sec, 0.165 real sec
[M::mem_process_seqs] Processed 1001 reads in 1.288 CPU sec, 0.185 real sec
286193 [main] INFO main.java.edu.mit.compbio.bisulfitehic.mapping.Bhmem  - Processing reads 755000 ...
286193 [main] INFO main.java.edu.mit.compbio.bisulfitehic.mapping.Bhmem  - Unique mapped and paired reads 750714 ...
286196 [main] INFO main.java.edu.mit.compbio.bisulfitehic.mapping.Bhmem  - Processing reads 756000 ...
286196 [main] INFO main.java.edu.mit.compbio.bisulfitehic.mapping.Bhmem  - Unique mapped and paired reads 750714 ...
[M::mem_process_seqs] Processed 1001 reads in 1.038 CPU sec, 0.134 real sec
[M::mem_process_seqs] Processed 1001 reads in 0.906 CPU sec, 0.133 real sec
[M::mem_process_seqs] Processed 1001 reads in 1.194 CPU sec, 0.196 real sec
[M::mem_process_seqs] Processed 1001 reads in 1.214 CPU sec, 0.325 real sec
287117 [main] INFO main.java.edu.mit.compbio.bisulfitehic.mapping.Bhmem  - Processing reads 757000 ...
287117 [main] INFO main.java.edu.mit.compbio.bisulfitehic.mapping.Bhmem  - Unique mapped and paired reads 752706 ...
287120 [main] INFO main.java.edu.mit.compbio.bisulfitehic.mapping.Bhmem  - Processing reads 758000 ...
287120 [main] INFO main.java.edu.mit.compbio.bisulfitehic.mapping.Bhmem  - Unique mapped and paired reads 752706 ...
[M::mem_process_seqs] Processed 1001 reads in 1.004 CPU sec, 0.131 real sec
[M::mem_process_seqs] Processed 1001 reads in 0.901 CPU sec, 0.132 real sec
[M::mem_process_seqs] Processed 1001 reads in 1.002 CPU sec, 0.145 real sec
[M::mem_process_seqs] Processed 1001 reads in 1.085 CPU sec, 0.137 real sec
287788 [main] INFO main.java.edu.mit.compbio.bisulfitehic.mapping.Bhmem  - Processing reads 759000 ...
287788 [main] INFO main.java.edu.mit.compbio.bisulfitehic.mapping.Bhmem  - Unique mapped and paired reads 754696 ...
287791 [main] INFO main.java.edu.mit.compbio.bisulfitehic.mapping.Bhmem  - Processing reads 760000 ...
287791 [main] INFO main.java.edu.mit.compbio.bisulfitehic.mapping.Bhmem  - Unique mapped and paired reads 754696 ...
[M::mem_process_seqs] Processed 1001 reads in 1.023 CPU sec, 0.131 real sec
[M::mem_process_seqs] Processed 1001 reads in 0.847 CPU sec, 0.124 real sec
[M::mem_process_seqs] Processed 1001 reads in 1.082 CPU sec, 0.156 real sec
[M::mem_process_seqs] Processed 1001 reads in 1.089 CPU sec, 0.141 real sec
288465 [main] INFO main.java.edu.mit.compbio.bisulfitehic.mapping.Bhmem  - Processing reads 761000 ...
288465 [main] INFO main.java.edu.mit.compbio.bisulfitehic.mapping.Bhmem  - Unique mapped and paired reads 756678 ...
288468 [main] INFO main.java.edu.mit.compbio.bisulfitehic.mapping.Bhmem  - Processing reads 762000 ...
288468 [main] INFO main.java.edu.mit.compbio.bisulfitehic.mapping.Bhmem  - Unique mapped and paired reads 756678 ...
[M::mem_process_seqs] Processed 1001 reads in 1.039 CPU sec, 0.149 real sec
[M::mem_process_seqs] Processed 1001 reads in 1.082 CPU sec, 0.140 real sec
[M::mem_process_seqs] Processed 1001 reads in 1.083 CPU sec, 0.140 real sec
[M::mem_process_seqs] Processed 1001 reads in 1.119 CPU sec, 0.161 real sec
289198 [main] INFO main.java.edu.mit.compbio.bisulfitehic.mapping.Bhmem  - Processing reads 763000 ...
289198 [main] INFO main.java.edu.mit.compbio.bisulfitehic.mapping.Bhmem  - Unique mapped and paired reads 758674 ...
289201 [main] INFO main.java.edu.mit.compbio.bisulfitehic.mapping.Bhmem  - Processing reads 764000 ...
289201 [main] INFO main.java.edu.mit.compbio.bisulfitehic.mapping.Bhmem  - Unique mapped and paired reads 758674 ...
[M::mem_process_seqs] Processed 1001 reads in 1.015 CPU sec, 0.130 real sec
[M::mem_process_seqs] Processed 1001 reads in 0.906 CPU sec, 0.139 real sec
[M::mem_process_seqs] Processed 1001 reads in 1.110 CPU sec, 0.161 real sec
[M::mem_process_seqs] Processed 1001 reads in 1.036 CPU sec, 0.132 real sec
289881 [main] INFO main.java.edu.mit.compbio.bisulfitehic.mapping.Bhmem  - Processing reads 765000 ...
289881 [main] INFO main.java.edu.mit.compbio.bisulfitehic.mapping.Bhmem  - Unique mapped and paired reads 760674 ...
289884 [main] INFO main.java.edu.mit.compbio.bisulfitehic.mapping.Bhmem  - Processing reads 766000 ...
289884 [main] INFO main.java.edu.mit.compbio.bisulfitehic.mapping.Bhmem  - Unique mapped and paired reads 760674 ...
[M::mem_process_seqs] Processed 1001 reads in 1.002 CPU sec, 0.129 real sec
[M::mem_process_seqs] Processed 1001 reads in 0.982 CPU sec, 0.143 real sec
[M::mem_process_seqs] Processed 1001 reads in 1.028 CPU sec, 0.136 real sec
[M::mem_process_seqs] Processed 1001 reads in 1.066 CPU sec, 0.135 real sec
290546 [main] INFO main.java.edu.mit.compbio.bisulfitehic.mapping.Bhmem  - Processing reads 767000 ...
290546 [main] INFO main.java.edu.mit.compbio.bisulfitehic.mapping.Bhmem  - Unique mapped and paired reads 762658 ...
290549 [main] INFO main.java.edu.mit.compbio.bisulfitehic.mapping.Bhmem  - Processing reads 768000 ...
290549 [main] INFO main.java.edu.mit.compbio.bisulfitehic.mapping.Bhmem  - Unique mapped and paired reads 762658 ...
[M::mem_process_seqs] Processed 1001 reads in 0.975 CPU sec, 0.138 real sec
[M::mem_process_seqs] Processed 1001 reads in 0.877 CPU sec, 0.111 real sec
[M::mem_process_seqs] Processed 1001 reads in 1.042 CPU sec, 0.159 real sec
[M::mem_process_seqs] Processed 1001 reads in 1.019 CPU sec, 0.161 real sec
291242 [main] INFO main.java.edu.mit.compbio.bisulfitehic.mapping.Bhmem  - Processing reads 769000 ...
291242 [main] INFO main.java.edu.mit.compbio.bisulfitehic.mapping.Bhmem  - Unique mapped and paired reads 764644 ...
291245 [main] INFO main.java.edu.mit.compbio.bisulfitehic.mapping.Bhmem  - Processing reads 770000 ...
291245 [main] INFO main.java.edu.mit.compbio.bisulfitehic.mapping.Bhmem  - Unique mapped and paired reads 764644 ...
[M::mem_process_seqs] Processed 1001 reads in 0.940 CPU sec, 0.120 real sec
[M::mem_process_seqs] Processed 1001 reads in 0.915 CPU sec, 0.116 real sec
[M::mem_process_seqs] Processed 1001 reads in 1.008 CPU sec, 0.146 real sec
[M::mem_process_seqs] Processed 1001 reads in 1.014 CPU sec, 0.152 real sec
291906 [main] INFO main.java.edu.mit.compbio.bisulfitehic.mapping.Bhmem  - Processing reads 771000 ...
291906 [main] INFO main.java.edu.mit.compbio.bisulfitehic.mapping.Bhmem  - Unique mapped and paired reads 766630 ...
291909 [main] INFO main.java.edu.mit.compbio.bisulfitehic.mapping.Bhmem  - Processing reads 772000 ...
291909 [main] INFO main.java.edu.mit.compbio.bisulfitehic.mapping.Bhmem  - Unique mapped and paired reads 766630 ...
[M::mem_process_seqs] Processed 1001 reads in 0.989 CPU sec, 0.127 real sec
[M::mem_process_seqs] Processed 1001 reads in 0.947 CPU sec, 0.142 real sec
[M::mem_process_seqs] Processed 1001 reads in 1.135 CPU sec, 0.170 real sec
[M::mem_process_seqs] Processed 1001 reads in 1.147 CPU sec, 0.175 real sec
292648 [main] INFO main.java.edu.mit.compbio.bisulfitehic.mapping.Bhmem  - Processing reads 773000 ...
292648 [main] INFO main.java.edu.mit.compbio.bisulfitehic.mapping.Bhmem  - Unique mapped and paired reads 768616 ...
292651 [main] INFO main.java.edu.mit.compbio.bisulfitehic.mapping.Bhmem  - Processing reads 774000 ...
292651 [main] INFO main.java.edu.mit.compbio.bisulfitehic.mapping.Bhmem  - Unique mapped and paired reads 768616 ...
[M::mem_process_seqs] Processed 1001 reads in 1.042 CPU sec, 0.136 real sec
[M::mem_process_seqs] Processed 1001 reads in 0.923 CPU sec, 0.123 real sec
[M::mem_process_seqs] Processed 1001 reads in 1.056 CPU sec, 0.156 real sec
[M::mem_process_seqs] Processed 1001 reads in 1.071 CPU sec, 0.140 real sec
293329 [main] INFO main.java.edu.mit.compbio.bisulfitehic.mapping.Bhmem  - Processing reads 775000 ...
293329 [main] INFO main.java.edu.mit.compbio.bisulfitehic.mapping.Bhmem  - Unique mapped and paired reads 770602 ...
293332 [main] INFO main.java.edu.mit.compbio.bisulfitehic.mapping.Bhmem  - Processing reads 776000 ...
293332 [main] INFO main.java.edu.mit.compbio.bisulfitehic.mapping.Bhmem  - Unique mapped and paired reads 770602 ...
[M::mem_process_seqs] Processed 1001 reads in 1.067 CPU sec, 0.137 real sec
[M::mem_process_seqs] Processed 1001 reads in 0.969 CPU sec, 0.141 real sec
[M::mem_process_seqs] Processed 1001 reads in 1.207 CPU sec, 0.160 real sec
[M::mem_process_seqs] Processed 1001 reads in 1.198 CPU sec, 0.156 real sec
294049 [main] INFO main.java.edu.mit.compbio.bisulfitehic.mapping.Bhmem  - Processing reads 777000 ...
294049 [main] INFO main.java.edu.mit.compbio.bisulfitehic.mapping.Bhmem  - Unique mapped and paired reads 772596 ...
294052 [main] INFO main.java.edu.mit.compbio.bisulfitehic.mapping.Bhmem  - Processing reads 778000 ...
294052 [main] INFO main.java.edu.mit.compbio.bisulfitehic.mapping.Bhmem  - Unique mapped and paired reads 772596 ...
[M::mem_process_seqs] Processed 1001 reads in 1.001 CPU sec, 0.128 real sec
[M::mem_process_seqs] Processed 1001 reads in 0.865 CPU sec, 0.111 real sec
[M::mem_process_seqs] Processed 1001 reads in 0.985 CPU sec, 0.154 real sec
[M::mem_process_seqs] Processed 1001 reads in 0.966 CPU sec, 0.131 real sec
294688 [main] INFO main.java.edu.mit.compbio.bisulfitehic.mapping.Bhmem  - Processing reads 779000 ...
294688 [main] INFO main.java.edu.mit.compbio.bisulfitehic.mapping.Bhmem  - Unique mapped and paired reads 774566 ...
294691 [main] INFO main.java.edu.mit.compbio.bisulfitehic.mapping.Bhmem  - Processing reads 780000 ...
294691 [main] INFO main.java.edu.mit.compbio.bisulfitehic.mapping.Bhmem  - Unique mapped and paired reads 774566 ...
[M::mem_process_seqs] Processed 1001 reads in 0.977 CPU sec, 0.124 real sec
[M::mem_process_seqs] Processed 1001 reads in 0.906 CPU sec, 0.132 real sec
[M::mem_process_seqs] Processed 1001 reads in 1.047 CPU sec, 0.152 real sec
[M::mem_process_seqs] Processed 1001 reads in 1.006 CPU sec, 0.145 real sec
295364 [main] INFO main.java.edu.mit.compbio.bisulfitehic.mapping.Bhmem  - Processing reads 781000 ...
295364 [main] INFO main.java.edu.mit.compbio.bisulfitehic.mapping.Bhmem  - Unique mapped and paired reads 776562 ...
295367 [main] INFO main.java.edu.mit.compbio.bisulfitehic.mapping.Bhmem  - Processing reads 782000 ...
295367 [main] INFO main.java.edu.mit.compbio.bisulfitehic.mapping.Bhmem  - Unique mapped and paired reads 776562 ...
[M::mem_process_seqs] Processed 1001 reads in 0.995 CPU sec, 0.128 real sec
[M::mem_process_seqs] Processed 1001 reads in 0.938 CPU sec, 0.135 real sec
[M::mem_process_seqs] Processed 1001 reads in 1.055 CPU sec, 0.153 real sec
[M::mem_process_seqs] Processed 1001 reads in 1.066 CPU sec, 0.135 real sec
296038 [main] INFO main.java.edu.mit.compbio.bisulfitehic.mapping.Bhmem  - Processing reads 783000 ...
296038 [main] INFO main.java.edu.mit.compbio.bisulfitehic.mapping.Bhmem  - Unique mapped and paired reads 778552 ...
296041 [main] INFO main.java.edu.mit.compbio.bisulfitehic.mapping.Bhmem  - Processing reads 784000 ...
296041 [main] INFO main.java.edu.mit.compbio.bisulfitehic.mapping.Bhmem  - Unique mapped and paired reads 778552 ...
[M::mem_process_seqs] Processed 1001 reads in 0.963 CPU sec, 0.126 real sec
[M::mem_process_seqs] Processed 1001 reads in 0.871 CPU sec, 0.128 real sec
[M::mem_process_seqs] Processed 1001 reads in 1.129 CPU sec, 0.167 real sec
[M::mem_process_seqs] Processed 1001 reads in 1.122 CPU sec, 0.166 real sec
296743 [main] INFO main.java.edu.mit.compbio.bisulfitehic.mapping.Bhmem  - Processing reads 785000 ...
296743 [main] INFO main.java.edu.mit.compbio.bisulfitehic.mapping.Bhmem  - Unique mapped and paired reads 780538 ...
296746 [main] INFO main.java.edu.mit.compbio.bisulfitehic.mapping.Bhmem  - Processing reads 786000 ...
296746 [main] INFO main.java.edu.mit.compbio.bisulfitehic.mapping.Bhmem  - Unique mapped and paired reads 780538 ...
[M::mem_process_seqs] Processed 1001 reads in 0.961 CPU sec, 0.122 real sec
[M::mem_process_seqs] Processed 1001 reads in 0.867 CPU sec, 0.109 real sec
[M::mem_process_seqs] Processed 1001 reads in 1.037 CPU sec, 0.150 real sec
[M::mem_process_seqs] Processed 1001 reads in 1.031 CPU sec, 0.148 real sec
297394 [main] INFO main.java.edu.mit.compbio.bisulfitehic.mapping.Bhmem  - Processing reads 787000 ...
297394 [main] INFO main.java.edu.mit.compbio.bisulfitehic.mapping.Bhmem  - Unique mapped and paired reads 782528 ...
297397 [main] INFO main.java.edu.mit.compbio.bisulfitehic.mapping.Bhmem  - Processing reads 788000 ...
297397 [main] INFO main.java.edu.mit.compbio.bisulfitehic.mapping.Bhmem  - Unique mapped and paired reads 782528 ...
[M::mem_process_seqs] Processed 1001 reads in 0.950 CPU sec, 0.121 real sec
[M::mem_process_seqs] Processed 1001 reads in 0.872 CPU sec, 0.113 real sec
[M::mem_process_seqs] Processed 1001 reads in 0.980 CPU sec, 0.149 real sec
[M::mem_process_seqs] Processed 1001 reads in 1.055 CPU sec, 0.136 real sec
298034 [main] INFO main.java.edu.mit.compbio.bisulfitehic.mapping.Bhmem  - Processing reads 789000 ...
298034 [main] INFO main.java.edu.mit.compbio.bisulfitehic.mapping.Bhmem  - Unique mapped and paired reads 784514 ...
298037 [main] INFO main.java.edu.mit.compbio.bisulfitehic.mapping.Bhmem  - Processing reads 790000 ...
298037 [main] INFO main.java.edu.mit.compbio.bisulfitehic.mapping.Bhmem  - Unique mapped and paired reads 784514 ...
[M::mem_process_seqs] Processed 1001 reads in 1.078 CPU sec, 0.137 real sec
[M::mem_process_seqs] Processed 1001 reads in 1.037 CPU sec, 0.149 real sec
[M::mem_process_seqs] Processed 1001 reads in 1.119 CPU sec, 0.163 real sec
[M::mem_process_seqs] Processed 1001 reads in 1.164 CPU sec, 0.168 real sec
298781 [main] INFO main.java.edu.mit.compbio.bisulfitehic.mapping.Bhmem  - Processing reads 791000 ...
298781 [main] INFO main.java.edu.mit.compbio.bisulfitehic.mapping.Bhmem  - Unique mapped and paired reads 786498 ...
298784 [main] INFO main.java.edu.mit.compbio.bisulfitehic.mapping.Bhmem  - Processing reads 792000 ...
298784 [main] INFO main.java.edu.mit.compbio.bisulfitehic.mapping.Bhmem  - Unique mapped and paired reads 786498 ...
[M::mem_process_seqs] Processed 1001 reads in 0.995 CPU sec, 0.130 real sec
[M::mem_process_seqs] Processed 1001 reads in 0.873 CPU sec, 0.112 real sec
[M::mem_process_seqs] Processed 1001 reads in 1.040 CPU sec, 0.155 real sec
[M::mem_process_seqs] Processed 1001 reads in 1.027 CPU sec, 0.134 real sec
299433 [main] INFO main.java.edu.mit.compbio.bisulfitehic.mapping.Bhmem  - Processing reads 793000 ...
299433 [main] INFO main.java.edu.mit.compbio.bisulfitehic.mapping.Bhmem  - Unique mapped and paired reads 788490 ...
299436 [main] INFO main.java.edu.mit.compbio.bisulfitehic.mapping.Bhmem  - Processing reads 794000 ...
299436 [main] INFO main.java.edu.mit.compbio.bisulfitehic.mapping.Bhmem  - Unique mapped and paired reads 788490 ...
[M::mem_process_seqs] Processed 1001 reads in 1.005 CPU sec, 0.130 real sec
[M::mem_process_seqs] Processed 1001 reads in 0.888 CPU sec, 0.128 real sec
[M::mem_process_seqs] Processed 1001 reads in 1.084 CPU sec, 0.139 real sec
[M::mem_process_seqs] Processed 1001 reads in 1.072 CPU sec, 0.159 real sec
300117 [main] INFO main.java.edu.mit.compbio.bisulfitehic.mapping.Bhmem  - Processing reads 795000 ...
300117 [main] INFO main.java.edu.mit.compbio.bisulfitehic.mapping.Bhmem  - Unique mapped and paired reads 790482 ...
300120 [main] INFO main.java.edu.mit.compbio.bisulfitehic.mapping.Bhmem  - Processing reads 796000 ...
300120 [main] INFO main.java.edu.mit.compbio.bisulfitehic.mapping.Bhmem  - Unique mapped and paired reads 790482 ...
[M::mem_process_seqs] Processed 1001 reads in 0.868 CPU sec, 0.110 real sec
[M::mem_process_seqs] Processed 1001 reads in 0.886 CPU sec, 0.115 real sec
[M::mem_process_seqs] Processed 1001 reads in 0.987 CPU sec, 0.144 real sec
[M::mem_process_seqs] Processed 1001 reads in 1.107 CPU sec, 0.164 real sec
300789 [main] INFO main.java.edu.mit.compbio.bisulfitehic.mapping.Bhmem  - Processing reads 797000 ...
300789 [main] INFO main.java.edu.mit.compbio.bisulfitehic.mapping.Bhmem  - Unique mapped and paired reads 792462 ...
300792 [main] INFO main.java.edu.mit.compbio.bisulfitehic.mapping.Bhmem  - Processing reads 798000 ...
300792 [main] INFO main.java.edu.mit.compbio.bisulfitehic.mapping.Bhmem  - Unique mapped and paired reads 792462 ...
[M::mem_process_seqs] Processed 1001 reads in 1.078 CPU sec, 0.139 real sec
[M::mem_process_seqs] Processed 1001 reads in 0.955 CPU sec, 0.138 real sec
[M::mem_process_seqs] Processed 1001 reads in 1.004 CPU sec, 0.145 real sec
[M::mem_process_seqs] Processed 1001 reads in 1.073 CPU sec, 0.158 real sec
301501 [main] INFO main.java.edu.mit.compbio.bisulfitehic.mapping.Bhmem  - Processing reads 799000 ...
301501 [main] INFO main.java.edu.mit.compbio.bisulfitehic.mapping.Bhmem  - Unique mapped and paired reads 794458 ...
301504 [main] INFO main.java.edu.mit.compbio.bisulfitehic.mapping.Bhmem  - Processing reads 800000 ...
301504 [main] INFO main.java.edu.mit.compbio.bisulfitehic.mapping.Bhmem  - Unique mapped and paired reads 794458 ...
[M::mem_process_seqs] Processed 1001 reads in 1.054 CPU sec, 0.134 real sec
[M::mem_process_seqs] Processed 1001 reads in 1.013 CPU sec, 0.129 real sec
[M::mem_process_seqs] Processed 1001 reads in 1.076 CPU sec, 0.158 real sec
[M::mem_process_seqs] Processed 1001 reads in 1.167 CPU sec, 0.158 real sec
302214 [main] INFO main.java.edu.mit.compbio.bisulfitehic.mapping.Bhmem  - Processing reads 801000 ...
302214 [main] INFO main.java.edu.mit.compbio.bisulfitehic.mapping.Bhmem  - Unique mapped and paired reads 796448 ...
302217 [main] INFO main.java.edu.mit.compbio.bisulfitehic.mapping.Bhmem  - Processing reads 802000 ...
302217 [main] INFO main.java.edu.mit.compbio.bisulfitehic.mapping.Bhmem  - Unique mapped and paired reads 796448 ...
[M::mem_process_seqs] Processed 1001 reads in 1.052 CPU sec, 0.135 real sec
[M::mem_process_seqs] Processed 1001 reads in 1.001 CPU sec, 0.129 real sec
[M::mem_process_seqs] Processed 1001 reads in 1.045 CPU sec, 0.134 real sec
[M::mem_process_seqs] Processed 1001 reads in 1.013 CPU sec, 0.128 real sec
302868 [main] INFO main.java.edu.mit.compbio.bisulfitehic.mapping.Bhmem  - Processing reads 803000 ...
302868 [main] INFO main.java.edu.mit.compbio.bisulfitehic.mapping.Bhmem  - Unique mapped and paired reads 798442 ...
302871 [main] INFO main.java.edu.mit.compbio.bisulfitehic.mapping.Bhmem  - Processing reads 804000 ...
302871 [main] INFO main.java.edu.mit.compbio.bisulfitehic.mapping.Bhmem  - Unique mapped and paired reads 798442 ...
[M::mem_process_seqs] Processed 1001 reads in 1.070 CPU sec, 0.137 real sec
[M::mem_process_seqs] Processed 1001 reads in 0.964 CPU sec, 0.140 real sec
[M::mem_process_seqs] Processed 1001 reads in 1.193 CPU sec, 0.176 real sec
[M::mem_process_seqs] Processed 1001 reads in 1.172 CPU sec, 0.148 real sec
303598 [main] INFO main.java.edu.mit.compbio.bisulfitehic.mapping.Bhmem  - Processing reads 805000 ...
303598 [main] INFO main.java.edu.mit.compbio.bisulfitehic.mapping.Bhmem  - Unique mapped and paired reads 800438 ...
303601 [main] INFO main.java.edu.mit.compbio.bisulfitehic.mapping.Bhmem  - Processing reads 806000 ...
303601 [main] INFO main.java.edu.mit.compbio.bisulfitehic.mapping.Bhmem  - Unique mapped and paired reads 800438 ...
[M::mem_process_seqs] Processed 1001 reads in 1.160 CPU sec, 0.164 real sec
[M::mem_process_seqs] Processed 1001 reads in 1.110 CPU sec, 0.141 real sec
[M::mem_process_seqs] Processed 1001 reads in 1.212 CPU sec, 0.195 real sec
[M::mem_process_seqs] Processed 1001 reads in 1.222 CPU sec, 0.166 real sec
304391 [main] INFO main.java.edu.mit.compbio.bisulfitehic.mapping.Bhmem  - Processing reads 807000 ...
304391 [main] INFO main.java.edu.mit.compbio.bisulfitehic.mapping.Bhmem  - Unique mapped and paired reads 802430 ...
304394 [main] INFO main.java.edu.mit.compbio.bisulfitehic.mapping.Bhmem  - Processing reads 808000 ...
304394 [main] INFO main.java.edu.mit.compbio.bisulfitehic.mapping.Bhmem  - Unique mapped and paired reads 802430 ...
[M::mem_process_seqs] Processed 1001 reads in 1.004 CPU sec, 0.127 real sec
[M::mem_process_seqs] Processed 1001 reads in 1.063 CPU sec, 0.138 real sec
[M::mem_process_seqs] Processed 1001 reads in 1.169 CPU sec, 0.177 real sec
[M::mem_process_seqs] Processed 1001 reads in 1.164 CPU sec, 0.169 real sec
305127 [main] INFO main.java.edu.mit.compbio.bisulfitehic.mapping.Bhmem  - Processing reads 809000 ...
305127 [main] INFO main.java.edu.mit.compbio.bisulfitehic.mapping.Bhmem  - Unique mapped and paired reads 804426 ...
305130 [main] INFO main.java.edu.mit.compbio.bisulfitehic.mapping.Bhmem  - Processing reads 810000 ...
305130 [main] INFO main.java.edu.mit.compbio.bisulfitehic.mapping.Bhmem  - Unique mapped and paired reads 804426 ...
[M::mem_process_seqs] Processed 1001 reads in 1.088 CPU sec, 0.144 real sec
[M::mem_process_seqs] Processed 1001 reads in 1.090 CPU sec, 0.168 real sec
[M::mem_process_seqs] Processed 1001 reads in 1.176 CPU sec, 0.174 real sec
[M::mem_process_seqs] Processed 1001 reads in 1.179 CPU sec, 0.175 real sec
305921 [main] INFO main.java.edu.mit.compbio.bisulfitehic.mapping.Bhmem  - Processing reads 811000 ...
305921 [main] INFO main.java.edu.mit.compbio.bisulfitehic.mapping.Bhmem  - Unique mapped and paired reads 806424 ...
305924 [main] INFO main.java.edu.mit.compbio.bisulfitehic.mapping.Bhmem  - Processing reads 812000 ...
305924 [main] INFO main.java.edu.mit.compbio.bisulfitehic.mapping.Bhmem  - Unique mapped and paired reads 806424 ...
[M::mem_process_seqs] Processed 1001 reads in 1.051 CPU sec, 0.141 real sec
[M::mem_process_seqs] Processed 1001 reads in 1.020 CPU sec, 0.150 real sec
[M::mem_process_seqs] Processed 1001 reads in 1.175 CPU sec, 0.312 real sec
[M::mem_process_seqs] Processed 1001 reads in 1.122 CPU sec, 0.168 real sec
306825 [main] INFO main.java.edu.mit.compbio.bisulfitehic.mapping.Bhmem  - Processing reads 813000 ...
306825 [main] INFO main.java.edu.mit.compbio.bisulfitehic.mapping.Bhmem  - Unique mapped and paired reads 808414 ...
306828 [main] INFO main.java.edu.mit.compbio.bisulfitehic.mapping.Bhmem  - Processing reads 814000 ...
306828 [main] INFO main.java.edu.mit.compbio.bisulfitehic.mapping.Bhmem  - Unique mapped and paired reads 808414 ...
[M::mem_process_seqs] Processed 1001 reads in 1.054 CPU sec, 0.134 real sec
[M::mem_process_seqs] Processed 1001 reads in 0.988 CPU sec, 0.145 real sec
[M::mem_process_seqs] Processed 1001 reads in 1.115 CPU sec, 0.141 real sec
[M::mem_process_seqs] Processed 1001 reads in 1.093 CPU sec, 0.163 real sec
307749 [main] INFO main.java.edu.mit.compbio.bisulfitehic.mapping.Bhmem  - Processing reads 815000 ...
307749 [main] INFO main.java.edu.mit.compbio.bisulfitehic.mapping.Bhmem  - Unique mapped and paired reads 810404 ...
307752 [main] INFO main.java.edu.mit.compbio.bisulfitehic.mapping.Bhmem  - Processing reads 816000 ...
307752 [main] INFO main.java.edu.mit.compbio.bisulfitehic.mapping.Bhmem  - Unique mapped and paired reads 810404 ...
[M::mem_process_seqs] Processed 1001 reads in 1.011 CPU sec, 0.129 real sec
[M::mem_process_seqs] Processed 1001 reads in 0.899 CPU sec, 0.138 real sec
[M::mem_process_seqs] Processed 1001 reads in 1.129 CPU sec, 0.165 real sec
[M::mem_process_seqs] Processed 1001 reads in 1.035 CPU sec, 0.151 real sec
308452 [main] INFO main.java.edu.mit.compbio.bisulfitehic.mapping.Bhmem  - Processing reads 817000 ...
308452 [main] INFO main.java.edu.mit.compbio.bisulfitehic.mapping.Bhmem  - Unique mapped and paired reads 812398 ...
308455 [main] INFO main.java.edu.mit.compbio.bisulfitehic.mapping.Bhmem  - Processing reads 818000 ...
308455 [main] INFO main.java.edu.mit.compbio.bisulfitehic.mapping.Bhmem  - Unique mapped and paired reads 812398 ...
[M::mem_process_seqs] Processed 1001 reads in 0.964 CPU sec, 0.124 real sec
[M::mem_process_seqs] Processed 1001 reads in 0.972 CPU sec, 0.142 real sec
[M::mem_process_seqs] Processed 1001 reads in 1.103 CPU sec, 0.147 real sec
[M::mem_process_seqs] Processed 1001 reads in 1.118 CPU sec, 0.161 real sec
309144 [main] INFO main.java.edu.mit.compbio.bisulfitehic.mapping.Bhmem  - Processing reads 819000 ...
309144 [main] INFO main.java.edu.mit.compbio.bisulfitehic.mapping.Bhmem  - Unique mapped and paired reads 814390 ...
309147 [main] INFO main.java.edu.mit.compbio.bisulfitehic.mapping.Bhmem  - Processing reads 820000 ...
309147 [main] INFO main.java.edu.mit.compbio.bisulfitehic.mapping.Bhmem  - Unique mapped and paired reads 814390 ...
[M::mem_process_seqs] Processed 1001 reads in 0.985 CPU sec, 0.126 real sec
[M::mem_process_seqs] Processed 1001 reads in 0.863 CPU sec, 0.110 real sec
[M::mem_process_seqs] Processed 1001 reads in 1.089 CPU sec, 0.163 real sec
[M::mem_process_seqs] Processed 1001 reads in 1.058 CPU sec, 0.158 real sec
309823 [main] INFO main.java.edu.mit.compbio.bisulfitehic.mapping.Bhmem  - Processing reads 821000 ...
309823 [main] INFO main.java.edu.mit.compbio.bisulfitehic.mapping.Bhmem  - Unique mapped and paired reads 816374 ...
309826 [main] INFO main.java.edu.mit.compbio.bisulfitehic.mapping.Bhmem  - Processing reads 822000 ...
309826 [main] INFO main.java.edu.mit.compbio.bisulfitehic.mapping.Bhmem  - Unique mapped and paired reads 816374 ...
[M::mem_process_seqs] Processed 1001 reads in 0.968 CPU sec, 0.131 real sec
[M::mem_process_seqs] Processed 1001 reads in 1.011 CPU sec, 0.150 real sec
[M::mem_process_seqs] Processed 1001 reads in 1.139 CPU sec, 0.149 real sec
[M::mem_process_seqs] Processed 1001 reads in 1.170 CPU sec, 0.181 real sec
310558 [main] INFO main.java.edu.mit.compbio.bisulfitehic.mapping.Bhmem  - Processing reads 823000 ...
310558 [main] INFO main.java.edu.mit.compbio.bisulfitehic.mapping.Bhmem  - Unique mapped and paired reads 818356 ...
310561 [main] INFO main.java.edu.mit.compbio.bisulfitehic.mapping.Bhmem  - Processing reads 824000 ...
310561 [main] INFO main.java.edu.mit.compbio.bisulfitehic.mapping.Bhmem  - Unique mapped and paired reads 818356 ...
[M::mem_process_seqs] Processed 1001 reads in 0.958 CPU sec, 0.125 real sec
[M::mem_process_seqs] Processed 1001 reads in 0.906 CPU sec, 0.131 real sec
[M::mem_process_seqs] Processed 1001 reads in 1.098 CPU sec, 0.142 real sec
[M::mem_process_seqs] Processed 1001 reads in 1.066 CPU sec, 0.154 real sec
311229 [main] INFO main.java.edu.mit.compbio.bisulfitehic.mapping.Bhmem  - Processing reads 825000 ...
311229 [main] INFO main.java.edu.mit.compbio.bisulfitehic.mapping.Bhmem  - Unique mapped and paired reads 820346 ...
311232 [main] INFO main.java.edu.mit.compbio.bisulfitehic.mapping.Bhmem  - Processing reads 826000 ...
311232 [main] INFO main.java.edu.mit.compbio.bisulfitehic.mapping.Bhmem  - Unique mapped and paired reads 820346 ...
[M::mem_process_seqs] Processed 1001 reads in 0.953 CPU sec, 0.122 real sec
[M::mem_process_seqs] Processed 1001 reads in 0.915 CPU sec, 0.133 real sec
[M::mem_process_seqs] Processed 1001 reads in 1.073 CPU sec, 0.180 real sec
[M::mem_process_seqs] Processed 1001 reads in 1.233 CPU sec, 0.193 real sec
311992 [main] INFO main.java.edu.mit.compbio.bisulfitehic.mapping.Bhmem  - Processing reads 827000 ...
311992 [main] INFO main.java.edu.mit.compbio.bisulfitehic.mapping.Bhmem  - Unique mapped and paired reads 822344 ...
311995 [main] INFO main.java.edu.mit.compbio.bisulfitehic.mapping.Bhmem  - Processing reads 828000 ...
311995 [main] INFO main.java.edu.mit.compbio.bisulfitehic.mapping.Bhmem  - Unique mapped and paired reads 822344 ...
[M::mem_process_seqs] Processed 1001 reads in 0.967 CPU sec, 0.139 real sec
[M::mem_process_seqs] Processed 1001 reads in 0.901 CPU sec, 0.120 real sec
[M::mem_process_seqs] Processed 1001 reads in 1.019 CPU sec, 0.151 real sec
[M::mem_process_seqs] Processed 1001 reads in 1.104 CPU sec, 0.162 real sec
312695 [main] INFO main.java.edu.mit.compbio.bisulfitehic.mapping.Bhmem  - Processing reads 829000 ...
312695 [main] INFO main.java.edu.mit.compbio.bisulfitehic.mapping.Bhmem  - Unique mapped and paired reads 824340 ...
312698 [main] INFO main.java.edu.mit.compbio.bisulfitehic.mapping.Bhmem  - Processing reads 830000 ...
312698 [main] INFO main.java.edu.mit.compbio.bisulfitehic.mapping.Bhmem  - Unique mapped and paired reads 824340 ...
[M::mem_process_seqs] Processed 1001 reads in 1.004 CPU sec, 0.128 real sec
[M::mem_process_seqs] Processed 1001 reads in 0.950 CPU sec, 0.124 real sec
[M::mem_process_seqs] Processed 1001 reads in 1.292 CPU sec, 0.194 real sec
[M::mem_process_seqs] Processed 1001 reads in 1.194 CPU sec, 0.158 real sec
313429 [main] INFO main.java.edu.mit.compbio.bisulfitehic.mapping.Bhmem  - Processing reads 831000 ...
313429 [main] INFO main.java.edu.mit.compbio.bisulfitehic.mapping.Bhmem  - Unique mapped and paired reads 826332 ...
313432 [main] INFO main.java.edu.mit.compbio.bisulfitehic.mapping.Bhmem  - Processing reads 832000 ...
313432 [main] INFO main.java.edu.mit.compbio.bisulfitehic.mapping.Bhmem  - Unique mapped and paired reads 826332 ...
[M::mem_process_seqs] Processed 1001 reads in 1.008 CPU sec, 0.132 real sec
[M::mem_process_seqs] Processed 1001 reads in 0.994 CPU sec, 0.132 real sec
[M::mem_process_seqs] Processed 1001 reads in 1.078 CPU sec, 0.156 real sec
[M::mem_process_seqs] Processed 1001 reads in 1.153 CPU sec, 0.149 real sec
314124 [main] INFO main.java.edu.mit.compbio.bisulfitehic.mapping.Bhmem  - Processing reads 833000 ...
314124 [main] INFO main.java.edu.mit.compbio.bisulfitehic.mapping.Bhmem  - Unique mapped and paired reads 828324 ...
314127 [main] INFO main.java.edu.mit.compbio.bisulfitehic.mapping.Bhmem  - Processing reads 834000 ...
314127 [main] INFO main.java.edu.mit.compbio.bisulfitehic.mapping.Bhmem  - Unique mapped and paired reads 828324 ...
[M::mem_process_seqs] Processed 1001 reads in 0.981 CPU sec, 0.129 real sec
[M::mem_process_seqs] Processed 1001 reads in 0.960 CPU sec, 0.141 real sec
[M::mem_process_seqs] Processed 1001 reads in 1.084 CPU sec, 0.173 real sec
[M::mem_process_seqs] Processed 1001 reads in 1.145 CPU sec, 0.146 real sec
314840 [main] INFO main.java.edu.mit.compbio.bisulfitehic.mapping.Bhmem  - Processing reads 835000 ...
314840 [main] INFO main.java.edu.mit.compbio.bisulfitehic.mapping.Bhmem  - Unique mapped and paired reads 830318 ...
314843 [main] INFO main.java.edu.mit.compbio.bisulfitehic.mapping.Bhmem  - Processing reads 836000 ...
314843 [main] INFO main.java.edu.mit.compbio.bisulfitehic.mapping.Bhmem  - Unique mapped and paired reads 830318 ...
[M::mem_process_seqs] Processed 1001 reads in 1.128 CPU sec, 0.143 real sec
[M::mem_process_seqs] Processed 1001 reads in 0.944 CPU sec, 0.137 real sec
[M::mem_process_seqs] Processed 1001 reads in 1.266 CPU sec, 0.189 real sec
[M::mem_process_seqs] Processed 1001 reads in 1.222 CPU sec, 0.184 real sec
315623 [main] INFO main.java.edu.mit.compbio.bisulfitehic.mapping.Bhmem  - Processing reads 837000 ...
315623 [main] INFO main.java.edu.mit.compbio.bisulfitehic.mapping.Bhmem  - Unique mapped and paired reads 832310 ...
315626 [main] INFO main.java.edu.mit.compbio.bisulfitehic.mapping.Bhmem  - Processing reads 838000 ...
315626 [main] INFO main.java.edu.mit.compbio.bisulfitehic.mapping.Bhmem  - Unique mapped and paired reads 832310 ...
[M::mem_process_seqs] Processed 1001 reads in 1.062 CPU sec, 0.138 real sec
[M::mem_process_seqs] Processed 1001 reads in 0.936 CPU sec, 0.121 real sec
[M::mem_process_seqs] Processed 1001 reads in 1.079 CPU sec, 0.137 real sec
[M::mem_process_seqs] Processed 1001 reads in 1.074 CPU sec, 0.159 real sec
316306 [main] INFO main.java.edu.mit.compbio.bisulfitehic.mapping.Bhmem  - Processing reads 839000 ...
316306 [main] INFO main.java.edu.mit.compbio.bisulfitehic.mapping.Bhmem  - Unique mapped and paired reads 834294 ...
316309 [main] INFO main.java.edu.mit.compbio.bisulfitehic.mapping.Bhmem  - Processing reads 840000 ...
316309 [main] INFO main.java.edu.mit.compbio.bisulfitehic.mapping.Bhmem  - Unique mapped and paired reads 834294 ...
[M::mem_process_seqs] Processed 1001 reads in 0.969 CPU sec, 0.129 real sec
[M::mem_process_seqs] Processed 1001 reads in 0.948 CPU sec, 0.121 real sec
[M::mem_process_seqs] Processed 1001 reads in 1.051 CPU sec, 0.171 real sec
[M::mem_process_seqs] Processed 1001 reads in 1.187 CPU sec, 0.176 real sec
317036 [main] INFO main.java.edu.mit.compbio.bisulfitehic.mapping.Bhmem  - Processing reads 841000 ...
317036 [main] INFO main.java.edu.mit.compbio.bisulfitehic.mapping.Bhmem  - Unique mapped and paired reads 836286 ...
317039 [main] INFO main.java.edu.mit.compbio.bisulfitehic.mapping.Bhmem  - Processing reads 842000 ...
317039 [main] INFO main.java.edu.mit.compbio.bisulfitehic.mapping.Bhmem  - Unique mapped and paired reads 836286 ...
[M::mem_process_seqs] Processed 1001 reads in 1.029 CPU sec, 0.131 real sec
[M::mem_process_seqs] Processed 1001 reads in 0.951 CPU sec, 0.121 real sec
[M::mem_process_seqs] Processed 1001 reads in 1.101 CPU sec, 0.160 real sec
[M::mem_process_seqs] Processed 1001 reads in 1.049 CPU sec, 0.133 real sec
317706 [main] INFO main.java.edu.mit.compbio.bisulfitehic.mapping.Bhmem  - Processing reads 843000 ...
317706 [main] INFO main.java.edu.mit.compbio.bisulfitehic.mapping.Bhmem  - Unique mapped and paired reads 838282 ...
317709 [main] INFO main.java.edu.mit.compbio.bisulfitehic.mapping.Bhmem  - Processing reads 844000 ...
317709 [main] INFO main.java.edu.mit.compbio.bisulfitehic.mapping.Bhmem  - Unique mapped and paired reads 838282 ...
[M::mem_process_seqs] Processed 1001 reads in 0.997 CPU sec, 0.129 real sec
[M::mem_process_seqs] Processed 1001 reads in 0.974 CPU sec, 0.142 real sec
[M::mem_process_seqs] Processed 1001 reads in 1.081 CPU sec, 0.160 real sec
[M::mem_process_seqs] Processed 1001 reads in 1.121 CPU sec, 0.161 real sec
318424 [main] INFO main.java.edu.mit.compbio.bisulfitehic.mapping.Bhmem  - Processing reads 845000 ...
318424 [main] INFO main.java.edu.mit.compbio.bisulfitehic.mapping.Bhmem  - Unique mapped and paired reads 840274 ...
318427 [main] INFO main.java.edu.mit.compbio.bisulfitehic.mapping.Bhmem  - Processing reads 846000 ...
318427 [main] INFO main.java.edu.mit.compbio.bisulfitehic.mapping.Bhmem  - Unique mapped and paired reads 840274 ...
[M::mem_process_seqs] Processed 1001 reads in 0.960 CPU sec, 0.123 real sec
[M::mem_process_seqs] Processed 1001 reads in 0.891 CPU sec, 0.132 real sec
[M::mem_process_seqs] Processed 1001 reads in 0.924 CPU sec, 0.117 real sec
[M::mem_process_seqs] Processed 1001 reads in 0.930 CPU sec, 0.118 real sec
319032 [main] INFO main.java.edu.mit.compbio.bisulfitehic.mapping.Bhmem  - Processing reads 847000 ...
319032 [main] INFO main.java.edu.mit.compbio.bisulfitehic.mapping.Bhmem  - Unique mapped and paired reads 842266 ...
319035 [main] INFO main.java.edu.mit.compbio.bisulfitehic.mapping.Bhmem  - Processing reads 848000 ...
319035 [main] INFO main.java.edu.mit.compbio.bisulfitehic.mapping.Bhmem  - Unique mapped and paired reads 842266 ...
[M::mem_process_seqs] Processed 1001 reads in 0.986 CPU sec, 0.126 real sec
[M::mem_process_seqs] Processed 1001 reads in 0.954 CPU sec, 0.141 real sec
[M::mem_process_seqs] Processed 1001 reads in 1.115 CPU sec, 0.149 real sec
[M::mem_process_seqs] Processed 1001 reads in 1.138 CPU sec, 0.144 real sec
319714 [main] INFO main.java.edu.mit.compbio.bisulfitehic.mapping.Bhmem  - Processing reads 849000 ...
319714 [main] INFO main.java.edu.mit.compbio.bisulfitehic.mapping.Bhmem  - Unique mapped and paired reads 844256 ...
319718 [main] INFO main.java.edu.mit.compbio.bisulfitehic.mapping.Bhmem  - Processing reads 850000 ...
319718 [main] INFO main.java.edu.mit.compbio.bisulfitehic.mapping.Bhmem  - Unique mapped and paired reads 844256 ...
[M::mem_process_seqs] Processed 1001 reads in 0.980 CPU sec, 0.125 real sec
[M::mem_process_seqs] Processed 1001 reads in 0.872 CPU sec, 0.128 real sec
[M::mem_process_seqs] Processed 1001 reads in 1.029 CPU sec, 0.149 real sec
[M::mem_process_seqs] Processed 1001 reads in 1.068 CPU sec, 0.138 real sec
320375 [main] INFO main.java.edu.mit.compbio.bisulfitehic.mapping.Bhmem  - Processing reads 851000 ...
320375 [main] INFO main.java.edu.mit.compbio.bisulfitehic.mapping.Bhmem  - Unique mapped and paired reads 846248 ...
320378 [main] INFO main.java.edu.mit.compbio.bisulfitehic.mapping.Bhmem  - Processing reads 852000 ...
320378 [main] INFO main.java.edu.mit.compbio.bisulfitehic.mapping.Bhmem  - Unique mapped and paired reads 846248 ...
[M::mem_process_seqs] Processed 1001 reads in 0.936 CPU sec, 0.120 real sec
[M::mem_process_seqs] Processed 1001 reads in 0.847 CPU sec, 0.122 real sec
[M::mem_process_seqs] Processed 1001 reads in 1.039 CPU sec, 0.132 real sec
[M::mem_process_seqs] Processed 1001 reads in 1.116 CPU sec, 0.141 real sec
321018 [main] INFO main.java.edu.mit.compbio.bisulfitehic.mapping.Bhmem  - Processing reads 853000 ...
321018 [main] INFO main.java.edu.mit.compbio.bisulfitehic.mapping.Bhmem  - Unique mapped and paired reads 848238 ...
321020 [main] INFO main.java.edu.mit.compbio.bisulfitehic.mapping.Bhmem  - Processing reads 854000 ...
321020 [main] INFO main.java.edu.mit.compbio.bisulfitehic.mapping.Bhmem  - Unique mapped and paired reads 848238 ...
[M::mem_process_seqs] Processed 1001 reads in 0.967 CPU sec, 0.122 real sec
[M::mem_process_seqs] Processed 1001 reads in 0.923 CPU sec, 0.117 real sec
[M::mem_process_seqs] Processed 1001 reads in 1.129 CPU sec, 0.164 real sec
[M::mem_process_seqs] Processed 1001 reads in 1.117 CPU sec, 0.160 real sec
321701 [main] INFO main.java.edu.mit.compbio.bisulfitehic.mapping.Bhmem  - Processing reads 855000 ...
321701 [main] INFO main.java.edu.mit.compbio.bisulfitehic.mapping.Bhmem  - Unique mapped and paired reads 850222 ...
321704 [main] INFO main.java.edu.mit.compbio.bisulfitehic.mapping.Bhmem  - Processing reads 856000 ...
321704 [main] INFO main.java.edu.mit.compbio.bisulfitehic.mapping.Bhmem  - Unique mapped and paired reads 850222 ...
[M::mem_process_seqs] Processed 1001 reads in 0.982 CPU sec, 0.127 real sec
[M::mem_process_seqs] Processed 1001 reads in 1.009 CPU sec, 0.135 real sec
[M::mem_process_seqs] Processed 1001 reads in 1.046 CPU sec, 0.153 real sec
[M::mem_process_seqs] Processed 1001 reads in 1.096 CPU sec, 0.142 real sec
322383 [main] INFO main.java.edu.mit.compbio.bisulfitehic.mapping.Bhmem  - Processing reads 857000 ...
322383 [main] INFO main.java.edu.mit.compbio.bisulfitehic.mapping.Bhmem  - Unique mapped and paired reads 852214 ...
322386 [main] INFO main.java.edu.mit.compbio.bisulfitehic.mapping.Bhmem  - Processing reads 858000 ...
322386 [main] INFO main.java.edu.mit.compbio.bisulfitehic.mapping.Bhmem  - Unique mapped and paired reads 852214 ...
[M::mem_process_seqs] Processed 1001 reads in 0.961 CPU sec, 0.122 real sec
[M::mem_process_seqs] Processed 1001 reads in 0.831 CPU sec, 0.109 real sec
[M::mem_process_seqs] Processed 1001 reads in 1.106 CPU sec, 0.170 real sec
[M::mem_process_seqs] Processed 1001 reads in 1.005 CPU sec, 0.149 real sec
323086 [main] INFO main.java.edu.mit.compbio.bisulfitehic.mapping.Bhmem  - Processing reads 859000 ...
323086 [main] INFO main.java.edu.mit.compbio.bisulfitehic.mapping.Bhmem  - Unique mapped and paired reads 854200 ...
323089 [main] INFO main.java.edu.mit.compbio.bisulfitehic.mapping.Bhmem  - Processing reads 860000 ...
323089 [main] INFO main.java.edu.mit.compbio.bisulfitehic.mapping.Bhmem  - Unique mapped and paired reads 854200 ...
[M::mem_process_seqs] Processed 1001 reads in 1.021 CPU sec, 0.135 real sec
[M::mem_process_seqs] Processed 1001 reads in 0.891 CPU sec, 0.130 real sec
[M::mem_process_seqs] Processed 1001 reads in 1.012 CPU sec, 0.137 real sec
[M::mem_process_seqs] Processed 1001 reads in 1.024 CPU sec, 0.150 real sec
323774 [main] INFO main.java.edu.mit.compbio.bisulfitehic.mapping.Bhmem  - Processing reads 861000 ...
323774 [main] INFO main.java.edu.mit.compbio.bisulfitehic.mapping.Bhmem  - Unique mapped and paired reads 856190 ...
323777 [main] INFO main.java.edu.mit.compbio.bisulfitehic.mapping.Bhmem  - Processing reads 862000 ...
323777 [main] INFO main.java.edu.mit.compbio.bisulfitehic.mapping.Bhmem  - Unique mapped and paired reads 856190 ...
[M::mem_process_seqs] Processed 1001 reads in 1.054 CPU sec, 0.135 real sec
[M::mem_process_seqs] Processed 1001 reads in 0.975 CPU sec, 0.177 real sec
[M::mem_process_seqs] Processed 1001 reads in 1.175 CPU sec, 0.160 real sec
[M::mem_process_seqs] Processed 1001 reads in 1.091 CPU sec, 0.159 real sec
324522 [main] INFO main.java.edu.mit.compbio.bisulfitehic.mapping.Bhmem  - Processing reads 863000 ...
324522 [main] INFO main.java.edu.mit.compbio.bisulfitehic.mapping.Bhmem  - Unique mapped and paired reads 858184 ...
324525 [main] INFO main.java.edu.mit.compbio.bisulfitehic.mapping.Bhmem  - Processing reads 864000 ...
324525 [main] INFO main.java.edu.mit.compbio.bisulfitehic.mapping.Bhmem  - Unique mapped and paired reads 858184 ...
[M::mem_process_seqs] Processed 1001 reads in 0.981 CPU sec, 0.147 real sec
[M::mem_process_seqs] Processed 1001 reads in 0.983 CPU sec, 0.144 real sec
[M::mem_process_seqs] Processed 1001 reads in 1.013 CPU sec, 0.146 real sec
[M::mem_process_seqs] Processed 1001 reads in 1.036 CPU sec, 0.151 real sec
325292 [main] INFO main.java.edu.mit.compbio.bisulfitehic.mapping.Bhmem  - Processing reads 865000 ...
325292 [main] INFO main.java.edu.mit.compbio.bisulfitehic.mapping.Bhmem  - Unique mapped and paired reads 860174 ...
325295 [main] INFO main.java.edu.mit.compbio.bisulfitehic.mapping.Bhmem  - Processing reads 866000 ...
325295 [main] INFO main.java.edu.mit.compbio.bisulfitehic.mapping.Bhmem  - Unique mapped and paired reads 860174 ...
[M::mem_process_seqs] Processed 1001 reads in 0.966 CPU sec, 0.140 real sec
[M::mem_process_seqs] Processed 1001 reads in 0.966 CPU sec, 0.135 real sec
[M::mem_process_seqs] Processed 1001 reads in 1.024 CPU sec, 0.131 real sec
[M::mem_process_seqs] Processed 1001 reads in 1.104 CPU sec, 0.159 real sec
325993 [main] INFO main.java.edu.mit.compbio.bisulfitehic.mapping.Bhmem  - Processing reads 867000 ...
325994 [main] INFO main.java.edu.mit.compbio.bisulfitehic.mapping.Bhmem  - Unique mapped and paired reads 862168 ...
325997 [main] INFO main.java.edu.mit.compbio.bisulfitehic.mapping.Bhmem  - Processing reads 868000 ...
325997 [main] INFO main.java.edu.mit.compbio.bisulfitehic.mapping.Bhmem  - Unique mapped and paired reads 862168 ...
[M::mem_process_seqs] Processed 1001 reads in 0.996 CPU sec, 0.153 real sec
[M::mem_process_seqs] Processed 1001 reads in 1.027 CPU sec, 0.131 real sec
[M::mem_process_seqs] Processed 1001 reads in 1.056 CPU sec, 0.140 real sec
[M::mem_process_seqs] Processed 1001 reads in 1.184 CPU sec, 0.182 real sec
326739 [main] INFO main.java.edu.mit.compbio.bisulfitehic.mapping.Bhmem  - Processing reads 869000 ...
326739 [main] INFO main.java.edu.mit.compbio.bisulfitehic.mapping.Bhmem  - Unique mapped and paired reads 864158 ...
326742 [main] INFO main.java.edu.mit.compbio.bisulfitehic.mapping.Bhmem  - Processing reads 870000 ...
326742 [main] INFO main.java.edu.mit.compbio.bisulfitehic.mapping.Bhmem  - Unique mapped and paired reads 864158 ...
[M::mem_process_seqs] Processed 1001 reads in 1.000 CPU sec, 0.152 real sec
[M::mem_process_seqs] Processed 1001 reads in 0.992 CPU sec, 0.126 real sec
[M::mem_process_seqs] Processed 1001 reads in 1.089 CPU sec, 0.150 real sec
[M::mem_process_seqs] Processed 1001 reads in 1.134 CPU sec, 0.147 real sec
327438 [main] INFO main.java.edu.mit.compbio.bisulfitehic.mapping.Bhmem  - Processing reads 871000 ...
327438 [main] INFO main.java.edu.mit.compbio.bisulfitehic.mapping.Bhmem  - Unique mapped and paired reads 866146 ...
327441 [main] INFO main.java.edu.mit.compbio.bisulfitehic.mapping.Bhmem  - Processing reads 872000 ...
327441 [main] INFO main.java.edu.mit.compbio.bisulfitehic.mapping.Bhmem  - Unique mapped and paired reads 866146 ...
[M::mem_process_seqs] Processed 1001 reads in 0.976 CPU sec, 0.123 real sec
[M::mem_process_seqs] Processed 1001 reads in 0.918 CPU sec, 0.116 real sec
[M::mem_process_seqs] Processed 1001 reads in 1.040 CPU sec, 0.150 real sec
[M::mem_process_seqs] Processed 1001 reads in 1.067 CPU sec, 0.136 real sec
328092 [main] INFO main.java.edu.mit.compbio.bisulfitehic.mapping.Bhmem  - Processing reads 873000 ...
328092 [main] INFO main.java.edu.mit.compbio.bisulfitehic.mapping.Bhmem  - Unique mapped and paired reads 868138 ...
328095 [main] INFO main.java.edu.mit.compbio.bisulfitehic.mapping.Bhmem  - Processing reads 874000 ...
328095 [main] INFO main.java.edu.mit.compbio.bisulfitehic.mapping.Bhmem  - Unique mapped and paired reads 868138 ...
[M::mem_process_seqs] Processed 1001 reads in 0.984 CPU sec, 0.125 real sec
[M::mem_process_seqs] Processed 1001 reads in 0.865 CPU sec, 0.110 real sec
[M::mem_process_seqs] Processed 1001 reads in 0.990 CPU sec, 0.148 real sec
[M::mem_process_seqs] Processed 1001 reads in 1.007 CPU sec, 0.147 real sec
328757 [main] INFO main.java.edu.mit.compbio.bisulfitehic.mapping.Bhmem  - Processing reads 875000 ...
328757 [main] INFO main.java.edu.mit.compbio.bisulfitehic.mapping.Bhmem  - Unique mapped and paired reads 870132 ...
328760 [main] INFO main.java.edu.mit.compbio.bisulfitehic.mapping.Bhmem  - Processing reads 876000 ...
328760 [main] INFO main.java.edu.mit.compbio.bisulfitehic.mapping.Bhmem  - Unique mapped and paired reads 870132 ...
[M::mem_process_seqs] Processed 1001 reads in 0.977 CPU sec, 0.128 real sec
[M::mem_process_seqs] Processed 1001 reads in 0.954 CPU sec, 0.142 real sec
[M::mem_process_seqs] Processed 1001 reads in 1.053 CPU sec, 0.166 real sec
[M::mem_process_seqs] Processed 1001 reads in 1.146 CPU sec, 0.176 real sec
329500 [main] INFO main.java.edu.mit.compbio.bisulfitehic.mapping.Bhmem  - Processing reads 877000 ...
329500 [main] INFO main.java.edu.mit.compbio.bisulfitehic.mapping.Bhmem  - Unique mapped and paired reads 872120 ...
329503 [main] INFO main.java.edu.mit.compbio.bisulfitehic.mapping.Bhmem  - Processing reads 878000 ...
329503 [main] INFO main.java.edu.mit.compbio.bisulfitehic.mapping.Bhmem  - Unique mapped and paired reads 872120 ...
[M::mem_process_seqs] Processed 1001 reads in 1.119 CPU sec, 0.145 real sec
[M::mem_process_seqs] Processed 1001 reads in 1.010 CPU sec, 0.149 real sec
[M::mem_process_seqs] Processed 1001 reads in 1.218 CPU sec, 0.175 real sec
[M::mem_process_seqs] Processed 1001 reads in 1.210 CPU sec, 0.152 real sec
330248 [main] INFO main.java.edu.mit.compbio.bisulfitehic.mapping.Bhmem  - Processing reads 879000 ...
330248 [main] INFO main.java.edu.mit.compbio.bisulfitehic.mapping.Bhmem  - Unique mapped and paired reads 874098 ...
330251 [main] INFO main.java.edu.mit.compbio.bisulfitehic.mapping.Bhmem  - Processing reads 880000 ...
330251 [main] INFO main.java.edu.mit.compbio.bisulfitehic.mapping.Bhmem  - Unique mapped and paired reads 874098 ...
[M::mem_process_seqs] Processed 1001 reads in 1.082 CPU sec, 0.143 real sec
[M::mem_process_seqs] Processed 1001 reads in 1.031 CPU sec, 0.152 real sec
[M::mem_process_seqs] Processed 1001 reads in 1.197 CPU sec, 0.152 real sec
[M::mem_process_seqs] Processed 1001 reads in 1.121 CPU sec, 0.162 real sec
330983 [main] INFO main.java.edu.mit.compbio.bisulfitehic.mapping.Bhmem  - Processing reads 881000 ...
330984 [main] INFO main.java.edu.mit.compbio.bisulfitehic.mapping.Bhmem  - Unique mapped and paired reads 876088 ...
330986 [main] INFO main.java.edu.mit.compbio.bisulfitehic.mapping.Bhmem  - Processing reads 882000 ...
330986 [main] INFO main.java.edu.mit.compbio.bisulfitehic.mapping.Bhmem  - Unique mapped and paired reads 876088 ...
[M::mem_process_seqs] Processed 1001 reads in 0.978 CPU sec, 0.127 real sec
[M::mem_process_seqs] Processed 1001 reads in 0.909 CPU sec, 0.133 real sec
[M::mem_process_seqs] Processed 1001 reads in 1.052 CPU sec, 0.134 real sec
[M::mem_process_seqs] Processed 1001 reads in 1.031 CPU sec, 0.150 real sec
331648 [main] INFO main.java.edu.mit.compbio.bisulfitehic.mapping.Bhmem  - Processing reads 883000 ...
331648 [main] INFO main.java.edu.mit.compbio.bisulfitehic.mapping.Bhmem  - Unique mapped and paired reads 878074 ...
331651 [main] INFO main.java.edu.mit.compbio.bisulfitehic.mapping.Bhmem  - Processing reads 884000 ...
331651 [main] INFO main.java.edu.mit.compbio.bisulfitehic.mapping.Bhmem  - Unique mapped and paired reads 878074 ...
[M::mem_process_seqs] Processed 1001 reads in 0.973 CPU sec, 0.129 real sec
[M::mem_process_seqs] Processed 1001 reads in 0.873 CPU sec, 0.130 real sec
[M::mem_process_seqs] Processed 1001 reads in 1.110 CPU sec, 0.161 real sec
[M::mem_process_seqs] Processed 1001 reads in 1.100 CPU sec, 0.143 real sec
332339 [main] INFO main.java.edu.mit.compbio.bisulfitehic.mapping.Bhmem  - Processing reads 885000 ...
332339 [main] INFO main.java.edu.mit.compbio.bisulfitehic.mapping.Bhmem  - Unique mapped and paired reads 880066 ...
332342 [main] INFO main.java.edu.mit.compbio.bisulfitehic.mapping.Bhmem  - Processing reads 886000 ...
332342 [main] INFO main.java.edu.mit.compbio.bisulfitehic.mapping.Bhmem  - Unique mapped and paired reads 880066 ...
[M::mem_process_seqs] Processed 1001 reads in 1.048 CPU sec, 0.134 real sec
[M::mem_process_seqs] Processed 1001 reads in 1.041 CPU sec, 0.161 real sec
[M::mem_process_seqs] Processed 1001 reads in 1.230 CPU sec, 0.185 real sec
[M::mem_process_seqs] Processed 1001 reads in 1.182 CPU sec, 0.171 real sec
333112 [main] INFO main.java.edu.mit.compbio.bisulfitehic.mapping.Bhmem  - Processing reads 887000 ...
333112 [main] INFO main.java.edu.mit.compbio.bisulfitehic.mapping.Bhmem  - Unique mapped and paired reads 882060 ...
333115 [main] INFO main.java.edu.mit.compbio.bisulfitehic.mapping.Bhmem  - Processing reads 888000 ...
333115 [main] INFO main.java.edu.mit.compbio.bisulfitehic.mapping.Bhmem  - Unique mapped and paired reads 882060 ...
[M::mem_process_seqs] Processed 1001 reads in 0.973 CPU sec, 0.134 real sec
[M::mem_process_seqs] Processed 1001 reads in 0.953 CPU sec, 0.124 real sec
[M::mem_process_seqs] Processed 1001 reads in 1.024 CPU sec, 0.130 real sec
[M::mem_process_seqs] Processed 1001 reads in 1.086 CPU sec, 0.138 real sec
333758 [main] INFO main.java.edu.mit.compbio.bisulfitehic.mapping.Bhmem  - Processing reads 889000 ...
333758 [main] INFO main.java.edu.mit.compbio.bisulfitehic.mapping.Bhmem  - Unique mapped and paired reads 884056 ...
333761 [main] INFO main.java.edu.mit.compbio.bisulfitehic.mapping.Bhmem  - Processing reads 890000 ...
333761 [main] INFO main.java.edu.mit.compbio.bisulfitehic.mapping.Bhmem  - Unique mapped and paired reads 884056 ...
[M::mem_process_seqs] Processed 1001 reads in 0.983 CPU sec, 0.130 real sec
[M::mem_process_seqs] Processed 1001 reads in 0.882 CPU sec, 0.113 real sec
[M::mem_process_seqs] Processed 1001 reads in 0.992 CPU sec, 0.126 real sec
[M::mem_process_seqs] Processed 1001 reads in 1.042 CPU sec, 0.135 real sec
334386 [main] INFO main.java.edu.mit.compbio.bisulfitehic.mapping.Bhmem  - Processing reads 891000 ...
334386 [main] INFO main.java.edu.mit.compbio.bisulfitehic.mapping.Bhmem  - Unique mapped and paired reads 886048 ...
334389 [main] INFO main.java.edu.mit.compbio.bisulfitehic.mapping.Bhmem  - Processing reads 892000 ...
334389 [main] INFO main.java.edu.mit.compbio.bisulfitehic.mapping.Bhmem  - Unique mapped and paired reads 886048 ...
[M::mem_process_seqs] Processed 1001 reads in 0.904 CPU sec, 0.131 real sec
[M::mem_process_seqs] Processed 1001 reads in 0.906 CPU sec, 0.131 real sec
[M::mem_process_seqs] Processed 1001 reads in 0.935 CPU sec, 0.118 real sec
[M::mem_process_seqs] Processed 1001 reads in 1.014 CPU sec, 0.130 real sec
335015 [main] INFO main.java.edu.mit.compbio.bisulfitehic.mapping.Bhmem  - Processing reads 893000 ...
335015 [main] INFO main.java.edu.mit.compbio.bisulfitehic.mapping.Bhmem  - Unique mapped and paired reads 888042 ...
335019 [main] INFO main.java.edu.mit.compbio.bisulfitehic.mapping.Bhmem  - Processing reads 894000 ...
335019 [main] INFO main.java.edu.mit.compbio.bisulfitehic.mapping.Bhmem  - Unique mapped and paired reads 888042 ...
[M::mem_process_seqs] Processed 1001 reads in 0.985 CPU sec, 0.139 real sec
[M::mem_process_seqs] Processed 1001 reads in 0.934 CPU sec, 0.124 real sec
[M::mem_process_seqs] Processed 1001 reads in 1.046 CPU sec, 0.140 real sec
[M::mem_process_seqs] Processed 1001 reads in 1.107 CPU sec, 0.139 real sec
335684 [main] INFO main.java.edu.mit.compbio.bisulfitehic.mapping.Bhmem  - Processing reads 895000 ...
335684 [main] INFO main.java.edu.mit.compbio.bisulfitehic.mapping.Bhmem  - Unique mapped and paired reads 890038 ...
335687 [main] INFO main.java.edu.mit.compbio.bisulfitehic.mapping.Bhmem  - Processing reads 896000 ...
335687 [main] INFO main.java.edu.mit.compbio.bisulfitehic.mapping.Bhmem  - Unique mapped and paired reads 890038 ...
[M::mem_process_seqs] Processed 1001 reads in 0.996 CPU sec, 0.131 real sec
[M::mem_process_seqs] Processed 1001 reads in 0.838 CPU sec, 0.108 real sec
[M::mem_process_seqs] Processed 1001 reads in 1.026 CPU sec, 0.153 real sec
[M::mem_process_seqs] Processed 1001 reads in 1.050 CPU sec, 0.135 real sec
336332 [main] INFO main.java.edu.mit.compbio.bisulfitehic.mapping.Bhmem  - Processing reads 897000 ...
336332 [main] INFO main.java.edu.mit.compbio.bisulfitehic.mapping.Bhmem  - Unique mapped and paired reads 892032 ...
336335 [main] INFO main.java.edu.mit.compbio.bisulfitehic.mapping.Bhmem  - Processing reads 898000 ...
336335 [main] INFO main.java.edu.mit.compbio.bisulfitehic.mapping.Bhmem  - Unique mapped and paired reads 892032 ...
[M::mem_process_seqs] Processed 1001 reads in 1.078 CPU sec, 1.033 real sec
[M::mem_process_seqs] Processed 1001 reads in 1.077 CPU sec, 0.162 real sec
[M::mem_process_seqs] Processed 1001 reads in 1.154 CPU sec, 0.149 real sec
[M::mem_process_seqs] Processed 1001 reads in 1.205 CPU sec, 0.154 real sec
337964 [main] INFO main.java.edu.mit.compbio.bisulfitehic.mapping.Bhmem  - Processing reads 899000 ...
337964 [main] INFO main.java.edu.mit.compbio.bisulfitehic.mapping.Bhmem  - Unique mapped and paired reads 894016 ...
337967 [main] INFO main.java.edu.mit.compbio.bisulfitehic.mapping.Bhmem  - Processing reads 900000 ...
337967 [main] INFO main.java.edu.mit.compbio.bisulfitehic.mapping.Bhmem  - Unique mapped and paired reads 894016 ...
[M::mem_process_seqs] Processed 1001 reads in 1.046 CPU sec, 0.158 real sec
[M::mem_process_seqs] Processed 1001 reads in 1.083 CPU sec, 0.166 real sec
[M::mem_process_seqs] Processed 1001 reads in 1.227 CPU sec, 0.563 real sec
[M::mem_process_seqs] Processed 1001 reads in 1.287 CPU sec, 0.170 real sec
339155 [main] INFO main.java.edu.mit.compbio.bisulfitehic.mapping.Bhmem  - Processing reads 901000 ...
339156 [main] INFO main.java.edu.mit.compbio.bisulfitehic.mapping.Bhmem  - Unique mapped and paired reads 896002 ...
339158 [main] INFO main.java.edu.mit.compbio.bisulfitehic.mapping.Bhmem  - Processing reads 902000 ...
339159 [main] INFO main.java.edu.mit.compbio.bisulfitehic.mapping.Bhmem  - Unique mapped and paired reads 896002 ...
[M::mem_process_seqs] Processed 1001 reads in 1.048 CPU sec, 0.134 real sec
[M::mem_process_seqs] Processed 1001 reads in 1.038 CPU sec, 0.431 real sec
[M::mem_process_seqs] Processed 1001 reads in 1.153 CPU sec, 0.156 real sec
[M::mem_process_seqs] Processed 1001 reads in 1.140 CPU sec, 0.145 real sec
340144 [main] INFO main.java.edu.mit.compbio.bisulfitehic.mapping.Bhmem  - Processing reads 903000 ...
340144 [main] INFO main.java.edu.mit.compbio.bisulfitehic.mapping.Bhmem  - Unique mapped and paired reads 897998 ...
340147 [main] INFO main.java.edu.mit.compbio.bisulfitehic.mapping.Bhmem  - Processing reads 904000 ...
340147 [main] INFO main.java.edu.mit.compbio.bisulfitehic.mapping.Bhmem  - Unique mapped and paired reads 897998 ...
[M::mem_process_seqs] Processed 1001 reads in 1.030 CPU sec, 0.159 real sec
[M::mem_process_seqs] Processed 1001 reads in 0.930 CPU sec, 0.134 real sec
[M::mem_process_seqs] Processed 1001 reads in 1.147 CPU sec, 0.154 real sec
[M::mem_process_seqs] Processed 1001 reads in 1.162 CPU sec, 0.150 real sec
340871 [main] INFO main.java.edu.mit.compbio.bisulfitehic.mapping.Bhmem  - Processing reads 905000 ...
340871 [main] INFO main.java.edu.mit.compbio.bisulfitehic.mapping.Bhmem  - Unique mapped and paired reads 899986 ...
340874 [main] INFO main.java.edu.mit.compbio.bisulfitehic.mapping.Bhmem  - Processing reads 906000 ...
340874 [main] INFO main.java.edu.mit.compbio.bisulfitehic.mapping.Bhmem  - Unique mapped and paired reads 899986 ...
[M::mem_process_seqs] Processed 1001 reads in 1.138 CPU sec, 0.155 real sec
[M::mem_process_seqs] Processed 1001 reads in 1.154 CPU sec, 0.250 real sec
[M::mem_process_seqs] Processed 1001 reads in 1.159 CPU sec, 0.147 real sec
[M::mem_process_seqs] Processed 1001 reads in 1.083 CPU sec, 0.160 real sec
341716 [main] INFO main.java.edu.mit.compbio.bisulfitehic.mapping.Bhmem  - Processing reads 907000 ...
341716 [main] INFO main.java.edu.mit.compbio.bisulfitehic.mapping.Bhmem  - Unique mapped and paired reads 901984 ...
341719 [main] INFO main.java.edu.mit.compbio.bisulfitehic.mapping.Bhmem  - Processing reads 908000 ...
341719 [main] INFO main.java.edu.mit.compbio.bisulfitehic.mapping.Bhmem  - Unique mapped and paired reads 901984 ...
[M::mem_process_seqs] Processed 1001 reads in 1.090 CPU sec, 0.191 real sec
[M::mem_process_seqs] Processed 1001 reads in 1.074 CPU sec, 0.189 real sec
[M::mem_process_seqs] Processed 1001 reads in 1.272 CPU sec, 0.256 real sec
[M::mem_process_seqs] Processed 1001 reads in 1.141 CPU sec, 0.169 real sec
342653 [main] INFO main.java.edu.mit.compbio.bisulfitehic.mapping.Bhmem  - Processing reads 909000 ...
342653 [main] INFO main.java.edu.mit.compbio.bisulfitehic.mapping.Bhmem  - Unique mapped and paired reads 903974 ...
342656 [main] INFO main.java.edu.mit.compbio.bisulfitehic.mapping.Bhmem  - Processing reads 910000 ...
342656 [main] INFO main.java.edu.mit.compbio.bisulfitehic.mapping.Bhmem  - Unique mapped and paired reads 903974 ...
[M::mem_process_seqs] Processed 1001 reads in 0.959 CPU sec, 0.146 real sec
[M::mem_process_seqs] Processed 1001 reads in 0.918 CPU sec, 0.151 real sec
[M::mem_process_seqs] Processed 1001 reads in 1.166 CPU sec, 0.170 real sec
[M::mem_process_seqs] Processed 1001 reads in 1.016 CPU sec, 0.149 real sec
343394 [main] INFO main.java.edu.mit.compbio.bisulfitehic.mapping.Bhmem  - Processing reads 911000 ...
343394 [main] INFO main.java.edu.mit.compbio.bisulfitehic.mapping.Bhmem  - Unique mapped and paired reads 905962 ...
343397 [main] INFO main.java.edu.mit.compbio.bisulfitehic.mapping.Bhmem  - Processing reads 912000 ...
343397 [main] INFO main.java.edu.mit.compbio.bisulfitehic.mapping.Bhmem  - Unique mapped and paired reads 905962 ...
[M::mem_process_seqs] Processed 1001 reads in 0.992 CPU sec, 0.144 real sec
[M::mem_process_seqs] Processed 1001 reads in 0.982 CPU sec, 0.149 real sec
[M::mem_process_seqs] Processed 1001 reads in 1.048 CPU sec, 0.166 real sec
[M::mem_process_seqs] Processed 1001 reads in 1.046 CPU sec, 0.146 real sec
344124 [main] INFO main.java.edu.mit.compbio.bisulfitehic.mapping.Bhmem  - Processing reads 913000 ...
344124 [main] INFO main.java.edu.mit.compbio.bisulfitehic.mapping.Bhmem  - Unique mapped and paired reads 907954 ...
344127 [main] INFO main.java.edu.mit.compbio.bisulfitehic.mapping.Bhmem  - Processing reads 914000 ...
344127 [main] INFO main.java.edu.mit.compbio.bisulfitehic.mapping.Bhmem  - Unique mapped and paired reads 907954 ...
[M::mem_process_seqs] Processed 1001 reads in 1.051 CPU sec, 0.134 real sec
[M::mem_process_seqs] Processed 1001 reads in 0.951 CPU sec, 0.143 real sec
[M::mem_process_seqs] Processed 1001 reads in 1.154 CPU sec, 0.375 real sec
[M::mem_process_seqs] Processed 1001 reads in 1.063 CPU sec, 0.136 real sec
345030 [main] INFO main.java.edu.mit.compbio.bisulfitehic.mapping.Bhmem  - Processing reads 915000 ...
345030 [main] INFO main.java.edu.mit.compbio.bisulfitehic.mapping.Bhmem  - Unique mapped and paired reads 909946 ...
345033 [main] INFO main.java.edu.mit.compbio.bisulfitehic.mapping.Bhmem  - Processing reads 916000 ...
345033 [main] INFO main.java.edu.mit.compbio.bisulfitehic.mapping.Bhmem  - Unique mapped and paired reads 909946 ...
[M::mem_process_seqs] Processed 1001 reads in 1.020 CPU sec, 0.171 real sec
[M::mem_process_seqs] Processed 1001 reads in 0.896 CPU sec, 0.124 real sec
[M::mem_process_seqs] Processed 1001 reads in 1.003 CPU sec, 0.144 real sec
[M::mem_process_seqs] Processed 1001 reads in 0.964 CPU sec, 0.145 real sec
345742 [main] INFO main.java.edu.mit.compbio.bisulfitehic.mapping.Bhmem  - Processing reads 917000 ...
345742 [main] INFO main.java.edu.mit.compbio.bisulfitehic.mapping.Bhmem  - Unique mapped and paired reads 911934 ...
345745 [main] INFO main.java.edu.mit.compbio.bisulfitehic.mapping.Bhmem  - Processing reads 918000 ...
345745 [main] INFO main.java.edu.mit.compbio.bisulfitehic.mapping.Bhmem  - Unique mapped and paired reads 911934 ...
[M::mem_process_seqs] Processed 1001 reads in 1.020 CPU sec, 0.151 real sec
[M::mem_process_seqs] Processed 1001 reads in 0.991 CPU sec, 0.153 real sec
[M::mem_process_seqs] Processed 1001 reads in 0.974 CPU sec, 0.142 real sec
[M::mem_process_seqs] Processed 1001 reads in 0.967 CPU sec, 0.152 real sec
346471 [main] INFO main.java.edu.mit.compbio.bisulfitehic.mapping.Bhmem  - Processing reads 919000 ...
346471 [main] INFO main.java.edu.mit.compbio.bisulfitehic.mapping.Bhmem  - Unique mapped and paired reads 913930 ...
346474 [main] INFO main.java.edu.mit.compbio.bisulfitehic.mapping.Bhmem  - Processing reads 920000 ...
346474 [main] INFO main.java.edu.mit.compbio.bisulfitehic.mapping.Bhmem  - Unique mapped and paired reads 913930 ...
[M::mem_process_seqs] Processed 1001 reads in 1.166 CPU sec, 0.203 real sec
[M::mem_process_seqs] Processed 1001 reads in 1.312 CPU sec, 0.305 real sec
[M::mem_process_seqs] Processed 1001 reads in 0.927 CPU sec, 0.134 real sec
[M::mem_process_seqs] Processed 1001 reads in 0.977 CPU sec, 0.143 real sec
347378 [main] INFO main.java.edu.mit.compbio.bisulfitehic.mapping.Bhmem  - Processing reads 921000 ...
347378 [main] INFO main.java.edu.mit.compbio.bisulfitehic.mapping.Bhmem  - Unique mapped and paired reads 915922 ...
347381 [main] INFO main.java.edu.mit.compbio.bisulfitehic.mapping.Bhmem  - Processing reads 922000 ...
347381 [main] INFO main.java.edu.mit.compbio.bisulfitehic.mapping.Bhmem  - Unique mapped and paired reads 915922 ...
[M::mem_process_seqs] Processed 1001 reads in 0.951 CPU sec, 0.137 real sec
[M::mem_process_seqs] Processed 1001 reads in 0.949 CPU sec, 0.139 real sec
[M::mem_process_seqs] Processed 1001 reads in 1.037 CPU sec, 0.153 real sec
[M::mem_process_seqs] Processed 1001 reads in 1.009 CPU sec, 0.153 real sec
348081 [main] INFO main.java.edu.mit.compbio.bisulfitehic.mapping.Bhmem  - Processing reads 923000 ...
348081 [main] INFO main.java.edu.mit.compbio.bisulfitehic.mapping.Bhmem  - Unique mapped and paired reads 917912 ...
348084 [main] INFO main.java.edu.mit.compbio.bisulfitehic.mapping.Bhmem  - Processing reads 924000 ...
348084 [main] INFO main.java.edu.mit.compbio.bisulfitehic.mapping.Bhmem  - Unique mapped and paired reads 917912 ...
[M::mem_process_seqs] Processed 1001 reads in 1.040 CPU sec, 0.151 real sec
[M::mem_process_seqs] Processed 1001 reads in 0.949 CPU sec, 0.144 real sec
[M::mem_process_seqs] Processed 1001 reads in 1.068 CPU sec, 0.155 real sec
[M::mem_process_seqs] Processed 1001 reads in 0.958 CPU sec, 0.142 real sec
348797 [main] INFO main.java.edu.mit.compbio.bisulfitehic.mapping.Bhmem  - Processing reads 925000 ...
348797 [main] INFO main.java.edu.mit.compbio.bisulfitehic.mapping.Bhmem  - Unique mapped and paired reads 919904 ...
348800 [main] INFO main.java.edu.mit.compbio.bisulfitehic.mapping.Bhmem  - Processing reads 926000 ...
348800 [main] INFO main.java.edu.mit.compbio.bisulfitehic.mapping.Bhmem  - Unique mapped and paired reads 919904 ...
[M::mem_process_seqs] Processed 1001 reads in 1.062 CPU sec, 0.156 real sec
[M::mem_process_seqs] Processed 1001 reads in 0.983 CPU sec, 0.150 real sec
[M::mem_process_seqs] Processed 1001 reads in 1.177 CPU sec, 0.181 real sec
[M::mem_process_seqs] Processed 1001 reads in 1.158 CPU sec, 0.169 real sec
349598 [main] INFO main.java.edu.mit.compbio.bisulfitehic.mapping.Bhmem  - Processing reads 927000 ...
349598 [main] INFO main.java.edu.mit.compbio.bisulfitehic.mapping.Bhmem  - Unique mapped and paired reads 921902 ...
349601 [main] INFO main.java.edu.mit.compbio.bisulfitehic.mapping.Bhmem  - Processing reads 928000 ...
349601 [main] INFO main.java.edu.mit.compbio.bisulfitehic.mapping.Bhmem  - Unique mapped and paired reads 921902 ...
[M::mem_process_seqs] Processed 1001 reads in 0.958 CPU sec, 0.140 real sec
[M::mem_process_seqs] Processed 1001 reads in 1.089 CPU sec, 0.172 real sec
[M::mem_process_seqs] Processed 1001 reads in 1.062 CPU sec, 0.135 real sec
[M::mem_process_seqs] Processed 1001 reads in 1.047 CPU sec, 0.151 real sec
350320 [main] INFO main.java.edu.mit.compbio.bisulfitehic.mapping.Bhmem  - Processing reads 929000 ...
350320 [main] INFO main.java.edu.mit.compbio.bisulfitehic.mapping.Bhmem  - Unique mapped and paired reads 923896 ...
350323 [main] INFO main.java.edu.mit.compbio.bisulfitehic.mapping.Bhmem  - Processing reads 930000 ...
350323 [main] INFO main.java.edu.mit.compbio.bisulfitehic.mapping.Bhmem  - Unique mapped and paired reads 923896 ...
[M::mem_process_seqs] Processed 1001 reads in 1.008 CPU sec, 0.134 real sec
[M::mem_process_seqs] Processed 1001 reads in 0.978 CPU sec, 0.145 real sec
[M::mem_process_seqs] Processed 1001 reads in 1.113 CPU sec, 0.167 real sec
[M::mem_process_seqs] Processed 1001 reads in 1.088 CPU sec, 0.137 real sec
351027 [main] INFO main.java.edu.mit.compbio.bisulfitehic.mapping.Bhmem  - Processing reads 931000 ...
351027 [main] INFO main.java.edu.mit.compbio.bisulfitehic.mapping.Bhmem  - Unique mapped and paired reads 925892 ...
351030 [main] INFO main.java.edu.mit.compbio.bisulfitehic.mapping.Bhmem  - Processing reads 932000 ...
351030 [main] INFO main.java.edu.mit.compbio.bisulfitehic.mapping.Bhmem  - Unique mapped and paired reads 925892 ...
[M::mem_process_seqs] Processed 1001 reads in 1.036 CPU sec, 0.135 real sec
[M::mem_process_seqs] Processed 1001 reads in 1.030 CPU sec, 0.135 real sec
[M::mem_process_seqs] Processed 1001 reads in 0.993 CPU sec, 0.149 real sec
[M::mem_process_seqs] Processed 1001 reads in 1.024 CPU sec, 0.151 real sec
351723 [main] INFO main.java.edu.mit.compbio.bisulfitehic.mapping.Bhmem  - Processing reads 933000 ...
351723 [main] INFO main.java.edu.mit.compbio.bisulfitehic.mapping.Bhmem  - Unique mapped and paired reads 927890 ...
351726 [main] INFO main.java.edu.mit.compbio.bisulfitehic.mapping.Bhmem  - Processing reads 934000 ...
351726 [main] INFO main.java.edu.mit.compbio.bisulfitehic.mapping.Bhmem  - Unique mapped and paired reads 927890 ...
[M::mem_process_seqs] Processed 1001 reads in 0.980 CPU sec, 0.130 real sec
[M::mem_process_seqs] Processed 1001 reads in 0.909 CPU sec, 0.132 real sec
[M::mem_process_seqs] Processed 1001 reads in 1.079 CPU sec, 0.145 real sec
[M::mem_process_seqs] Processed 1001 reads in 0.999 CPU sec, 0.155 real sec
352413 [main] INFO main.java.edu.mit.compbio.bisulfitehic.mapping.Bhmem  - Processing reads 935000 ...
352413 [main] INFO main.java.edu.mit.compbio.bisulfitehic.mapping.Bhmem  - Unique mapped and paired reads 929878 ...
352416 [main] INFO main.java.edu.mit.compbio.bisulfitehic.mapping.Bhmem  - Processing reads 936000 ...
352416 [main] INFO main.java.edu.mit.compbio.bisulfitehic.mapping.Bhmem  - Unique mapped and paired reads 929878 ...
[M::mem_process_seqs] Processed 1001 reads in 0.983 CPU sec, 0.144 real sec
[M::mem_process_seqs] Processed 1001 reads in 0.969 CPU sec, 0.140 real sec
[M::mem_process_seqs] Processed 1001 reads in 1.128 CPU sec, 0.146 real sec
[M::mem_process_seqs] Processed 1001 reads in 1.132 CPU sec, 0.168 real sec
353135 [main] INFO main.java.edu.mit.compbio.bisulfitehic.mapping.Bhmem  - Processing reads 937000 ...
353135 [main] INFO main.java.edu.mit.compbio.bisulfitehic.mapping.Bhmem  - Unique mapped and paired reads 931872 ...
353138 [main] INFO main.java.edu.mit.compbio.bisulfitehic.mapping.Bhmem  - Processing reads 938000 ...
353138 [main] INFO main.java.edu.mit.compbio.bisulfitehic.mapping.Bhmem  - Unique mapped and paired reads 931872 ...
[M::mem_process_seqs] Processed 1001 reads in 1.069 CPU sec, 0.162 real sec
[M::mem_process_seqs] Processed 1001 reads in 1.038 CPU sec, 0.136 real sec
[M::mem_process_seqs] Processed 1001 reads in 1.034 CPU sec, 0.150 real sec
[M::mem_process_seqs] Processed 1001 reads in 1.038 CPU sec, 0.145 real sec
353854 [main] INFO main.java.edu.mit.compbio.bisulfitehic.mapping.Bhmem  - Processing reads 939000 ...
353854 [main] INFO main.java.edu.mit.compbio.bisulfitehic.mapping.Bhmem  - Unique mapped and paired reads 933858 ...
353857 [main] INFO main.java.edu.mit.compbio.bisulfitehic.mapping.Bhmem  - Processing reads 940000 ...
353857 [main] INFO main.java.edu.mit.compbio.bisulfitehic.mapping.Bhmem  - Unique mapped and paired reads 933858 ...
[M::mem_process_seqs] Processed 1001 reads in 1.225 CPU sec, 0.179 real sec
[M::mem_process_seqs] Processed 1001 reads in 1.146 CPU sec, 0.146 real sec
[M::mem_process_seqs] Processed 1001 reads in 1.080 CPU sec, 0.157 real sec
[M::mem_process_seqs] Processed 1001 reads in 1.041 CPU sec, 0.147 real sec
354606 [main] INFO main.java.edu.mit.compbio.bisulfitehic.mapping.Bhmem  - Processing reads 941000 ...
354606 [main] INFO main.java.edu.mit.compbio.bisulfitehic.mapping.Bhmem  - Unique mapped and paired reads 935852 ...
354609 [main] INFO main.java.edu.mit.compbio.bisulfitehic.mapping.Bhmem  - Processing reads 942000 ...
354609 [main] INFO main.java.edu.mit.compbio.bisulfitehic.mapping.Bhmem  - Unique mapped and paired reads 935852 ...
[M::mem_process_seqs] Processed 1001 reads in 0.965 CPU sec, 0.135 real sec
[M::mem_process_seqs] Processed 1001 reads in 0.866 CPU sec, 0.111 real sec
[M::mem_process_seqs] Processed 1001 reads in 0.971 CPU sec, 0.143 real sec
[M::mem_process_seqs] Processed 1001 reads in 0.953 CPU sec, 0.137 real sec
355249 [main] INFO main.java.edu.mit.compbio.bisulfitehic.mapping.Bhmem  - Processing reads 943000 ...
355249 [main] INFO main.java.edu.mit.compbio.bisulfitehic.mapping.Bhmem  - Unique mapped and paired reads 937840 ...
355252 [main] INFO main.java.edu.mit.compbio.bisulfitehic.mapping.Bhmem  - Processing reads 944000 ...
355252 [main] INFO main.java.edu.mit.compbio.bisulfitehic.mapping.Bhmem  - Unique mapped and paired reads 937840 ...
[M::mem_process_seqs] Processed 1001 reads in 0.940 CPU sec, 0.142 real sec
[M::mem_process_seqs] Processed 1001 reads in 0.973 CPU sec, 0.128 real sec
[M::mem_process_seqs] Processed 1001 reads in 1.009 CPU sec, 0.147 real sec
[M::mem_process_seqs] Processed 1001 reads in 0.983 CPU sec, 0.150 real sec
355940 [main] INFO main.java.edu.mit.compbio.bisulfitehic.mapping.Bhmem  - Processing reads 945000 ...
355940 [main] INFO main.java.edu.mit.compbio.bisulfitehic.mapping.Bhmem  - Unique mapped and paired reads 939826 ...
355943 [main] INFO main.java.edu.mit.compbio.bisulfitehic.mapping.Bhmem  - Processing reads 946000 ...
355943 [main] INFO main.java.edu.mit.compbio.bisulfitehic.mapping.Bhmem  - Unique mapped and paired reads 939826 ...
[M::mem_process_seqs] Processed 1001 reads in 0.977 CPU sec, 0.138 real sec
[M::mem_process_seqs] Processed 1001 reads in 0.974 CPU sec, 0.125 real sec
[M::mem_process_seqs] Processed 1001 reads in 0.992 CPU sec, 0.143 real sec
[M::mem_process_seqs] Processed 1001 reads in 1.112 CPU sec, 0.147 real sec
356617 [main] INFO main.java.edu.mit.compbio.bisulfitehic.mapping.Bhmem  - Processing reads 947000 ...
356617 [main] INFO main.java.edu.mit.compbio.bisulfitehic.mapping.Bhmem  - Unique mapped and paired reads 941818 ...
356620 [main] INFO main.java.edu.mit.compbio.bisulfitehic.mapping.Bhmem  - Processing reads 948000 ...
356620 [main] INFO main.java.edu.mit.compbio.bisulfitehic.mapping.Bhmem  - Unique mapped and paired reads 941818 ...
[M::mem_process_seqs] Processed 1001 reads in 0.926 CPU sec, 0.137 real sec
[M::mem_process_seqs] Processed 1001 reads in 0.861 CPU sec, 0.154 real sec
[M::mem_process_seqs] Processed 1001 reads in 1.122 CPU sec, 0.163 real sec
[M::mem_process_seqs] Processed 1001 reads in 0.961 CPU sec, 0.141 real sec
357338 [main] INFO main.java.edu.mit.compbio.bisulfitehic.mapping.Bhmem  - Processing reads 949000 ...
357338 [main] INFO main.java.edu.mit.compbio.bisulfitehic.mapping.Bhmem  - Unique mapped and paired reads 943812 ...
357341 [main] INFO main.java.edu.mit.compbio.bisulfitehic.mapping.Bhmem  - Processing reads 950000 ...
357341 [main] INFO main.java.edu.mit.compbio.bisulfitehic.mapping.Bhmem  - Unique mapped and paired reads 943812 ...
[M::mem_process_seqs] Processed 1001 reads in 0.965 CPU sec, 0.129 real sec
[M::mem_process_seqs] Processed 1001 reads in 0.972 CPU sec, 0.141 real sec
[M::mem_process_seqs] Processed 1001 reads in 0.991 CPU sec, 0.142 real sec
[M::mem_process_seqs] Processed 1001 reads in 0.993 CPU sec, 0.145 real sec
358017 [main] INFO main.java.edu.mit.compbio.bisulfitehic.mapping.Bhmem  - Processing reads 951000 ...
358017 [main] INFO main.java.edu.mit.compbio.bisulfitehic.mapping.Bhmem  - Unique mapped and paired reads 945784 ...
358020 [main] INFO main.java.edu.mit.compbio.bisulfitehic.mapping.Bhmem  - Processing reads 952000 ...
358020 [main] INFO main.java.edu.mit.compbio.bisulfitehic.mapping.Bhmem  - Unique mapped and paired reads 945784 ...
[M::mem_process_seqs] Processed 1001 reads in 1.017 CPU sec, 0.136 real sec
[M::mem_process_seqs] Processed 1001 reads in 0.914 CPU sec, 0.132 real sec
[M::mem_process_seqs] Processed 1001 reads in 1.059 CPU sec, 0.152 real sec
[M::mem_process_seqs] Processed 1001 reads in 1.067 CPU sec, 0.156 real sec
358718 [main] INFO main.java.edu.mit.compbio.bisulfitehic.mapping.Bhmem  - Processing reads 953000 ...
358718 [main] INFO main.java.edu.mit.compbio.bisulfitehic.mapping.Bhmem  - Unique mapped and paired reads 947774 ...
358721 [main] INFO main.java.edu.mit.compbio.bisulfitehic.mapping.Bhmem  - Processing reads 954000 ...
358721 [main] INFO main.java.edu.mit.compbio.bisulfitehic.mapping.Bhmem  - Unique mapped and paired reads 947774 ...
[M::mem_process_seqs] Processed 1001 reads in 0.926 CPU sec, 0.135 real sec
[M::mem_process_seqs] Processed 1001 reads in 0.898 CPU sec, 0.130 real sec
[M::mem_process_seqs] Processed 1001 reads in 1.009 CPU sec, 0.147 real sec
[M::mem_process_seqs] Processed 1001 reads in 0.997 CPU sec, 0.150 real sec
359400 [main] INFO main.java.edu.mit.compbio.bisulfitehic.mapping.Bhmem  - Processing reads 955000 ...
359400 [main] INFO main.java.edu.mit.compbio.bisulfitehic.mapping.Bhmem  - Unique mapped and paired reads 949758 ...
359403 [main] INFO main.java.edu.mit.compbio.bisulfitehic.mapping.Bhmem  - Processing reads 956000 ...
359403 [main] INFO main.java.edu.mit.compbio.bisulfitehic.mapping.Bhmem  - Unique mapped and paired reads 949758 ...
[M::mem_process_seqs] Processed 1001 reads in 1.078 CPU sec, 0.160 real sec
[M::mem_process_seqs] Processed 1001 reads in 0.969 CPU sec, 0.124 real sec
[M::mem_process_seqs] Processed 1001 reads in 1.026 CPU sec, 0.153 real sec
[M::mem_process_seqs] Processed 1001 reads in 1.139 CPU sec, 0.146 real sec
360155 [main] INFO main.java.edu.mit.compbio.bisulfitehic.mapping.Bhmem  - Processing reads 957000 ...
360155 [main] INFO main.java.edu.mit.compbio.bisulfitehic.mapping.Bhmem  - Unique mapped and paired reads 951752 ...
360158 [main] INFO main.java.edu.mit.compbio.bisulfitehic.mapping.Bhmem  - Processing reads 958000 ...
360158 [main] INFO main.java.edu.mit.compbio.bisulfitehic.mapping.Bhmem  - Unique mapped and paired reads 951752 ...
[M::mem_process_seqs] Processed 1001 reads in 0.950 CPU sec, 0.137 real sec
[M::mem_process_seqs] Processed 1001 reads in 0.991 CPU sec, 0.148 real sec
[M::mem_process_seqs] Processed 1001 reads in 1.198 CPU sec, 0.186 real sec
[M::mem_process_seqs] Processed 1001 reads in 1.121 CPU sec, 0.143 real sec
360985 [main] INFO main.java.edu.mit.compbio.bisulfitehic.mapping.Bhmem  - Processing reads 959000 ...
360985 [main] INFO main.java.edu.mit.compbio.bisulfitehic.mapping.Bhmem  - Unique mapped and paired reads 953736 ...
360988 [main] INFO main.java.edu.mit.compbio.bisulfitehic.mapping.Bhmem  - Processing reads 960000 ...
360988 [main] INFO main.java.edu.mit.compbio.bisulfitehic.mapping.Bhmem  - Unique mapped and paired reads 953736 ...
[M::mem_process_seqs] Processed 1001 reads in 1.083 CPU sec, 0.160 real sec
[M::mem_process_seqs] Processed 1001 reads in 0.953 CPU sec, 0.145 real sec
[M::mem_process_seqs] Processed 1001 reads in 1.167 CPU sec, 0.166 real sec
[M::mem_process_seqs] Processed 1001 reads in 1.084 CPU sec, 0.138 real sec
361718 [main] INFO main.java.edu.mit.compbio.bisulfitehic.mapping.Bhmem  - Processing reads 961000 ...
361718 [main] INFO main.java.edu.mit.compbio.bisulfitehic.mapping.Bhmem  - Unique mapped and paired reads 955724 ...
361721 [main] INFO main.java.edu.mit.compbio.bisulfitehic.mapping.Bhmem  - Processing reads 962000 ...
361721 [main] INFO main.java.edu.mit.compbio.bisulfitehic.mapping.Bhmem  - Unique mapped and paired reads 955724 ...
[M::mem_process_seqs] Processed 1001 reads in 1.056 CPU sec, 0.143 real sec
[M::mem_process_seqs] Processed 1001 reads in 1.045 CPU sec, 0.159 real sec
[M::mem_process_seqs] Processed 1001 reads in 1.124 CPU sec, 0.167 real sec
[M::mem_process_seqs] Processed 1001 reads in 1.155 CPU sec, 0.147 real sec
362463 [main] INFO main.java.edu.mit.compbio.bisulfitehic.mapping.Bhmem  - Processing reads 963000 ...
362463 [main] INFO main.java.edu.mit.compbio.bisulfitehic.mapping.Bhmem  - Unique mapped and paired reads 957716 ...
362466 [main] INFO main.java.edu.mit.compbio.bisulfitehic.mapping.Bhmem  - Processing reads 964000 ...
362466 [main] INFO main.java.edu.mit.compbio.bisulfitehic.mapping.Bhmem  - Unique mapped and paired reads 957716 ...
[M::mem_process_seqs] Processed 1001 reads in 0.979 CPU sec, 0.143 real sec
[M::mem_process_seqs] Processed 1001 reads in 0.959 CPU sec, 0.139 real sec
[M::mem_process_seqs] Processed 1001 reads in 0.970 CPU sec, 0.128 real sec
[M::mem_process_seqs] Processed 1001 reads in 1.059 CPU sec, 0.143 real sec
363142 [main] INFO main.java.edu.mit.compbio.bisulfitehic.mapping.Bhmem  - Processing reads 965000 ...
363142 [main] INFO main.java.edu.mit.compbio.bisulfitehic.mapping.Bhmem  - Unique mapped and paired reads 959704 ...
363145 [main] INFO main.java.edu.mit.compbio.bisulfitehic.mapping.Bhmem  - Processing reads 966000 ...
363145 [main] INFO main.java.edu.mit.compbio.bisulfitehic.mapping.Bhmem  - Unique mapped and paired reads 959704 ...
[M::mem_process_seqs] Processed 1001 reads in 0.982 CPU sec, 0.134 real sec
[M::mem_process_seqs] Processed 1001 reads in 0.910 CPU sec, 0.135 real sec
[M::mem_process_seqs] Processed 1001 reads in 1.092 CPU sec, 0.150 real sec
[M::mem_process_seqs] Processed 1001 reads in 1.099 CPU sec, 0.162 real sec
363848 [main] INFO main.java.edu.mit.compbio.bisulfitehic.mapping.Bhmem  - Processing reads 967000 ...
363848 [main] INFO main.java.edu.mit.compbio.bisulfitehic.mapping.Bhmem  - Unique mapped and paired reads 961700 ...
363851 [main] INFO main.java.edu.mit.compbio.bisulfitehic.mapping.Bhmem  - Processing reads 968000 ...
363851 [main] INFO main.java.edu.mit.compbio.bisulfitehic.mapping.Bhmem  - Unique mapped and paired reads 961700 ...
[M::mem_process_seqs] Processed 1001 reads in 0.942 CPU sec, 0.142 real sec
[M::mem_process_seqs] Processed 1001 reads in 0.941 CPU sec, 0.146 real sec
[M::mem_process_seqs] Processed 1001 reads in 1.056 CPU sec, 0.160 real sec
[M::mem_process_seqs] Processed 1001 reads in 1.130 CPU sec, 0.144 real sec
364571 [main] INFO main.java.edu.mit.compbio.bisulfitehic.mapping.Bhmem  - Processing reads 969000 ...
364571 [main] INFO main.java.edu.mit.compbio.bisulfitehic.mapping.Bhmem  - Unique mapped and paired reads 963690 ...
364574 [main] INFO main.java.edu.mit.compbio.bisulfitehic.mapping.Bhmem  - Processing reads 970000 ...
364574 [main] INFO main.java.edu.mit.compbio.bisulfitehic.mapping.Bhmem  - Unique mapped and paired reads 963690 ...
[M::mem_process_seqs] Processed 1001 reads in 1.102 CPU sec, 0.164 real sec
[M::mem_process_seqs] Processed 1001 reads in 0.954 CPU sec, 0.154 real sec
[M::mem_process_seqs] Processed 1001 reads in 1.251 CPU sec, 0.167 real sec
[M::mem_process_seqs] Processed 1001 reads in 1.149 CPU sec, 0.144 real sec
365326 [main] INFO main.java.edu.mit.compbio.bisulfitehic.mapping.Bhmem  - Processing reads 971000 ...
365326 [main] INFO main.java.edu.mit.compbio.bisulfitehic.mapping.Bhmem  - Unique mapped and paired reads 965682 ...
365329 [main] INFO main.java.edu.mit.compbio.bisulfitehic.mapping.Bhmem  - Processing reads 972000 ...
365329 [main] INFO main.java.edu.mit.compbio.bisulfitehic.mapping.Bhmem  - Unique mapped and paired reads 965682 ...
[M::mem_process_seqs] Processed 1001 reads in 1.034 CPU sec, 0.160 real sec
[M::mem_process_seqs] Processed 1001 reads in 0.996 CPU sec, 0.137 real sec
[M::mem_process_seqs] Processed 1001 reads in 1.111 CPU sec, 0.155 real sec
[M::mem_process_seqs] Processed 1001 reads in 1.047 CPU sec, 0.153 real sec
366058 [main] INFO main.java.edu.mit.compbio.bisulfitehic.mapping.Bhmem  - Processing reads 973000 ...
366058 [main] INFO main.java.edu.mit.compbio.bisulfitehic.mapping.Bhmem  - Unique mapped and paired reads 967674 ...
366061 [main] INFO main.java.edu.mit.compbio.bisulfitehic.mapping.Bhmem  - Processing reads 974000 ...
366061 [main] INFO main.java.edu.mit.compbio.bisulfitehic.mapping.Bhmem  - Unique mapped and paired reads 967674 ...
[M::mem_process_seqs] Processed 1001 reads in 1.040 CPU sec, 0.151 real sec
[M::mem_process_seqs] Processed 1001 reads in 0.993 CPU sec, 0.143 real sec
[M::mem_process_seqs] Processed 1001 reads in 1.085 CPU sec, 0.149 real sec
[M::mem_process_seqs] Processed 1001 reads in 1.192 CPU sec, 0.176 real sec
366798 [main] INFO main.java.edu.mit.compbio.bisulfitehic.mapping.Bhmem  - Processing reads 975000 ...
366798 [main] INFO main.java.edu.mit.compbio.bisulfitehic.mapping.Bhmem  - Unique mapped and paired reads 969670 ...
366801 [main] INFO main.java.edu.mit.compbio.bisulfitehic.mapping.Bhmem  - Processing reads 976000 ...
366801 [main] INFO main.java.edu.mit.compbio.bisulfitehic.mapping.Bhmem  - Unique mapped and paired reads 969670 ...
[M::mem_process_seqs] Processed 1001 reads in 1.033 CPU sec, 0.150 real sec
[M::mem_process_seqs] Processed 1001 reads in 0.955 CPU sec, 0.122 real sec
[M::mem_process_seqs] Processed 1001 reads in 1.039 CPU sec, 0.132 real sec
[M::mem_process_seqs] Processed 1001 reads in 1.052 CPU sec, 0.134 real sec
367459 [main] INFO main.java.edu.mit.compbio.bisulfitehic.mapping.Bhmem  - Processing reads 977000 ...
367459 [main] INFO main.java.edu.mit.compbio.bisulfitehic.mapping.Bhmem  - Unique mapped and paired reads 971664 ...
367462 [main] INFO main.java.edu.mit.compbio.bisulfitehic.mapping.Bhmem  - Processing reads 978000 ...
367462 [main] INFO main.java.edu.mit.compbio.bisulfitehic.mapping.Bhmem  - Unique mapped and paired reads 971664 ...
[M::mem_process_seqs] Processed 1001 reads in 1.087 CPU sec, 0.142 real sec
[M::mem_process_seqs] Processed 1001 reads in 0.953 CPU sec, 0.131 real sec
[M::mem_process_seqs] Processed 1001 reads in 1.204 CPU sec, 0.163 real sec
[M::mem_process_seqs] Processed 1001 reads in 1.116 CPU sec, 0.163 real sec
368185 [main] INFO main.java.edu.mit.compbio.bisulfitehic.mapping.Bhmem  - Processing reads 979000 ...
368185 [main] INFO main.java.edu.mit.compbio.bisulfitehic.mapping.Bhmem  - Unique mapped and paired reads 973656 ...
368188 [main] INFO main.java.edu.mit.compbio.bisulfitehic.mapping.Bhmem  - Processing reads 980000 ...
368188 [main] INFO main.java.edu.mit.compbio.bisulfitehic.mapping.Bhmem  - Unique mapped and paired reads 973656 ...
[M::mem_process_seqs] Processed 1001 reads in 1.095 CPU sec, 0.158 real sec
[M::mem_process_seqs] Processed 1001 reads in 0.925 CPU sec, 0.118 real sec
[M::mem_process_seqs] Processed 1001 reads in 1.134 CPU sec, 0.164 real sec
[M::mem_process_seqs] Processed 1001 reads in 1.122 CPU sec, 0.153 real sec
368904 [main] INFO main.java.edu.mit.compbio.bisulfitehic.mapping.Bhmem  - Processing reads 981000 ...
368904 [main] INFO main.java.edu.mit.compbio.bisulfitehic.mapping.Bhmem  - Unique mapped and paired reads 975652 ...
368908 [main] INFO main.java.edu.mit.compbio.bisulfitehic.mapping.Bhmem  - Processing reads 982000 ...
368908 [main] INFO main.java.edu.mit.compbio.bisulfitehic.mapping.Bhmem  - Unique mapped and paired reads 975652 ...
[M::mem_process_seqs] Processed 1001 reads in 1.032 CPU sec, 0.146 real sec
[M::mem_process_seqs] Processed 1001 reads in 0.969 CPU sec, 0.130 real sec
[M::mem_process_seqs] Processed 1001 reads in 1.060 CPU sec, 0.143 real sec
[M::mem_process_seqs] Processed 1001 reads in 1.007 CPU sec, 0.155 real sec
369604 [main] INFO main.java.edu.mit.compbio.bisulfitehic.mapping.Bhmem  - Processing reads 983000 ...
369604 [main] INFO main.java.edu.mit.compbio.bisulfitehic.mapping.Bhmem  - Unique mapped and paired reads 977640 ...
369607 [main] INFO main.java.edu.mit.compbio.bisulfitehic.mapping.Bhmem  - Processing reads 984000 ...
369607 [main] INFO main.java.edu.mit.compbio.bisulfitehic.mapping.Bhmem  - Unique mapped and paired reads 977640 ...
[M::mem_process_seqs] Processed 1001 reads in 1.091 CPU sec, 0.151 real sec
[M::mem_process_seqs] Processed 1001 reads in 0.979 CPU sec, 0.137 real sec
[M::mem_process_seqs] Processed 1001 reads in 1.117 CPU sec, 0.164 real sec
[M::mem_process_seqs] Processed 1001 reads in 1.115 CPU sec, 0.161 real sec
370346 [main] INFO main.java.edu.mit.compbio.bisulfitehic.mapping.Bhmem  - Processing reads 985000 ...
370346 [main] INFO main.java.edu.mit.compbio.bisulfitehic.mapping.Bhmem  - Unique mapped and paired reads 979634 ...
370349 [main] INFO main.java.edu.mit.compbio.bisulfitehic.mapping.Bhmem  - Processing reads 986000 ...
370349 [main] INFO main.java.edu.mit.compbio.bisulfitehic.mapping.Bhmem  - Unique mapped and paired reads 979634 ...
[M::mem_process_seqs] Processed 1001 reads in 0.930 CPU sec, 0.142 real sec
[M::mem_process_seqs] Processed 1001 reads in 0.958 CPU sec, 0.129 real sec
[M::mem_process_seqs] Processed 1001 reads in 1.067 CPU sec, 0.150 real sec
[M::mem_process_seqs] Processed 1001 reads in 1.087 CPU sec, 0.148 real sec
371037 [main] INFO main.java.edu.mit.compbio.bisulfitehic.mapping.Bhmem  - Processing reads 987000 ...
371037 [main] INFO main.java.edu.mit.compbio.bisulfitehic.mapping.Bhmem  - Unique mapped and paired reads 981616 ...
371040 [main] INFO main.java.edu.mit.compbio.bisulfitehic.mapping.Bhmem  - Processing reads 988000 ...
371040 [main] INFO main.java.edu.mit.compbio.bisulfitehic.mapping.Bhmem  - Unique mapped and paired reads 981616 ...
[M::mem_process_seqs] Processed 1001 reads in 0.996 CPU sec, 0.128 real sec
[M::mem_process_seqs] Processed 1001 reads in 0.965 CPU sec, 0.141 real sec
[M::mem_process_seqs] Processed 1001 reads in 1.082 CPU sec, 0.158 real sec
[M::mem_process_seqs] Processed 1001 reads in 1.053 CPU sec, 0.146 real sec
371744 [main] INFO main.java.edu.mit.compbio.bisulfitehic.mapping.Bhmem  - Processing reads 989000 ...
371744 [main] INFO main.java.edu.mit.compbio.bisulfitehic.mapping.Bhmem  - Unique mapped and paired reads 983612 ...
371747 [main] INFO main.java.edu.mit.compbio.bisulfitehic.mapping.Bhmem  - Processing reads 990000 ...
371747 [main] INFO main.java.edu.mit.compbio.bisulfitehic.mapping.Bhmem  - Unique mapped and paired reads 983612 ...
[M::mem_process_seqs] Processed 1001 reads in 1.051 CPU sec, 0.136 real sec
[M::mem_process_seqs] Processed 1001 reads in 1.001 CPU sec, 0.144 real sec
[M::mem_process_seqs] Processed 1001 reads in 1.225 CPU sec, 0.192 real sec
[M::mem_process_seqs] Processed 1001 reads in 1.168 CPU sec, 0.159 real sec
372502 [main] INFO main.java.edu.mit.compbio.bisulfitehic.mapping.Bhmem  - Processing reads 991000 ...
372502 [main] INFO main.java.edu.mit.compbio.bisulfitehic.mapping.Bhmem  - Unique mapped and paired reads 985600 ...
372505 [main] INFO main.java.edu.mit.compbio.bisulfitehic.mapping.Bhmem  - Processing reads 992000 ...
372505 [main] INFO main.java.edu.mit.compbio.bisulfitehic.mapping.Bhmem  - Unique mapped and paired reads 985600 ...
[M::mem_process_seqs] Processed 1001 reads in 1.062 CPU sec, 0.142 real sec
[M::mem_process_seqs] Processed 1001 reads in 0.929 CPU sec, 0.132 real sec
[M::mem_process_seqs] Processed 1001 reads in 1.011 CPU sec, 0.140 real sec
[M::mem_process_seqs] Processed 1001 reads in 1.022 CPU sec, 0.148 real sec
373190 [main] INFO main.java.edu.mit.compbio.bisulfitehic.mapping.Bhmem  - Processing reads 993000 ...
373190 [main] INFO main.java.edu.mit.compbio.bisulfitehic.mapping.Bhmem  - Unique mapped and paired reads 987596 ...
373193 [main] INFO main.java.edu.mit.compbio.bisulfitehic.mapping.Bhmem  - Processing reads 994000 ...
373193 [main] INFO main.java.edu.mit.compbio.bisulfitehic.mapping.Bhmem  - Unique mapped and paired reads 987596 ...
[M::mem_process_seqs] Processed 1001 reads in 1.005 CPU sec, 0.130 real sec
[M::mem_process_seqs] Processed 1001 reads in 0.943 CPU sec, 0.132 real sec
[M::mem_process_seqs] Processed 1001 reads in 1.094 CPU sec, 0.141 real sec
[M::mem_process_seqs] Processed 1001 reads in 1.029 CPU sec, 0.151 real sec
373868 [main] INFO main.java.edu.mit.compbio.bisulfitehic.mapping.Bhmem  - Processing reads 995000 ...
373868 [main] INFO main.java.edu.mit.compbio.bisulfitehic.mapping.Bhmem  - Unique mapped and paired reads 989588 ...
373871 [main] INFO main.java.edu.mit.compbio.bisulfitehic.mapping.Bhmem  - Processing reads 996000 ...
373871 [main] INFO main.java.edu.mit.compbio.bisulfitehic.mapping.Bhmem  - Unique mapped and paired reads 989588 ...
[M::mem_process_seqs] Processed 1001 reads in 1.029 CPU sec, 0.152 real sec
[M::mem_process_seqs] Processed 1001 reads in 0.929 CPU sec, 0.119 real sec
[M::mem_process_seqs] Processed 1001 reads in 1.149 CPU sec, 0.152 real sec
[M::mem_process_seqs] Processed 1001 reads in 1.038 CPU sec, 0.150 real sec
374565 [main] INFO main.java.edu.mit.compbio.bisulfitehic.mapping.Bhmem  - Processing reads 997000 ...
374565 [main] INFO main.java.edu.mit.compbio.bisulfitehic.mapping.Bhmem  - Unique mapped and paired reads 991576 ...
374568 [main] INFO main.java.edu.mit.compbio.bisulfitehic.mapping.Bhmem  - Processing reads 998000 ...
374569 [main] INFO main.java.edu.mit.compbio.bisulfitehic.mapping.Bhmem  - Unique mapped and paired reads 991576 ...
[M::mem_process_seqs] Processed 1001 reads in 0.963 CPU sec, 0.148 real sec
[M::mem_process_seqs] Processed 1001 reads in 0.942 CPU sec, 0.123 real sec
[M::mem_process_seqs] Processed 1001 reads in 1.102 CPU sec, 0.157 real sec
[M::mem_process_seqs] Processed 1001 reads in 1.099 CPU sec, 0.166 real sec
375285 [main] INFO main.java.edu.mit.compbio.bisulfitehic.mapping.Bhmem  - Processing reads 999000 ...
375285 [main] INFO main.java.edu.mit.compbio.bisulfitehic.mapping.Bhmem  - Unique mapped and paired reads 993568 ...
375288 [main] INFO main.java.edu.mit.compbio.bisulfitehic.mapping.Bhmem  - Processing reads 1000000 ...
375288 [main] INFO main.java.edu.mit.compbio.bisulfitehic.mapping.Bhmem  - Unique mapped and paired reads 993568 ...
375291 [main] INFO main.java.edu.mit.compbio.bisulfitehic.mapping.Bhmem  - Processing reads 1001000 ...
375291 [main] INFO main.java.edu.mit.compbio.bisulfitehic.mapping.Bhmem  - Unique mapped and paired reads 993568 ...
[M::mem_process_seqs] Processed 1001 reads in 1.100 CPU sec, 0.166 real sec
[M::mem_process_seqs] Processed 1001 reads in 1.066 CPU sec, 0.136 real sec
[M::mem_process_seqs] Processed 1001 reads in 1.093 CPU sec, 0.158 real sec
[M::mem_process_seqs] Processed 1001 reads in 1.142 CPU sec, 0.154 real sec
376030 [main] INFO main.java.edu.mit.compbio.bisulfitehic.mapping.Bhmem  - Processing reads 1002000 ...
376030 [main] INFO main.java.edu.mit.compbio.bisulfitehic.mapping.Bhmem  - Unique mapped and paired reads 995558 ...
376033 [main] INFO main.java.edu.mit.compbio.bisulfitehic.mapping.Bhmem  - Processing reads 1003000 ...
376033 [main] INFO main.java.edu.mit.compbio.bisulfitehic.mapping.Bhmem  - Unique mapped and paired reads 995558 ...
[M::mem_process_seqs] Processed 1001 reads in 1.086 CPU sec, 0.157 real sec
[M::mem_process_seqs] Processed 1001 reads in 0.969 CPU sec, 0.124 real sec
[M::mem_process_seqs] Processed 1001 reads in 1.106 CPU sec, 0.163 real sec
[M::mem_process_seqs] Processed 1001 reads in 1.052 CPU sec, 0.165 real sec
376775 [main] INFO main.java.edu.mit.compbio.bisulfitehic.mapping.Bhmem  - Processing reads 1004000 ...
376776 [main] INFO main.java.edu.mit.compbio.bisulfitehic.mapping.Bhmem  - Unique mapped and paired reads 997550 ...
376778 [main] INFO main.java.edu.mit.compbio.bisulfitehic.mapping.Bhmem  - Processing reads 1005000 ...
376778 [main] INFO main.java.edu.mit.compbio.bisulfitehic.mapping.Bhmem  - Unique mapped and paired reads 997550 ...
[M::mem_process_seqs] Processed 1001 reads in 1.083 CPU sec, 0.224 real sec
[M::mem_process_seqs] Processed 1001 reads in 1.033 CPU sec, 0.149 real sec
[M::mem_process_seqs] Processed 1001 reads in 1.035 CPU sec, 0.153 real sec
[M::mem_process_seqs] Processed 1001 reads in 1.096 CPU sec, 0.150 real sec
377586 [main] INFO main.java.edu.mit.compbio.bisulfitehic.mapping.Bhmem  - Processing reads 1006000 ...
377586 [main] INFO main.java.edu.mit.compbio.bisulfitehic.mapping.Bhmem  - Unique mapped and paired reads 999542 ...
377589 [main] INFO main.java.edu.mit.compbio.bisulfitehic.mapping.Bhmem  - Processing reads 1007000 ...
377589 [main] INFO main.java.edu.mit.compbio.bisulfitehic.mapping.Bhmem  - Unique mapped and paired reads 999542 ...
[M::mem_process_seqs] Processed 1001 reads in 1.012 CPU sec, 0.133 real sec
[M::mem_process_seqs] Processed 1001 reads in 0.928 CPU sec, 0.118 real sec
[M::mem_process_seqs] Processed 1001 reads in 1.129 CPU sec, 0.158 real sec
[M::mem_process_seqs] Processed 1001 reads in 1.027 CPU sec, 0.152 real sec
378275 [main] INFO main.java.edu.mit.compbio.bisulfitehic.mapping.Bhmem  - Processing reads 1008000 ...
378275 [main] INFO main.java.edu.mit.compbio.bisulfitehic.mapping.Bhmem  - Unique mapped and paired reads 1001536 ...
378278 [main] INFO main.java.edu.mit.compbio.bisulfitehic.mapping.Bhmem  - Processing reads 1009000 ...
378278 [main] INFO main.java.edu.mit.compbio.bisulfitehic.mapping.Bhmem  - Unique mapped and paired reads 1001536 ...
[M::mem_process_seqs] Processed 1001 reads in 1.021 CPU sec, 0.140 real sec
[M::mem_process_seqs] Processed 1001 reads in 1.029 CPU sec, 0.133 real sec
[M::mem_process_seqs] Processed 1001 reads in 1.016 CPU sec, 0.148 real sec
[M::mem_process_seqs] Processed 1001 reads in 1.096 CPU sec, 0.159 real sec
378981 [main] INFO main.java.edu.mit.compbio.bisulfitehic.mapping.Bhmem  - Processing reads 1010000 ...
378981 [main] INFO main.java.edu.mit.compbio.bisulfitehic.mapping.Bhmem  - Unique mapped and paired reads 1003530 ...
378984 [main] INFO main.java.edu.mit.compbio.bisulfitehic.mapping.Bhmem  - Processing reads 1011000 ...
378984 [main] INFO main.java.edu.mit.compbio.bisulfitehic.mapping.Bhmem  - Unique mapped and paired reads 1003530 ...
[M::mem_process_seqs] Processed 1001 reads in 1.054 CPU sec, 0.149 real sec
[M::mem_process_seqs] Processed 1001 reads in 0.874 CPU sec, 0.111 real sec
[M::mem_process_seqs] Processed 1001 reads in 1.043 CPU sec, 0.135 real sec
[M::mem_process_seqs] Processed 1001 reads in 1.040 CPU sec, 0.150 real sec
379641 [main] INFO main.java.edu.mit.compbio.bisulfitehic.mapping.Bhmem  - Processing reads 1012000 ...
379641 [main] INFO main.java.edu.mit.compbio.bisulfitehic.mapping.Bhmem  - Unique mapped and paired reads 1005522 ...
379644 [main] INFO main.java.edu.mit.compbio.bisulfitehic.mapping.Bhmem  - Processing reads 1013000 ...
379644 [main] INFO main.java.edu.mit.compbio.bisulfitehic.mapping.Bhmem  - Unique mapped and paired reads 1005522 ...
[M::mem_process_seqs] Processed 1001 reads in 0.961 CPU sec, 0.142 real sec
[M::mem_process_seqs] Processed 1001 reads in 0.944 CPU sec, 0.120 real sec
[M::mem_process_seqs] Processed 1001 reads in 0.979 CPU sec, 0.126 real sec
[M::mem_process_seqs] Processed 1001 reads in 0.999 CPU sec, 0.153 real sec
380307 [main] INFO main.java.edu.mit.compbio.bisulfitehic.mapping.Bhmem  - Processing reads 1014000 ...
380307 [main] INFO main.java.edu.mit.compbio.bisulfitehic.mapping.Bhmem  - Unique mapped and paired reads 1007512 ...
380310 [main] INFO main.java.edu.mit.compbio.bisulfitehic.mapping.Bhmem  - Processing reads 1015000 ...
380310 [main] INFO main.java.edu.mit.compbio.bisulfitehic.mapping.Bhmem  - Unique mapped and paired reads 1007512 ...
[M::mem_process_seqs] Processed 1001 reads in 0.915 CPU sec, 0.141 real sec
[M::mem_process_seqs] Processed 1001 reads in 0.870 CPU sec, 0.126 real sec
[M::mem_process_seqs] Processed 1001 reads in 0.981 CPU sec, 0.128 real sec
[M::mem_process_seqs] Processed 1001 reads in 0.958 CPU sec, 0.144 real sec
380964 [main] INFO main.java.edu.mit.compbio.bisulfitehic.mapping.Bhmem  - Processing reads 1016000 ...
380964 [main] INFO main.java.edu.mit.compbio.bisulfitehic.mapping.Bhmem  - Unique mapped and paired reads 1009504 ...
380967 [main] INFO main.java.edu.mit.compbio.bisulfitehic.mapping.Bhmem  - Processing reads 1017000 ...
380967 [main] INFO main.java.edu.mit.compbio.bisulfitehic.mapping.Bhmem  - Unique mapped and paired reads 1009504 ...
[M::mem_process_seqs] Processed 1001 reads in 1.027 CPU sec, 0.151 real sec
[M::mem_process_seqs] Processed 1001 reads in 0.932 CPU sec, 0.137 real sec
[M::mem_process_seqs] Processed 1001 reads in 1.192 CPU sec, 0.151 real sec
[M::mem_process_seqs] Processed 1001 reads in 1.002 CPU sec, 0.145 real sec
381667 [main] INFO main.java.edu.mit.compbio.bisulfitehic.mapping.Bhmem  - Processing reads 1018000 ...
381668 [main] INFO main.java.edu.mit.compbio.bisulfitehic.mapping.Bhmem  - Unique mapped and paired reads 1011498 ...
381671 [main] INFO main.java.edu.mit.compbio.bisulfitehic.mapping.Bhmem  - Processing reads 1019000 ...
381671 [main] INFO main.java.edu.mit.compbio.bisulfitehic.mapping.Bhmem  - Unique mapped and paired reads 1011498 ...
[M::mem_process_seqs] Processed 1001 reads in 1.019 CPU sec, 0.150 real sec
[M::mem_process_seqs] Processed 1001 reads in 0.962 CPU sec, 0.139 real sec
[M::mem_process_seqs] Processed 1001 reads in 1.047 CPU sec, 0.133 real sec
[M::mem_process_seqs] Processed 1001 reads in 1.054 CPU sec, 0.158 real sec
382379 [main] INFO main.java.edu.mit.compbio.bisulfitehic.mapping.Bhmem  - Processing reads 1020000 ...
382379 [main] INFO main.java.edu.mit.compbio.bisulfitehic.mapping.Bhmem  - Unique mapped and paired reads 1013486 ...
382382 [main] INFO main.java.edu.mit.compbio.bisulfitehic.mapping.Bhmem  - Processing reads 1021000 ...
382382 [main] INFO main.java.edu.mit.compbio.bisulfitehic.mapping.Bhmem  - Unique mapped and paired reads 1013486 ...
[M::mem_process_seqs] Processed 1001 reads in 1.073 CPU sec, 0.159 real sec
[M::mem_process_seqs] Processed 1001 reads in 1.005 CPU sec, 0.142 real sec
[M::mem_process_seqs] Processed 1001 reads in 1.112 CPU sec, 0.150 real sec
[M::mem_process_seqs] Processed 1001 reads in 1.054 CPU sec, 0.152 real sec
383102 [main] INFO main.java.edu.mit.compbio.bisulfitehic.mapping.Bhmem  - Processing reads 1022000 ...
383102 [main] INFO main.java.edu.mit.compbio.bisulfitehic.mapping.Bhmem  - Unique mapped and paired reads 1015476 ...
383105 [main] INFO main.java.edu.mit.compbio.bisulfitehic.mapping.Bhmem  - Processing reads 1023000 ...
383105 [main] INFO main.java.edu.mit.compbio.bisulfitehic.mapping.Bhmem  - Unique mapped and paired reads 1015476 ...
[M::mem_process_seqs] Processed 1001 reads in 0.924 CPU sec, 0.134 real sec
[M::mem_process_seqs] Processed 1001 reads in 0.834 CPU sec, 0.125 real sec
[M::mem_process_seqs] Processed 1001 reads in 1.024 CPU sec, 0.130 real sec
[M::mem_process_seqs] Processed 1001 reads in 0.965 CPU sec, 0.140 real sec
383748 [main] INFO main.java.edu.mit.compbio.bisulfitehic.mapping.Bhmem  - Processing reads 1024000 ...
383748 [main] INFO main.java.edu.mit.compbio.bisulfitehic.mapping.Bhmem  - Unique mapped and paired reads 1017468 ...
383751 [main] INFO main.java.edu.mit.compbio.bisulfitehic.mapping.Bhmem  - Processing reads 1025000 ...
383751 [main] INFO main.java.edu.mit.compbio.bisulfitehic.mapping.Bhmem  - Unique mapped and paired reads 1017468 ...
[M::mem_process_seqs] Processed 1001 reads in 1.001 CPU sec, 0.145 real sec
[M::mem_process_seqs] Processed 1001 reads in 0.802 CPU sec, 0.112 real sec
[M::mem_process_seqs] Processed 1001 reads in 0.996 CPU sec, 0.127 real sec
[M::mem_process_seqs] Processed 1001 reads in 0.914 CPU sec, 0.168 real sec
384433 [main] INFO main.java.edu.mit.compbio.bisulfitehic.mapping.Bhmem  - Processing reads 1026000 ...
384433 [main] INFO main.java.edu.mit.compbio.bisulfitehic.mapping.Bhmem  - Unique mapped and paired reads 1019458 ...
384436 [main] INFO main.java.edu.mit.compbio.bisulfitehic.mapping.Bhmem  - Processing reads 1027000 ...
384436 [main] INFO main.java.edu.mit.compbio.bisulfitehic.mapping.Bhmem  - Unique mapped and paired reads 1019458 ...
[M::mem_process_seqs] Processed 1001 reads in 0.960 CPU sec, 0.141 real sec
[M::mem_process_seqs] Processed 1001 reads in 0.896 CPU sec, 0.130 real sec
[M::mem_process_seqs] Processed 1001 reads in 0.997 CPU sec, 0.147 real sec
[M::mem_process_seqs] Processed 1001 reads in 0.991 CPU sec, 0.145 real sec
385122 [main] INFO main.java.edu.mit.compbio.bisulfitehic.mapping.Bhmem  - Processing reads 1028000 ...
385122 [main] INFO main.java.edu.mit.compbio.bisulfitehic.mapping.Bhmem  - Unique mapped and paired reads 1021446 ...
385125 [main] INFO main.java.edu.mit.compbio.bisulfitehic.mapping.Bhmem  - Processing reads 1029000 ...
385125 [main] INFO main.java.edu.mit.compbio.bisulfitehic.mapping.Bhmem  - Unique mapped and paired reads 1021446 ...
[M::mem_process_seqs] Processed 1001 reads in 0.965 CPU sec, 0.144 real sec
[M::mem_process_seqs] Processed 1001 reads in 1.017 CPU sec, 0.149 real sec
[M::mem_process_seqs] Processed 1001 reads in 1.172 CPU sec, 0.153 real sec
[M::mem_process_seqs] Processed 1001 reads in 1.033 CPU sec, 0.151 real sec
385850 [main] INFO main.java.edu.mit.compbio.bisulfitehic.mapping.Bhmem  - Processing reads 1030000 ...
385850 [main] INFO main.java.edu.mit.compbio.bisulfitehic.mapping.Bhmem  - Unique mapped and paired reads 1023434 ...
385853 [main] INFO main.java.edu.mit.compbio.bisulfitehic.mapping.Bhmem  - Processing reads 1031000 ...
385853 [main] INFO main.java.edu.mit.compbio.bisulfitehic.mapping.Bhmem  - Unique mapped and paired reads 1023434 ...
[M::mem_process_seqs] Processed 1001 reads in 0.995 CPU sec, 0.146 real sec
[M::mem_process_seqs] Processed 1001 reads in 0.905 CPU sec, 0.131 real sec
[M::mem_process_seqs] Processed 1001 reads in 1.101 CPU sec, 0.140 real sec
[M::mem_process_seqs] Processed 1001 reads in 1.043 CPU sec, 0.144 real sec
386540 [main] INFO main.java.edu.mit.compbio.bisulfitehic.mapping.Bhmem  - Processing reads 1032000 ...
386540 [main] INFO main.java.edu.mit.compbio.bisulfitehic.mapping.Bhmem  - Unique mapped and paired reads 1025424 ...
386543 [main] INFO main.java.edu.mit.compbio.bisulfitehic.mapping.Bhmem  - Processing reads 1033000 ...
386543 [main] INFO main.java.edu.mit.compbio.bisulfitehic.mapping.Bhmem  - Unique mapped and paired reads 1025424 ...
[M::mem_process_seqs] Processed 1001 reads in 1.047 CPU sec, 0.148 real sec
[M::mem_process_seqs] Processed 1001 reads in 0.951 CPU sec, 0.142 real sec
[M::mem_process_seqs] Processed 1001 reads in 1.151 CPU sec, 0.149 real sec
[M::mem_process_seqs] Processed 1001 reads in 1.101 CPU sec, 0.151 real sec
387256 [main] INFO main.java.edu.mit.compbio.bisulfitehic.mapping.Bhmem  - Processing reads 1034000 ...
387256 [main] INFO main.java.edu.mit.compbio.bisulfitehic.mapping.Bhmem  - Unique mapped and paired reads 1027420 ...
387259 [main] INFO main.java.edu.mit.compbio.bisulfitehic.mapping.Bhmem  - Processing reads 1035000 ...
387259 [main] INFO main.java.edu.mit.compbio.bisulfitehic.mapping.Bhmem  - Unique mapped and paired reads 1027420 ...
[M::mem_process_seqs] Processed 1001 reads in 0.903 CPU sec, 0.131 real sec
[M::mem_process_seqs] Processed 1001 reads in 0.921 CPU sec, 0.134 real sec
[M::mem_process_seqs] Processed 1001 reads in 1.060 CPU sec, 0.139 real sec
[M::mem_process_seqs] Processed 1001 reads in 1.112 CPU sec, 0.142 real sec
387924 [main] INFO main.java.edu.mit.compbio.bisulfitehic.mapping.Bhmem  - Processing reads 1036000 ...
387924 [main] INFO main.java.edu.mit.compbio.bisulfitehic.mapping.Bhmem  - Unique mapped and paired reads 1029418 ...
387927 [main] INFO main.java.edu.mit.compbio.bisulfitehic.mapping.Bhmem  - Processing reads 1037000 ...
387927 [main] INFO main.java.edu.mit.compbio.bisulfitehic.mapping.Bhmem  - Unique mapped and paired reads 1029418 ...
[M::mem_process_seqs] Processed 1001 reads in 1.082 CPU sec, 0.158 real sec
[M::mem_process_seqs] Processed 1001 reads in 1.052 CPU sec, 0.155 real sec
[M::mem_process_seqs] Processed 1001 reads in 1.210 CPU sec, 0.160 real sec
[M::mem_process_seqs] Processed 1001 reads in 1.152 CPU sec, 0.172 real sec
388700 [main] INFO main.java.edu.mit.compbio.bisulfitehic.mapping.Bhmem  - Processing reads 1038000 ...
388700 [main] INFO main.java.edu.mit.compbio.bisulfitehic.mapping.Bhmem  - Unique mapped and paired reads 1031418 ...
388703 [main] INFO main.java.edu.mit.compbio.bisulfitehic.mapping.Bhmem  - Processing reads 1039000 ...
388703 [main] INFO main.java.edu.mit.compbio.bisulfitehic.mapping.Bhmem  - Unique mapped and paired reads 1031418 ...
[M::mem_process_seqs] Processed 1001 reads in 1.011 CPU sec, 0.146 real sec
[M::mem_process_seqs] Processed 1001 reads in 0.954 CPU sec, 0.137 real sec
[M::mem_process_seqs] Processed 1001 reads in 1.117 CPU sec, 0.145 real sec
[M::mem_process_seqs] Processed 1001 reads in 1.042 CPU sec, 0.153 real sec
389413 [main] INFO main.java.edu.mit.compbio.bisulfitehic.mapping.Bhmem  - Processing reads 1040000 ...
389413 [main] INFO main.java.edu.mit.compbio.bisulfitehic.mapping.Bhmem  - Unique mapped and paired reads 1033414 ...
389416 [main] INFO main.java.edu.mit.compbio.bisulfitehic.mapping.Bhmem  - Processing reads 1041000 ...
389416 [main] INFO main.java.edu.mit.compbio.bisulfitehic.mapping.Bhmem  - Unique mapped and paired reads 1033414 ...
[M::mem_process_seqs] Processed 1001 reads in 1.103 CPU sec, 0.145 real sec
[M::mem_process_seqs] Processed 1001 reads in 0.969 CPU sec, 0.126 real sec
[M::mem_process_seqs] Processed 1001 reads in 1.085 CPU sec, 0.139 real sec
[M::mem_process_seqs] Processed 1001 reads in 1.071 CPU sec, 0.154 real sec
390103 [main] INFO main.java.edu.mit.compbio.bisulfitehic.mapping.Bhmem  - Processing reads 1042000 ...
390103 [main] INFO main.java.edu.mit.compbio.bisulfitehic.mapping.Bhmem  - Unique mapped and paired reads 1035404 ...
390106 [main] INFO main.java.edu.mit.compbio.bisulfitehic.mapping.Bhmem  - Processing reads 1043000 ...
390106 [main] INFO main.java.edu.mit.compbio.bisulfitehic.mapping.Bhmem  - Unique mapped and paired reads 1035404 ...
[M::mem_process_seqs] Processed 1001 reads in 1.014 CPU sec, 0.130 real sec
[M::mem_process_seqs] Processed 1001 reads in 0.966 CPU sec, 0.134 real sec
[M::mem_process_seqs] Processed 1001 reads in 1.033 CPU sec, 0.134 real sec
[M::mem_process_seqs] Processed 1001 reads in 1.038 CPU sec, 0.187 real sec
390828 [main] INFO main.java.edu.mit.compbio.bisulfitehic.mapping.Bhmem  - Processing reads 1044000 ...
390828 [main] INFO main.java.edu.mit.compbio.bisulfitehic.mapping.Bhmem  - Unique mapped and paired reads 1037396 ...
390831 [main] INFO main.java.edu.mit.compbio.bisulfitehic.mapping.Bhmem  - Processing reads 1045000 ...
390831 [main] INFO main.java.edu.mit.compbio.bisulfitehic.mapping.Bhmem  - Unique mapped and paired reads 1037396 ...
[M::mem_process_seqs] Processed 1001 reads in 1.071 CPU sec, 0.156 real sec
[M::mem_process_seqs] Processed 1001 reads in 1.055 CPU sec, 0.135 real sec
[M::mem_process_seqs] Processed 1001 reads in 1.125 CPU sec, 0.165 real sec
[M::mem_process_seqs] Processed 1001 reads in 1.085 CPU sec, 0.165 real sec
391571 [main] INFO main.java.edu.mit.compbio.bisulfitehic.mapping.Bhmem  - Processing reads 1046000 ...
391571 [main] INFO main.java.edu.mit.compbio.bisulfitehic.mapping.Bhmem  - Unique mapped and paired reads 1039388 ...
391574 [main] INFO main.java.edu.mit.compbio.bisulfitehic.mapping.Bhmem  - Processing reads 1047000 ...
391574 [main] INFO main.java.edu.mit.compbio.bisulfitehic.mapping.Bhmem  - Unique mapped and paired reads 1039388 ...
[M::mem_process_seqs] Processed 1001 reads in 1.042 CPU sec, 0.139 real sec
[M::mem_process_seqs] Processed 1001 reads in 0.924 CPU sec, 0.119 real sec
[M::mem_process_seqs] Processed 1001 reads in 1.029 CPU sec, 0.148 real sec
[M::mem_process_seqs] Processed 1001 reads in 1.026 CPU sec, 0.132 real sec
392234 [main] INFO main.java.edu.mit.compbio.bisulfitehic.mapping.Bhmem  - Processing reads 1048000 ...
392234 [main] INFO main.java.edu.mit.compbio.bisulfitehic.mapping.Bhmem  - Unique mapped and paired reads 1041382 ...
392237 [main] INFO main.java.edu.mit.compbio.bisulfitehic.mapping.Bhmem  - Processing reads 1049000 ...
392237 [main] INFO main.java.edu.mit.compbio.bisulfitehic.mapping.Bhmem  - Unique mapped and paired reads 1041382 ...
[M::mem_process_seqs] Processed 1001 reads in 1.069 CPU sec, 0.141 real sec
[M::mem_process_seqs] Processed 1001 reads in 0.924 CPU sec, 0.123 real sec
[M::mem_process_seqs] Processed 1001 reads in 1.130 CPU sec, 0.147 real sec
[M::mem_process_seqs] Processed 1001 reads in 1.045 CPU sec, 0.152 real sec
392916 [main] INFO main.java.edu.mit.compbio.bisulfitehic.mapping.Bhmem  - Processing reads 1050000 ...
392916 [main] INFO main.java.edu.mit.compbio.bisulfitehic.mapping.Bhmem  - Unique mapped and paired reads 1043374 ...
392919 [main] INFO main.java.edu.mit.compbio.bisulfitehic.mapping.Bhmem  - Processing reads 1051000 ...
392919 [main] INFO main.java.edu.mit.compbio.bisulfitehic.mapping.Bhmem  - Unique mapped and paired reads 1043374 ...
[M::mem_process_seqs] Processed 1001 reads in 0.978 CPU sec, 0.142 real sec
[M::mem_process_seqs] Processed 1001 reads in 1.000 CPU sec, 0.127 real sec
[M::mem_process_seqs] Processed 1001 reads in 1.010 CPU sec, 0.146 real sec
[M::mem_process_seqs] Processed 1001 reads in 1.067 CPU sec, 0.156 real sec
393610 [main] INFO main.java.edu.mit.compbio.bisulfitehic.mapping.Bhmem  - Processing reads 1052000 ...
393611 [main] INFO main.java.edu.mit.compbio.bisulfitehic.mapping.Bhmem  - Unique mapped and paired reads 1045358 ...
393613 [main] INFO main.java.edu.mit.compbio.bisulfitehic.mapping.Bhmem  - Processing reads 1053000 ...
393613 [main] INFO main.java.edu.mit.compbio.bisulfitehic.mapping.Bhmem  - Unique mapped and paired reads 1045358 ...
[M::mem_process_seqs] Processed 1001 reads in 1.039 CPU sec, 0.133 real sec
[M::mem_process_seqs] Processed 1001 reads in 0.916 CPU sec, 0.134 real sec
[M::mem_process_seqs] Processed 1001 reads in 1.039 CPU sec, 0.154 real sec
[M::mem_process_seqs] Processed 1001 reads in 1.044 CPU sec, 0.146 real sec
394362 [main] INFO main.java.edu.mit.compbio.bisulfitehic.mapping.Bhmem  - Processing reads 1054000 ...
394362 [main] INFO main.java.edu.mit.compbio.bisulfitehic.mapping.Bhmem  - Unique mapped and paired reads 1047350 ...
394365 [main] INFO main.java.edu.mit.compbio.bisulfitehic.mapping.Bhmem  - Processing reads 1055000 ...
394365 [main] INFO main.java.edu.mit.compbio.bisulfitehic.mapping.Bhmem  - Unique mapped and paired reads 1047350 ...
[M::mem_process_seqs] Processed 1001 reads in 0.972 CPU sec, 0.135 real sec
[M::mem_process_seqs] Processed 1001 reads in 0.949 CPU sec, 0.137 real sec
[M::mem_process_seqs] Processed 1001 reads in 0.951 CPU sec, 0.146 real sec
[M::mem_process_seqs] Processed 1001 reads in 1.030 CPU sec, 0.150 real sec
395049 [main] INFO main.java.edu.mit.compbio.bisulfitehic.mapping.Bhmem  - Processing reads 1056000 ...
395049 [main] INFO main.java.edu.mit.compbio.bisulfitehic.mapping.Bhmem  - Unique mapped and paired reads 1049330 ...
395052 [main] INFO main.java.edu.mit.compbio.bisulfitehic.mapping.Bhmem  - Processing reads 1057000 ...
395052 [main] INFO main.java.edu.mit.compbio.bisulfitehic.mapping.Bhmem  - Unique mapped and paired reads 1049330 ...
[M::mem_process_seqs] Processed 1001 reads in 1.018 CPU sec, 0.131 real sec
[M::mem_process_seqs] Processed 1001 reads in 0.930 CPU sec, 0.140 real sec
[M::mem_process_seqs] Processed 1001 reads in 1.053 CPU sec, 0.153 real sec
[M::mem_process_seqs] Processed 1001 reads in 0.981 CPU sec, 0.148 real sec
395749 [main] INFO main.java.edu.mit.compbio.bisulfitehic.mapping.Bhmem  - Processing reads 1058000 ...
395749 [main] INFO main.java.edu.mit.compbio.bisulfitehic.mapping.Bhmem  - Unique mapped and paired reads 1051318 ...
395752 [main] INFO main.java.edu.mit.compbio.bisulfitehic.mapping.Bhmem  - Processing reads 1059000 ...
395752 [main] INFO main.java.edu.mit.compbio.bisulfitehic.mapping.Bhmem  - Unique mapped and paired reads 1051318 ...
[M::mem_process_seqs] Processed 1001 reads in 1.090 CPU sec, 0.160 real sec
[M::mem_process_seqs] Processed 1001 reads in 0.945 CPU sec, 0.129 real sec
[M::mem_process_seqs] Processed 1001 reads in 1.079 CPU sec, 0.155 real sec
[M::mem_process_seqs] Processed 1001 reads in 1.000 CPU sec, 0.137 real sec
396461 [main] INFO main.java.edu.mit.compbio.bisulfitehic.mapping.Bhmem  - Processing reads 1060000 ...
396461 [main] INFO main.java.edu.mit.compbio.bisulfitehic.mapping.Bhmem  - Unique mapped and paired reads 1053314 ...
396464 [main] INFO main.java.edu.mit.compbio.bisulfitehic.mapping.Bhmem  - Processing reads 1061000 ...
396464 [main] INFO main.java.edu.mit.compbio.bisulfitehic.mapping.Bhmem  - Unique mapped and paired reads 1053314 ...
[M::mem_process_seqs] Processed 1001 reads in 1.064 CPU sec, 0.152 real sec
[M::mem_process_seqs] Processed 1001 reads in 0.993 CPU sec, 0.147 real sec
[M::mem_process_seqs] Processed 1001 reads in 1.114 CPU sec, 0.161 real sec
[M::mem_process_seqs] Processed 1001 reads in 1.095 CPU sec, 0.143 real sec
397228 [main] INFO main.java.edu.mit.compbio.bisulfitehic.mapping.Bhmem  - Processing reads 1062000 ...
397228 [main] INFO main.java.edu.mit.compbio.bisulfitehic.mapping.Bhmem  - Unique mapped and paired reads 1055308 ...
397231 [main] INFO main.java.edu.mit.compbio.bisulfitehic.mapping.Bhmem  - Processing reads 1063000 ...
397231 [main] INFO main.java.edu.mit.compbio.bisulfitehic.mapping.Bhmem  - Unique mapped and paired reads 1055308 ...
[M::mem_process_seqs] Processed 1001 reads in 1.067 CPU sec, 0.154 real sec
[M::mem_process_seqs] Processed 1001 reads in 1.050 CPU sec, 0.142 real sec
[M::mem_process_seqs] Processed 1001 reads in 1.191 CPU sec, 0.168 real sec
[M::mem_process_seqs] Processed 1001 reads in 1.037 CPU sec, 0.133 real sec
397952 [main] INFO main.java.edu.mit.compbio.bisulfitehic.mapping.Bhmem  - Processing reads 1064000 ...
397952 [main] INFO main.java.edu.mit.compbio.bisulfitehic.mapping.Bhmem  - Unique mapped and paired reads 1057298 ...
397955 [main] INFO main.java.edu.mit.compbio.bisulfitehic.mapping.Bhmem  - Processing reads 1065000 ...
397955 [main] INFO main.java.edu.mit.compbio.bisulfitehic.mapping.Bhmem  - Unique mapped and paired reads 1057298 ...
[M::mem_process_seqs] Processed 1001 reads in 1.036 CPU sec, 0.153 real sec
[M::mem_process_seqs] Processed 1001 reads in 0.995 CPU sec, 0.149 real sec
[M::mem_process_seqs] Processed 1001 reads in 1.221 CPU sec, 0.165 real sec
[M::mem_process_seqs] Processed 1001 reads in 1.194 CPU sec, 0.154 real sec
398703 [main] INFO main.java.edu.mit.compbio.bisulfitehic.mapping.Bhmem  - Processing reads 1066000 ...
398703 [main] INFO main.java.edu.mit.compbio.bisulfitehic.mapping.Bhmem  - Unique mapped and paired reads 1059292 ...
398706 [main] INFO main.java.edu.mit.compbio.bisulfitehic.mapping.Bhmem  - Processing reads 1067000 ...
398706 [main] INFO main.java.edu.mit.compbio.bisulfitehic.mapping.Bhmem  - Unique mapped and paired reads 1059292 ...
[M::mem_process_seqs] Processed 1001 reads in 1.063 CPU sec, 0.154 real sec
[M::mem_process_seqs] Processed 1001 reads in 0.996 CPU sec, 0.162 real sec
[M::mem_process_seqs] Processed 1001 reads in 1.226 CPU sec, 0.158 real sec
[M::mem_process_seqs] Processed 1001 reads in 1.155 CPU sec, 0.169 real sec
399474 [main] INFO main.java.edu.mit.compbio.bisulfitehic.mapping.Bhmem  - Processing reads 1068000 ...
399474 [main] INFO main.java.edu.mit.compbio.bisulfitehic.mapping.Bhmem  - Unique mapped and paired reads 1061284 ...
399477 [main] INFO main.java.edu.mit.compbio.bisulfitehic.mapping.Bhmem  - Processing reads 1069000 ...
399477 [main] INFO main.java.edu.mit.compbio.bisulfitehic.mapping.Bhmem  - Unique mapped and paired reads 1061284 ...
[M::mem_process_seqs] Processed 1001 reads in 1.024 CPU sec, 0.149 real sec
[M::mem_process_seqs] Processed 1001 reads in 0.999 CPU sec, 0.137 real sec
[M::mem_process_seqs] Processed 1001 reads in 1.066 CPU sec, 0.145 real sec
[M::mem_process_seqs] Processed 1001 reads in 1.133 CPU sec, 0.173 real sec
400200 [main] INFO main.java.edu.mit.compbio.bisulfitehic.mapping.Bhmem  - Processing reads 1070000 ...
400200 [main] INFO main.java.edu.mit.compbio.bisulfitehic.mapping.Bhmem  - Unique mapped and paired reads 1063272 ...
400203 [main] INFO main.java.edu.mit.compbio.bisulfitehic.mapping.Bhmem  - Processing reads 1071000 ...
400203 [main] INFO main.java.edu.mit.compbio.bisulfitehic.mapping.Bhmem  - Unique mapped and paired reads 1063272 ...
[M::mem_process_seqs] Processed 1001 reads in 1.015 CPU sec, 0.137 real sec
[M::mem_process_seqs] Processed 1001 reads in 0.982 CPU sec, 0.141 real sec
[M::mem_process_seqs] Processed 1001 reads in 1.049 CPU sec, 0.141 real sec
[M::mem_process_seqs] Processed 1001 reads in 1.107 CPU sec, 0.156 real sec
400905 [main] INFO main.java.edu.mit.compbio.bisulfitehic.mapping.Bhmem  - Processing reads 1072000 ...
400905 [main] INFO main.java.edu.mit.compbio.bisulfitehic.mapping.Bhmem  - Unique mapped and paired reads 1065264 ...
400908 [main] INFO main.java.edu.mit.compbio.bisulfitehic.mapping.Bhmem  - Processing reads 1073000 ...
400908 [main] INFO main.java.edu.mit.compbio.bisulfitehic.mapping.Bhmem  - Unique mapped and paired reads 1065264 ...
[M::mem_process_seqs] Processed 1001 reads in 1.089 CPU sec, 0.140 real sec
[M::mem_process_seqs] Processed 1001 reads in 1.008 CPU sec, 0.134 real sec
[M::mem_process_seqs] Processed 1001 reads in 1.103 CPU sec, 0.142 real sec
[M::mem_process_seqs] Processed 1001 reads in 1.111 CPU sec, 0.161 real sec
401609 [main] INFO main.java.edu.mit.compbio.bisulfitehic.mapping.Bhmem  - Processing reads 1074000 ...
401609 [main] INFO main.java.edu.mit.compbio.bisulfitehic.mapping.Bhmem  - Unique mapped and paired reads 1067254 ...
401612 [main] INFO main.java.edu.mit.compbio.bisulfitehic.mapping.Bhmem  - Processing reads 1075000 ...
401612 [main] INFO main.java.edu.mit.compbio.bisulfitehic.mapping.Bhmem  - Unique mapped and paired reads 1067254 ...
[M::mem_process_seqs] Processed 1001 reads in 1.086 CPU sec, 0.169 real sec
[M::mem_process_seqs] Processed 1001 reads in 0.921 CPU sec, 0.133 real sec
[M::mem_process_seqs] Processed 1001 reads in 1.123 CPU sec, 0.145 real sec
[M::mem_process_seqs] Processed 1001 reads in 1.053 CPU sec, 0.155 real sec
402379 [main] INFO main.java.edu.mit.compbio.bisulfitehic.mapping.Bhmem  - Processing reads 1076000 ...
402379 [main] INFO main.java.edu.mit.compbio.bisulfitehic.mapping.Bhmem  - Unique mapped and paired reads 1069248 ...
402382 [main] INFO main.java.edu.mit.compbio.bisulfitehic.mapping.Bhmem  - Processing reads 1077000 ...
402382 [main] INFO main.java.edu.mit.compbio.bisulfitehic.mapping.Bhmem  - Unique mapped and paired reads 1069248 ...
[M::mem_process_seqs] Processed 1001 reads in 0.972 CPU sec, 0.143 real sec
[M::mem_process_seqs] Processed 1001 reads in 1.030 CPU sec, 0.149 real sec
[M::mem_process_seqs] Processed 1001 reads in 1.090 CPU sec, 0.142 real sec
[M::mem_process_seqs] Processed 1001 reads in 1.160 CPU sec, 0.147 real sec
403084 [main] INFO main.java.edu.mit.compbio.bisulfitehic.mapping.Bhmem  - Processing reads 1078000 ...
403084 [main] INFO main.java.edu.mit.compbio.bisulfitehic.mapping.Bhmem  - Unique mapped and paired reads 1071238 ...
403087 [main] INFO main.java.edu.mit.compbio.bisulfitehic.mapping.Bhmem  - Processing reads 1079000 ...
403087 [main] INFO main.java.edu.mit.compbio.bisulfitehic.mapping.Bhmem  - Unique mapped and paired reads 1071238 ...
[M::mem_process_seqs] Processed 1001 reads in 1.079 CPU sec, 0.139 real sec
[M::mem_process_seqs] Processed 1001 reads in 0.897 CPU sec, 0.135 real sec
[M::mem_process_seqs] Processed 1001 reads in 1.101 CPU sec, 0.139 real sec
[M::mem_process_seqs] Processed 1001 reads in 0.972 CPU sec, 0.141 real sec
403755 [main] INFO main.java.edu.mit.compbio.bisulfitehic.mapping.Bhmem  - Processing reads 1080000 ...
403755 [main] INFO main.java.edu.mit.compbio.bisulfitehic.mapping.Bhmem  - Unique mapped and paired reads 1073222 ...
403758 [main] INFO main.java.edu.mit.compbio.bisulfitehic.mapping.Bhmem  - Processing reads 1081000 ...
403758 [main] INFO main.java.edu.mit.compbio.bisulfitehic.mapping.Bhmem  - Unique mapped and paired reads 1073222 ...
[M::mem_process_seqs] Processed 1001 reads in 1.046 CPU sec, 0.151 real sec
[M::mem_process_seqs] Processed 1001 reads in 0.955 CPU sec, 0.123 real sec
[M::mem_process_seqs] Processed 1001 reads in 1.163 CPU sec, 0.154 real sec
[M::mem_process_seqs] Processed 1001 reads in 1.134 CPU sec, 0.171 real sec
404481 [main] INFO main.java.edu.mit.compbio.bisulfitehic.mapping.Bhmem  - Processing reads 1082000 ...
404481 [main] INFO main.java.edu.mit.compbio.bisulfitehic.mapping.Bhmem  - Unique mapped and paired reads 1075222 ...
404484 [main] INFO main.java.edu.mit.compbio.bisulfitehic.mapping.Bhmem  - Processing reads 1083000 ...
404484 [main] INFO main.java.edu.mit.compbio.bisulfitehic.mapping.Bhmem  - Unique mapped and paired reads 1075222 ...
[M::mem_process_seqs] Processed 1001 reads in 0.929 CPU sec, 0.132 real sec
[M::mem_process_seqs] Processed 1001 reads in 0.863 CPU sec, 0.109 real sec
[M::mem_process_seqs] Processed 1001 reads in 1.108 CPU sec, 0.142 real sec
[M::mem_process_seqs] Processed 1001 reads in 1.013 CPU sec, 0.148 real sec
405146 [main] INFO main.java.edu.mit.compbio.bisulfitehic.mapping.Bhmem  - Processing reads 1084000 ...
405146 [main] INFO main.java.edu.mit.compbio.bisulfitehic.mapping.Bhmem  - Unique mapped and paired reads 1077208 ...
405149 [main] INFO main.java.edu.mit.compbio.bisulfitehic.mapping.Bhmem  - Processing reads 1085000 ...
405149 [main] INFO main.java.edu.mit.compbio.bisulfitehic.mapping.Bhmem  - Unique mapped and paired reads 1077208 ...
[M::mem_process_seqs] Processed 1001 reads in 0.975 CPU sec, 0.136 real sec
[M::mem_process_seqs] Processed 1001 reads in 0.918 CPU sec, 0.120 real sec
[M::mem_process_seqs] Processed 1001 reads in 1.079 CPU sec, 0.165 real sec
[M::mem_process_seqs] Processed 1001 reads in 1.108 CPU sec, 0.160 real sec
405850 [main] INFO main.java.edu.mit.compbio.bisulfitehic.mapping.Bhmem  - Processing reads 1086000 ...
405850 [main] INFO main.java.edu.mit.compbio.bisulfitehic.mapping.Bhmem  - Unique mapped and paired reads 1079196 ...
405853 [main] INFO main.java.edu.mit.compbio.bisulfitehic.mapping.Bhmem  - Processing reads 1087000 ...
405853 [main] INFO main.java.edu.mit.compbio.bisulfitehic.mapping.Bhmem  - Unique mapped and paired reads 1079196 ...
[M::mem_process_seqs] Processed 1001 reads in 1.031 CPU sec, 0.155 real sec
[M::mem_process_seqs] Processed 1001 reads in 1.039 CPU sec, 0.140 real sec
[M::mem_process_seqs] Processed 1001 reads in 1.066 CPU sec, 0.155 real sec
[M::mem_process_seqs] Processed 1001 reads in 1.085 CPU sec, 0.159 real sec
406587 [main] INFO main.java.edu.mit.compbio.bisulfitehic.mapping.Bhmem  - Processing reads 1088000 ...
406587 [main] INFO main.java.edu.mit.compbio.bisulfitehic.mapping.Bhmem  - Unique mapped and paired reads 1081188 ...
406590 [main] INFO main.java.edu.mit.compbio.bisulfitehic.mapping.Bhmem  - Processing reads 1089000 ...
406590 [main] INFO main.java.edu.mit.compbio.bisulfitehic.mapping.Bhmem  - Unique mapped and paired reads 1081188 ...
[M::mem_process_seqs] Processed 1001 reads in 0.985 CPU sec, 0.153 real sec
[M::mem_process_seqs] Processed 1001 reads in 1.075 CPU sec, 0.235 real sec
[M::mem_process_seqs] Processed 1001 reads in 1.030 CPU sec, 0.139 real sec
[M::mem_process_seqs] Processed 1001 reads in 1.101 CPU sec, 0.153 real sec
407395 [main] INFO main.java.edu.mit.compbio.bisulfitehic.mapping.Bhmem  - Processing reads 1090000 ...
407395 [main] INFO main.java.edu.mit.compbio.bisulfitehic.mapping.Bhmem  - Unique mapped and paired reads 1083180 ...
407398 [main] INFO main.java.edu.mit.compbio.bisulfitehic.mapping.Bhmem  - Processing reads 1091000 ...
407398 [main] INFO main.java.edu.mit.compbio.bisulfitehic.mapping.Bhmem  - Unique mapped and paired reads 1083180 ...
[M::mem_process_seqs] Processed 1001 reads in 0.953 CPU sec, 0.128 real sec
[M::mem_process_seqs] Processed 1001 reads in 0.830 CPU sec, 0.127 real sec
[M::mem_process_seqs] Processed 1001 reads in 1.018 CPU sec, 0.147 real sec
[M::mem_process_seqs] Processed 1001 reads in 0.926 CPU sec, 0.136 real sec
408053 [main] INFO main.java.edu.mit.compbio.bisulfitehic.mapping.Bhmem  - Processing reads 1092000 ...
408053 [main] INFO main.java.edu.mit.compbio.bisulfitehic.mapping.Bhmem  - Unique mapped and paired reads 1085178 ...
408056 [main] INFO main.java.edu.mit.compbio.bisulfitehic.mapping.Bhmem  - Processing reads 1093000 ...
408056 [main] INFO main.java.edu.mit.compbio.bisulfitehic.mapping.Bhmem  - Unique mapped and paired reads 1085178 ...
[M::mem_process_seqs] Processed 1001 reads in 1.030 CPU sec, 0.148 real sec
[M::mem_process_seqs] Processed 1001 reads in 0.934 CPU sec, 0.119 real sec
[M::mem_process_seqs] Processed 1001 reads in 1.055 CPU sec, 0.142 real sec
[M::mem_process_seqs] Processed 1001 reads in 1.068 CPU sec, 0.162 real sec
408750 [main] INFO main.java.edu.mit.compbio.bisulfitehic.mapping.Bhmem  - Processing reads 1094000 ...
408750 [main] INFO main.java.edu.mit.compbio.bisulfitehic.mapping.Bhmem  - Unique mapped and paired reads 1087168 ...
408753 [main] INFO main.java.edu.mit.compbio.bisulfitehic.mapping.Bhmem  - Processing reads 1095000 ...
408753 [main] INFO main.java.edu.mit.compbio.bisulfitehic.mapping.Bhmem  - Unique mapped and paired reads 1087168 ...
[M::mem_process_seqs] Processed 1001 reads in 1.055 CPU sec, 0.156 real sec
[M::mem_process_seqs] Processed 1001 reads in 1.035 CPU sec, 0.150 real sec
[M::mem_process_seqs] Processed 1001 reads in 1.158 CPU sec, 0.173 real sec
[M::mem_process_seqs] Processed 1001 reads in 1.317 CPU sec, 0.182 real sec
409544 [main] INFO main.java.edu.mit.compbio.bisulfitehic.mapping.Bhmem  - Processing reads 1096000 ...
409544 [main] INFO main.java.edu.mit.compbio.bisulfitehic.mapping.Bhmem  - Unique mapped and paired reads 1089160 ...
409547 [main] INFO main.java.edu.mit.compbio.bisulfitehic.mapping.Bhmem  - Processing reads 1097000 ...
409547 [main] INFO main.java.edu.mit.compbio.bisulfitehic.mapping.Bhmem  - Unique mapped and paired reads 1089160 ...
[M::mem_process_seqs] Processed 1001 reads in 1.043 CPU sec, 0.155 real sec
[M::mem_process_seqs] Processed 1001 reads in 0.985 CPU sec, 0.136 real sec
[M::mem_process_seqs] Processed 1001 reads in 1.161 CPU sec, 0.164 real sec
[M::mem_process_seqs] Processed 1001 reads in 1.098 CPU sec, 0.158 real sec
410281 [main] INFO main.java.edu.mit.compbio.bisulfitehic.mapping.Bhmem  - Processing reads 1098000 ...
410281 [main] INFO main.java.edu.mit.compbio.bisulfitehic.mapping.Bhmem  - Unique mapped and paired reads 1091150 ...
410284 [main] INFO main.java.edu.mit.compbio.bisulfitehic.mapping.Bhmem  - Processing reads 1099000 ...
410284 [main] INFO main.java.edu.mit.compbio.bisulfitehic.mapping.Bhmem  - Unique mapped and paired reads 1091150 ...
[M::mem_process_seqs] Processed 1001 reads in 1.065 CPU sec, 0.155 real sec
[M::mem_process_seqs] Processed 1001 reads in 1.078 CPU sec, 0.156 real sec
[M::mem_process_seqs] Processed 1001 reads in 1.131 CPU sec, 0.163 real sec
[M::mem_process_seqs] Processed 1001 reads in 1.182 CPU sec, 0.162 real sec
411049 [main] INFO main.java.edu.mit.compbio.bisulfitehic.mapping.Bhmem  - Processing reads 1100000 ...
411049 [main] INFO main.java.edu.mit.compbio.bisulfitehic.mapping.Bhmem  - Unique mapped and paired reads 1093144 ...
411052 [main] INFO main.java.edu.mit.compbio.bisulfitehic.mapping.Bhmem  - Processing reads 1101000 ...
411052 [main] INFO main.java.edu.mit.compbio.bisulfitehic.mapping.Bhmem  - Unique mapped and paired reads 1093144 ...
[M::mem_process_seqs] Processed 1001 reads in 0.967 CPU sec, 0.141 real sec
[M::mem_process_seqs] Processed 1001 reads in 0.975 CPU sec, 0.143 real sec
[M::mem_process_seqs] Processed 1001 reads in 1.160 CPU sec, 0.167 real sec
[M::mem_process_seqs] Processed 1001 reads in 1.131 CPU sec, 0.145 real sec
411773 [main] INFO main.java.edu.mit.compbio.bisulfitehic.mapping.Bhmem  - Processing reads 1102000 ...
411773 [main] INFO main.java.edu.mit.compbio.bisulfitehic.mapping.Bhmem  - Unique mapped and paired reads 1095124 ...
411776 [main] INFO main.java.edu.mit.compbio.bisulfitehic.mapping.Bhmem  - Processing reads 1103000 ...
411776 [main] INFO main.java.edu.mit.compbio.bisulfitehic.mapping.Bhmem  - Unique mapped and paired reads 1095124 ...
[M::mem_process_seqs] Processed 1001 reads in 1.037 CPU sec, 0.151 real sec
[M::mem_process_seqs] Processed 1001 reads in 0.952 CPU sec, 0.142 real sec
[M::mem_process_seqs] Processed 1001 reads in 1.188 CPU sec, 0.178 real sec
[M::mem_process_seqs] Processed 1001 reads in 1.214 CPU sec, 0.164 real sec
412539 [main] INFO main.java.edu.mit.compbio.bisulfitehic.mapping.Bhmem  - Processing reads 1104000 ...
412539 [main] INFO main.java.edu.mit.compbio.bisulfitehic.mapping.Bhmem  - Unique mapped and paired reads 1097110 ...
412542 [main] INFO main.java.edu.mit.compbio.bisulfitehic.mapping.Bhmem  - Processing reads 1105000 ...
412542 [main] INFO main.java.edu.mit.compbio.bisulfitehic.mapping.Bhmem  - Unique mapped and paired reads 1097110 ...
[M::mem_process_seqs] Processed 1001 reads in 0.980 CPU sec, 0.142 real sec
[M::mem_process_seqs] Processed 1001 reads in 0.894 CPU sec, 0.130 real sec
[M::mem_process_seqs] Processed 1001 reads in 1.125 CPU sec, 0.150 real sec
[M::mem_process_seqs] Processed 1001 reads in 1.148 CPU sec, 0.154 real sec
413247 [main] INFO main.java.edu.mit.compbio.bisulfitehic.mapping.Bhmem  - Processing reads 1106000 ...
413247 [main] INFO main.java.edu.mit.compbio.bisulfitehic.mapping.Bhmem  - Unique mapped and paired reads 1099108 ...
413250 [main] INFO main.java.edu.mit.compbio.bisulfitehic.mapping.Bhmem  - Processing reads 1107000 ...
413250 [main] INFO main.java.edu.mit.compbio.bisulfitehic.mapping.Bhmem  - Unique mapped and paired reads 1099108 ...
[M::mem_process_seqs] Processed 1001 reads in 0.968 CPU sec, 0.141 real sec
[M::mem_process_seqs] Processed 1001 reads in 0.989 CPU sec, 0.133 real sec
[M::mem_process_seqs] Processed 1001 reads in 1.221 CPU sec, 0.163 real sec
[M::mem_process_seqs] Processed 1001 reads in 1.291 CPU sec, 0.167 real sec
413977 [main] INFO main.java.edu.mit.compbio.bisulfitehic.mapping.Bhmem  - Processing reads 1108000 ...
413977 [main] INFO main.java.edu.mit.compbio.bisulfitehic.mapping.Bhmem  - Unique mapped and paired reads 1101104 ...
413980 [main] INFO main.java.edu.mit.compbio.bisulfitehic.mapping.Bhmem  - Processing reads 1109000 ...
413980 [main] INFO main.java.edu.mit.compbio.bisulfitehic.mapping.Bhmem  - Unique mapped and paired reads 1101104 ...
[M::mem_process_seqs] Processed 1001 reads in 1.073 CPU sec, 0.138 real sec
[M::mem_process_seqs] Processed 1001 reads in 0.929 CPU sec, 0.135 real sec
[M::mem_process_seqs] Processed 1001 reads in 1.173 CPU sec, 0.169 real sec
[M::mem_process_seqs] Processed 1001 reads in 1.186 CPU sec, 0.175 real sec
414727 [main] INFO main.java.edu.mit.compbio.bisulfitehic.mapping.Bhmem  - Processing reads 1110000 ...
414727 [main] INFO main.java.edu.mit.compbio.bisulfitehic.mapping.Bhmem  - Unique mapped and paired reads 1103098 ...
414730 [main] INFO main.java.edu.mit.compbio.bisulfitehic.mapping.Bhmem  - Processing reads 1111000 ...
414730 [main] INFO main.java.edu.mit.compbio.bisulfitehic.mapping.Bhmem  - Unique mapped and paired reads 1103098 ...
[M::mem_process_seqs] Processed 1001 reads in 1.025 CPU sec, 0.165 real sec
[M::mem_process_seqs] Processed 1001 reads in 0.942 CPU sec, 0.136 real sec
[M::mem_process_seqs] Processed 1001 reads in 1.063 CPU sec, 0.136 real sec
[M::mem_process_seqs] Processed 1001 reads in 1.001 CPU sec, 0.146 real sec
415434 [main] INFO main.java.edu.mit.compbio.bisulfitehic.mapping.Bhmem  - Processing reads 1112000 ...
415434 [main] INFO main.java.edu.mit.compbio.bisulfitehic.mapping.Bhmem  - Unique mapped and paired reads 1105082 ...
415437 [main] INFO main.java.edu.mit.compbio.bisulfitehic.mapping.Bhmem  - Processing reads 1113000 ...
415437 [main] INFO main.java.edu.mit.compbio.bisulfitehic.mapping.Bhmem  - Unique mapped and paired reads 1105082 ...
[M::mem_process_seqs] Processed 1001 reads in 1.003 CPU sec, 0.148 real sec
[M::mem_process_seqs] Processed 1001 reads in 0.944 CPU sec, 0.121 real sec
[M::mem_process_seqs] Processed 1001 reads in 1.178 CPU sec, 0.150 real sec
[M::mem_process_seqs] Processed 1001 reads in 1.055 CPU sec, 0.153 real sec
416130 [main] INFO main.java.edu.mit.compbio.bisulfitehic.mapping.Bhmem  - Processing reads 1114000 ...
416130 [main] INFO main.java.edu.mit.compbio.bisulfitehic.mapping.Bhmem  - Unique mapped and paired reads 1107070 ...
416133 [main] INFO main.java.edu.mit.compbio.bisulfitehic.mapping.Bhmem  - Processing reads 1115000 ...
416133 [main] INFO main.java.edu.mit.compbio.bisulfitehic.mapping.Bhmem  - Unique mapped and paired reads 1107070 ...
[M::mem_process_seqs] Processed 1001 reads in 1.081 CPU sec, 0.153 real sec
[M::mem_process_seqs] Processed 1001 reads in 1.062 CPU sec, 0.136 real sec
[M::mem_process_seqs] Processed 1001 reads in 1.149 CPU sec, 0.170 real sec
[M::mem_process_seqs] Processed 1001 reads in 1.215 CPU sec, 0.176 real sec
416893 [main] INFO main.java.edu.mit.compbio.bisulfitehic.mapping.Bhmem  - Processing reads 1116000 ...
416893 [main] INFO main.java.edu.mit.compbio.bisulfitehic.mapping.Bhmem  - Unique mapped and paired reads 1109062 ...
416896 [main] INFO main.java.edu.mit.compbio.bisulfitehic.mapping.Bhmem  - Processing reads 1117000 ...
416896 [main] INFO main.java.edu.mit.compbio.bisulfitehic.mapping.Bhmem  - Unique mapped and paired reads 1109062 ...
[M::mem_process_seqs] Processed 1001 reads in 1.052 CPU sec, 0.155 real sec
[M::mem_process_seqs] Processed 1001 reads in 0.997 CPU sec, 0.131 real sec
[M::mem_process_seqs] Processed 1001 reads in 1.141 CPU sec, 0.165 real sec
[M::mem_process_seqs] Processed 1001 reads in 1.160 CPU sec, 0.168 real sec
417640 [main] INFO main.java.edu.mit.compbio.bisulfitehic.mapping.Bhmem  - Processing reads 1118000 ...
417640 [main] INFO main.java.edu.mit.compbio.bisulfitehic.mapping.Bhmem  - Unique mapped and paired reads 1111056 ...
417643 [main] INFO main.java.edu.mit.compbio.bisulfitehic.mapping.Bhmem  - Processing reads 1119000 ...
417643 [main] INFO main.java.edu.mit.compbio.bisulfitehic.mapping.Bhmem  - Unique mapped and paired reads 1111056 ...
[M::mem_process_seqs] Processed 1001 reads in 0.992 CPU sec, 0.126 real sec
[M::mem_process_seqs] Processed 1001 reads in 0.865 CPU sec, 0.127 real sec
[M::mem_process_seqs] Processed 1001 reads in 1.036 CPU sec, 0.150 real sec
[M::mem_process_seqs] Processed 1001 reads in 1.163 CPU sec, 0.162 real sec
418328 [main] INFO main.java.edu.mit.compbio.bisulfitehic.mapping.Bhmem  - Processing reads 1120000 ...
418328 [main] INFO main.java.edu.mit.compbio.bisulfitehic.mapping.Bhmem  - Unique mapped and paired reads 1113044 ...
418331 [main] INFO main.java.edu.mit.compbio.bisulfitehic.mapping.Bhmem  - Processing reads 1121000 ...
418331 [main] INFO main.java.edu.mit.compbio.bisulfitehic.mapping.Bhmem  - Unique mapped and paired reads 1113044 ...
[M::mem_process_seqs] Processed 1001 reads in 0.913 CPU sec, 0.116 real sec
[M::mem_process_seqs] Processed 1001 reads in 0.852 CPU sec, 0.127 real sec
[M::mem_process_seqs] Processed 1001 reads in 1.101 CPU sec, 0.151 real sec
[M::mem_process_seqs] Processed 1001 reads in 1.127 CPU sec, 0.146 real sec
418998 [main] INFO main.java.edu.mit.compbio.bisulfitehic.mapping.Bhmem  - Processing reads 1122000 ...
418998 [main] INFO main.java.edu.mit.compbio.bisulfitehic.mapping.Bhmem  - Unique mapped and paired reads 1115032 ...
419001 [main] INFO main.java.edu.mit.compbio.bisulfitehic.mapping.Bhmem  - Processing reads 1123000 ...
419001 [main] INFO main.java.edu.mit.compbio.bisulfitehic.mapping.Bhmem  - Unique mapped and paired reads 1115032 ...
[M::mem_process_seqs] Processed 1001 reads in 0.979 CPU sec, 0.128 real sec
[M::mem_process_seqs] Processed 1001 reads in 0.952 CPU sec, 0.142 real sec
[M::mem_process_seqs] Processed 1001 reads in 1.109 CPU sec, 0.154 real sec
[M::mem_process_seqs] Processed 1001 reads in 1.113 CPU sec, 0.160 real sec
419708 [main] INFO main.java.edu.mit.compbio.bisulfitehic.mapping.Bhmem  - Processing reads 1124000 ...
419708 [main] INFO main.java.edu.mit.compbio.bisulfitehic.mapping.Bhmem  - Unique mapped and paired reads 1117020 ...
419711 [main] INFO main.java.edu.mit.compbio.bisulfitehic.mapping.Bhmem  - Processing reads 1125000 ...
419711 [main] INFO main.java.edu.mit.compbio.bisulfitehic.mapping.Bhmem  - Unique mapped and paired reads 1117020 ...
[M::mem_process_seqs] Processed 1001 reads in 1.071 CPU sec, 0.145 real sec
[M::mem_process_seqs] Processed 1001 reads in 0.966 CPU sec, 0.130 real sec
[M::mem_process_seqs] Processed 1001 reads in 1.098 CPU sec, 0.151 real sec
[M::mem_process_seqs] Processed 1001 reads in 1.203 CPU sec, 0.161 real sec
420427 [main] INFO main.java.edu.mit.compbio.bisulfitehic.mapping.Bhmem  - Processing reads 1126000 ...
420427 [main] INFO main.java.edu.mit.compbio.bisulfitehic.mapping.Bhmem  - Unique mapped and paired reads 1119016 ...
420430 [main] INFO main.java.edu.mit.compbio.bisulfitehic.mapping.Bhmem  - Processing reads 1127000 ...
420430 [main] INFO main.java.edu.mit.compbio.bisulfitehic.mapping.Bhmem  - Unique mapped and paired reads 1119016 ...
[M::mem_process_seqs] Processed 1001 reads in 1.116 CPU sec, 0.163 real sec
[M::mem_process_seqs] Processed 1001 reads in 1.060 CPU sec, 0.167 real sec
[M::mem_process_seqs] Processed 1001 reads in 1.270 CPU sec, 0.183 real sec
[M::mem_process_seqs] Processed 1001 reads in 1.318 CPU sec, 0.193 real sec
421267 [main] INFO main.java.edu.mit.compbio.bisulfitehic.mapping.Bhmem  - Processing reads 1128000 ...
421267 [main] INFO main.java.edu.mit.compbio.bisulfitehic.mapping.Bhmem  - Unique mapped and paired reads 1121012 ...
421270 [main] INFO main.java.edu.mit.compbio.bisulfitehic.mapping.Bhmem  - Processing reads 1129000 ...
421270 [main] INFO main.java.edu.mit.compbio.bisulfitehic.mapping.Bhmem  - Unique mapped and paired reads 1121012 ...
[M::mem_process_seqs] Processed 1001 reads in 1.046 CPU sec, 0.156 real sec
[M::mem_process_seqs] Processed 1001 reads in 1.014 CPU sec, 0.147 real sec
[M::mem_process_seqs] Processed 1001 reads in 1.200 CPU sec, 0.160 real sec
[M::mem_process_seqs] Processed 1001 reads in 1.156 CPU sec, 0.159 real sec
422019 [main] INFO main.java.edu.mit.compbio.bisulfitehic.mapping.Bhmem  - Processing reads 1130000 ...
422019 [main] INFO main.java.edu.mit.compbio.bisulfitehic.mapping.Bhmem  - Unique mapped and paired reads 1123004 ...
422022 [main] INFO main.java.edu.mit.compbio.bisulfitehic.mapping.Bhmem  - Processing reads 1131000 ...
422022 [main] INFO main.java.edu.mit.compbio.bisulfitehic.mapping.Bhmem  - Unique mapped and paired reads 1123004 ...
[M::mem_process_seqs] Processed 1001 reads in 1.015 CPU sec, 0.136 real sec
[M::mem_process_seqs] Processed 1001 reads in 0.982 CPU sec, 0.143 real sec
[M::mem_process_seqs] Processed 1001 reads in 1.147 CPU sec, 0.167 real sec
[M::mem_process_seqs] Processed 1001 reads in 1.176 CPU sec, 0.149 real sec
422761 [main] INFO main.java.edu.mit.compbio.bisulfitehic.mapping.Bhmem  - Processing reads 1132000 ...
422761 [main] INFO main.java.edu.mit.compbio.bisulfitehic.mapping.Bhmem  - Unique mapped and paired reads 1124992 ...
422764 [main] INFO main.java.edu.mit.compbio.bisulfitehic.mapping.Bhmem  - Processing reads 1133000 ...
422764 [main] INFO main.java.edu.mit.compbio.bisulfitehic.mapping.Bhmem  - Unique mapped and paired reads 1124992 ...
[M::mem_process_seqs] Processed 1001 reads in 1.034 CPU sec, 0.149 real sec
[M::mem_process_seqs] Processed 1001 reads in 0.908 CPU sec, 0.133 real sec
[M::mem_process_seqs] Processed 1001 reads in 1.107 CPU sec, 0.152 real sec
[M::mem_process_seqs] Processed 1001 reads in 1.134 CPU sec, 0.149 real sec
423477 [main] INFO main.java.edu.mit.compbio.bisulfitehic.mapping.Bhmem  - Processing reads 1134000 ...
423477 [main] INFO main.java.edu.mit.compbio.bisulfitehic.mapping.Bhmem  - Unique mapped and paired reads 1126980 ...
423480 [main] INFO main.java.edu.mit.compbio.bisulfitehic.mapping.Bhmem  - Processing reads 1135000 ...
423480 [main] INFO main.java.edu.mit.compbio.bisulfitehic.mapping.Bhmem  - Unique mapped and paired reads 1126980 ...
[M::mem_process_seqs] Processed 1001 reads in 1.055 CPU sec, 0.152 real sec
[M::mem_process_seqs] Processed 1001 reads in 1.011 CPU sec, 0.141 real sec
[M::mem_process_seqs] Processed 1001 reads in 1.135 CPU sec, 0.163 real sec
[M::mem_process_seqs] Processed 1001 reads in 1.186 CPU sec, 0.150 real sec
424214 [main] INFO main.java.edu.mit.compbio.bisulfitehic.mapping.Bhmem  - Processing reads 1136000 ...
424214 [main] INFO main.java.edu.mit.compbio.bisulfitehic.mapping.Bhmem  - Unique mapped and paired reads 1128972 ...
424217 [main] INFO main.java.edu.mit.compbio.bisulfitehic.mapping.Bhmem  - Processing reads 1137000 ...
424217 [main] INFO main.java.edu.mit.compbio.bisulfitehic.mapping.Bhmem  - Unique mapped and paired reads 1128972 ...
[M::mem_process_seqs] Processed 1001 reads in 1.066 CPU sec, 0.161 real sec
[M::mem_process_seqs] Processed 1001 reads in 1.029 CPU sec, 0.148 real sec
[M::mem_process_seqs] Processed 1001 reads in 1.155 CPU sec, 0.160 real sec
[M::mem_process_seqs] Processed 1001 reads in 1.167 CPU sec, 0.147 real sec
424958 [main] INFO main.java.edu.mit.compbio.bisulfitehic.mapping.Bhmem  - Processing reads 1138000 ...
424958 [main] INFO main.java.edu.mit.compbio.bisulfitehic.mapping.Bhmem  - Unique mapped and paired reads 1130964 ...
424961 [main] INFO main.java.edu.mit.compbio.bisulfitehic.mapping.Bhmem  - Processing reads 1139000 ...
424961 [main] INFO main.java.edu.mit.compbio.bisulfitehic.mapping.Bhmem  - Unique mapped and paired reads 1130964 ...
[M::mem_process_seqs] Processed 1001 reads in 0.990 CPU sec, 0.150 real sec
[M::mem_process_seqs] Processed 1001 reads in 0.997 CPU sec, 0.152 real sec
[M::mem_process_seqs] Processed 1001 reads in 1.085 CPU sec, 0.151 real sec
[M::mem_process_seqs] Processed 1001 reads in 1.155 CPU sec, 0.150 real sec
425688 [main] INFO main.java.edu.mit.compbio.bisulfitehic.mapping.Bhmem  - Processing reads 1140000 ...
425688 [main] INFO main.java.edu.mit.compbio.bisulfitehic.mapping.Bhmem  - Unique mapped and paired reads 1132958 ...
425691 [main] INFO main.java.edu.mit.compbio.bisulfitehic.mapping.Bhmem  - Processing reads 1141000 ...
425691 [main] INFO main.java.edu.mit.compbio.bisulfitehic.mapping.Bhmem  - Unique mapped and paired reads 1132958 ...
[M::mem_process_seqs] Processed 1001 reads in 1.034 CPU sec, 0.154 real sec
[M::mem_process_seqs] Processed 1001 reads in 0.918 CPU sec, 0.132 real sec
[M::mem_process_seqs] Processed 1001 reads in 1.077 CPU sec, 0.145 real sec
[M::mem_process_seqs] Processed 1001 reads in 1.088 CPU sec, 0.164 real sec
426413 [main] INFO main.java.edu.mit.compbio.bisulfitehic.mapping.Bhmem  - Processing reads 1142000 ...
426413 [main] INFO main.java.edu.mit.compbio.bisulfitehic.mapping.Bhmem  - Unique mapped and paired reads 1134950 ...
426416 [main] INFO main.java.edu.mit.compbio.bisulfitehic.mapping.Bhmem  - Processing reads 1143000 ...
426416 [main] INFO main.java.edu.mit.compbio.bisulfitehic.mapping.Bhmem  - Unique mapped and paired reads 1134950 ...
[M::mem_process_seqs] Processed 1001 reads in 1.039 CPU sec, 0.144 real sec
[M::mem_process_seqs] Processed 1001 reads in 1.018 CPU sec, 0.140 real sec
[M::mem_process_seqs] Processed 1001 reads in 1.166 CPU sec, 0.157 real sec
[M::mem_process_seqs] Processed 1001 reads in 1.146 CPU sec, 0.166 real sec
427152 [main] INFO main.java.edu.mit.compbio.bisulfitehic.mapping.Bhmem  - Processing reads 1144000 ...
427152 [main] INFO main.java.edu.mit.compbio.bisulfitehic.mapping.Bhmem  - Unique mapped and paired reads 1136946 ...
427155 [main] INFO main.java.edu.mit.compbio.bisulfitehic.mapping.Bhmem  - Processing reads 1145000 ...
427155 [main] INFO main.java.edu.mit.compbio.bisulfitehic.mapping.Bhmem  - Unique mapped and paired reads 1136946 ...
[M::mem_process_seqs] Processed 1001 reads in 0.946 CPU sec, 0.143 real sec
[M::mem_process_seqs] Processed 1001 reads in 1.037 CPU sec, 0.157 real sec
[M::mem_process_seqs] Processed 1001 reads in 1.224 CPU sec, 0.157 real sec
[M::mem_process_seqs] Processed 1001 reads in 1.193 CPU sec, 0.176 real sec
427912 [main] INFO main.java.edu.mit.compbio.bisulfitehic.mapping.Bhmem  - Processing reads 1146000 ...
427912 [main] INFO main.java.edu.mit.compbio.bisulfitehic.mapping.Bhmem  - Unique mapped and paired reads 1138936 ...
427915 [main] INFO main.java.edu.mit.compbio.bisulfitehic.mapping.Bhmem  - Processing reads 1147000 ...
427915 [main] INFO main.java.edu.mit.compbio.bisulfitehic.mapping.Bhmem  - Unique mapped and paired reads 1138936 ...
[M::mem_process_seqs] Processed 1001 reads in 0.974 CPU sec, 0.141 real sec
[M::mem_process_seqs] Processed 1001 reads in 0.931 CPU sec, 0.138 real sec
[M::mem_process_seqs] Processed 1001 reads in 1.150 CPU sec, 0.167 real sec
[M::mem_process_seqs] Processed 1001 reads in 1.196 CPU sec, 0.174 real sec
428672 [main] INFO main.java.edu.mit.compbio.bisulfitehic.mapping.Bhmem  - Processing reads 1148000 ...
428672 [main] INFO main.java.edu.mit.compbio.bisulfitehic.mapping.Bhmem  - Unique mapped and paired reads 1140916 ...
428675 [main] INFO main.java.edu.mit.compbio.bisulfitehic.mapping.Bhmem  - Processing reads 1149000 ...
428675 [main] INFO main.java.edu.mit.compbio.bisulfitehic.mapping.Bhmem  - Unique mapped and paired reads 1140916 ...
[M::mem_process_seqs] Processed 1001 reads in 1.018 CPU sec, 0.137 real sec
[M::mem_process_seqs] Processed 1001 reads in 0.936 CPU sec, 0.121 real sec
[M::mem_process_seqs] Processed 1001 reads in 1.236 CPU sec, 0.173 real sec
[M::mem_process_seqs] Processed 1001 reads in 1.310 CPU sec, 0.173 real sec
429405 [main] INFO main.java.edu.mit.compbio.bisulfitehic.mapping.Bhmem  - Processing reads 1150000 ...
429405 [main] INFO main.java.edu.mit.compbio.bisulfitehic.mapping.Bhmem  - Unique mapped and paired reads 1142898 ...
429408 [main] INFO main.java.edu.mit.compbio.bisulfitehic.mapping.Bhmem  - Processing reads 1151000 ...
429408 [main] INFO main.java.edu.mit.compbio.bisulfitehic.mapping.Bhmem  - Unique mapped and paired reads 1142898 ...
[M::mem_process_seqs] Processed 1001 reads in 1.038 CPU sec, 0.147 real sec
[M::mem_process_seqs] Processed 1001 reads in 0.913 CPU sec, 0.143 real sec
[M::mem_process_seqs] Processed 1001 reads in 1.138 CPU sec, 0.164 real sec
[M::mem_process_seqs] Processed 1001 reads in 1.015 CPU sec, 0.153 real sec
430143 [main] INFO main.java.edu.mit.compbio.bisulfitehic.mapping.Bhmem  - Processing reads 1152000 ...
430143 [main] INFO main.java.edu.mit.compbio.bisulfitehic.mapping.Bhmem  - Unique mapped and paired reads 1144892 ...
430147 [main] INFO main.java.edu.mit.compbio.bisulfitehic.mapping.Bhmem  - Processing reads 1153000 ...
430147 [main] INFO main.java.edu.mit.compbio.bisulfitehic.mapping.Bhmem  - Unique mapped and paired reads 1144892 ...
[M::mem_process_seqs] Processed 1001 reads in 1.113 CPU sec, 0.142 real sec
[M::mem_process_seqs] Processed 1001 reads in 1.034 CPU sec, 0.150 real sec
[M::mem_process_seqs] Processed 1001 reads in 1.305 CPU sec, 0.182 real sec
[M::mem_process_seqs] Processed 1001 reads in 1.364 CPU sec, 0.173 real sec
430931 [main] INFO main.java.edu.mit.compbio.bisulfitehic.mapping.Bhmem  - Processing reads 1154000 ...
430931 [main] INFO main.java.edu.mit.compbio.bisulfitehic.mapping.Bhmem  - Unique mapped and paired reads 1146884 ...
430934 [main] INFO main.java.edu.mit.compbio.bisulfitehic.mapping.Bhmem  - Processing reads 1155000 ...
430934 [main] INFO main.java.edu.mit.compbio.bisulfitehic.mapping.Bhmem  - Unique mapped and paired reads 1146884 ...
[M::mem_process_seqs] Processed 1001 reads in 1.069 CPU sec, 0.154 real sec
[M::mem_process_seqs] Processed 1001 reads in 0.983 CPU sec, 0.124 real sec
[M::mem_process_seqs] Processed 1001 reads in 1.327 CPU sec, 0.198 real sec
[M::mem_process_seqs] Processed 1001 reads in 1.244 CPU sec, 0.179 real sec
431726 [main] INFO main.java.edu.mit.compbio.bisulfitehic.mapping.Bhmem  - Processing reads 1156000 ...
431726 [main] INFO main.java.edu.mit.compbio.bisulfitehic.mapping.Bhmem  - Unique mapped and paired reads 1148874 ...
431729 [main] INFO main.java.edu.mit.compbio.bisulfitehic.mapping.Bhmem  - Processing reads 1157000 ...
431729 [main] INFO main.java.edu.mit.compbio.bisulfitehic.mapping.Bhmem  - Unique mapped and paired reads 1148874 ...
[M::mem_process_seqs] Processed 1001 reads in 1.130 CPU sec, 0.160 real sec
[M::mem_process_seqs] Processed 1001 reads in 1.039 CPU sec, 0.153 real sec
[M::mem_process_seqs] Processed 1001 reads in 1.236 CPU sec, 0.182 real sec
[M::mem_process_seqs] Processed 1001 reads in 1.387 CPU sec, 0.185 real sec
432550 [main] INFO main.java.edu.mit.compbio.bisulfitehic.mapping.Bhmem  - Processing reads 1158000 ...
432550 [main] INFO main.java.edu.mit.compbio.bisulfitehic.mapping.Bhmem  - Unique mapped and paired reads 1150854 ...
432553 [main] INFO main.java.edu.mit.compbio.bisulfitehic.mapping.Bhmem  - Processing reads 1159000 ...
432553 [main] INFO main.java.edu.mit.compbio.bisulfitehic.mapping.Bhmem  - Unique mapped and paired reads 1150854 ...
[M::mem_process_seqs] Processed 1001 reads in 1.088 CPU sec, 0.162 real sec
[M::mem_process_seqs] Processed 1001 reads in 1.086 CPU sec, 0.147 real sec
[M::mem_process_seqs] Processed 1001 reads in 1.295 CPU sec, 0.166 real sec
[M::mem_process_seqs] Processed 1001 reads in 1.306 CPU sec, 0.166 real sec
433339 [main] INFO main.java.edu.mit.compbio.bisulfitehic.mapping.Bhmem  - Processing reads 1160000 ...
433339 [main] INFO main.java.edu.mit.compbio.bisulfitehic.mapping.Bhmem  - Unique mapped and paired reads 1152850 ...
433342 [main] INFO main.java.edu.mit.compbio.bisulfitehic.mapping.Bhmem  - Processing reads 1161000 ...
433342 [main] INFO main.java.edu.mit.compbio.bisulfitehic.mapping.Bhmem  - Unique mapped and paired reads 1152850 ...
[M::mem_process_seqs] Processed 1001 reads in 1.089 CPU sec, 0.157 real sec
[M::mem_process_seqs] Processed 1001 reads in 0.971 CPU sec, 0.142 real sec
[M::mem_process_seqs] Processed 1001 reads in 1.265 CPU sec, 0.186 real sec
[M::mem_process_seqs] Processed 1001 reads in 1.272 CPU sec, 0.167 real sec
434146 [main] INFO main.java.edu.mit.compbio.bisulfitehic.mapping.Bhmem  - Processing reads 1162000 ...
434146 [main] INFO main.java.edu.mit.compbio.bisulfitehic.mapping.Bhmem  - Unique mapped and paired reads 1154846 ...
434149 [main] INFO main.java.edu.mit.compbio.bisulfitehic.mapping.Bhmem  - Processing reads 1163000 ...
434149 [main] INFO main.java.edu.mit.compbio.bisulfitehic.mapping.Bhmem  - Unique mapped and paired reads 1154846 ...
[M::mem_process_seqs] Processed 1001 reads in 1.109 CPU sec, 0.168 real sec
[M::mem_process_seqs] Processed 1001 reads in 1.096 CPU sec, 0.183 real sec
[M::mem_process_seqs] Processed 1001 reads in 1.262 CPU sec, 0.166 real sec
[M::mem_process_seqs] Processed 1001 reads in 1.184 CPU sec, 0.178 real sec
434991 [main] INFO main.java.edu.mit.compbio.bisulfitehic.mapping.Bhmem  - Processing reads 1164000 ...
434991 [main] INFO main.java.edu.mit.compbio.bisulfitehic.mapping.Bhmem  - Unique mapped and paired reads 1156832 ...
434994 [main] INFO main.java.edu.mit.compbio.bisulfitehic.mapping.Bhmem  - Processing reads 1165000 ...
434995 [main] INFO main.java.edu.mit.compbio.bisulfitehic.mapping.Bhmem  - Unique mapped and paired reads 1156832 ...
[M::mem_process_seqs] Processed 1001 reads in 1.061 CPU sec, 0.154 real sec
[M::mem_process_seqs] Processed 1001 reads in 1.072 CPU sec, 0.137 real sec
[M::mem_process_seqs] Processed 1001 reads in 1.298 CPU sec, 0.175 real sec
[M::mem_process_seqs] Processed 1001 reads in 1.298 CPU sec, 0.185 real sec
435795 [main] INFO main.java.edu.mit.compbio.bisulfitehic.mapping.Bhmem  - Processing reads 1166000 ...
435795 [main] INFO main.java.edu.mit.compbio.bisulfitehic.mapping.Bhmem  - Unique mapped and paired reads 1158820 ...
435798 [main] INFO main.java.edu.mit.compbio.bisulfitehic.mapping.Bhmem  - Processing reads 1167000 ...
435798 [main] INFO main.java.edu.mit.compbio.bisulfitehic.mapping.Bhmem  - Unique mapped and paired reads 1158820 ...
[M::mem_process_seqs] Processed 1001 reads in 0.975 CPU sec, 0.140 real sec
[M::mem_process_seqs] Processed 1001 reads in 0.881 CPU sec, 0.111 real sec
[M::mem_process_seqs] Processed 1001 reads in 1.114 CPU sec, 0.167 real sec
[M::mem_process_seqs] Processed 1001 reads in 0.963 CPU sec, 0.144 real sec
436481 [main] INFO main.java.edu.mit.compbio.bisulfitehic.mapping.Bhmem  - Processing reads 1168000 ...
436481 [main] INFO main.java.edu.mit.compbio.bisulfitehic.mapping.Bhmem  - Unique mapped and paired reads 1160810 ...
436484 [main] INFO main.java.edu.mit.compbio.bisulfitehic.mapping.Bhmem  - Processing reads 1169000 ...
436484 [main] INFO main.java.edu.mit.compbio.bisulfitehic.mapping.Bhmem  - Unique mapped and paired reads 1160810 ...
[M::mem_process_seqs] Processed 1001 reads in 0.925 CPU sec, 0.169 real sec
[M::mem_process_seqs] Processed 1001 reads in 0.967 CPU sec, 0.294 real sec
[M::mem_process_seqs] Processed 1001 reads in 1.083 CPU sec, 0.150 real sec
[M::mem_process_seqs] Processed 1001 reads in 1.069 CPU sec, 0.148 real sec
437371 [main] INFO main.java.edu.mit.compbio.bisulfitehic.mapping.Bhmem  - Processing reads 1170000 ...
437371 [main] INFO main.java.edu.mit.compbio.bisulfitehic.mapping.Bhmem  - Unique mapped and paired reads 1162794 ...
437373 [main] INFO main.java.edu.mit.compbio.bisulfitehic.mapping.Bhmem  - Processing reads 1171000 ...
437374 [main] INFO main.java.edu.mit.compbio.bisulfitehic.mapping.Bhmem  - Unique mapped and paired reads 1162794 ...
[M::mem_process_seqs] Processed 1001 reads in 0.901 CPU sec, 0.122 real sec
[M::mem_process_seqs] Processed 1001 reads in 0.916 CPU sec, 0.140 real sec
[M::mem_process_seqs] Processed 1001 reads in 0.990 CPU sec, 0.144 real sec
[M::mem_process_seqs] Processed 1001 reads in 0.968 CPU sec, 0.144 real sec
438040 [main] INFO main.java.edu.mit.compbio.bisulfitehic.mapping.Bhmem  - Processing reads 1172000 ...
438040 [main] INFO main.java.edu.mit.compbio.bisulfitehic.mapping.Bhmem  - Unique mapped and paired reads 1164786 ...
438045 [main] INFO main.java.edu.mit.compbio.bisulfitehic.mapping.Bhmem  - Processing reads 1173000 ...
438045 [main] INFO main.java.edu.mit.compbio.bisulfitehic.mapping.Bhmem  - Unique mapped and paired reads 1164786 ...
[M::mem_process_seqs] Processed 1001 reads in 0.879 CPU sec, 0.112 real sec
[M::mem_process_seqs] Processed 1001 reads in 0.849 CPU sec, 0.124 real sec
[M::mem_process_seqs] Processed 1001 reads in 0.948 CPU sec, 0.142 real sec
[M::mem_process_seqs] Processed 1001 reads in 0.975 CPU sec, 0.145 real sec
438683 [main] INFO main.java.edu.mit.compbio.bisulfitehic.mapping.Bhmem  - Processing reads 1174000 ...
438683 [main] INFO main.java.edu.mit.compbio.bisulfitehic.mapping.Bhmem  - Unique mapped and paired reads 1166776 ...
438686 [main] INFO main.java.edu.mit.compbio.bisulfitehic.mapping.Bhmem  - Processing reads 1175000 ...
438686 [main] INFO main.java.edu.mit.compbio.bisulfitehic.mapping.Bhmem  - Unique mapped and paired reads 1166776 ...
[M::mem_process_seqs] Processed 1001 reads in 1.064 CPU sec, 0.154 real sec
[M::mem_process_seqs] Processed 1001 reads in 0.929 CPU sec, 0.120 real sec
[M::mem_process_seqs] Processed 1001 reads in 1.026 CPU sec, 0.148 real sec
[M::mem_process_seqs] Processed 1001 reads in 1.036 CPU sec, 0.141 real sec
439366 [main] INFO main.java.edu.mit.compbio.bisulfitehic.mapping.Bhmem  - Processing reads 1176000 ...
439366 [main] INFO main.java.edu.mit.compbio.bisulfitehic.mapping.Bhmem  - Unique mapped and paired reads 1168766 ...
439369 [main] INFO main.java.edu.mit.compbio.bisulfitehic.mapping.Bhmem  - Processing reads 1177000 ...
439369 [main] INFO main.java.edu.mit.compbio.bisulfitehic.mapping.Bhmem  - Unique mapped and paired reads 1168766 ...
[M::mem_process_seqs] Processed 1001 reads in 0.906 CPU sec, 0.136 real sec
[M::mem_process_seqs] Processed 1001 reads in 0.846 CPU sec, 0.110 real sec
[M::mem_process_seqs] Processed 1001 reads in 1.002 CPU sec, 0.148 real sec
[M::mem_process_seqs] Processed 1001 reads in 0.924 CPU sec, 0.133 real sec
440012 [main] INFO main.java.edu.mit.compbio.bisulfitehic.mapping.Bhmem  - Processing reads 1178000 ...
440012 [main] INFO main.java.edu.mit.compbio.bisulfitehic.mapping.Bhmem  - Unique mapped and paired reads 1170762 ...
440015 [main] INFO main.java.edu.mit.compbio.bisulfitehic.mapping.Bhmem  - Processing reads 1179000 ...
440015 [main] INFO main.java.edu.mit.compbio.bisulfitehic.mapping.Bhmem  - Unique mapped and paired reads 1170762 ...
[M::mem_process_seqs] Processed 1001 reads in 0.918 CPU sec, 0.135 real sec
[M::mem_process_seqs] Processed 1001 reads in 0.852 CPU sec, 0.109 real sec
[M::mem_process_seqs] Processed 1001 reads in 0.963 CPU sec, 0.141 real sec
[M::mem_process_seqs] Processed 1001 reads in 0.997 CPU sec, 0.145 real sec
440664 [main] INFO main.java.edu.mit.compbio.bisulfitehic.mapping.Bhmem  - Processing reads 1180000 ...
440664 [main] INFO main.java.edu.mit.compbio.bisulfitehic.mapping.Bhmem  - Unique mapped and paired reads 1172746 ...
440667 [main] INFO main.java.edu.mit.compbio.bisulfitehic.mapping.Bhmem  - Processing reads 1181000 ...
440668 [main] INFO main.java.edu.mit.compbio.bisulfitehic.mapping.Bhmem  - Unique mapped and paired reads 1172746 ...
[M::mem_process_seqs] Processed 1001 reads in 0.882 CPU sec, 0.130 real sec
[M::mem_process_seqs] Processed 1001 reads in 0.868 CPU sec, 0.126 real sec
[M::mem_process_seqs] Processed 1001 reads in 0.952 CPU sec, 0.140 real sec
[M::mem_process_seqs] Processed 1001 reads in 0.948 CPU sec, 0.137 real sec
441332 [main] INFO main.java.edu.mit.compbio.bisulfitehic.mapping.Bhmem  - Processing reads 1182000 ...
441332 [main] INFO main.java.edu.mit.compbio.bisulfitehic.mapping.Bhmem  - Unique mapped and paired reads 1174732 ...
441335 [main] INFO main.java.edu.mit.compbio.bisulfitehic.mapping.Bhmem  - Processing reads 1183000 ...
441335 [main] INFO main.java.edu.mit.compbio.bisulfitehic.mapping.Bhmem  - Unique mapped and paired reads 1174732 ...
[M::mem_process_seqs] Processed 1001 reads in 0.962 CPU sec, 0.138 real sec
[M::mem_process_seqs] Processed 1001 reads in 0.854 CPU sec, 0.112 real sec
[M::mem_process_seqs] Processed 1001 reads in 1.012 CPU sec, 0.129 real sec
[M::mem_process_seqs] Processed 1001 reads in 1.016 CPU sec, 0.149 real sec
441980 [main] INFO main.java.edu.mit.compbio.bisulfitehic.mapping.Bhmem  - Processing reads 1184000 ...
441980 [main] INFO main.java.edu.mit.compbio.bisulfitehic.mapping.Bhmem  - Unique mapped and paired reads 1176724 ...
441983 [main] INFO main.java.edu.mit.compbio.bisulfitehic.mapping.Bhmem  - Processing reads 1185000 ...
441983 [main] INFO main.java.edu.mit.compbio.bisulfitehic.mapping.Bhmem  - Unique mapped and paired reads 1176724 ...
[M::mem_process_seqs] Processed 1001 reads in 0.997 CPU sec, 0.144 real sec
[M::mem_process_seqs] Processed 1001 reads in 0.933 CPU sec, 0.124 real sec
[M::mem_process_seqs] Processed 1001 reads in 1.103 CPU sec, 0.141 real sec
[M::mem_process_seqs] Processed 1001 reads in 1.027 CPU sec, 0.151 real sec
442669 [main] INFO main.java.edu.mit.compbio.bisulfitehic.mapping.Bhmem  - Processing reads 1186000 ...
442669 [main] INFO main.java.edu.mit.compbio.bisulfitehic.mapping.Bhmem  - Unique mapped and paired reads 1178720 ...
442672 [main] INFO main.java.edu.mit.compbio.bisulfitehic.mapping.Bhmem  - Processing reads 1187000 ...
442672 [main] INFO main.java.edu.mit.compbio.bisulfitehic.mapping.Bhmem  - Unique mapped and paired reads 1178720 ...
[M::mem_process_seqs] Processed 1001 reads in 1.066 CPU sec, 0.147 real sec
[M::mem_process_seqs] Processed 1001 reads in 0.945 CPU sec, 0.137 real sec
[M::mem_process_seqs] Processed 1001 reads in 1.109 CPU sec, 0.141 real sec
[M::mem_process_seqs] Processed 1001 reads in 1.046 CPU sec, 0.153 real sec
443368 [main] INFO main.java.edu.mit.compbio.bisulfitehic.mapping.Bhmem  - Processing reads 1188000 ...
443368 [main] INFO main.java.edu.mit.compbio.bisulfitehic.mapping.Bhmem  - Unique mapped and paired reads 1180718 ...
443370 [main] INFO main.java.edu.mit.compbio.bisulfitehic.mapping.Bhmem  - Processing reads 1189000 ...
443371 [main] INFO main.java.edu.mit.compbio.bisulfitehic.mapping.Bhmem  - Unique mapped and paired reads 1180718 ...
[M::mem_process_seqs] Processed 1001 reads in 0.972 CPU sec, 0.143 real sec
[M::mem_process_seqs] Processed 1001 reads in 0.867 CPU sec, 0.119 real sec
[M::mem_process_seqs] Processed 1001 reads in 0.968 CPU sec, 0.122 real sec
[M::mem_process_seqs] Processed 1001 reads in 0.932 CPU sec, 0.137 real sec
444012 [main] INFO main.java.edu.mit.compbio.bisulfitehic.mapping.Bhmem  - Processing reads 1190000 ...
444012 [main] INFO main.java.edu.mit.compbio.bisulfitehic.mapping.Bhmem  - Unique mapped and paired reads 1182708 ...
444015 [main] INFO main.java.edu.mit.compbio.bisulfitehic.mapping.Bhmem  - Processing reads 1191000 ...
444015 [main] INFO main.java.edu.mit.compbio.bisulfitehic.mapping.Bhmem  - Unique mapped and paired reads 1182708 ...
[M::mem_process_seqs] Processed 1001 reads in 1.051 CPU sec, 0.150 real sec
[M::mem_process_seqs] Processed 1001 reads in 1.069 CPU sec, 0.159 real sec
[M::mem_process_seqs] Processed 1001 reads in 1.042 CPU sec, 0.157 real sec
[M::mem_process_seqs] Processed 1001 reads in 0.997 CPU sec, 0.148 real sec
444751 [main] INFO main.java.edu.mit.compbio.bisulfitehic.mapping.Bhmem  - Processing reads 1192000 ...
444751 [main] INFO main.java.edu.mit.compbio.bisulfitehic.mapping.Bhmem  - Unique mapped and paired reads 1184696 ...
444754 [main] INFO main.java.edu.mit.compbio.bisulfitehic.mapping.Bhmem  - Processing reads 1193000 ...
444754 [main] INFO main.java.edu.mit.compbio.bisulfitehic.mapping.Bhmem  - Unique mapped and paired reads 1184696 ...
[M::mem_process_seqs] Processed 1001 reads in 1.019 CPU sec, 0.149 real sec
[M::mem_process_seqs] Processed 1001 reads in 0.894 CPU sec, 0.135 real sec
[M::mem_process_seqs] Processed 1001 reads in 1.091 CPU sec, 0.158 real sec
[M::mem_process_seqs] Processed 1001 reads in 0.952 CPU sec, 0.139 real sec
445453 [main] INFO main.java.edu.mit.compbio.bisulfitehic.mapping.Bhmem  - Processing reads 1194000 ...
445453 [main] INFO main.java.edu.mit.compbio.bisulfitehic.mapping.Bhmem  - Unique mapped and paired reads 1186684 ...
445456 [main] INFO main.java.edu.mit.compbio.bisulfitehic.mapping.Bhmem  - Processing reads 1195000 ...
445456 [main] INFO main.java.edu.mit.compbio.bisulfitehic.mapping.Bhmem  - Unique mapped and paired reads 1186684 ...
[M::mem_process_seqs] Processed 1001 reads in 0.969 CPU sec, 0.144 real sec
[M::mem_process_seqs] Processed 1001 reads in 0.887 CPU sec, 0.127 real sec
[M::mem_process_seqs] Processed 1001 reads in 1.090 CPU sec, 0.141 real sec
[M::mem_process_seqs] Processed 1001 reads in 1.044 CPU sec, 0.153 real sec
446138 [main] INFO main.java.edu.mit.compbio.bisulfitehic.mapping.Bhmem  - Processing reads 1196000 ...
446138 [main] INFO main.java.edu.mit.compbio.bisulfitehic.mapping.Bhmem  - Unique mapped and paired reads 1188678 ...
446141 [main] INFO main.java.edu.mit.compbio.bisulfitehic.mapping.Bhmem  - Processing reads 1197000 ...
446141 [main] INFO main.java.edu.mit.compbio.bisulfitehic.mapping.Bhmem  - Unique mapped and paired reads 1188678 ...
[M::mem_process_seqs] Processed 1001 reads in 1.010 CPU sec, 0.148 real sec
[M::mem_process_seqs] Processed 1001 reads in 0.900 CPU sec, 0.115 real sec
[M::mem_process_seqs] Processed 1001 reads in 1.005 CPU sec, 0.162 real sec
[M::mem_process_seqs] Processed 1001 reads in 1.070 CPU sec, 0.137 real sec
446825 [main] INFO main.java.edu.mit.compbio.bisulfitehic.mapping.Bhmem  - Processing reads 1198000 ...
446825 [main] INFO main.java.edu.mit.compbio.bisulfitehic.mapping.Bhmem  - Unique mapped and paired reads 1190658 ...
446828 [main] INFO main.java.edu.mit.compbio.bisulfitehic.mapping.Bhmem  - Processing reads 1199000 ...
446828 [main] INFO main.java.edu.mit.compbio.bisulfitehic.mapping.Bhmem  - Unique mapped and paired reads 1190658 ...
[M::mem_process_seqs] Processed 1001 reads in 0.933 CPU sec, 0.138 real sec
[M::mem_process_seqs] Processed 1001 reads in 0.899 CPU sec, 0.120 real sec
[M::mem_process_seqs] Processed 1001 reads in 1.104 CPU sec, 0.168 real sec
[M::mem_process_seqs] Processed 1001 reads in 0.989 CPU sec, 0.127 real sec
447503 [main] INFO main.java.edu.mit.compbio.bisulfitehic.mapping.Bhmem  - Processing reads 1200000 ...
447503 [main] INFO main.java.edu.mit.compbio.bisulfitehic.mapping.Bhmem  - Unique mapped and paired reads 1192646 ...
447506 [main] INFO main.java.edu.mit.compbio.bisulfitehic.mapping.Bhmem  - Processing reads 1201000 ...
447506 [main] INFO main.java.edu.mit.compbio.bisulfitehic.mapping.Bhmem  - Unique mapped and paired reads 1192646 ...
[M::mem_process_seqs] Processed 1001 reads in 0.978 CPU sec, 0.134 real sec
[M::mem_process_seqs] Processed 1001 reads in 0.896 CPU sec, 0.140 real sec
[M::mem_process_seqs] Processed 1001 reads in 1.017 CPU sec, 0.152 real sec
[M::mem_process_seqs] Processed 1001 reads in 0.987 CPU sec, 0.127 real sec
448172 [main] INFO main.java.edu.mit.compbio.bisulfitehic.mapping.Bhmem  - Processing reads 1202000 ...
448172 [main] INFO main.java.edu.mit.compbio.bisulfitehic.mapping.Bhmem  - Unique mapped and paired reads 1194642 ...
448175 [main] INFO main.java.edu.mit.compbio.bisulfitehic.mapping.Bhmem  - Processing reads 1203000 ...
448175 [main] INFO main.java.edu.mit.compbio.bisulfitehic.mapping.Bhmem  - Unique mapped and paired reads 1194642 ...
[M::mem_process_seqs] Processed 1001 reads in 0.903 CPU sec, 0.132 real sec
[M::mem_process_seqs] Processed 1001 reads in 0.918 CPU sec, 0.143 real sec
[M::mem_process_seqs] Processed 1001 reads in 0.966 CPU sec, 0.142 real sec
[M::mem_process_seqs] Processed 1001 reads in 1.141 CPU sec, 0.147 real sec
448853 [main] INFO main.java.edu.mit.compbio.bisulfitehic.mapping.Bhmem  - Processing reads 1204000 ...
448853 [main] INFO main.java.edu.mit.compbio.bisulfitehic.mapping.Bhmem  - Unique mapped and paired reads 1196634 ...
448856 [main] INFO main.java.edu.mit.compbio.bisulfitehic.mapping.Bhmem  - Processing reads 1205000 ...
448856 [main] INFO main.java.edu.mit.compbio.bisulfitehic.mapping.Bhmem  - Unique mapped and paired reads 1196634 ...
[M::mem_process_seqs] Processed 1001 reads in 0.937 CPU sec, 0.147 real sec
[M::mem_process_seqs] Processed 1001 reads in 0.881 CPU sec, 0.128 real sec
[M::mem_process_seqs] Processed 1001 reads in 1.016 CPU sec, 0.147 real sec
[M::mem_process_seqs] Processed 1001 reads in 1.063 CPU sec, 0.136 real sec
449527 [main] INFO main.java.edu.mit.compbio.bisulfitehic.mapping.Bhmem  - Processing reads 1206000 ...
449527 [main] INFO main.java.edu.mit.compbio.bisulfitehic.mapping.Bhmem  - Unique mapped and paired reads 1198626 ...
449530 [main] INFO main.java.edu.mit.compbio.bisulfitehic.mapping.Bhmem  - Processing reads 1207000 ...
449530 [main] INFO main.java.edu.mit.compbio.bisulfitehic.mapping.Bhmem  - Unique mapped and paired reads 1198626 ...
[M::mem_process_seqs] Processed 1001 reads in 0.940 CPU sec, 0.124 real sec
[M::mem_process_seqs] Processed 1001 reads in 0.827 CPU sec, 0.120 real sec
[M::mem_process_seqs] Processed 1001 reads in 1.069 CPU sec, 0.156 real sec
[M::mem_process_seqs] Processed 1001 reads in 1.083 CPU sec, 0.160 real sec
450220 [main] INFO main.java.edu.mit.compbio.bisulfitehic.mapping.Bhmem  - Processing reads 1208000 ...
450220 [main] INFO main.java.edu.mit.compbio.bisulfitehic.mapping.Bhmem  - Unique mapped and paired reads 1200618 ...
450223 [main] INFO main.java.edu.mit.compbio.bisulfitehic.mapping.Bhmem  - Processing reads 1209000 ...
450223 [main] INFO main.java.edu.mit.compbio.bisulfitehic.mapping.Bhmem  - Unique mapped and paired reads 1200618 ...
[M::mem_process_seqs] Processed 1001 reads in 0.965 CPU sec, 0.125 real sec
[M::mem_process_seqs] Processed 1001 reads in 0.842 CPU sec, 0.122 real sec
[M::mem_process_seqs] Processed 1001 reads in 1.070 CPU sec, 0.156 real sec
[M::mem_process_seqs] Processed 1001 reads in 0.938 CPU sec, 0.135 real sec
450874 [main] INFO main.java.edu.mit.compbio.bisulfitehic.mapping.Bhmem  - Processing reads 1210000 ...
450874 [main] INFO main.java.edu.mit.compbio.bisulfitehic.mapping.Bhmem  - Unique mapped and paired reads 1202610 ...
450877 [main] INFO main.java.edu.mit.compbio.bisulfitehic.mapping.Bhmem  - Processing reads 1211000 ...
450877 [main] INFO main.java.edu.mit.compbio.bisulfitehic.mapping.Bhmem  - Unique mapped and paired reads 1202610 ...
[M::mem_process_seqs] Processed 1001 reads in 0.907 CPU sec, 0.134 real sec
[M::mem_process_seqs] Processed 1001 reads in 0.836 CPU sec, 0.116 real sec
[M::mem_process_seqs] Processed 1001 reads in 0.952 CPU sec, 0.140 real sec
[M::mem_process_seqs] Processed 1001 reads in 0.991 CPU sec, 0.143 real sec
451528 [main] INFO main.java.edu.mit.compbio.bisulfitehic.mapping.Bhmem  - Processing reads 1212000 ...
451528 [main] INFO main.java.edu.mit.compbio.bisulfitehic.mapping.Bhmem  - Unique mapped and paired reads 1204602 ...
451531 [main] INFO main.java.edu.mit.compbio.bisulfitehic.mapping.Bhmem  - Processing reads 1213000 ...
451531 [main] INFO main.java.edu.mit.compbio.bisulfitehic.mapping.Bhmem  - Unique mapped and paired reads 1204602 ...
[M::mem_process_seqs] Processed 1001 reads in 0.869 CPU sec, 0.127 real sec
[M::mem_process_seqs] Processed 1001 reads in 0.876 CPU sec, 0.129 real sec
[M::mem_process_seqs] Processed 1001 reads in 0.994 CPU sec, 0.135 real sec
[M::mem_process_seqs] Processed 1001 reads in 0.997 CPU sec, 0.148 real sec
452183 [main] INFO main.java.edu.mit.compbio.bisulfitehic.mapping.Bhmem  - Processing reads 1214000 ...
452183 [main] INFO main.java.edu.mit.compbio.bisulfitehic.mapping.Bhmem  - Unique mapped and paired reads 1206596 ...
452186 [main] INFO main.java.edu.mit.compbio.bisulfitehic.mapping.Bhmem  - Processing reads 1215000 ...
452186 [main] INFO main.java.edu.mit.compbio.bisulfitehic.mapping.Bhmem  - Unique mapped and paired reads 1206596 ...
[M::mem_process_seqs] Processed 1001 reads in 1.045 CPU sec, 0.132 real sec
[M::mem_process_seqs] Processed 1001 reads in 0.963 CPU sec, 0.160 real sec
[M::mem_process_seqs] Processed 1001 reads in 1.088 CPU sec, 0.157 real sec
[M::mem_process_seqs] Processed 1001 reads in 0.901 CPU sec, 0.132 real sec
452895 [main] INFO main.java.edu.mit.compbio.bisulfitehic.mapping.Bhmem  - Processing reads 1216000 ...
452895 [main] INFO main.java.edu.mit.compbio.bisulfitehic.mapping.Bhmem  - Unique mapped and paired reads 1208594 ...
452898 [main] INFO main.java.edu.mit.compbio.bisulfitehic.mapping.Bhmem  - Processing reads 1217000 ...
452898 [main] INFO main.java.edu.mit.compbio.bisulfitehic.mapping.Bhmem  - Unique mapped and paired reads 1208594 ...
[M::mem_process_seqs] Processed 1001 reads in 1.068 CPU sec, 0.157 real sec
[M::mem_process_seqs] Processed 1001 reads in 0.992 CPU sec, 0.144 real sec
[M::mem_process_seqs] Processed 1001 reads in 1.113 CPU sec, 0.162 real sec
[M::mem_process_seqs] Processed 1001 reads in 1.145 CPU sec, 0.167 real sec
453647 [main] INFO main.java.edu.mit.compbio.bisulfitehic.mapping.Bhmem  - Processing reads 1218000 ...
453648 [main] INFO main.java.edu.mit.compbio.bisulfitehic.mapping.Bhmem  - Unique mapped and paired reads 1210584 ...
453650 [main] INFO main.java.edu.mit.compbio.bisulfitehic.mapping.Bhmem  - Processing reads 1219000 ...
453650 [main] INFO main.java.edu.mit.compbio.bisulfitehic.mapping.Bhmem  - Unique mapped and paired reads 1210584 ...
[M::mem_process_seqs] Processed 1001 reads in 1.053 CPU sec, 0.185 real sec
[M::mem_process_seqs] Processed 1001 reads in 0.956 CPU sec, 0.138 real sec
[M::mem_process_seqs] Processed 1001 reads in 1.052 CPU sec, 0.152 real sec
[M::mem_process_seqs] Processed 1001 reads in 1.147 CPU sec, 0.144 real sec
454391 [main] INFO main.java.edu.mit.compbio.bisulfitehic.mapping.Bhmem  - Processing reads 1220000 ...
454391 [main] INFO main.java.edu.mit.compbio.bisulfitehic.mapping.Bhmem  - Unique mapped and paired reads 1212576 ...
454394 [main] INFO main.java.edu.mit.compbio.bisulfitehic.mapping.Bhmem  - Processing reads 1221000 ...
454394 [main] INFO main.java.edu.mit.compbio.bisulfitehic.mapping.Bhmem  - Unique mapped and paired reads 1212576 ...
[M::mem_process_seqs] Processed 1001 reads in 0.994 CPU sec, 0.145 real sec
[M::mem_process_seqs] Processed 1001 reads in 1.028 CPU sec, 0.162 real sec
[M::mem_process_seqs] Processed 1001 reads in 1.122 CPU sec, 0.158 real sec
[M::mem_process_seqs] Processed 1001 reads in 1.103 CPU sec, 0.163 real sec
455148 [main] INFO main.java.edu.mit.compbio.bisulfitehic.mapping.Bhmem  - Processing reads 1222000 ...
455148 [main] INFO main.java.edu.mit.compbio.bisulfitehic.mapping.Bhmem  - Unique mapped and paired reads 1214572 ...
455151 [main] INFO main.java.edu.mit.compbio.bisulfitehic.mapping.Bhmem  - Processing reads 1223000 ...
455151 [main] INFO main.java.edu.mit.compbio.bisulfitehic.mapping.Bhmem  - Unique mapped and paired reads 1214572 ...
[M::mem_process_seqs] Processed 1001 reads in 1.002 CPU sec, 0.145 real sec
[M::mem_process_seqs] Processed 1001 reads in 0.964 CPU sec, 0.139 real sec
[M::mem_process_seqs] Processed 1001 reads in 1.118 CPU sec, 0.163 real sec
[M::mem_process_seqs] Processed 1001 reads in 1.054 CPU sec, 0.151 real sec
455888 [main] INFO main.java.edu.mit.compbio.bisulfitehic.mapping.Bhmem  - Processing reads 1224000 ...
455888 [main] INFO main.java.edu.mit.compbio.bisulfitehic.mapping.Bhmem  - Unique mapped and paired reads 1216564 ...
455891 [main] INFO main.java.edu.mit.compbio.bisulfitehic.mapping.Bhmem  - Processing reads 1225000 ...
455891 [main] INFO main.java.edu.mit.compbio.bisulfitehic.mapping.Bhmem  - Unique mapped and paired reads 1216564 ...
[M::mem_process_seqs] Processed 1001 reads in 0.995 CPU sec, 0.147 real sec
[M::mem_process_seqs] Processed 1001 reads in 0.944 CPU sec, 0.138 real sec
[M::mem_process_seqs] Processed 1001 reads in 1.044 CPU sec, 0.168 real sec
[M::mem_process_seqs] Processed 1001 reads in 1.094 CPU sec, 0.161 real sec
456629 [main] INFO main.java.edu.mit.compbio.bisulfitehic.mapping.Bhmem  - Processing reads 1226000 ...
456629 [main] INFO main.java.edu.mit.compbio.bisulfitehic.mapping.Bhmem  - Unique mapped and paired reads 1218554 ...
456632 [main] INFO main.java.edu.mit.compbio.bisulfitehic.mapping.Bhmem  - Processing reads 1227000 ...
456632 [main] INFO main.java.edu.mit.compbio.bisulfitehic.mapping.Bhmem  - Unique mapped and paired reads 1218554 ...
[M::mem_process_seqs] Processed 1001 reads in 0.961 CPU sec, 0.139 real sec
[M::mem_process_seqs] Processed 1001 reads in 1.029 CPU sec, 0.136 real sec
[M::mem_process_seqs] Processed 1001 reads in 1.021 CPU sec, 0.155 real sec
[M::mem_process_seqs] Processed 1001 reads in 1.080 CPU sec, 0.152 real sec
457340 [main] INFO main.java.edu.mit.compbio.bisulfitehic.mapping.Bhmem  - Processing reads 1228000 ...
457340 [main] INFO main.java.edu.mit.compbio.bisulfitehic.mapping.Bhmem  - Unique mapped and paired reads 1220548 ...
457343 [main] INFO main.java.edu.mit.compbio.bisulfitehic.mapping.Bhmem  - Processing reads 1229000 ...
457343 [main] INFO main.java.edu.mit.compbio.bisulfitehic.mapping.Bhmem  - Unique mapped and paired reads 1220548 ...
[M::mem_process_seqs] Processed 1001 reads in 0.990 CPU sec, 0.144 real sec
[M::mem_process_seqs] Processed 1001 reads in 0.906 CPU sec, 0.135 real sec
[M::mem_process_seqs] Processed 1001 reads in 1.072 CPU sec, 0.160 real sec
[M::mem_process_seqs] Processed 1001 reads in 1.082 CPU sec, 0.153 real sec
458053 [main] INFO main.java.edu.mit.compbio.bisulfitehic.mapping.Bhmem  - Processing reads 1230000 ...
458053 [main] INFO main.java.edu.mit.compbio.bisulfitehic.mapping.Bhmem  - Unique mapped and paired reads 1222536 ...
458056 [main] INFO main.java.edu.mit.compbio.bisulfitehic.mapping.Bhmem  - Processing reads 1231000 ...
458056 [main] INFO main.java.edu.mit.compbio.bisulfitehic.mapping.Bhmem  - Unique mapped and paired reads 1222536 ...
[M::mem_process_seqs] Processed 1001 reads in 0.999 CPU sec, 0.146 real sec
[M::mem_process_seqs] Processed 1001 reads in 0.975 CPU sec, 0.129 real sec
[M::mem_process_seqs] Processed 1001 reads in 1.051 CPU sec, 0.133 real sec
[M::mem_process_seqs] Processed 1001 reads in 1.075 CPU sec, 0.139 real sec
458724 [main] INFO main.java.edu.mit.compbio.bisulfitehic.mapping.Bhmem  - Processing reads 1232000 ...
458724 [main] INFO main.java.edu.mit.compbio.bisulfitehic.mapping.Bhmem  - Unique mapped and paired reads 1224532 ...
458727 [main] INFO main.java.edu.mit.compbio.bisulfitehic.mapping.Bhmem  - Processing reads 1233000 ...
458727 [main] INFO main.java.edu.mit.compbio.bisulfitehic.mapping.Bhmem  - Unique mapped and paired reads 1224532 ...
[M::mem_process_seqs] Processed 1001 reads in 0.914 CPU sec, 0.133 real sec
[M::mem_process_seqs] Processed 1001 reads in 0.831 CPU sec, 0.129 real sec
[M::mem_process_seqs] Processed 1001 reads in 1.106 CPU sec, 0.159 real sec
[M::mem_process_seqs] Processed 1001 reads in 1.028 CPU sec, 0.140 real sec
459406 [main] INFO main.java.edu.mit.compbio.bisulfitehic.mapping.Bhmem  - Processing reads 1234000 ...
459406 [main] INFO main.java.edu.mit.compbio.bisulfitehic.mapping.Bhmem  - Unique mapped and paired reads 1226534 ...
459409 [main] INFO main.java.edu.mit.compbio.bisulfitehic.mapping.Bhmem  - Processing reads 1235000 ...
459409 [main] INFO main.java.edu.mit.compbio.bisulfitehic.mapping.Bhmem  - Unique mapped and paired reads 1226534 ...
[M::mem_process_seqs] Processed 1001 reads in 0.964 CPU sec, 0.146 real sec
[M::mem_process_seqs] Processed 1001 reads in 0.947 CPU sec, 0.139 real sec
[M::mem_process_seqs] Processed 1001 reads in 1.022 CPU sec, 0.146 real sec
[M::mem_process_seqs] Processed 1001 reads in 1.048 CPU sec, 0.147 real sec
460119 [main] INFO main.java.edu.mit.compbio.bisulfitehic.mapping.Bhmem  - Processing reads 1236000 ...
460119 [main] INFO main.java.edu.mit.compbio.bisulfitehic.mapping.Bhmem  - Unique mapped and paired reads 1228526 ...
460122 [main] INFO main.java.edu.mit.compbio.bisulfitehic.mapping.Bhmem  - Processing reads 1237000 ...
460122 [main] INFO main.java.edu.mit.compbio.bisulfitehic.mapping.Bhmem  - Unique mapped and paired reads 1228526 ...
[M::mem_process_seqs] Processed 1001 reads in 0.930 CPU sec, 0.136 real sec
[M::mem_process_seqs] Processed 1001 reads in 0.891 CPU sec, 0.119 real sec
[M::mem_process_seqs] Processed 1001 reads in 0.977 CPU sec, 0.141 real sec
[M::mem_process_seqs] Processed 1001 reads in 0.927 CPU sec, 0.137 real sec
460770 [main] INFO main.java.edu.mit.compbio.bisulfitehic.mapping.Bhmem  - Processing reads 1238000 ...
460770 [main] INFO main.java.edu.mit.compbio.bisulfitehic.mapping.Bhmem  - Unique mapped and paired reads 1230518 ...
460773 [main] INFO main.java.edu.mit.compbio.bisulfitehic.mapping.Bhmem  - Processing reads 1239000 ...
460773 [main] INFO main.java.edu.mit.compbio.bisulfitehic.mapping.Bhmem  - Unique mapped and paired reads 1230518 ...
[M::mem_process_seqs] Processed 1001 reads in 0.850 CPU sec, 0.125 real sec
[M::mem_process_seqs] Processed 1001 reads in 0.777 CPU sec, 0.113 real sec
[M::mem_process_seqs] Processed 1001 reads in 0.908 CPU sec, 0.131 real sec
[M::mem_process_seqs] Processed 1001 reads in 0.912 CPU sec, 0.131 real sec
461402 [main] INFO main.java.edu.mit.compbio.bisulfitehic.mapping.Bhmem  - Processing reads 1240000 ...
461402 [main] INFO main.java.edu.mit.compbio.bisulfitehic.mapping.Bhmem  - Unique mapped and paired reads 1232512 ...
461405 [main] INFO main.java.edu.mit.compbio.bisulfitehic.mapping.Bhmem  - Processing reads 1241000 ...
461405 [main] INFO main.java.edu.mit.compbio.bisulfitehic.mapping.Bhmem  - Unique mapped and paired reads 1232512 ...
[M::mem_process_seqs] Processed 1001 reads in 0.848 CPU sec, 0.122 real sec
[M::mem_process_seqs] Processed 1001 reads in 0.816 CPU sec, 0.121 real sec
[M::mem_process_seqs] Processed 1001 reads in 0.979 CPU sec, 0.153 real sec
[M::mem_process_seqs] Processed 1001 reads in 0.993 CPU sec, 0.149 real sec
462070 [main] INFO main.java.edu.mit.compbio.bisulfitehic.mapping.Bhmem  - Processing reads 1242000 ...
462070 [main] INFO main.java.edu.mit.compbio.bisulfitehic.mapping.Bhmem  - Unique mapped and paired reads 1234500 ...
462073 [main] INFO main.java.edu.mit.compbio.bisulfitehic.mapping.Bhmem  - Processing reads 1243000 ...
462073 [main] INFO main.java.edu.mit.compbio.bisulfitehic.mapping.Bhmem  - Unique mapped and paired reads 1234500 ...
[M::mem_process_seqs] Processed 1001 reads in 0.930 CPU sec, 0.140 real sec
[M::mem_process_seqs] Processed 1001 reads in 0.966 CPU sec, 0.126 real sec
[M::mem_process_seqs] Processed 1001 reads in 0.937 CPU sec, 0.136 real sec
[M::mem_process_seqs] Processed 1001 reads in 0.980 CPU sec, 0.155 real sec
462750 [main] INFO main.java.edu.mit.compbio.bisulfitehic.mapping.Bhmem  - Processing reads 1244000 ...
462750 [main] INFO main.java.edu.mit.compbio.bisulfitehic.mapping.Bhmem  - Unique mapped and paired reads 1236490 ...
462753 [main] INFO main.java.edu.mit.compbio.bisulfitehic.mapping.Bhmem  - Processing reads 1245000 ...
462753 [main] INFO main.java.edu.mit.compbio.bisulfitehic.mapping.Bhmem  - Unique mapped and paired reads 1236490 ...
[M::mem_process_seqs] Processed 1001 reads in 0.989 CPU sec, 0.144 real sec
[M::mem_process_seqs] Processed 1001 reads in 0.880 CPU sec, 0.130 real sec
[M::mem_process_seqs] Processed 1001 reads in 1.020 CPU sec, 0.151 real sec
[M::mem_process_seqs] Processed 1001 reads in 1.045 CPU sec, 0.150 real sec
463449 [main] INFO main.java.edu.mit.compbio.bisulfitehic.mapping.Bhmem  - Processing reads 1246000 ...
463449 [main] INFO main.java.edu.mit.compbio.bisulfitehic.mapping.Bhmem  - Unique mapped and paired reads 1238486 ...
463452 [main] INFO main.java.edu.mit.compbio.bisulfitehic.mapping.Bhmem  - Processing reads 1247000 ...
463452 [main] INFO main.java.edu.mit.compbio.bisulfitehic.mapping.Bhmem  - Unique mapped and paired reads 1238486 ...
[M::mem_process_seqs] Processed 1001 reads in 0.928 CPU sec, 0.135 real sec
[M::mem_process_seqs] Processed 1001 reads in 0.862 CPU sec, 0.126 real sec
[M::mem_process_seqs] Processed 1001 reads in 0.911 CPU sec, 0.121 real sec
[M::mem_process_seqs] Processed 1001 reads in 0.875 CPU sec, 0.127 real sec
464079 [main] INFO main.java.edu.mit.compbio.bisulfitehic.mapping.Bhmem  - Processing reads 1248000 ...
464079 [main] INFO main.java.edu.mit.compbio.bisulfitehic.mapping.Bhmem  - Unique mapped and paired reads 1240476 ...
464082 [main] INFO main.java.edu.mit.compbio.bisulfitehic.mapping.Bhmem  - Processing reads 1249000 ...
464082 [main] INFO main.java.edu.mit.compbio.bisulfitehic.mapping.Bhmem  - Unique mapped and paired reads 1240476 ...
[M::mem_process_seqs] Processed 1001 reads in 0.967 CPU sec, 0.126 real sec
[M::mem_process_seqs] Processed 1001 reads in 0.878 CPU sec, 0.130 real sec
[M::mem_process_seqs] Processed 1001 reads in 1.027 CPU sec, 0.152 real sec
[M::mem_process_seqs] Processed 1001 reads in 1.085 CPU sec, 0.152 real sec
464775 [main] INFO main.java.edu.mit.compbio.bisulfitehic.mapping.Bhmem  - Processing reads 1250000 ...
464775 [main] INFO main.java.edu.mit.compbio.bisulfitehic.mapping.Bhmem  - Unique mapped and paired reads 1242468 ...
464778 [main] INFO main.java.edu.mit.compbio.bisulfitehic.mapping.Bhmem  - Processing reads 1251000 ...
464778 [main] INFO main.java.edu.mit.compbio.bisulfitehic.mapping.Bhmem  - Unique mapped and paired reads 1242468 ...
[M::mem_process_seqs] Processed 1001 reads in 0.942 CPU sec, 0.140 real sec
[M::mem_process_seqs] Processed 1001 reads in 0.856 CPU sec, 0.129 real sec
[M::mem_process_seqs] Processed 1001 reads in 0.981 CPU sec, 0.142 real sec
[M::mem_process_seqs] Processed 1001 reads in 1.089 CPU sec, 0.148 real sec
465457 [main] INFO main.java.edu.mit.compbio.bisulfitehic.mapping.Bhmem  - Processing reads 1252000 ...
465458 [main] INFO main.java.edu.mit.compbio.bisulfitehic.mapping.Bhmem  - Unique mapped and paired reads 1244460 ...
465460 [main] INFO main.java.edu.mit.compbio.bisulfitehic.mapping.Bhmem  - Processing reads 1253000 ...
465460 [main] INFO main.java.edu.mit.compbio.bisulfitehic.mapping.Bhmem  - Unique mapped and paired reads 1244460 ...
[M::mem_process_seqs] Processed 1001 reads in 1.002 CPU sec, 0.134 real sec
[M::mem_process_seqs] Processed 1001 reads in 0.851 CPU sec, 0.124 real sec
[M::mem_process_seqs] Processed 1001 reads in 1.056 CPU sec, 0.156 real sec
[M::mem_process_seqs] Processed 1001 reads in 1.029 CPU sec, 0.149 real sec
466143 [main] INFO main.java.edu.mit.compbio.bisulfitehic.mapping.Bhmem  - Processing reads 1254000 ...
466143 [main] INFO main.java.edu.mit.compbio.bisulfitehic.mapping.Bhmem  - Unique mapped and paired reads 1246444 ...
466146 [main] INFO main.java.edu.mit.compbio.bisulfitehic.mapping.Bhmem  - Processing reads 1255000 ...
466146 [main] INFO main.java.edu.mit.compbio.bisulfitehic.mapping.Bhmem  - Unique mapped and paired reads 1246444 ...
[M::mem_process_seqs] Processed 1001 reads in 0.933 CPU sec, 0.135 real sec
[M::mem_process_seqs] Processed 1001 reads in 0.856 CPU sec, 0.124 real sec
[M::mem_process_seqs] Processed 1001 reads in 0.996 CPU sec, 0.145 real sec
[M::mem_process_seqs] Processed 1001 reads in 1.028 CPU sec, 0.183 real sec
466871 [main] INFO main.java.edu.mit.compbio.bisulfitehic.mapping.Bhmem  - Processing reads 1256000 ...
466871 [main] INFO main.java.edu.mit.compbio.bisulfitehic.mapping.Bhmem  - Unique mapped and paired reads 1248438 ...
466874 [main] INFO main.java.edu.mit.compbio.bisulfitehic.mapping.Bhmem  - Processing reads 1257000 ...
466874 [main] INFO main.java.edu.mit.compbio.bisulfitehic.mapping.Bhmem  - Unique mapped and paired reads 1248438 ...
[M::mem_process_seqs] Processed 1001 reads in 0.898 CPU sec, 0.129 real sec
[M::mem_process_seqs] Processed 1001 reads in 0.866 CPU sec, 0.130 real sec
[M::mem_process_seqs] Processed 1001 reads in 1.016 CPU sec, 0.155 real sec
[M::mem_process_seqs] Processed 1001 reads in 1.002 CPU sec, 0.147 real sec
467553 [main] INFO main.java.edu.mit.compbio.bisulfitehic.mapping.Bhmem  - Processing reads 1258000 ...
467553 [main] INFO main.java.edu.mit.compbio.bisulfitehic.mapping.Bhmem  - Unique mapped and paired reads 1250436 ...
467556 [main] INFO main.java.edu.mit.compbio.bisulfitehic.mapping.Bhmem  - Processing reads 1259000 ...
467556 [main] INFO main.java.edu.mit.compbio.bisulfitehic.mapping.Bhmem  - Unique mapped and paired reads 1250436 ...
[M::mem_process_seqs] Processed 1001 reads in 0.937 CPU sec, 0.136 real sec
[M::mem_process_seqs] Processed 1001 reads in 0.936 CPU sec, 0.129 real sec
[M::mem_process_seqs] Processed 1001 reads in 0.998 CPU sec, 0.145 real sec
[M::mem_process_seqs] Processed 1001 reads in 0.984 CPU sec, 0.142 real sec
468226 [main] INFO main.java.edu.mit.compbio.bisulfitehic.mapping.Bhmem  - Processing reads 1260000 ...
468226 [main] INFO main.java.edu.mit.compbio.bisulfitehic.mapping.Bhmem  - Unique mapped and paired reads 1252432 ...
468229 [main] INFO main.java.edu.mit.compbio.bisulfitehic.mapping.Bhmem  - Processing reads 1261000 ...
468229 [main] INFO main.java.edu.mit.compbio.bisulfitehic.mapping.Bhmem  - Unique mapped and paired reads 1252432 ...
[M::mem_process_seqs] Processed 1001 reads in 0.996 CPU sec, 0.130 real sec
[M::mem_process_seqs] Processed 1001 reads in 1.005 CPU sec, 0.148 real sec
[M::mem_process_seqs] Processed 1001 reads in 1.012 CPU sec, 0.152 real sec
[M::mem_process_seqs] Processed 1001 reads in 1.036 CPU sec, 0.152 real sec
468931 [main] INFO main.java.edu.mit.compbio.bisulfitehic.mapping.Bhmem  - Processing reads 1262000 ...
468931 [main] INFO main.java.edu.mit.compbio.bisulfitehic.mapping.Bhmem  - Unique mapped and paired reads 1254418 ...
468934 [main] INFO main.java.edu.mit.compbio.bisulfitehic.mapping.Bhmem  - Processing reads 1263000 ...
468934 [main] INFO main.java.edu.mit.compbio.bisulfitehic.mapping.Bhmem  - Unique mapped and paired reads 1254418 ...
[M::mem_process_seqs] Processed 1001 reads in 1.040 CPU sec, 0.137 real sec
[M::mem_process_seqs] Processed 1001 reads in 0.894 CPU sec, 0.131 real sec
[M::mem_process_seqs] Processed 1001 reads in 0.993 CPU sec, 0.146 real sec
[M::mem_process_seqs] Processed 1001 reads in 1.068 CPU sec, 0.201 real sec
469675 [main] INFO main.java.edu.mit.compbio.bisulfitehic.mapping.Bhmem  - Processing reads 1264000 ...
469675 [main] INFO main.java.edu.mit.compbio.bisulfitehic.mapping.Bhmem  - Unique mapped and paired reads 1256410 ...
469678 [main] INFO main.java.edu.mit.compbio.bisulfitehic.mapping.Bhmem  - Processing reads 1265000 ...
469678 [main] INFO main.java.edu.mit.compbio.bisulfitehic.mapping.Bhmem  - Unique mapped and paired reads 1256410 ...
[M::mem_process_seqs] Processed 1001 reads in 0.985 CPU sec, 0.129 real sec
[M::mem_process_seqs] Processed 1001 reads in 0.881 CPU sec, 0.128 real sec
[M::mem_process_seqs] Processed 1001 reads in 1.010 CPU sec, 0.153 real sec
[M::mem_process_seqs] Processed 1001 reads in 1.016 CPU sec, 0.154 real sec
470423 [main] INFO main.java.edu.mit.compbio.bisulfitehic.mapping.Bhmem  - Processing reads 1266000 ...
470423 [main] INFO main.java.edu.mit.compbio.bisulfitehic.mapping.Bhmem  - Unique mapped and paired reads 1258404 ...
470432 [main] INFO main.java.edu.mit.compbio.bisulfitehic.mapping.Bhmem  - Processing reads 1267000 ...
470433 [main] INFO main.java.edu.mit.compbio.bisulfitehic.mapping.Bhmem  - Unique mapped and paired reads 1258404 ...
[M::mem_process_seqs] Processed 1001 reads in 1.017 CPU sec, 0.130 real sec
[M::mem_process_seqs] Processed 1001 reads in 0.839 CPU sec, 0.122 real sec
[M::mem_process_seqs] Processed 1001 reads in 1.041 CPU sec, 0.132 real sec
[M::mem_process_seqs] Processed 1001 reads in 0.908 CPU sec, 0.133 real sec
471064 [main] INFO main.java.edu.mit.compbio.bisulfitehic.mapping.Bhmem  - Processing reads 1268000 ...
471064 [main] INFO main.java.edu.mit.compbio.bisulfitehic.mapping.Bhmem  - Unique mapped and paired reads 1260398 ...
471067 [main] INFO main.java.edu.mit.compbio.bisulfitehic.mapping.Bhmem  - Processing reads 1269000 ...
471067 [main] INFO main.java.edu.mit.compbio.bisulfitehic.mapping.Bhmem  - Unique mapped and paired reads 1260398 ...
[M::mem_process_seqs] Processed 1001 reads in 0.952 CPU sec, 0.139 real sec
[M::mem_process_seqs] Processed 1001 reads in 0.976 CPU sec, 0.144 real sec
[M::mem_process_seqs] Processed 1001 reads in 0.959 CPU sec, 0.140 real sec
[M::mem_process_seqs] Processed 1001 reads in 1.034 CPU sec, 0.152 real sec
471760 [main] INFO main.java.edu.mit.compbio.bisulfitehic.mapping.Bhmem  - Processing reads 1270000 ...
471760 [main] INFO main.java.edu.mit.compbio.bisulfitehic.mapping.Bhmem  - Unique mapped and paired reads 1262396 ...
471763 [main] INFO main.java.edu.mit.compbio.bisulfitehic.mapping.Bhmem  - Processing reads 1271000 ...
471763 [main] INFO main.java.edu.mit.compbio.bisulfitehic.mapping.Bhmem  - Unique mapped and paired reads 1262396 ...
[M::mem_process_seqs] Processed 1001 reads in 0.909 CPU sec, 0.121 real sec
[M::mem_process_seqs] Processed 1001 reads in 0.906 CPU sec, 0.133 real sec
[M::mem_process_seqs] Processed 1001 reads in 0.966 CPU sec, 0.144 real sec
[M::mem_process_seqs] Processed 1001 reads in 1.021 CPU sec, 0.137 real sec
472416 [main] INFO main.java.edu.mit.compbio.bisulfitehic.mapping.Bhmem  - Processing reads 1272000 ...
472416 [main] INFO main.java.edu.mit.compbio.bisulfitehic.mapping.Bhmem  - Unique mapped and paired reads 1264378 ...
472419 [main] INFO main.java.edu.mit.compbio.bisulfitehic.mapping.Bhmem  - Processing reads 1273000 ...
472419 [main] INFO main.java.edu.mit.compbio.bisulfitehic.mapping.Bhmem  - Unique mapped and paired reads 1264378 ...
[M::mem_process_seqs] Processed 1001 reads in 0.969 CPU sec, 0.125 real sec
[M::mem_process_seqs] Processed 1001 reads in 0.940 CPU sec, 0.135 real sec
[M::mem_process_seqs] Processed 1001 reads in 0.972 CPU sec, 0.140 real sec
[M::mem_process_seqs] Processed 1001 reads in 0.982 CPU sec, 0.137 real sec
473076 [main] INFO main.java.edu.mit.compbio.bisulfitehic.mapping.Bhmem  - Processing reads 1274000 ...
473076 [main] INFO main.java.edu.mit.compbio.bisulfitehic.mapping.Bhmem  - Unique mapped and paired reads 1266374 ...
473079 [main] INFO main.java.edu.mit.compbio.bisulfitehic.mapping.Bhmem  - Processing reads 1275000 ...
473079 [main] INFO main.java.edu.mit.compbio.bisulfitehic.mapping.Bhmem  - Unique mapped and paired reads 1266374 ...
[M::mem_process_seqs] Processed 1001 reads in 0.933 CPU sec, 0.130 real sec
[M::mem_process_seqs] Processed 1001 reads in 0.902 CPU sec, 0.133 real sec
[M::mem_process_seqs] Processed 1001 reads in 1.003 CPU sec, 0.134 real sec
[M::mem_process_seqs] Processed 1001 reads in 1.075 CPU sec, 0.138 real sec
473733 [main] INFO main.java.edu.mit.compbio.bisulfitehic.mapping.Bhmem  - Processing reads 1276000 ...
473733 [main] INFO main.java.edu.mit.compbio.bisulfitehic.mapping.Bhmem  - Unique mapped and paired reads 1268364 ...
473736 [main] INFO main.java.edu.mit.compbio.bisulfitehic.mapping.Bhmem  - Processing reads 1277000 ...
473736 [main] INFO main.java.edu.mit.compbio.bisulfitehic.mapping.Bhmem  - Unique mapped and paired reads 1268364 ...
[M::mem_process_seqs] Processed 1001 reads in 0.958 CPU sec, 0.123 real sec
[M::mem_process_seqs] Processed 1001 reads in 0.929 CPU sec, 0.118 real sec
[M::mem_process_seqs] Processed 1001 reads in 0.973 CPU sec, 0.141 real sec
[M::mem_process_seqs] Processed 1001 reads in 1.058 CPU sec, 0.169 real sec
474409 [main] INFO main.java.edu.mit.compbio.bisulfitehic.mapping.Bhmem  - Processing reads 1278000 ...
474409 [main] INFO main.java.edu.mit.compbio.bisulfitehic.mapping.Bhmem  - Unique mapped and paired reads 1270354 ...
474412 [main] INFO main.java.edu.mit.compbio.bisulfitehic.mapping.Bhmem  - Processing reads 1279000 ...
474412 [main] INFO main.java.edu.mit.compbio.bisulfitehic.mapping.Bhmem  - Unique mapped and paired reads 1270354 ...
[M::mem_process_seqs] Processed 1001 reads in 1.013 CPU sec, 0.157 real sec
[M::mem_process_seqs] Processed 1001 reads in 0.966 CPU sec, 0.144 real sec
[M::mem_process_seqs] Processed 1001 reads in 1.020 CPU sec, 0.131 real sec
[M::mem_process_seqs] Processed 1001 reads in 0.935 CPU sec, 0.136 real sec
475108 [main] INFO main.java.edu.mit.compbio.bisulfitehic.mapping.Bhmem  - Processing reads 1280000 ...
475108 [main] INFO main.java.edu.mit.compbio.bisulfitehic.mapping.Bhmem  - Unique mapped and paired reads 1272336 ...
475111 [main] INFO main.java.edu.mit.compbio.bisulfitehic.mapping.Bhmem  - Processing reads 1281000 ...
475111 [main] INFO main.java.edu.mit.compbio.bisulfitehic.mapping.Bhmem  - Unique mapped and paired reads 1272336 ...
[M::mem_process_seqs] Processed 1001 reads in 0.993 CPU sec, 0.128 real sec
[M::mem_process_seqs] Processed 1001 reads in 0.869 CPU sec, 0.125 real sec
[M::mem_process_seqs] Processed 1001 reads in 1.041 CPU sec, 0.157 real sec
[M::mem_process_seqs] Processed 1001 reads in 1.023 CPU sec, 0.154 real sec
475798 [main] INFO main.java.edu.mit.compbio.bisulfitehic.mapping.Bhmem  - Processing reads 1282000 ...
475798 [main] INFO main.java.edu.mit.compbio.bisulfitehic.mapping.Bhmem  - Unique mapped and paired reads 1274322 ...
475800 [main] INFO main.java.edu.mit.compbio.bisulfitehic.mapping.Bhmem  - Processing reads 1283000 ...
475801 [main] INFO main.java.edu.mit.compbio.bisulfitehic.mapping.Bhmem  - Unique mapped and paired reads 1274322 ...
[M::mem_process_seqs] Processed 1001 reads in 0.922 CPU sec, 0.135 real sec
[M::mem_process_seqs] Processed 1001 reads in 0.836 CPU sec, 0.123 real sec
[M::mem_process_seqs] Processed 1001 reads in 1.020 CPU sec, 0.141 real sec
[M::mem_process_seqs] Processed 1001 reads in 1.048 CPU sec, 0.158 real sec
476479 [main] INFO main.java.edu.mit.compbio.bisulfitehic.mapping.Bhmem  - Processing reads 1284000 ...
476479 [main] INFO main.java.edu.mit.compbio.bisulfitehic.mapping.Bhmem  - Unique mapped and paired reads 1276314 ...
476482 [main] INFO main.java.edu.mit.compbio.bisulfitehic.mapping.Bhmem  - Processing reads 1285000 ...
476482 [main] INFO main.java.edu.mit.compbio.bisulfitehic.mapping.Bhmem  - Unique mapped and paired reads 1276314 ...
[M::mem_process_seqs] Processed 1001 reads in 0.979 CPU sec, 0.140 real sec
[M::mem_process_seqs] Processed 1001 reads in 0.923 CPU sec, 0.136 real sec
[M::mem_process_seqs] Processed 1001 reads in 1.103 CPU sec, 0.162 real sec
[M::mem_process_seqs] Processed 1001 reads in 1.140 CPU sec, 0.145 real sec
477187 [main] INFO main.java.edu.mit.compbio.bisulfitehic.mapping.Bhmem  - Processing reads 1286000 ...
477187 [main] INFO main.java.edu.mit.compbio.bisulfitehic.mapping.Bhmem  - Unique mapped and paired reads 1278306 ...
477190 [main] INFO main.java.edu.mit.compbio.bisulfitehic.mapping.Bhmem  - Processing reads 1287000 ...
477190 [main] INFO main.java.edu.mit.compbio.bisulfitehic.mapping.Bhmem  - Unique mapped and paired reads 1278306 ...
[M::mem_process_seqs] Processed 1001 reads in 1.043 CPU sec, 0.156 real sec
[M::mem_process_seqs] Processed 1001 reads in 0.958 CPU sec, 0.128 real sec
[M::mem_process_seqs] Processed 1001 reads in 1.124 CPU sec, 0.172 real sec
[M::mem_process_seqs] Processed 1001 reads in 1.054 CPU sec, 0.149 real sec
477924 [main] INFO main.java.edu.mit.compbio.bisulfitehic.mapping.Bhmem  - Processing reads 1288000 ...
477924 [main] INFO main.java.edu.mit.compbio.bisulfitehic.mapping.Bhmem  - Unique mapped and paired reads 1280292 ...
477927 [main] INFO main.java.edu.mit.compbio.bisulfitehic.mapping.Bhmem  - Processing reads 1289000 ...
477927 [main] INFO main.java.edu.mit.compbio.bisulfitehic.mapping.Bhmem  - Unique mapped and paired reads 1280292 ...
[M::mem_process_seqs] Processed 1001 reads in 0.982 CPU sec, 0.142 real sec
[M::mem_process_seqs] Processed 1001 reads in 0.971 CPU sec, 0.123 real sec
[M::mem_process_seqs] Processed 1001 reads in 1.048 CPU sec, 0.151 real sec
[M::mem_process_seqs] Processed 1001 reads in 1.031 CPU sec, 0.151 real sec
478617 [main] INFO main.java.edu.mit.compbio.bisulfitehic.mapping.Bhmem  - Processing reads 1290000 ...
478617 [main] INFO main.java.edu.mit.compbio.bisulfitehic.mapping.Bhmem  - Unique mapped and paired reads 1282286 ...
478620 [main] INFO main.java.edu.mit.compbio.bisulfitehic.mapping.Bhmem  - Processing reads 1291000 ...
478620 [main] INFO main.java.edu.mit.compbio.bisulfitehic.mapping.Bhmem  - Unique mapped and paired reads 1282286 ...
[M::mem_process_seqs] Processed 1001 reads in 1.000 CPU sec, 0.144 real sec
[M::mem_process_seqs] Processed 1001 reads in 0.992 CPU sec, 0.131 real sec
[M::mem_process_seqs] Processed 1001 reads in 1.065 CPU sec, 0.135 real sec
[M::mem_process_seqs] Processed 1001 reads in 1.036 CPU sec, 0.132 real sec
479285 [main] INFO main.java.edu.mit.compbio.bisulfitehic.mapping.Bhmem  - Processing reads 1292000 ...
479285 [main] INFO main.java.edu.mit.compbio.bisulfitehic.mapping.Bhmem  - Unique mapped and paired reads 1284282 ...
479288 [main] INFO main.java.edu.mit.compbio.bisulfitehic.mapping.Bhmem  - Processing reads 1293000 ...
479288 [main] INFO main.java.edu.mit.compbio.bisulfitehic.mapping.Bhmem  - Unique mapped and paired reads 1284282 ...
[M::mem_process_seqs] Processed 1001 reads in 1.033 CPU sec, 0.150 real sec
[M::mem_process_seqs] Processed 1001 reads in 1.000 CPU sec, 0.129 real sec
[M::mem_process_seqs] Processed 1001 reads in 1.123 CPU sec, 0.160 real sec
[M::mem_process_seqs] Processed 1001 reads in 1.120 CPU sec, 0.143 real sec
479991 [main] INFO main.java.edu.mit.compbio.bisulfitehic.mapping.Bhmem  - Processing reads 1294000 ...
479991 [main] INFO main.java.edu.mit.compbio.bisulfitehic.mapping.Bhmem  - Unique mapped and paired reads 1286270 ...
479994 [main] INFO main.java.edu.mit.compbio.bisulfitehic.mapping.Bhmem  - Processing reads 1295000 ...
479994 [main] INFO main.java.edu.mit.compbio.bisulfitehic.mapping.Bhmem  - Unique mapped and paired reads 1286270 ...
[M::mem_process_seqs] Processed 1001 reads in 1.076 CPU sec, 0.141 real sec
[M::mem_process_seqs] Processed 1001 reads in 0.947 CPU sec, 0.137 real sec
[M::mem_process_seqs] Processed 1001 reads in 1.148 CPU sec, 0.151 real sec
[M::mem_process_seqs] Processed 1001 reads in 1.103 CPU sec, 0.142 real sec
480690 [main] INFO main.java.edu.mit.compbio.bisulfitehic.mapping.Bhmem  - Processing reads 1296000 ...
480690 [main] INFO main.java.edu.mit.compbio.bisulfitehic.mapping.Bhmem  - Unique mapped and paired reads 1288264 ...
480693 [main] INFO main.java.edu.mit.compbio.bisulfitehic.mapping.Bhmem  - Processing reads 1297000 ...
480693 [main] INFO main.java.edu.mit.compbio.bisulfitehic.mapping.Bhmem  - Unique mapped and paired reads 1288264 ...
[M::mem_process_seqs] Processed 1001 reads in 1.054 CPU sec, 0.137 real sec
[M::mem_process_seqs] Processed 1001 reads in 0.916 CPU sec, 0.134 real sec
[M::mem_process_seqs] Processed 1001 reads in 1.089 CPU sec, 0.153 real sec
[M::mem_process_seqs] Processed 1001 reads in 1.206 CPU sec, 0.233 real sec
481469 [main] INFO main.java.edu.mit.compbio.bisulfitehic.mapping.Bhmem  - Processing reads 1298000 ...
481469 [main] INFO main.java.edu.mit.compbio.bisulfitehic.mapping.Bhmem  - Unique mapped and paired reads 1290254 ...
481472 [main] INFO main.java.edu.mit.compbio.bisulfitehic.mapping.Bhmem  - Processing reads 1299000 ...
481472 [main] INFO main.java.edu.mit.compbio.bisulfitehic.mapping.Bhmem  - Unique mapped and paired reads 1290254 ...
[M::mem_process_seqs] Processed 1001 reads in 1.014 CPU sec, 0.154 real sec
[M::mem_process_seqs] Processed 1001 reads in 0.968 CPU sec, 0.146 real sec
[M::mem_process_seqs] Processed 1001 reads in 1.095 CPU sec, 0.158 real sec
[M::mem_process_seqs] Processed 1001 reads in 1.071 CPU sec, 0.139 real sec
482188 [main] INFO main.java.edu.mit.compbio.bisulfitehic.mapping.Bhmem  - Processing reads 1300000 ...
482188 [main] INFO main.java.edu.mit.compbio.bisulfitehic.mapping.Bhmem  - Unique mapped and paired reads 1292240 ...
482191 [main] INFO main.java.edu.mit.compbio.bisulfitehic.mapping.Bhmem  - Processing reads 1301000 ...
482191 [main] INFO main.java.edu.mit.compbio.bisulfitehic.mapping.Bhmem  - Unique mapped and paired reads 1292240 ...
[M::mem_process_seqs] Processed 1001 reads in 0.915 CPU sec, 0.133 real sec
[M::mem_process_seqs] Processed 1001 reads in 0.801 CPU sec, 0.116 real sec
[M::mem_process_seqs] Processed 1001 reads in 1.005 CPU sec, 0.144 real sec
[M::mem_process_seqs] Processed 1001 reads in 0.960 CPU sec, 0.121 real sec
482821 [main] INFO main.java.edu.mit.compbio.bisulfitehic.mapping.Bhmem  - Processing reads 1302000 ...
482821 [main] INFO main.java.edu.mit.compbio.bisulfitehic.mapping.Bhmem  - Unique mapped and paired reads 1294232 ...
482824 [main] INFO main.java.edu.mit.compbio.bisulfitehic.mapping.Bhmem  - Processing reads 1303000 ...
482824 [main] INFO main.java.edu.mit.compbio.bisulfitehic.mapping.Bhmem  - Unique mapped and paired reads 1294232 ...
[M::mem_process_seqs] Processed 1001 reads in 0.907 CPU sec, 0.126 real sec
[M::mem_process_seqs] Processed 1001 reads in 0.963 CPU sec, 0.143 real sec
[M::mem_process_seqs] Processed 1001 reads in 0.988 CPU sec, 0.136 real sec
[M::mem_process_seqs] Processed 1001 reads in 1.053 CPU sec, 0.136 real sec
483484 [main] INFO main.java.edu.mit.compbio.bisulfitehic.mapping.Bhmem  - Processing reads 1304000 ...
483484 [main] INFO main.java.edu.mit.compbio.bisulfitehic.mapping.Bhmem  - Unique mapped and paired reads 1296224 ...
483487 [main] INFO main.java.edu.mit.compbio.bisulfitehic.mapping.Bhmem  - Processing reads 1305000 ...
483487 [main] INFO main.java.edu.mit.compbio.bisulfitehic.mapping.Bhmem  - Unique mapped and paired reads 1296224 ...
[M::mem_process_seqs] Processed 1001 reads in 0.922 CPU sec, 0.128 real sec
[M::mem_process_seqs] Processed 1001 reads in 0.829 CPU sec, 0.128 real sec
[M::mem_process_seqs] Processed 1001 reads in 1.009 CPU sec, 0.141 real sec
[M::mem_process_seqs] Processed 1001 reads in 0.988 CPU sec, 0.125 real sec
484125 [main] INFO main.java.edu.mit.compbio.bisulfitehic.mapping.Bhmem  - Processing reads 1306000 ...
484125 [main] INFO main.java.edu.mit.compbio.bisulfitehic.mapping.Bhmem  - Unique mapped and paired reads 1298218 ...
484128 [main] INFO main.java.edu.mit.compbio.bisulfitehic.mapping.Bhmem  - Processing reads 1307000 ...
484128 [main] INFO main.java.edu.mit.compbio.bisulfitehic.mapping.Bhmem  - Unique mapped and paired reads 1298218 ...
[M::mem_process_seqs] Processed 1001 reads in 1.049 CPU sec, 0.172 real sec
[M::mem_process_seqs] Processed 1001 reads in 0.894 CPU sec, 0.130 real sec
[M::mem_process_seqs] Processed 1001 reads in 1.048 CPU sec, 0.153 real sec
[M::mem_process_seqs] Processed 1001 reads in 1.134 CPU sec, 0.160 real sec
484859 [main] INFO main.java.edu.mit.compbio.bisulfitehic.mapping.Bhmem  - Processing reads 1308000 ...
484859 [main] INFO main.java.edu.mit.compbio.bisulfitehic.mapping.Bhmem  - Unique mapped and paired reads 1300204 ...
484862 [main] INFO main.java.edu.mit.compbio.bisulfitehic.mapping.Bhmem  - Processing reads 1309000 ...
484862 [main] INFO main.java.edu.mit.compbio.bisulfitehic.mapping.Bhmem  - Unique mapped and paired reads 1300204 ...
[M::mem_process_seqs] Processed 1001 reads in 1.030 CPU sec, 0.155 real sec
[M::mem_process_seqs] Processed 1001 reads in 0.959 CPU sec, 0.139 real sec
[M::mem_process_seqs] Processed 1001 reads in 1.134 CPU sec, 0.160 real sec
[M::mem_process_seqs] Processed 1001 reads in 1.140 CPU sec, 0.147 real sec
485581 [main] INFO main.java.edu.mit.compbio.bisulfitehic.mapping.Bhmem  - Processing reads 1310000 ...
485581 [main] INFO main.java.edu.mit.compbio.bisulfitehic.mapping.Bhmem  - Unique mapped and paired reads 1302192 ...
485584 [main] INFO main.java.edu.mit.compbio.bisulfitehic.mapping.Bhmem  - Processing reads 1311000 ...
485584 [main] INFO main.java.edu.mit.compbio.bisulfitehic.mapping.Bhmem  - Unique mapped and paired reads 1302192 ...
[M::mem_process_seqs] Processed 1001 reads in 0.984 CPU sec, 0.136 real sec
[M::mem_process_seqs] Processed 1001 reads in 0.926 CPU sec, 0.135 real sec
[M::mem_process_seqs] Processed 1001 reads in 1.119 CPU sec, 0.174 real sec
[M::mem_process_seqs] Processed 1001 reads in 1.075 CPU sec, 0.138 real sec
486301 [main] INFO main.java.edu.mit.compbio.bisulfitehic.mapping.Bhmem  - Processing reads 1312000 ...
486301 [main] INFO main.java.edu.mit.compbio.bisulfitehic.mapping.Bhmem  - Unique mapped and paired reads 1304182 ...
486304 [main] INFO main.java.edu.mit.compbio.bisulfitehic.mapping.Bhmem  - Processing reads 1313000 ...
486304 [main] INFO main.java.edu.mit.compbio.bisulfitehic.mapping.Bhmem  - Unique mapped and paired reads 1304182 ...
[M::mem_process_seqs] Processed 1001 reads in 0.998 CPU sec, 0.146 real sec
[M::mem_process_seqs] Processed 1001 reads in 0.862 CPU sec, 0.128 real sec
[M::mem_process_seqs] Processed 1001 reads in 0.980 CPU sec, 0.135 real sec
[M::mem_process_seqs] Processed 1001 reads in 0.972 CPU sec, 0.132 real sec
486963 [main] INFO main.java.edu.mit.compbio.bisulfitehic.mapping.Bhmem  - Processing reads 1314000 ...
486963 [main] INFO main.java.edu.mit.compbio.bisulfitehic.mapping.Bhmem  - Unique mapped and paired reads 1306176 ...
486966 [main] INFO main.java.edu.mit.compbio.bisulfitehic.mapping.Bhmem  - Processing reads 1315000 ...
486966 [main] INFO main.java.edu.mit.compbio.bisulfitehic.mapping.Bhmem  - Unique mapped and paired reads 1306176 ...
[M::mem_process_seqs] Processed 1001 reads in 0.940 CPU sec, 0.143 real sec
[M::mem_process_seqs] Processed 1001 reads in 0.849 CPU sec, 0.128 real sec
[M::mem_process_seqs] Processed 1001 reads in 1.142 CPU sec, 0.181 real sec
[M::mem_process_seqs] Processed 1001 reads in 1.043 CPU sec, 0.132 real sec
487685 [main] INFO main.java.edu.mit.compbio.bisulfitehic.mapping.Bhmem  - Processing reads 1316000 ...
487685 [main] INFO main.java.edu.mit.compbio.bisulfitehic.mapping.Bhmem  - Unique mapped and paired reads 1308166 ...
487688 [main] INFO main.java.edu.mit.compbio.bisulfitehic.mapping.Bhmem  - Processing reads 1317000 ...
487688 [main] INFO main.java.edu.mit.compbio.bisulfitehic.mapping.Bhmem  - Unique mapped and paired reads 1308166 ...
[M::mem_process_seqs] Processed 1001 reads in 0.898 CPU sec, 0.130 real sec
[M::mem_process_seqs] Processed 1001 reads in 0.967 CPU sec, 0.140 real sec
[M::mem_process_seqs] Processed 1001 reads in 0.994 CPU sec, 0.146 real sec
[M::mem_process_seqs] Processed 1001 reads in 1.118 CPU sec, 0.143 real sec
488369 [main] INFO main.java.edu.mit.compbio.bisulfitehic.mapping.Bhmem  - Processing reads 1318000 ...
488369 [main] INFO main.java.edu.mit.compbio.bisulfitehic.mapping.Bhmem  - Unique mapped and paired reads 1310156 ...
488373 [main] INFO main.java.edu.mit.compbio.bisulfitehic.mapping.Bhmem  - Processing reads 1319000 ...
488373 [main] INFO main.java.edu.mit.compbio.bisulfitehic.mapping.Bhmem  - Unique mapped and paired reads 1310156 ...
[M::mem_process_seqs] Processed 1001 reads in 1.011 CPU sec, 0.145 real sec
[M::mem_process_seqs] Processed 1001 reads in 1.010 CPU sec, 0.148 real sec
[M::mem_process_seqs] Processed 1001 reads in 1.117 CPU sec, 0.161 real sec
[M::mem_process_seqs] Processed 1001 reads in 1.122 CPU sec, 0.144 real sec
489097 [main] INFO main.java.edu.mit.compbio.bisulfitehic.mapping.Bhmem  - Processing reads 1320000 ...
489097 [main] INFO main.java.edu.mit.compbio.bisulfitehic.mapping.Bhmem  - Unique mapped and paired reads 1312148 ...
489100 [main] INFO main.java.edu.mit.compbio.bisulfitehic.mapping.Bhmem  - Processing reads 1321000 ...
489100 [main] INFO main.java.edu.mit.compbio.bisulfitehic.mapping.Bhmem  - Unique mapped and paired reads 1312148 ...
[M::mem_process_seqs] Processed 1001 reads in 1.056 CPU sec, 0.135 real sec
[M::mem_process_seqs] Processed 1001 reads in 0.930 CPU sec, 0.137 real sec
[M::mem_process_seqs] Processed 1001 reads in 1.097 CPU sec, 0.162 real sec
[M::mem_process_seqs] Processed 1001 reads in 1.024 CPU sec, 0.134 real sec
489789 [main] INFO main.java.edu.mit.compbio.bisulfitehic.mapping.Bhmem  - Processing reads 1322000 ...
489789 [main] INFO main.java.edu.mit.compbio.bisulfitehic.mapping.Bhmem  - Unique mapped and paired reads 1314148 ...
489792 [main] INFO main.java.edu.mit.compbio.bisulfitehic.mapping.Bhmem  - Processing reads 1323000 ...
489792 [main] INFO main.java.edu.mit.compbio.bisulfitehic.mapping.Bhmem  - Unique mapped and paired reads 1314148 ...
[M::mem_process_seqs] Processed 1001 reads in 1.022 CPU sec, 0.156 real sec
[M::mem_process_seqs] Processed 1001 reads in 0.917 CPU sec, 0.134 real sec
[M::mem_process_seqs] Processed 1001 reads in 1.062 CPU sec, 0.135 real sec
[M::mem_process_seqs] Processed 1001 reads in 1.027 CPU sec, 0.145 real sec
490482 [main] INFO main.java.edu.mit.compbio.bisulfitehic.mapping.Bhmem  - Processing reads 1324000 ...
490482 [main] INFO main.java.edu.mit.compbio.bisulfitehic.mapping.Bhmem  - Unique mapped and paired reads 1316146 ...
490485 [main] INFO main.java.edu.mit.compbio.bisulfitehic.mapping.Bhmem  - Processing reads 1325000 ...
490485 [main] INFO main.java.edu.mit.compbio.bisulfitehic.mapping.Bhmem  - Unique mapped and paired reads 1316146 ...
[M::mem_process_seqs] Processed 1001 reads in 0.986 CPU sec, 0.142 real sec
[M::mem_process_seqs] Processed 1001 reads in 1.034 CPU sec, 0.146 real sec
[M::mem_process_seqs] Processed 1001 reads in 1.027 CPU sec, 0.149 real sec
[M::mem_process_seqs] Processed 1001 reads in 1.018 CPU sec, 0.148 real sec
491192 [main] INFO main.java.edu.mit.compbio.bisulfitehic.mapping.Bhmem  - Processing reads 1326000 ...
491192 [main] INFO main.java.edu.mit.compbio.bisulfitehic.mapping.Bhmem  - Unique mapped and paired reads 1318128 ...
491195 [main] INFO main.java.edu.mit.compbio.bisulfitehic.mapping.Bhmem  - Processing reads 1327000 ...
491195 [main] INFO main.java.edu.mit.compbio.bisulfitehic.mapping.Bhmem  - Unique mapped and paired reads 1318128 ...
[M::mem_process_seqs] Processed 1001 reads in 1.056 CPU sec, 0.154 real sec
[M::mem_process_seqs] Processed 1001 reads in 1.002 CPU sec, 0.158 real sec
[M::mem_process_seqs] Processed 1001 reads in 1.086 CPU sec, 0.150 real sec
[M::mem_process_seqs] Processed 1001 reads in 1.006 CPU sec, 0.138 real sec
491916 [main] INFO main.java.edu.mit.compbio.bisulfitehic.mapping.Bhmem  - Processing reads 1328000 ...
491916 [main] INFO main.java.edu.mit.compbio.bisulfitehic.mapping.Bhmem  - Unique mapped and paired reads 1320126 ...
491919 [main] INFO main.java.edu.mit.compbio.bisulfitehic.mapping.Bhmem  - Processing reads 1329000 ...
491919 [main] INFO main.java.edu.mit.compbio.bisulfitehic.mapping.Bhmem  - Unique mapped and paired reads 1320126 ...
[M::mem_process_seqs] Processed 1001 reads in 0.961 CPU sec, 0.150 real sec
[M::mem_process_seqs] Processed 1001 reads in 0.939 CPU sec, 0.143 real sec
[M::mem_process_seqs] Processed 1001 reads in 1.085 CPU sec, 0.163 real sec
[M::mem_process_seqs] Processed 1001 reads in 1.037 CPU sec, 0.153 real sec
492653 [main] INFO main.java.edu.mit.compbio.bisulfitehic.mapping.Bhmem  - Processing reads 1330000 ...
492653 [main] INFO main.java.edu.mit.compbio.bisulfitehic.mapping.Bhmem  - Unique mapped and paired reads 1322106 ...
492656 [main] INFO main.java.edu.mit.compbio.bisulfitehic.mapping.Bhmem  - Processing reads 1331000 ...
492656 [main] INFO main.java.edu.mit.compbio.bisulfitehic.mapping.Bhmem  - Unique mapped and paired reads 1322106 ...
[M::mem_process_seqs] Processed 1001 reads in 1.037 CPU sec, 0.144 real sec
[M::mem_process_seqs] Processed 1001 reads in 0.990 CPU sec, 0.146 real sec
[M::mem_process_seqs] Processed 1001 reads in 0.982 CPU sec, 0.146 real sec
[M::mem_process_seqs] Processed 1001 reads in 1.148 CPU sec, 0.155 real sec
493368 [main] INFO main.java.edu.mit.compbio.bisulfitehic.mapping.Bhmem  - Processing reads 1332000 ...
493368 [main] INFO main.java.edu.mit.compbio.bisulfitehic.mapping.Bhmem  - Unique mapped and paired reads 1324094 ...
493371 [main] INFO main.java.edu.mit.compbio.bisulfitehic.mapping.Bhmem  - Processing reads 1333000 ...
493371 [main] INFO main.java.edu.mit.compbio.bisulfitehic.mapping.Bhmem  - Unique mapped and paired reads 1324094 ...
[M::mem_process_seqs] Processed 1001 reads in 0.969 CPU sec, 0.142 real sec
[M::mem_process_seqs] Processed 1001 reads in 0.961 CPU sec, 0.143 real sec
[M::mem_process_seqs] Processed 1001 reads in 1.009 CPU sec, 0.139 real sec
[M::mem_process_seqs] Processed 1001 reads in 1.002 CPU sec, 0.144 real sec
494123 [main] INFO main.java.edu.mit.compbio.bisulfitehic.mapping.Bhmem  - Processing reads 1334000 ...
494123 [main] INFO main.java.edu.mit.compbio.bisulfitehic.mapping.Bhmem  - Unique mapped and paired reads 1326096 ...
494129 [main] INFO main.java.edu.mit.compbio.bisulfitehic.mapping.Bhmem  - Processing reads 1335000 ...
494129 [main] INFO main.java.edu.mit.compbio.bisulfitehic.mapping.Bhmem  - Unique mapped and paired reads 1326096 ...
[M::mem_process_seqs] Processed 1001 reads in 0.972 CPU sec, 0.135 real sec
[M::mem_process_seqs] Processed 1001 reads in 0.920 CPU sec, 0.128 real sec
[M::mem_process_seqs] Processed 1001 reads in 1.006 CPU sec, 0.135 real sec
[M::mem_process_seqs] Processed 1001 reads in 1.028 CPU sec, 0.155 real sec
494805 [main] INFO main.java.edu.mit.compbio.bisulfitehic.mapping.Bhmem  - Processing reads 1336000 ...
494805 [main] INFO main.java.edu.mit.compbio.bisulfitehic.mapping.Bhmem  - Unique mapped and paired reads 1328082 ...
494808 [main] INFO main.java.edu.mit.compbio.bisulfitehic.mapping.Bhmem  - Processing reads 1337000 ...
494808 [main] INFO main.java.edu.mit.compbio.bisulfitehic.mapping.Bhmem  - Unique mapped and paired reads 1328082 ...
[M::mem_process_seqs] Processed 1001 reads in 0.877 CPU sec, 0.127 real sec
[M::mem_process_seqs] Processed 1001 reads in 0.836 CPU sec, 0.121 real sec
[M::mem_process_seqs] Processed 1001 reads in 0.939 CPU sec, 0.136 real sec
[M::mem_process_seqs] Processed 1001 reads in 0.955 CPU sec, 0.131 real sec
495442 [main] INFO main.java.edu.mit.compbio.bisulfitehic.mapping.Bhmem  - Processing reads 1338000 ...
495442 [main] INFO main.java.edu.mit.compbio.bisulfitehic.mapping.Bhmem  - Unique mapped and paired reads 1330080 ...
495445 [main] INFO main.java.edu.mit.compbio.bisulfitehic.mapping.Bhmem  - Processing reads 1339000 ...
495445 [main] INFO main.java.edu.mit.compbio.bisulfitehic.mapping.Bhmem  - Unique mapped and paired reads 1330080 ...
[M::mem_process_seqs] Processed 1001 reads in 0.980 CPU sec, 0.125 real sec
[M::mem_process_seqs] Processed 1001 reads in 0.814 CPU sec, 0.111 real sec
[M::mem_process_seqs] Processed 1001 reads in 0.947 CPU sec, 0.138 real sec
[M::mem_process_seqs] Processed 1001 reads in 0.968 CPU sec, 0.154 real sec
496092 [main] INFO main.java.edu.mit.compbio.bisulfitehic.mapping.Bhmem  - Processing reads 1340000 ...
496092 [main] INFO main.java.edu.mit.compbio.bisulfitehic.mapping.Bhmem  - Unique mapped and paired reads 1332078 ...
496095 [main] INFO main.java.edu.mit.compbio.bisulfitehic.mapping.Bhmem  - Processing reads 1341000 ...
496095 [main] INFO main.java.edu.mit.compbio.bisulfitehic.mapping.Bhmem  - Unique mapped and paired reads 1332078 ...
[M::mem_process_seqs] Processed 1001 reads in 0.923 CPU sec, 0.133 real sec
[M::mem_process_seqs] Processed 1001 reads in 0.983 CPU sec, 0.125 real sec
[M::mem_process_seqs] Processed 1001 reads in 1.009 CPU sec, 0.135 real sec
[M::mem_process_seqs] Processed 1001 reads in 1.018 CPU sec, 0.146 real sec
496757 [main] INFO main.java.edu.mit.compbio.bisulfitehic.mapping.Bhmem  - Processing reads 1342000 ...
496757 [main] INFO main.java.edu.mit.compbio.bisulfitehic.mapping.Bhmem  - Unique mapped and paired reads 1334074 ...
496760 [main] INFO main.java.edu.mit.compbio.bisulfitehic.mapping.Bhmem  - Processing reads 1343000 ...
496760 [main] INFO main.java.edu.mit.compbio.bisulfitehic.mapping.Bhmem  - Unique mapped and paired reads 1334074 ...
[M::mem_process_seqs] Processed 1001 reads in 1.104 CPU sec, 0.251 real sec
[M::mem_process_seqs] Processed 1001 reads in 1.013 CPU sec, 0.133 real sec
[M::mem_process_seqs] Processed 1001 reads in 0.962 CPU sec, 0.123 real sec
[M::mem_process_seqs] Processed 1001 reads in 1.077 CPU sec, 0.137 real sec
497524 [main] INFO main.java.edu.mit.compbio.bisulfitehic.mapping.Bhmem  - Processing reads 1344000 ...
497524 [main] INFO main.java.edu.mit.compbio.bisulfitehic.mapping.Bhmem  - Unique mapped and paired reads 1336066 ...
497527 [main] INFO main.java.edu.mit.compbio.bisulfitehic.mapping.Bhmem  - Processing reads 1345000 ...
497527 [main] INFO main.java.edu.mit.compbio.bisulfitehic.mapping.Bhmem  - Unique mapped and paired reads 1336066 ...
[M::mem_process_seqs] Processed 1001 reads in 0.932 CPU sec, 0.137 real sec
[M::mem_process_seqs] Processed 1001 reads in 0.884 CPU sec, 0.131 real sec
[M::mem_process_seqs] Processed 1001 reads in 0.947 CPU sec, 0.146 real sec
[M::mem_process_seqs] Processed 1001 reads in 0.930 CPU sec, 0.127 real sec
498204 [main] INFO main.java.edu.mit.compbio.bisulfitehic.mapping.Bhmem  - Processing reads 1346000 ...
498204 [main] INFO main.java.edu.mit.compbio.bisulfitehic.mapping.Bhmem  - Unique mapped and paired reads 1338056 ...
498207 [main] INFO main.java.edu.mit.compbio.bisulfitehic.mapping.Bhmem  - Processing reads 1347000 ...
498207 [main] INFO main.java.edu.mit.compbio.bisulfitehic.mapping.Bhmem  - Unique mapped and paired reads 1338056 ...
[M::mem_process_seqs] Processed 1001 reads in 1.057 CPU sec, 0.154 real sec
[M::mem_process_seqs] Processed 1001 reads in 0.879 CPU sec, 0.132 real sec
[M::mem_process_seqs] Processed 1001 reads in 1.077 CPU sec, 0.143 real sec
[M::mem_process_seqs] Processed 1001 reads in 1.003 CPU sec, 0.146 real sec
498902 [main] INFO main.java.edu.mit.compbio.bisulfitehic.mapping.Bhmem  - Processing reads 1348000 ...
498902 [main] INFO main.java.edu.mit.compbio.bisulfitehic.mapping.Bhmem  - Unique mapped and paired reads 1340050 ...
498905 [main] INFO main.java.edu.mit.compbio.bisulfitehic.mapping.Bhmem  - Processing reads 1349000 ...
498905 [main] INFO main.java.edu.mit.compbio.bisulfitehic.mapping.Bhmem  - Unique mapped and paired reads 1340050 ...
[M::mem_process_seqs] Processed 1001 reads in 0.991 CPU sec, 0.140 real sec
[M::mem_process_seqs] Processed 1001 reads in 0.897 CPU sec, 0.129 real sec
[M::mem_process_seqs] Processed 1001 reads in 1.079 CPU sec, 0.138 real sec
[M::mem_process_seqs] Processed 1001 reads in 1.013 CPU sec, 0.147 real sec
499580 [main] INFO main.java.edu.mit.compbio.bisulfitehic.mapping.Bhmem  - Processing reads 1350000 ...
499580 [main] INFO main.java.edu.mit.compbio.bisulfitehic.mapping.Bhmem  - Unique mapped and paired reads 1342040 ...
499583 [main] INFO main.java.edu.mit.compbio.bisulfitehic.mapping.Bhmem  - Processing reads 1351000 ...
499583 [main] INFO main.java.edu.mit.compbio.bisulfitehic.mapping.Bhmem  - Unique mapped and paired reads 1342040 ...
[M::mem_process_seqs] Processed 1001 reads in 1.089 CPU sec, 0.159 real sec
[M::mem_process_seqs] Processed 1001 reads in 0.927 CPU sec, 0.137 real sec
[M::mem_process_seqs] Processed 1001 reads in 1.099 CPU sec, 0.153 real sec
[M::mem_process_seqs] Processed 1001 reads in 1.125 CPU sec, 0.143 real sec
500295 [main] INFO main.java.edu.mit.compbio.bisulfitehic.mapping.Bhmem  - Processing reads 1352000 ...
500295 [main] INFO main.java.edu.mit.compbio.bisulfitehic.mapping.Bhmem  - Unique mapped and paired reads 1344030 ...
500298 [main] INFO main.java.edu.mit.compbio.bisulfitehic.mapping.Bhmem  - Processing reads 1353000 ...
500298 [main] INFO main.java.edu.mit.compbio.bisulfitehic.mapping.Bhmem  - Unique mapped and paired reads 1344030 ...
[M::mem_process_seqs] Processed 1001 reads in 1.050 CPU sec, 0.153 real sec
[M::mem_process_seqs] Processed 1001 reads in 0.979 CPU sec, 0.133 real sec
[M::mem_process_seqs] Processed 1001 reads in 1.259 CPU sec, 0.170 real sec
[M::mem_process_seqs] Processed 1001 reads in 1.210 CPU sec, 0.157 real sec
501037 [main] INFO main.java.edu.mit.compbio.bisulfitehic.mapping.Bhmem  - Processing reads 1354000 ...
501037 [main] INFO main.java.edu.mit.compbio.bisulfitehic.mapping.Bhmem  - Unique mapped and paired reads 1346030 ...
501040 [main] INFO main.java.edu.mit.compbio.bisulfitehic.mapping.Bhmem  - Processing reads 1355000 ...
501040 [main] INFO main.java.edu.mit.compbio.bisulfitehic.mapping.Bhmem  - Unique mapped and paired reads 1346030 ...
[M::mem_process_seqs] Processed 1001 reads in 1.032 CPU sec, 0.150 real sec
[M::mem_process_seqs] Processed 1001 reads in 0.983 CPU sec, 0.143 real sec
[M::mem_process_seqs] Processed 1001 reads in 0.954 CPU sec, 0.130 real sec
[M::mem_process_seqs] Processed 1001 reads in 1.023 CPU sec, 0.132 real sec
501708 [main] INFO main.java.edu.mit.compbio.bisulfitehic.mapping.Bhmem  - Processing reads 1356000 ...
501708 [main] INFO main.java.edu.mit.compbio.bisulfitehic.mapping.Bhmem  - Unique mapped and paired reads 1348024 ...
501711 [main] INFO main.java.edu.mit.compbio.bisulfitehic.mapping.Bhmem  - Processing reads 1357000 ...
501711 [main] INFO main.java.edu.mit.compbio.bisulfitehic.mapping.Bhmem  - Unique mapped and paired reads 1348024 ...
[M::mem_process_seqs] Processed 1001 reads in 1.050 CPU sec, 0.150 real sec
[M::mem_process_seqs] Processed 1001 reads in 1.044 CPU sec, 0.160 real sec
[M::mem_process_seqs] Processed 1001 reads in 1.102 CPU sec, 0.159 real sec
[M::mem_process_seqs] Processed 1001 reads in 1.132 CPU sec, 0.146 real sec
502454 [main] INFO main.java.edu.mit.compbio.bisulfitehic.mapping.Bhmem  - Processing reads 1358000 ...
502454 [main] INFO main.java.edu.mit.compbio.bisulfitehic.mapping.Bhmem  - Unique mapped and paired reads 1350014 ...
502457 [main] INFO main.java.edu.mit.compbio.bisulfitehic.mapping.Bhmem  - Processing reads 1359000 ...
502457 [main] INFO main.java.edu.mit.compbio.bisulfitehic.mapping.Bhmem  - Unique mapped and paired reads 1350014 ...
[M::mem_process_seqs] Processed 1001 reads in 1.022 CPU sec, 0.146 real sec
[M::mem_process_seqs] Processed 1001 reads in 1.076 CPU sec, 0.159 real sec
[M::mem_process_seqs] Processed 1001 reads in 1.114 CPU sec, 0.150 real sec
[M::mem_process_seqs] Processed 1001 reads in 1.086 CPU sec, 0.139 real sec
503174 [main] INFO main.java.edu.mit.compbio.bisulfitehic.mapping.Bhmem  - Processing reads 1360000 ...
503174 [main] INFO main.java.edu.mit.compbio.bisulfitehic.mapping.Bhmem  - Unique mapped and paired reads 1351996 ...
503177 [main] INFO main.java.edu.mit.compbio.bisulfitehic.mapping.Bhmem  - Processing reads 1361000 ...
503177 [main] INFO main.java.edu.mit.compbio.bisulfitehic.mapping.Bhmem  - Unique mapped and paired reads 1351996 ...
[M::mem_process_seqs] Processed 1001 reads in 1.062 CPU sec, 0.141 real sec
[M::mem_process_seqs] Processed 1001 reads in 0.982 CPU sec, 0.126 real sec
[M::mem_process_seqs] Processed 1001 reads in 1.123 CPU sec, 0.165 real sec
[M::mem_process_seqs] Processed 1001 reads in 1.229 CPU sec, 0.180 real sec
503912 [main] INFO main.java.edu.mit.compbio.bisulfitehic.mapping.Bhmem  - Processing reads 1362000 ...
503912 [main] INFO main.java.edu.mit.compbio.bisulfitehic.mapping.Bhmem  - Unique mapped and paired reads 1353988 ...
503915 [main] INFO main.java.edu.mit.compbio.bisulfitehic.mapping.Bhmem  - Processing reads 1363000 ...
503915 [main] INFO main.java.edu.mit.compbio.bisulfitehic.mapping.Bhmem  - Unique mapped and paired reads 1353988 ...
[M::mem_process_seqs] Processed 1001 reads in 0.973 CPU sec, 0.142 real sec
[M::mem_process_seqs] Processed 1001 reads in 0.930 CPU sec, 0.134 real sec
[M::mem_process_seqs] Processed 1001 reads in 1.068 CPU sec, 0.135 real sec
[M::mem_process_seqs] Processed 1001 reads in 1.012 CPU sec, 0.159 real sec
504613 [main] INFO main.java.edu.mit.compbio.bisulfitehic.mapping.Bhmem  - Processing reads 1364000 ...
504613 [main] INFO main.java.edu.mit.compbio.bisulfitehic.mapping.Bhmem  - Unique mapped and paired reads 1355982 ...
504617 [main] INFO main.java.edu.mit.compbio.bisulfitehic.mapping.Bhmem  - Processing reads 1365000 ...
504617 [main] INFO main.java.edu.mit.compbio.bisulfitehic.mapping.Bhmem  - Unique mapped and paired reads 1355982 ...
[M::mem_process_seqs] Processed 1001 reads in 1.130 CPU sec, 0.780 real sec
[M::mem_process_seqs] Processed 1001 reads in 1.064 CPU sec, 0.234 real sec
[M::mem_process_seqs] Processed 1001 reads in 1.132 CPU sec, 0.170 real sec
[M::mem_process_seqs] Processed 1001 reads in 1.095 CPU sec, 0.158 real sec
506096 [main] INFO main.java.edu.mit.compbio.bisulfitehic.mapping.Bhmem  - Processing reads 1366000 ...
506096 [main] INFO main.java.edu.mit.compbio.bisulfitehic.mapping.Bhmem  - Unique mapped and paired reads 1357964 ...
506099 [main] INFO main.java.edu.mit.compbio.bisulfitehic.mapping.Bhmem  - Processing reads 1367000 ...
506099 [main] INFO main.java.edu.mit.compbio.bisulfitehic.mapping.Bhmem  - Unique mapped and paired reads 1357964 ...
[M::mem_process_seqs] Processed 1001 reads in 1.027 CPU sec, 0.147 real sec
[M::mem_process_seqs] Processed 1001 reads in 0.829 CPU sec, 0.119 real sec
[M::mem_process_seqs] Processed 1001 reads in 1.005 CPU sec, 0.152 real sec
[M::mem_process_seqs] Processed 1001 reads in 0.995 CPU sec, 0.127 real sec
506758 [main] INFO main.java.edu.mit.compbio.bisulfitehic.mapping.Bhmem  - Processing reads 1368000 ...
506758 [main] INFO main.java.edu.mit.compbio.bisulfitehic.mapping.Bhmem  - Unique mapped and paired reads 1359950 ...
506761 [main] INFO main.java.edu.mit.compbio.bisulfitehic.mapping.Bhmem  - Processing reads 1369000 ...
506761 [main] INFO main.java.edu.mit.compbio.bisulfitehic.mapping.Bhmem  - Unique mapped and paired reads 1359950 ...
[M::mem_process_seqs] Processed 1001 reads in 0.985 CPU sec, 0.150 real sec
[M::mem_process_seqs] Processed 1001 reads in 0.904 CPU sec, 0.134 real sec
[M::mem_process_seqs] Processed 1001 reads in 1.066 CPU sec, 0.153 real sec
[M::mem_process_seqs] Processed 1001 reads in 1.055 CPU sec, 0.157 real sec
507479 [main] INFO main.java.edu.mit.compbio.bisulfitehic.mapping.Bhmem  - Processing reads 1370000 ...
507479 [main] INFO main.java.edu.mit.compbio.bisulfitehic.mapping.Bhmem  - Unique mapped and paired reads 1361946 ...
507482 [main] INFO main.java.edu.mit.compbio.bisulfitehic.mapping.Bhmem  - Processing reads 1371000 ...
507482 [main] INFO main.java.edu.mit.compbio.bisulfitehic.mapping.Bhmem  - Unique mapped and paired reads 1361946 ...
[M::mem_process_seqs] Processed 1001 reads in 0.979 CPU sec, 0.143 real sec
[M::mem_process_seqs] Processed 1001 reads in 0.891 CPU sec, 0.130 real sec
[M::mem_process_seqs] Processed 1001 reads in 1.008 CPU sec, 0.146 real sec
[M::mem_process_seqs] Processed 1001 reads in 1.022 CPU sec, 0.152 real sec
508172 [main] INFO main.java.edu.mit.compbio.bisulfitehic.mapping.Bhmem  - Processing reads 1372000 ...
508172 [main] INFO main.java.edu.mit.compbio.bisulfitehic.mapping.Bhmem  - Unique mapped and paired reads 1363940 ...
508175 [main] INFO main.java.edu.mit.compbio.bisulfitehic.mapping.Bhmem  - Processing reads 1373000 ...
508175 [main] INFO main.java.edu.mit.compbio.bisulfitehic.mapping.Bhmem  - Unique mapped and paired reads 1363940 ...
[M::mem_process_seqs] Processed 1001 reads in 0.946 CPU sec, 0.137 real sec
[M::mem_process_seqs] Processed 1001 reads in 0.937 CPU sec, 0.119 real sec
[M::mem_process_seqs] Processed 1001 reads in 0.984 CPU sec, 0.142 real sec
[M::mem_process_seqs] Processed 1001 reads in 0.955 CPU sec, 0.138 real sec
508830 [main] INFO main.java.edu.mit.compbio.bisulfitehic.mapping.Bhmem  - Processing reads 1374000 ...
508830 [main] INFO main.java.edu.mit.compbio.bisulfitehic.mapping.Bhmem  - Unique mapped and paired reads 1365934 ...
508833 [main] INFO main.java.edu.mit.compbio.bisulfitehic.mapping.Bhmem  - Processing reads 1375000 ...
508833 [main] INFO main.java.edu.mit.compbio.bisulfitehic.mapping.Bhmem  - Unique mapped and paired reads 1365934 ...
[M::mem_process_seqs] Processed 1001 reads in 0.961 CPU sec, 0.139 real sec
[M::mem_process_seqs] Processed 1001 reads in 0.898 CPU sec, 0.134 real sec
[M::mem_process_seqs] Processed 1001 reads in 1.002 CPU sec, 0.148 real sec
[M::mem_process_seqs] Processed 1001 reads in 0.949 CPU sec, 0.138 real sec
509509 [main] INFO main.java.edu.mit.compbio.bisulfitehic.mapping.Bhmem  - Processing reads 1376000 ...
509509 [main] INFO main.java.edu.mit.compbio.bisulfitehic.mapping.Bhmem  - Unique mapped and paired reads 1367920 ...
509512 [main] INFO main.java.edu.mit.compbio.bisulfitehic.mapping.Bhmem  - Processing reads 1377000 ...
509512 [main] INFO main.java.edu.mit.compbio.bisulfitehic.mapping.Bhmem  - Unique mapped and paired reads 1367920 ...
[M::mem_process_seqs] Processed 1001 reads in 0.953 CPU sec, 0.121 real sec
[M::mem_process_seqs] Processed 1001 reads in 0.899 CPU sec, 0.130 real sec
[M::mem_process_seqs] Processed 1001 reads in 1.000 CPU sec, 0.145 real sec
[M::mem_process_seqs] Processed 1001 reads in 1.025 CPU sec, 0.156 real sec
510206 [main] INFO main.java.edu.mit.compbio.bisulfitehic.mapping.Bhmem  - Processing reads 1378000 ...
510206 [main] INFO main.java.edu.mit.compbio.bisulfitehic.mapping.Bhmem  - Unique mapped and paired reads 1369912 ...
510209 [main] INFO main.java.edu.mit.compbio.bisulfitehic.mapping.Bhmem  - Processing reads 1379000 ...
510209 [main] INFO main.java.edu.mit.compbio.bisulfitehic.mapping.Bhmem  - Unique mapped and paired reads 1369912 ...
[M::mem_process_seqs] Processed 1001 reads in 1.027 CPU sec, 0.149 real sec
[M::mem_process_seqs] Processed 1001 reads in 0.973 CPU sec, 0.150 real sec
[M::mem_process_seqs] Processed 1001 reads in 1.093 CPU sec, 0.158 real sec
[M::mem_process_seqs] Processed 1001 reads in 1.116 CPU sec, 0.151 real sec
510935 [main] INFO main.java.edu.mit.compbio.bisulfitehic.mapping.Bhmem  - Processing reads 1380000 ...
510935 [main] INFO main.java.edu.mit.compbio.bisulfitehic.mapping.Bhmem  - Unique mapped and paired reads 1371900 ...
510938 [main] INFO main.java.edu.mit.compbio.bisulfitehic.mapping.Bhmem  - Processing reads 1381000 ...
510938 [main] INFO main.java.edu.mit.compbio.bisulfitehic.mapping.Bhmem  - Unique mapped and paired reads 1371900 ...
[M::mem_process_seqs] Processed 1001 reads in 0.987 CPU sec, 0.136 real sec
[M::mem_process_seqs] Processed 1001 reads in 1.016 CPU sec, 0.153 real sec
[M::mem_process_seqs] Processed 1001 reads in 1.085 CPU sec, 0.157 real sec
[M::mem_process_seqs] Processed 1001 reads in 1.198 CPU sec, 0.181 real sec
511708 [main] INFO main.java.edu.mit.compbio.bisulfitehic.mapping.Bhmem  - Processing reads 1382000 ...
511708 [main] INFO main.java.edu.mit.compbio.bisulfitehic.mapping.Bhmem  - Unique mapped and paired reads 1373888 ...
511711 [main] INFO main.java.edu.mit.compbio.bisulfitehic.mapping.Bhmem  - Processing reads 1383000 ...
511711 [main] INFO main.java.edu.mit.compbio.bisulfitehic.mapping.Bhmem  - Unique mapped and paired reads 1373888 ...
[M::mem_process_seqs] Processed 1001 reads in 0.937 CPU sec, 0.135 real sec
[M::mem_process_seqs] Processed 1001 reads in 0.874 CPU sec, 0.128 real sec
[M::mem_process_seqs] Processed 1001 reads in 1.132 CPU sec, 0.160 real sec
[M::mem_process_seqs] Processed 1001 reads in 1.183 CPU sec, 0.166 real sec
512427 [main] INFO main.java.edu.mit.compbio.bisulfitehic.mapping.Bhmem  - Processing reads 1384000 ...
512427 [main] INFO main.java.edu.mit.compbio.bisulfitehic.mapping.Bhmem  - Unique mapped and paired reads 1375882 ...
512430 [main] INFO main.java.edu.mit.compbio.bisulfitehic.mapping.Bhmem  - Processing reads 1385000 ...
512430 [main] INFO main.java.edu.mit.compbio.bisulfitehic.mapping.Bhmem  - Unique mapped and paired reads 1375882 ...
[M::mem_process_seqs] Processed 1001 reads in 1.050 CPU sec, 0.154 real sec
[M::mem_process_seqs] Processed 1001 reads in 1.008 CPU sec, 0.140 real sec
[M::mem_process_seqs] Processed 1001 reads in 1.113 CPU sec, 0.166 real sec
[M::mem_process_seqs] Processed 1001 reads in 1.187 CPU sec, 0.163 real sec
513177 [main] INFO main.java.edu.mit.compbio.bisulfitehic.mapping.Bhmem  - Processing reads 1386000 ...
513177 [main] INFO main.java.edu.mit.compbio.bisulfitehic.mapping.Bhmem  - Unique mapped and paired reads 1377876 ...
513180 [main] INFO main.java.edu.mit.compbio.bisulfitehic.mapping.Bhmem  - Processing reads 1387000 ...
513180 [main] INFO main.java.edu.mit.compbio.bisulfitehic.mapping.Bhmem  - Unique mapped and paired reads 1377876 ...
[M::mem_process_seqs] Processed 1001 reads in 0.989 CPU sec, 0.143 real sec
[M::mem_process_seqs] Processed 1001 reads in 0.979 CPU sec, 0.143 real sec
[M::mem_process_seqs] Processed 1001 reads in 1.049 CPU sec, 0.140 real sec
[M::mem_process_seqs] Processed 1001 reads in 1.098 CPU sec, 0.163 real sec
513892 [main] INFO main.java.edu.mit.compbio.bisulfitehic.mapping.Bhmem  - Processing reads 1388000 ...
513892 [main] INFO main.java.edu.mit.compbio.bisulfitehic.mapping.Bhmem  - Unique mapped and paired reads 1379864 ...
513895 [main] INFO main.java.edu.mit.compbio.bisulfitehic.mapping.Bhmem  - Processing reads 1389000 ...
513895 [main] INFO main.java.edu.mit.compbio.bisulfitehic.mapping.Bhmem  - Unique mapped and paired reads 1379864 ...
[M::mem_process_seqs] Processed 1001 reads in 1.066 CPU sec, 0.164 real sec
[M::mem_process_seqs] Processed 1001 reads in 0.906 CPU sec, 0.133 real sec
[M::mem_process_seqs] Processed 1001 reads in 1.092 CPU sec, 0.163 real sec
[M::mem_process_seqs] Processed 1001 reads in 1.041 CPU sec, 0.146 real sec
514628 [main] INFO main.java.edu.mit.compbio.bisulfitehic.mapping.Bhmem  - Processing reads 1390000 ...
514628 [main] INFO main.java.edu.mit.compbio.bisulfitehic.mapping.Bhmem  - Unique mapped and paired reads 1381858 ...
514631 [main] INFO main.java.edu.mit.compbio.bisulfitehic.mapping.Bhmem  - Processing reads 1391000 ...
514631 [main] INFO main.java.edu.mit.compbio.bisulfitehic.mapping.Bhmem  - Unique mapped and paired reads 1381858 ...
[M::mem_process_seqs] Processed 1001 reads in 0.988 CPU sec, 0.125 real sec
[M::mem_process_seqs] Processed 1001 reads in 0.934 CPU sec, 0.135 real sec
[M::mem_process_seqs] Processed 1001 reads in 0.918 CPU sec, 0.133 real sec
[M::mem_process_seqs] Processed 1001 reads in 1.033 CPU sec, 0.149 real sec
515294 [main] INFO main.java.edu.mit.compbio.bisulfitehic.mapping.Bhmem  - Processing reads 1392000 ...
515294 [main] INFO main.java.edu.mit.compbio.bisulfitehic.mapping.Bhmem  - Unique mapped and paired reads 1383846 ...
515297 [main] INFO main.java.edu.mit.compbio.bisulfitehic.mapping.Bhmem  - Processing reads 1393000 ...
515297 [main] INFO main.java.edu.mit.compbio.bisulfitehic.mapping.Bhmem  - Unique mapped and paired reads 1383846 ...
[M::mem_process_seqs] Processed 1001 reads in 1.061 CPU sec, 0.154 real sec
[M::mem_process_seqs] Processed 1001 reads in 1.013 CPU sec, 0.156 real sec
[M::mem_process_seqs] Processed 1001 reads in 1.062 CPU sec, 0.154 real sec
[M::mem_process_seqs] Processed 1001 reads in 1.086 CPU sec, 0.165 real sec
516051 [main] INFO main.java.edu.mit.compbio.bisulfitehic.mapping.Bhmem  - Processing reads 1394000 ...
516051 [main] INFO main.java.edu.mit.compbio.bisulfitehic.mapping.Bhmem  - Unique mapped and paired reads 1385844 ...
516054 [main] INFO main.java.edu.mit.compbio.bisulfitehic.mapping.Bhmem  - Processing reads 1395000 ...
516054 [main] INFO main.java.edu.mit.compbio.bisulfitehic.mapping.Bhmem  - Unique mapped and paired reads 1385844 ...
[M::mem_process_seqs] Processed 1001 reads in 1.043 CPU sec, 0.154 real sec
[M::mem_process_seqs] Processed 1001 reads in 1.020 CPU sec, 0.147 real sec
[M::mem_process_seqs] Processed 1001 reads in 1.107 CPU sec, 0.156 real sec
[M::mem_process_seqs] Processed 1001 reads in 1.161 CPU sec, 0.169 real sec
516802 [main] INFO main.java.edu.mit.compbio.bisulfitehic.mapping.Bhmem  - Processing reads 1396000 ...
516802 [main] INFO main.java.edu.mit.compbio.bisulfitehic.mapping.Bhmem  - Unique mapped and paired reads 1387844 ...
516805 [main] INFO main.java.edu.mit.compbio.bisulfitehic.mapping.Bhmem  - Processing reads 1397000 ...
516805 [main] INFO main.java.edu.mit.compbio.bisulfitehic.mapping.Bhmem  - Unique mapped and paired reads 1387844 ...
[M::mem_process_seqs] Processed 1001 reads in 1.063 CPU sec, 0.161 real sec
[M::mem_process_seqs] Processed 1001 reads in 1.015 CPU sec, 0.146 real sec
[M::mem_process_seqs] Processed 1001 reads in 1.080 CPU sec, 0.155 real sec
[M::mem_process_seqs] Processed 1001 reads in 1.152 CPU sec, 0.172 real sec
517564 [main] INFO main.java.edu.mit.compbio.bisulfitehic.mapping.Bhmem  - Processing reads 1398000 ...
517564 [main] INFO main.java.edu.mit.compbio.bisulfitehic.mapping.Bhmem  - Unique mapped and paired reads 1389832 ...
517567 [main] INFO main.java.edu.mit.compbio.bisulfitehic.mapping.Bhmem  - Processing reads 1399000 ...
517567 [main] INFO main.java.edu.mit.compbio.bisulfitehic.mapping.Bhmem  - Unique mapped and paired reads 1389832 ...
[M::mem_process_seqs] Processed 1001 reads in 0.903 CPU sec, 0.131 real sec
[M::mem_process_seqs] Processed 1001 reads in 0.833 CPU sec, 0.116 real sec
[M::mem_process_seqs] Processed 1001 reads in 1.014 CPU sec, 0.146 real sec
[M::mem_process_seqs] Processed 1001 reads in 0.950 CPU sec, 0.143 real sec
518217 [main] INFO main.java.edu.mit.compbio.bisulfitehic.mapping.Bhmem  - Processing reads 1400000 ...
518217 [main] INFO main.java.edu.mit.compbio.bisulfitehic.mapping.Bhmem  - Unique mapped and paired reads 1391814 ...
518220 [main] INFO main.java.edu.mit.compbio.bisulfitehic.mapping.Bhmem  - Processing reads 1401000 ...
518220 [main] INFO main.java.edu.mit.compbio.bisulfitehic.mapping.Bhmem  - Unique mapped and paired reads 1391814 ...
[M::mem_process_seqs] Processed 1001 reads in 0.915 CPU sec, 0.133 real sec
[M::mem_process_seqs] Processed 1001 reads in 0.960 CPU sec, 0.150 real sec
[M::mem_process_seqs] Processed 1001 reads in 0.991 CPU sec, 0.145 real sec
[M::mem_process_seqs] Processed 1001 reads in 0.997 CPU sec, 0.145 real sec
518911 [main] INFO main.java.edu.mit.compbio.bisulfitehic.mapping.Bhmem  - Processing reads 1402000 ...
518911 [main] INFO main.java.edu.mit.compbio.bisulfitehic.mapping.Bhmem  - Unique mapped and paired reads 1393804 ...
518914 [main] INFO main.java.edu.mit.compbio.bisulfitehic.mapping.Bhmem  - Processing reads 1403000 ...
518914 [main] INFO main.java.edu.mit.compbio.bisulfitehic.mapping.Bhmem  - Unique mapped and paired reads 1393804 ...
[M::mem_process_seqs] Processed 1001 reads in 0.979 CPU sec, 0.127 real sec
[M::mem_process_seqs] Processed 1001 reads in 0.879 CPU sec, 0.112 real sec
[M::mem_process_seqs] Processed 1001 reads in 1.044 CPU sec, 0.134 real sec
[M::mem_process_seqs] Processed 1001 reads in 0.937 CPU sec, 0.144 real sec
519551 [main] INFO main.java.edu.mit.compbio.bisulfitehic.mapping.Bhmem  - Processing reads 1404000 ...
519551 [main] INFO main.java.edu.mit.compbio.bisulfitehic.mapping.Bhmem  - Unique mapped and paired reads 1395794 ...
519554 [main] INFO main.java.edu.mit.compbio.bisulfitehic.mapping.Bhmem  - Processing reads 1405000 ...
519554 [main] INFO main.java.edu.mit.compbio.bisulfitehic.mapping.Bhmem  - Unique mapped and paired reads 1395794 ...
[M::mem_process_seqs] Processed 1001 reads in 1.058 CPU sec, 0.150 real sec
[M::mem_process_seqs] Processed 1001 reads in 1.015 CPU sec, 0.133 real sec
[M::mem_process_seqs] Processed 1001 reads in 1.061 CPU sec, 0.141 real sec
[M::mem_process_seqs] Processed 1001 reads in 1.087 CPU sec, 0.142 real sec
520241 [main] INFO main.java.edu.mit.compbio.bisulfitehic.mapping.Bhmem  - Processing reads 1406000 ...
520241 [main] INFO main.java.edu.mit.compbio.bisulfitehic.mapping.Bhmem  - Unique mapped and paired reads 1397786 ...
520244 [main] INFO main.java.edu.mit.compbio.bisulfitehic.mapping.Bhmem  - Processing reads 1407000 ...
520244 [main] INFO main.java.edu.mit.compbio.bisulfitehic.mapping.Bhmem  - Unique mapped and paired reads 1397786 ...
[M::mem_process_seqs] Processed 1001 reads in 1.086 CPU sec, 0.161 real sec
[M::mem_process_seqs] Processed 1001 reads in 0.994 CPU sec, 0.131 real sec
[M::mem_process_seqs] Processed 1001 reads in 1.143 CPU sec, 0.148 real sec
[M::mem_process_seqs] Processed 1001 reads in 1.007 CPU sec, 0.146 real sec
520946 [main] INFO main.java.edu.mit.compbio.bisulfitehic.mapping.Bhmem  - Processing reads 1408000 ...
520946 [main] INFO main.java.edu.mit.compbio.bisulfitehic.mapping.Bhmem  - Unique mapped and paired reads 1399772 ...
520949 [main] INFO main.java.edu.mit.compbio.bisulfitehic.mapping.Bhmem  - Processing reads 1409000 ...
520949 [main] INFO main.java.edu.mit.compbio.bisulfitehic.mapping.Bhmem  - Unique mapped and paired reads 1399772 ...
[M::mem_process_seqs] Processed 1001 reads in 0.987 CPU sec, 0.144 real sec
[M::mem_process_seqs] Processed 1001 reads in 1.008 CPU sec, 0.141 real sec
[M::mem_process_seqs] Processed 1001 reads in 1.073 CPU sec, 0.136 real sec
[M::mem_process_seqs] Processed 1001 reads in 1.117 CPU sec, 0.153 real sec
521647 [main] INFO main.java.edu.mit.compbio.bisulfitehic.mapping.Bhmem  - Processing reads 1410000 ...
521647 [main] INFO main.java.edu.mit.compbio.bisulfitehic.mapping.Bhmem  - Unique mapped and paired reads 1401766 ...
521650 [main] INFO main.java.edu.mit.compbio.bisulfitehic.mapping.Bhmem  - Processing reads 1411000 ...
521650 [main] INFO main.java.edu.mit.compbio.bisulfitehic.mapping.Bhmem  - Unique mapped and paired reads 1401766 ...
[M::mem_process_seqs] Processed 1001 reads in 0.996 CPU sec, 0.144 real sec
[M::mem_process_seqs] Processed 1001 reads in 0.941 CPU sec, 0.141 real sec
[M::mem_process_seqs] Processed 1001 reads in 1.136 CPU sec, 0.147 real sec
[M::mem_process_seqs] Processed 1001 reads in 1.051 CPU sec, 0.153 real sec
522352 [main] INFO main.java.edu.mit.compbio.bisulfitehic.mapping.Bhmem  - Processing reads 1412000 ...
522352 [main] INFO main.java.edu.mit.compbio.bisulfitehic.mapping.Bhmem  - Unique mapped and paired reads 1403756 ...
522355 [main] INFO main.java.edu.mit.compbio.bisulfitehic.mapping.Bhmem  - Processing reads 1413000 ...
522355 [main] INFO main.java.edu.mit.compbio.bisulfitehic.mapping.Bhmem  - Unique mapped and paired reads 1403756 ...
[M::mem_process_seqs] Processed 1001 reads in 0.992 CPU sec, 0.143 real sec
[M::mem_process_seqs] Processed 1001 reads in 0.925 CPU sec, 0.138 real sec
[M::mem_process_seqs] Processed 1001 reads in 1.127 CPU sec, 0.148 real sec
[M::mem_process_seqs] Processed 1001 reads in 1.118 CPU sec, 0.145 real sec
523052 [main] INFO main.java.edu.mit.compbio.bisulfitehic.mapping.Bhmem  - Processing reads 1414000 ...
523052 [main] INFO main.java.edu.mit.compbio.bisulfitehic.mapping.Bhmem  - Unique mapped and paired reads 1405752 ...
523055 [main] INFO main.java.edu.mit.compbio.bisulfitehic.mapping.Bhmem  - Processing reads 1415000 ...
523055 [main] INFO main.java.edu.mit.compbio.bisulfitehic.mapping.Bhmem  - Unique mapped and paired reads 1405752 ...
[M::mem_process_seqs] Processed 1001 reads in 1.015 CPU sec, 0.147 real sec
[M::mem_process_seqs] Processed 1001 reads in 1.012 CPU sec, 0.129 real sec
[M::mem_process_seqs] Processed 1001 reads in 1.139 CPU sec, 0.159 real sec
[M::mem_process_seqs] Processed 1001 reads in 1.183 CPU sec, 0.157 real sec
523775 [main] INFO main.java.edu.mit.compbio.bisulfitehic.mapping.Bhmem  - Processing reads 1416000 ...
523775 [main] INFO main.java.edu.mit.compbio.bisulfitehic.mapping.Bhmem  - Unique mapped and paired reads 1407742 ...
523778 [main] INFO main.java.edu.mit.compbio.bisulfitehic.mapping.Bhmem  - Processing reads 1417000 ...
523778 [main] INFO main.java.edu.mit.compbio.bisulfitehic.mapping.Bhmem  - Unique mapped and paired reads 1407742 ...
[M::mem_process_seqs] Processed 1001 reads in 0.947 CPU sec, 0.137 real sec
[M::mem_process_seqs] Processed 1001 reads in 1.001 CPU sec, 0.147 real sec
[M::mem_process_seqs] Processed 1001 reads in 1.132 CPU sec, 0.146 real sec
[M::mem_process_seqs] Processed 1001 reads in 1.057 CPU sec, 0.135 real sec
524468 [main] INFO main.java.edu.mit.compbio.bisulfitehic.mapping.Bhmem  - Processing reads 1418000 ...
524468 [main] INFO main.java.edu.mit.compbio.bisulfitehic.mapping.Bhmem  - Unique mapped and paired reads 1409740 ...
524471 [main] INFO main.java.edu.mit.compbio.bisulfitehic.mapping.Bhmem  - Processing reads 1419000 ...
524471 [main] INFO main.java.edu.mit.compbio.bisulfitehic.mapping.Bhmem  - Unique mapped and paired reads 1409740 ...
[M::mem_process_seqs] Processed 1001 reads in 1.030 CPU sec, 0.151 real sec
[M::mem_process_seqs] Processed 1001 reads in 1.046 CPU sec, 0.151 real sec
[M::mem_process_seqs] Processed 1001 reads in 1.151 CPU sec, 0.151 real sec
[M::mem_process_seqs] Processed 1001 reads in 1.161 CPU sec, 0.168 real sec
525211 [main] INFO main.java.edu.mit.compbio.bisulfitehic.mapping.Bhmem  - Processing reads 1420000 ...
525211 [main] INFO main.java.edu.mit.compbio.bisulfitehic.mapping.Bhmem  - Unique mapped and paired reads 1411734 ...
525214 [main] INFO main.java.edu.mit.compbio.bisulfitehic.mapping.Bhmem  - Processing reads 1421000 ...
525214 [main] INFO main.java.edu.mit.compbio.bisulfitehic.mapping.Bhmem  - Unique mapped and paired reads 1411734 ...
[M::mem_process_seqs] Processed 1001 reads in 1.046 CPU sec, 0.137 real sec
[M::mem_process_seqs] Processed 1001 reads in 1.025 CPU sec, 0.156 real sec
[M::mem_process_seqs] Processed 1001 reads in 1.130 CPU sec, 0.148 real sec
[M::mem_process_seqs] Processed 1001 reads in 1.093 CPU sec, 0.138 real sec
525937 [main] INFO main.java.edu.mit.compbio.bisulfitehic.mapping.Bhmem  - Processing reads 1422000 ...
525937 [main] INFO main.java.edu.mit.compbio.bisulfitehic.mapping.Bhmem  - Unique mapped and paired reads 1413730 ...
525940 [main] INFO main.java.edu.mit.compbio.bisulfitehic.mapping.Bhmem  - Processing reads 1423000 ...
525940 [main] INFO main.java.edu.mit.compbio.bisulfitehic.mapping.Bhmem  - Unique mapped and paired reads 1413730 ...
[M::mem_process_seqs] Processed 1001 reads in 0.967 CPU sec, 0.140 real sec
[M::mem_process_seqs] Processed 1001 reads in 0.901 CPU sec, 0.131 real sec
[M::mem_process_seqs] Processed 1001 reads in 1.124 CPU sec, 0.221 real sec
[M::mem_process_seqs] Processed 1001 reads in 0.985 CPU sec, 0.125 real sec
526681 [main] INFO main.java.edu.mit.compbio.bisulfitehic.mapping.Bhmem  - Processing reads 1424000 ...
526681 [main] INFO main.java.edu.mit.compbio.bisulfitehic.mapping.Bhmem  - Unique mapped and paired reads 1415720 ...
526732 [main] INFO main.java.edu.mit.compbio.bisulfitehic.mapping.Bhmem  - Processing reads 1425000 ...
526733 [main] INFO main.java.edu.mit.compbio.bisulfitehic.mapping.Bhmem  - Unique mapped and paired reads 1415720 ...
[M::mem_process_seqs] Processed 1001 reads in 1.025 CPU sec, 0.136 real sec
[M::mem_process_seqs] Processed 1001 reads in 0.932 CPU sec, 0.135 real sec
[M::mem_process_seqs] Processed 1001 reads in 1.113 CPU sec, 0.146 real sec
[M::mem_process_seqs] Processed 1001 reads in 1.056 CPU sec, 0.134 real sec
527410 [main] INFO main.java.edu.mit.compbio.bisulfitehic.mapping.Bhmem  - Processing reads 1426000 ...
527410 [main] INFO main.java.edu.mit.compbio.bisulfitehic.mapping.Bhmem  - Unique mapped and paired reads 1417718 ...
527413 [main] INFO main.java.edu.mit.compbio.bisulfitehic.mapping.Bhmem  - Processing reads 1427000 ...
527413 [main] INFO main.java.edu.mit.compbio.bisulfitehic.mapping.Bhmem  - Unique mapped and paired reads 1417718 ...
[M::mem_process_seqs] Processed 1001 reads in 1.055 CPU sec, 0.152 real sec
[M::mem_process_seqs] Processed 1001 reads in 0.943 CPU sec, 0.140 real sec
[M::mem_process_seqs] Processed 1001 reads in 1.090 CPU sec, 0.160 real sec
[M::mem_process_seqs] Processed 1001 reads in 1.138 CPU sec, 0.159 real sec
528146 [main] INFO main.java.edu.mit.compbio.bisulfitehic.mapping.Bhmem  - Processing reads 1428000 ...
528147 [main] INFO main.java.edu.mit.compbio.bisulfitehic.mapping.Bhmem  - Unique mapped and paired reads 1419706 ...
528150 [main] INFO main.java.edu.mit.compbio.bisulfitehic.mapping.Bhmem  - Processing reads 1429000 ...
528150 [main] INFO main.java.edu.mit.compbio.bisulfitehic.mapping.Bhmem  - Unique mapped and paired reads 1419706 ...
[M::mem_process_seqs] Processed 1001 reads in 1.128 CPU sec, 0.164 real sec
[M::mem_process_seqs] Processed 1001 reads in 1.019 CPU sec, 0.142 real sec
[M::mem_process_seqs] Processed 1001 reads in 1.179 CPU sec, 0.172 real sec
[M::mem_process_seqs] Processed 1001 reads in 1.310 CPU sec, 0.177 real sec
528936 [main] INFO main.java.edu.mit.compbio.bisulfitehic.mapping.Bhmem  - Processing reads 1430000 ...
528936 [main] INFO main.java.edu.mit.compbio.bisulfitehic.mapping.Bhmem  - Unique mapped and paired reads 1421702 ...
528939 [main] INFO main.java.edu.mit.compbio.bisulfitehic.mapping.Bhmem  - Processing reads 1431000 ...
528939 [main] INFO main.java.edu.mit.compbio.bisulfitehic.mapping.Bhmem  - Unique mapped and paired reads 1421702 ...
[M::mem_process_seqs] Processed 1001 reads in 0.936 CPU sec, 0.141 real sec
[M::mem_process_seqs] Processed 1001 reads in 0.952 CPU sec, 0.139 real sec
[M::mem_process_seqs] Processed 1001 reads in 1.124 CPU sec, 0.162 real sec
[M::mem_process_seqs] Processed 1001 reads in 1.137 CPU sec, 0.169 real sec
529672 [main] INFO main.java.edu.mit.compbio.bisulfitehic.mapping.Bhmem  - Processing reads 1432000 ...
529672 [main] INFO main.java.edu.mit.compbio.bisulfitehic.mapping.Bhmem  - Unique mapped and paired reads 1423698 ...
529675 [main] INFO main.java.edu.mit.compbio.bisulfitehic.mapping.Bhmem  - Processing reads 1433000 ...
529675 [main] INFO main.java.edu.mit.compbio.bisulfitehic.mapping.Bhmem  - Unique mapped and paired reads 1423698 ...
[M::mem_process_seqs] Processed 1001 reads in 0.948 CPU sec, 0.139 real sec
[M::mem_process_seqs] Processed 1001 reads in 0.948 CPU sec, 0.152 real sec
[M::mem_process_seqs] Processed 1001 reads in 1.026 CPU sec, 0.150 real sec
[M::mem_process_seqs] Processed 1001 reads in 1.021 CPU sec, 0.142 real sec
530390 [main] INFO main.java.edu.mit.compbio.bisulfitehic.mapping.Bhmem  - Processing reads 1434000 ...
530390 [main] INFO main.java.edu.mit.compbio.bisulfitehic.mapping.Bhmem  - Unique mapped and paired reads 1425690 ...
530393 [main] INFO main.java.edu.mit.compbio.bisulfitehic.mapping.Bhmem  - Processing reads 1435000 ...
530393 [main] INFO main.java.edu.mit.compbio.bisulfitehic.mapping.Bhmem  - Unique mapped and paired reads 1425690 ...
[M::mem_process_seqs] Processed 1001 reads in 0.993 CPU sec, 0.144 real sec
[M::mem_process_seqs] Processed 1001 reads in 0.985 CPU sec, 0.140 real sec
[M::mem_process_seqs] Processed 1001 reads in 1.023 CPU sec, 0.149 real sec
[M::mem_process_seqs] Processed 1001 reads in 1.093 CPU sec, 0.158 real sec
531102 [main] INFO main.java.edu.mit.compbio.bisulfitehic.mapping.Bhmem  - Processing reads 1436000 ...
531102 [main] INFO main.java.edu.mit.compbio.bisulfitehic.mapping.Bhmem  - Unique mapped and paired reads 1427682 ...
531105 [main] INFO main.java.edu.mit.compbio.bisulfitehic.mapping.Bhmem  - Processing reads 1437000 ...
531105 [main] INFO main.java.edu.mit.compbio.bisulfitehic.mapping.Bhmem  - Unique mapped and paired reads 1427682 ...
[M::mem_process_seqs] Processed 1001 reads in 0.964 CPU sec, 0.141 real sec
[M::mem_process_seqs] Processed 1001 reads in 0.922 CPU sec, 0.136 real sec
[M::mem_process_seqs] Processed 1001 reads in 1.046 CPU sec, 0.152 real sec
[M::mem_process_seqs] Processed 1001 reads in 1.096 CPU sec, 0.158 real sec
531810 [main] INFO main.java.edu.mit.compbio.bisulfitehic.mapping.Bhmem  - Processing reads 1438000 ...
531810 [main] INFO main.java.edu.mit.compbio.bisulfitehic.mapping.Bhmem  - Unique mapped and paired reads 1429674 ...
531813 [main] INFO main.java.edu.mit.compbio.bisulfitehic.mapping.Bhmem  - Processing reads 1439000 ...
531813 [main] INFO main.java.edu.mit.compbio.bisulfitehic.mapping.Bhmem  - Unique mapped and paired reads 1429674 ...
[M::mem_process_seqs] Processed 1001 reads in 0.906 CPU sec, 0.120 real sec
[M::mem_process_seqs] Processed 1001 reads in 0.850 CPU sec, 0.121 real sec
[M::mem_process_seqs] Processed 1001 reads in 0.986 CPU sec, 0.143 real sec
[M::mem_process_seqs] Processed 1001 reads in 0.960 CPU sec, 0.143 real sec
532453 [main] INFO main.java.edu.mit.compbio.bisulfitehic.mapping.Bhmem  - Processing reads 1440000 ...
532453 [main] INFO main.java.edu.mit.compbio.bisulfitehic.mapping.Bhmem  - Unique mapped and paired reads 1431664 ...
532456 [main] INFO main.java.edu.mit.compbio.bisulfitehic.mapping.Bhmem  - Processing reads 1441000 ...
532456 [main] INFO main.java.edu.mit.compbio.bisulfitehic.mapping.Bhmem  - Unique mapped and paired reads 1431664 ...
[M::mem_process_seqs] Processed 1001 reads in 1.008 CPU sec, 0.137 real sec
[M::mem_process_seqs] Processed 1001 reads in 0.903 CPU sec, 0.115 real sec
[M::mem_process_seqs] Processed 1001 reads in 1.073 CPU sec, 0.162 real sec
[M::mem_process_seqs] Processed 1001 reads in 0.992 CPU sec, 0.145 real sec
533137 [main] INFO main.java.edu.mit.compbio.bisulfitehic.mapping.Bhmem  - Processing reads 1442000 ...
533137 [main] INFO main.java.edu.mit.compbio.bisulfitehic.mapping.Bhmem  - Unique mapped and paired reads 1433656 ...
533140 [main] INFO main.java.edu.mit.compbio.bisulfitehic.mapping.Bhmem  - Processing reads 1443000 ...
533140 [main] INFO main.java.edu.mit.compbio.bisulfitehic.mapping.Bhmem  - Unique mapped and paired reads 1433656 ...
[M::mem_process_seqs] Processed 1001 reads in 1.029 CPU sec, 0.163 real sec
[M::mem_process_seqs] Processed 1001 reads in 0.935 CPU sec, 0.120 real sec
[M::mem_process_seqs] Processed 1001 reads in 1.050 CPU sec, 0.154 real sec
[M::mem_process_seqs] Processed 1001 reads in 1.036 CPU sec, 0.142 real sec
533844 [main] INFO main.java.edu.mit.compbio.bisulfitehic.mapping.Bhmem  - Processing reads 1444000 ...
533844 [main] INFO main.java.edu.mit.compbio.bisulfitehic.mapping.Bhmem  - Unique mapped and paired reads 1435650 ...
533847 [main] INFO main.java.edu.mit.compbio.bisulfitehic.mapping.Bhmem  - Processing reads 1445000 ...
533847 [main] INFO main.java.edu.mit.compbio.bisulfitehic.mapping.Bhmem  - Unique mapped and paired reads 1435650 ...
[M::mem_process_seqs] Processed 1001 reads in 1.016 CPU sec, 0.146 real sec
[M::mem_process_seqs] Processed 1001 reads in 0.925 CPU sec, 0.119 real sec
[M::mem_process_seqs] Processed 1001 reads in 1.085 CPU sec, 0.139 real sec
[M::mem_process_seqs] Processed 1001 reads in 1.101 CPU sec, 0.159 real sec
534532 [main] INFO main.java.edu.mit.compbio.bisulfitehic.mapping.Bhmem  - Processing reads 1446000 ...
534532 [main] INFO main.java.edu.mit.compbio.bisulfitehic.mapping.Bhmem  - Unique mapped and paired reads 1437646 ...
534535 [main] INFO main.java.edu.mit.compbio.bisulfitehic.mapping.Bhmem  - Processing reads 1447000 ...
534535 [main] INFO main.java.edu.mit.compbio.bisulfitehic.mapping.Bhmem  - Unique mapped and paired reads 1437646 ...
[M::mem_process_seqs] Processed 1001 reads in 1.013 CPU sec, 0.146 real sec
[M::mem_process_seqs] Processed 1001 reads in 0.938 CPU sec, 0.127 real sec
[M::mem_process_seqs] Processed 1001 reads in 1.106 CPU sec, 0.145 real sec
[M::mem_process_seqs] Processed 1001 reads in 1.082 CPU sec, 0.161 real sec
535235 [main] INFO main.java.edu.mit.compbio.bisulfitehic.mapping.Bhmem  - Processing reads 1448000 ...
535236 [main] INFO main.java.edu.mit.compbio.bisulfitehic.mapping.Bhmem  - Unique mapped and paired reads 1439636 ...
535239 [main] INFO main.java.edu.mit.compbio.bisulfitehic.mapping.Bhmem  - Processing reads 1449000 ...
535239 [main] INFO main.java.edu.mit.compbio.bisulfitehic.mapping.Bhmem  - Unique mapped and paired reads 1439636 ...
[M::mem_process_seqs] Processed 1001 reads in 1.029 CPU sec, 0.142 real sec
[M::mem_process_seqs] Processed 1001 reads in 1.009 CPU sec, 0.147 real sec
[M::mem_process_seqs] Processed 1001 reads in 1.202 CPU sec, 0.155 real sec
[M::mem_process_seqs] Processed 1001 reads in 1.147 CPU sec, 0.165 real sec
535972 [main] INFO main.java.edu.mit.compbio.bisulfitehic.mapping.Bhmem  - Processing reads 1450000 ...
535972 [main] INFO main.java.edu.mit.compbio.bisulfitehic.mapping.Bhmem  - Unique mapped and paired reads 1441626 ...
535975 [main] INFO main.java.edu.mit.compbio.bisulfitehic.mapping.Bhmem  - Processing reads 1451000 ...
535975 [main] INFO main.java.edu.mit.compbio.bisulfitehic.mapping.Bhmem  - Unique mapped and paired reads 1441626 ...
[M::mem_process_seqs] Processed 1001 reads in 1.001 CPU sec, 0.146 real sec
[M::mem_process_seqs] Processed 1001 reads in 0.972 CPU sec, 0.140 real sec
[M::mem_process_seqs] Processed 1001 reads in 1.038 CPU sec, 0.133 real sec
[M::mem_process_seqs] Processed 1001 reads in 1.059 CPU sec, 0.154 real sec
536672 [main] INFO main.java.edu.mit.compbio.bisulfitehic.mapping.Bhmem  - Processing reads 1452000 ...
536672 [main] INFO main.java.edu.mit.compbio.bisulfitehic.mapping.Bhmem  - Unique mapped and paired reads 1443624 ...
536675 [main] INFO main.java.edu.mit.compbio.bisulfitehic.mapping.Bhmem  - Processing reads 1453000 ...
536675 [main] INFO main.java.edu.mit.compbio.bisulfitehic.mapping.Bhmem  - Unique mapped and paired reads 1443624 ...
[M::mem_process_seqs] Processed 1001 reads in 1.037 CPU sec, 0.150 real sec
[M::mem_process_seqs] Processed 1001 reads in 0.912 CPU sec, 0.137 real sec
[M::mem_process_seqs] Processed 1001 reads in 1.137 CPU sec, 0.144 real sec
[M::mem_process_seqs] Processed 1001 reads in 1.046 CPU sec, 0.133 real sec
537360 [main] INFO main.java.edu.mit.compbio.bisulfitehic.mapping.Bhmem  - Processing reads 1454000 ...
537360 [main] INFO main.java.edu.mit.compbio.bisulfitehic.mapping.Bhmem  - Unique mapped and paired reads 1445616 ...
537363 [main] INFO main.java.edu.mit.compbio.bisulfitehic.mapping.Bhmem  - Processing reads 1455000 ...
537363 [main] INFO main.java.edu.mit.compbio.bisulfitehic.mapping.Bhmem  - Unique mapped and paired reads 1445616 ...
[M::mem_process_seqs] Processed 1001 reads in 0.997 CPU sec, 0.146 real sec
[M::mem_process_seqs] Processed 1001 reads in 1.019 CPU sec, 0.148 real sec
[M::mem_process_seqs] Processed 1001 reads in 1.096 CPU sec, 0.160 real sec
[M::mem_process_seqs] Processed 1001 reads in 1.139 CPU sec, 0.144 real sec
538087 [main] INFO main.java.edu.mit.compbio.bisulfitehic.mapping.Bhmem  - Processing reads 1456000 ...
538087 [main] INFO main.java.edu.mit.compbio.bisulfitehic.mapping.Bhmem  - Unique mapped and paired reads 1447614 ...
538090 [main] INFO main.java.edu.mit.compbio.bisulfitehic.mapping.Bhmem  - Processing reads 1457000 ...
538090 [main] INFO main.java.edu.mit.compbio.bisulfitehic.mapping.Bhmem  - Unique mapped and paired reads 1447614 ...
[M::mem_process_seqs] Processed 1001 reads in 1.037 CPU sec, 0.153 real sec
[M::mem_process_seqs] Processed 1001 reads in 0.927 CPU sec, 0.135 real sec
[M::mem_process_seqs] Processed 1001 reads in 1.161 CPU sec, 0.158 real sec
[M::mem_process_seqs] Processed 1001 reads in 1.083 CPU sec, 0.138 real sec
538799 [main] INFO main.java.edu.mit.compbio.bisulfitehic.mapping.Bhmem  - Processing reads 1458000 ...
538799 [main] INFO main.java.edu.mit.compbio.bisulfitehic.mapping.Bhmem  - Unique mapped and paired reads 1449608 ...
538802 [main] INFO main.java.edu.mit.compbio.bisulfitehic.mapping.Bhmem  - Processing reads 1459000 ...
538802 [main] INFO main.java.edu.mit.compbio.bisulfitehic.mapping.Bhmem  - Unique mapped and paired reads 1449608 ...
[M::mem_process_seqs] Processed 1001 reads in 0.992 CPU sec, 0.155 real sec
[M::mem_process_seqs] Processed 1001 reads in 1.015 CPU sec, 0.144 real sec
[M::mem_process_seqs] Processed 1001 reads in 1.135 CPU sec, 0.162 real sec
[M::mem_process_seqs] Processed 1001 reads in 1.215 CPU sec, 0.159 real sec
539556 [main] INFO main.java.edu.mit.compbio.bisulfitehic.mapping.Bhmem  - Processing reads 1460000 ...
539556 [main] INFO main.java.edu.mit.compbio.bisulfitehic.mapping.Bhmem  - Unique mapped and paired reads 1451604 ...
539559 [main] INFO main.java.edu.mit.compbio.bisulfitehic.mapping.Bhmem  - Processing reads 1461000 ...
539559 [main] INFO main.java.edu.mit.compbio.bisulfitehic.mapping.Bhmem  - Unique mapped and paired reads 1451604 ...
[M::mem_process_seqs] Processed 1001 reads in 1.062 CPU sec, 0.155 real sec
[M::mem_process_seqs] Processed 1001 reads in 0.970 CPU sec, 0.143 real sec
[M::mem_process_seqs] Processed 1001 reads in 1.062 CPU sec, 0.156 real sec
[M::mem_process_seqs] Processed 1001 reads in 1.146 CPU sec, 0.151 real sec
540287 [main] INFO main.java.edu.mit.compbio.bisulfitehic.mapping.Bhmem  - Processing reads 1462000 ...
540287 [main] INFO main.java.edu.mit.compbio.bisulfitehic.mapping.Bhmem  - Unique mapped and paired reads 1453596 ...
540290 [main] INFO main.java.edu.mit.compbio.bisulfitehic.mapping.Bhmem  - Processing reads 1463000 ...
540290 [main] INFO main.java.edu.mit.compbio.bisulfitehic.mapping.Bhmem  - Unique mapped and paired reads 1453596 ...
[M::mem_process_seqs] Processed 1001 reads in 1.076 CPU sec, 0.157 real sec
[M::mem_process_seqs] Processed 1001 reads in 1.024 CPU sec, 0.134 real sec
[M::mem_process_seqs] Processed 1001 reads in 1.148 CPU sec, 0.168 real sec
[M::mem_process_seqs] Processed 1001 reads in 1.085 CPU sec, 0.159 real sec
541035 [main] INFO main.java.edu.mit.compbio.bisulfitehic.mapping.Bhmem  - Processing reads 1464000 ...
541035 [main] INFO main.java.edu.mit.compbio.bisulfitehic.mapping.Bhmem  - Unique mapped and paired reads 1455588 ...
541038 [main] INFO main.java.edu.mit.compbio.bisulfitehic.mapping.Bhmem  - Processing reads 1465000 ...
541038 [main] INFO main.java.edu.mit.compbio.bisulfitehic.mapping.Bhmem  - Unique mapped and paired reads 1455588 ...
[M::mem_process_seqs] Processed 1001 reads in 1.007 CPU sec, 0.134 real sec
[M::mem_process_seqs] Processed 1001 reads in 0.939 CPU sec, 0.127 real sec
[M::mem_process_seqs] Processed 1001 reads in 1.025 CPU sec, 0.149 real sec
[M::mem_process_seqs] Processed 1001 reads in 1.072 CPU sec, 0.148 real sec
541709 [main] INFO main.java.edu.mit.compbio.bisulfitehic.mapping.Bhmem  - Processing reads 1466000 ...
541709 [main] INFO main.java.edu.mit.compbio.bisulfitehic.mapping.Bhmem  - Unique mapped and paired reads 1457586 ...
541712 [main] INFO main.java.edu.mit.compbio.bisulfitehic.mapping.Bhmem  - Processing reads 1467000 ...
541712 [main] INFO main.java.edu.mit.compbio.bisulfitehic.mapping.Bhmem  - Unique mapped and paired reads 1457586 ...
[M::mem_process_seqs] Processed 1001 reads in 0.930 CPU sec, 0.134 real sec
[M::mem_process_seqs] Processed 1001 reads in 0.901 CPU sec, 0.115 real sec
[M::mem_process_seqs] Processed 1001 reads in 1.056 CPU sec, 0.138 real sec
[M::mem_process_seqs] Processed 1001 reads in 1.015 CPU sec, 0.147 real sec
542368 [main] INFO main.java.edu.mit.compbio.bisulfitehic.mapping.Bhmem  - Processing reads 1468000 ...
542368 [main] INFO main.java.edu.mit.compbio.bisulfitehic.mapping.Bhmem  - Unique mapped and paired reads 1459578 ...
542371 [main] INFO main.java.edu.mit.compbio.bisulfitehic.mapping.Bhmem  - Processing reads 1469000 ...
542371 [main] INFO main.java.edu.mit.compbio.bisulfitehic.mapping.Bhmem  - Unique mapped and paired reads 1459578 ...
[M::mem_process_seqs] Processed 1001 reads in 1.054 CPU sec, 0.142 real sec
[M::mem_process_seqs] Processed 1001 reads in 0.973 CPU sec, 0.163 real sec
[M::mem_process_seqs] Processed 1001 reads in 1.169 CPU sec, 0.168 real sec
[M::mem_process_seqs] Processed 1001 reads in 1.123 CPU sec, 0.164 real sec
543130 [main] INFO main.java.edu.mit.compbio.bisulfitehic.mapping.Bhmem  - Processing reads 1470000 ...
543130 [main] INFO main.java.edu.mit.compbio.bisulfitehic.mapping.Bhmem  - Unique mapped and paired reads 1461570 ...
543133 [main] INFO main.java.edu.mit.compbio.bisulfitehic.mapping.Bhmem  - Processing reads 1471000 ...
543133 [main] INFO main.java.edu.mit.compbio.bisulfitehic.mapping.Bhmem  - Unique mapped and paired reads 1461570 ...
[M::mem_process_seqs] Processed 1001 reads in 1.041 CPU sec, 0.146 real sec
[M::mem_process_seqs] Processed 1001 reads in 0.967 CPU sec, 0.124 real sec
[M::mem_process_seqs] Processed 1001 reads in 0.952 CPU sec, 0.140 real sec
[M::mem_process_seqs] Processed 1001 reads in 1.078 CPU sec, 0.142 real sec
543813 [main] INFO main.java.edu.mit.compbio.bisulfitehic.mapping.Bhmem  - Processing reads 1472000 ...
543813 [main] INFO main.java.edu.mit.compbio.bisulfitehic.mapping.Bhmem  - Unique mapped and paired reads 1463558 ...
543816 [main] INFO main.java.edu.mit.compbio.bisulfitehic.mapping.Bhmem  - Processing reads 1473000 ...
543816 [main] INFO main.java.edu.mit.compbio.bisulfitehic.mapping.Bhmem  - Unique mapped and paired reads 1463558 ...
[M::mem_process_seqs] Processed 1001 reads in 1.025 CPU sec, 0.158 real sec
[M::mem_process_seqs] Processed 1001 reads in 0.931 CPU sec, 0.127 real sec
[M::mem_process_seqs] Processed 1001 reads in 1.047 CPU sec, 0.159 real sec
[M::mem_process_seqs] Processed 1001 reads in 0.997 CPU sec, 0.148 real sec
544529 [main] INFO main.java.edu.mit.compbio.bisulfitehic.mapping.Bhmem  - Processing reads 1474000 ...
544529 [main] INFO main.java.edu.mit.compbio.bisulfitehic.mapping.Bhmem  - Unique mapped and paired reads 1465548 ...
544532 [main] INFO main.java.edu.mit.compbio.bisulfitehic.mapping.Bhmem  - Processing reads 1475000 ...
544532 [main] INFO main.java.edu.mit.compbio.bisulfitehic.mapping.Bhmem  - Unique mapped and paired reads 1465548 ...
[M::mem_process_seqs] Processed 1001 reads in 0.986 CPU sec, 0.144 real sec
[M::mem_process_seqs] Processed 1001 reads in 1.081 CPU sec, 0.146 real sec
[M::mem_process_seqs] Processed 1001 reads in 0.958 CPU sec, 0.127 real sec
[M::mem_process_seqs] Processed 1001 reads in 1.065 CPU sec, 0.141 real sec
545211 [main] INFO main.java.edu.mit.compbio.bisulfitehic.mapping.Bhmem  - Processing reads 1476000 ...
545211 [main] INFO main.java.edu.mit.compbio.bisulfitehic.mapping.Bhmem  - Unique mapped and paired reads 1467542 ...
545214 [main] INFO main.java.edu.mit.compbio.bisulfitehic.mapping.Bhmem  - Processing reads 1477000 ...
545214 [main] INFO main.java.edu.mit.compbio.bisulfitehic.mapping.Bhmem  - Unique mapped and paired reads 1467542 ...
[M::mem_process_seqs] Processed 1001 reads in 0.978 CPU sec, 0.141 real sec
[M::mem_process_seqs] Processed 1001 reads in 0.862 CPU sec, 0.125 real sec
[M::mem_process_seqs] Processed 1001 reads in 1.100 CPU sec, 0.168 real sec
[M::mem_process_seqs] Processed 1001 reads in 1.083 CPU sec, 0.245 real sec
546024 [main] INFO main.java.edu.mit.compbio.bisulfitehic.mapping.Bhmem  - Processing reads 1478000 ...
546024 [main] INFO main.java.edu.mit.compbio.bisulfitehic.mapping.Bhmem  - Unique mapped and paired reads 1469538 ...
546027 [main] INFO main.java.edu.mit.compbio.bisulfitehic.mapping.Bhmem  - Processing reads 1479000 ...
546027 [main] INFO main.java.edu.mit.compbio.bisulfitehic.mapping.Bhmem  - Unique mapped and paired reads 1469538 ...
[M::mem_process_seqs] Processed 1001 reads in 0.937 CPU sec, 0.139 real sec
[M::mem_process_seqs] Processed 1001 reads in 1.044 CPU sec, 0.230 real sec
[M::mem_process_seqs] Processed 1001 reads in 1.070 CPU sec, 0.153 real sec
[M::mem_process_seqs] Processed 1001 reads in 1.040 CPU sec, 0.132 real sec
546804 [main] INFO main.java.edu.mit.compbio.bisulfitehic.mapping.Bhmem  - Processing reads 1480000 ...
546804 [main] INFO main.java.edu.mit.compbio.bisulfitehic.mapping.Bhmem  - Unique mapped and paired reads 1471528 ...
546807 [main] INFO main.java.edu.mit.compbio.bisulfitehic.mapping.Bhmem  - Processing reads 1481000 ...
546807 [main] INFO main.java.edu.mit.compbio.bisulfitehic.mapping.Bhmem  - Unique mapped and paired reads 1471528 ...
[M::mem_process_seqs] Processed 1001 reads in 0.934 CPU sec, 0.137 real sec
[M::mem_process_seqs] Processed 1001 reads in 0.931 CPU sec, 0.135 real sec
[M::mem_process_seqs] Processed 1001 reads in 0.984 CPU sec, 0.143 real sec
[M::mem_process_seqs] Processed 1001 reads in 1.091 CPU sec, 0.155 real sec
547496 [main] INFO main.java.edu.mit.compbio.bisulfitehic.mapping.Bhmem  - Processing reads 1482000 ...
547496 [main] INFO main.java.edu.mit.compbio.bisulfitehic.mapping.Bhmem  - Unique mapped and paired reads 1473520 ...
547499 [main] INFO main.java.edu.mit.compbio.bisulfitehic.mapping.Bhmem  - Processing reads 1483000 ...
547499 [main] INFO main.java.edu.mit.compbio.bisulfitehic.mapping.Bhmem  - Unique mapped and paired reads 1473520 ...
[M::mem_process_seqs] Processed 1001 reads in 0.990 CPU sec, 0.125 real sec
[M::mem_process_seqs] Processed 1001 reads in 0.961 CPU sec, 0.141 real sec
[M::mem_process_seqs] Processed 1001 reads in 1.088 CPU sec, 0.141 real sec
[M::mem_process_seqs] Processed 1001 reads in 1.065 CPU sec, 0.154 real sec
548189 [main] INFO main.java.edu.mit.compbio.bisulfitehic.mapping.Bhmem  - Processing reads 1484000 ...
548189 [main] INFO main.java.edu.mit.compbio.bisulfitehic.mapping.Bhmem  - Unique mapped and paired reads 1475492 ...
548192 [main] INFO main.java.edu.mit.compbio.bisulfitehic.mapping.Bhmem  - Processing reads 1485000 ...
548192 [main] INFO main.java.edu.mit.compbio.bisulfitehic.mapping.Bhmem  - Unique mapped and paired reads 1475492 ...
[M::mem_process_seqs] Processed 1001 reads in 1.100 CPU sec, 0.160 real sec
[M::mem_process_seqs] Processed 1001 reads in 0.946 CPU sec, 0.137 real sec
[M::mem_process_seqs] Processed 1001 reads in 1.198 CPU sec, 0.176 real sec
[M::mem_process_seqs] Processed 1001 reads in 1.059 CPU sec, 0.152 real sec
548938 [main] INFO main.java.edu.mit.compbio.bisulfitehic.mapping.Bhmem  - Processing reads 1486000 ...
548938 [main] INFO main.java.edu.mit.compbio.bisulfitehic.mapping.Bhmem  - Unique mapped and paired reads 1477480 ...
548941 [main] INFO main.java.edu.mit.compbio.bisulfitehic.mapping.Bhmem  - Processing reads 1487000 ...
548941 [main] INFO main.java.edu.mit.compbio.bisulfitehic.mapping.Bhmem  - Unique mapped and paired reads 1477480 ...
[M::mem_process_seqs] Processed 1001 reads in 1.060 CPU sec, 0.153 real sec
[M::mem_process_seqs] Processed 1001 reads in 0.997 CPU sec, 0.144 real sec
[M::mem_process_seqs] Processed 1001 reads in 1.160 CPU sec, 0.180 real sec
[M::mem_process_seqs] Processed 1001 reads in 1.059 CPU sec, 0.152 real sec
549706 [main] INFO main.java.edu.mit.compbio.bisulfitehic.mapping.Bhmem  - Processing reads 1488000 ...
549706 [main] INFO main.java.edu.mit.compbio.bisulfitehic.mapping.Bhmem  - Unique mapped and paired reads 1479478 ...
549709 [main] INFO main.java.edu.mit.compbio.bisulfitehic.mapping.Bhmem  - Processing reads 1489000 ...
549710 [main] INFO main.java.edu.mit.compbio.bisulfitehic.mapping.Bhmem  - Unique mapped and paired reads 1479478 ...
[M::mem_process_seqs] Processed 1001 reads in 1.130 CPU sec, 0.148 real sec
[M::mem_process_seqs] Processed 1001 reads in 1.074 CPU sec, 0.155 real sec
[M::mem_process_seqs] Processed 1001 reads in 1.207 CPU sec, 0.171 real sec
[M::mem_process_seqs] Processed 1001 reads in 1.254 CPU sec, 0.188 real sec
550495 [main] INFO main.java.edu.mit.compbio.bisulfitehic.mapping.Bhmem  - Processing reads 1490000 ...
550495 [main] INFO main.java.edu.mit.compbio.bisulfitehic.mapping.Bhmem  - Unique mapped and paired reads 1481472 ...
550498 [main] INFO main.java.edu.mit.compbio.bisulfitehic.mapping.Bhmem  - Processing reads 1491000 ...
550498 [main] INFO main.java.edu.mit.compbio.bisulfitehic.mapping.Bhmem  - Unique mapped and paired reads 1481472 ...
[M::mem_process_seqs] Processed 1001 reads in 0.957 CPU sec, 0.138 real sec
[M::mem_process_seqs] Processed 1001 reads in 0.946 CPU sec, 0.142 real sec
[M::mem_process_seqs] Processed 1001 reads in 1.051 CPU sec, 0.156 real sec
[M::mem_process_seqs] Processed 1001 reads in 1.096 CPU sec, 0.163 real sec
551222 [main] INFO main.java.edu.mit.compbio.bisulfitehic.mapping.Bhmem  - Processing reads 1492000 ...
551222 [main] INFO main.java.edu.mit.compbio.bisulfitehic.mapping.Bhmem  - Unique mapped and paired reads 1483462 ...
551225 [main] INFO main.java.edu.mit.compbio.bisulfitehic.mapping.Bhmem  - Processing reads 1493000 ...
551225 [main] INFO main.java.edu.mit.compbio.bisulfitehic.mapping.Bhmem  - Unique mapped and paired reads 1483462 ...
[M::mem_process_seqs] Processed 1001 reads in 1.082 CPU sec, 0.145 real sec
[M::mem_process_seqs] Processed 1001 reads in 0.952 CPU sec, 0.124 real sec
[M::mem_process_seqs] Processed 1001 reads in 1.146 CPU sec, 0.171 real sec
[M::mem_process_seqs] Processed 1001 reads in 1.105 CPU sec, 0.161 real sec
551945 [main] INFO main.java.edu.mit.compbio.bisulfitehic.mapping.Bhmem  - Processing reads 1494000 ...
551945 [main] INFO main.java.edu.mit.compbio.bisulfitehic.mapping.Bhmem  - Unique mapped and paired reads 1485450 ...
551948 [main] INFO main.java.edu.mit.compbio.bisulfitehic.mapping.Bhmem  - Processing reads 1495000 ...
551948 [main] INFO main.java.edu.mit.compbio.bisulfitehic.mapping.Bhmem  - Unique mapped and paired reads 1485450 ...
[M::mem_process_seqs] Processed 1001 reads in 1.043 CPU sec, 0.151 real sec
[M::mem_process_seqs] Processed 1001 reads in 0.974 CPU sec, 0.141 real sec
[M::mem_process_seqs] Processed 1001 reads in 1.178 CPU sec, 0.174 real sec
[M::mem_process_seqs] Processed 1001 reads in 1.194 CPU sec, 0.176 real sec
552718 [main] INFO main.java.edu.mit.compbio.bisulfitehic.mapping.Bhmem  - Processing reads 1496000 ...
552718 [main] INFO main.java.edu.mit.compbio.bisulfitehic.mapping.Bhmem  - Unique mapped and paired reads 1487444 ...
552721 [main] INFO main.java.edu.mit.compbio.bisulfitehic.mapping.Bhmem  - Processing reads 1497000 ...
552721 [main] INFO main.java.edu.mit.compbio.bisulfitehic.mapping.Bhmem  - Unique mapped and paired reads 1487444 ...
[M::mem_process_seqs] Processed 1001 reads in 0.968 CPU sec, 0.143 real sec
[M::mem_process_seqs] Processed 1001 reads in 0.945 CPU sec, 0.138 real sec
[M::mem_process_seqs] Processed 1001 reads in 1.167 CPU sec, 0.152 real sec
[M::mem_process_seqs] Processed 1001 reads in 1.121 CPU sec, 0.164 real sec
553447 [main] INFO main.java.edu.mit.compbio.bisulfitehic.mapping.Bhmem  - Processing reads 1498000 ...
553447 [main] INFO main.java.edu.mit.compbio.bisulfitehic.mapping.Bhmem  - Unique mapped and paired reads 1489438 ...
553450 [main] INFO main.java.edu.mit.compbio.bisulfitehic.mapping.Bhmem  - Processing reads 1499000 ...
553450 [main] INFO main.java.edu.mit.compbio.bisulfitehic.mapping.Bhmem  - Unique mapped and paired reads 1489438 ...
[M::mem_process_seqs] Processed 1001 reads in 1.020 CPU sec, 0.148 real sec
[M::mem_process_seqs] Processed 1001 reads in 0.876 CPU sec, 0.129 real sec
[M::mem_process_seqs] Processed 1001 reads in 1.006 CPU sec, 0.146 real sec
[M::mem_process_seqs] Processed 1001 reads in 1.023 CPU sec, 0.140 real sec
554133 [main] INFO main.java.edu.mit.compbio.bisulfitehic.mapping.Bhmem  - Processing reads 1500000 ...
554133 [main] INFO main.java.edu.mit.compbio.bisulfitehic.mapping.Bhmem  - Unique mapped and paired reads 1491430 ...
554136 [main] INFO main.java.edu.mit.compbio.bisulfitehic.mapping.Bhmem  - Processing reads 1501000 ...
554136 [main] INFO main.java.edu.mit.compbio.bisulfitehic.mapping.Bhmem  - Unique mapped and paired reads 1491430 ...
[M::mem_process_seqs] Processed 1001 reads in 0.982 CPU sec, 0.142 real sec
[M::mem_process_seqs] Processed 1001 reads in 0.918 CPU sec, 0.127 real sec
[M::mem_process_seqs] Processed 1001 reads in 0.991 CPU sec, 0.144 real sec
[M::mem_process_seqs] Processed 1001 reads in 0.997 CPU sec, 0.144 real sec
554816 [main] INFO main.java.edu.mit.compbio.bisulfitehic.mapping.Bhmem  - Processing reads 1502000 ...
554816 [main] INFO main.java.edu.mit.compbio.bisulfitehic.mapping.Bhmem  - Unique mapped and paired reads 1493432 ...
554819 [main] INFO main.java.edu.mit.compbio.bisulfitehic.mapping.Bhmem  - Processing reads 1503000 ...
554819 [main] INFO main.java.edu.mit.compbio.bisulfitehic.mapping.Bhmem  - Unique mapped and paired reads 1493432 ...
[M::mem_process_seqs] Processed 1001 reads in 0.998 CPU sec, 0.142 real sec
[M::mem_process_seqs] Processed 1001 reads in 0.948 CPU sec, 0.145 real sec
[M::mem_process_seqs] Processed 1001 reads in 1.085 CPU sec, 0.163 real sec
[M::mem_process_seqs] Processed 1001 reads in 1.066 CPU sec, 0.153 real sec
555540 [main] INFO main.java.edu.mit.compbio.bisulfitehic.mapping.Bhmem  - Processing reads 1504000 ...
555540 [main] INFO main.java.edu.mit.compbio.bisulfitehic.mapping.Bhmem  - Unique mapped and paired reads 1495426 ...
555543 [main] INFO main.java.edu.mit.compbio.bisulfitehic.mapping.Bhmem  - Processing reads 1505000 ...
555543 [main] INFO main.java.edu.mit.compbio.bisulfitehic.mapping.Bhmem  - Unique mapped and paired reads 1495426 ...
[M::mem_process_seqs] Processed 1001 reads in 0.984 CPU sec, 0.143 real sec
[M::mem_process_seqs] Processed 1001 reads in 0.901 CPU sec, 0.133 real sec
[M::mem_process_seqs] Processed 1001 reads in 1.064 CPU sec, 0.141 real sec
[M::mem_process_seqs] Processed 1001 reads in 1.073 CPU sec, 0.145 real sec
556223 [main] INFO main.java.edu.mit.compbio.bisulfitehic.mapping.Bhmem  - Processing reads 1506000 ...
556223 [main] INFO main.java.edu.mit.compbio.bisulfitehic.mapping.Bhmem  - Unique mapped and paired reads 1497416 ...
556226 [main] INFO main.java.edu.mit.compbio.bisulfitehic.mapping.Bhmem  - Processing reads 1507000 ...
556226 [main] INFO main.java.edu.mit.compbio.bisulfitehic.mapping.Bhmem  - Unique mapped and paired reads 1497416 ...
[M::mem_process_seqs] Processed 1001 reads in 1.015 CPU sec, 0.171 real sec
[M::mem_process_seqs] Processed 1001 reads in 0.916 CPU sec, 0.133 real sec
[M::mem_process_seqs] Processed 1001 reads in 1.087 CPU sec, 0.170 real sec
[M::mem_process_seqs] Processed 1001 reads in 1.182 CPU sec, 0.256 real sec
557093 [main] INFO main.java.edu.mit.compbio.bisulfitehic.mapping.Bhmem  - Processing reads 1508000 ...
557093 [main] INFO main.java.edu.mit.compbio.bisulfitehic.mapping.Bhmem  - Unique mapped and paired reads 1499404 ...
557096 [main] INFO main.java.edu.mit.compbio.bisulfitehic.mapping.Bhmem  - Processing reads 1509000 ...
557096 [main] INFO main.java.edu.mit.compbio.bisulfitehic.mapping.Bhmem  - Unique mapped and paired reads 1499404 ...
[M::mem_process_seqs] Processed 1001 reads in 1.018 CPU sec, 0.148 real sec
[M::mem_process_seqs] Processed 1001 reads in 0.896 CPU sec, 0.129 real sec
[M::mem_process_seqs] Processed 1001 reads in 1.127 CPU sec, 0.159 real sec
[M::mem_process_seqs] Processed 1001 reads in 1.099 CPU sec, 0.141 real sec
557793 [main] INFO main.java.edu.mit.compbio.bisulfitehic.mapping.Bhmem  - Processing reads 1510000 ...
557793 [main] INFO main.java.edu.mit.compbio.bisulfitehic.mapping.Bhmem  - Unique mapped and paired reads 1501392 ...
557796 [main] INFO main.java.edu.mit.compbio.bisulfitehic.mapping.Bhmem  - Processing reads 1511000 ...
557796 [main] INFO main.java.edu.mit.compbio.bisulfitehic.mapping.Bhmem  - Unique mapped and paired reads 1501392 ...
[M::mem_process_seqs] Processed 1001 reads in 0.941 CPU sec, 0.137 real sec
[M::mem_process_seqs] Processed 1001 reads in 0.938 CPU sec, 0.146 real sec
[M::mem_process_seqs] Processed 1001 reads in 0.973 CPU sec, 0.144 real sec
[M::mem_process_seqs] Processed 1001 reads in 1.101 CPU sec, 0.153 real sec
558509 [main] INFO main.java.edu.mit.compbio.bisulfitehic.mapping.Bhmem  - Processing reads 1512000 ...
558509 [main] INFO main.java.edu.mit.compbio.bisulfitehic.mapping.Bhmem  - Unique mapped and paired reads 1503380 ...
558512 [main] INFO main.java.edu.mit.compbio.bisulfitehic.mapping.Bhmem  - Processing reads 1513000 ...
558512 [main] INFO main.java.edu.mit.compbio.bisulfitehic.mapping.Bhmem  - Unique mapped and paired reads 1503380 ...
[M::mem_process_seqs] Processed 1001 reads in 1.017 CPU sec, 0.149 real sec
[M::mem_process_seqs] Processed 1001 reads in 1.046 CPU sec, 0.149 real sec
[M::mem_process_seqs] Processed 1001 reads in 1.127 CPU sec, 0.144 real sec
[M::mem_process_seqs] Processed 1001 reads in 1.139 CPU sec, 0.148 real sec
559224 [main] INFO main.java.edu.mit.compbio.bisulfitehic.mapping.Bhmem  - Processing reads 1514000 ...
559224 [main] INFO main.java.edu.mit.compbio.bisulfitehic.mapping.Bhmem  - Unique mapped and paired reads 1505372 ...
559227 [main] INFO main.java.edu.mit.compbio.bisulfitehic.mapping.Bhmem  - Processing reads 1515000 ...
559227 [main] INFO main.java.edu.mit.compbio.bisulfitehic.mapping.Bhmem  - Unique mapped and paired reads 1505372 ...
[M::mem_process_seqs] Processed 1001 reads in 1.084 CPU sec, 0.141 real sec
[M::mem_process_seqs] Processed 1001 reads in 1.069 CPU sec, 0.151 real sec
[M::mem_process_seqs] Processed 1001 reads in 1.151 CPU sec, 0.152 real sec
[M::mem_process_seqs] Processed 1001 reads in 1.117 CPU sec, 0.163 real sec
559961 [main] INFO main.java.edu.mit.compbio.bisulfitehic.mapping.Bhmem  - Processing reads 1516000 ...
559961 [main] INFO main.java.edu.mit.compbio.bisulfitehic.mapping.Bhmem  - Unique mapped and paired reads 1507370 ...
559964 [main] INFO main.java.edu.mit.compbio.bisulfitehic.mapping.Bhmem  - Processing reads 1517000 ...
559964 [main] INFO main.java.edu.mit.compbio.bisulfitehic.mapping.Bhmem  - Unique mapped and paired reads 1507370 ...
[M::mem_process_seqs] Processed 1001 reads in 1.015 CPU sec, 0.147 real sec
[M::mem_process_seqs] Processed 1001 reads in 1.006 CPU sec, 0.155 real sec
[M::mem_process_seqs] Processed 1001 reads in 1.277 CPU sec, 0.165 real sec
[M::mem_process_seqs] Processed 1001 reads in 1.162 CPU sec, 0.179 real sec
560739 [main] INFO main.java.edu.mit.compbio.bisulfitehic.mapping.Bhmem  - Processing reads 1518000 ...
560739 [main] INFO main.java.edu.mit.compbio.bisulfitehic.mapping.Bhmem  - Unique mapped and paired reads 1509358 ...
560742 [main] INFO main.java.edu.mit.compbio.bisulfitehic.mapping.Bhmem  - Processing reads 1519000 ...
560742 [main] INFO main.java.edu.mit.compbio.bisulfitehic.mapping.Bhmem  - Unique mapped and paired reads 1509358 ...
[M::mem_process_seqs] Processed 1001 reads in 0.992 CPU sec, 0.133 real sec
[M::mem_process_seqs] Processed 1001 reads in 0.967 CPU sec, 0.129 real sec
[M::mem_process_seqs] Processed 1001 reads in 1.106 CPU sec, 0.159 real sec
[M::mem_process_seqs] Processed 1001 reads in 1.117 CPU sec, 0.161 real sec
561451 [main] INFO main.java.edu.mit.compbio.bisulfitehic.mapping.Bhmem  - Processing reads 1520000 ...
561451 [main] INFO main.java.edu.mit.compbio.bisulfitehic.mapping.Bhmem  - Unique mapped and paired reads 1511352 ...
561454 [main] INFO main.java.edu.mit.compbio.bisulfitehic.mapping.Bhmem  - Processing reads 1521000 ...
561454 [main] INFO main.java.edu.mit.compbio.bisulfitehic.mapping.Bhmem  - Unique mapped and paired reads 1511352 ...
[M::mem_process_seqs] Processed 1001 reads in 1.032 CPU sec, 0.131 real sec
[M::mem_process_seqs] Processed 1001 reads in 0.944 CPU sec, 0.122 real sec
[M::mem_process_seqs] Processed 1001 reads in 1.143 CPU sec, 0.145 real sec
[M::mem_process_seqs] Processed 1001 reads in 1.143 CPU sec, 0.165 real sec
562142 [main] INFO main.java.edu.mit.compbio.bisulfitehic.mapping.Bhmem  - Processing reads 1522000 ...
562142 [main] INFO main.java.edu.mit.compbio.bisulfitehic.mapping.Bhmem  - Unique mapped and paired reads 1513346 ...
562145 [main] INFO main.java.edu.mit.compbio.bisulfitehic.mapping.Bhmem  - Processing reads 1523000 ...
562145 [main] INFO main.java.edu.mit.compbio.bisulfitehic.mapping.Bhmem  - Unique mapped and paired reads 1513346 ...
[M::mem_process_seqs] Processed 1001 reads in 1.110 CPU sec, 0.165 real sec
[M::mem_process_seqs] Processed 1001 reads in 1.004 CPU sec, 0.147 real sec
[M::mem_process_seqs] Processed 1001 reads in 1.223 CPU sec, 0.180 real sec
[M::mem_process_seqs] Processed 1001 reads in 1.240 CPU sec, 0.176 real sec
562942 [main] INFO main.java.edu.mit.compbio.bisulfitehic.mapping.Bhmem  - Processing reads 1524000 ...
562942 [main] INFO main.java.edu.mit.compbio.bisulfitehic.mapping.Bhmem  - Unique mapped and paired reads 1515342 ...
562945 [main] INFO main.java.edu.mit.compbio.bisulfitehic.mapping.Bhmem  - Processing reads 1525000 ...
562945 [main] INFO main.java.edu.mit.compbio.bisulfitehic.mapping.Bhmem  - Unique mapped and paired reads 1515342 ...
[M::mem_process_seqs] Processed 1001 reads in 1.018 CPU sec, 0.149 real sec
[M::mem_process_seqs] Processed 1001 reads in 0.982 CPU sec, 0.143 real sec
[M::mem_process_seqs] Processed 1001 reads in 1.188 CPU sec, 0.172 real sec
[M::mem_process_seqs] Processed 1001 reads in 1.139 CPU sec, 0.158 real sec
563756 [main] INFO main.java.edu.mit.compbio.bisulfitehic.mapping.Bhmem  - Processing reads 1526000 ...
563756 [main] INFO main.java.edu.mit.compbio.bisulfitehic.mapping.Bhmem  - Unique mapped and paired reads 1517338 ...
563759 [main] INFO main.java.edu.mit.compbio.bisulfitehic.mapping.Bhmem  - Processing reads 1527000 ...
563759 [main] INFO main.java.edu.mit.compbio.bisulfitehic.mapping.Bhmem  - Unique mapped and paired reads 1517338 ...
[M::mem_process_seqs] Processed 1001 reads in 1.049 CPU sec, 0.152 real sec
[M::mem_process_seqs] Processed 1001 reads in 0.991 CPU sec, 0.150 real sec
[M::mem_process_seqs] Processed 1001 reads in 1.184 CPU sec, 0.159 real sec
[M::mem_process_seqs] Processed 1001 reads in 1.155 CPU sec, 0.147 real sec
564493 [main] INFO main.java.edu.mit.compbio.bisulfitehic.mapping.Bhmem  - Processing reads 1528000 ...
564493 [main] INFO main.java.edu.mit.compbio.bisulfitehic.mapping.Bhmem  - Unique mapped and paired reads 1519324 ...
564496 [main] INFO main.java.edu.mit.compbio.bisulfitehic.mapping.Bhmem  - Processing reads 1529000 ...
564496 [main] INFO main.java.edu.mit.compbio.bisulfitehic.mapping.Bhmem  - Unique mapped and paired reads 1519324 ...
[M::mem_process_seqs] Processed 1001 reads in 1.040 CPU sec, 0.283 real sec
[M::mem_process_seqs] Processed 1001 reads in 1.138 CPU sec, 0.508 real sec
[M::mem_process_seqs] Processed 1001 reads in 1.142 CPU sec, 0.485 real sec
[M::mem_process_seqs] Processed 1001 reads in 1.090 CPU sec, 0.158 real sec
566067 [main] INFO main.java.edu.mit.compbio.bisulfitehic.mapping.Bhmem  - Processing reads 1530000 ...
566067 [main] INFO main.java.edu.mit.compbio.bisulfitehic.mapping.Bhmem  - Unique mapped and paired reads 1521320 ...
566070 [main] INFO main.java.edu.mit.compbio.bisulfitehic.mapping.Bhmem  - Processing reads 1531000 ...
566070 [main] INFO main.java.edu.mit.compbio.bisulfitehic.mapping.Bhmem  - Unique mapped and paired reads 1521320 ...
[M::mem_process_seqs] Processed 1001 reads in 0.964 CPU sec, 0.140 real sec
[M::mem_process_seqs] Processed 1001 reads in 0.922 CPU sec, 0.117 real sec
[M::mem_process_seqs] Processed 1001 reads in 1.060 CPU sec, 0.136 real sec
[M::mem_process_seqs] Processed 1001 reads in 1.058 CPU sec, 0.157 real sec
566752 [main] INFO main.java.edu.mit.compbio.bisulfitehic.mapping.Bhmem  - Processing reads 1532000 ...
566752 [main] INFO main.java.edu.mit.compbio.bisulfitehic.mapping.Bhmem  - Unique mapped and paired reads 1523316 ...
566755 [main] INFO main.java.edu.mit.compbio.bisulfitehic.mapping.Bhmem  - Processing reads 1533000 ...
566755 [main] INFO main.java.edu.mit.compbio.bisulfitehic.mapping.Bhmem  - Unique mapped and paired reads 1523316 ...
[M::mem_process_seqs] Processed 1001 reads in 1.013 CPU sec, 0.136 real sec
[M::mem_process_seqs] Processed 1001 reads in 0.897 CPU sec, 0.113 real sec
[M::mem_process_seqs] Processed 1001 reads in 1.045 CPU sec, 0.151 real sec
[M::mem_process_seqs] Processed 1001 reads in 1.000 CPU sec, 0.148 real sec
567425 [main] INFO main.java.edu.mit.compbio.bisulfitehic.mapping.Bhmem  - Processing reads 1534000 ...
567425 [main] INFO main.java.edu.mit.compbio.bisulfitehic.mapping.Bhmem  - Unique mapped and paired reads 1525310 ...
567428 [main] INFO main.java.edu.mit.compbio.bisulfitehic.mapping.Bhmem  - Processing reads 1535000 ...
567428 [main] INFO main.java.edu.mit.compbio.bisulfitehic.mapping.Bhmem  - Unique mapped and paired reads 1525310 ...
[M::mem_process_seqs] Processed 1001 reads in 1.056 CPU sec, 0.136 real sec
[M::mem_process_seqs] Processed 1001 reads in 0.945 CPU sec, 0.126 real sec
[M::mem_process_seqs] Processed 1001 reads in 1.140 CPU sec, 0.196 real sec
[M::mem_process_seqs] Processed 1001 reads in 1.090 CPU sec, 0.171 real sec
568179 [main] INFO main.java.edu.mit.compbio.bisulfitehic.mapping.Bhmem  - Processing reads 1536000 ...
568179 [main] INFO main.java.edu.mit.compbio.bisulfitehic.mapping.Bhmem  - Unique mapped and paired reads 1527308 ...
568182 [main] INFO main.java.edu.mit.compbio.bisulfitehic.mapping.Bhmem  - Processing reads 1537000 ...
568182 [main] INFO main.java.edu.mit.compbio.bisulfitehic.mapping.Bhmem  - Unique mapped and paired reads 1527308 ...
[M::mem_process_seqs] Processed 1001 reads in 0.927 CPU sec, 0.134 real sec
[M::mem_process_seqs] Processed 1001 reads in 0.975 CPU sec, 0.123 real sec
[M::mem_process_seqs] Processed 1001 reads in 1.029 CPU sec, 0.141 real sec
[M::mem_process_seqs] Processed 1001 reads in 1.237 CPU sec, 0.207 real sec
568910 [main] INFO main.java.edu.mit.compbio.bisulfitehic.mapping.Bhmem  - Processing reads 1538000 ...
568910 [main] INFO main.java.edu.mit.compbio.bisulfitehic.mapping.Bhmem  - Unique mapped and paired reads 1529306 ...
568913 [main] INFO main.java.edu.mit.compbio.bisulfitehic.mapping.Bhmem  - Processing reads 1539000 ...
568913 [main] INFO main.java.edu.mit.compbio.bisulfitehic.mapping.Bhmem  - Unique mapped and paired reads 1529306 ...
[M::mem_process_seqs] Processed 1001 reads in 0.980 CPU sec, 0.145 real sec
[M::mem_process_seqs] Processed 1001 reads in 0.953 CPU sec, 0.121 real sec
[M::mem_process_seqs] Processed 1001 reads in 1.072 CPU sec, 0.139 real sec
[M::mem_process_seqs] Processed 1001 reads in 1.183 CPU sec, 0.162 real sec
569601 [main] INFO main.java.edu.mit.compbio.bisulfitehic.mapping.Bhmem  - Processing reads 1540000 ...
569601 [main] INFO main.java.edu.mit.compbio.bisulfitehic.mapping.Bhmem  - Unique mapped and paired reads 1531304 ...
569604 [main] INFO main.java.edu.mit.compbio.bisulfitehic.mapping.Bhmem  - Processing reads 1541000 ...
569604 [main] INFO main.java.edu.mit.compbio.bisulfitehic.mapping.Bhmem  - Unique mapped and paired reads 1531304 ...
[M::mem_process_seqs] Processed 1001 reads in 0.966 CPU sec, 0.143 real sec
[M::mem_process_seqs] Processed 1001 reads in 1.039 CPU sec, 0.154 real sec
[M::mem_process_seqs] Processed 1001 reads in 1.109 CPU sec, 0.162 real sec
[M::mem_process_seqs] Processed 1001 reads in 1.190 CPU sec, 0.178 real sec
570365 [main] INFO main.java.edu.mit.compbio.bisulfitehic.mapping.Bhmem  - Processing reads 1542000 ...
570365 [main] INFO main.java.edu.mit.compbio.bisulfitehic.mapping.Bhmem  - Unique mapped and paired reads 1533290 ...
570368 [main] INFO main.java.edu.mit.compbio.bisulfitehic.mapping.Bhmem  - Processing reads 1543000 ...
570368 [main] INFO main.java.edu.mit.compbio.bisulfitehic.mapping.Bhmem  - Unique mapped and paired reads 1533290 ...
[M::mem_process_seqs] Processed 1001 reads in 1.116 CPU sec, 0.163 real sec
[M::mem_process_seqs] Processed 1001 reads in 1.074 CPU sec, 0.147 real sec
[M::mem_process_seqs] Processed 1001 reads in 1.190 CPU sec, 0.175 real sec
[M::mem_process_seqs] Processed 1001 reads in 1.156 CPU sec, 0.167 real sec
571147 [main] INFO main.java.edu.mit.compbio.bisulfitehic.mapping.Bhmem  - Processing reads 1544000 ...
571147 [main] INFO main.java.edu.mit.compbio.bisulfitehic.mapping.Bhmem  - Unique mapped and paired reads 1535284 ...
571150 [main] INFO main.java.edu.mit.compbio.bisulfitehic.mapping.Bhmem  - Processing reads 1545000 ...
571150 [main] INFO main.java.edu.mit.compbio.bisulfitehic.mapping.Bhmem  - Unique mapped and paired reads 1535284 ...
[M::mem_process_seqs] Processed 1001 reads in 1.135 CPU sec, 0.145 real sec
[M::mem_process_seqs] Processed 1001 reads in 1.036 CPU sec, 0.132 real sec
[M::mem_process_seqs] Processed 1001 reads in 1.145 CPU sec, 0.165 real sec
[M::mem_process_seqs] Processed 1001 reads in 1.206 CPU sec, 0.183 real sec
571905 [main] INFO main.java.edu.mit.compbio.bisulfitehic.mapping.Bhmem  - Processing reads 1546000 ...
571905 [main] INFO main.java.edu.mit.compbio.bisulfitehic.mapping.Bhmem  - Unique mapped and paired reads 1537270 ...
571909 [main] INFO main.java.edu.mit.compbio.bisulfitehic.mapping.Bhmem  - Processing reads 1547000 ...
571909 [main] INFO main.java.edu.mit.compbio.bisulfitehic.mapping.Bhmem  - Unique mapped and paired reads 1537270 ...
[M::mem_process_seqs] Processed 1001 reads in 1.061 CPU sec, 0.137 real sec
[M::mem_process_seqs] Processed 1001 reads in 0.941 CPU sec, 0.139 real sec
[M::mem_process_seqs] Processed 1001 reads in 1.129 CPU sec, 0.165 real sec
[M::mem_process_seqs] Processed 1001 reads in 1.184 CPU sec, 0.172 real sec
572650 [main] INFO main.java.edu.mit.compbio.bisulfitehic.mapping.Bhmem  - Processing reads 1548000 ...
572650 [main] INFO main.java.edu.mit.compbio.bisulfitehic.mapping.Bhmem  - Unique mapped and paired reads 1539270 ...
572653 [main] INFO main.java.edu.mit.compbio.bisulfitehic.mapping.Bhmem  - Processing reads 1549000 ...
572653 [main] INFO main.java.edu.mit.compbio.bisulfitehic.mapping.Bhmem  - Unique mapped and paired reads 1539270 ...
[M::mem_process_seqs] Processed 1001 reads in 1.081 CPU sec, 0.157 real sec
[M::mem_process_seqs] Processed 1001 reads in 1.026 CPU sec, 0.151 real sec
[M::mem_process_seqs] Processed 1001 reads in 1.232 CPU sec, 0.162 real sec
[M::mem_process_seqs] Processed 1001 reads in 1.280 CPU sec, 0.223 real sec
573485 [main] INFO main.java.edu.mit.compbio.bisulfitehic.mapping.Bhmem  - Processing reads 1550000 ...
573485 [main] INFO main.java.edu.mit.compbio.bisulfitehic.mapping.Bhmem  - Unique mapped and paired reads 1541266 ...
573488 [main] INFO main.java.edu.mit.compbio.bisulfitehic.mapping.Bhmem  - Processing reads 1551000 ...
573488 [main] INFO main.java.edu.mit.compbio.bisulfitehic.mapping.Bhmem  - Unique mapped and paired reads 1541266 ...
[M::mem_process_seqs] Processed 1001 reads in 1.079 CPU sec, 0.154 real sec
[M::mem_process_seqs] Processed 1001 reads in 0.943 CPU sec, 0.137 real sec
[M::mem_process_seqs] Processed 1001 reads in 1.328 CPU sec, 0.193 real sec
[M::mem_process_seqs] Processed 1001 reads in 1.328 CPU sec, 0.171 real sec
574272 [main] INFO main.java.edu.mit.compbio.bisulfitehic.mapping.Bhmem  - Processing reads 1552000 ...
574272 [main] INFO main.java.edu.mit.compbio.bisulfitehic.mapping.Bhmem  - Unique mapped and paired reads 1543260 ...
574275 [main] INFO main.java.edu.mit.compbio.bisulfitehic.mapping.Bhmem  - Processing reads 1553000 ...
574275 [main] INFO main.java.edu.mit.compbio.bisulfitehic.mapping.Bhmem  - Unique mapped and paired reads 1543260 ...
[M::mem_process_seqs] Processed 1001 reads in 1.054 CPU sec, 0.154 real sec
[M::mem_process_seqs] Processed 1001 reads in 1.003 CPU sec, 0.149 real sec
[M::mem_process_seqs] Processed 1001 reads in 1.249 CPU sec, 0.160 real sec
[M::mem_process_seqs] Processed 1001 reads in 1.343 CPU sec, 0.194 real sec
575058 [main] INFO main.java.edu.mit.compbio.bisulfitehic.mapping.Bhmem  - Processing reads 1554000 ...
575058 [main] INFO main.java.edu.mit.compbio.bisulfitehic.mapping.Bhmem  - Unique mapped and paired reads 1545260 ...
575061 [main] INFO main.java.edu.mit.compbio.bisulfitehic.mapping.Bhmem  - Processing reads 1555000 ...
575061 [main] INFO main.java.edu.mit.compbio.bisulfitehic.mapping.Bhmem  - Unique mapped and paired reads 1545260 ...
[M::mem_process_seqs] Processed 1001 reads in 1.004 CPU sec, 0.147 real sec
[M::mem_process_seqs] Processed 1001 reads in 0.981 CPU sec, 0.143 real sec
[M::mem_process_seqs] Processed 1001 reads in 1.171 CPU sec, 0.148 real sec
[M::mem_process_seqs] Processed 1001 reads in 1.096 CPU sec, 0.166 real sec
575859 [main] INFO main.java.edu.mit.compbio.bisulfitehic.mapping.Bhmem  - Processing reads 1556000 ...
575859 [main] INFO main.java.edu.mit.compbio.bisulfitehic.mapping.Bhmem  - Unique mapped and paired reads 1547246 ...
575862 [main] INFO main.java.edu.mit.compbio.bisulfitehic.mapping.Bhmem  - Processing reads 1557000 ...
575862 [main] INFO main.java.edu.mit.compbio.bisulfitehic.mapping.Bhmem  - Unique mapped and paired reads 1547246 ...
[M::mem_process_seqs] Processed 1001 reads in 1.050 CPU sec, 0.157 real sec
[M::mem_process_seqs] Processed 1001 reads in 1.012 CPU sec, 0.128 real sec
[M::mem_process_seqs] Processed 1001 reads in 1.146 CPU sec, 0.167 real sec
[M::mem_process_seqs] Processed 1001 reads in 1.290 CPU sec, 0.190 real sec
576634 [main] INFO main.java.edu.mit.compbio.bisulfitehic.mapping.Bhmem  - Processing reads 1558000 ...
576634 [main] INFO main.java.edu.mit.compbio.bisulfitehic.mapping.Bhmem  - Unique mapped and paired reads 1549238 ...
576637 [main] INFO main.java.edu.mit.compbio.bisulfitehic.mapping.Bhmem  - Processing reads 1559000 ...
576637 [main] INFO main.java.edu.mit.compbio.bisulfitehic.mapping.Bhmem  - Unique mapped and paired reads 1549238 ...
[M::mem_process_seqs] Processed 1001 reads in 1.065 CPU sec, 0.156 real sec
[M::mem_process_seqs] Processed 1001 reads in 1.059 CPU sec, 0.155 real sec
[M::mem_process_seqs] Processed 1001 reads in 1.187 CPU sec, 0.174 real sec
[M::mem_process_seqs] Processed 1001 reads in 1.240 CPU sec, 0.174 real sec
577434 [main] INFO main.java.edu.mit.compbio.bisulfitehic.mapping.Bhmem  - Processing reads 1560000 ...
577434 [main] INFO main.java.edu.mit.compbio.bisulfitehic.mapping.Bhmem  - Unique mapped and paired reads 1551228 ...
577437 [main] INFO main.java.edu.mit.compbio.bisulfitehic.mapping.Bhmem  - Processing reads 1561000 ...
577437 [main] INFO main.java.edu.mit.compbio.bisulfitehic.mapping.Bhmem  - Unique mapped and paired reads 1551228 ...
[M::mem_process_seqs] Processed 1001 reads in 1.099 CPU sec, 0.158 real sec
[M::mem_process_seqs] Processed 1001 reads in 0.970 CPU sec, 0.146 real sec
[M::mem_process_seqs] Processed 1001 reads in 1.224 CPU sec, 0.168 real sec
[M::mem_process_seqs] Processed 1001 reads in 1.249 CPU sec, 0.183 real sec
578240 [main] INFO main.java.edu.mit.compbio.bisulfitehic.mapping.Bhmem  - Processing reads 1562000 ...
578240 [main] INFO main.java.edu.mit.compbio.bisulfitehic.mapping.Bhmem  - Unique mapped and paired reads 1553226 ...
578243 [main] INFO main.java.edu.mit.compbio.bisulfitehic.mapping.Bhmem  - Processing reads 1563000 ...
578243 [main] INFO main.java.edu.mit.compbio.bisulfitehic.mapping.Bhmem  - Unique mapped and paired reads 1553226 ...
[M::mem_process_seqs] Processed 1001 reads in 1.038 CPU sec, 0.153 real sec
[M::mem_process_seqs] Processed 1001 reads in 0.955 CPU sec, 0.138 real sec
[M::mem_process_seqs] Processed 1001 reads in 1.225 CPU sec, 0.185 real sec
[M::mem_process_seqs] Processed 1001 reads in 1.224 CPU sec, 0.183 real sec
579037 [main] INFO main.java.edu.mit.compbio.bisulfitehic.mapping.Bhmem  - Processing reads 1564000 ...
579038 [main] INFO main.java.edu.mit.compbio.bisulfitehic.mapping.Bhmem  - Unique mapped and paired reads 1555212 ...
579041 [main] INFO main.java.edu.mit.compbio.bisulfitehic.mapping.Bhmem  - Processing reads 1565000 ...
579041 [main] INFO main.java.edu.mit.compbio.bisulfitehic.mapping.Bhmem  - Unique mapped and paired reads 1555212 ...
[M::mem_process_seqs] Processed 1001 reads in 0.998 CPU sec, 0.145 real sec
[M::mem_process_seqs] Processed 1001 reads in 0.964 CPU sec, 0.140 real sec
[M::mem_process_seqs] Processed 1001 reads in 1.183 CPU sec, 0.154 real sec
[M::mem_process_seqs] Processed 1001 reads in 1.157 CPU sec, 0.147 real sec
579760 [main] INFO main.java.edu.mit.compbio.bisulfitehic.mapping.Bhmem  - Processing reads 1566000 ...
579760 [main] INFO main.java.edu.mit.compbio.bisulfitehic.mapping.Bhmem  - Unique mapped and paired reads 1557206 ...
579763 [main] INFO main.java.edu.mit.compbio.bisulfitehic.mapping.Bhmem  - Processing reads 1567000 ...
579763 [main] INFO main.java.edu.mit.compbio.bisulfitehic.mapping.Bhmem  - Unique mapped and paired reads 1557206 ...
[M::mem_process_seqs] Processed 1001 reads in 1.045 CPU sec, 0.133 real sec
[M::mem_process_seqs] Processed 1001 reads in 1.028 CPU sec, 0.150 real sec
[M::mem_process_seqs] Processed 1001 reads in 1.166 CPU sec, 0.177 real sec
[M::mem_process_seqs] Processed 1001 reads in 1.233 CPU sec, 0.179 real sec
580539 [main] INFO main.java.edu.mit.compbio.bisulfitehic.mapping.Bhmem  - Processing reads 1568000 ...
580539 [main] INFO main.java.edu.mit.compbio.bisulfitehic.mapping.Bhmem  - Unique mapped and paired reads 1559198 ...
580542 [main] INFO main.java.edu.mit.compbio.bisulfitehic.mapping.Bhmem  - Processing reads 1569000 ...
580542 [main] INFO main.java.edu.mit.compbio.bisulfitehic.mapping.Bhmem  - Unique mapped and paired reads 1559198 ...
[M::mem_process_seqs] Processed 1001 reads in 1.076 CPU sec, 0.156 real sec
[M::mem_process_seqs] Processed 1001 reads in 1.115 CPU sec, 0.170 real sec
[M::mem_process_seqs] Processed 1001 reads in 1.260 CPU sec, 0.182 real sec
[M::mem_process_seqs] Processed 1001 reads in 1.306 CPU sec, 0.192 real sec
581377 [main] INFO main.java.edu.mit.compbio.bisulfitehic.mapping.Bhmem  - Processing reads 1570000 ...
581377 [main] INFO main.java.edu.mit.compbio.bisulfitehic.mapping.Bhmem  - Unique mapped and paired reads 1561186 ...
581380 [main] INFO main.java.edu.mit.compbio.bisulfitehic.mapping.Bhmem  - Processing reads 1571000 ...
581380 [main] INFO main.java.edu.mit.compbio.bisulfitehic.mapping.Bhmem  - Unique mapped and paired reads 1561186 ...
[M::mem_process_seqs] Processed 1001 reads in 1.110 CPU sec, 0.161 real sec
[M::mem_process_seqs] Processed 1001 reads in 1.070 CPU sec, 0.137 real sec
[M::mem_process_seqs] Processed 1001 reads in 1.286 CPU sec, 0.178 real sec
[M::mem_process_seqs] Processed 1001 reads in 1.326 CPU sec, 0.178 real sec
582178 [main] INFO main.java.edu.mit.compbio.bisulfitehic.mapping.Bhmem  - Processing reads 1572000 ...
582178 [main] INFO main.java.edu.mit.compbio.bisulfitehic.mapping.Bhmem  - Unique mapped and paired reads 1563184 ...
582181 [main] INFO main.java.edu.mit.compbio.bisulfitehic.mapping.Bhmem  - Processing reads 1573000 ...
582181 [main] INFO main.java.edu.mit.compbio.bisulfitehic.mapping.Bhmem  - Unique mapped and paired reads 1563184 ...
[M::mem_process_seqs] Processed 1001 reads in 1.107 CPU sec, 0.162 real sec
[M::mem_process_seqs] Processed 1001 reads in 1.048 CPU sec, 0.152 real sec
[M::mem_process_seqs] Processed 1001 reads in 1.286 CPU sec, 0.187 real sec
[M::mem_process_seqs] Processed 1001 reads in 1.245 CPU sec, 0.184 real sec
583011 [main] INFO main.java.edu.mit.compbio.bisulfitehic.mapping.Bhmem  - Processing reads 1574000 ...
583011 [main] INFO main.java.edu.mit.compbio.bisulfitehic.mapping.Bhmem  - Unique mapped and paired reads 1565172 ...
583014 [main] INFO main.java.edu.mit.compbio.bisulfitehic.mapping.Bhmem  - Processing reads 1575000 ...
583014 [main] INFO main.java.edu.mit.compbio.bisulfitehic.mapping.Bhmem  - Unique mapped and paired reads 1565172 ...
[M::mem_process_seqs] Processed 1001 reads in 1.069 CPU sec, 0.156 real sec
[M::mem_process_seqs] Processed 1001 reads in 0.936 CPU sec, 0.131 real sec
[M::mem_process_seqs] Processed 1001 reads in 1.316 CPU sec, 0.211 real sec
[M::mem_process_seqs] Processed 1001 reads in 1.163 CPU sec, 0.169 real sec
583815 [main] INFO main.java.edu.mit.compbio.bisulfitehic.mapping.Bhmem  - Processing reads 1576000 ...
583815 [main] INFO main.java.edu.mit.compbio.bisulfitehic.mapping.Bhmem  - Unique mapped and paired reads 1567164 ...
583837 [main] INFO main.java.edu.mit.compbio.bisulfitehic.mapping.Bhmem  - Processing reads 1577000 ...
583837 [main] INFO main.java.edu.mit.compbio.bisulfitehic.mapping.Bhmem  - Unique mapped and paired reads 1567164 ...
[M::mem_process_seqs] Processed 1001 reads in 1.035 CPU sec, 0.156 real sec
[M::mem_process_seqs] Processed 1001 reads in 0.978 CPU sec, 0.142 real sec
[M::mem_process_seqs] Processed 1001 reads in 1.113 CPU sec, 0.163 real sec
[M::mem_process_seqs] Processed 1001 reads in 1.238 CPU sec, 0.193 real sec
584625 [main] INFO main.java.edu.mit.compbio.bisulfitehic.mapping.Bhmem  - Processing reads 1578000 ...
584625 [main] INFO main.java.edu.mit.compbio.bisulfitehic.mapping.Bhmem  - Unique mapped and paired reads 1569158 ...
584628 [main] INFO main.java.edu.mit.compbio.bisulfitehic.mapping.Bhmem  - Processing reads 1579000 ...
584628 [main] INFO main.java.edu.mit.compbio.bisulfitehic.mapping.Bhmem  - Unique mapped and paired reads 1569158 ...
[M::mem_process_seqs] Processed 1001 reads in 1.015 CPU sec, 0.147 real sec
[M::mem_process_seqs] Processed 1001 reads in 0.936 CPU sec, 0.139 real sec
[M::mem_process_seqs] Processed 1001 reads in 1.254 CPU sec, 0.161 real sec
[M::mem_process_seqs] Processed 1001 reads in 1.236 CPU sec, 0.180 real sec
585390 [main] INFO main.java.edu.mit.compbio.bisulfitehic.mapping.Bhmem  - Processing reads 1580000 ...
585390 [main] INFO main.java.edu.mit.compbio.bisulfitehic.mapping.Bhmem  - Unique mapped and paired reads 1571150 ...
585393 [main] INFO main.java.edu.mit.compbio.bisulfitehic.mapping.Bhmem  - Processing reads 1581000 ...
585394 [main] INFO main.java.edu.mit.compbio.bisulfitehic.mapping.Bhmem  - Unique mapped and paired reads 1571150 ...
[M::mem_process_seqs] Processed 1001 reads in 1.065 CPU sec, 0.148 real sec
[M::mem_process_seqs] Processed 1001 reads in 0.952 CPU sec, 0.126 real sec
[M::mem_process_seqs] Processed 1001 reads in 1.392 CPU sec, 0.181 real sec
[M::mem_process_seqs] Processed 1001 reads in 1.265 CPU sec, 0.187 real sec
586174 [main] INFO main.java.edu.mit.compbio.bisulfitehic.mapping.Bhmem  - Processing reads 1582000 ...
586174 [main] INFO main.java.edu.mit.compbio.bisulfitehic.mapping.Bhmem  - Unique mapped and paired reads 1573150 ...
586177 [main] INFO main.java.edu.mit.compbio.bisulfitehic.mapping.Bhmem  - Processing reads 1583000 ...
586177 [main] INFO main.java.edu.mit.compbio.bisulfitehic.mapping.Bhmem  - Unique mapped and paired reads 1573150 ...
[M::mem_process_seqs] Processed 1001 reads in 1.087 CPU sec, 0.148 real sec
[M::mem_process_seqs] Processed 1001 reads in 0.998 CPU sec, 0.146 real sec
[M::mem_process_seqs] Processed 1001 reads in 1.314 CPU sec, 0.212 real sec
[M::mem_process_seqs] Processed 1001 reads in 1.494 CPU sec, 0.251 real sec
587081 [main] INFO main.java.edu.mit.compbio.bisulfitehic.mapping.Bhmem  - Processing reads 1584000 ...
587081 [main] INFO main.java.edu.mit.compbio.bisulfitehic.mapping.Bhmem  - Unique mapped and paired reads 1575138 ...
587084 [main] INFO main.java.edu.mit.compbio.bisulfitehic.mapping.Bhmem  - Processing reads 1585000 ...
587084 [main] INFO main.java.edu.mit.compbio.bisulfitehic.mapping.Bhmem  - Unique mapped and paired reads 1575138 ...
[M::mem_process_seqs] Processed 1001 reads in 1.096 CPU sec, 0.164 real sec
[M::mem_process_seqs] Processed 1001 reads in 1.014 CPU sec, 0.147 real sec
[M::mem_process_seqs] Processed 1001 reads in 1.341 CPU sec, 0.193 real sec
[M::mem_process_seqs] Processed 1001 reads in 1.354 CPU sec, 0.202 real sec
587926 [main] INFO main.java.edu.mit.compbio.bisulfitehic.mapping.Bhmem  - Processing reads 1586000 ...
587926 [main] INFO main.java.edu.mit.compbio.bisulfitehic.mapping.Bhmem  - Unique mapped and paired reads 1577136 ...
587929 [main] INFO main.java.edu.mit.compbio.bisulfitehic.mapping.Bhmem  - Processing reads 1587000 ...
587929 [main] INFO main.java.edu.mit.compbio.bisulfitehic.mapping.Bhmem  - Unique mapped and paired reads 1577136 ...
[M::mem_process_seqs] Processed 1001 reads in 1.136 CPU sec, 0.165 real sec
[M::mem_process_seqs] Processed 1001 reads in 1.022 CPU sec, 0.147 real sec
[M::mem_process_seqs] Processed 1001 reads in 1.431 CPU sec, 0.185 real sec
[M::mem_process_seqs] Processed 1001 reads in 1.311 CPU sec, 0.169 real sec
588736 [main] INFO main.java.edu.mit.compbio.bisulfitehic.mapping.Bhmem  - Processing reads 1588000 ...
588736 [main] INFO main.java.edu.mit.compbio.bisulfitehic.mapping.Bhmem  - Unique mapped and paired reads 1579134 ...
[M::mem_process_seqs] Processed 388 reads in 0.457 CPU sec, 0.069 real sec
[M::mem_process_seqs] Processed 388 reads in 0.424 CPU sec, 0.063 real sec
[M::mem_process_seqs] Processed 388 reads in 0.515 CPU sec, 0.076 real sec
[M::mem_process_seqs] Processed 388 reads in 0.570 CPU sec, 0.085 real sec
589111 [main] INFO main.java.edu.mit.compbio.bisulfitehic.mapping.Bhmem  - 1588362 reads in total
589114 [main] INFO main.java.edu.mit.compbio.bisulfitehic.mapping.Bhmem  - Unique Mapped and paired 1579906 reads (99.47%)
589114 [main] INFO main.java.edu.mit.compbio.bisulfitehic.mapping.Bhmem  - Bhmem's running time is: 589.15 secs, 9.82 mins, 0.16 hours
