0 [main] INFO main.java.edu.mit.compbio.bisulfitehic.mapping.Bhmem  - Parsing input -enzymeList bed file ...
[M::bwa_idx_load_from_disk] read 0 ALT contigs
[M::bwa_idx_load_from_disk] read 0 ALT contigs
9834 [main] INFO main.java.edu.mit.compbio.bisulfitehic.mapping.Bhmem  - Processing reads 1000 ...
9835 [main] INFO main.java.edu.mit.compbio.bisulfitehic.mapping.Bhmem  - Unique mapped and paired reads 0 ...
9843 [main] INFO main.java.edu.mit.compbio.bisulfitehic.mapping.Bhmem  - Processing reads 2000 ...
9843 [main] INFO main.java.edu.mit.compbio.bisulfitehic.mapping.Bhmem  - Unique mapped and paired reads 0 ...
[M::mem_process_seqs] Processed 1001 reads in 1.230 CPU sec, 0.156 real sec
[M::mem_process_seqs] Processed 1001 reads in 1.025 CPU sec, 0.131 real sec
[M::mem_process_seqs] Processed 1001 reads in 1.141 CPU sec, 0.153 real sec
[M::mem_process_seqs] Processed 1001 reads in 0.964 CPU sec, 0.131 real sec
10967 [main] INFO main.java.edu.mit.compbio.bisulfitehic.mapping.Bhmem  - Processing reads 3000 ...
10967 [main] INFO main.java.edu.mit.compbio.bisulfitehic.mapping.Bhmem  - Unique mapped and paired reads 1986 ...
10971 [main] INFO main.java.edu.mit.compbio.bisulfitehic.mapping.Bhmem  - Processing reads 4000 ...
10971 [main] INFO main.java.edu.mit.compbio.bisulfitehic.mapping.Bhmem  - Unique mapped and paired reads 1986 ...
[M::mem_process_seqs] Processed 1001 reads in 1.264 CPU sec, 0.162 real sec
[M::mem_process_seqs] Processed 1001 reads in 0.870 CPU sec, 0.111 real sec
[M::mem_process_seqs] Processed 1001 reads in 1.204 CPU sec, 0.178 real sec
[M::mem_process_seqs] Processed 1001 reads in 1.011 CPU sec, 0.128 real sec
11782 [main] INFO main.java.edu.mit.compbio.bisulfitehic.mapping.Bhmem  - Processing reads 5000 ...
11782 [main] INFO main.java.edu.mit.compbio.bisulfitehic.mapping.Bhmem  - Unique mapped and paired reads 3978 ...
11785 [main] INFO main.java.edu.mit.compbio.bisulfitehic.mapping.Bhmem  - Processing reads 6000 ...
11785 [main] INFO main.java.edu.mit.compbio.bisulfitehic.mapping.Bhmem  - Unique mapped and paired reads 3978 ...
[M::mem_process_seqs] Processed 1001 reads in 1.337 CPU sec, 0.201 real sec
[M::mem_process_seqs] Processed 1001 reads in 1.096 CPU sec, 0.141 real sec
[M::mem_process_seqs] Processed 1001 reads in 1.212 CPU sec, 0.154 real sec
[M::mem_process_seqs] Processed 1001 reads in 1.011 CPU sec, 0.132 real sec
12597 [main] INFO main.java.edu.mit.compbio.bisulfitehic.mapping.Bhmem  - Processing reads 7000 ...
12597 [main] INFO main.java.edu.mit.compbio.bisulfitehic.mapping.Bhmem  - Unique mapped and paired reads 5970 ...
12600 [main] INFO main.java.edu.mit.compbio.bisulfitehic.mapping.Bhmem  - Processing reads 8000 ...
12600 [main] INFO main.java.edu.mit.compbio.bisulfitehic.mapping.Bhmem  - Unique mapped and paired reads 5970 ...
[M::mem_process_seqs] Processed 1001 reads in 1.258 CPU sec, 0.161 real sec
[M::mem_process_seqs] Processed 1001 reads in 0.989 CPU sec, 0.125 real sec
[M::mem_process_seqs] Processed 1001 reads in 1.246 CPU sec, 0.158 real sec
[M::mem_process_seqs] Processed 1001 reads in 1.076 CPU sec, 0.144 real sec
13370 [main] INFO main.java.edu.mit.compbio.bisulfitehic.mapping.Bhmem  - Processing reads 9000 ...
13370 [main] INFO main.java.edu.mit.compbio.bisulfitehic.mapping.Bhmem  - Unique mapped and paired reads 7966 ...
13373 [main] INFO main.java.edu.mit.compbio.bisulfitehic.mapping.Bhmem  - Processing reads 10000 ...
13373 [main] INFO main.java.edu.mit.compbio.bisulfitehic.mapping.Bhmem  - Unique mapped and paired reads 7966 ...
[M::mem_process_seqs] Processed 1001 reads in 1.297 CPU sec, 0.167 real sec
[M::mem_process_seqs] Processed 1001 reads in 1.033 CPU sec, 0.142 real sec
[M::mem_process_seqs] Processed 1001 reads in 1.510 CPU sec, 0.191 real sec
[M::mem_process_seqs] Processed 1001 reads in 1.127 CPU sec, 0.144 real sec
14194 [main] INFO main.java.edu.mit.compbio.bisulfitehic.mapping.Bhmem  - Processing reads 11000 ...
14194 [main] INFO main.java.edu.mit.compbio.bisulfitehic.mapping.Bhmem  - Unique mapped and paired reads 9962 ...
14200 [main] INFO main.java.edu.mit.compbio.bisulfitehic.mapping.Bhmem  - Processing reads 12000 ...
14200 [main] INFO main.java.edu.mit.compbio.bisulfitehic.mapping.Bhmem  - Unique mapped and paired reads 9962 ...
[M::mem_process_seqs] Processed 1001 reads in 1.208 CPU sec, 0.166 real sec
[M::mem_process_seqs] Processed 1001 reads in 1.118 CPU sec, 0.143 real sec
[M::mem_process_seqs] Processed 1001 reads in 1.348 CPU sec, 0.172 real sec
[M::mem_process_seqs] Processed 1001 reads in 1.072 CPU sec, 0.139 real sec
15020 [main] INFO main.java.edu.mit.compbio.bisulfitehic.mapping.Bhmem  - Processing reads 13000 ...
15020 [main] INFO main.java.edu.mit.compbio.bisulfitehic.mapping.Bhmem  - Unique mapped and paired reads 11956 ...
15023 [main] INFO main.java.edu.mit.compbio.bisulfitehic.mapping.Bhmem  - Processing reads 14000 ...
15023 [main] INFO main.java.edu.mit.compbio.bisulfitehic.mapping.Bhmem  - Unique mapped and paired reads 11956 ...
[M::mem_process_seqs] Processed 1001 reads in 1.110 CPU sec, 0.142 real sec
[M::mem_process_seqs] Processed 1001 reads in 0.961 CPU sec, 0.122 real sec
[M::mem_process_seqs] Processed 1001 reads in 1.177 CPU sec, 0.152 real sec
[M::mem_process_seqs] Processed 1001 reads in 1.044 CPU sec, 0.132 real sec
15745 [main] INFO main.java.edu.mit.compbio.bisulfitehic.mapping.Bhmem  - Processing reads 15000 ...
15745 [main] INFO main.java.edu.mit.compbio.bisulfitehic.mapping.Bhmem  - Unique mapped and paired reads 13948 ...
15748 [main] INFO main.java.edu.mit.compbio.bisulfitehic.mapping.Bhmem  - Processing reads 16000 ...
15748 [main] INFO main.java.edu.mit.compbio.bisulfitehic.mapping.Bhmem  - Unique mapped and paired reads 13948 ...
[M::mem_process_seqs] Processed 1001 reads in 1.064 CPU sec, 0.135 real sec
[M::mem_process_seqs] Processed 1001 reads in 0.953 CPU sec, 0.126 real sec
[M::mem_process_seqs] Processed 1001 reads in 1.222 CPU sec, 0.156 real sec
[M::mem_process_seqs] Processed 1001 reads in 1.127 CPU sec, 0.146 real sec
16512 [main] INFO main.java.edu.mit.compbio.bisulfitehic.mapping.Bhmem  - Processing reads 17000 ...
16512 [main] INFO main.java.edu.mit.compbio.bisulfitehic.mapping.Bhmem  - Unique mapped and paired reads 15944 ...
16515 [main] INFO main.java.edu.mit.compbio.bisulfitehic.mapping.Bhmem  - Processing reads 18000 ...
16515 [main] INFO main.java.edu.mit.compbio.bisulfitehic.mapping.Bhmem  - Unique mapped and paired reads 15944 ...
[M::mem_process_seqs] Processed 1001 reads in 1.345 CPU sec, 0.172 real sec
[M::mem_process_seqs] Processed 1001 reads in 0.964 CPU sec, 0.123 real sec
[M::mem_process_seqs] Processed 1001 reads in 1.318 CPU sec, 0.168 real sec
[M::mem_process_seqs] Processed 1001 reads in 1.100 CPU sec, 0.139 real sec
17290 [main] INFO main.java.edu.mit.compbio.bisulfitehic.mapping.Bhmem  - Processing reads 19000 ...
17290 [main] INFO main.java.edu.mit.compbio.bisulfitehic.mapping.Bhmem  - Unique mapped and paired reads 17936 ...
17293 [main] INFO main.java.edu.mit.compbio.bisulfitehic.mapping.Bhmem  - Processing reads 20000 ...
17293 [main] INFO main.java.edu.mit.compbio.bisulfitehic.mapping.Bhmem  - Unique mapped and paired reads 17936 ...
[M::mem_process_seqs] Processed 1001 reads in 1.117 CPU sec, 0.144 real sec
[M::mem_process_seqs] Processed 1001 reads in 0.925 CPU sec, 0.122 real sec
[M::mem_process_seqs] Processed 1001 reads in 1.215 CPU sec, 0.156 real sec
[M::mem_process_seqs] Processed 1001 reads in 1.081 CPU sec, 0.143 real sec
18041 [main] INFO main.java.edu.mit.compbio.bisulfitehic.mapping.Bhmem  - Processing reads 21000 ...
18041 [main] INFO main.java.edu.mit.compbio.bisulfitehic.mapping.Bhmem  - Unique mapped and paired reads 19928 ...
18044 [main] INFO main.java.edu.mit.compbio.bisulfitehic.mapping.Bhmem  - Processing reads 22000 ...
18044 [main] INFO main.java.edu.mit.compbio.bisulfitehic.mapping.Bhmem  - Unique mapped and paired reads 19928 ...
[M::mem_process_seqs] Processed 1001 reads in 1.117 CPU sec, 0.141 real sec
[M::mem_process_seqs] Processed 1001 reads in 0.881 CPU sec, 0.119 real sec
[M::mem_process_seqs] Processed 1001 reads in 1.164 CPU sec, 0.149 real sec
[M::mem_process_seqs] Processed 1001 reads in 1.035 CPU sec, 0.136 real sec
18756 [main] INFO main.java.edu.mit.compbio.bisulfitehic.mapping.Bhmem  - Processing reads 23000 ...
18756 [main] INFO main.java.edu.mit.compbio.bisulfitehic.mapping.Bhmem  - Unique mapped and paired reads 21922 ...
18759 [main] INFO main.java.edu.mit.compbio.bisulfitehic.mapping.Bhmem  - Processing reads 24000 ...
18759 [main] INFO main.java.edu.mit.compbio.bisulfitehic.mapping.Bhmem  - Unique mapped and paired reads 21922 ...
[M::mem_process_seqs] Processed 1001 reads in 1.159 CPU sec, 0.147 real sec
[M::mem_process_seqs] Processed 1001 reads in 0.865 CPU sec, 0.112 real sec
[M::mem_process_seqs] Processed 1001 reads in 1.337 CPU sec, 0.169 real sec
[M::mem_process_seqs] Processed 1001 reads in 1.050 CPU sec, 0.138 real sec
19504 [main] INFO main.java.edu.mit.compbio.bisulfitehic.mapping.Bhmem  - Processing reads 25000 ...
19504 [main] INFO main.java.edu.mit.compbio.bisulfitehic.mapping.Bhmem  - Unique mapped and paired reads 23916 ...
19507 [main] INFO main.java.edu.mit.compbio.bisulfitehic.mapping.Bhmem  - Processing reads 26000 ...
19507 [main] INFO main.java.edu.mit.compbio.bisulfitehic.mapping.Bhmem  - Unique mapped and paired reads 23916 ...
[M::mem_process_seqs] Processed 1001 reads in 1.167 CPU sec, 0.148 real sec
[M::mem_process_seqs] Processed 1001 reads in 0.918 CPU sec, 0.116 real sec
[M::mem_process_seqs] Processed 1001 reads in 1.235 CPU sec, 0.158 real sec
[M::mem_process_seqs] Processed 1001 reads in 1.017 CPU sec, 0.130 real sec
20233 [main] INFO main.java.edu.mit.compbio.bisulfitehic.mapping.Bhmem  - Processing reads 27000 ...
20233 [main] INFO main.java.edu.mit.compbio.bisulfitehic.mapping.Bhmem  - Unique mapped and paired reads 25900 ...
20236 [main] INFO main.java.edu.mit.compbio.bisulfitehic.mapping.Bhmem  - Processing reads 28000 ...
20236 [main] INFO main.java.edu.mit.compbio.bisulfitehic.mapping.Bhmem  - Unique mapped and paired reads 25900 ...
[M::mem_process_seqs] Processed 1001 reads in 1.102 CPU sec, 0.140 real sec
[M::mem_process_seqs] Processed 1001 reads in 0.858 CPU sec, 0.109 real sec
[M::mem_process_seqs] Processed 1001 reads in 1.207 CPU sec, 0.153 real sec
[M::mem_process_seqs] Processed 1001 reads in 0.985 CPU sec, 0.125 real sec
20938 [main] INFO main.java.edu.mit.compbio.bisulfitehic.mapping.Bhmem  - Processing reads 29000 ...
20938 [main] INFO main.java.edu.mit.compbio.bisulfitehic.mapping.Bhmem  - Unique mapped and paired reads 27890 ...
20941 [main] INFO main.java.edu.mit.compbio.bisulfitehic.mapping.Bhmem  - Processing reads 30000 ...
20941 [main] INFO main.java.edu.mit.compbio.bisulfitehic.mapping.Bhmem  - Unique mapped and paired reads 27890 ...
[M::mem_process_seqs] Processed 1001 reads in 1.106 CPU sec, 0.142 real sec
[M::mem_process_seqs] Processed 1001 reads in 0.889 CPU sec, 0.118 real sec
[M::mem_process_seqs] Processed 1001 reads in 1.315 CPU sec, 0.169 real sec
[M::mem_process_seqs] Processed 1001 reads in 1.005 CPU sec, 0.129 real sec
21672 [main] INFO main.java.edu.mit.compbio.bisulfitehic.mapping.Bhmem  - Processing reads 31000 ...
21672 [main] INFO main.java.edu.mit.compbio.bisulfitehic.mapping.Bhmem  - Unique mapped and paired reads 29888 ...
21675 [main] INFO main.java.edu.mit.compbio.bisulfitehic.mapping.Bhmem  - Processing reads 32000 ...
21675 [main] INFO main.java.edu.mit.compbio.bisulfitehic.mapping.Bhmem  - Unique mapped and paired reads 29888 ...
[M::mem_process_seqs] Processed 1001 reads in 1.147 CPU sec, 0.148 real sec
[M::mem_process_seqs] Processed 1001 reads in 0.911 CPU sec, 0.116 real sec
[M::mem_process_seqs] Processed 1001 reads in 1.187 CPU sec, 0.151 real sec
[M::mem_process_seqs] Processed 1001 reads in 1.008 CPU sec, 0.127 real sec
22395 [main] INFO main.java.edu.mit.compbio.bisulfitehic.mapping.Bhmem  - Processing reads 33000 ...
22395 [main] INFO main.java.edu.mit.compbio.bisulfitehic.mapping.Bhmem  - Unique mapped and paired reads 31880 ...
22398 [main] INFO main.java.edu.mit.compbio.bisulfitehic.mapping.Bhmem  - Processing reads 34000 ...
22398 [main] INFO main.java.edu.mit.compbio.bisulfitehic.mapping.Bhmem  - Unique mapped and paired reads 31880 ...
[M::mem_process_seqs] Processed 1001 reads in 1.214 CPU sec, 0.160 real sec
[M::mem_process_seqs] Processed 1001 reads in 0.937 CPU sec, 0.120 real sec
[M::mem_process_seqs] Processed 1001 reads in 1.227 CPU sec, 0.156 real sec
[M::mem_process_seqs] Processed 1001 reads in 1.118 CPU sec, 0.144 real sec
23149 [main] INFO main.java.edu.mit.compbio.bisulfitehic.mapping.Bhmem  - Processing reads 35000 ...
23149 [main] INFO main.java.edu.mit.compbio.bisulfitehic.mapping.Bhmem  - Unique mapped and paired reads 33872 ...
23152 [main] INFO main.java.edu.mit.compbio.bisulfitehic.mapping.Bhmem  - Processing reads 36000 ...
23152 [main] INFO main.java.edu.mit.compbio.bisulfitehic.mapping.Bhmem  - Unique mapped and paired reads 33872 ...
[M::mem_process_seqs] Processed 1001 reads in 1.151 CPU sec, 0.148 real sec
[M::mem_process_seqs] Processed 1001 reads in 0.875 CPU sec, 0.111 real sec
[M::mem_process_seqs] Processed 1001 reads in 1.321 CPU sec, 0.173 real sec
[M::mem_process_seqs] Processed 1001 reads in 1.122 CPU sec, 0.147 real sec
23902 [main] INFO main.java.edu.mit.compbio.bisulfitehic.mapping.Bhmem  - Processing reads 37000 ...
23902 [main] INFO main.java.edu.mit.compbio.bisulfitehic.mapping.Bhmem  - Unique mapped and paired reads 35864 ...
23905 [main] INFO main.java.edu.mit.compbio.bisulfitehic.mapping.Bhmem  - Processing reads 38000 ...
23905 [main] INFO main.java.edu.mit.compbio.bisulfitehic.mapping.Bhmem  - Unique mapped and paired reads 35864 ...
[M::mem_process_seqs] Processed 1001 reads in 1.129 CPU sec, 0.144 real sec
[M::mem_process_seqs] Processed 1001 reads in 0.922 CPU sec, 0.118 real sec
[M::mem_process_seqs] Processed 1001 reads in 1.208 CPU sec, 0.158 real sec
[M::mem_process_seqs] Processed 1001 reads in 1.050 CPU sec, 0.134 real sec
24641 [main] INFO main.java.edu.mit.compbio.bisulfitehic.mapping.Bhmem  - Processing reads 39000 ...
24641 [main] INFO main.java.edu.mit.compbio.bisulfitehic.mapping.Bhmem  - Unique mapped and paired reads 37856 ...
24644 [main] INFO main.java.edu.mit.compbio.bisulfitehic.mapping.Bhmem  - Processing reads 40000 ...
24644 [main] INFO main.java.edu.mit.compbio.bisulfitehic.mapping.Bhmem  - Unique mapped and paired reads 37856 ...
[M::mem_process_seqs] Processed 1001 reads in 1.123 CPU sec, 0.143 real sec
[M::mem_process_seqs] Processed 1001 reads in 0.948 CPU sec, 0.121 real sec
[M::mem_process_seqs] Processed 1001 reads in 1.230 CPU sec, 0.157 real sec
[M::mem_process_seqs] Processed 1001 reads in 1.111 CPU sec, 0.144 real sec
25385 [main] INFO main.java.edu.mit.compbio.bisulfitehic.mapping.Bhmem  - Processing reads 41000 ...
25385 [main] INFO main.java.edu.mit.compbio.bisulfitehic.mapping.Bhmem  - Unique mapped and paired reads 39846 ...
25388 [main] INFO main.java.edu.mit.compbio.bisulfitehic.mapping.Bhmem  - Processing reads 42000 ...
25388 [main] INFO main.java.edu.mit.compbio.bisulfitehic.mapping.Bhmem  - Unique mapped and paired reads 39846 ...
[M::mem_process_seqs] Processed 1001 reads in 1.146 CPU sec, 0.150 real sec
[M::mem_process_seqs] Processed 1001 reads in 0.952 CPU sec, 0.123 real sec
[M::mem_process_seqs] Processed 1001 reads in 1.258 CPU sec, 0.166 real sec
[M::mem_process_seqs] Processed 1001 reads in 1.003 CPU sec, 0.128 real sec
26126 [main] INFO main.java.edu.mit.compbio.bisulfitehic.mapping.Bhmem  - Processing reads 43000 ...
26127 [main] INFO main.java.edu.mit.compbio.bisulfitehic.mapping.Bhmem  - Unique mapped and paired reads 41834 ...
26130 [main] INFO main.java.edu.mit.compbio.bisulfitehic.mapping.Bhmem  - Processing reads 44000 ...
26130 [main] INFO main.java.edu.mit.compbio.bisulfitehic.mapping.Bhmem  - Unique mapped and paired reads 41834 ...
[M::mem_process_seqs] Processed 1001 reads in 1.092 CPU sec, 0.146 real sec
[M::mem_process_seqs] Processed 1001 reads in 0.941 CPU sec, 0.119 real sec
[M::mem_process_seqs] Processed 1001 reads in 1.157 CPU sec, 0.153 real sec
[M::mem_process_seqs] Processed 1001 reads in 1.111 CPU sec, 0.143 real sec
26870 [main] INFO main.java.edu.mit.compbio.bisulfitehic.mapping.Bhmem  - Processing reads 45000 ...
26870 [main] INFO main.java.edu.mit.compbio.bisulfitehic.mapping.Bhmem  - Unique mapped and paired reads 43826 ...
26873 [main] INFO main.java.edu.mit.compbio.bisulfitehic.mapping.Bhmem  - Processing reads 46000 ...
26874 [main] INFO main.java.edu.mit.compbio.bisulfitehic.mapping.Bhmem  - Unique mapped and paired reads 43826 ...
[M::mem_process_seqs] Processed 1001 reads in 1.177 CPU sec, 0.154 real sec
[M::mem_process_seqs] Processed 1001 reads in 0.944 CPU sec, 0.126 real sec
[M::mem_process_seqs] Processed 1001 reads in 1.322 CPU sec, 0.168 real sec
[M::mem_process_seqs] Processed 1001 reads in 1.107 CPU sec, 0.141 real sec
27640 [main] INFO main.java.edu.mit.compbio.bisulfitehic.mapping.Bhmem  - Processing reads 47000 ...
27640 [main] INFO main.java.edu.mit.compbio.bisulfitehic.mapping.Bhmem  - Unique mapped and paired reads 45816 ...
27643 [main] INFO main.java.edu.mit.compbio.bisulfitehic.mapping.Bhmem  - Processing reads 48000 ...
27643 [main] INFO main.java.edu.mit.compbio.bisulfitehic.mapping.Bhmem  - Unique mapped and paired reads 45816 ...
[M::mem_process_seqs] Processed 1001 reads in 1.137 CPU sec, 0.145 real sec
[M::mem_process_seqs] Processed 1001 reads in 0.942 CPU sec, 0.120 real sec
[M::mem_process_seqs] Processed 1001 reads in 1.245 CPU sec, 0.160 real sec
[M::mem_process_seqs] Processed 1001 reads in 1.183 CPU sec, 0.152 real sec
28394 [main] INFO main.java.edu.mit.compbio.bisulfitehic.mapping.Bhmem  - Processing reads 49000 ...
28394 [main] INFO main.java.edu.mit.compbio.bisulfitehic.mapping.Bhmem  - Unique mapped and paired reads 47812 ...
28397 [main] INFO main.java.edu.mit.compbio.bisulfitehic.mapping.Bhmem  - Processing reads 50000 ...
28397 [main] INFO main.java.edu.mit.compbio.bisulfitehic.mapping.Bhmem  - Unique mapped and paired reads 47812 ...
[M::mem_process_seqs] Processed 1001 reads in 1.260 CPU sec, 0.160 real sec
[M::mem_process_seqs] Processed 1001 reads in 1.119 CPU sec, 0.144 real sec
[M::mem_process_seqs] Processed 1001 reads in 1.185 CPU sec, 0.151 real sec
[M::mem_process_seqs] Processed 1001 reads in 1.117 CPU sec, 0.142 real sec
29171 [main] INFO main.java.edu.mit.compbio.bisulfitehic.mapping.Bhmem  - Processing reads 51000 ...
29171 [main] INFO main.java.edu.mit.compbio.bisulfitehic.mapping.Bhmem  - Unique mapped and paired reads 49810 ...
29174 [main] INFO main.java.edu.mit.compbio.bisulfitehic.mapping.Bhmem  - Processing reads 52000 ...
29174 [main] INFO main.java.edu.mit.compbio.bisulfitehic.mapping.Bhmem  - Unique mapped and paired reads 49810 ...
[M::mem_process_seqs] Processed 1001 reads in 1.089 CPU sec, 0.137 real sec
[M::mem_process_seqs] Processed 1001 reads in 0.910 CPU sec, 0.116 real sec
[M::mem_process_seqs] Processed 1001 reads in 1.284 CPU sec, 0.167 real sec
[M::mem_process_seqs] Processed 1001 reads in 1.094 CPU sec, 0.145 real sec
29918 [main] INFO main.java.edu.mit.compbio.bisulfitehic.mapping.Bhmem  - Processing reads 53000 ...
29918 [main] INFO main.java.edu.mit.compbio.bisulfitehic.mapping.Bhmem  - Unique mapped and paired reads 51800 ...
29921 [main] INFO main.java.edu.mit.compbio.bisulfitehic.mapping.Bhmem  - Processing reads 54000 ...
29921 [main] INFO main.java.edu.mit.compbio.bisulfitehic.mapping.Bhmem  - Unique mapped and paired reads 51800 ...
[M::mem_process_seqs] Processed 1001 reads in 1.085 CPU sec, 0.137 real sec
[M::mem_process_seqs] Processed 1001 reads in 0.965 CPU sec, 0.122 real sec
[M::mem_process_seqs] Processed 1001 reads in 1.164 CPU sec, 0.150 real sec
[M::mem_process_seqs] Processed 1001 reads in 1.015 CPU sec, 0.129 real sec
30627 [main] INFO main.java.edu.mit.compbio.bisulfitehic.mapping.Bhmem  - Processing reads 55000 ...
30627 [main] INFO main.java.edu.mit.compbio.bisulfitehic.mapping.Bhmem  - Unique mapped and paired reads 53794 ...
30630 [main] INFO main.java.edu.mit.compbio.bisulfitehic.mapping.Bhmem  - Processing reads 56000 ...
30630 [main] INFO main.java.edu.mit.compbio.bisulfitehic.mapping.Bhmem  - Unique mapped and paired reads 53794 ...
[M::mem_process_seqs] Processed 1001 reads in 1.115 CPU sec, 0.141 real sec
[M::mem_process_seqs] Processed 1001 reads in 0.931 CPU sec, 0.124 real sec
[M::mem_process_seqs] Processed 1001 reads in 1.264 CPU sec, 0.161 real sec
[M::mem_process_seqs] Processed 1001 reads in 1.050 CPU sec, 0.136 real sec
31370 [main] INFO main.java.edu.mit.compbio.bisulfitehic.mapping.Bhmem  - Processing reads 57000 ...
31370 [main] INFO main.java.edu.mit.compbio.bisulfitehic.mapping.Bhmem  - Unique mapped and paired reads 55782 ...
31373 [main] INFO main.java.edu.mit.compbio.bisulfitehic.mapping.Bhmem  - Processing reads 58000 ...
31374 [main] INFO main.java.edu.mit.compbio.bisulfitehic.mapping.Bhmem  - Unique mapped and paired reads 55782 ...
[M::mem_process_seqs] Processed 1001 reads in 1.166 CPU sec, 0.150 real sec
[M::mem_process_seqs] Processed 1001 reads in 0.976 CPU sec, 0.123 real sec
[M::mem_process_seqs] Processed 1001 reads in 1.202 CPU sec, 0.153 real sec
[M::mem_process_seqs] Processed 1001 reads in 1.081 CPU sec, 0.137 real sec
32112 [main] INFO main.java.edu.mit.compbio.bisulfitehic.mapping.Bhmem  - Processing reads 59000 ...
32112 [main] INFO main.java.edu.mit.compbio.bisulfitehic.mapping.Bhmem  - Unique mapped and paired reads 57772 ...
32115 [main] INFO main.java.edu.mit.compbio.bisulfitehic.mapping.Bhmem  - Processing reads 60000 ...
32115 [main] INFO main.java.edu.mit.compbio.bisulfitehic.mapping.Bhmem  - Unique mapped and paired reads 57772 ...
[M::mem_process_seqs] Processed 1001 reads in 1.224 CPU sec, 0.157 real sec
[M::mem_process_seqs] Processed 1001 reads in 1.074 CPU sec, 0.138 real sec
[M::mem_process_seqs] Processed 1001 reads in 1.277 CPU sec, 0.164 real sec
[M::mem_process_seqs] Processed 1001 reads in 1.103 CPU sec, 0.141 real sec
32886 [main] INFO main.java.edu.mit.compbio.bisulfitehic.mapping.Bhmem  - Processing reads 61000 ...
32886 [main] INFO main.java.edu.mit.compbio.bisulfitehic.mapping.Bhmem  - Unique mapped and paired reads 59768 ...
32889 [main] INFO main.java.edu.mit.compbio.bisulfitehic.mapping.Bhmem  - Processing reads 62000 ...
32889 [main] INFO main.java.edu.mit.compbio.bisulfitehic.mapping.Bhmem  - Unique mapped and paired reads 59768 ...
[M::mem_process_seqs] Processed 1001 reads in 1.125 CPU sec, 0.145 real sec
[M::mem_process_seqs] Processed 1001 reads in 0.945 CPU sec, 0.120 real sec
[M::mem_process_seqs] Processed 1001 reads in 1.136 CPU sec, 0.145 real sec
[M::mem_process_seqs] Processed 1001 reads in 1.044 CPU sec, 0.141 real sec
33634 [main] INFO main.java.edu.mit.compbio.bisulfitehic.mapping.Bhmem  - Processing reads 63000 ...
33634 [main] INFO main.java.edu.mit.compbio.bisulfitehic.mapping.Bhmem  - Unique mapped and paired reads 61764 ...
33637 [main] INFO main.java.edu.mit.compbio.bisulfitehic.mapping.Bhmem  - Processing reads 64000 ...
33638 [main] INFO main.java.edu.mit.compbio.bisulfitehic.mapping.Bhmem  - Unique mapped and paired reads 61764 ...
[M::mem_process_seqs] Processed 1001 reads in 1.205 CPU sec, 0.157 real sec
[M::mem_process_seqs] Processed 1001 reads in 0.909 CPU sec, 0.116 real sec
[M::mem_process_seqs] Processed 1001 reads in 1.232 CPU sec, 0.156 real sec
[M::mem_process_seqs] Processed 1001 reads in 1.012 CPU sec, 0.128 real sec
34372 [main] INFO main.java.edu.mit.compbio.bisulfitehic.mapping.Bhmem  - Processing reads 65000 ...
34372 [main] INFO main.java.edu.mit.compbio.bisulfitehic.mapping.Bhmem  - Unique mapped and paired reads 63762 ...
34376 [main] INFO main.java.edu.mit.compbio.bisulfitehic.mapping.Bhmem  - Processing reads 66000 ...
34376 [main] INFO main.java.edu.mit.compbio.bisulfitehic.mapping.Bhmem  - Unique mapped and paired reads 63762 ...
[M::mem_process_seqs] Processed 1001 reads in 1.035 CPU sec, 0.131 real sec
[M::mem_process_seqs] Processed 1001 reads in 0.909 CPU sec, 0.115 real sec
[M::mem_process_seqs] Processed 1001 reads in 1.231 CPU sec, 0.156 real sec
[M::mem_process_seqs] Processed 1001 reads in 1.070 CPU sec, 0.146 real sec
35115 [main] INFO main.java.edu.mit.compbio.bisulfitehic.mapping.Bhmem  - Processing reads 67000 ...
35115 [main] INFO main.java.edu.mit.compbio.bisulfitehic.mapping.Bhmem  - Unique mapped and paired reads 65756 ...
35119 [main] INFO main.java.edu.mit.compbio.bisulfitehic.mapping.Bhmem  - Processing reads 68000 ...
35119 [main] INFO main.java.edu.mit.compbio.bisulfitehic.mapping.Bhmem  - Unique mapped and paired reads 65756 ...
[M::mem_process_seqs] Processed 1001 reads in 1.204 CPU sec, 0.153 real sec
[M::mem_process_seqs] Processed 1001 reads in 0.979 CPU sec, 0.125 real sec
[M::mem_process_seqs] Processed 1001 reads in 1.295 CPU sec, 0.165 real sec
[M::mem_process_seqs] Processed 1001 reads in 1.144 CPU sec, 0.145 real sec
35886 [main] INFO main.java.edu.mit.compbio.bisulfitehic.mapping.Bhmem  - Processing reads 69000 ...
35886 [main] INFO main.java.edu.mit.compbio.bisulfitehic.mapping.Bhmem  - Unique mapped and paired reads 67756 ...
35889 [main] INFO main.java.edu.mit.compbio.bisulfitehic.mapping.Bhmem  - Processing reads 70000 ...
35889 [main] INFO main.java.edu.mit.compbio.bisulfitehic.mapping.Bhmem  - Unique mapped and paired reads 67756 ...
[M::mem_process_seqs] Processed 1001 reads in 1.192 CPU sec, 0.151 real sec
[M::mem_process_seqs] Processed 1001 reads in 0.976 CPU sec, 0.126 real sec
[M::mem_process_seqs] Processed 1001 reads in 1.357 CPU sec, 0.173 real sec
[M::mem_process_seqs] Processed 1001 reads in 1.116 CPU sec, 0.143 real sec
36655 [main] INFO main.java.edu.mit.compbio.bisulfitehic.mapping.Bhmem  - Processing reads 71000 ...
36655 [main] INFO main.java.edu.mit.compbio.bisulfitehic.mapping.Bhmem  - Unique mapped and paired reads 69750 ...
36658 [main] INFO main.java.edu.mit.compbio.bisulfitehic.mapping.Bhmem  - Processing reads 72000 ...
36658 [main] INFO main.java.edu.mit.compbio.bisulfitehic.mapping.Bhmem  - Unique mapped and paired reads 69750 ...
[M::mem_process_seqs] Processed 1001 reads in 1.185 CPU sec, 0.153 real sec
[M::mem_process_seqs] Processed 1001 reads in 0.958 CPU sec, 0.122 real sec
[M::mem_process_seqs] Processed 1001 reads in 1.226 CPU sec, 0.156 real sec
[M::mem_process_seqs] Processed 1001 reads in 1.053 CPU sec, 0.133 real sec
37402 [main] INFO main.java.edu.mit.compbio.bisulfitehic.mapping.Bhmem  - Processing reads 73000 ...
37403 [main] INFO main.java.edu.mit.compbio.bisulfitehic.mapping.Bhmem  - Unique mapped and paired reads 71736 ...
37406 [main] INFO main.java.edu.mit.compbio.bisulfitehic.mapping.Bhmem  - Processing reads 74000 ...
37406 [main] INFO main.java.edu.mit.compbio.bisulfitehic.mapping.Bhmem  - Unique mapped and paired reads 71736 ...
[M::mem_process_seqs] Processed 1001 reads in 1.157 CPU sec, 0.146 real sec
[M::mem_process_seqs] Processed 1001 reads in 0.991 CPU sec, 0.130 real sec
[M::mem_process_seqs] Processed 1001 reads in 1.189 CPU sec, 0.150 real sec
[M::mem_process_seqs] Processed 1001 reads in 1.069 CPU sec, 0.136 real sec
38160 [main] INFO main.java.edu.mit.compbio.bisulfitehic.mapping.Bhmem  - Processing reads 75000 ...
38160 [main] INFO main.java.edu.mit.compbio.bisulfitehic.mapping.Bhmem  - Unique mapped and paired reads 73734 ...
38163 [main] INFO main.java.edu.mit.compbio.bisulfitehic.mapping.Bhmem  - Processing reads 76000 ...
38163 [main] INFO main.java.edu.mit.compbio.bisulfitehic.mapping.Bhmem  - Unique mapped and paired reads 73734 ...
[M::mem_process_seqs] Processed 1001 reads in 1.124 CPU sec, 0.145 real sec
[M::mem_process_seqs] Processed 1001 reads in 0.952 CPU sec, 0.130 real sec
[M::mem_process_seqs] Processed 1001 reads in 1.216 CPU sec, 0.154 real sec
[M::mem_process_seqs] Processed 1001 reads in 1.107 CPU sec, 0.146 real sec
38916 [main] INFO main.java.edu.mit.compbio.bisulfitehic.mapping.Bhmem  - Processing reads 77000 ...
38916 [main] INFO main.java.edu.mit.compbio.bisulfitehic.mapping.Bhmem  - Unique mapped and paired reads 75728 ...
38919 [main] INFO main.java.edu.mit.compbio.bisulfitehic.mapping.Bhmem  - Processing reads 78000 ...
38919 [main] INFO main.java.edu.mit.compbio.bisulfitehic.mapping.Bhmem  - Unique mapped and paired reads 75728 ...
[M::mem_process_seqs] Processed 1001 reads in 1.204 CPU sec, 0.153 real sec
[M::mem_process_seqs] Processed 1001 reads in 1.002 CPU sec, 0.127 real sec
[M::mem_process_seqs] Processed 1001 reads in 1.234 CPU sec, 0.158 real sec
[M::mem_process_seqs] Processed 1001 reads in 1.182 CPU sec, 0.150 real sec
39686 [main] INFO main.java.edu.mit.compbio.bisulfitehic.mapping.Bhmem  - Processing reads 79000 ...
39686 [main] INFO main.java.edu.mit.compbio.bisulfitehic.mapping.Bhmem  - Unique mapped and paired reads 77718 ...
39689 [main] INFO main.java.edu.mit.compbio.bisulfitehic.mapping.Bhmem  - Processing reads 80000 ...
39689 [main] INFO main.java.edu.mit.compbio.bisulfitehic.mapping.Bhmem  - Unique mapped and paired reads 77718 ...
[M::mem_process_seqs] Processed 1001 reads in 1.232 CPU sec, 0.160 real sec
[M::mem_process_seqs] Processed 1001 reads in 0.971 CPU sec, 0.125 real sec
[M::mem_process_seqs] Processed 1001 reads in 1.258 CPU sec, 0.160 real sec
[M::mem_process_seqs] Processed 1001 reads in 1.104 CPU sec, 0.142 real sec
40462 [main] INFO main.java.edu.mit.compbio.bisulfitehic.mapping.Bhmem  - Processing reads 81000 ...
40462 [main] INFO main.java.edu.mit.compbio.bisulfitehic.mapping.Bhmem  - Unique mapped and paired reads 79708 ...
40465 [main] INFO main.java.edu.mit.compbio.bisulfitehic.mapping.Bhmem  - Processing reads 82000 ...
40465 [main] INFO main.java.edu.mit.compbio.bisulfitehic.mapping.Bhmem  - Unique mapped and paired reads 79708 ...
[M::mem_process_seqs] Processed 1001 reads in 1.210 CPU sec, 0.154 real sec
[M::mem_process_seqs] Processed 1001 reads in 0.944 CPU sec, 0.121 real sec
[M::mem_process_seqs] Processed 1001 reads in 1.323 CPU sec, 0.169 real sec
[M::mem_process_seqs] Processed 1001 reads in 1.129 CPU sec, 0.145 real sec
41233 [main] INFO main.java.edu.mit.compbio.bisulfitehic.mapping.Bhmem  - Processing reads 83000 ...
41233 [main] INFO main.java.edu.mit.compbio.bisulfitehic.mapping.Bhmem  - Unique mapped and paired reads 81706 ...
41236 [main] INFO main.java.edu.mit.compbio.bisulfitehic.mapping.Bhmem  - Processing reads 84000 ...
41236 [main] INFO main.java.edu.mit.compbio.bisulfitehic.mapping.Bhmem  - Unique mapped and paired reads 81706 ...
[M::mem_process_seqs] Processed 1001 reads in 1.185 CPU sec, 0.152 real sec
[M::mem_process_seqs] Processed 1001 reads in 1.054 CPU sec, 0.142 real sec
[M::mem_process_seqs] Processed 1001 reads in 1.239 CPU sec, 0.157 real sec
[M::mem_process_seqs] Processed 1001 reads in 1.096 CPU sec, 0.145 real sec
42018 [main] INFO main.java.edu.mit.compbio.bisulfitehic.mapping.Bhmem  - Processing reads 85000 ...
42018 [main] INFO main.java.edu.mit.compbio.bisulfitehic.mapping.Bhmem  - Unique mapped and paired reads 83704 ...
42021 [main] INFO main.java.edu.mit.compbio.bisulfitehic.mapping.Bhmem  - Processing reads 86000 ...
42021 [main] INFO main.java.edu.mit.compbio.bisulfitehic.mapping.Bhmem  - Unique mapped and paired reads 83704 ...
[M::mem_process_seqs] Processed 1001 reads in 1.175 CPU sec, 0.149 real sec
[M::mem_process_seqs] Processed 1001 reads in 0.987 CPU sec, 0.127 real sec
[M::mem_process_seqs] Processed 1001 reads in 1.253 CPU sec, 0.158 real sec
[M::mem_process_seqs] Processed 1001 reads in 1.097 CPU sec, 0.139 real sec
42783 [main] INFO main.java.edu.mit.compbio.bisulfitehic.mapping.Bhmem  - Processing reads 87000 ...
42783 [main] INFO main.java.edu.mit.compbio.bisulfitehic.mapping.Bhmem  - Unique mapped and paired reads 85694 ...
42786 [main] INFO main.java.edu.mit.compbio.bisulfitehic.mapping.Bhmem  - Processing reads 88000 ...
42786 [main] INFO main.java.edu.mit.compbio.bisulfitehic.mapping.Bhmem  - Unique mapped and paired reads 85694 ...
[M::mem_process_seqs] Processed 1001 reads in 1.192 CPU sec, 0.153 real sec
[M::mem_process_seqs] Processed 1001 reads in 0.969 CPU sec, 0.126 real sec
[M::mem_process_seqs] Processed 1001 reads in 1.276 CPU sec, 0.161 real sec
[M::mem_process_seqs] Processed 1001 reads in 1.116 CPU sec, 0.142 real sec
43553 [main] INFO main.java.edu.mit.compbio.bisulfitehic.mapping.Bhmem  - Processing reads 89000 ...
43553 [main] INFO main.java.edu.mit.compbio.bisulfitehic.mapping.Bhmem  - Unique mapped and paired reads 87686 ...
43556 [main] INFO main.java.edu.mit.compbio.bisulfitehic.mapping.Bhmem  - Processing reads 90000 ...
43556 [main] INFO main.java.edu.mit.compbio.bisulfitehic.mapping.Bhmem  - Unique mapped and paired reads 87686 ...
[M::mem_process_seqs] Processed 1001 reads in 1.162 CPU sec, 0.148 real sec
[M::mem_process_seqs] Processed 1001 reads in 0.971 CPU sec, 0.123 real sec
[M::mem_process_seqs] Processed 1001 reads in 1.313 CPU sec, 0.171 real sec
[M::mem_process_seqs] Processed 1001 reads in 1.095 CPU sec, 0.139 real sec
44333 [main] INFO main.java.edu.mit.compbio.bisulfitehic.mapping.Bhmem  - Processing reads 91000 ...
44333 [main] INFO main.java.edu.mit.compbio.bisulfitehic.mapping.Bhmem  - Unique mapped and paired reads 89680 ...
44336 [main] INFO main.java.edu.mit.compbio.bisulfitehic.mapping.Bhmem  - Processing reads 92000 ...
44336 [main] INFO main.java.edu.mit.compbio.bisulfitehic.mapping.Bhmem  - Unique mapped and paired reads 89680 ...
[M::mem_process_seqs] Processed 1001 reads in 1.196 CPU sec, 0.152 real sec
[M::mem_process_seqs] Processed 1001 reads in 0.852 CPU sec, 0.108 real sec
[M::mem_process_seqs] Processed 1001 reads in 1.289 CPU sec, 0.166 real sec
[M::mem_process_seqs] Processed 1001 reads in 1.014 CPU sec, 0.134 real sec
45087 [main] INFO main.java.edu.mit.compbio.bisulfitehic.mapping.Bhmem  - Processing reads 93000 ...
45087 [main] INFO main.java.edu.mit.compbio.bisulfitehic.mapping.Bhmem  - Unique mapped and paired reads 91670 ...
45090 [main] INFO main.java.edu.mit.compbio.bisulfitehic.mapping.Bhmem  - Processing reads 94000 ...
45090 [main] INFO main.java.edu.mit.compbio.bisulfitehic.mapping.Bhmem  - Unique mapped and paired reads 91670 ...
[M::mem_process_seqs] Processed 1001 reads in 1.201 CPU sec, 0.152 real sec
[M::mem_process_seqs] Processed 1001 reads in 0.958 CPU sec, 0.124 real sec
[M::mem_process_seqs] Processed 1001 reads in 1.206 CPU sec, 0.153 real sec
[M::mem_process_seqs] Processed 1001 reads in 1.058 CPU sec, 0.135 real sec
45831 [main] INFO main.java.edu.mit.compbio.bisulfitehic.mapping.Bhmem  - Processing reads 95000 ...
45832 [main] INFO main.java.edu.mit.compbio.bisulfitehic.mapping.Bhmem  - Unique mapped and paired reads 93664 ...
45835 [main] INFO main.java.edu.mit.compbio.bisulfitehic.mapping.Bhmem  - Processing reads 96000 ...
45835 [main] INFO main.java.edu.mit.compbio.bisulfitehic.mapping.Bhmem  - Unique mapped and paired reads 93664 ...
[M::mem_process_seqs] Processed 1001 reads in 1.224 CPU sec, 0.155 real sec
[M::mem_process_seqs] Processed 1001 reads in 1.025 CPU sec, 0.133 real sec
[M::mem_process_seqs] Processed 1001 reads in 1.280 CPU sec, 0.162 real sec
[M::mem_process_seqs] Processed 1001 reads in 1.070 CPU sec, 0.135 real sec
46615 [main] INFO main.java.edu.mit.compbio.bisulfitehic.mapping.Bhmem  - Processing reads 97000 ...
46616 [main] INFO main.java.edu.mit.compbio.bisulfitehic.mapping.Bhmem  - Unique mapped and paired reads 95654 ...
46619 [main] INFO main.java.edu.mit.compbio.bisulfitehic.mapping.Bhmem  - Processing reads 98000 ...
46619 [main] INFO main.java.edu.mit.compbio.bisulfitehic.mapping.Bhmem  - Unique mapped and paired reads 95654 ...
[M::mem_process_seqs] Processed 1001 reads in 1.236 CPU sec, 0.157 real sec
[M::mem_process_seqs] Processed 1001 reads in 1.050 CPU sec, 0.135 real sec
[M::mem_process_seqs] Processed 1001 reads in 1.350 CPU sec, 0.171 real sec
[M::mem_process_seqs] Processed 1001 reads in 1.161 CPU sec, 0.147 real sec
47404 [main] INFO main.java.edu.mit.compbio.bisulfitehic.mapping.Bhmem  - Processing reads 99000 ...
47405 [main] INFO main.java.edu.mit.compbio.bisulfitehic.mapping.Bhmem  - Unique mapped and paired reads 97654 ...
47408 [main] INFO main.java.edu.mit.compbio.bisulfitehic.mapping.Bhmem  - Processing reads 100000 ...
47408 [main] INFO main.java.edu.mit.compbio.bisulfitehic.mapping.Bhmem  - Unique mapped and paired reads 97654 ...
[M::mem_process_seqs] Processed 1001 reads in 1.127 CPU sec, 0.143 real sec
[M::mem_process_seqs] Processed 1001 reads in 0.955 CPU sec, 0.124 real sec
[M::mem_process_seqs] Processed 1001 reads in 1.329 CPU sec, 0.171 real sec
[M::mem_process_seqs] Processed 1001 reads in 1.186 CPU sec, 0.152 real sec
48192 [main] INFO main.java.edu.mit.compbio.bisulfitehic.mapping.Bhmem  - Processing reads 101000 ...
48192 [main] INFO main.java.edu.mit.compbio.bisulfitehic.mapping.Bhmem  - Unique mapped and paired reads 99636 ...
48195 [main] INFO main.java.edu.mit.compbio.bisulfitehic.mapping.Bhmem  - Processing reads 102000 ...
48195 [main] INFO main.java.edu.mit.compbio.bisulfitehic.mapping.Bhmem  - Unique mapped and paired reads 99636 ...
[M::mem_process_seqs] Processed 1001 reads in 1.140 CPU sec, 0.145 real sec
[M::mem_process_seqs] Processed 1001 reads in 0.931 CPU sec, 0.121 real sec
[M::mem_process_seqs] Processed 1001 reads in 1.300 CPU sec, 0.168 real sec
[M::mem_process_seqs] Processed 1001 reads in 1.145 CPU sec, 0.152 real sec
48961 [main] INFO main.java.edu.mit.compbio.bisulfitehic.mapping.Bhmem  - Processing reads 103000 ...
48961 [main] INFO main.java.edu.mit.compbio.bisulfitehic.mapping.Bhmem  - Unique mapped and paired reads 101630 ...
48964 [main] INFO main.java.edu.mit.compbio.bisulfitehic.mapping.Bhmem  - Processing reads 104000 ...
48964 [main] INFO main.java.edu.mit.compbio.bisulfitehic.mapping.Bhmem  - Unique mapped and paired reads 101630 ...
[M::mem_process_seqs] Processed 1001 reads in 1.099 CPU sec, 0.140 real sec
[M::mem_process_seqs] Processed 1001 reads in 0.884 CPU sec, 0.112 real sec
[M::mem_process_seqs] Processed 1001 reads in 1.215 CPU sec, 0.157 real sec
[M::mem_process_seqs] Processed 1001 reads in 0.999 CPU sec, 0.128 real sec
49683 [main] INFO main.java.edu.mit.compbio.bisulfitehic.mapping.Bhmem  - Processing reads 105000 ...
49683 [main] INFO main.java.edu.mit.compbio.bisulfitehic.mapping.Bhmem  - Unique mapped and paired reads 103628 ...
49686 [main] INFO main.java.edu.mit.compbio.bisulfitehic.mapping.Bhmem  - Processing reads 106000 ...
49686 [main] INFO main.java.edu.mit.compbio.bisulfitehic.mapping.Bhmem  - Unique mapped and paired reads 103628 ...
[M::mem_process_seqs] Processed 1001 reads in 1.141 CPU sec, 0.145 real sec
[M::mem_process_seqs] Processed 1001 reads in 0.938 CPU sec, 0.120 real sec
[M::mem_process_seqs] Processed 1001 reads in 1.294 CPU sec, 0.174 real sec
[M::mem_process_seqs] Processed 1001 reads in 1.077 CPU sec, 0.140 real sec
50437 [main] INFO main.java.edu.mit.compbio.bisulfitehic.mapping.Bhmem  - Processing reads 107000 ...
50437 [main] INFO main.java.edu.mit.compbio.bisulfitehic.mapping.Bhmem  - Unique mapped and paired reads 105624 ...
50441 [main] INFO main.java.edu.mit.compbio.bisulfitehic.mapping.Bhmem  - Processing reads 108000 ...
50441 [main] INFO main.java.edu.mit.compbio.bisulfitehic.mapping.Bhmem  - Unique mapped and paired reads 105624 ...
[M::mem_process_seqs] Processed 1001 reads in 1.181 CPU sec, 0.156 real sec
[M::mem_process_seqs] Processed 1001 reads in 0.964 CPU sec, 0.123 real sec
[M::mem_process_seqs] Processed 1001 reads in 1.258 CPU sec, 0.162 real sec
[M::mem_process_seqs] Processed 1001 reads in 1.062 CPU sec, 0.142 real sec
51207 [main] INFO main.java.edu.mit.compbio.bisulfitehic.mapping.Bhmem  - Processing reads 109000 ...
51207 [main] INFO main.java.edu.mit.compbio.bisulfitehic.mapping.Bhmem  - Unique mapped and paired reads 107616 ...
51210 [main] INFO main.java.edu.mit.compbio.bisulfitehic.mapping.Bhmem  - Processing reads 110000 ...
51210 [main] INFO main.java.edu.mit.compbio.bisulfitehic.mapping.Bhmem  - Unique mapped and paired reads 107616 ...
[M::mem_process_seqs] Processed 1001 reads in 1.112 CPU sec, 0.142 real sec
[M::mem_process_seqs] Processed 1001 reads in 0.977 CPU sec, 0.125 real sec
[M::mem_process_seqs] Processed 1001 reads in 1.178 CPU sec, 0.149 real sec
[M::mem_process_seqs] Processed 1001 reads in 1.085 CPU sec, 0.137 real sec
51941 [main] INFO main.java.edu.mit.compbio.bisulfitehic.mapping.Bhmem  - Processing reads 111000 ...
51941 [main] INFO main.java.edu.mit.compbio.bisulfitehic.mapping.Bhmem  - Unique mapped and paired reads 109608 ...
51944 [main] INFO main.java.edu.mit.compbio.bisulfitehic.mapping.Bhmem  - Processing reads 112000 ...
51944 [main] INFO main.java.edu.mit.compbio.bisulfitehic.mapping.Bhmem  - Unique mapped and paired reads 109608 ...
[M::mem_process_seqs] Processed 1001 reads in 1.145 CPU sec, 0.145 real sec
[M::mem_process_seqs] Processed 1001 reads in 0.953 CPU sec, 0.123 real sec
[M::mem_process_seqs] Processed 1001 reads in 1.237 CPU sec, 0.166 real sec
[M::mem_process_seqs] Processed 1001 reads in 1.068 CPU sec, 0.135 real sec
52706 [main] INFO main.java.edu.mit.compbio.bisulfitehic.mapping.Bhmem  - Processing reads 113000 ...
52706 [main] INFO main.java.edu.mit.compbio.bisulfitehic.mapping.Bhmem  - Unique mapped and paired reads 111604 ...
52709 [main] INFO main.java.edu.mit.compbio.bisulfitehic.mapping.Bhmem  - Processing reads 114000 ...
52709 [main] INFO main.java.edu.mit.compbio.bisulfitehic.mapping.Bhmem  - Unique mapped and paired reads 111604 ...
[M::mem_process_seqs] Processed 1001 reads in 1.260 CPU sec, 0.162 real sec
[M::mem_process_seqs] Processed 1001 reads in 0.981 CPU sec, 0.127 real sec
[M::mem_process_seqs] Processed 1001 reads in 1.321 CPU sec, 0.169 real sec
[M::mem_process_seqs] Processed 1001 reads in 1.120 CPU sec, 0.143 real sec
53486 [main] INFO main.java.edu.mit.compbio.bisulfitehic.mapping.Bhmem  - Processing reads 115000 ...
53486 [main] INFO main.java.edu.mit.compbio.bisulfitehic.mapping.Bhmem  - Unique mapped and paired reads 113600 ...
53489 [main] INFO main.java.edu.mit.compbio.bisulfitehic.mapping.Bhmem  - Processing reads 116000 ...
53489 [main] INFO main.java.edu.mit.compbio.bisulfitehic.mapping.Bhmem  - Unique mapped and paired reads 113600 ...
[M::mem_process_seqs] Processed 1001 reads in 1.101 CPU sec, 0.140 real sec
[M::mem_process_seqs] Processed 1001 reads in 0.925 CPU sec, 0.118 real sec
[M::mem_process_seqs] Processed 1001 reads in 1.279 CPU sec, 0.162 real sec
[M::mem_process_seqs] Processed 1001 reads in 1.125 CPU sec, 0.142 real sec
54226 [main] INFO main.java.edu.mit.compbio.bisulfitehic.mapping.Bhmem  - Processing reads 117000 ...
54226 [main] INFO main.java.edu.mit.compbio.bisulfitehic.mapping.Bhmem  - Unique mapped and paired reads 115592 ...
54229 [main] INFO main.java.edu.mit.compbio.bisulfitehic.mapping.Bhmem  - Processing reads 118000 ...
54229 [main] INFO main.java.edu.mit.compbio.bisulfitehic.mapping.Bhmem  - Unique mapped and paired reads 115592 ...
[M::mem_process_seqs] Processed 1001 reads in 1.170 CPU sec, 0.149 real sec
[M::mem_process_seqs] Processed 1001 reads in 0.943 CPU sec, 0.120 real sec
[M::mem_process_seqs] Processed 1001 reads in 1.307 CPU sec, 0.166 real sec
[M::mem_process_seqs] Processed 1001 reads in 1.083 CPU sec, 0.137 real sec
54970 [main] INFO main.java.edu.mit.compbio.bisulfitehic.mapping.Bhmem  - Processing reads 119000 ...
54970 [main] INFO main.java.edu.mit.compbio.bisulfitehic.mapping.Bhmem  - Unique mapped and paired reads 117578 ...
54973 [main] INFO main.java.edu.mit.compbio.bisulfitehic.mapping.Bhmem  - Processing reads 120000 ...
54973 [main] INFO main.java.edu.mit.compbio.bisulfitehic.mapping.Bhmem  - Unique mapped and paired reads 117578 ...
[M::mem_process_seqs] Processed 1001 reads in 1.123 CPU sec, 0.146 real sec
[M::mem_process_seqs] Processed 1001 reads in 0.914 CPU sec, 0.117 real sec
[M::mem_process_seqs] Processed 1001 reads in 1.193 CPU sec, 0.151 real sec
[M::mem_process_seqs] Processed 1001 reads in 1.066 CPU sec, 0.137 real sec
55701 [main] INFO main.java.edu.mit.compbio.bisulfitehic.mapping.Bhmem  - Processing reads 121000 ...
55701 [main] INFO main.java.edu.mit.compbio.bisulfitehic.mapping.Bhmem  - Unique mapped and paired reads 119564 ...
55704 [main] INFO main.java.edu.mit.compbio.bisulfitehic.mapping.Bhmem  - Processing reads 122000 ...
55704 [main] INFO main.java.edu.mit.compbio.bisulfitehic.mapping.Bhmem  - Unique mapped and paired reads 119564 ...
[M::mem_process_seqs] Processed 1001 reads in 1.103 CPU sec, 0.141 real sec
[M::mem_process_seqs] Processed 1001 reads in 0.900 CPU sec, 0.119 real sec
[M::mem_process_seqs] Processed 1001 reads in 1.114 CPU sec, 0.142 real sec
[M::mem_process_seqs] Processed 1001 reads in 1.036 CPU sec, 0.135 real sec
56410 [main] INFO main.java.edu.mit.compbio.bisulfitehic.mapping.Bhmem  - Processing reads 123000 ...
56410 [main] INFO main.java.edu.mit.compbio.bisulfitehic.mapping.Bhmem  - Unique mapped and paired reads 121554 ...
56413 [main] INFO main.java.edu.mit.compbio.bisulfitehic.mapping.Bhmem  - Processing reads 124000 ...
56413 [main] INFO main.java.edu.mit.compbio.bisulfitehic.mapping.Bhmem  - Unique mapped and paired reads 121554 ...
[M::mem_process_seqs] Processed 1001 reads in 1.121 CPU sec, 0.145 real sec
[M::mem_process_seqs] Processed 1001 reads in 0.871 CPU sec, 0.111 real sec
[M::mem_process_seqs] Processed 1001 reads in 1.193 CPU sec, 0.152 real sec
[M::mem_process_seqs] Processed 1001 reads in 0.996 CPU sec, 0.127 real sec
57140 [main] INFO main.java.edu.mit.compbio.bisulfitehic.mapping.Bhmem  - Processing reads 125000 ...
57140 [main] INFO main.java.edu.mit.compbio.bisulfitehic.mapping.Bhmem  - Unique mapped and paired reads 123548 ...
57143 [main] INFO main.java.edu.mit.compbio.bisulfitehic.mapping.Bhmem  - Processing reads 126000 ...
57143 [main] INFO main.java.edu.mit.compbio.bisulfitehic.mapping.Bhmem  - Unique mapped and paired reads 123548 ...
[M::mem_process_seqs] Processed 1001 reads in 1.072 CPU sec, 0.135 real sec
[M::mem_process_seqs] Processed 1001 reads in 0.956 CPU sec, 0.121 real sec
[M::mem_process_seqs] Processed 1001 reads in 1.284 CPU sec, 0.164 real sec
[M::mem_process_seqs] Processed 1001 reads in 1.204 CPU sec, 0.154 real sec
57893 [main] INFO main.java.edu.mit.compbio.bisulfitehic.mapping.Bhmem  - Processing reads 127000 ...
57893 [main] INFO main.java.edu.mit.compbio.bisulfitehic.mapping.Bhmem  - Unique mapped and paired reads 125546 ...
57897 [main] INFO main.java.edu.mit.compbio.bisulfitehic.mapping.Bhmem  - Processing reads 128000 ...
57897 [main] INFO main.java.edu.mit.compbio.bisulfitehic.mapping.Bhmem  - Unique mapped and paired reads 125546 ...
[M::mem_process_seqs] Processed 1001 reads in 1.061 CPU sec, 0.137 real sec
[M::mem_process_seqs] Processed 1001 reads in 0.966 CPU sec, 0.127 real sec
[M::mem_process_seqs] Processed 1001 reads in 1.264 CPU sec, 0.164 real sec
[M::mem_process_seqs] Processed 1001 reads in 1.125 CPU sec, 0.147 real sec
58670 [main] INFO main.java.edu.mit.compbio.bisulfitehic.mapping.Bhmem  - Processing reads 129000 ...
58670 [main] INFO main.java.edu.mit.compbio.bisulfitehic.mapping.Bhmem  - Unique mapped and paired reads 127532 ...
58673 [main] INFO main.java.edu.mit.compbio.bisulfitehic.mapping.Bhmem  - Processing reads 130000 ...
58673 [main] INFO main.java.edu.mit.compbio.bisulfitehic.mapping.Bhmem  - Unique mapped and paired reads 127532 ...
[M::mem_process_seqs] Processed 1001 reads in 1.146 CPU sec, 0.145 real sec
[M::mem_process_seqs] Processed 1001 reads in 0.911 CPU sec, 0.116 real sec
[M::mem_process_seqs] Processed 1001 reads in 1.212 CPU sec, 0.154 real sec
[M::mem_process_seqs] Processed 1001 reads in 1.055 CPU sec, 0.135 real sec
59400 [main] INFO main.java.edu.mit.compbio.bisulfitehic.mapping.Bhmem  - Processing reads 131000 ...
59400 [main] INFO main.java.edu.mit.compbio.bisulfitehic.mapping.Bhmem  - Unique mapped and paired reads 129522 ...
59404 [main] INFO main.java.edu.mit.compbio.bisulfitehic.mapping.Bhmem  - Processing reads 132000 ...
59404 [main] INFO main.java.edu.mit.compbio.bisulfitehic.mapping.Bhmem  - Unique mapped and paired reads 129522 ...
[M::mem_process_seqs] Processed 1001 reads in 1.151 CPU sec, 0.146 real sec
[M::mem_process_seqs] Processed 1001 reads in 0.852 CPU sec, 0.108 real sec
[M::mem_process_seqs] Processed 1001 reads in 1.277 CPU sec, 0.161 real sec
[M::mem_process_seqs] Processed 1001 reads in 0.964 CPU sec, 0.124 real sec
60116 [main] INFO main.java.edu.mit.compbio.bisulfitehic.mapping.Bhmem  - Processing reads 133000 ...
60116 [main] INFO main.java.edu.mit.compbio.bisulfitehic.mapping.Bhmem  - Unique mapped and paired reads 131516 ...
60119 [main] INFO main.java.edu.mit.compbio.bisulfitehic.mapping.Bhmem  - Processing reads 134000 ...
60119 [main] INFO main.java.edu.mit.compbio.bisulfitehic.mapping.Bhmem  - Unique mapped and paired reads 131516 ...
[M::mem_process_seqs] Processed 1001 reads in 1.072 CPU sec, 0.138 real sec
[M::mem_process_seqs] Processed 1001 reads in 0.937 CPU sec, 0.119 real sec
[M::mem_process_seqs] Processed 1001 reads in 1.191 CPU sec, 0.150 real sec
[M::mem_process_seqs] Processed 1001 reads in 1.073 CPU sec, 0.138 real sec
60841 [main] INFO main.java.edu.mit.compbio.bisulfitehic.mapping.Bhmem  - Processing reads 135000 ...
60841 [main] INFO main.java.edu.mit.compbio.bisulfitehic.mapping.Bhmem  - Unique mapped and paired reads 133512 ...
60844 [main] INFO main.java.edu.mit.compbio.bisulfitehic.mapping.Bhmem  - Processing reads 136000 ...
60844 [main] INFO main.java.edu.mit.compbio.bisulfitehic.mapping.Bhmem  - Unique mapped and paired reads 133512 ...
[M::mem_process_seqs] Processed 1001 reads in 1.025 CPU sec, 0.132 real sec
[M::mem_process_seqs] Processed 1001 reads in 0.920 CPU sec, 0.117 real sec
[M::mem_process_seqs] Processed 1001 reads in 1.158 CPU sec, 0.146 real sec
[M::mem_process_seqs] Processed 1001 reads in 1.097 CPU sec, 0.144 real sec
61552 [main] INFO main.java.edu.mit.compbio.bisulfitehic.mapping.Bhmem  - Processing reads 137000 ...
61552 [main] INFO main.java.edu.mit.compbio.bisulfitehic.mapping.Bhmem  - Unique mapped and paired reads 135504 ...
61555 [main] INFO main.java.edu.mit.compbio.bisulfitehic.mapping.Bhmem  - Processing reads 138000 ...
61555 [main] INFO main.java.edu.mit.compbio.bisulfitehic.mapping.Bhmem  - Unique mapped and paired reads 135504 ...
[M::mem_process_seqs] Processed 1001 reads in 1.137 CPU sec, 0.144 real sec
[M::mem_process_seqs] Processed 1001 reads in 0.949 CPU sec, 0.120 real sec
[M::mem_process_seqs] Processed 1001 reads in 1.248 CPU sec, 0.159 real sec
[M::mem_process_seqs] Processed 1001 reads in 1.107 CPU sec, 0.140 real sec
62293 [main] INFO main.java.edu.mit.compbio.bisulfitehic.mapping.Bhmem  - Processing reads 139000 ...
62293 [main] INFO main.java.edu.mit.compbio.bisulfitehic.mapping.Bhmem  - Unique mapped and paired reads 137498 ...
62296 [main] INFO main.java.edu.mit.compbio.bisulfitehic.mapping.Bhmem  - Processing reads 140000 ...
62296 [main] INFO main.java.edu.mit.compbio.bisulfitehic.mapping.Bhmem  - Unique mapped and paired reads 137498 ...
[M::mem_process_seqs] Processed 1001 reads in 1.138 CPU sec, 0.145 real sec
[M::mem_process_seqs] Processed 1001 reads in 1.021 CPU sec, 0.131 real sec
[M::mem_process_seqs] Processed 1001 reads in 1.202 CPU sec, 0.154 real sec
[M::mem_process_seqs] Processed 1001 reads in 1.120 CPU sec, 0.142 real sec
63043 [main] INFO main.java.edu.mit.compbio.bisulfitehic.mapping.Bhmem  - Processing reads 141000 ...
63043 [main] INFO main.java.edu.mit.compbio.bisulfitehic.mapping.Bhmem  - Unique mapped and paired reads 139488 ...
63046 [main] INFO main.java.edu.mit.compbio.bisulfitehic.mapping.Bhmem  - Processing reads 142000 ...
63046 [main] INFO main.java.edu.mit.compbio.bisulfitehic.mapping.Bhmem  - Unique mapped and paired reads 139488 ...
[M::mem_process_seqs] Processed 1001 reads in 1.118 CPU sec, 0.143 real sec
[M::mem_process_seqs] Processed 1001 reads in 0.997 CPU sec, 0.128 real sec
[M::mem_process_seqs] Processed 1001 reads in 1.157 CPU sec, 0.147 real sec
[M::mem_process_seqs] Processed 1001 reads in 1.100 CPU sec, 0.141 real sec
63782 [main] INFO main.java.edu.mit.compbio.bisulfitehic.mapping.Bhmem  - Processing reads 143000 ...
63782 [main] INFO main.java.edu.mit.compbio.bisulfitehic.mapping.Bhmem  - Unique mapped and paired reads 141476 ...
63785 [main] INFO main.java.edu.mit.compbio.bisulfitehic.mapping.Bhmem  - Processing reads 144000 ...
63785 [main] INFO main.java.edu.mit.compbio.bisulfitehic.mapping.Bhmem  - Unique mapped and paired reads 141476 ...
[M::mem_process_seqs] Processed 1001 reads in 1.098 CPU sec, 0.140 real sec
[M::mem_process_seqs] Processed 1001 reads in 0.900 CPU sec, 0.116 real sec
[M::mem_process_seqs] Processed 1001 reads in 1.213 CPU sec, 0.159 real sec
[M::mem_process_seqs] Processed 1001 reads in 1.086 CPU sec, 0.143 real sec
64520 [main] INFO main.java.edu.mit.compbio.bisulfitehic.mapping.Bhmem  - Processing reads 145000 ...
64520 [main] INFO main.java.edu.mit.compbio.bisulfitehic.mapping.Bhmem  - Unique mapped and paired reads 143474 ...
64523 [main] INFO main.java.edu.mit.compbio.bisulfitehic.mapping.Bhmem  - Processing reads 146000 ...
64523 [main] INFO main.java.edu.mit.compbio.bisulfitehic.mapping.Bhmem  - Unique mapped and paired reads 143474 ...
[M::mem_process_seqs] Processed 1001 reads in 1.111 CPU sec, 0.142 real sec
[M::mem_process_seqs] Processed 1001 reads in 0.910 CPU sec, 0.119 real sec
[M::mem_process_seqs] Processed 1001 reads in 1.216 CPU sec, 0.158 real sec
[M::mem_process_seqs] Processed 1001 reads in 1.029 CPU sec, 0.138 real sec
65262 [main] INFO main.java.edu.mit.compbio.bisulfitehic.mapping.Bhmem  - Processing reads 147000 ...
65262 [main] INFO main.java.edu.mit.compbio.bisulfitehic.mapping.Bhmem  - Unique mapped and paired reads 145466 ...
65265 [main] INFO main.java.edu.mit.compbio.bisulfitehic.mapping.Bhmem  - Processing reads 148000 ...
65265 [main] INFO main.java.edu.mit.compbio.bisulfitehic.mapping.Bhmem  - Unique mapped and paired reads 145466 ...
[M::mem_process_seqs] Processed 1001 reads in 1.129 CPU sec, 0.144 real sec
[M::mem_process_seqs] Processed 1001 reads in 0.983 CPU sec, 0.124 real sec
[M::mem_process_seqs] Processed 1001 reads in 1.188 CPU sec, 0.150 real sec
[M::mem_process_seqs] Processed 1001 reads in 1.044 CPU sec, 0.132 real sec
65984 [main] INFO main.java.edu.mit.compbio.bisulfitehic.mapping.Bhmem  - Processing reads 149000 ...
65984 [main] INFO main.java.edu.mit.compbio.bisulfitehic.mapping.Bhmem  - Unique mapped and paired reads 147454 ...
65987 [main] INFO main.java.edu.mit.compbio.bisulfitehic.mapping.Bhmem  - Processing reads 150000 ...
65988 [main] INFO main.java.edu.mit.compbio.bisulfitehic.mapping.Bhmem  - Unique mapped and paired reads 147454 ...
[M::mem_process_seqs] Processed 1001 reads in 1.112 CPU sec, 0.146 real sec
[M::mem_process_seqs] Processed 1001 reads in 0.948 CPU sec, 0.124 real sec
[M::mem_process_seqs] Processed 1001 reads in 1.208 CPU sec, 0.160 real sec
[M::mem_process_seqs] Processed 1001 reads in 1.143 CPU sec, 0.148 real sec
66744 [main] INFO main.java.edu.mit.compbio.bisulfitehic.mapping.Bhmem  - Processing reads 151000 ...
66744 [main] INFO main.java.edu.mit.compbio.bisulfitehic.mapping.Bhmem  - Unique mapped and paired reads 149450 ...
66747 [main] INFO main.java.edu.mit.compbio.bisulfitehic.mapping.Bhmem  - Processing reads 152000 ...
66747 [main] INFO main.java.edu.mit.compbio.bisulfitehic.mapping.Bhmem  - Unique mapped and paired reads 149450 ...
[M::mem_process_seqs] Processed 1001 reads in 1.176 CPU sec, 0.150 real sec
[M::mem_process_seqs] Processed 1001 reads in 0.935 CPU sec, 0.118 real sec
[M::mem_process_seqs] Processed 1001 reads in 1.267 CPU sec, 0.165 real sec
[M::mem_process_seqs] Processed 1001 reads in 1.075 CPU sec, 0.138 real sec
67498 [main] INFO main.java.edu.mit.compbio.bisulfitehic.mapping.Bhmem  - Processing reads 153000 ...
67498 [main] INFO main.java.edu.mit.compbio.bisulfitehic.mapping.Bhmem  - Unique mapped and paired reads 151448 ...
67501 [main] INFO main.java.edu.mit.compbio.bisulfitehic.mapping.Bhmem  - Processing reads 154000 ...
67501 [main] INFO main.java.edu.mit.compbio.bisulfitehic.mapping.Bhmem  - Unique mapped and paired reads 151448 ...
[M::mem_process_seqs] Processed 1001 reads in 1.099 CPU sec, 0.141 real sec
[M::mem_process_seqs] Processed 1001 reads in 0.975 CPU sec, 0.123 real sec
[M::mem_process_seqs] Processed 1001 reads in 1.237 CPU sec, 0.158 real sec
[M::mem_process_seqs] Processed 1001 reads in 1.085 CPU sec, 0.137 real sec
68236 [main] INFO main.java.edu.mit.compbio.bisulfitehic.mapping.Bhmem  - Processing reads 155000 ...
68236 [main] INFO main.java.edu.mit.compbio.bisulfitehic.mapping.Bhmem  - Unique mapped and paired reads 153444 ...
68240 [main] INFO main.java.edu.mit.compbio.bisulfitehic.mapping.Bhmem  - Processing reads 156000 ...
68240 [main] INFO main.java.edu.mit.compbio.bisulfitehic.mapping.Bhmem  - Unique mapped and paired reads 153444 ...
[M::mem_process_seqs] Processed 1001 reads in 1.089 CPU sec, 0.138 real sec
[M::mem_process_seqs] Processed 1001 reads in 0.899 CPU sec, 0.116 real sec
[M::mem_process_seqs] Processed 1001 reads in 1.247 CPU sec, 0.166 real sec
[M::mem_process_seqs] Processed 1001 reads in 1.097 CPU sec, 0.159 real sec
68990 [main] INFO main.java.edu.mit.compbio.bisulfitehic.mapping.Bhmem  - Processing reads 157000 ...
68990 [main] INFO main.java.edu.mit.compbio.bisulfitehic.mapping.Bhmem  - Unique mapped and paired reads 155434 ...
68993 [main] INFO main.java.edu.mit.compbio.bisulfitehic.mapping.Bhmem  - Processing reads 158000 ...
68993 [main] INFO main.java.edu.mit.compbio.bisulfitehic.mapping.Bhmem  - Unique mapped and paired reads 155434 ...
[M::mem_process_seqs] Processed 1001 reads in 1.161 CPU sec, 0.147 real sec
[M::mem_process_seqs] Processed 1001 reads in 0.959 CPU sec, 0.122 real sec
[M::mem_process_seqs] Processed 1001 reads in 1.204 CPU sec, 0.154 real sec
[M::mem_process_seqs] Processed 1001 reads in 1.053 CPU sec, 0.139 real sec
69735 [main] INFO main.java.edu.mit.compbio.bisulfitehic.mapping.Bhmem  - Processing reads 159000 ...
69735 [main] INFO main.java.edu.mit.compbio.bisulfitehic.mapping.Bhmem  - Unique mapped and paired reads 157428 ...
69738 [main] INFO main.java.edu.mit.compbio.bisulfitehic.mapping.Bhmem  - Processing reads 160000 ...
69738 [main] INFO main.java.edu.mit.compbio.bisulfitehic.mapping.Bhmem  - Unique mapped and paired reads 157428 ...
[M::mem_process_seqs] Processed 1001 reads in 1.085 CPU sec, 0.140 real sec
[M::mem_process_seqs] Processed 1001 reads in 0.893 CPU sec, 0.113 real sec
[M::mem_process_seqs] Processed 1001 reads in 1.154 CPU sec, 0.148 real sec
[M::mem_process_seqs] Processed 1001 reads in 1.023 CPU sec, 0.129 real sec
70447 [main] INFO main.java.edu.mit.compbio.bisulfitehic.mapping.Bhmem  - Processing reads 161000 ...
70447 [main] INFO main.java.edu.mit.compbio.bisulfitehic.mapping.Bhmem  - Unique mapped and paired reads 159420 ...
70451 [main] INFO main.java.edu.mit.compbio.bisulfitehic.mapping.Bhmem  - Processing reads 162000 ...
70451 [main] INFO main.java.edu.mit.compbio.bisulfitehic.mapping.Bhmem  - Unique mapped and paired reads 159420 ...
[M::mem_process_seqs] Processed 1001 reads in 1.110 CPU sec, 0.153 real sec
[M::mem_process_seqs] Processed 1001 reads in 0.972 CPU sec, 0.126 real sec
[M::mem_process_seqs] Processed 1001 reads in 1.148 CPU sec, 0.146 real sec
[M::mem_process_seqs] Processed 1001 reads in 1.014 CPU sec, 0.131 real sec
71191 [main] INFO main.java.edu.mit.compbio.bisulfitehic.mapping.Bhmem  - Processing reads 163000 ...
71191 [main] INFO main.java.edu.mit.compbio.bisulfitehic.mapping.Bhmem  - Unique mapped and paired reads 161416 ...
71194 [main] INFO main.java.edu.mit.compbio.bisulfitehic.mapping.Bhmem  - Processing reads 164000 ...
71194 [main] INFO main.java.edu.mit.compbio.bisulfitehic.mapping.Bhmem  - Unique mapped and paired reads 161416 ...
[M::mem_process_seqs] Processed 1001 reads in 1.133 CPU sec, 0.151 real sec
[M::mem_process_seqs] Processed 1001 reads in 1.053 CPU sec, 0.135 real sec
[M::mem_process_seqs] Processed 1001 reads in 1.306 CPU sec, 0.165 real sec
[M::mem_process_seqs] Processed 1001 reads in 1.156 CPU sec, 0.153 real sec
71975 [main] INFO main.java.edu.mit.compbio.bisulfitehic.mapping.Bhmem  - Processing reads 165000 ...
71976 [main] INFO main.java.edu.mit.compbio.bisulfitehic.mapping.Bhmem  - Unique mapped and paired reads 163404 ...
71979 [main] INFO main.java.edu.mit.compbio.bisulfitehic.mapping.Bhmem  - Processing reads 166000 ...
71979 [main] INFO main.java.edu.mit.compbio.bisulfitehic.mapping.Bhmem  - Unique mapped and paired reads 163404 ...
[M::mem_process_seqs] Processed 1001 reads in 1.007 CPU sec, 0.129 real sec
[M::mem_process_seqs] Processed 1001 reads in 0.815 CPU sec, 0.105 real sec
[M::mem_process_seqs] Processed 1001 reads in 1.163 CPU sec, 0.150 real sec
[M::mem_process_seqs] Processed 1001 reads in 0.994 CPU sec, 0.125 real sec
72663 [main] INFO main.java.edu.mit.compbio.bisulfitehic.mapping.Bhmem  - Processing reads 167000 ...
72664 [main] INFO main.java.edu.mit.compbio.bisulfitehic.mapping.Bhmem  - Unique mapped and paired reads 165402 ...
72667 [main] INFO main.java.edu.mit.compbio.bisulfitehic.mapping.Bhmem  - Processing reads 168000 ...
72667 [main] INFO main.java.edu.mit.compbio.bisulfitehic.mapping.Bhmem  - Unique mapped and paired reads 165402 ...
[M::mem_process_seqs] Processed 1001 reads in 1.080 CPU sec, 0.140 real sec
[M::mem_process_seqs] Processed 1001 reads in 0.858 CPU sec, 0.108 real sec
[M::mem_process_seqs] Processed 1001 reads in 1.146 CPU sec, 0.148 real sec
[M::mem_process_seqs] Processed 1001 reads in 1.041 CPU sec, 0.137 real sec
73374 [main] INFO main.java.edu.mit.compbio.bisulfitehic.mapping.Bhmem  - Processing reads 169000 ...
73374 [main] INFO main.java.edu.mit.compbio.bisulfitehic.mapping.Bhmem  - Unique mapped and paired reads 167390 ...
73377 [main] INFO main.java.edu.mit.compbio.bisulfitehic.mapping.Bhmem  - Processing reads 170000 ...
73377 [main] INFO main.java.edu.mit.compbio.bisulfitehic.mapping.Bhmem  - Unique mapped and paired reads 167390 ...
[M::mem_process_seqs] Processed 1001 reads in 1.115 CPU sec, 0.143 real sec
[M::mem_process_seqs] Processed 1001 reads in 0.905 CPU sec, 0.117 real sec
[M::mem_process_seqs] Processed 1001 reads in 1.166 CPU sec, 0.148 real sec
[M::mem_process_seqs] Processed 1001 reads in 1.040 CPU sec, 0.136 real sec
74101 [main] INFO main.java.edu.mit.compbio.bisulfitehic.mapping.Bhmem  - Processing reads 171000 ...
74102 [main] INFO main.java.edu.mit.compbio.bisulfitehic.mapping.Bhmem  - Unique mapped and paired reads 169376 ...
74105 [main] INFO main.java.edu.mit.compbio.bisulfitehic.mapping.Bhmem  - Processing reads 172000 ...
74105 [main] INFO main.java.edu.mit.compbio.bisulfitehic.mapping.Bhmem  - Unique mapped and paired reads 169376 ...
[M::mem_process_seqs] Processed 1001 reads in 1.209 CPU sec, 0.155 real sec
[M::mem_process_seqs] Processed 1001 reads in 0.920 CPU sec, 0.121 real sec
[M::mem_process_seqs] Processed 1001 reads in 1.243 CPU sec, 0.158 real sec
[M::mem_process_seqs] Processed 1001 reads in 1.101 CPU sec, 0.144 real sec
74862 [main] INFO main.java.edu.mit.compbio.bisulfitehic.mapping.Bhmem  - Processing reads 173000 ...
74862 [main] INFO main.java.edu.mit.compbio.bisulfitehic.mapping.Bhmem  - Unique mapped and paired reads 171376 ...
74865 [main] INFO main.java.edu.mit.compbio.bisulfitehic.mapping.Bhmem  - Processing reads 174000 ...
74865 [main] INFO main.java.edu.mit.compbio.bisulfitehic.mapping.Bhmem  - Unique mapped and paired reads 171376 ...
[M::mem_process_seqs] Processed 1001 reads in 1.087 CPU sec, 0.144 real sec
[M::mem_process_seqs] Processed 1001 reads in 0.865 CPU sec, 0.110 real sec
[M::mem_process_seqs] Processed 1001 reads in 1.210 CPU sec, 0.153 real sec
[M::mem_process_seqs] Processed 1001 reads in 1.034 CPU sec, 0.131 real sec
75577 [main] INFO main.java.edu.mit.compbio.bisulfitehic.mapping.Bhmem  - Processing reads 175000 ...
75577 [main] INFO main.java.edu.mit.compbio.bisulfitehic.mapping.Bhmem  - Unique mapped and paired reads 173370 ...
75580 [main] INFO main.java.edu.mit.compbio.bisulfitehic.mapping.Bhmem  - Processing reads 176000 ...
75581 [main] INFO main.java.edu.mit.compbio.bisulfitehic.mapping.Bhmem  - Unique mapped and paired reads 173370 ...
[M::mem_process_seqs] Processed 1001 reads in 1.084 CPU sec, 0.138 real sec
[M::mem_process_seqs] Processed 1001 reads in 0.845 CPU sec, 0.107 real sec
[M::mem_process_seqs] Processed 1001 reads in 1.146 CPU sec, 0.146 real sec
[M::mem_process_seqs] Processed 1001 reads in 0.991 CPU sec, 0.126 real sec
76277 [main] INFO main.java.edu.mit.compbio.bisulfitehic.mapping.Bhmem  - Processing reads 177000 ...
76277 [main] INFO main.java.edu.mit.compbio.bisulfitehic.mapping.Bhmem  - Unique mapped and paired reads 175362 ...
76280 [main] INFO main.java.edu.mit.compbio.bisulfitehic.mapping.Bhmem  - Processing reads 178000 ...
76280 [main] INFO main.java.edu.mit.compbio.bisulfitehic.mapping.Bhmem  - Unique mapped and paired reads 175362 ...
[M::mem_process_seqs] Processed 1001 reads in 1.095 CPU sec, 0.140 real sec
[M::mem_process_seqs] Processed 1001 reads in 0.956 CPU sec, 0.128 real sec
[M::mem_process_seqs] Processed 1001 reads in 1.278 CPU sec, 0.163 real sec
[M::mem_process_seqs] Processed 1001 reads in 1.149 CPU sec, 0.151 real sec
77062 [main] INFO main.java.edu.mit.compbio.bisulfitehic.mapping.Bhmem  - Processing reads 179000 ...
77062 [main] INFO main.java.edu.mit.compbio.bisulfitehic.mapping.Bhmem  - Unique mapped and paired reads 177350 ...
77065 [main] INFO main.java.edu.mit.compbio.bisulfitehic.mapping.Bhmem  - Processing reads 180000 ...
77065 [main] INFO main.java.edu.mit.compbio.bisulfitehic.mapping.Bhmem  - Unique mapped and paired reads 177350 ...
[M::mem_process_seqs] Processed 1001 reads in 1.100 CPU sec, 0.141 real sec
[M::mem_process_seqs] Processed 1001 reads in 0.961 CPU sec, 0.121 real sec
[M::mem_process_seqs] Processed 1001 reads in 1.236 CPU sec, 0.161 real sec
[M::mem_process_seqs] Processed 1001 reads in 1.104 CPU sec, 0.140 real sec
77802 [main] INFO main.java.edu.mit.compbio.bisulfitehic.mapping.Bhmem  - Processing reads 181000 ...
77802 [main] INFO main.java.edu.mit.compbio.bisulfitehic.mapping.Bhmem  - Unique mapped and paired reads 179336 ...
77805 [main] INFO main.java.edu.mit.compbio.bisulfitehic.mapping.Bhmem  - Processing reads 182000 ...
77805 [main] INFO main.java.edu.mit.compbio.bisulfitehic.mapping.Bhmem  - Unique mapped and paired reads 179336 ...
[M::mem_process_seqs] Processed 1001 reads in 1.029 CPU sec, 0.133 real sec
[M::mem_process_seqs] Processed 1001 reads in 0.885 CPU sec, 0.113 real sec
[M::mem_process_seqs] Processed 1001 reads in 1.164 CPU sec, 0.149 real sec
[M::mem_process_seqs] Processed 1001 reads in 1.065 CPU sec, 0.135 real sec
78515 [main] INFO main.java.edu.mit.compbio.bisulfitehic.mapping.Bhmem  - Processing reads 183000 ...
78515 [main] INFO main.java.edu.mit.compbio.bisulfitehic.mapping.Bhmem  - Unique mapped and paired reads 181326 ...
78518 [main] INFO main.java.edu.mit.compbio.bisulfitehic.mapping.Bhmem  - Processing reads 184000 ...
78518 [main] INFO main.java.edu.mit.compbio.bisulfitehic.mapping.Bhmem  - Unique mapped and paired reads 181326 ...
[M::mem_process_seqs] Processed 1001 reads in 1.043 CPU sec, 0.134 real sec
[M::mem_process_seqs] Processed 1001 reads in 0.915 CPU sec, 0.116 real sec
[M::mem_process_seqs] Processed 1001 reads in 1.194 CPU sec, 0.157 real sec
[M::mem_process_seqs] Processed 1001 reads in 1.099 CPU sec, 0.139 real sec
79236 [main] INFO main.java.edu.mit.compbio.bisulfitehic.mapping.Bhmem  - Processing reads 185000 ...
79237 [main] INFO main.java.edu.mit.compbio.bisulfitehic.mapping.Bhmem  - Unique mapped and paired reads 183320 ...
79240 [main] INFO main.java.edu.mit.compbio.bisulfitehic.mapping.Bhmem  - Processing reads 186000 ...
79240 [main] INFO main.java.edu.mit.compbio.bisulfitehic.mapping.Bhmem  - Unique mapped and paired reads 183320 ...
[M::mem_process_seqs] Processed 1001 reads in 1.113 CPU sec, 0.143 real sec
[M::mem_process_seqs] Processed 1001 reads in 0.959 CPU sec, 0.124 real sec
[M::mem_process_seqs] Processed 1001 reads in 1.277 CPU sec, 0.162 real sec
[M::mem_process_seqs] Processed 1001 reads in 1.099 CPU sec, 0.139 real sec
79986 [main] INFO main.java.edu.mit.compbio.bisulfitehic.mapping.Bhmem  - Processing reads 187000 ...
79986 [main] INFO main.java.edu.mit.compbio.bisulfitehic.mapping.Bhmem  - Unique mapped and paired reads 185314 ...
79989 [main] INFO main.java.edu.mit.compbio.bisulfitehic.mapping.Bhmem  - Processing reads 188000 ...
79989 [main] INFO main.java.edu.mit.compbio.bisulfitehic.mapping.Bhmem  - Unique mapped and paired reads 185314 ...
[M::mem_process_seqs] Processed 1001 reads in 1.112 CPU sec, 0.142 real sec
[M::mem_process_seqs] Processed 1001 reads in 0.890 CPU sec, 0.114 real sec
[M::mem_process_seqs] Processed 1001 reads in 1.226 CPU sec, 0.154 real sec
[M::mem_process_seqs] Processed 1001 reads in 1.020 CPU sec, 0.129 real sec
80753 [main] INFO main.java.edu.mit.compbio.bisulfitehic.mapping.Bhmem  - Processing reads 189000 ...
80753 [main] INFO main.java.edu.mit.compbio.bisulfitehic.mapping.Bhmem  - Unique mapped and paired reads 187312 ...
80757 [main] INFO main.java.edu.mit.compbio.bisulfitehic.mapping.Bhmem  - Processing reads 190000 ...
80757 [main] INFO main.java.edu.mit.compbio.bisulfitehic.mapping.Bhmem  - Unique mapped and paired reads 187312 ...
[M::mem_process_seqs] Processed 1001 reads in 1.067 CPU sec, 0.136 real sec
[M::mem_process_seqs] Processed 1001 reads in 0.898 CPU sec, 0.114 real sec
[M::mem_process_seqs] Processed 1001 reads in 1.175 CPU sec, 0.153 real sec
[M::mem_process_seqs] Processed 1001 reads in 1.039 CPU sec, 0.134 real sec
81475 [main] INFO main.java.edu.mit.compbio.bisulfitehic.mapping.Bhmem  - Processing reads 191000 ...
81475 [main] INFO main.java.edu.mit.compbio.bisulfitehic.mapping.Bhmem  - Unique mapped and paired reads 189306 ...
81478 [main] INFO main.java.edu.mit.compbio.bisulfitehic.mapping.Bhmem  - Processing reads 192000 ...
81478 [main] INFO main.java.edu.mit.compbio.bisulfitehic.mapping.Bhmem  - Unique mapped and paired reads 189306 ...
[M::mem_process_seqs] Processed 1001 reads in 1.090 CPU sec, 0.139 real sec
[M::mem_process_seqs] Processed 1001 reads in 0.940 CPU sec, 0.121 real sec
[M::mem_process_seqs] Processed 1001 reads in 1.186 CPU sec, 0.151 real sec
[M::mem_process_seqs] Processed 1001 reads in 1.047 CPU sec, 0.133 real sec
82201 [main] INFO main.java.edu.mit.compbio.bisulfitehic.mapping.Bhmem  - Processing reads 193000 ...
82202 [main] INFO main.java.edu.mit.compbio.bisulfitehic.mapping.Bhmem  - Unique mapped and paired reads 191298 ...
82205 [main] INFO main.java.edu.mit.compbio.bisulfitehic.mapping.Bhmem  - Processing reads 194000 ...
82205 [main] INFO main.java.edu.mit.compbio.bisulfitehic.mapping.Bhmem  - Unique mapped and paired reads 191298 ...
[M::mem_process_seqs] Processed 1001 reads in 1.091 CPU sec, 0.139 real sec
[M::mem_process_seqs] Processed 1001 reads in 0.883 CPU sec, 0.113 real sec
[M::mem_process_seqs] Processed 1001 reads in 1.174 CPU sec, 0.149 real sec
[M::mem_process_seqs] Processed 1001 reads in 1.061 CPU sec, 0.135 real sec
82931 [main] INFO main.java.edu.mit.compbio.bisulfitehic.mapping.Bhmem  - Processing reads 195000 ...
82931 [main] INFO main.java.edu.mit.compbio.bisulfitehic.mapping.Bhmem  - Unique mapped and paired reads 193292 ...
82934 [main] INFO main.java.edu.mit.compbio.bisulfitehic.mapping.Bhmem  - Processing reads 196000 ...
82934 [main] INFO main.java.edu.mit.compbio.bisulfitehic.mapping.Bhmem  - Unique mapped and paired reads 193292 ...
[M::mem_process_seqs] Processed 1001 reads in 1.111 CPU sec, 0.141 real sec
[M::mem_process_seqs] Processed 1001 reads in 0.910 CPU sec, 0.117 real sec
[M::mem_process_seqs] Processed 1001 reads in 1.184 CPU sec, 0.152 real sec
[M::mem_process_seqs] Processed 1001 reads in 1.033 CPU sec, 0.132 real sec
83659 [main] INFO main.java.edu.mit.compbio.bisulfitehic.mapping.Bhmem  - Processing reads 197000 ...
83659 [main] INFO main.java.edu.mit.compbio.bisulfitehic.mapping.Bhmem  - Unique mapped and paired reads 195290 ...
83662 [main] INFO main.java.edu.mit.compbio.bisulfitehic.mapping.Bhmem  - Processing reads 198000 ...
83662 [main] INFO main.java.edu.mit.compbio.bisulfitehic.mapping.Bhmem  - Unique mapped and paired reads 195290 ...
[M::mem_process_seqs] Processed 1001 reads in 1.132 CPU sec, 0.144 real sec
[M::mem_process_seqs] Processed 1001 reads in 0.938 CPU sec, 0.119 real sec
[M::mem_process_seqs] Processed 1001 reads in 1.261 CPU sec, 0.159 real sec
[M::mem_process_seqs] Processed 1001 reads in 1.114 CPU sec, 0.142 real sec
84399 [main] INFO main.java.edu.mit.compbio.bisulfitehic.mapping.Bhmem  - Processing reads 199000 ...
84399 [main] INFO main.java.edu.mit.compbio.bisulfitehic.mapping.Bhmem  - Unique mapped and paired reads 197284 ...
84402 [main] INFO main.java.edu.mit.compbio.bisulfitehic.mapping.Bhmem  - Processing reads 200000 ...
84402 [main] INFO main.java.edu.mit.compbio.bisulfitehic.mapping.Bhmem  - Unique mapped and paired reads 197284 ...
[M::mem_process_seqs] Processed 1001 reads in 1.150 CPU sec, 0.149 real sec
[M::mem_process_seqs] Processed 1001 reads in 0.953 CPU sec, 0.122 real sec
[M::mem_process_seqs] Processed 1001 reads in 1.291 CPU sec, 0.166 real sec
[M::mem_process_seqs] Processed 1001 reads in 1.091 CPU sec, 0.140 real sec
85157 [main] INFO main.java.edu.mit.compbio.bisulfitehic.mapping.Bhmem  - Processing reads 201000 ...
85157 [main] INFO main.java.edu.mit.compbio.bisulfitehic.mapping.Bhmem  - Unique mapped and paired reads 199270 ...
85160 [main] INFO main.java.edu.mit.compbio.bisulfitehic.mapping.Bhmem  - Processing reads 202000 ...
85160 [main] INFO main.java.edu.mit.compbio.bisulfitehic.mapping.Bhmem  - Unique mapped and paired reads 199270 ...
[M::mem_process_seqs] Processed 1001 reads in 1.090 CPU sec, 0.141 real sec
[M::mem_process_seqs] Processed 1001 reads in 0.899 CPU sec, 0.116 real sec
[M::mem_process_seqs] Processed 1001 reads in 1.206 CPU sec, 0.154 real sec
[M::mem_process_seqs] Processed 1001 reads in 1.011 CPU sec, 0.128 real sec
85876 [main] INFO main.java.edu.mit.compbio.bisulfitehic.mapping.Bhmem  - Processing reads 203000 ...
85876 [main] INFO main.java.edu.mit.compbio.bisulfitehic.mapping.Bhmem  - Unique mapped and paired reads 201256 ...
85879 [main] INFO main.java.edu.mit.compbio.bisulfitehic.mapping.Bhmem  - Processing reads 204000 ...
85879 [main] INFO main.java.edu.mit.compbio.bisulfitehic.mapping.Bhmem  - Unique mapped and paired reads 201256 ...
[M::mem_process_seqs] Processed 1001 reads in 1.048 CPU sec, 0.135 real sec
[M::mem_process_seqs] Processed 1001 reads in 0.894 CPU sec, 0.116 real sec
[M::mem_process_seqs] Processed 1001 reads in 1.171 CPU sec, 0.149 real sec
[M::mem_process_seqs] Processed 1001 reads in 1.035 CPU sec, 0.138 real sec
86595 [main] INFO main.java.edu.mit.compbio.bisulfitehic.mapping.Bhmem  - Processing reads 205000 ...
86595 [main] INFO main.java.edu.mit.compbio.bisulfitehic.mapping.Bhmem  - Unique mapped and paired reads 203250 ...
86598 [main] INFO main.java.edu.mit.compbio.bisulfitehic.mapping.Bhmem  - Processing reads 206000 ...
86598 [main] INFO main.java.edu.mit.compbio.bisulfitehic.mapping.Bhmem  - Unique mapped and paired reads 203250 ...
[M::mem_process_seqs] Processed 1001 reads in 1.055 CPU sec, 0.134 real sec
[M::mem_process_seqs] Processed 1001 reads in 0.872 CPU sec, 0.111 real sec
[M::mem_process_seqs] Processed 1001 reads in 1.172 CPU sec, 0.148 real sec
[M::mem_process_seqs] Processed 1001 reads in 1.032 CPU sec, 0.131 real sec
87300 [main] INFO main.java.edu.mit.compbio.bisulfitehic.mapping.Bhmem  - Processing reads 207000 ...
87300 [main] INFO main.java.edu.mit.compbio.bisulfitehic.mapping.Bhmem  - Unique mapped and paired reads 205248 ...
87303 [main] INFO main.java.edu.mit.compbio.bisulfitehic.mapping.Bhmem  - Processing reads 208000 ...
87303 [main] INFO main.java.edu.mit.compbio.bisulfitehic.mapping.Bhmem  - Unique mapped and paired reads 205248 ...
[M::mem_process_seqs] Processed 1001 reads in 1.102 CPU sec, 0.140 real sec
[M::mem_process_seqs] Processed 1001 reads in 0.942 CPU sec, 0.121 real sec
[M::mem_process_seqs] Processed 1001 reads in 1.137 CPU sec, 0.150 real sec
[M::mem_process_seqs] Processed 1001 reads in 1.070 CPU sec, 0.136 real sec
88026 [main] INFO main.java.edu.mit.compbio.bisulfitehic.mapping.Bhmem  - Processing reads 209000 ...
88026 [main] INFO main.java.edu.mit.compbio.bisulfitehic.mapping.Bhmem  - Unique mapped and paired reads 207238 ...
88029 [main] INFO main.java.edu.mit.compbio.bisulfitehic.mapping.Bhmem  - Processing reads 210000 ...
88029 [main] INFO main.java.edu.mit.compbio.bisulfitehic.mapping.Bhmem  - Unique mapped and paired reads 207238 ...
[M::mem_process_seqs] Processed 1001 reads in 1.095 CPU sec, 0.152 real sec
[M::mem_process_seqs] Processed 1001 reads in 0.913 CPU sec, 0.119 real sec
[M::mem_process_seqs] Processed 1001 reads in 1.144 CPU sec, 0.151 real sec
[M::mem_process_seqs] Processed 1001 reads in 1.095 CPU sec, 0.145 real sec
88771 [main] INFO main.java.edu.mit.compbio.bisulfitehic.mapping.Bhmem  - Processing reads 211000 ...
88771 [main] INFO main.java.edu.mit.compbio.bisulfitehic.mapping.Bhmem  - Unique mapped and paired reads 209232 ...
88774 [main] INFO main.java.edu.mit.compbio.bisulfitehic.mapping.Bhmem  - Processing reads 212000 ...
88774 [main] INFO main.java.edu.mit.compbio.bisulfitehic.mapping.Bhmem  - Unique mapped and paired reads 209232 ...
[M::mem_process_seqs] Processed 1001 reads in 1.110 CPU sec, 0.141 real sec
[M::mem_process_seqs] Processed 1001 reads in 0.971 CPU sec, 0.125 real sec
[M::mem_process_seqs] Processed 1001 reads in 1.214 CPU sec, 0.153 real sec
[M::mem_process_seqs] Processed 1001 reads in 1.049 CPU sec, 0.132 real sec
89503 [main] INFO main.java.edu.mit.compbio.bisulfitehic.mapping.Bhmem  - Processing reads 213000 ...
89503 [main] INFO main.java.edu.mit.compbio.bisulfitehic.mapping.Bhmem  - Unique mapped and paired reads 211216 ...
89506 [main] INFO main.java.edu.mit.compbio.bisulfitehic.mapping.Bhmem  - Processing reads 214000 ...
89506 [main] INFO main.java.edu.mit.compbio.bisulfitehic.mapping.Bhmem  - Unique mapped and paired reads 211216 ...
[M::mem_process_seqs] Processed 1001 reads in 1.073 CPU sec, 0.136 real sec
[M::mem_process_seqs] Processed 1001 reads in 0.894 CPU sec, 0.117 real sec
[M::mem_process_seqs] Processed 1001 reads in 1.107 CPU sec, 0.141 real sec
[M::mem_process_seqs] Processed 1001 reads in 0.993 CPU sec, 0.127 real sec
90208 [main] INFO main.java.edu.mit.compbio.bisulfitehic.mapping.Bhmem  - Processing reads 215000 ...
90208 [main] INFO main.java.edu.mit.compbio.bisulfitehic.mapping.Bhmem  - Unique mapped and paired reads 213210 ...
90211 [main] INFO main.java.edu.mit.compbio.bisulfitehic.mapping.Bhmem  - Processing reads 216000 ...
90211 [main] INFO main.java.edu.mit.compbio.bisulfitehic.mapping.Bhmem  - Unique mapped and paired reads 213210 ...
[M::mem_process_seqs] Processed 1001 reads in 1.162 CPU sec, 0.152 real sec
[M::mem_process_seqs] Processed 1001 reads in 0.925 CPU sec, 0.117 real sec
[M::mem_process_seqs] Processed 1001 reads in 1.219 CPU sec, 0.154 real sec
[M::mem_process_seqs] Processed 1001 reads in 1.086 CPU sec, 0.148 real sec
90959 [main] INFO main.java.edu.mit.compbio.bisulfitehic.mapping.Bhmem  - Processing reads 217000 ...
90959 [main] INFO main.java.edu.mit.compbio.bisulfitehic.mapping.Bhmem  - Unique mapped and paired reads 215208 ...
90962 [main] INFO main.java.edu.mit.compbio.bisulfitehic.mapping.Bhmem  - Processing reads 218000 ...
90962 [main] INFO main.java.edu.mit.compbio.bisulfitehic.mapping.Bhmem  - Unique mapped and paired reads 215208 ...
[M::mem_process_seqs] Processed 1001 reads in 1.104 CPU sec, 0.140 real sec
[M::mem_process_seqs] Processed 1001 reads in 0.910 CPU sec, 0.118 real sec
[M::mem_process_seqs] Processed 1001 reads in 1.210 CPU sec, 0.156 real sec
[M::mem_process_seqs] Processed 1001 reads in 1.126 CPU sec, 0.142 real sec
91692 [main] INFO main.java.edu.mit.compbio.bisulfitehic.mapping.Bhmem  - Processing reads 219000 ...
91692 [main] INFO main.java.edu.mit.compbio.bisulfitehic.mapping.Bhmem  - Unique mapped and paired reads 217200 ...
91695 [main] INFO main.java.edu.mit.compbio.bisulfitehic.mapping.Bhmem  - Processing reads 220000 ...
91695 [main] INFO main.java.edu.mit.compbio.bisulfitehic.mapping.Bhmem  - Unique mapped and paired reads 217200 ...
[M::mem_process_seqs] Processed 1001 reads in 1.052 CPU sec, 0.133 real sec
[M::mem_process_seqs] Processed 1001 reads in 0.875 CPU sec, 0.113 real sec
[M::mem_process_seqs] Processed 1001 reads in 1.226 CPU sec, 0.161 real sec
[M::mem_process_seqs] Processed 1001 reads in 1.116 CPU sec, 0.145 real sec
92431 [main] INFO main.java.edu.mit.compbio.bisulfitehic.mapping.Bhmem  - Processing reads 221000 ...
92431 [main] INFO main.java.edu.mit.compbio.bisulfitehic.mapping.Bhmem  - Unique mapped and paired reads 219194 ...
92434 [main] INFO main.java.edu.mit.compbio.bisulfitehic.mapping.Bhmem  - Processing reads 222000 ...
92434 [main] INFO main.java.edu.mit.compbio.bisulfitehic.mapping.Bhmem  - Unique mapped and paired reads 219194 ...
[M::mem_process_seqs] Processed 1001 reads in 1.109 CPU sec, 0.142 real sec
[M::mem_process_seqs] Processed 1001 reads in 0.884 CPU sec, 0.113 real sec
[M::mem_process_seqs] Processed 1001 reads in 1.224 CPU sec, 0.156 real sec
[M::mem_process_seqs] Processed 1001 reads in 1.041 CPU sec, 0.135 real sec
93155 [main] INFO main.java.edu.mit.compbio.bisulfitehic.mapping.Bhmem  - Processing reads 223000 ...
93155 [main] INFO main.java.edu.mit.compbio.bisulfitehic.mapping.Bhmem  - Unique mapped and paired reads 221192 ...
93158 [main] INFO main.java.edu.mit.compbio.bisulfitehic.mapping.Bhmem  - Processing reads 224000 ...
93158 [main] INFO main.java.edu.mit.compbio.bisulfitehic.mapping.Bhmem  - Unique mapped and paired reads 221192 ...
[M::mem_process_seqs] Processed 1001 reads in 1.106 CPU sec, 0.142 real sec
[M::mem_process_seqs] Processed 1001 reads in 0.958 CPU sec, 0.123 real sec
[M::mem_process_seqs] Processed 1001 reads in 1.219 CPU sec, 0.167 real sec
[M::mem_process_seqs] Processed 1001 reads in 1.069 CPU sec, 0.135 real sec
93906 [main] INFO main.java.edu.mit.compbio.bisulfitehic.mapping.Bhmem  - Processing reads 225000 ...
93906 [main] INFO main.java.edu.mit.compbio.bisulfitehic.mapping.Bhmem  - Unique mapped and paired reads 223186 ...
93909 [main] INFO main.java.edu.mit.compbio.bisulfitehic.mapping.Bhmem  - Processing reads 226000 ...
93909 [main] INFO main.java.edu.mit.compbio.bisulfitehic.mapping.Bhmem  - Unique mapped and paired reads 223186 ...
[M::mem_process_seqs] Processed 1001 reads in 1.148 CPU sec, 0.152 real sec
[M::mem_process_seqs] Processed 1001 reads in 0.951 CPU sec, 0.129 real sec
[M::mem_process_seqs] Processed 1001 reads in 1.245 CPU sec, 0.157 real sec
[M::mem_process_seqs] Processed 1001 reads in 1.048 CPU sec, 0.135 real sec
94657 [main] INFO main.java.edu.mit.compbio.bisulfitehic.mapping.Bhmem  - Processing reads 227000 ...
94657 [main] INFO main.java.edu.mit.compbio.bisulfitehic.mapping.Bhmem  - Unique mapped and paired reads 225180 ...
94660 [main] INFO main.java.edu.mit.compbio.bisulfitehic.mapping.Bhmem  - Processing reads 228000 ...
94660 [main] INFO main.java.edu.mit.compbio.bisulfitehic.mapping.Bhmem  - Unique mapped and paired reads 225180 ...
[M::mem_process_seqs] Processed 1001 reads in 1.122 CPU sec, 0.144 real sec
[M::mem_process_seqs] Processed 1001 reads in 0.914 CPU sec, 0.120 real sec
[M::mem_process_seqs] Processed 1001 reads in 1.179 CPU sec, 0.154 real sec
[M::mem_process_seqs] Processed 1001 reads in 0.999 CPU sec, 0.127 real sec
95379 [main] INFO main.java.edu.mit.compbio.bisulfitehic.mapping.Bhmem  - Processing reads 229000 ...
95379 [main] INFO main.java.edu.mit.compbio.bisulfitehic.mapping.Bhmem  - Unique mapped and paired reads 227178 ...
95382 [main] INFO main.java.edu.mit.compbio.bisulfitehic.mapping.Bhmem  - Processing reads 230000 ...
95382 [main] INFO main.java.edu.mit.compbio.bisulfitehic.mapping.Bhmem  - Unique mapped and paired reads 227178 ...
[M::mem_process_seqs] Processed 1001 reads in 1.055 CPU sec, 0.141 real sec
[M::mem_process_seqs] Processed 1001 reads in 0.875 CPU sec, 0.111 real sec
[M::mem_process_seqs] Processed 1001 reads in 1.085 CPU sec, 0.138 real sec
[M::mem_process_seqs] Processed 1001 reads in 1.045 CPU sec, 0.134 real sec
96084 [main] INFO main.java.edu.mit.compbio.bisulfitehic.mapping.Bhmem  - Processing reads 231000 ...
96084 [main] INFO main.java.edu.mit.compbio.bisulfitehic.mapping.Bhmem  - Unique mapped and paired reads 229178 ...
96087 [main] INFO main.java.edu.mit.compbio.bisulfitehic.mapping.Bhmem  - Processing reads 232000 ...
96087 [main] INFO main.java.edu.mit.compbio.bisulfitehic.mapping.Bhmem  - Unique mapped and paired reads 229178 ...
[M::mem_process_seqs] Processed 1001 reads in 1.078 CPU sec, 0.136 real sec
[M::mem_process_seqs] Processed 1001 reads in 0.895 CPU sec, 0.113 real sec
[M::mem_process_seqs] Processed 1001 reads in 1.113 CPU sec, 0.140 real sec
[M::mem_process_seqs] Processed 1001 reads in 1.028 CPU sec, 0.130 real sec
96797 [main] INFO main.java.edu.mit.compbio.bisulfitehic.mapping.Bhmem  - Processing reads 233000 ...
96797 [main] INFO main.java.edu.mit.compbio.bisulfitehic.mapping.Bhmem  - Unique mapped and paired reads 231166 ...
96800 [main] INFO main.java.edu.mit.compbio.bisulfitehic.mapping.Bhmem  - Processing reads 234000 ...
96800 [main] INFO main.java.edu.mit.compbio.bisulfitehic.mapping.Bhmem  - Unique mapped and paired reads 231166 ...
[M::mem_process_seqs] Processed 1001 reads in 1.073 CPU sec, 0.138 real sec
[M::mem_process_seqs] Processed 1001 reads in 0.946 CPU sec, 0.119 real sec
[M::mem_process_seqs] Processed 1001 reads in 1.165 CPU sec, 0.147 real sec
[M::mem_process_seqs] Processed 1001 reads in 1.023 CPU sec, 0.130 real sec
97510 [main] INFO main.java.edu.mit.compbio.bisulfitehic.mapping.Bhmem  - Processing reads 235000 ...
97510 [main] INFO main.java.edu.mit.compbio.bisulfitehic.mapping.Bhmem  - Unique mapped and paired reads 233158 ...
97513 [main] INFO main.java.edu.mit.compbio.bisulfitehic.mapping.Bhmem  - Processing reads 236000 ...
97513 [main] INFO main.java.edu.mit.compbio.bisulfitehic.mapping.Bhmem  - Unique mapped and paired reads 233158 ...
[M::mem_process_seqs] Processed 1001 reads in 1.140 CPU sec, 0.145 real sec
[M::mem_process_seqs] Processed 1001 reads in 0.947 CPU sec, 0.121 real sec
[M::mem_process_seqs] Processed 1001 reads in 1.207 CPU sec, 0.156 real sec
[M::mem_process_seqs] Processed 1001 reads in 1.092 CPU sec, 0.138 real sec
98257 [main] INFO main.java.edu.mit.compbio.bisulfitehic.mapping.Bhmem  - Processing reads 237000 ...
98257 [main] INFO main.java.edu.mit.compbio.bisulfitehic.mapping.Bhmem  - Unique mapped and paired reads 235148 ...
98260 [main] INFO main.java.edu.mit.compbio.bisulfitehic.mapping.Bhmem  - Processing reads 238000 ...
98260 [main] INFO main.java.edu.mit.compbio.bisulfitehic.mapping.Bhmem  - Unique mapped and paired reads 235148 ...
[M::mem_process_seqs] Processed 1001 reads in 1.072 CPU sec, 0.140 real sec
[M::mem_process_seqs] Processed 1001 reads in 0.862 CPU sec, 0.117 real sec
[M::mem_process_seqs] Processed 1001 reads in 1.113 CPU sec, 0.145 real sec
[M::mem_process_seqs] Processed 1001 reads in 0.979 CPU sec, 0.125 real sec
98963 [main] INFO main.java.edu.mit.compbio.bisulfitehic.mapping.Bhmem  - Processing reads 239000 ...
98964 [main] INFO main.java.edu.mit.compbio.bisulfitehic.mapping.Bhmem  - Unique mapped and paired reads 237140 ...
98967 [main] INFO main.java.edu.mit.compbio.bisulfitehic.mapping.Bhmem  - Processing reads 240000 ...
98967 [main] INFO main.java.edu.mit.compbio.bisulfitehic.mapping.Bhmem  - Unique mapped and paired reads 237140 ...
[M::mem_process_seqs] Processed 1001 reads in 1.175 CPU sec, 0.149 real sec
[M::mem_process_seqs] Processed 1001 reads in 0.825 CPU sec, 0.106 real sec
[M::mem_process_seqs] Processed 1001 reads in 1.211 CPU sec, 0.156 real sec
[M::mem_process_seqs] Processed 1001 reads in 1.015 CPU sec, 0.129 real sec
99685 [main] INFO main.java.edu.mit.compbio.bisulfitehic.mapping.Bhmem  - Processing reads 241000 ...
99685 [main] INFO main.java.edu.mit.compbio.bisulfitehic.mapping.Bhmem  - Unique mapped and paired reads 239134 ...
99689 [main] INFO main.java.edu.mit.compbio.bisulfitehic.mapping.Bhmem  - Processing reads 242000 ...
99689 [main] INFO main.java.edu.mit.compbio.bisulfitehic.mapping.Bhmem  - Unique mapped and paired reads 239134 ...
[M::mem_process_seqs] Processed 1001 reads in 1.085 CPU sec, 0.143 real sec
[M::mem_process_seqs] Processed 1001 reads in 0.917 CPU sec, 0.118 real sec
[M::mem_process_seqs] Processed 1001 reads in 1.126 CPU sec, 0.143 real sec
[M::mem_process_seqs] Processed 1001 reads in 1.020 CPU sec, 0.128 real sec
100394 [main] INFO main.java.edu.mit.compbio.bisulfitehic.mapping.Bhmem  - Processing reads 243000 ...
100394 [main] INFO main.java.edu.mit.compbio.bisulfitehic.mapping.Bhmem  - Unique mapped and paired reads 241134 ...
100397 [main] INFO main.java.edu.mit.compbio.bisulfitehic.mapping.Bhmem  - Processing reads 244000 ...
100397 [main] INFO main.java.edu.mit.compbio.bisulfitehic.mapping.Bhmem  - Unique mapped and paired reads 241134 ...
[M::mem_process_seqs] Processed 1001 reads in 1.141 CPU sec, 0.146 real sec
[M::mem_process_seqs] Processed 1001 reads in 0.940 CPU sec, 0.122 real sec
[M::mem_process_seqs] Processed 1001 reads in 1.212 CPU sec, 0.154 real sec
[M::mem_process_seqs] Processed 1001 reads in 1.102 CPU sec, 0.143 real sec
101156 [main] INFO main.java.edu.mit.compbio.bisulfitehic.mapping.Bhmem  - Processing reads 245000 ...
101156 [main] INFO main.java.edu.mit.compbio.bisulfitehic.mapping.Bhmem  - Unique mapped and paired reads 243130 ...
101159 [main] INFO main.java.edu.mit.compbio.bisulfitehic.mapping.Bhmem  - Processing reads 246000 ...
101159 [main] INFO main.java.edu.mit.compbio.bisulfitehic.mapping.Bhmem  - Unique mapped and paired reads 243130 ...
[M::mem_process_seqs] Processed 1001 reads in 1.101 CPU sec, 0.141 real sec
[M::mem_process_seqs] Processed 1001 reads in 0.852 CPU sec, 0.108 real sec
[M::mem_process_seqs] Processed 1001 reads in 1.115 CPU sec, 0.144 real sec
[M::mem_process_seqs] Processed 1001 reads in 1.109 CPU sec, 0.141 real sec
101869 [main] INFO main.java.edu.mit.compbio.bisulfitehic.mapping.Bhmem  - Processing reads 247000 ...
101870 [main] INFO main.java.edu.mit.compbio.bisulfitehic.mapping.Bhmem  - Unique mapped and paired reads 245120 ...
101873 [main] INFO main.java.edu.mit.compbio.bisulfitehic.mapping.Bhmem  - Processing reads 248000 ...
101873 [main] INFO main.java.edu.mit.compbio.bisulfitehic.mapping.Bhmem  - Unique mapped and paired reads 245120 ...
[M::mem_process_seqs] Processed 1001 reads in 1.054 CPU sec, 0.134 real sec
[M::mem_process_seqs] Processed 1001 reads in 0.870 CPU sec, 0.116 real sec
[M::mem_process_seqs] Processed 1001 reads in 1.200 CPU sec, 0.154 real sec
[M::mem_process_seqs] Processed 1001 reads in 1.084 CPU sec, 0.138 real sec
102590 [main] INFO main.java.edu.mit.compbio.bisulfitehic.mapping.Bhmem  - Processing reads 249000 ...
102590 [main] INFO main.java.edu.mit.compbio.bisulfitehic.mapping.Bhmem  - Unique mapped and paired reads 247118 ...
102593 [main] INFO main.java.edu.mit.compbio.bisulfitehic.mapping.Bhmem  - Processing reads 250000 ...
102593 [main] INFO main.java.edu.mit.compbio.bisulfitehic.mapping.Bhmem  - Unique mapped and paired reads 247118 ...
[M::mem_process_seqs] Processed 1001 reads in 1.109 CPU sec, 0.140 real sec
[M::mem_process_seqs] Processed 1001 reads in 0.922 CPU sec, 0.123 real sec
[M::mem_process_seqs] Processed 1001 reads in 1.231 CPU sec, 0.157 real sec
[M::mem_process_seqs] Processed 1001 reads in 1.096 CPU sec, 0.141 real sec
103334 [main] INFO main.java.edu.mit.compbio.bisulfitehic.mapping.Bhmem  - Processing reads 251000 ...
103334 [main] INFO main.java.edu.mit.compbio.bisulfitehic.mapping.Bhmem  - Unique mapped and paired reads 249110 ...
103337 [main] INFO main.java.edu.mit.compbio.bisulfitehic.mapping.Bhmem  - Processing reads 252000 ...
103337 [main] INFO main.java.edu.mit.compbio.bisulfitehic.mapping.Bhmem  - Unique mapped and paired reads 249110 ...
[M::mem_process_seqs] Processed 1001 reads in 1.131 CPU sec, 0.143 real sec
[M::mem_process_seqs] Processed 1001 reads in 0.931 CPU sec, 0.119 real sec
[M::mem_process_seqs] Processed 1001 reads in 1.214 CPU sec, 0.160 real sec
[M::mem_process_seqs] Processed 1001 reads in 1.126 CPU sec, 0.147 real sec
104095 [main] INFO main.java.edu.mit.compbio.bisulfitehic.mapping.Bhmem  - Processing reads 253000 ...
104095 [main] INFO main.java.edu.mit.compbio.bisulfitehic.mapping.Bhmem  - Unique mapped and paired reads 251104 ...
104098 [main] INFO main.java.edu.mit.compbio.bisulfitehic.mapping.Bhmem  - Processing reads 254000 ...
104098 [main] INFO main.java.edu.mit.compbio.bisulfitehic.mapping.Bhmem  - Unique mapped and paired reads 251104 ...
[M::mem_process_seqs] Processed 1001 reads in 1.041 CPU sec, 0.132 real sec
[M::mem_process_seqs] Processed 1001 reads in 0.894 CPU sec, 0.116 real sec
[M::mem_process_seqs] Processed 1001 reads in 1.118 CPU sec, 0.143 real sec
[M::mem_process_seqs] Processed 1001 reads in 1.087 CPU sec, 0.138 real sec
104795 [main] INFO main.java.edu.mit.compbio.bisulfitehic.mapping.Bhmem  - Processing reads 255000 ...
104795 [main] INFO main.java.edu.mit.compbio.bisulfitehic.mapping.Bhmem  - Unique mapped and paired reads 253096 ...
104798 [main] INFO main.java.edu.mit.compbio.bisulfitehic.mapping.Bhmem  - Processing reads 256000 ...
104798 [main] INFO main.java.edu.mit.compbio.bisulfitehic.mapping.Bhmem  - Unique mapped and paired reads 253096 ...
[M::mem_process_seqs] Processed 1001 reads in 1.044 CPU sec, 0.133 real sec
[M::mem_process_seqs] Processed 1001 reads in 0.861 CPU sec, 0.112 real sec
[M::mem_process_seqs] Processed 1001 reads in 1.195 CPU sec, 0.155 real sec
[M::mem_process_seqs] Processed 1001 reads in 1.051 CPU sec, 0.133 real sec
105515 [main] INFO main.java.edu.mit.compbio.bisulfitehic.mapping.Bhmem  - Processing reads 257000 ...
105515 [main] INFO main.java.edu.mit.compbio.bisulfitehic.mapping.Bhmem  - Unique mapped and paired reads 255092 ...
105518 [main] INFO main.java.edu.mit.compbio.bisulfitehic.mapping.Bhmem  - Processing reads 258000 ...
105518 [main] INFO main.java.edu.mit.compbio.bisulfitehic.mapping.Bhmem  - Unique mapped and paired reads 255092 ...
[M::mem_process_seqs] Processed 1001 reads in 1.116 CPU sec, 0.141 real sec
[M::mem_process_seqs] Processed 1001 reads in 0.840 CPU sec, 0.106 real sec
[M::mem_process_seqs] Processed 1001 reads in 1.198 CPU sec, 0.152 real sec
[M::mem_process_seqs] Processed 1001 reads in 0.978 CPU sec, 0.124 real sec
106223 [main] INFO main.java.edu.mit.compbio.bisulfitehic.mapping.Bhmem  - Processing reads 259000 ...
106223 [main] INFO main.java.edu.mit.compbio.bisulfitehic.mapping.Bhmem  - Unique mapped and paired reads 257086 ...
106226 [main] INFO main.java.edu.mit.compbio.bisulfitehic.mapping.Bhmem  - Processing reads 260000 ...
106226 [main] INFO main.java.edu.mit.compbio.bisulfitehic.mapping.Bhmem  - Unique mapped and paired reads 257086 ...
[M::mem_process_seqs] Processed 1001 reads in 1.175 CPU sec, 0.150 real sec
[M::mem_process_seqs] Processed 1001 reads in 0.850 CPU sec, 0.114 real sec
[M::mem_process_seqs] Processed 1001 reads in 1.208 CPU sec, 0.156 real sec
[M::mem_process_seqs] Processed 1001 reads in 1.066 CPU sec, 0.136 real sec
106960 [main] INFO main.java.edu.mit.compbio.bisulfitehic.mapping.Bhmem  - Processing reads 261000 ...
106960 [main] INFO main.java.edu.mit.compbio.bisulfitehic.mapping.Bhmem  - Unique mapped and paired reads 259076 ...
106963 [main] INFO main.java.edu.mit.compbio.bisulfitehic.mapping.Bhmem  - Processing reads 262000 ...
106963 [main] INFO main.java.edu.mit.compbio.bisulfitehic.mapping.Bhmem  - Unique mapped and paired reads 259076 ...
[M::mem_process_seqs] Processed 1001 reads in 1.114 CPU sec, 0.142 real sec
[M::mem_process_seqs] Processed 1001 reads in 0.909 CPU sec, 0.120 real sec
[M::mem_process_seqs] Processed 1001 reads in 1.203 CPU sec, 0.152 real sec
[M::mem_process_seqs] Processed 1001 reads in 1.105 CPU sec, 0.140 real sec
107695 [main] INFO main.java.edu.mit.compbio.bisulfitehic.mapping.Bhmem  - Processing reads 263000 ...
107695 [main] INFO main.java.edu.mit.compbio.bisulfitehic.mapping.Bhmem  - Unique mapped and paired reads 261070 ...
107699 [main] INFO main.java.edu.mit.compbio.bisulfitehic.mapping.Bhmem  - Processing reads 264000 ...
107699 [main] INFO main.java.edu.mit.compbio.bisulfitehic.mapping.Bhmem  - Unique mapped and paired reads 261070 ...
[M::mem_process_seqs] Processed 1001 reads in 1.109 CPU sec, 0.142 real sec
[M::mem_process_seqs] Processed 1001 reads in 0.965 CPU sec, 0.124 real sec
[M::mem_process_seqs] Processed 1001 reads in 1.134 CPU sec, 0.145 real sec
[M::mem_process_seqs] Processed 1001 reads in 1.077 CPU sec, 0.136 real sec
108423 [main] INFO main.java.edu.mit.compbio.bisulfitehic.mapping.Bhmem  - Processing reads 265000 ...
108423 [main] INFO main.java.edu.mit.compbio.bisulfitehic.mapping.Bhmem  - Unique mapped and paired reads 263062 ...
108426 [main] INFO main.java.edu.mit.compbio.bisulfitehic.mapping.Bhmem  - Processing reads 266000 ...
108426 [main] INFO main.java.edu.mit.compbio.bisulfitehic.mapping.Bhmem  - Unique mapped and paired reads 263062 ...
[M::mem_process_seqs] Processed 1001 reads in 1.105 CPU sec, 0.144 real sec
[M::mem_process_seqs] Processed 1001 reads in 0.868 CPU sec, 0.112 real sec
[M::mem_process_seqs] Processed 1001 reads in 1.142 CPU sec, 0.145 real sec
[M::mem_process_seqs] Processed 1001 reads in 1.039 CPU sec, 0.131 real sec
109150 [main] INFO main.java.edu.mit.compbio.bisulfitehic.mapping.Bhmem  - Processing reads 267000 ...
109150 [main] INFO main.java.edu.mit.compbio.bisulfitehic.mapping.Bhmem  - Unique mapped and paired reads 265054 ...
109153 [main] INFO main.java.edu.mit.compbio.bisulfitehic.mapping.Bhmem  - Processing reads 268000 ...
109153 [main] INFO main.java.edu.mit.compbio.bisulfitehic.mapping.Bhmem  - Unique mapped and paired reads 265054 ...
[M::mem_process_seqs] Processed 1001 reads in 1.234 CPU sec, 0.158 real sec
[M::mem_process_seqs] Processed 1001 reads in 0.915 CPU sec, 0.122 real sec
[M::mem_process_seqs] Processed 1001 reads in 1.314 CPU sec, 0.169 real sec
[M::mem_process_seqs] Processed 1001 reads in 0.990 CPU sec, 0.126 real sec
109902 [main] INFO main.java.edu.mit.compbio.bisulfitehic.mapping.Bhmem  - Processing reads 269000 ...
109902 [main] INFO main.java.edu.mit.compbio.bisulfitehic.mapping.Bhmem  - Unique mapped and paired reads 267046 ...
109905 [main] INFO main.java.edu.mit.compbio.bisulfitehic.mapping.Bhmem  - Processing reads 270000 ...
109905 [main] INFO main.java.edu.mit.compbio.bisulfitehic.mapping.Bhmem  - Unique mapped and paired reads 267046 ...
[M::mem_process_seqs] Processed 1001 reads in 1.172 CPU sec, 0.149 real sec
[M::mem_process_seqs] Processed 1001 reads in 0.946 CPU sec, 0.121 real sec
[M::mem_process_seqs] Processed 1001 reads in 1.213 CPU sec, 0.154 real sec
[M::mem_process_seqs] Processed 1001 reads in 1.108 CPU sec, 0.141 real sec
110666 [main] INFO main.java.edu.mit.compbio.bisulfitehic.mapping.Bhmem  - Processing reads 271000 ...
110666 [main] INFO main.java.edu.mit.compbio.bisulfitehic.mapping.Bhmem  - Unique mapped and paired reads 269032 ...
110669 [main] INFO main.java.edu.mit.compbio.bisulfitehic.mapping.Bhmem  - Processing reads 272000 ...
110669 [main] INFO main.java.edu.mit.compbio.bisulfitehic.mapping.Bhmem  - Unique mapped and paired reads 269032 ...
[M::mem_process_seqs] Processed 1001 reads in 1.088 CPU sec, 0.138 real sec
[M::mem_process_seqs] Processed 1001 reads in 0.899 CPU sec, 0.116 real sec
[M::mem_process_seqs] Processed 1001 reads in 1.104 CPU sec, 0.142 real sec
[M::mem_process_seqs] Processed 1001 reads in 1.053 CPU sec, 0.133 real sec
111376 [main] INFO main.java.edu.mit.compbio.bisulfitehic.mapping.Bhmem  - Processing reads 273000 ...
111376 [main] INFO main.java.edu.mit.compbio.bisulfitehic.mapping.Bhmem  - Unique mapped and paired reads 271018 ...
111379 [main] INFO main.java.edu.mit.compbio.bisulfitehic.mapping.Bhmem  - Processing reads 274000 ...
111379 [main] INFO main.java.edu.mit.compbio.bisulfitehic.mapping.Bhmem  - Unique mapped and paired reads 271018 ...
[M::mem_process_seqs] Processed 1001 reads in 1.115 CPU sec, 0.151 real sec
[M::mem_process_seqs] Processed 1001 reads in 0.957 CPU sec, 0.129 real sec
[M::mem_process_seqs] Processed 1001 reads in 1.113 CPU sec, 0.145 real sec
[M::mem_process_seqs] Processed 1001 reads in 1.061 CPU sec, 0.138 real sec
112125 [main] INFO main.java.edu.mit.compbio.bisulfitehic.mapping.Bhmem  - Processing reads 275000 ...
112125 [main] INFO main.java.edu.mit.compbio.bisulfitehic.mapping.Bhmem  - Unique mapped and paired reads 273014 ...
112128 [main] INFO main.java.edu.mit.compbio.bisulfitehic.mapping.Bhmem  - Processing reads 276000 ...
112128 [main] INFO main.java.edu.mit.compbio.bisulfitehic.mapping.Bhmem  - Unique mapped and paired reads 273014 ...
[M::mem_process_seqs] Processed 1001 reads in 1.119 CPU sec, 0.145 real sec
[M::mem_process_seqs] Processed 1001 reads in 0.878 CPU sec, 0.111 real sec
[M::mem_process_seqs] Processed 1001 reads in 1.165 CPU sec, 0.148 real sec
[M::mem_process_seqs] Processed 1001 reads in 1.039 CPU sec, 0.134 real sec
112840 [main] INFO main.java.edu.mit.compbio.bisulfitehic.mapping.Bhmem  - Processing reads 277000 ...
112841 [main] INFO main.java.edu.mit.compbio.bisulfitehic.mapping.Bhmem  - Unique mapped and paired reads 275006 ...
112844 [main] INFO main.java.edu.mit.compbio.bisulfitehic.mapping.Bhmem  - Processing reads 278000 ...
112844 [main] INFO main.java.edu.mit.compbio.bisulfitehic.mapping.Bhmem  - Unique mapped and paired reads 275006 ...
[M::mem_process_seqs] Processed 1001 reads in 1.185 CPU sec, 0.153 real sec
[M::mem_process_seqs] Processed 1001 reads in 0.887 CPU sec, 0.113 real sec
[M::mem_process_seqs] Processed 1001 reads in 1.166 CPU sec, 0.150 real sec
[M::mem_process_seqs] Processed 1001 reads in 1.070 CPU sec, 0.137 real sec
113577 [main] INFO main.java.edu.mit.compbio.bisulfitehic.mapping.Bhmem  - Processing reads 279000 ...
113577 [main] INFO main.java.edu.mit.compbio.bisulfitehic.mapping.Bhmem  - Unique mapped and paired reads 277006 ...
113581 [main] INFO main.java.edu.mit.compbio.bisulfitehic.mapping.Bhmem  - Processing reads 280000 ...
113581 [main] INFO main.java.edu.mit.compbio.bisulfitehic.mapping.Bhmem  - Unique mapped and paired reads 277006 ...
[M::mem_process_seqs] Processed 1001 reads in 1.180 CPU sec, 0.149 real sec
[M::mem_process_seqs] Processed 1001 reads in 0.933 CPU sec, 0.121 real sec
[M::mem_process_seqs] Processed 1001 reads in 1.213 CPU sec, 0.153 real sec
[M::mem_process_seqs] Processed 1001 reads in 1.026 CPU sec, 0.134 real sec
114393 [main] INFO main.java.edu.mit.compbio.bisulfitehic.mapping.Bhmem  - Processing reads 281000 ...
114393 [main] INFO main.java.edu.mit.compbio.bisulfitehic.mapping.Bhmem  - Unique mapped and paired reads 279000 ...
114397 [main] INFO main.java.edu.mit.compbio.bisulfitehic.mapping.Bhmem  - Processing reads 282000 ...
114397 [main] INFO main.java.edu.mit.compbio.bisulfitehic.mapping.Bhmem  - Unique mapped and paired reads 279000 ...
[M::mem_process_seqs] Processed 1001 reads in 1.140 CPU sec, 0.144 real sec
[M::mem_process_seqs] Processed 1001 reads in 0.850 CPU sec, 0.108 real sec
[M::mem_process_seqs] Processed 1001 reads in 1.120 CPU sec, 0.142 real sec
[M::mem_process_seqs] Processed 1001 reads in 0.950 CPU sec, 0.120 real sec
115106 [main] INFO main.java.edu.mit.compbio.bisulfitehic.mapping.Bhmem  - Processing reads 283000 ...
115106 [main] INFO main.java.edu.mit.compbio.bisulfitehic.mapping.Bhmem  - Unique mapped and paired reads 280998 ...
115109 [main] INFO main.java.edu.mit.compbio.bisulfitehic.mapping.Bhmem  - Processing reads 284000 ...
115109 [main] INFO main.java.edu.mit.compbio.bisulfitehic.mapping.Bhmem  - Unique mapped and paired reads 280998 ...
[M::mem_process_seqs] Processed 1001 reads in 1.143 CPU sec, 0.144 real sec
[M::mem_process_seqs] Processed 1001 reads in 0.899 CPU sec, 0.116 real sec
[M::mem_process_seqs] Processed 1001 reads in 1.270 CPU sec, 0.161 real sec
[M::mem_process_seqs] Processed 1001 reads in 1.043 CPU sec, 0.132 real sec
115840 [main] INFO main.java.edu.mit.compbio.bisulfitehic.mapping.Bhmem  - Processing reads 285000 ...
115840 [main] INFO main.java.edu.mit.compbio.bisulfitehic.mapping.Bhmem  - Unique mapped and paired reads 282996 ...
115843 [main] INFO main.java.edu.mit.compbio.bisulfitehic.mapping.Bhmem  - Processing reads 286000 ...
115843 [main] INFO main.java.edu.mit.compbio.bisulfitehic.mapping.Bhmem  - Unique mapped and paired reads 282996 ...
[M::mem_process_seqs] Processed 1001 reads in 1.107 CPU sec, 0.140 real sec
[M::mem_process_seqs] Processed 1001 reads in 0.874 CPU sec, 0.113 real sec
[M::mem_process_seqs] Processed 1001 reads in 1.148 CPU sec, 0.146 real sec
[M::mem_process_seqs] Processed 1001 reads in 0.999 CPU sec, 0.127 real sec
116548 [main] INFO main.java.edu.mit.compbio.bisulfitehic.mapping.Bhmem  - Processing reads 287000 ...
116549 [main] INFO main.java.edu.mit.compbio.bisulfitehic.mapping.Bhmem  - Unique mapped and paired reads 284986 ...
116552 [main] INFO main.java.edu.mit.compbio.bisulfitehic.mapping.Bhmem  - Processing reads 288000 ...
116552 [main] INFO main.java.edu.mit.compbio.bisulfitehic.mapping.Bhmem  - Unique mapped and paired reads 284986 ...
[M::mem_process_seqs] Processed 1001 reads in 1.102 CPU sec, 0.140 real sec
[M::mem_process_seqs] Processed 1001 reads in 0.907 CPU sec, 0.115 real sec
[M::mem_process_seqs] Processed 1001 reads in 1.178 CPU sec, 0.149 real sec
[M::mem_process_seqs] Processed 1001 reads in 1.059 CPU sec, 0.134 real sec
117267 [main] INFO main.java.edu.mit.compbio.bisulfitehic.mapping.Bhmem  - Processing reads 289000 ...
117267 [main] INFO main.java.edu.mit.compbio.bisulfitehic.mapping.Bhmem  - Unique mapped and paired reads 286980 ...
117271 [main] INFO main.java.edu.mit.compbio.bisulfitehic.mapping.Bhmem  - Processing reads 290000 ...
117271 [main] INFO main.java.edu.mit.compbio.bisulfitehic.mapping.Bhmem  - Unique mapped and paired reads 286980 ...
[M::mem_process_seqs] Processed 1001 reads in 1.121 CPU sec, 0.143 real sec
[M::mem_process_seqs] Processed 1001 reads in 0.873 CPU sec, 0.111 real sec
[M::mem_process_seqs] Processed 1001 reads in 1.148 CPU sec, 0.153 real sec
[M::mem_process_seqs] Processed 1001 reads in 1.013 CPU sec, 0.129 real sec
118003 [main] INFO main.java.edu.mit.compbio.bisulfitehic.mapping.Bhmem  - Processing reads 291000 ...
118003 [main] INFO main.java.edu.mit.compbio.bisulfitehic.mapping.Bhmem  - Unique mapped and paired reads 288976 ...
118006 [main] INFO main.java.edu.mit.compbio.bisulfitehic.mapping.Bhmem  - Processing reads 292000 ...
118006 [main] INFO main.java.edu.mit.compbio.bisulfitehic.mapping.Bhmem  - Unique mapped and paired reads 288976 ...
[M::mem_process_seqs] Processed 1001 reads in 1.126 CPU sec, 0.143 real sec
[M::mem_process_seqs] Processed 1001 reads in 0.960 CPU sec, 0.130 real sec
[M::mem_process_seqs] Processed 1001 reads in 1.381 CPU sec, 0.177 real sec
[M::mem_process_seqs] Processed 1001 reads in 1.113 CPU sec, 0.142 real sec
118779 [main] INFO main.java.edu.mit.compbio.bisulfitehic.mapping.Bhmem  - Processing reads 293000 ...
118779 [main] INFO main.java.edu.mit.compbio.bisulfitehic.mapping.Bhmem  - Unique mapped and paired reads 290970 ...
118782 [main] INFO main.java.edu.mit.compbio.bisulfitehic.mapping.Bhmem  - Processing reads 294000 ...
118782 [main] INFO main.java.edu.mit.compbio.bisulfitehic.mapping.Bhmem  - Unique mapped and paired reads 290970 ...
[M::mem_process_seqs] Processed 1001 reads in 1.143 CPU sec, 0.146 real sec
[M::mem_process_seqs] Processed 1001 reads in 0.954 CPU sec, 0.121 real sec
[M::mem_process_seqs] Processed 1001 reads in 1.214 CPU sec, 0.153 real sec
[M::mem_process_seqs] Processed 1001 reads in 1.042 CPU sec, 0.131 real sec
119529 [main] INFO main.java.edu.mit.compbio.bisulfitehic.mapping.Bhmem  - Processing reads 295000 ...
119529 [main] INFO main.java.edu.mit.compbio.bisulfitehic.mapping.Bhmem  - Unique mapped and paired reads 292964 ...
119533 [main] INFO main.java.edu.mit.compbio.bisulfitehic.mapping.Bhmem  - Processing reads 296000 ...
119533 [main] INFO main.java.edu.mit.compbio.bisulfitehic.mapping.Bhmem  - Unique mapped and paired reads 292964 ...
[M::mem_process_seqs] Processed 1001 reads in 1.312 CPU sec, 0.166 real sec
[M::mem_process_seqs] Processed 1001 reads in 1.014 CPU sec, 0.132 real sec
[M::mem_process_seqs] Processed 1001 reads in 1.300 CPU sec, 0.170 real sec
[M::mem_process_seqs] Processed 1001 reads in 1.156 CPU sec, 0.152 real sec
120335 [main] INFO main.java.edu.mit.compbio.bisulfitehic.mapping.Bhmem  - Processing reads 297000 ...
120335 [main] INFO main.java.edu.mit.compbio.bisulfitehic.mapping.Bhmem  - Unique mapped and paired reads 294958 ...
120338 [main] INFO main.java.edu.mit.compbio.bisulfitehic.mapping.Bhmem  - Processing reads 298000 ...
120338 [main] INFO main.java.edu.mit.compbio.bisulfitehic.mapping.Bhmem  - Unique mapped and paired reads 294958 ...
[M::mem_process_seqs] Processed 1001 reads in 1.178 CPU sec, 0.149 real sec
[M::mem_process_seqs] Processed 1001 reads in 0.959 CPU sec, 0.123 real sec
[M::mem_process_seqs] Processed 1001 reads in 1.280 CPU sec, 0.165 real sec
[M::mem_process_seqs] Processed 1001 reads in 1.162 CPU sec, 0.147 real sec
121108 [main] INFO main.java.edu.mit.compbio.bisulfitehic.mapping.Bhmem  - Processing reads 299000 ...
121108 [main] INFO main.java.edu.mit.compbio.bisulfitehic.mapping.Bhmem  - Unique mapped and paired reads 296952 ...
121111 [main] INFO main.java.edu.mit.compbio.bisulfitehic.mapping.Bhmem  - Processing reads 300000 ...
121111 [main] INFO main.java.edu.mit.compbio.bisulfitehic.mapping.Bhmem  - Unique mapped and paired reads 296952 ...
[M::mem_process_seqs] Processed 1001 reads in 1.253 CPU sec, 0.159 real sec
[M::mem_process_seqs] Processed 1001 reads in 1.011 CPU sec, 0.129 real sec
[M::mem_process_seqs] Processed 1001 reads in 1.289 CPU sec, 0.165 real sec
[M::mem_process_seqs] Processed 1001 reads in 1.107 CPU sec, 0.143 real sec
121901 [main] INFO main.java.edu.mit.compbio.bisulfitehic.mapping.Bhmem  - Processing reads 301000 ...
121901 [main] INFO main.java.edu.mit.compbio.bisulfitehic.mapping.Bhmem  - Unique mapped and paired reads 298948 ...
121904 [main] INFO main.java.edu.mit.compbio.bisulfitehic.mapping.Bhmem  - Processing reads 302000 ...
121904 [main] INFO main.java.edu.mit.compbio.bisulfitehic.mapping.Bhmem  - Unique mapped and paired reads 298948 ...
[M::mem_process_seqs] Processed 1001 reads in 1.243 CPU sec, 0.158 real sec
[M::mem_process_seqs] Processed 1001 reads in 0.967 CPU sec, 0.136 real sec
[M::mem_process_seqs] Processed 1001 reads in 1.326 CPU sec, 0.170 real sec
[M::mem_process_seqs] Processed 1001 reads in 1.126 CPU sec, 0.143 real sec
122690 [main] INFO main.java.edu.mit.compbio.bisulfitehic.mapping.Bhmem  - Processing reads 303000 ...
122690 [main] INFO main.java.edu.mit.compbio.bisulfitehic.mapping.Bhmem  - Unique mapped and paired reads 300948 ...
122693 [main] INFO main.java.edu.mit.compbio.bisulfitehic.mapping.Bhmem  - Processing reads 304000 ...
122693 [main] INFO main.java.edu.mit.compbio.bisulfitehic.mapping.Bhmem  - Unique mapped and paired reads 300948 ...
[M::mem_process_seqs] Processed 1001 reads in 1.219 CPU sec, 0.155 real sec
[M::mem_process_seqs] Processed 1001 reads in 0.999 CPU sec, 0.127 real sec
[M::mem_process_seqs] Processed 1001 reads in 1.271 CPU sec, 0.161 real sec
[M::mem_process_seqs] Processed 1001 reads in 1.100 CPU sec, 0.140 real sec
123466 [main] INFO main.java.edu.mit.compbio.bisulfitehic.mapping.Bhmem  - Processing reads 305000 ...
123466 [main] INFO main.java.edu.mit.compbio.bisulfitehic.mapping.Bhmem  - Unique mapped and paired reads 302940 ...
123469 [main] INFO main.java.edu.mit.compbio.bisulfitehic.mapping.Bhmem  - Processing reads 306000 ...
123469 [main] INFO main.java.edu.mit.compbio.bisulfitehic.mapping.Bhmem  - Unique mapped and paired reads 302940 ...
[M::mem_process_seqs] Processed 1001 reads in 1.172 CPU sec, 0.149 real sec
[M::mem_process_seqs] Processed 1001 reads in 0.958 CPU sec, 0.122 real sec
[M::mem_process_seqs] Processed 1001 reads in 1.382 CPU sec, 0.177 real sec
[M::mem_process_seqs] Processed 1001 reads in 1.110 CPU sec, 0.142 real sec
124240 [main] INFO main.java.edu.mit.compbio.bisulfitehic.mapping.Bhmem  - Processing reads 307000 ...
124240 [main] INFO main.java.edu.mit.compbio.bisulfitehic.mapping.Bhmem  - Unique mapped and paired reads 304936 ...
124243 [main] INFO main.java.edu.mit.compbio.bisulfitehic.mapping.Bhmem  - Processing reads 308000 ...
124243 [main] INFO main.java.edu.mit.compbio.bisulfitehic.mapping.Bhmem  - Unique mapped and paired reads 304936 ...
[M::mem_process_seqs] Processed 1001 reads in 1.236 CPU sec, 0.157 real sec
[M::mem_process_seqs] Processed 1001 reads in 0.994 CPU sec, 0.128 real sec
[M::mem_process_seqs] Processed 1001 reads in 1.326 CPU sec, 0.167 real sec
[M::mem_process_seqs] Processed 1001 reads in 1.112 CPU sec, 0.140 real sec
125023 [main] INFO main.java.edu.mit.compbio.bisulfitehic.mapping.Bhmem  - Processing reads 309000 ...
125023 [main] INFO main.java.edu.mit.compbio.bisulfitehic.mapping.Bhmem  - Unique mapped and paired reads 306928 ...
125026 [main] INFO main.java.edu.mit.compbio.bisulfitehic.mapping.Bhmem  - Processing reads 310000 ...
125026 [main] INFO main.java.edu.mit.compbio.bisulfitehic.mapping.Bhmem  - Unique mapped and paired reads 306928 ...
[M::mem_process_seqs] Processed 1001 reads in 1.254 CPU sec, 0.161 real sec
[M::mem_process_seqs] Processed 1001 reads in 0.947 CPU sec, 0.131 real sec
[M::mem_process_seqs] Processed 1001 reads in 1.302 CPU sec, 0.165 real sec
[M::mem_process_seqs] Processed 1001 reads in 1.026 CPU sec, 0.142 real sec
125808 [main] INFO main.java.edu.mit.compbio.bisulfitehic.mapping.Bhmem  - Processing reads 311000 ...
125808 [main] INFO main.java.edu.mit.compbio.bisulfitehic.mapping.Bhmem  - Unique mapped and paired reads 308916 ...
125811 [main] INFO main.java.edu.mit.compbio.bisulfitehic.mapping.Bhmem  - Processing reads 312000 ...
125811 [main] INFO main.java.edu.mit.compbio.bisulfitehic.mapping.Bhmem  - Unique mapped and paired reads 308916 ...
[M::mem_process_seqs] Processed 1001 reads in 1.219 CPU sec, 0.158 real sec
[M::mem_process_seqs] Processed 1001 reads in 0.935 CPU sec, 0.118 real sec
[M::mem_process_seqs] Processed 1001 reads in 1.249 CPU sec, 0.161 real sec
[M::mem_process_seqs] Processed 1001 reads in 1.078 CPU sec, 0.142 real sec
126577 [main] INFO main.java.edu.mit.compbio.bisulfitehic.mapping.Bhmem  - Processing reads 313000 ...
126577 [main] INFO main.java.edu.mit.compbio.bisulfitehic.mapping.Bhmem  - Unique mapped and paired reads 310908 ...
126580 [main] INFO main.java.edu.mit.compbio.bisulfitehic.mapping.Bhmem  - Processing reads 314000 ...
126580 [main] INFO main.java.edu.mit.compbio.bisulfitehic.mapping.Bhmem  - Unique mapped and paired reads 310908 ...
[M::mem_process_seqs] Processed 1001 reads in 1.245 CPU sec, 0.159 real sec
[M::mem_process_seqs] Processed 1001 reads in 0.974 CPU sec, 0.126 real sec
[M::mem_process_seqs] Processed 1001 reads in 1.380 CPU sec, 0.177 real sec
[M::mem_process_seqs] Processed 1001 reads in 1.211 CPU sec, 0.156 real sec
127380 [main] INFO main.java.edu.mit.compbio.bisulfitehic.mapping.Bhmem  - Processing reads 315000 ...
127380 [main] INFO main.java.edu.mit.compbio.bisulfitehic.mapping.Bhmem  - Unique mapped and paired reads 312900 ...
127383 [main] INFO main.java.edu.mit.compbio.bisulfitehic.mapping.Bhmem  - Processing reads 316000 ...
127383 [main] INFO main.java.edu.mit.compbio.bisulfitehic.mapping.Bhmem  - Unique mapped and paired reads 312900 ...
[M::mem_process_seqs] Processed 1001 reads in 1.318 CPU sec, 0.168 real sec
[M::mem_process_seqs] Processed 1001 reads in 1.000 CPU sec, 0.130 real sec
[M::mem_process_seqs] Processed 1001 reads in 1.377 CPU sec, 0.175 real sec
[M::mem_process_seqs] Processed 1001 reads in 1.124 CPU sec, 0.142 real sec
128184 [main] INFO main.java.edu.mit.compbio.bisulfitehic.mapping.Bhmem  - Processing reads 317000 ...
128184 [main] INFO main.java.edu.mit.compbio.bisulfitehic.mapping.Bhmem  - Unique mapped and paired reads 314896 ...
128187 [main] INFO main.java.edu.mit.compbio.bisulfitehic.mapping.Bhmem  - Processing reads 318000 ...
128187 [main] INFO main.java.edu.mit.compbio.bisulfitehic.mapping.Bhmem  - Unique mapped and paired reads 314896 ...
[M::mem_process_seqs] Processed 1001 reads in 1.089 CPU sec, 0.145 real sec
[M::mem_process_seqs] Processed 1001 reads in 0.990 CPU sec, 0.134 real sec
[M::mem_process_seqs] Processed 1001 reads in 1.182 CPU sec, 0.153 real sec
[M::mem_process_seqs] Processed 1001 reads in 1.115 CPU sec, 0.149 real sec
128944 [main] INFO main.java.edu.mit.compbio.bisulfitehic.mapping.Bhmem  - Processing reads 319000 ...
128944 [main] INFO main.java.edu.mit.compbio.bisulfitehic.mapping.Bhmem  - Unique mapped and paired reads 316880 ...
128947 [main] INFO main.java.edu.mit.compbio.bisulfitehic.mapping.Bhmem  - Processing reads 320000 ...
128947 [main] INFO main.java.edu.mit.compbio.bisulfitehic.mapping.Bhmem  - Unique mapped and paired reads 316880 ...
[M::mem_process_seqs] Processed 1001 reads in 1.310 CPU sec, 0.168 real sec
[M::mem_process_seqs] Processed 1001 reads in 0.995 CPU sec, 0.131 real sec
[M::mem_process_seqs] Processed 1001 reads in 1.333 CPU sec, 0.172 real sec
[M::mem_process_seqs] Processed 1001 reads in 1.163 CPU sec, 0.149 real sec
129747 [main] INFO main.java.edu.mit.compbio.bisulfitehic.mapping.Bhmem  - Processing reads 321000 ...
129747 [main] INFO main.java.edu.mit.compbio.bisulfitehic.mapping.Bhmem  - Unique mapped and paired reads 318866 ...
129750 [main] INFO main.java.edu.mit.compbio.bisulfitehic.mapping.Bhmem  - Processing reads 322000 ...
129750 [main] INFO main.java.edu.mit.compbio.bisulfitehic.mapping.Bhmem  - Unique mapped and paired reads 318866 ...
[M::mem_process_seqs] Processed 1001 reads in 1.090 CPU sec, 0.139 real sec
[M::mem_process_seqs] Processed 1001 reads in 0.957 CPU sec, 0.123 real sec
[M::mem_process_seqs] Processed 1001 reads in 1.152 CPU sec, 0.147 real sec
[M::mem_process_seqs] Processed 1001 reads in 1.117 CPU sec, 0.143 real sec
130482 [main] INFO main.java.edu.mit.compbio.bisulfitehic.mapping.Bhmem  - Processing reads 323000 ...
130482 [main] INFO main.java.edu.mit.compbio.bisulfitehic.mapping.Bhmem  - Unique mapped and paired reads 320858 ...
130485 [main] INFO main.java.edu.mit.compbio.bisulfitehic.mapping.Bhmem  - Processing reads 324000 ...
130485 [main] INFO main.java.edu.mit.compbio.bisulfitehic.mapping.Bhmem  - Unique mapped and paired reads 320858 ...
[M::mem_process_seqs] Processed 1001 reads in 1.190 CPU sec, 0.152 real sec
[M::mem_process_seqs] Processed 1001 reads in 0.958 CPU sec, 0.122 real sec
[M::mem_process_seqs] Processed 1001 reads in 1.226 CPU sec, 0.159 real sec
[M::mem_process_seqs] Processed 1001 reads in 1.122 CPU sec, 0.145 real sec
131247 [main] INFO main.java.edu.mit.compbio.bisulfitehic.mapping.Bhmem  - Processing reads 325000 ...
131247 [main] INFO main.java.edu.mit.compbio.bisulfitehic.mapping.Bhmem  - Unique mapped and paired reads 322858 ...
131250 [main] INFO main.java.edu.mit.compbio.bisulfitehic.mapping.Bhmem  - Processing reads 326000 ...
131250 [main] INFO main.java.edu.mit.compbio.bisulfitehic.mapping.Bhmem  - Unique mapped and paired reads 322858 ...
[M::mem_process_seqs] Processed 1001 reads in 1.149 CPU sec, 0.148 real sec
[M::mem_process_seqs] Processed 1001 reads in 0.936 CPU sec, 0.119 real sec
[M::mem_process_seqs] Processed 1001 reads in 1.233 CPU sec, 0.156 real sec
[M::mem_process_seqs] Processed 1001 reads in 1.069 CPU sec, 0.137 real sec
131987 [main] INFO main.java.edu.mit.compbio.bisulfitehic.mapping.Bhmem  - Processing reads 327000 ...
131987 [main] INFO main.java.edu.mit.compbio.bisulfitehic.mapping.Bhmem  - Unique mapped and paired reads 324848 ...
131995 [main] INFO main.java.edu.mit.compbio.bisulfitehic.mapping.Bhmem  - Processing reads 328000 ...
131995 [main] INFO main.java.edu.mit.compbio.bisulfitehic.mapping.Bhmem  - Unique mapped and paired reads 324848 ...
[M::mem_process_seqs] Processed 1001 reads in 1.171 CPU sec, 0.151 real sec
[M::mem_process_seqs] Processed 1001 reads in 0.946 CPU sec, 0.121 real sec
[M::mem_process_seqs] Processed 1001 reads in 1.229 CPU sec, 0.161 real sec
[M::mem_process_seqs] Processed 1001 reads in 1.120 CPU sec, 0.142 real sec
132751 [main] INFO main.java.edu.mit.compbio.bisulfitehic.mapping.Bhmem  - Processing reads 329000 ...
132751 [main] INFO main.java.edu.mit.compbio.bisulfitehic.mapping.Bhmem  - Unique mapped and paired reads 326840 ...
132754 [main] INFO main.java.edu.mit.compbio.bisulfitehic.mapping.Bhmem  - Processing reads 330000 ...
132754 [main] INFO main.java.edu.mit.compbio.bisulfitehic.mapping.Bhmem  - Unique mapped and paired reads 326840 ...
[M::mem_process_seqs] Processed 1001 reads in 1.209 CPU sec, 0.155 real sec
[M::mem_process_seqs] Processed 1001 reads in 1.017 CPU sec, 0.135 real sec
[M::mem_process_seqs] Processed 1001 reads in 1.253 CPU sec, 0.160 real sec
[M::mem_process_seqs] Processed 1001 reads in 1.090 CPU sec, 0.139 real sec
133525 [main] INFO main.java.edu.mit.compbio.bisulfitehic.mapping.Bhmem  - Processing reads 331000 ...
133525 [main] INFO main.java.edu.mit.compbio.bisulfitehic.mapping.Bhmem  - Unique mapped and paired reads 328840 ...
133528 [main] INFO main.java.edu.mit.compbio.bisulfitehic.mapping.Bhmem  - Processing reads 332000 ...
133528 [main] INFO main.java.edu.mit.compbio.bisulfitehic.mapping.Bhmem  - Unique mapped and paired reads 328840 ...
[M::mem_process_seqs] Processed 1001 reads in 1.145 CPU sec, 0.147 real sec
[M::mem_process_seqs] Processed 1001 reads in 0.889 CPU sec, 0.114 real sec
[M::mem_process_seqs] Processed 1001 reads in 1.303 CPU sec, 0.167 real sec
[M::mem_process_seqs] Processed 1001 reads in 1.087 CPU sec, 0.140 real sec
134274 [main] INFO main.java.edu.mit.compbio.bisulfitehic.mapping.Bhmem  - Processing reads 333000 ...
134274 [main] INFO main.java.edu.mit.compbio.bisulfitehic.mapping.Bhmem  - Unique mapped and paired reads 330830 ...
134277 [main] INFO main.java.edu.mit.compbio.bisulfitehic.mapping.Bhmem  - Processing reads 334000 ...
134277 [main] INFO main.java.edu.mit.compbio.bisulfitehic.mapping.Bhmem  - Unique mapped and paired reads 330830 ...
[M::mem_process_seqs] Processed 1001 reads in 1.297 CPU sec, 0.165 real sec
[M::mem_process_seqs] Processed 1001 reads in 0.921 CPU sec, 0.118 real sec
[M::mem_process_seqs] Processed 1001 reads in 1.269 CPU sec, 0.162 real sec
[M::mem_process_seqs] Processed 1001 reads in 1.078 CPU sec, 0.137 real sec
135035 [main] INFO main.java.edu.mit.compbio.bisulfitehic.mapping.Bhmem  - Processing reads 335000 ...
135035 [main] INFO main.java.edu.mit.compbio.bisulfitehic.mapping.Bhmem  - Unique mapped and paired reads 332818 ...
135038 [main] INFO main.java.edu.mit.compbio.bisulfitehic.mapping.Bhmem  - Processing reads 336000 ...
135038 [main] INFO main.java.edu.mit.compbio.bisulfitehic.mapping.Bhmem  - Unique mapped and paired reads 332818 ...
[M::mem_process_seqs] Processed 1001 reads in 1.202 CPU sec, 0.160 real sec
[M::mem_process_seqs] Processed 1001 reads in 0.910 CPU sec, 0.117 real sec
[M::mem_process_seqs] Processed 1001 reads in 1.294 CPU sec, 0.171 real sec
[M::mem_process_seqs] Processed 1001 reads in 1.085 CPU sec, 0.141 real sec
135807 [main] INFO main.java.edu.mit.compbio.bisulfitehic.mapping.Bhmem  - Processing reads 337000 ...
135807 [main] INFO main.java.edu.mit.compbio.bisulfitehic.mapping.Bhmem  - Unique mapped and paired reads 334810 ...
135810 [main] INFO main.java.edu.mit.compbio.bisulfitehic.mapping.Bhmem  - Processing reads 338000 ...
135810 [main] INFO main.java.edu.mit.compbio.bisulfitehic.mapping.Bhmem  - Unique mapped and paired reads 334810 ...
[M::mem_process_seqs] Processed 1001 reads in 1.270 CPU sec, 0.166 real sec
[M::mem_process_seqs] Processed 1001 reads in 1.019 CPU sec, 0.132 real sec
[M::mem_process_seqs] Processed 1001 reads in 1.327 CPU sec, 0.169 real sec
[M::mem_process_seqs] Processed 1001 reads in 1.131 CPU sec, 0.143 real sec
136620 [main] INFO main.java.edu.mit.compbio.bisulfitehic.mapping.Bhmem  - Processing reads 339000 ...
136620 [main] INFO main.java.edu.mit.compbio.bisulfitehic.mapping.Bhmem  - Unique mapped and paired reads 336808 ...
136624 [main] INFO main.java.edu.mit.compbio.bisulfitehic.mapping.Bhmem  - Processing reads 340000 ...
136624 [main] INFO main.java.edu.mit.compbio.bisulfitehic.mapping.Bhmem  - Unique mapped and paired reads 336808 ...
[M::mem_process_seqs] Processed 1001 reads in 1.199 CPU sec, 0.152 real sec
[M::mem_process_seqs] Processed 1001 reads in 0.947 CPU sec, 0.121 real sec
[M::mem_process_seqs] Processed 1001 reads in 1.258 CPU sec, 0.162 real sec
[M::mem_process_seqs] Processed 1001 reads in 1.106 CPU sec, 0.142 real sec
137381 [main] INFO main.java.edu.mit.compbio.bisulfitehic.mapping.Bhmem  - Processing reads 341000 ...
137381 [main] INFO main.java.edu.mit.compbio.bisulfitehic.mapping.Bhmem  - Unique mapped and paired reads 338798 ...
137384 [main] INFO main.java.edu.mit.compbio.bisulfitehic.mapping.Bhmem  - Processing reads 342000 ...
137384 [main] INFO main.java.edu.mit.compbio.bisulfitehic.mapping.Bhmem  - Unique mapped and paired reads 338798 ...
[M::mem_process_seqs] Processed 1001 reads in 1.196 CPU sec, 0.152 real sec
[M::mem_process_seqs] Processed 1001 reads in 1.012 CPU sec, 0.127 real sec
[M::mem_process_seqs] Processed 1001 reads in 1.211 CPU sec, 0.155 real sec
[M::mem_process_seqs] Processed 1001 reads in 1.155 CPU sec, 0.152 real sec
138154 [main] INFO main.java.edu.mit.compbio.bisulfitehic.mapping.Bhmem  - Processing reads 343000 ...
138154 [main] INFO main.java.edu.mit.compbio.bisulfitehic.mapping.Bhmem  - Unique mapped and paired reads 340796 ...
138157 [main] INFO main.java.edu.mit.compbio.bisulfitehic.mapping.Bhmem  - Processing reads 344000 ...
138157 [main] INFO main.java.edu.mit.compbio.bisulfitehic.mapping.Bhmem  - Unique mapped and paired reads 340796 ...
[M::mem_process_seqs] Processed 1001 reads in 1.178 CPU sec, 0.160 real sec
[M::mem_process_seqs] Processed 1001 reads in 0.989 CPU sec, 0.126 real sec
[M::mem_process_seqs] Processed 1001 reads in 1.232 CPU sec, 0.156 real sec
[M::mem_process_seqs] Processed 1001 reads in 1.027 CPU sec, 0.131 real sec
138916 [main] INFO main.java.edu.mit.compbio.bisulfitehic.mapping.Bhmem  - Processing reads 345000 ...
138916 [main] INFO main.java.edu.mit.compbio.bisulfitehic.mapping.Bhmem  - Unique mapped and paired reads 342794 ...
138919 [main] INFO main.java.edu.mit.compbio.bisulfitehic.mapping.Bhmem  - Processing reads 346000 ...
138919 [main] INFO main.java.edu.mit.compbio.bisulfitehic.mapping.Bhmem  - Unique mapped and paired reads 342794 ...
[M::mem_process_seqs] Processed 1001 reads in 1.170 CPU sec, 0.150 real sec
[M::mem_process_seqs] Processed 1001 reads in 0.992 CPU sec, 0.127 real sec
[M::mem_process_seqs] Processed 1001 reads in 1.283 CPU sec, 0.163 real sec
[M::mem_process_seqs] Processed 1001 reads in 1.086 CPU sec, 0.138 real sec
139697 [main] INFO main.java.edu.mit.compbio.bisulfitehic.mapping.Bhmem  - Processing reads 347000 ...
139697 [main] INFO main.java.edu.mit.compbio.bisulfitehic.mapping.Bhmem  - Unique mapped and paired reads 344782 ...
139700 [main] INFO main.java.edu.mit.compbio.bisulfitehic.mapping.Bhmem  - Processing reads 348000 ...
139700 [main] INFO main.java.edu.mit.compbio.bisulfitehic.mapping.Bhmem  - Unique mapped and paired reads 344782 ...
[M::mem_process_seqs] Processed 1001 reads in 1.170 CPU sec, 0.155 real sec
[M::mem_process_seqs] Processed 1001 reads in 0.988 CPU sec, 0.128 real sec
[M::mem_process_seqs] Processed 1001 reads in 1.252 CPU sec, 0.163 real sec
[M::mem_process_seqs] Processed 1001 reads in 1.110 CPU sec, 0.141 real sec
140470 [main] INFO main.java.edu.mit.compbio.bisulfitehic.mapping.Bhmem  - Processing reads 349000 ...
140470 [main] INFO main.java.edu.mit.compbio.bisulfitehic.mapping.Bhmem  - Unique mapped and paired reads 346778 ...
140473 [main] INFO main.java.edu.mit.compbio.bisulfitehic.mapping.Bhmem  - Processing reads 350000 ...
140473 [main] INFO main.java.edu.mit.compbio.bisulfitehic.mapping.Bhmem  - Unique mapped and paired reads 346778 ...
[M::mem_process_seqs] Processed 1001 reads in 1.118 CPU sec, 0.146 real sec
[M::mem_process_seqs] Processed 1001 reads in 0.981 CPU sec, 0.128 real sec
[M::mem_process_seqs] Processed 1001 reads in 1.182 CPU sec, 0.150 real sec
[M::mem_process_seqs] Processed 1001 reads in 1.094 CPU sec, 0.143 real sec
141236 [main] INFO main.java.edu.mit.compbio.bisulfitehic.mapping.Bhmem  - Processing reads 351000 ...
141236 [main] INFO main.java.edu.mit.compbio.bisulfitehic.mapping.Bhmem  - Unique mapped and paired reads 348772 ...
141239 [main] INFO main.java.edu.mit.compbio.bisulfitehic.mapping.Bhmem  - Processing reads 352000 ...
141240 [main] INFO main.java.edu.mit.compbio.bisulfitehic.mapping.Bhmem  - Unique mapped and paired reads 348772 ...
[M::mem_process_seqs] Processed 1001 reads in 1.201 CPU sec, 0.158 real sec
[M::mem_process_seqs] Processed 1001 reads in 0.940 CPU sec, 0.119 real sec
[M::mem_process_seqs] Processed 1001 reads in 1.376 CPU sec, 0.179 real sec
[M::mem_process_seqs] Processed 1001 reads in 1.142 CPU sec, 0.145 real sec
142022 [main] INFO main.java.edu.mit.compbio.bisulfitehic.mapping.Bhmem  - Processing reads 353000 ...
142022 [main] INFO main.java.edu.mit.compbio.bisulfitehic.mapping.Bhmem  - Unique mapped and paired reads 350764 ...
142025 [main] INFO main.java.edu.mit.compbio.bisulfitehic.mapping.Bhmem  - Processing reads 354000 ...
142025 [main] INFO main.java.edu.mit.compbio.bisulfitehic.mapping.Bhmem  - Unique mapped and paired reads 350764 ...
[M::mem_process_seqs] Processed 1001 reads in 1.142 CPU sec, 0.146 real sec
[M::mem_process_seqs] Processed 1001 reads in 0.963 CPU sec, 0.125 real sec
[M::mem_process_seqs] Processed 1001 reads in 1.255 CPU sec, 0.161 real sec
[M::mem_process_seqs] Processed 1001 reads in 1.135 CPU sec, 0.144 real sec
142794 [main] INFO main.java.edu.mit.compbio.bisulfitehic.mapping.Bhmem  - Processing reads 355000 ...
142794 [main] INFO main.java.edu.mit.compbio.bisulfitehic.mapping.Bhmem  - Unique mapped and paired reads 352754 ...
142797 [main] INFO main.java.edu.mit.compbio.bisulfitehic.mapping.Bhmem  - Processing reads 356000 ...
142797 [main] INFO main.java.edu.mit.compbio.bisulfitehic.mapping.Bhmem  - Unique mapped and paired reads 352754 ...
[M::mem_process_seqs] Processed 1001 reads in 1.192 CPU sec, 0.153 real sec
[M::mem_process_seqs] Processed 1001 reads in 0.921 CPU sec, 0.119 real sec
[M::mem_process_seqs] Processed 1001 reads in 1.259 CPU sec, 0.159 real sec
[M::mem_process_seqs] Processed 1001 reads in 1.098 CPU sec, 0.140 real sec
143547 [main] INFO main.java.edu.mit.compbio.bisulfitehic.mapping.Bhmem  - Processing reads 357000 ...
143548 [main] INFO main.java.edu.mit.compbio.bisulfitehic.mapping.Bhmem  - Unique mapped and paired reads 354750 ...
143551 [main] INFO main.java.edu.mit.compbio.bisulfitehic.mapping.Bhmem  - Processing reads 358000 ...
143551 [main] INFO main.java.edu.mit.compbio.bisulfitehic.mapping.Bhmem  - Unique mapped and paired reads 354750 ...
[M::mem_process_seqs] Processed 1001 reads in 1.199 CPU sec, 0.152 real sec
[M::mem_process_seqs] Processed 1001 reads in 0.983 CPU sec, 0.126 real sec
[M::mem_process_seqs] Processed 1001 reads in 1.261 CPU sec, 0.160 real sec
[M::mem_process_seqs] Processed 1001 reads in 1.084 CPU sec, 0.137 real sec
144306 [main] INFO main.java.edu.mit.compbio.bisulfitehic.mapping.Bhmem  - Processing reads 359000 ...
144306 [main] INFO main.java.edu.mit.compbio.bisulfitehic.mapping.Bhmem  - Unique mapped and paired reads 356738 ...
144309 [main] INFO main.java.edu.mit.compbio.bisulfitehic.mapping.Bhmem  - Processing reads 360000 ...
144309 [main] INFO main.java.edu.mit.compbio.bisulfitehic.mapping.Bhmem  - Unique mapped and paired reads 356738 ...
[M::mem_process_seqs] Processed 1001 reads in 1.221 CPU sec, 0.155 real sec
[M::mem_process_seqs] Processed 1001 reads in 1.021 CPU sec, 0.130 real sec
[M::mem_process_seqs] Processed 1001 reads in 1.313 CPU sec, 0.167 real sec
[M::mem_process_seqs] Processed 1001 reads in 1.135 CPU sec, 0.144 real sec
145079 [main] INFO main.java.edu.mit.compbio.bisulfitehic.mapping.Bhmem  - Processing reads 361000 ...
145079 [main] INFO main.java.edu.mit.compbio.bisulfitehic.mapping.Bhmem  - Unique mapped and paired reads 358726 ...
145082 [main] INFO main.java.edu.mit.compbio.bisulfitehic.mapping.Bhmem  - Processing reads 362000 ...
145082 [main] INFO main.java.edu.mit.compbio.bisulfitehic.mapping.Bhmem  - Unique mapped and paired reads 358726 ...
[M::mem_process_seqs] Processed 1001 reads in 1.127 CPU sec, 0.143 real sec
[M::mem_process_seqs] Processed 1001 reads in 0.927 CPU sec, 0.122 real sec
[M::mem_process_seqs] Processed 1001 reads in 1.252 CPU sec, 0.166 real sec
[M::mem_process_seqs] Processed 1001 reads in 1.135 CPU sec, 0.163 real sec
145865 [main] INFO main.java.edu.mit.compbio.bisulfitehic.mapping.Bhmem  - Processing reads 363000 ...
145865 [main] INFO main.java.edu.mit.compbio.bisulfitehic.mapping.Bhmem  - Unique mapped and paired reads 360716 ...
145868 [main] INFO main.java.edu.mit.compbio.bisulfitehic.mapping.Bhmem  - Processing reads 364000 ...
145868 [main] INFO main.java.edu.mit.compbio.bisulfitehic.mapping.Bhmem  - Unique mapped and paired reads 360716 ...
[M::mem_process_seqs] Processed 1001 reads in 1.109 CPU sec, 0.142 real sec
[M::mem_process_seqs] Processed 1001 reads in 0.985 CPU sec, 0.128 real sec
[M::mem_process_seqs] Processed 1001 reads in 1.235 CPU sec, 0.158 real sec
[M::mem_process_seqs] Processed 1001 reads in 1.126 CPU sec, 0.142 real sec
146614 [main] INFO main.java.edu.mit.compbio.bisulfitehic.mapping.Bhmem  - Processing reads 365000 ...
146614 [main] INFO main.java.edu.mit.compbio.bisulfitehic.mapping.Bhmem  - Unique mapped and paired reads 362716 ...
146617 [main] INFO main.java.edu.mit.compbio.bisulfitehic.mapping.Bhmem  - Processing reads 366000 ...
146617 [main] INFO main.java.edu.mit.compbio.bisulfitehic.mapping.Bhmem  - Unique mapped and paired reads 362716 ...
[M::mem_process_seqs] Processed 1001 reads in 1.170 CPU sec, 0.148 real sec
[M::mem_process_seqs] Processed 1001 reads in 0.910 CPU sec, 0.116 real sec
[M::mem_process_seqs] Processed 1001 reads in 1.216 CPU sec, 0.154 real sec
[M::mem_process_seqs] Processed 1001 reads in 1.069 CPU sec, 0.136 real sec
147348 [main] INFO main.java.edu.mit.compbio.bisulfitehic.mapping.Bhmem  - Processing reads 367000 ...
147348 [main] INFO main.java.edu.mit.compbio.bisulfitehic.mapping.Bhmem  - Unique mapped and paired reads 364706 ...
147351 [main] INFO main.java.edu.mit.compbio.bisulfitehic.mapping.Bhmem  - Processing reads 368000 ...
147351 [main] INFO main.java.edu.mit.compbio.bisulfitehic.mapping.Bhmem  - Unique mapped and paired reads 364706 ...
[M::mem_process_seqs] Processed 1001 reads in 1.188 CPU sec, 0.152 real sec
[M::mem_process_seqs] Processed 1001 reads in 0.962 CPU sec, 0.125 real sec
[M::mem_process_seqs] Processed 1001 reads in 1.306 CPU sec, 0.166 real sec
[M::mem_process_seqs] Processed 1001 reads in 1.140 CPU sec, 0.145 real sec
148135 [main] INFO main.java.edu.mit.compbio.bisulfitehic.mapping.Bhmem  - Processing reads 369000 ...
148135 [main] INFO main.java.edu.mit.compbio.bisulfitehic.mapping.Bhmem  - Unique mapped and paired reads 366696 ...
148138 [main] INFO main.java.edu.mit.compbio.bisulfitehic.mapping.Bhmem  - Processing reads 370000 ...
148138 [main] INFO main.java.edu.mit.compbio.bisulfitehic.mapping.Bhmem  - Unique mapped and paired reads 366696 ...
[M::mem_process_seqs] Processed 1001 reads in 1.182 CPU sec, 0.149 real sec
[M::mem_process_seqs] Processed 1001 reads in 0.941 CPU sec, 0.119 real sec
[M::mem_process_seqs] Processed 1001 reads in 1.263 CPU sec, 0.160 real sec
[M::mem_process_seqs] Processed 1001 reads in 1.093 CPU sec, 0.142 real sec
148889 [main] INFO main.java.edu.mit.compbio.bisulfitehic.mapping.Bhmem  - Processing reads 371000 ...
148889 [main] INFO main.java.edu.mit.compbio.bisulfitehic.mapping.Bhmem  - Unique mapped and paired reads 368694 ...
148893 [main] INFO main.java.edu.mit.compbio.bisulfitehic.mapping.Bhmem  - Processing reads 372000 ...
148893 [main] INFO main.java.edu.mit.compbio.bisulfitehic.mapping.Bhmem  - Unique mapped and paired reads 368694 ...
[M::mem_process_seqs] Processed 1001 reads in 1.226 CPU sec, 0.159 real sec
[M::mem_process_seqs] Processed 1001 reads in 0.998 CPU sec, 0.126 real sec
[M::mem_process_seqs] Processed 1001 reads in 1.288 CPU sec, 0.165 real sec
[M::mem_process_seqs] Processed 1001 reads in 1.161 CPU sec, 0.148 real sec
149731 [main] INFO main.java.edu.mit.compbio.bisulfitehic.mapping.Bhmem  - Processing reads 373000 ...
149731 [main] INFO main.java.edu.mit.compbio.bisulfitehic.mapping.Bhmem  - Unique mapped and paired reads 370688 ...
149738 [main] INFO main.java.edu.mit.compbio.bisulfitehic.mapping.Bhmem  - Processing reads 374000 ...
149738 [main] INFO main.java.edu.mit.compbio.bisulfitehic.mapping.Bhmem  - Unique mapped and paired reads 370688 ...
[M::mem_process_seqs] Processed 1001 reads in 1.238 CPU sec, 0.165 real sec
[M::mem_process_seqs] Processed 1001 reads in 1.025 CPU sec, 0.140 real sec
[M::mem_process_seqs] Processed 1001 reads in 1.348 CPU sec, 0.174 real sec
[M::mem_process_seqs] Processed 1001 reads in 1.156 CPU sec, 0.147 real sec
150539 [main] INFO main.java.edu.mit.compbio.bisulfitehic.mapping.Bhmem  - Processing reads 375000 ...
150539 [main] INFO main.java.edu.mit.compbio.bisulfitehic.mapping.Bhmem  - Unique mapped and paired reads 372688 ...
150542 [main] INFO main.java.edu.mit.compbio.bisulfitehic.mapping.Bhmem  - Processing reads 376000 ...
150542 [main] INFO main.java.edu.mit.compbio.bisulfitehic.mapping.Bhmem  - Unique mapped and paired reads 372688 ...
[M::mem_process_seqs] Processed 1001 reads in 1.192 CPU sec, 0.151 real sec
[M::mem_process_seqs] Processed 1001 reads in 0.921 CPU sec, 0.117 real sec
[M::mem_process_seqs] Processed 1001 reads in 1.203 CPU sec, 0.153 real sec
[M::mem_process_seqs] Processed 1001 reads in 0.995 CPU sec, 0.130 real sec
151291 [main] INFO main.java.edu.mit.compbio.bisulfitehic.mapping.Bhmem  - Processing reads 377000 ...
151291 [main] INFO main.java.edu.mit.compbio.bisulfitehic.mapping.Bhmem  - Unique mapped and paired reads 374676 ...
151294 [main] INFO main.java.edu.mit.compbio.bisulfitehic.mapping.Bhmem  - Processing reads 378000 ...
151294 [main] INFO main.java.edu.mit.compbio.bisulfitehic.mapping.Bhmem  - Unique mapped and paired reads 374676 ...
[M::mem_process_seqs] Processed 1001 reads in 1.140 CPU sec, 0.145 real sec
[M::mem_process_seqs] Processed 1001 reads in 0.931 CPU sec, 0.117 real sec
[M::mem_process_seqs] Processed 1001 reads in 1.341 CPU sec, 0.172 real sec
[M::mem_process_seqs] Processed 1001 reads in 1.123 CPU sec, 0.142 real sec
152049 [main] INFO main.java.edu.mit.compbio.bisulfitehic.mapping.Bhmem  - Processing reads 379000 ...
152049 [main] INFO main.java.edu.mit.compbio.bisulfitehic.mapping.Bhmem  - Unique mapped and paired reads 376674 ...
152052 [main] INFO main.java.edu.mit.compbio.bisulfitehic.mapping.Bhmem  - Processing reads 380000 ...
152052 [main] INFO main.java.edu.mit.compbio.bisulfitehic.mapping.Bhmem  - Unique mapped and paired reads 376674 ...
[M::mem_process_seqs] Processed 1001 reads in 1.150 CPU sec, 0.147 real sec
[M::mem_process_seqs] Processed 1001 reads in 0.946 CPU sec, 0.121 real sec
[M::mem_process_seqs] Processed 1001 reads in 1.213 CPU sec, 0.153 real sec
[M::mem_process_seqs] Processed 1001 reads in 1.110 CPU sec, 0.145 real sec
152799 [main] INFO main.java.edu.mit.compbio.bisulfitehic.mapping.Bhmem  - Processing reads 381000 ...
152799 [main] INFO main.java.edu.mit.compbio.bisulfitehic.mapping.Bhmem  - Unique mapped and paired reads 378668 ...
152803 [main] INFO main.java.edu.mit.compbio.bisulfitehic.mapping.Bhmem  - Processing reads 382000 ...
152803 [main] INFO main.java.edu.mit.compbio.bisulfitehic.mapping.Bhmem  - Unique mapped and paired reads 378668 ...
[M::mem_process_seqs] Processed 1001 reads in 1.166 CPU sec, 0.148 real sec
[M::mem_process_seqs] Processed 1001 reads in 0.976 CPU sec, 0.124 real sec
[M::mem_process_seqs] Processed 1001 reads in 1.259 CPU sec, 0.161 real sec
[M::mem_process_seqs] Processed 1001 reads in 1.129 CPU sec, 0.143 real sec
153560 [main] INFO main.java.edu.mit.compbio.bisulfitehic.mapping.Bhmem  - Processing reads 383000 ...
153560 [main] INFO main.java.edu.mit.compbio.bisulfitehic.mapping.Bhmem  - Unique mapped and paired reads 380664 ...
153563 [main] INFO main.java.edu.mit.compbio.bisulfitehic.mapping.Bhmem  - Processing reads 384000 ...
153563 [main] INFO main.java.edu.mit.compbio.bisulfitehic.mapping.Bhmem  - Unique mapped and paired reads 380664 ...
[M::mem_process_seqs] Processed 1001 reads in 1.194 CPU sec, 0.152 real sec
[M::mem_process_seqs] Processed 1001 reads in 0.982 CPU sec, 0.126 real sec
[M::mem_process_seqs] Processed 1001 reads in 1.232 CPU sec, 0.156 real sec
[M::mem_process_seqs] Processed 1001 reads in 1.105 CPU sec, 0.141 real sec
154331 [main] INFO main.java.edu.mit.compbio.bisulfitehic.mapping.Bhmem  - Processing reads 385000 ...
154331 [main] INFO main.java.edu.mit.compbio.bisulfitehic.mapping.Bhmem  - Unique mapped and paired reads 382656 ...
154334 [main] INFO main.java.edu.mit.compbio.bisulfitehic.mapping.Bhmem  - Processing reads 386000 ...
154334 [main] INFO main.java.edu.mit.compbio.bisulfitehic.mapping.Bhmem  - Unique mapped and paired reads 382656 ...
[M::mem_process_seqs] Processed 1001 reads in 1.187 CPU sec, 0.151 real sec
[M::mem_process_seqs] Processed 1001 reads in 0.962 CPU sec, 0.122 real sec
[M::mem_process_seqs] Processed 1001 reads in 1.310 CPU sec, 0.168 real sec
[M::mem_process_seqs] Processed 1001 reads in 1.139 CPU sec, 0.144 real sec
155098 [main] INFO main.java.edu.mit.compbio.bisulfitehic.mapping.Bhmem  - Processing reads 387000 ...
155098 [main] INFO main.java.edu.mit.compbio.bisulfitehic.mapping.Bhmem  - Unique mapped and paired reads 384656 ...
155101 [main] INFO main.java.edu.mit.compbio.bisulfitehic.mapping.Bhmem  - Processing reads 388000 ...
155101 [main] INFO main.java.edu.mit.compbio.bisulfitehic.mapping.Bhmem  - Unique mapped and paired reads 384656 ...
[M::mem_process_seqs] Processed 1001 reads in 1.166 CPU sec, 0.148 real sec
[M::mem_process_seqs] Processed 1001 reads in 0.945 CPU sec, 0.120 real sec
[M::mem_process_seqs] Processed 1001 reads in 1.255 CPU sec, 0.160 real sec
[M::mem_process_seqs] Processed 1001 reads in 1.057 CPU sec, 0.134 real sec
155858 [main] INFO main.java.edu.mit.compbio.bisulfitehic.mapping.Bhmem  - Processing reads 389000 ...
155858 [main] INFO main.java.edu.mit.compbio.bisulfitehic.mapping.Bhmem  - Unique mapped and paired reads 386652 ...
155861 [main] INFO main.java.edu.mit.compbio.bisulfitehic.mapping.Bhmem  - Processing reads 390000 ...
155861 [main] INFO main.java.edu.mit.compbio.bisulfitehic.mapping.Bhmem  - Unique mapped and paired reads 386652 ...
[M::mem_process_seqs] Processed 1001 reads in 1.200 CPU sec, 0.153 real sec
[M::mem_process_seqs] Processed 1001 reads in 1.015 CPU sec, 0.128 real sec
[M::mem_process_seqs] Processed 1001 reads in 1.294 CPU sec, 0.164 real sec
[M::mem_process_seqs] Processed 1001 reads in 1.154 CPU sec, 0.148 real sec
156631 [main] INFO main.java.edu.mit.compbio.bisulfitehic.mapping.Bhmem  - Processing reads 391000 ...
156631 [main] INFO main.java.edu.mit.compbio.bisulfitehic.mapping.Bhmem  - Unique mapped and paired reads 388644 ...
156634 [main] INFO main.java.edu.mit.compbio.bisulfitehic.mapping.Bhmem  - Processing reads 392000 ...
156634 [main] INFO main.java.edu.mit.compbio.bisulfitehic.mapping.Bhmem  - Unique mapped and paired reads 388644 ...
[M::mem_process_seqs] Processed 1001 reads in 1.142 CPU sec, 0.148 real sec
[M::mem_process_seqs] Processed 1001 reads in 0.929 CPU sec, 0.119 real sec
[M::mem_process_seqs] Processed 1001 reads in 1.317 CPU sec, 0.170 real sec
[M::mem_process_seqs] Processed 1001 reads in 1.101 CPU sec, 0.140 real sec
157389 [main] INFO main.java.edu.mit.compbio.bisulfitehic.mapping.Bhmem  - Processing reads 393000 ...
157389 [main] INFO main.java.edu.mit.compbio.bisulfitehic.mapping.Bhmem  - Unique mapped and paired reads 390638 ...
157392 [main] INFO main.java.edu.mit.compbio.bisulfitehic.mapping.Bhmem  - Processing reads 394000 ...
157392 [main] INFO main.java.edu.mit.compbio.bisulfitehic.mapping.Bhmem  - Unique mapped and paired reads 390638 ...
[M::mem_process_seqs] Processed 1001 reads in 1.165 CPU sec, 0.149 real sec
[M::mem_process_seqs] Processed 1001 reads in 0.958 CPU sec, 0.123 real sec
[M::mem_process_seqs] Processed 1001 reads in 1.289 CPU sec, 0.164 real sec
[M::mem_process_seqs] Processed 1001 reads in 1.088 CPU sec, 0.138 real sec
158138 [main] INFO main.java.edu.mit.compbio.bisulfitehic.mapping.Bhmem  - Processing reads 395000 ...
158138 [main] INFO main.java.edu.mit.compbio.bisulfitehic.mapping.Bhmem  - Unique mapped and paired reads 392636 ...
158141 [main] INFO main.java.edu.mit.compbio.bisulfitehic.mapping.Bhmem  - Processing reads 396000 ...
158141 [main] INFO main.java.edu.mit.compbio.bisulfitehic.mapping.Bhmem  - Unique mapped and paired reads 392636 ...
[M::mem_process_seqs] Processed 1001 reads in 1.274 CPU sec, 0.161 real sec
[M::mem_process_seqs] Processed 1001 reads in 1.057 CPU sec, 0.134 real sec
[M::mem_process_seqs] Processed 1001 reads in 1.218 CPU sec, 0.161 real sec
[M::mem_process_seqs] Processed 1001 reads in 1.022 CPU sec, 0.130 real sec
158942 [main] INFO main.java.edu.mit.compbio.bisulfitehic.mapping.Bhmem  - Processing reads 397000 ...
158943 [main] INFO main.java.edu.mit.compbio.bisulfitehic.mapping.Bhmem  - Unique mapped and paired reads 394632 ...
158946 [main] INFO main.java.edu.mit.compbio.bisulfitehic.mapping.Bhmem  - Processing reads 398000 ...
158946 [main] INFO main.java.edu.mit.compbio.bisulfitehic.mapping.Bhmem  - Unique mapped and paired reads 394632 ...
[M::mem_process_seqs] Processed 1001 reads in 1.420 CPU sec, 0.180 real sec
[M::mem_process_seqs] Processed 1001 reads in 1.173 CPU sec, 0.149 real sec
[M::mem_process_seqs] Processed 1001 reads in 1.079 CPU sec, 0.137 real sec
[M::mem_process_seqs] Processed 1001 reads in 0.888 CPU sec, 0.113 real sec
159799 [main] INFO main.java.edu.mit.compbio.bisulfitehic.mapping.Bhmem  - Processing reads 399000 ...
159799 [main] INFO main.java.edu.mit.compbio.bisulfitehic.mapping.Bhmem  - Unique mapped and paired reads 396620 ...
159802 [main] INFO main.java.edu.mit.compbio.bisulfitehic.mapping.Bhmem  - Processing reads 400000 ...
159802 [main] INFO main.java.edu.mit.compbio.bisulfitehic.mapping.Bhmem  - Unique mapped and paired reads 396620 ...
[M::mem_process_seqs] Processed 1001 reads in 1.416 CPU sec, 0.179 real sec
[M::mem_process_seqs] Processed 1001 reads in 1.192 CPU sec, 0.152 real sec
[M::mem_process_seqs] Processed 1001 reads in 1.232 CPU sec, 0.156 real sec
[M::mem_process_seqs] Processed 1001 reads in 0.993 CPU sec, 0.126 real sec
160674 [main] INFO main.java.edu.mit.compbio.bisulfitehic.mapping.Bhmem  - Processing reads 401000 ...
160674 [main] INFO main.java.edu.mit.compbio.bisulfitehic.mapping.Bhmem  - Unique mapped and paired reads 398610 ...
160677 [main] INFO main.java.edu.mit.compbio.bisulfitehic.mapping.Bhmem  - Processing reads 402000 ...
160677 [main] INFO main.java.edu.mit.compbio.bisulfitehic.mapping.Bhmem  - Unique mapped and paired reads 398610 ...
[M::mem_process_seqs] Processed 1001 reads in 1.417 CPU sec, 0.180 real sec
[M::mem_process_seqs] Processed 1001 reads in 1.183 CPU sec, 0.150 real sec
[M::mem_process_seqs] Processed 1001 reads in 1.082 CPU sec, 0.139 real sec
[M::mem_process_seqs] Processed 1001 reads in 0.955 CPU sec, 0.130 real sec
161533 [main] INFO main.java.edu.mit.compbio.bisulfitehic.mapping.Bhmem  - Processing reads 403000 ...
161533 [main] INFO main.java.edu.mit.compbio.bisulfitehic.mapping.Bhmem  - Unique mapped and paired reads 400592 ...
161536 [main] INFO main.java.edu.mit.compbio.bisulfitehic.mapping.Bhmem  - Processing reads 404000 ...
161536 [main] INFO main.java.edu.mit.compbio.bisulfitehic.mapping.Bhmem  - Unique mapped and paired reads 400592 ...
[M::mem_process_seqs] Processed 1001 reads in 1.406 CPU sec, 0.178 real sec
[M::mem_process_seqs] Processed 1001 reads in 1.248 CPU sec, 0.175 real sec
[M::mem_process_seqs] Processed 1001 reads in 1.130 CPU sec, 0.147 real sec
[M::mem_process_seqs] Processed 1001 reads in 1.002 CPU sec, 0.132 real sec
162420 [main] INFO main.java.edu.mit.compbio.bisulfitehic.mapping.Bhmem  - Processing reads 405000 ...
162421 [main] INFO main.java.edu.mit.compbio.bisulfitehic.mapping.Bhmem  - Unique mapped and paired reads 402580 ...
162424 [main] INFO main.java.edu.mit.compbio.bisulfitehic.mapping.Bhmem  - Processing reads 406000 ...
162424 [main] INFO main.java.edu.mit.compbio.bisulfitehic.mapping.Bhmem  - Unique mapped and paired reads 402580 ...
[M::mem_process_seqs] Processed 1001 reads in 1.233 CPU sec, 0.162 real sec
[M::mem_process_seqs] Processed 1001 reads in 1.030 CPU sec, 0.135 real sec
[M::mem_process_seqs] Processed 1001 reads in 1.347 CPU sec, 0.177 real sec
[M::mem_process_seqs] Processed 1001 reads in 1.162 CPU sec, 0.150 real sec
163239 [main] INFO main.java.edu.mit.compbio.bisulfitehic.mapping.Bhmem  - Processing reads 407000 ...
163239 [main] INFO main.java.edu.mit.compbio.bisulfitehic.mapping.Bhmem  - Unique mapped and paired reads 404576 ...
163242 [main] INFO main.java.edu.mit.compbio.bisulfitehic.mapping.Bhmem  - Processing reads 408000 ...
163242 [main] INFO main.java.edu.mit.compbio.bisulfitehic.mapping.Bhmem  - Unique mapped and paired reads 404576 ...
[M::mem_process_seqs] Processed 1001 reads in 1.244 CPU sec, 0.158 real sec
[M::mem_process_seqs] Processed 1001 reads in 0.950 CPU sec, 0.120 real sec
[M::mem_process_seqs] Processed 1001 reads in 1.255 CPU sec, 0.159 real sec
[M::mem_process_seqs] Processed 1001 reads in 1.143 CPU sec, 0.147 real sec
164008 [main] INFO main.java.edu.mit.compbio.bisulfitehic.mapping.Bhmem  - Processing reads 409000 ...
164008 [main] INFO main.java.edu.mit.compbio.bisulfitehic.mapping.Bhmem  - Unique mapped and paired reads 406576 ...
164011 [main] INFO main.java.edu.mit.compbio.bisulfitehic.mapping.Bhmem  - Processing reads 410000 ...
164011 [main] INFO main.java.edu.mit.compbio.bisulfitehic.mapping.Bhmem  - Unique mapped and paired reads 406576 ...
[M::mem_process_seqs] Processed 1001 reads in 1.182 CPU sec, 0.150 real sec
[M::mem_process_seqs] Processed 1001 reads in 0.955 CPU sec, 0.122 real sec
[M::mem_process_seqs] Processed 1001 reads in 1.281 CPU sec, 0.161 real sec
[M::mem_process_seqs] Processed 1001 reads in 1.094 CPU sec, 0.139 real sec
164777 [main] INFO main.java.edu.mit.compbio.bisulfitehic.mapping.Bhmem  - Processing reads 411000 ...
164777 [main] INFO main.java.edu.mit.compbio.bisulfitehic.mapping.Bhmem  - Unique mapped and paired reads 408564 ...
164780 [main] INFO main.java.edu.mit.compbio.bisulfitehic.mapping.Bhmem  - Processing reads 412000 ...
164780 [main] INFO main.java.edu.mit.compbio.bisulfitehic.mapping.Bhmem  - Unique mapped and paired reads 408564 ...
[M::mem_process_seqs] Processed 1001 reads in 1.192 CPU sec, 0.151 real sec
[M::mem_process_seqs] Processed 1001 reads in 1.002 CPU sec, 0.127 real sec
[M::mem_process_seqs] Processed 1001 reads in 1.297 CPU sec, 0.168 real sec
[M::mem_process_seqs] Processed 1001 reads in 1.163 CPU sec, 0.149 real sec
165560 [main] INFO main.java.edu.mit.compbio.bisulfitehic.mapping.Bhmem  - Processing reads 413000 ...
165560 [main] INFO main.java.edu.mit.compbio.bisulfitehic.mapping.Bhmem  - Unique mapped and paired reads 410560 ...
165563 [main] INFO main.java.edu.mit.compbio.bisulfitehic.mapping.Bhmem  - Processing reads 414000 ...
165563 [main] INFO main.java.edu.mit.compbio.bisulfitehic.mapping.Bhmem  - Unique mapped and paired reads 410560 ...
[M::mem_process_seqs] Processed 1001 reads in 1.121 CPU sec, 0.146 real sec
[M::mem_process_seqs] Processed 1001 reads in 1.039 CPU sec, 0.135 real sec
[M::mem_process_seqs] Processed 1001 reads in 1.172 CPU sec, 0.150 real sec
[M::mem_process_seqs] Processed 1001 reads in 1.102 CPU sec, 0.144 real sec
166328 [main] INFO main.java.edu.mit.compbio.bisulfitehic.mapping.Bhmem  - Processing reads 415000 ...
166328 [main] INFO main.java.edu.mit.compbio.bisulfitehic.mapping.Bhmem  - Unique mapped and paired reads 412560 ...
166331 [main] INFO main.java.edu.mit.compbio.bisulfitehic.mapping.Bhmem  - Processing reads 416000 ...
166332 [main] INFO main.java.edu.mit.compbio.bisulfitehic.mapping.Bhmem  - Unique mapped and paired reads 412560 ...
[M::mem_process_seqs] Processed 1001 reads in 1.175 CPU sec, 0.150 real sec
[M::mem_process_seqs] Processed 1001 reads in 0.948 CPU sec, 0.121 real sec
[M::mem_process_seqs] Processed 1001 reads in 1.204 CPU sec, 0.152 real sec
[M::mem_process_seqs] Processed 1001 reads in 1.017 CPU sec, 0.130 real sec
167063 [main] INFO main.java.edu.mit.compbio.bisulfitehic.mapping.Bhmem  - Processing reads 417000 ...
167063 [main] INFO main.java.edu.mit.compbio.bisulfitehic.mapping.Bhmem  - Unique mapped and paired reads 414552 ...
167066 [main] INFO main.java.edu.mit.compbio.bisulfitehic.mapping.Bhmem  - Processing reads 418000 ...
167066 [main] INFO main.java.edu.mit.compbio.bisulfitehic.mapping.Bhmem  - Unique mapped and paired reads 414552 ...
[M::mem_process_seqs] Processed 1001 reads in 1.108 CPU sec, 0.140 real sec
[M::mem_process_seqs] Processed 1001 reads in 0.946 CPU sec, 0.121 real sec
[M::mem_process_seqs] Processed 1001 reads in 1.157 CPU sec, 0.148 real sec
[M::mem_process_seqs] Processed 1001 reads in 1.052 CPU sec, 0.134 real sec
167793 [main] INFO main.java.edu.mit.compbio.bisulfitehic.mapping.Bhmem  - Processing reads 419000 ...
167811 [main] INFO main.java.edu.mit.compbio.bisulfitehic.mapping.Bhmem  - Unique mapped and paired reads 416548 ...
167815 [main] INFO main.java.edu.mit.compbio.bisulfitehic.mapping.Bhmem  - Processing reads 420000 ...
167815 [main] INFO main.java.edu.mit.compbio.bisulfitehic.mapping.Bhmem  - Unique mapped and paired reads 416548 ...
[M::mem_process_seqs] Processed 1001 reads in 1.160 CPU sec, 0.150 real sec
[M::mem_process_seqs] Processed 1001 reads in 0.935 CPU sec, 0.124 real sec
[M::mem_process_seqs] Processed 1001 reads in 1.206 CPU sec, 0.169 real sec
[M::mem_process_seqs] Processed 1001 reads in 1.083 CPU sec, 0.139 real sec
168579 [main] INFO main.java.edu.mit.compbio.bisulfitehic.mapping.Bhmem  - Processing reads 421000 ...
168579 [main] INFO main.java.edu.mit.compbio.bisulfitehic.mapping.Bhmem  - Unique mapped and paired reads 418540 ...
168582 [main] INFO main.java.edu.mit.compbio.bisulfitehic.mapping.Bhmem  - Processing reads 422000 ...
168582 [main] INFO main.java.edu.mit.compbio.bisulfitehic.mapping.Bhmem  - Unique mapped and paired reads 418540 ...
[M::mem_process_seqs] Processed 1001 reads in 1.214 CPU sec, 0.154 real sec
[M::mem_process_seqs] Processed 1001 reads in 1.028 CPU sec, 0.132 real sec
[M::mem_process_seqs] Processed 1001 reads in 1.241 CPU sec, 0.157 real sec
[M::mem_process_seqs] Processed 1001 reads in 1.151 CPU sec, 0.149 real sec
169356 [main] INFO main.java.edu.mit.compbio.bisulfitehic.mapping.Bhmem  - Processing reads 423000 ...
169356 [main] INFO main.java.edu.mit.compbio.bisulfitehic.mapping.Bhmem  - Unique mapped and paired reads 420530 ...
169359 [main] INFO main.java.edu.mit.compbio.bisulfitehic.mapping.Bhmem  - Processing reads 424000 ...
169359 [main] INFO main.java.edu.mit.compbio.bisulfitehic.mapping.Bhmem  - Unique mapped and paired reads 420530 ...
[M::mem_process_seqs] Processed 1001 reads in 1.189 CPU sec, 0.151 real sec
[M::mem_process_seqs] Processed 1001 reads in 0.975 CPU sec, 0.125 real sec
[M::mem_process_seqs] Processed 1001 reads in 1.264 CPU sec, 0.159 real sec
[M::mem_process_seqs] Processed 1001 reads in 1.131 CPU sec, 0.147 real sec
170135 [main] INFO main.java.edu.mit.compbio.bisulfitehic.mapping.Bhmem  - Processing reads 425000 ...
170135 [main] INFO main.java.edu.mit.compbio.bisulfitehic.mapping.Bhmem  - Unique mapped and paired reads 422522 ...
170138 [main] INFO main.java.edu.mit.compbio.bisulfitehic.mapping.Bhmem  - Processing reads 426000 ...
170138 [main] INFO main.java.edu.mit.compbio.bisulfitehic.mapping.Bhmem  - Unique mapped and paired reads 422522 ...
[M::mem_process_seqs] Processed 1001 reads in 1.154 CPU sec, 0.146 real sec
[M::mem_process_seqs] Processed 1001 reads in 0.924 CPU sec, 0.118 real sec
[M::mem_process_seqs] Processed 1001 reads in 1.243 CPU sec, 0.159 real sec
[M::mem_process_seqs] Processed 1001 reads in 1.093 CPU sec, 0.139 real sec
170876 [main] INFO main.java.edu.mit.compbio.bisulfitehic.mapping.Bhmem  - Processing reads 427000 ...
170877 [main] INFO main.java.edu.mit.compbio.bisulfitehic.mapping.Bhmem  - Unique mapped and paired reads 424516 ...
170880 [main] INFO main.java.edu.mit.compbio.bisulfitehic.mapping.Bhmem  - Processing reads 428000 ...
170880 [main] INFO main.java.edu.mit.compbio.bisulfitehic.mapping.Bhmem  - Unique mapped and paired reads 424516 ...
[M::mem_process_seqs] Processed 1001 reads in 1.221 CPU sec, 0.157 real sec
[M::mem_process_seqs] Processed 1001 reads in 0.920 CPU sec, 0.118 real sec
[M::mem_process_seqs] Processed 1001 reads in 1.314 CPU sec, 0.166 real sec
[M::mem_process_seqs] Processed 1001 reads in 1.079 CPU sec, 0.138 real sec
171636 [main] INFO main.java.edu.mit.compbio.bisulfitehic.mapping.Bhmem  - Processing reads 429000 ...
171636 [main] INFO main.java.edu.mit.compbio.bisulfitehic.mapping.Bhmem  - Unique mapped and paired reads 426514 ...
171639 [main] INFO main.java.edu.mit.compbio.bisulfitehic.mapping.Bhmem  - Processing reads 430000 ...
171639 [main] INFO main.java.edu.mit.compbio.bisulfitehic.mapping.Bhmem  - Unique mapped and paired reads 426514 ...
[M::mem_process_seqs] Processed 1001 reads in 1.148 CPU sec, 0.146 real sec
[M::mem_process_seqs] Processed 1001 reads in 1.034 CPU sec, 0.133 real sec
[M::mem_process_seqs] Processed 1001 reads in 1.261 CPU sec, 0.159 real sec
[M::mem_process_seqs] Processed 1001 reads in 1.144 CPU sec, 0.146 real sec
172406 [main] INFO main.java.edu.mit.compbio.bisulfitehic.mapping.Bhmem  - Processing reads 431000 ...
172406 [main] INFO main.java.edu.mit.compbio.bisulfitehic.mapping.Bhmem  - Unique mapped and paired reads 428514 ...
172409 [main] INFO main.java.edu.mit.compbio.bisulfitehic.mapping.Bhmem  - Processing reads 432000 ...
172409 [main] INFO main.java.edu.mit.compbio.bisulfitehic.mapping.Bhmem  - Unique mapped and paired reads 428514 ...
[M::mem_process_seqs] Processed 1001 reads in 1.137 CPU sec, 0.144 real sec
[M::mem_process_seqs] Processed 1001 reads in 0.964 CPU sec, 0.125 real sec
[M::mem_process_seqs] Processed 1001 reads in 1.315 CPU sec, 0.170 real sec
[M::mem_process_seqs] Processed 1001 reads in 1.141 CPU sec, 0.145 real sec
173177 [main] INFO main.java.edu.mit.compbio.bisulfitehic.mapping.Bhmem  - Processing reads 433000 ...
173177 [main] INFO main.java.edu.mit.compbio.bisulfitehic.mapping.Bhmem  - Unique mapped and paired reads 430506 ...
173180 [main] INFO main.java.edu.mit.compbio.bisulfitehic.mapping.Bhmem  - Processing reads 434000 ...
173180 [main] INFO main.java.edu.mit.compbio.bisulfitehic.mapping.Bhmem  - Unique mapped and paired reads 430506 ...
[M::mem_process_seqs] Processed 1001 reads in 1.211 CPU sec, 0.156 real sec
[M::mem_process_seqs] Processed 1001 reads in 0.956 CPU sec, 0.123 real sec
[M::mem_process_seqs] Processed 1001 reads in 1.325 CPU sec, 0.171 real sec
[M::mem_process_seqs] Processed 1001 reads in 1.152 CPU sec, 0.146 real sec
173948 [main] INFO main.java.edu.mit.compbio.bisulfitehic.mapping.Bhmem  - Processing reads 435000 ...
173948 [main] INFO main.java.edu.mit.compbio.bisulfitehic.mapping.Bhmem  - Unique mapped and paired reads 432500 ...
173951 [main] INFO main.java.edu.mit.compbio.bisulfitehic.mapping.Bhmem  - Processing reads 436000 ...
173951 [main] INFO main.java.edu.mit.compbio.bisulfitehic.mapping.Bhmem  - Unique mapped and paired reads 432500 ...
[M::mem_process_seqs] Processed 1001 reads in 1.185 CPU sec, 0.154 real sec
[M::mem_process_seqs] Processed 1001 reads in 0.968 CPU sec, 0.125 real sec
[M::mem_process_seqs] Processed 1001 reads in 1.291 CPU sec, 0.172 real sec
[M::mem_process_seqs] Processed 1001 reads in 1.120 CPU sec, 0.143 real sec
174732 [main] INFO main.java.edu.mit.compbio.bisulfitehic.mapping.Bhmem  - Processing reads 437000 ...
174732 [main] INFO main.java.edu.mit.compbio.bisulfitehic.mapping.Bhmem  - Unique mapped and paired reads 434494 ...
174735 [main] INFO main.java.edu.mit.compbio.bisulfitehic.mapping.Bhmem  - Processing reads 438000 ...
174735 [main] INFO main.java.edu.mit.compbio.bisulfitehic.mapping.Bhmem  - Unique mapped and paired reads 434494 ...
[M::mem_process_seqs] Processed 1001 reads in 1.183 CPU sec, 0.151 real sec
[M::mem_process_seqs] Processed 1001 reads in 0.944 CPU sec, 0.121 real sec
[M::mem_process_seqs] Processed 1001 reads in 1.306 CPU sec, 0.165 real sec
[M::mem_process_seqs] Processed 1001 reads in 1.073 CPU sec, 0.138 real sec
175492 [main] INFO main.java.edu.mit.compbio.bisulfitehic.mapping.Bhmem  - Processing reads 439000 ...
175492 [main] INFO main.java.edu.mit.compbio.bisulfitehic.mapping.Bhmem  - Unique mapped and paired reads 436486 ...
175495 [main] INFO main.java.edu.mit.compbio.bisulfitehic.mapping.Bhmem  - Processing reads 440000 ...
175495 [main] INFO main.java.edu.mit.compbio.bisulfitehic.mapping.Bhmem  - Unique mapped and paired reads 436486 ...
[M::mem_process_seqs] Processed 1001 reads in 1.193 CPU sec, 0.153 real sec
[M::mem_process_seqs] Processed 1001 reads in 0.957 CPU sec, 0.135 real sec
[M::mem_process_seqs] Processed 1001 reads in 1.363 CPU sec, 0.173 real sec
[M::mem_process_seqs] Processed 1001 reads in 1.082 CPU sec, 0.137 real sec
176273 [main] INFO main.java.edu.mit.compbio.bisulfitehic.mapping.Bhmem  - Processing reads 441000 ...
176273 [main] INFO main.java.edu.mit.compbio.bisulfitehic.mapping.Bhmem  - Unique mapped and paired reads 438484 ...
176277 [main] INFO main.java.edu.mit.compbio.bisulfitehic.mapping.Bhmem  - Processing reads 442000 ...
176277 [main] INFO main.java.edu.mit.compbio.bisulfitehic.mapping.Bhmem  - Unique mapped and paired reads 438484 ...
[M::mem_process_seqs] Processed 1001 reads in 1.188 CPU sec, 0.151 real sec
[M::mem_process_seqs] Processed 1001 reads in 0.978 CPU sec, 0.124 real sec
[M::mem_process_seqs] Processed 1001 reads in 1.272 CPU sec, 0.161 real sec
[M::mem_process_seqs] Processed 1001 reads in 1.077 CPU sec, 0.137 real sec
177024 [main] INFO main.java.edu.mit.compbio.bisulfitehic.mapping.Bhmem  - Processing reads 443000 ...
177024 [main] INFO main.java.edu.mit.compbio.bisulfitehic.mapping.Bhmem  - Unique mapped and paired reads 440484 ...
177027 [main] INFO main.java.edu.mit.compbio.bisulfitehic.mapping.Bhmem  - Processing reads 444000 ...
177027 [main] INFO main.java.edu.mit.compbio.bisulfitehic.mapping.Bhmem  - Unique mapped and paired reads 440484 ...
[M::mem_process_seqs] Processed 1001 reads in 1.167 CPU sec, 0.147 real sec
[M::mem_process_seqs] Processed 1001 reads in 0.880 CPU sec, 0.113 real sec
[M::mem_process_seqs] Processed 1001 reads in 1.223 CPU sec, 0.157 real sec
[M::mem_process_seqs] Processed 1001 reads in 1.110 CPU sec, 0.141 real sec
177762 [main] INFO main.java.edu.mit.compbio.bisulfitehic.mapping.Bhmem  - Processing reads 445000 ...
177762 [main] INFO main.java.edu.mit.compbio.bisulfitehic.mapping.Bhmem  - Unique mapped and paired reads 442476 ...
177765 [main] INFO main.java.edu.mit.compbio.bisulfitehic.mapping.Bhmem  - Processing reads 446000 ...
177765 [main] INFO main.java.edu.mit.compbio.bisulfitehic.mapping.Bhmem  - Unique mapped and paired reads 442476 ...
[M::mem_process_seqs] Processed 1001 reads in 1.140 CPU sec, 0.144 real sec
[M::mem_process_seqs] Processed 1001 reads in 0.941 CPU sec, 0.121 real sec
[M::mem_process_seqs] Processed 1001 reads in 1.220 CPU sec, 0.158 real sec
[M::mem_process_seqs] Processed 1001 reads in 1.073 CPU sec, 0.140 real sec
178505 [main] INFO main.java.edu.mit.compbio.bisulfitehic.mapping.Bhmem  - Processing reads 447000 ...
178505 [main] INFO main.java.edu.mit.compbio.bisulfitehic.mapping.Bhmem  - Unique mapped and paired reads 444472 ...
178508 [main] INFO main.java.edu.mit.compbio.bisulfitehic.mapping.Bhmem  - Processing reads 448000 ...
178508 [main] INFO main.java.edu.mit.compbio.bisulfitehic.mapping.Bhmem  - Unique mapped and paired reads 444472 ...
[M::mem_process_seqs] Processed 1001 reads in 1.243 CPU sec, 0.158 real sec
[M::mem_process_seqs] Processed 1001 reads in 0.959 CPU sec, 0.122 real sec
[M::mem_process_seqs] Processed 1001 reads in 1.250 CPU sec, 0.158 real sec
[M::mem_process_seqs] Processed 1001 reads in 1.091 CPU sec, 0.139 real sec
179267 [main] INFO main.java.edu.mit.compbio.bisulfitehic.mapping.Bhmem  - Processing reads 449000 ...
179267 [main] INFO main.java.edu.mit.compbio.bisulfitehic.mapping.Bhmem  - Unique mapped and paired reads 446468 ...
179270 [main] INFO main.java.edu.mit.compbio.bisulfitehic.mapping.Bhmem  - Processing reads 450000 ...
179270 [main] INFO main.java.edu.mit.compbio.bisulfitehic.mapping.Bhmem  - Unique mapped and paired reads 446468 ...
[M::mem_process_seqs] Processed 1001 reads in 1.409 CPU sec, 0.180 real sec
[M::mem_process_seqs] Processed 1001 reads in 1.166 CPU sec, 0.148 real sec
[M::mem_process_seqs] Processed 1001 reads in 1.158 CPU sec, 0.149 real sec
[M::mem_process_seqs] Processed 1001 reads in 0.936 CPU sec, 0.119 real sec
180118 [main] INFO main.java.edu.mit.compbio.bisulfitehic.mapping.Bhmem  - Processing reads 451000 ...
180118 [main] INFO main.java.edu.mit.compbio.bisulfitehic.mapping.Bhmem  - Unique mapped and paired reads 448448 ...
180121 [main] INFO main.java.edu.mit.compbio.bisulfitehic.mapping.Bhmem  - Processing reads 452000 ...
180121 [main] INFO main.java.edu.mit.compbio.bisulfitehic.mapping.Bhmem  - Unique mapped and paired reads 448448 ...
[M::mem_process_seqs] Processed 1001 reads in 1.417 CPU sec, 0.179 real sec
[M::mem_process_seqs] Processed 1001 reads in 1.160 CPU sec, 0.147 real sec
[M::mem_process_seqs] Processed 1001 reads in 1.203 CPU sec, 0.156 real sec
[M::mem_process_seqs] Processed 1001 reads in 1.003 CPU sec, 0.129 real sec
180990 [main] INFO main.java.edu.mit.compbio.bisulfitehic.mapping.Bhmem  - Processing reads 453000 ...
180990 [main] INFO main.java.edu.mit.compbio.bisulfitehic.mapping.Bhmem  - Unique mapped and paired reads 450440 ...
180993 [main] INFO main.java.edu.mit.compbio.bisulfitehic.mapping.Bhmem  - Processing reads 454000 ...
180993 [main] INFO main.java.edu.mit.compbio.bisulfitehic.mapping.Bhmem  - Unique mapped and paired reads 450440 ...
[M::mem_process_seqs] Processed 1001 reads in 1.381 CPU sec, 0.174 real sec
[M::mem_process_seqs] Processed 1001 reads in 1.170 CPU sec, 0.149 real sec
[M::mem_process_seqs] Processed 1001 reads in 1.146 CPU sec, 0.152 real sec
[M::mem_process_seqs] Processed 1001 reads in 0.949 CPU sec, 0.120 real sec
181845 [main] INFO main.java.edu.mit.compbio.bisulfitehic.mapping.Bhmem  - Processing reads 455000 ...
181845 [main] INFO main.java.edu.mit.compbio.bisulfitehic.mapping.Bhmem  - Unique mapped and paired reads 452432 ...
181848 [main] INFO main.java.edu.mit.compbio.bisulfitehic.mapping.Bhmem  - Processing reads 456000 ...
181848 [main] INFO main.java.edu.mit.compbio.bisulfitehic.mapping.Bhmem  - Unique mapped and paired reads 452432 ...
[M::mem_process_seqs] Processed 1001 reads in 1.424 CPU sec, 0.180 real sec
[M::mem_process_seqs] Processed 1001 reads in 1.178 CPU sec, 0.151 real sec
[M::mem_process_seqs] Processed 1001 reads in 1.083 CPU sec, 0.137 real sec
[M::mem_process_seqs] Processed 1001 reads in 0.976 CPU sec, 0.123 real sec
182700 [main] INFO main.java.edu.mit.compbio.bisulfitehic.mapping.Bhmem  - Processing reads 457000 ...
182700 [main] INFO main.java.edu.mit.compbio.bisulfitehic.mapping.Bhmem  - Unique mapped and paired reads 454418 ...
182703 [main] INFO main.java.edu.mit.compbio.bisulfitehic.mapping.Bhmem  - Processing reads 458000 ...
182703 [main] INFO main.java.edu.mit.compbio.bisulfitehic.mapping.Bhmem  - Unique mapped and paired reads 454418 ...
[M::mem_process_seqs] Processed 1001 reads in 1.284 CPU sec, 0.165 real sec
[M::mem_process_seqs] Processed 1001 reads in 1.102 CPU sec, 0.141 real sec
[M::mem_process_seqs] Processed 1001 reads in 1.177 CPU sec, 0.151 real sec
[M::mem_process_seqs] Processed 1001 reads in 1.068 CPU sec, 0.135 real sec
183540 [main] INFO main.java.edu.mit.compbio.bisulfitehic.mapping.Bhmem  - Processing reads 459000 ...
183540 [main] INFO main.java.edu.mit.compbio.bisulfitehic.mapping.Bhmem  - Unique mapped and paired reads 456406 ...
183543 [main] INFO main.java.edu.mit.compbio.bisulfitehic.mapping.Bhmem  - Processing reads 460000 ...
183543 [main] INFO main.java.edu.mit.compbio.bisulfitehic.mapping.Bhmem  - Unique mapped and paired reads 456406 ...
[M::mem_process_seqs] Processed 1001 reads in 1.197 CPU sec, 0.154 real sec
[M::mem_process_seqs] Processed 1001 reads in 0.996 CPU sec, 0.128 real sec
[M::mem_process_seqs] Processed 1001 reads in 1.339 CPU sec, 0.172 real sec
[M::mem_process_seqs] Processed 1001 reads in 1.106 CPU sec, 0.144 real sec
184321 [main] INFO main.java.edu.mit.compbio.bisulfitehic.mapping.Bhmem  - Processing reads 461000 ...
184321 [main] INFO main.java.edu.mit.compbio.bisulfitehic.mapping.Bhmem  - Unique mapped and paired reads 458404 ...
184324 [main] INFO main.java.edu.mit.compbio.bisulfitehic.mapping.Bhmem  - Processing reads 462000 ...
184324 [main] INFO main.java.edu.mit.compbio.bisulfitehic.mapping.Bhmem  - Unique mapped and paired reads 458404 ...
[M::mem_process_seqs] Processed 1001 reads in 1.225 CPU sec, 0.177 real sec
[M::mem_process_seqs] Processed 1001 reads in 1.088 CPU sec, 0.158 real sec
[M::mem_process_seqs] Processed 1001 reads in 1.248 CPU sec, 0.190 real sec
[M::mem_process_seqs] Processed 1001 reads in 1.286 CPU sec, 0.187 real sec
185219 [main] INFO main.java.edu.mit.compbio.bisulfitehic.mapping.Bhmem  - Processing reads 463000 ...
185219 [main] INFO main.java.edu.mit.compbio.bisulfitehic.mapping.Bhmem  - Unique mapped and paired reads 460404 ...
185222 [main] INFO main.java.edu.mit.compbio.bisulfitehic.mapping.Bhmem  - Processing reads 464000 ...
185222 [main] INFO main.java.edu.mit.compbio.bisulfitehic.mapping.Bhmem  - Unique mapped and paired reads 460404 ...
[M::mem_process_seqs] Processed 1001 reads in 1.226 CPU sec, 0.156 real sec
[M::mem_process_seqs] Processed 1001 reads in 1.004 CPU sec, 0.127 real sec
[M::mem_process_seqs] Processed 1001 reads in 1.326 CPU sec, 0.176 real sec
[M::mem_process_seqs] Processed 1001 reads in 1.234 CPU sec, 0.156 real sec
186015 [main] INFO main.java.edu.mit.compbio.bisulfitehic.mapping.Bhmem  - Processing reads 465000 ...
186015 [main] INFO main.java.edu.mit.compbio.bisulfitehic.mapping.Bhmem  - Unique mapped and paired reads 462396 ...
186018 [main] INFO main.java.edu.mit.compbio.bisulfitehic.mapping.Bhmem  - Processing reads 466000 ...
186018 [main] INFO main.java.edu.mit.compbio.bisulfitehic.mapping.Bhmem  - Unique mapped and paired reads 462396 ...
[M::mem_process_seqs] Processed 1001 reads in 1.144 CPU sec, 0.145 real sec
[M::mem_process_seqs] Processed 1001 reads in 0.976 CPU sec, 0.125 real sec
[M::mem_process_seqs] Processed 1001 reads in 1.178 CPU sec, 0.150 real sec
[M::mem_process_seqs] Processed 1001 reads in 1.094 CPU sec, 0.141 real sec
186761 [main] INFO main.java.edu.mit.compbio.bisulfitehic.mapping.Bhmem  - Processing reads 467000 ...
186761 [main] INFO main.java.edu.mit.compbio.bisulfitehic.mapping.Bhmem  - Unique mapped and paired reads 464390 ...
186764 [main] INFO main.java.edu.mit.compbio.bisulfitehic.mapping.Bhmem  - Processing reads 468000 ...
186764 [main] INFO main.java.edu.mit.compbio.bisulfitehic.mapping.Bhmem  - Unique mapped and paired reads 464390 ...
[M::mem_process_seqs] Processed 1001 reads in 1.163 CPU sec, 0.148 real sec
[M::mem_process_seqs] Processed 1001 reads in 0.929 CPU sec, 0.118 real sec
[M::mem_process_seqs] Processed 1001 reads in 1.249 CPU sec, 0.161 real sec
[M::mem_process_seqs] Processed 1001 reads in 1.129 CPU sec, 0.146 real sec
187510 [main] INFO main.java.edu.mit.compbio.bisulfitehic.mapping.Bhmem  - Processing reads 469000 ...
187510 [main] INFO main.java.edu.mit.compbio.bisulfitehic.mapping.Bhmem  - Unique mapped and paired reads 466384 ...
187513 [main] INFO main.java.edu.mit.compbio.bisulfitehic.mapping.Bhmem  - Processing reads 470000 ...
187513 [main] INFO main.java.edu.mit.compbio.bisulfitehic.mapping.Bhmem  - Unique mapped and paired reads 466384 ...
[M::mem_process_seqs] Processed 1001 reads in 1.221 CPU sec, 0.158 real sec
[M::mem_process_seqs] Processed 1001 reads in 0.943 CPU sec, 0.120 real sec
[M::mem_process_seqs] Processed 1001 reads in 1.294 CPU sec, 0.174 real sec
[M::mem_process_seqs] Processed 1001 reads in 1.141 CPU sec, 0.147 real sec
188293 [main] INFO main.java.edu.mit.compbio.bisulfitehic.mapping.Bhmem  - Processing reads 471000 ...
188293 [main] INFO main.java.edu.mit.compbio.bisulfitehic.mapping.Bhmem  - Unique mapped and paired reads 468382 ...
188297 [main] INFO main.java.edu.mit.compbio.bisulfitehic.mapping.Bhmem  - Processing reads 472000 ...
188297 [main] INFO main.java.edu.mit.compbio.bisulfitehic.mapping.Bhmem  - Unique mapped and paired reads 468382 ...
[M::mem_process_seqs] Processed 1001 reads in 1.146 CPU sec, 0.146 real sec
[M::mem_process_seqs] Processed 1001 reads in 1.030 CPU sec, 0.134 real sec
[M::mem_process_seqs] Processed 1001 reads in 1.219 CPU sec, 0.156 real sec
[M::mem_process_seqs] Processed 1001 reads in 1.100 CPU sec, 0.139 real sec
189051 [main] INFO main.java.edu.mit.compbio.bisulfitehic.mapping.Bhmem  - Processing reads 473000 ...
189051 [main] INFO main.java.edu.mit.compbio.bisulfitehic.mapping.Bhmem  - Unique mapped and paired reads 470380 ...
189054 [main] INFO main.java.edu.mit.compbio.bisulfitehic.mapping.Bhmem  - Processing reads 474000 ...
189054 [main] INFO main.java.edu.mit.compbio.bisulfitehic.mapping.Bhmem  - Unique mapped and paired reads 470380 ...
[M::mem_process_seqs] Processed 1001 reads in 1.191 CPU sec, 0.161 real sec
[M::mem_process_seqs] Processed 1001 reads in 0.941 CPU sec, 0.119 real sec
[M::mem_process_seqs] Processed 1001 reads in 1.236 CPU sec, 0.158 real sec
[M::mem_process_seqs] Processed 1001 reads in 1.037 CPU sec, 0.132 real sec
189813 [main] INFO main.java.edu.mit.compbio.bisulfitehic.mapping.Bhmem  - Processing reads 475000 ...
189813 [main] INFO main.java.edu.mit.compbio.bisulfitehic.mapping.Bhmem  - Unique mapped and paired reads 472374 ...
189816 [main] INFO main.java.edu.mit.compbio.bisulfitehic.mapping.Bhmem  - Processing reads 476000 ...
189816 [main] INFO main.java.edu.mit.compbio.bisulfitehic.mapping.Bhmem  - Unique mapped and paired reads 472374 ...
[M::mem_process_seqs] Processed 1001 reads in 1.182 CPU sec, 0.150 real sec
[M::mem_process_seqs] Processed 1001 reads in 0.966 CPU sec, 0.122 real sec
[M::mem_process_seqs] Processed 1001 reads in 1.255 CPU sec, 0.158 real sec
[M::mem_process_seqs] Processed 1001 reads in 1.136 CPU sec, 0.157 real sec
190592 [main] INFO main.java.edu.mit.compbio.bisulfitehic.mapping.Bhmem  - Processing reads 477000 ...
190592 [main] INFO main.java.edu.mit.compbio.bisulfitehic.mapping.Bhmem  - Unique mapped and paired reads 474366 ...
190595 [main] INFO main.java.edu.mit.compbio.bisulfitehic.mapping.Bhmem  - Processing reads 478000 ...
190595 [main] INFO main.java.edu.mit.compbio.bisulfitehic.mapping.Bhmem  - Unique mapped and paired reads 474366 ...
[M::mem_process_seqs] Processed 1001 reads in 1.236 CPU sec, 0.160 real sec
[M::mem_process_seqs] Processed 1001 reads in 0.966 CPU sec, 0.128 real sec
[M::mem_process_seqs] Processed 1001 reads in 1.424 CPU sec, 0.183 real sec
[M::mem_process_seqs] Processed 1001 reads in 1.146 CPU sec, 0.145 real sec
191395 [main] INFO main.java.edu.mit.compbio.bisulfitehic.mapping.Bhmem  - Processing reads 479000 ...
191395 [main] INFO main.java.edu.mit.compbio.bisulfitehic.mapping.Bhmem  - Unique mapped and paired reads 476364 ...
191398 [main] INFO main.java.edu.mit.compbio.bisulfitehic.mapping.Bhmem  - Processing reads 480000 ...
191398 [main] INFO main.java.edu.mit.compbio.bisulfitehic.mapping.Bhmem  - Unique mapped and paired reads 476364 ...
[M::mem_process_seqs] Processed 1001 reads in 1.262 CPU sec, 0.161 real sec
[M::mem_process_seqs] Processed 1001 reads in 0.927 CPU sec, 0.118 real sec
[M::mem_process_seqs] Processed 1001 reads in 1.305 CPU sec, 0.165 real sec
[M::mem_process_seqs] Processed 1001 reads in 1.090 CPU sec, 0.139 real sec
192183 [main] INFO main.java.edu.mit.compbio.bisulfitehic.mapping.Bhmem  - Processing reads 481000 ...
192183 [main] INFO main.java.edu.mit.compbio.bisulfitehic.mapping.Bhmem  - Unique mapped and paired reads 478362 ...
192186 [main] INFO main.java.edu.mit.compbio.bisulfitehic.mapping.Bhmem  - Processing reads 482000 ...
192186 [main] INFO main.java.edu.mit.compbio.bisulfitehic.mapping.Bhmem  - Unique mapped and paired reads 478362 ...
[M::mem_process_seqs] Processed 1001 reads in 1.202 CPU sec, 0.152 real sec
[M::mem_process_seqs] Processed 1001 reads in 0.966 CPU sec, 0.123 real sec
[M::mem_process_seqs] Processed 1001 reads in 1.339 CPU sec, 0.169 real sec
[M::mem_process_seqs] Processed 1001 reads in 1.147 CPU sec, 0.148 real sec
192952 [main] INFO main.java.edu.mit.compbio.bisulfitehic.mapping.Bhmem  - Processing reads 483000 ...
192952 [main] INFO main.java.edu.mit.compbio.bisulfitehic.mapping.Bhmem  - Unique mapped and paired reads 480360 ...
192955 [main] INFO main.java.edu.mit.compbio.bisulfitehic.mapping.Bhmem  - Processing reads 484000 ...
192955 [main] INFO main.java.edu.mit.compbio.bisulfitehic.mapping.Bhmem  - Unique mapped and paired reads 480360 ...
[M::mem_process_seqs] Processed 1001 reads in 1.164 CPU sec, 0.147 real sec
[M::mem_process_seqs] Processed 1001 reads in 0.962 CPU sec, 0.123 real sec
[M::mem_process_seqs] Processed 1001 reads in 1.296 CPU sec, 0.166 real sec
[M::mem_process_seqs] Processed 1001 reads in 1.141 CPU sec, 0.147 real sec
193721 [main] INFO main.java.edu.mit.compbio.bisulfitehic.mapping.Bhmem  - Processing reads 485000 ...
193721 [main] INFO main.java.edu.mit.compbio.bisulfitehic.mapping.Bhmem  - Unique mapped and paired reads 482354 ...
193725 [main] INFO main.java.edu.mit.compbio.bisulfitehic.mapping.Bhmem  - Processing reads 486000 ...
193725 [main] INFO main.java.edu.mit.compbio.bisulfitehic.mapping.Bhmem  - Unique mapped and paired reads 482354 ...
[M::mem_process_seqs] Processed 1001 reads in 1.144 CPU sec, 0.146 real sec
[M::mem_process_seqs] Processed 1001 reads in 0.927 CPU sec, 0.121 real sec
[M::mem_process_seqs] Processed 1001 reads in 1.235 CPU sec, 0.157 real sec
[M::mem_process_seqs] Processed 1001 reads in 1.066 CPU sec, 0.138 real sec
194463 [main] INFO main.java.edu.mit.compbio.bisulfitehic.mapping.Bhmem  - Processing reads 487000 ...
194463 [main] INFO main.java.edu.mit.compbio.bisulfitehic.mapping.Bhmem  - Unique mapped and paired reads 484354 ...
194466 [main] INFO main.java.edu.mit.compbio.bisulfitehic.mapping.Bhmem  - Processing reads 488000 ...
194466 [main] INFO main.java.edu.mit.compbio.bisulfitehic.mapping.Bhmem  - Unique mapped and paired reads 484354 ...
[M::mem_process_seqs] Processed 1001 reads in 1.133 CPU sec, 0.145 real sec
[M::mem_process_seqs] Processed 1001 reads in 0.979 CPU sec, 0.124 real sec
[M::mem_process_seqs] Processed 1001 reads in 1.217 CPU sec, 0.155 real sec
[M::mem_process_seqs] Processed 1001 reads in 1.156 CPU sec, 0.146 real sec
195221 [main] INFO main.java.edu.mit.compbio.bisulfitehic.mapping.Bhmem  - Processing reads 489000 ...
195221 [main] INFO main.java.edu.mit.compbio.bisulfitehic.mapping.Bhmem  - Unique mapped and paired reads 486350 ...
195224 [main] INFO main.java.edu.mit.compbio.bisulfitehic.mapping.Bhmem  - Processing reads 490000 ...
195224 [main] INFO main.java.edu.mit.compbio.bisulfitehic.mapping.Bhmem  - Unique mapped and paired reads 486350 ...
[M::mem_process_seqs] Processed 1001 reads in 1.189 CPU sec, 0.158 real sec
[M::mem_process_seqs] Processed 1001 reads in 0.992 CPU sec, 0.131 real sec
[M::mem_process_seqs] Processed 1001 reads in 1.343 CPU sec, 0.175 real sec
[M::mem_process_seqs] Processed 1001 reads in 1.137 CPU sec, 0.144 real sec
196019 [main] INFO main.java.edu.mit.compbio.bisulfitehic.mapping.Bhmem  - Processing reads 491000 ...
196019 [main] INFO main.java.edu.mit.compbio.bisulfitehic.mapping.Bhmem  - Unique mapped and paired reads 488342 ...
196022 [main] INFO main.java.edu.mit.compbio.bisulfitehic.mapping.Bhmem  - Processing reads 492000 ...
196022 [main] INFO main.java.edu.mit.compbio.bisulfitehic.mapping.Bhmem  - Unique mapped and paired reads 488342 ...
[M::mem_process_seqs] Processed 1001 reads in 1.131 CPU sec, 0.144 real sec
[M::mem_process_seqs] Processed 1001 reads in 0.941 CPU sec, 0.123 real sec
[M::mem_process_seqs] Processed 1001 reads in 1.280 CPU sec, 0.163 real sec
[M::mem_process_seqs] Processed 1001 reads in 1.160 CPU sec, 0.147 real sec
196779 [main] INFO main.java.edu.mit.compbio.bisulfitehic.mapping.Bhmem  - Processing reads 493000 ...
196779 [main] INFO main.java.edu.mit.compbio.bisulfitehic.mapping.Bhmem  - Unique mapped and paired reads 490338 ...
196782 [main] INFO main.java.edu.mit.compbio.bisulfitehic.mapping.Bhmem  - Processing reads 494000 ...
196783 [main] INFO main.java.edu.mit.compbio.bisulfitehic.mapping.Bhmem  - Unique mapped and paired reads 490338 ...
[M::mem_process_seqs] Processed 1001 reads in 1.219 CPU sec, 0.158 real sec
[M::mem_process_seqs] Processed 1001 reads in 1.007 CPU sec, 0.128 real sec
[M::mem_process_seqs] Processed 1001 reads in 1.383 CPU sec, 0.179 real sec
[M::mem_process_seqs] Processed 1001 reads in 1.148 CPU sec, 0.147 real sec
197576 [main] INFO main.java.edu.mit.compbio.bisulfitehic.mapping.Bhmem  - Processing reads 495000 ...
197576 [main] INFO main.java.edu.mit.compbio.bisulfitehic.mapping.Bhmem  - Unique mapped and paired reads 492326 ...
197580 [main] INFO main.java.edu.mit.compbio.bisulfitehic.mapping.Bhmem  - Processing reads 496000 ...
197580 [main] INFO main.java.edu.mit.compbio.bisulfitehic.mapping.Bhmem  - Unique mapped and paired reads 492326 ...
[M::mem_process_seqs] Processed 1001 reads in 1.244 CPU sec, 0.158 real sec
[M::mem_process_seqs] Processed 1001 reads in 0.974 CPU sec, 0.124 real sec
[M::mem_process_seqs] Processed 1001 reads in 1.291 CPU sec, 0.164 real sec
[M::mem_process_seqs] Processed 1001 reads in 1.088 CPU sec, 0.139 real sec
198345 [main] INFO main.java.edu.mit.compbio.bisulfitehic.mapping.Bhmem  - Processing reads 497000 ...
198345 [main] INFO main.java.edu.mit.compbio.bisulfitehic.mapping.Bhmem  - Unique mapped and paired reads 494322 ...
198348 [main] INFO main.java.edu.mit.compbio.bisulfitehic.mapping.Bhmem  - Processing reads 498000 ...
198348 [main] INFO main.java.edu.mit.compbio.bisulfitehic.mapping.Bhmem  - Unique mapped and paired reads 494322 ...
[M::mem_process_seqs] Processed 1001 reads in 1.221 CPU sec, 0.156 real sec
[M::mem_process_seqs] Processed 1001 reads in 0.975 CPU sec, 0.127 real sec
[M::mem_process_seqs] Processed 1001 reads in 1.325 CPU sec, 0.171 real sec
[M::mem_process_seqs] Processed 1001 reads in 1.174 CPU sec, 0.153 real sec
199138 [main] INFO main.java.edu.mit.compbio.bisulfitehic.mapping.Bhmem  - Processing reads 499000 ...
199138 [main] INFO main.java.edu.mit.compbio.bisulfitehic.mapping.Bhmem  - Unique mapped and paired reads 496314 ...
199141 [main] INFO main.java.edu.mit.compbio.bisulfitehic.mapping.Bhmem  - Processing reads 500000 ...
199141 [main] INFO main.java.edu.mit.compbio.bisulfitehic.mapping.Bhmem  - Unique mapped and paired reads 496314 ...
[M::mem_process_seqs] Processed 1001 reads in 1.160 CPU sec, 0.148 real sec
[M::mem_process_seqs] Processed 1001 reads in 0.929 CPU sec, 0.118 real sec
[M::mem_process_seqs] Processed 1001 reads in 1.233 CPU sec, 0.158 real sec
[M::mem_process_seqs] Processed 1001 reads in 1.051 CPU sec, 0.144 real sec
199896 [main] INFO main.java.edu.mit.compbio.bisulfitehic.mapping.Bhmem  - Processing reads 501000 ...
199896 [main] INFO main.java.edu.mit.compbio.bisulfitehic.mapping.Bhmem  - Unique mapped and paired reads 498312 ...
199899 [main] INFO main.java.edu.mit.compbio.bisulfitehic.mapping.Bhmem  - Processing reads 502000 ...
199899 [main] INFO main.java.edu.mit.compbio.bisulfitehic.mapping.Bhmem  - Unique mapped and paired reads 498312 ...
[M::mem_process_seqs] Processed 1001 reads in 1.246 CPU sec, 0.159 real sec
[M::mem_process_seqs] Processed 1001 reads in 0.996 CPU sec, 0.126 real sec
[M::mem_process_seqs] Processed 1001 reads in 1.265 CPU sec, 0.161 real sec
[M::mem_process_seqs] Processed 1001 reads in 1.095 CPU sec, 0.142 real sec
200671 [main] INFO main.java.edu.mit.compbio.bisulfitehic.mapping.Bhmem  - Processing reads 503000 ...
200671 [main] INFO main.java.edu.mit.compbio.bisulfitehic.mapping.Bhmem  - Unique mapped and paired reads 500304 ...
200674 [main] INFO main.java.edu.mit.compbio.bisulfitehic.mapping.Bhmem  - Processing reads 504000 ...
200674 [main] INFO main.java.edu.mit.compbio.bisulfitehic.mapping.Bhmem  - Unique mapped and paired reads 500304 ...
[M::mem_process_seqs] Processed 1001 reads in 1.159 CPU sec, 0.148 real sec
[M::mem_process_seqs] Processed 1001 reads in 0.918 CPU sec, 0.117 real sec
[M::mem_process_seqs] Processed 1001 reads in 1.214 CPU sec, 0.154 real sec
[M::mem_process_seqs] Processed 1001 reads in 1.060 CPU sec, 0.138 real sec
201414 [main] INFO main.java.edu.mit.compbio.bisulfitehic.mapping.Bhmem  - Processing reads 505000 ...
201414 [main] INFO main.java.edu.mit.compbio.bisulfitehic.mapping.Bhmem  - Unique mapped and paired reads 502296 ...
201417 [main] INFO main.java.edu.mit.compbio.bisulfitehic.mapping.Bhmem  - Processing reads 506000 ...
201417 [main] INFO main.java.edu.mit.compbio.bisulfitehic.mapping.Bhmem  - Unique mapped and paired reads 502296 ...
[M::mem_process_seqs] Processed 1001 reads in 1.145 CPU sec, 0.148 real sec
[M::mem_process_seqs] Processed 1001 reads in 0.961 CPU sec, 0.124 real sec
[M::mem_process_seqs] Processed 1001 reads in 1.283 CPU sec, 0.164 real sec
[M::mem_process_seqs] Processed 1001 reads in 1.083 CPU sec, 0.138 real sec
202192 [main] INFO main.java.edu.mit.compbio.bisulfitehic.mapping.Bhmem  - Processing reads 507000 ...
202192 [main] INFO main.java.edu.mit.compbio.bisulfitehic.mapping.Bhmem  - Unique mapped and paired reads 504290 ...
202196 [main] INFO main.java.edu.mit.compbio.bisulfitehic.mapping.Bhmem  - Processing reads 508000 ...
202196 [main] INFO main.java.edu.mit.compbio.bisulfitehic.mapping.Bhmem  - Unique mapped and paired reads 504290 ...
[M::mem_process_seqs] Processed 1001 reads in 1.191 CPU sec, 0.151 real sec
[M::mem_process_seqs] Processed 1001 reads in 0.954 CPU sec, 0.126 real sec
[M::mem_process_seqs] Processed 1001 reads in 1.300 CPU sec, 0.170 real sec
[M::mem_process_seqs] Processed 1001 reads in 1.178 CPU sec, 0.155 real sec
202986 [main] INFO main.java.edu.mit.compbio.bisulfitehic.mapping.Bhmem  - Processing reads 509000 ...
202986 [main] INFO main.java.edu.mit.compbio.bisulfitehic.mapping.Bhmem  - Unique mapped and paired reads 506284 ...
202989 [main] INFO main.java.edu.mit.compbio.bisulfitehic.mapping.Bhmem  - Processing reads 510000 ...
202989 [main] INFO main.java.edu.mit.compbio.bisulfitehic.mapping.Bhmem  - Unique mapped and paired reads 506284 ...
[M::mem_process_seqs] Processed 1001 reads in 1.167 CPU sec, 0.150 real sec
[M::mem_process_seqs] Processed 1001 reads in 0.974 CPU sec, 0.124 real sec
[M::mem_process_seqs] Processed 1001 reads in 1.248 CPU sec, 0.158 real sec
[M::mem_process_seqs] Processed 1001 reads in 1.163 CPU sec, 0.148 real sec
203762 [main] INFO main.java.edu.mit.compbio.bisulfitehic.mapping.Bhmem  - Processing reads 511000 ...
203762 [main] INFO main.java.edu.mit.compbio.bisulfitehic.mapping.Bhmem  - Unique mapped and paired reads 508268 ...
203765 [main] INFO main.java.edu.mit.compbio.bisulfitehic.mapping.Bhmem  - Processing reads 512000 ...
203765 [main] INFO main.java.edu.mit.compbio.bisulfitehic.mapping.Bhmem  - Unique mapped and paired reads 508268 ...
[M::mem_process_seqs] Processed 1001 reads in 1.113 CPU sec, 0.141 real sec
[M::mem_process_seqs] Processed 1001 reads in 0.950 CPU sec, 0.121 real sec
[M::mem_process_seqs] Processed 1001 reads in 1.197 CPU sec, 0.152 real sec
[M::mem_process_seqs] Processed 1001 reads in 1.038 CPU sec, 0.132 real sec
204502 [main] INFO main.java.edu.mit.compbio.bisulfitehic.mapping.Bhmem  - Processing reads 513000 ...
204502 [main] INFO main.java.edu.mit.compbio.bisulfitehic.mapping.Bhmem  - Unique mapped and paired reads 510262 ...
204505 [main] INFO main.java.edu.mit.compbio.bisulfitehic.mapping.Bhmem  - Processing reads 514000 ...
204505 [main] INFO main.java.edu.mit.compbio.bisulfitehic.mapping.Bhmem  - Unique mapped and paired reads 510262 ...
[M::mem_process_seqs] Processed 1001 reads in 1.185 CPU sec, 0.152 real sec
[M::mem_process_seqs] Processed 1001 reads in 0.955 CPU sec, 0.124 real sec
[M::mem_process_seqs] Processed 1001 reads in 1.229 CPU sec, 0.159 real sec
[M::mem_process_seqs] Processed 1001 reads in 1.064 CPU sec, 0.138 real sec
205291 [main] INFO main.java.edu.mit.compbio.bisulfitehic.mapping.Bhmem  - Processing reads 515000 ...
205291 [main] INFO main.java.edu.mit.compbio.bisulfitehic.mapping.Bhmem  - Unique mapped and paired reads 512254 ...
205294 [main] INFO main.java.edu.mit.compbio.bisulfitehic.mapping.Bhmem  - Processing reads 516000 ...
205294 [main] INFO main.java.edu.mit.compbio.bisulfitehic.mapping.Bhmem  - Unique mapped and paired reads 512254 ...
[M::mem_process_seqs] Processed 1001 reads in 1.152 CPU sec, 0.150 real sec
[M::mem_process_seqs] Processed 1001 reads in 1.011 CPU sec, 0.133 real sec
[M::mem_process_seqs] Processed 1001 reads in 1.250 CPU sec, 0.170 real sec
[M::mem_process_seqs] Processed 1001 reads in 1.065 CPU sec, 0.134 real sec
206067 [main] INFO main.java.edu.mit.compbio.bisulfitehic.mapping.Bhmem  - Processing reads 517000 ...
206067 [main] INFO main.java.edu.mit.compbio.bisulfitehic.mapping.Bhmem  - Unique mapped and paired reads 514250 ...
206070 [main] INFO main.java.edu.mit.compbio.bisulfitehic.mapping.Bhmem  - Processing reads 518000 ...
206070 [main] INFO main.java.edu.mit.compbio.bisulfitehic.mapping.Bhmem  - Unique mapped and paired reads 514250 ...
[M::mem_process_seqs] Processed 1001 reads in 1.139 CPU sec, 0.145 real sec
[M::mem_process_seqs] Processed 1001 reads in 0.916 CPU sec, 0.116 real sec
[M::mem_process_seqs] Processed 1001 reads in 1.255 CPU sec, 0.159 real sec
[M::mem_process_seqs] Processed 1001 reads in 1.090 CPU sec, 0.138 real sec
206816 [main] INFO main.java.edu.mit.compbio.bisulfitehic.mapping.Bhmem  - Processing reads 519000 ...
206816 [main] INFO main.java.edu.mit.compbio.bisulfitehic.mapping.Bhmem  - Unique mapped and paired reads 516248 ...
206819 [main] INFO main.java.edu.mit.compbio.bisulfitehic.mapping.Bhmem  - Processing reads 520000 ...
206819 [main] INFO main.java.edu.mit.compbio.bisulfitehic.mapping.Bhmem  - Unique mapped and paired reads 516248 ...
[M::mem_process_seqs] Processed 1001 reads in 1.097 CPU sec, 0.141 real sec
[M::mem_process_seqs] Processed 1001 reads in 0.934 CPU sec, 0.120 real sec
[M::mem_process_seqs] Processed 1001 reads in 1.241 CPU sec, 0.157 real sec
[M::mem_process_seqs] Processed 1001 reads in 1.180 CPU sec, 0.150 real sec
207567 [main] INFO main.java.edu.mit.compbio.bisulfitehic.mapping.Bhmem  - Processing reads 521000 ...
207567 [main] INFO main.java.edu.mit.compbio.bisulfitehic.mapping.Bhmem  - Unique mapped and paired reads 518240 ...
207570 [main] INFO main.java.edu.mit.compbio.bisulfitehic.mapping.Bhmem  - Processing reads 522000 ...
207570 [main] INFO main.java.edu.mit.compbio.bisulfitehic.mapping.Bhmem  - Unique mapped and paired reads 518240 ...
[M::mem_process_seqs] Processed 1001 reads in 1.177 CPU sec, 0.150 real sec
[M::mem_process_seqs] Processed 1001 reads in 0.976 CPU sec, 0.123 real sec
[M::mem_process_seqs] Processed 1001 reads in 1.309 CPU sec, 0.166 real sec
[M::mem_process_seqs] Processed 1001 reads in 1.087 CPU sec, 0.137 real sec
208331 [main] INFO main.java.edu.mit.compbio.bisulfitehic.mapping.Bhmem  - Processing reads 523000 ...
208331 [main] INFO main.java.edu.mit.compbio.bisulfitehic.mapping.Bhmem  - Unique mapped and paired reads 520230 ...
208334 [main] INFO main.java.edu.mit.compbio.bisulfitehic.mapping.Bhmem  - Processing reads 524000 ...
208334 [main] INFO main.java.edu.mit.compbio.bisulfitehic.mapping.Bhmem  - Unique mapped and paired reads 520230 ...
[M::mem_process_seqs] Processed 1001 reads in 1.211 CPU sec, 0.156 real sec
[M::mem_process_seqs] Processed 1001 reads in 0.937 CPU sec, 0.121 real sec
[M::mem_process_seqs] Processed 1001 reads in 1.388 CPU sec, 0.178 real sec
[M::mem_process_seqs] Processed 1001 reads in 1.093 CPU sec, 0.139 real sec
209133 [main] INFO main.java.edu.mit.compbio.bisulfitehic.mapping.Bhmem  - Processing reads 525000 ...
209133 [main] INFO main.java.edu.mit.compbio.bisulfitehic.mapping.Bhmem  - Unique mapped and paired reads 522226 ...
209136 [main] INFO main.java.edu.mit.compbio.bisulfitehic.mapping.Bhmem  - Processing reads 526000 ...
209136 [main] INFO main.java.edu.mit.compbio.bisulfitehic.mapping.Bhmem  - Unique mapped and paired reads 522226 ...
[M::mem_process_seqs] Processed 1001 reads in 1.136 CPU sec, 0.150 real sec
[M::mem_process_seqs] Processed 1001 reads in 1.010 CPU sec, 0.128 real sec
[M::mem_process_seqs] Processed 1001 reads in 1.287 CPU sec, 0.168 real sec
[M::mem_process_seqs] Processed 1001 reads in 1.179 CPU sec, 0.153 real sec
209921 [main] INFO main.java.edu.mit.compbio.bisulfitehic.mapping.Bhmem  - Processing reads 527000 ...
209921 [main] INFO main.java.edu.mit.compbio.bisulfitehic.mapping.Bhmem  - Unique mapped and paired reads 524216 ...
209924 [main] INFO main.java.edu.mit.compbio.bisulfitehic.mapping.Bhmem  - Processing reads 528000 ...
209924 [main] INFO main.java.edu.mit.compbio.bisulfitehic.mapping.Bhmem  - Unique mapped and paired reads 524216 ...
[M::mem_process_seqs] Processed 1001 reads in 1.158 CPU sec, 0.150 real sec
[M::mem_process_seqs] Processed 1001 reads in 1.058 CPU sec, 0.135 real sec
[M::mem_process_seqs] Processed 1001 reads in 1.218 CPU sec, 0.154 real sec
[M::mem_process_seqs] Processed 1001 reads in 1.133 CPU sec, 0.145 real sec
210701 [main] INFO main.java.edu.mit.compbio.bisulfitehic.mapping.Bhmem  - Processing reads 529000 ...
210701 [main] INFO main.java.edu.mit.compbio.bisulfitehic.mapping.Bhmem  - Unique mapped and paired reads 526214 ...
210704 [main] INFO main.java.edu.mit.compbio.bisulfitehic.mapping.Bhmem  - Processing reads 530000 ...
210704 [main] INFO main.java.edu.mit.compbio.bisulfitehic.mapping.Bhmem  - Unique mapped and paired reads 526214 ...
[M::mem_process_seqs] Processed 1001 reads in 1.189 CPU sec, 0.150 real sec
[M::mem_process_seqs] Processed 1001 reads in 1.004 CPU sec, 0.137 real sec
[M::mem_process_seqs] Processed 1001 reads in 1.291 CPU sec, 0.164 real sec
[M::mem_process_seqs] Processed 1001 reads in 1.150 CPU sec, 0.145 real sec
211494 [main] INFO main.java.edu.mit.compbio.bisulfitehic.mapping.Bhmem  - Processing reads 531000 ...
211494 [main] INFO main.java.edu.mit.compbio.bisulfitehic.mapping.Bhmem  - Unique mapped and paired reads 528214 ...
211497 [main] INFO main.java.edu.mit.compbio.bisulfitehic.mapping.Bhmem  - Processing reads 532000 ...
211497 [main] INFO main.java.edu.mit.compbio.bisulfitehic.mapping.Bhmem  - Unique mapped and paired reads 528214 ...
[M::mem_process_seqs] Processed 1001 reads in 1.164 CPU sec, 0.147 real sec
[M::mem_process_seqs] Processed 1001 reads in 0.978 CPU sec, 0.132 real sec
[M::mem_process_seqs] Processed 1001 reads in 1.325 CPU sec, 0.168 real sec
[M::mem_process_seqs] Processed 1001 reads in 1.101 CPU sec, 0.141 real sec
212289 [main] INFO main.java.edu.mit.compbio.bisulfitehic.mapping.Bhmem  - Processing reads 533000 ...
212289 [main] INFO main.java.edu.mit.compbio.bisulfitehic.mapping.Bhmem  - Unique mapped and paired reads 530210 ...
212292 [main] INFO main.java.edu.mit.compbio.bisulfitehic.mapping.Bhmem  - Processing reads 534000 ...
212292 [main] INFO main.java.edu.mit.compbio.bisulfitehic.mapping.Bhmem  - Unique mapped and paired reads 530210 ...
[M::mem_process_seqs] Processed 1001 reads in 1.180 CPU sec, 0.154 real sec
[M::mem_process_seqs] Processed 1001 reads in 1.013 CPU sec, 0.128 real sec
[M::mem_process_seqs] Processed 1001 reads in 1.325 CPU sec, 0.168 real sec
[M::mem_process_seqs] Processed 1001 reads in 1.198 CPU sec, 0.153 real sec
213081 [main] INFO main.java.edu.mit.compbio.bisulfitehic.mapping.Bhmem  - Processing reads 535000 ...
213081 [main] INFO main.java.edu.mit.compbio.bisulfitehic.mapping.Bhmem  - Unique mapped and paired reads 532196 ...
213084 [main] INFO main.java.edu.mit.compbio.bisulfitehic.mapping.Bhmem  - Processing reads 536000 ...
213084 [main] INFO main.java.edu.mit.compbio.bisulfitehic.mapping.Bhmem  - Unique mapped and paired reads 532196 ...
[M::mem_process_seqs] Processed 1001 reads in 1.224 CPU sec, 0.156 real sec
[M::mem_process_seqs] Processed 1001 reads in 0.989 CPU sec, 0.126 real sec
[M::mem_process_seqs] Processed 1001 reads in 1.324 CPU sec, 0.171 real sec
[M::mem_process_seqs] Processed 1001 reads in 1.173 CPU sec, 0.150 real sec
213878 [main] INFO main.java.edu.mit.compbio.bisulfitehic.mapping.Bhmem  - Processing reads 537000 ...
213878 [main] INFO main.java.edu.mit.compbio.bisulfitehic.mapping.Bhmem  - Unique mapped and paired reads 534194 ...
213881 [main] INFO main.java.edu.mit.compbio.bisulfitehic.mapping.Bhmem  - Processing reads 538000 ...
213881 [main] INFO main.java.edu.mit.compbio.bisulfitehic.mapping.Bhmem  - Unique mapped and paired reads 534194 ...
[M::mem_process_seqs] Processed 1001 reads in 1.131 CPU sec, 0.145 real sec
[M::mem_process_seqs] Processed 1001 reads in 0.918 CPU sec, 0.119 real sec
[M::mem_process_seqs] Processed 1001 reads in 1.227 CPU sec, 0.156 real sec
[M::mem_process_seqs] Processed 1001 reads in 1.088 CPU sec, 0.140 real sec
214647 [main] INFO main.java.edu.mit.compbio.bisulfitehic.mapping.Bhmem  - Processing reads 539000 ...
214647 [main] INFO main.java.edu.mit.compbio.bisulfitehic.mapping.Bhmem  - Unique mapped and paired reads 536192 ...
214650 [main] INFO main.java.edu.mit.compbio.bisulfitehic.mapping.Bhmem  - Processing reads 540000 ...
214650 [main] INFO main.java.edu.mit.compbio.bisulfitehic.mapping.Bhmem  - Unique mapped and paired reads 536192 ...
[M::mem_process_seqs] Processed 1001 reads in 1.166 CPU sec, 0.147 real sec
[M::mem_process_seqs] Processed 1001 reads in 0.963 CPU sec, 0.127 real sec
[M::mem_process_seqs] Processed 1001 reads in 1.276 CPU sec, 0.162 real sec
[M::mem_process_seqs] Processed 1001 reads in 1.121 CPU sec, 0.144 real sec
215419 [main] INFO main.java.edu.mit.compbio.bisulfitehic.mapping.Bhmem  - Processing reads 541000 ...
215419 [main] INFO main.java.edu.mit.compbio.bisulfitehic.mapping.Bhmem  - Unique mapped and paired reads 538184 ...
215422 [main] INFO main.java.edu.mit.compbio.bisulfitehic.mapping.Bhmem  - Processing reads 542000 ...
215422 [main] INFO main.java.edu.mit.compbio.bisulfitehic.mapping.Bhmem  - Unique mapped and paired reads 538184 ...
[M::mem_process_seqs] Processed 1001 reads in 1.268 CPU sec, 0.161 real sec
[M::mem_process_seqs] Processed 1001 reads in 1.034 CPU sec, 0.132 real sec
[M::mem_process_seqs] Processed 1001 reads in 1.326 CPU sec, 0.168 real sec
[M::mem_process_seqs] Processed 1001 reads in 1.163 CPU sec, 0.149 real sec
216243 [main] INFO main.java.edu.mit.compbio.bisulfitehic.mapping.Bhmem  - Processing reads 543000 ...
216243 [main] INFO main.java.edu.mit.compbio.bisulfitehic.mapping.Bhmem  - Unique mapped and paired reads 540178 ...
216246 [main] INFO main.java.edu.mit.compbio.bisulfitehic.mapping.Bhmem  - Processing reads 544000 ...
216246 [main] INFO main.java.edu.mit.compbio.bisulfitehic.mapping.Bhmem  - Unique mapped and paired reads 540178 ...
[M::mem_process_seqs] Processed 1001 reads in 1.269 CPU sec, 0.161 real sec
[M::mem_process_seqs] Processed 1001 reads in 0.978 CPU sec, 0.124 real sec
[M::mem_process_seqs] Processed 1001 reads in 1.222 CPU sec, 0.160 real sec
[M::mem_process_seqs] Processed 1001 reads in 1.041 CPU sec, 0.132 real sec
217010 [main] INFO main.java.edu.mit.compbio.bisulfitehic.mapping.Bhmem  - Processing reads 545000 ...
217010 [main] INFO main.java.edu.mit.compbio.bisulfitehic.mapping.Bhmem  - Unique mapped and paired reads 542174 ...
217013 [main] INFO main.java.edu.mit.compbio.bisulfitehic.mapping.Bhmem  - Processing reads 546000 ...
217013 [main] INFO main.java.edu.mit.compbio.bisulfitehic.mapping.Bhmem  - Unique mapped and paired reads 542174 ...
[M::mem_process_seqs] Processed 1001 reads in 1.239 CPU sec, 0.157 real sec
[M::mem_process_seqs] Processed 1001 reads in 1.052 CPU sec, 0.133 real sec
[M::mem_process_seqs] Processed 1001 reads in 1.272 CPU sec, 0.161 real sec
[M::mem_process_seqs] Processed 1001 reads in 1.115 CPU sec, 0.143 real sec
217802 [main] INFO main.java.edu.mit.compbio.bisulfitehic.mapping.Bhmem  - Processing reads 547000 ...
217802 [main] INFO main.java.edu.mit.compbio.bisulfitehic.mapping.Bhmem  - Unique mapped and paired reads 544172 ...
217805 [main] INFO main.java.edu.mit.compbio.bisulfitehic.mapping.Bhmem  - Processing reads 548000 ...
217805 [main] INFO main.java.edu.mit.compbio.bisulfitehic.mapping.Bhmem  - Unique mapped and paired reads 544172 ...
[M::mem_process_seqs] Processed 1001 reads in 1.210 CPU sec, 0.154 real sec
[M::mem_process_seqs] Processed 1001 reads in 0.936 CPU sec, 0.120 real sec
[M::mem_process_seqs] Processed 1001 reads in 1.292 CPU sec, 0.166 real sec
[M::mem_process_seqs] Processed 1001 reads in 1.035 CPU sec, 0.132 real sec
218572 [main] INFO main.java.edu.mit.compbio.bisulfitehic.mapping.Bhmem  - Processing reads 549000 ...
218572 [main] INFO main.java.edu.mit.compbio.bisulfitehic.mapping.Bhmem  - Unique mapped and paired reads 546160 ...
218575 [main] INFO main.java.edu.mit.compbio.bisulfitehic.mapping.Bhmem  - Processing reads 550000 ...
218575 [main] INFO main.java.edu.mit.compbio.bisulfitehic.mapping.Bhmem  - Unique mapped and paired reads 546160 ...
[M::mem_process_seqs] Processed 1001 reads in 1.204 CPU sec, 0.155 real sec
[M::mem_process_seqs] Processed 1001 reads in 1.041 CPU sec, 0.134 real sec
[M::mem_process_seqs] Processed 1001 reads in 1.290 CPU sec, 0.164 real sec
[M::mem_process_seqs] Processed 1001 reads in 1.205 CPU sec, 0.153 real sec
219384 [main] INFO main.java.edu.mit.compbio.bisulfitehic.mapping.Bhmem  - Processing reads 551000 ...
219384 [main] INFO main.java.edu.mit.compbio.bisulfitehic.mapping.Bhmem  - Unique mapped and paired reads 548150 ...
219387 [main] INFO main.java.edu.mit.compbio.bisulfitehic.mapping.Bhmem  - Processing reads 552000 ...
219387 [main] INFO main.java.edu.mit.compbio.bisulfitehic.mapping.Bhmem  - Unique mapped and paired reads 548150 ...
[M::mem_process_seqs] Processed 1001 reads in 1.204 CPU sec, 0.154 real sec
[M::mem_process_seqs] Processed 1001 reads in 0.911 CPU sec, 0.116 real sec
[M::mem_process_seqs] Processed 1001 reads in 1.301 CPU sec, 0.165 real sec
[M::mem_process_seqs] Processed 1001 reads in 1.142 CPU sec, 0.145 real sec
220170 [main] INFO main.java.edu.mit.compbio.bisulfitehic.mapping.Bhmem  - Processing reads 553000 ...
220170 [main] INFO main.java.edu.mit.compbio.bisulfitehic.mapping.Bhmem  - Unique mapped and paired reads 550148 ...
220173 [main] INFO main.java.edu.mit.compbio.bisulfitehic.mapping.Bhmem  - Processing reads 554000 ...
220173 [main] INFO main.java.edu.mit.compbio.bisulfitehic.mapping.Bhmem  - Unique mapped and paired reads 550148 ...
[M::mem_process_seqs] Processed 1001 reads in 1.164 CPU sec, 0.155 real sec
[M::mem_process_seqs] Processed 1001 reads in 0.978 CPU sec, 0.125 real sec
[M::mem_process_seqs] Processed 1001 reads in 1.315 CPU sec, 0.172 real sec
[M::mem_process_seqs] Processed 1001 reads in 1.167 CPU sec, 0.150 real sec
220958 [main] INFO main.java.edu.mit.compbio.bisulfitehic.mapping.Bhmem  - Processing reads 555000 ...
220958 [main] INFO main.java.edu.mit.compbio.bisulfitehic.mapping.Bhmem  - Unique mapped and paired reads 552140 ...
220961 [main] INFO main.java.edu.mit.compbio.bisulfitehic.mapping.Bhmem  - Processing reads 556000 ...
220961 [main] INFO main.java.edu.mit.compbio.bisulfitehic.mapping.Bhmem  - Unique mapped and paired reads 552140 ...
[M::mem_process_seqs] Processed 1001 reads in 1.135 CPU sec, 0.144 real sec
[M::mem_process_seqs] Processed 1001 reads in 0.961 CPU sec, 0.121 real sec
[M::mem_process_seqs] Processed 1001 reads in 1.244 CPU sec, 0.158 real sec
[M::mem_process_seqs] Processed 1001 reads in 1.142 CPU sec, 0.145 real sec
221735 [main] INFO main.java.edu.mit.compbio.bisulfitehic.mapping.Bhmem  - Processing reads 557000 ...
221735 [main] INFO main.java.edu.mit.compbio.bisulfitehic.mapping.Bhmem  - Unique mapped and paired reads 554124 ...
221738 [main] INFO main.java.edu.mit.compbio.bisulfitehic.mapping.Bhmem  - Processing reads 558000 ...
221738 [main] INFO main.java.edu.mit.compbio.bisulfitehic.mapping.Bhmem  - Unique mapped and paired reads 554124 ...
[M::mem_process_seqs] Processed 1001 reads in 1.434 CPU sec, 0.181 real sec
[M::mem_process_seqs] Processed 1001 reads in 1.194 CPU sec, 0.151 real sec
[M::mem_process_seqs] Processed 1001 reads in 1.131 CPU sec, 0.143 real sec
[M::mem_process_seqs] Processed 1001 reads in 0.964 CPU sec, 0.124 real sec
222599 [main] INFO main.java.edu.mit.compbio.bisulfitehic.mapping.Bhmem  - Processing reads 559000 ...
222599 [main] INFO main.java.edu.mit.compbio.bisulfitehic.mapping.Bhmem  - Unique mapped and paired reads 556114 ...
222602 [main] INFO main.java.edu.mit.compbio.bisulfitehic.mapping.Bhmem  - Processing reads 560000 ...
222602 [main] INFO main.java.edu.mit.compbio.bisulfitehic.mapping.Bhmem  - Unique mapped and paired reads 556114 ...
[M::mem_process_seqs] Processed 1001 reads in 1.465 CPU sec, 0.185 real sec
[M::mem_process_seqs] Processed 1001 reads in 1.214 CPU sec, 0.155 real sec
[M::mem_process_seqs] Processed 1001 reads in 1.108 CPU sec, 0.142 real sec
[M::mem_process_seqs] Processed 1001 reads in 0.921 CPU sec, 0.121 real sec
223468 [main] INFO main.java.edu.mit.compbio.bisulfitehic.mapping.Bhmem  - Processing reads 561000 ...
223468 [main] INFO main.java.edu.mit.compbio.bisulfitehic.mapping.Bhmem  - Unique mapped and paired reads 558094 ...
223472 [main] INFO main.java.edu.mit.compbio.bisulfitehic.mapping.Bhmem  - Processing reads 562000 ...
223472 [main] INFO main.java.edu.mit.compbio.bisulfitehic.mapping.Bhmem  - Unique mapped and paired reads 558094 ...
[M::mem_process_seqs] Processed 1001 reads in 1.477 CPU sec, 0.187 real sec
[M::mem_process_seqs] Processed 1001 reads in 1.213 CPU sec, 0.153 real sec
[M::mem_process_seqs] Processed 1001 reads in 1.197 CPU sec, 0.152 real sec
[M::mem_process_seqs] Processed 1001 reads in 0.996 CPU sec, 0.131 real sec
224363 [main] INFO main.java.edu.mit.compbio.bisulfitehic.mapping.Bhmem  - Processing reads 563000 ...
224363 [main] INFO main.java.edu.mit.compbio.bisulfitehic.mapping.Bhmem  - Unique mapped and paired reads 560088 ...
224366 [main] INFO main.java.edu.mit.compbio.bisulfitehic.mapping.Bhmem  - Processing reads 564000 ...
224366 [main] INFO main.java.edu.mit.compbio.bisulfitehic.mapping.Bhmem  - Unique mapped and paired reads 560088 ...
[M::mem_process_seqs] Processed 1001 reads in 1.450 CPU sec, 0.183 real sec
[M::mem_process_seqs] Processed 1001 reads in 1.203 CPU sec, 0.152 real sec
[M::mem_process_seqs] Processed 1001 reads in 1.163 CPU sec, 0.147 real sec
[M::mem_process_seqs] Processed 1001 reads in 0.921 CPU sec, 0.117 real sec
225231 [main] INFO main.java.edu.mit.compbio.bisulfitehic.mapping.Bhmem  - Processing reads 565000 ...
225231 [main] INFO main.java.edu.mit.compbio.bisulfitehic.mapping.Bhmem  - Unique mapped and paired reads 562070 ...
225234 [main] INFO main.java.edu.mit.compbio.bisulfitehic.mapping.Bhmem  - Processing reads 566000 ...
225234 [main] INFO main.java.edu.mit.compbio.bisulfitehic.mapping.Bhmem  - Unique mapped and paired reads 562070 ...
[M::mem_process_seqs] Processed 1001 reads in 1.196 CPU sec, 0.154 real sec
[M::mem_process_seqs] Processed 1001 reads in 1.039 CPU sec, 0.135 real sec
[M::mem_process_seqs] Processed 1001 reads in 1.247 CPU sec, 0.158 real sec
[M::mem_process_seqs] Processed 1001 reads in 1.163 CPU sec, 0.147 real sec
226031 [main] INFO main.java.edu.mit.compbio.bisulfitehic.mapping.Bhmem  - Processing reads 567000 ...
226031 [main] INFO main.java.edu.mit.compbio.bisulfitehic.mapping.Bhmem  - Unique mapped and paired reads 564068 ...
226034 [main] INFO main.java.edu.mit.compbio.bisulfitehic.mapping.Bhmem  - Processing reads 568000 ...
226034 [main] INFO main.java.edu.mit.compbio.bisulfitehic.mapping.Bhmem  - Unique mapped and paired reads 564068 ...
[M::mem_process_seqs] Processed 1001 reads in 1.170 CPU sec, 0.148 real sec
[M::mem_process_seqs] Processed 1001 reads in 0.984 CPU sec, 0.125 real sec
[M::mem_process_seqs] Processed 1001 reads in 1.299 CPU sec, 0.165 real sec
[M::mem_process_seqs] Processed 1001 reads in 1.138 CPU sec, 0.144 real sec
226800 [main] INFO main.java.edu.mit.compbio.bisulfitehic.mapping.Bhmem  - Processing reads 569000 ...
226800 [main] INFO main.java.edu.mit.compbio.bisulfitehic.mapping.Bhmem  - Unique mapped and paired reads 566062 ...
226803 [main] INFO main.java.edu.mit.compbio.bisulfitehic.mapping.Bhmem  - Processing reads 570000 ...
226803 [main] INFO main.java.edu.mit.compbio.bisulfitehic.mapping.Bhmem  - Unique mapped and paired reads 566062 ...
[M::mem_process_seqs] Processed 1001 reads in 1.099 CPU sec, 0.144 real sec
[M::mem_process_seqs] Processed 1001 reads in 0.969 CPU sec, 0.124 real sec
[M::mem_process_seqs] Processed 1001 reads in 1.216 CPU sec, 0.159 real sec
[M::mem_process_seqs] Processed 1001 reads in 1.122 CPU sec, 0.143 real sec
227565 [main] INFO main.java.edu.mit.compbio.bisulfitehic.mapping.Bhmem  - Processing reads 571000 ...
227565 [main] INFO main.java.edu.mit.compbio.bisulfitehic.mapping.Bhmem  - Unique mapped and paired reads 568062 ...
227568 [main] INFO main.java.edu.mit.compbio.bisulfitehic.mapping.Bhmem  - Processing reads 572000 ...
227568 [main] INFO main.java.edu.mit.compbio.bisulfitehic.mapping.Bhmem  - Unique mapped and paired reads 568062 ...
[M::mem_process_seqs] Processed 1001 reads in 1.214 CPU sec, 0.155 real sec
[M::mem_process_seqs] Processed 1001 reads in 0.954 CPU sec, 0.121 real sec
[M::mem_process_seqs] Processed 1001 reads in 1.381 CPU sec, 0.179 real sec
[M::mem_process_seqs] Processed 1001 reads in 1.205 CPU sec, 0.159 real sec
228368 [main] INFO main.java.edu.mit.compbio.bisulfitehic.mapping.Bhmem  - Processing reads 573000 ...
228368 [main] INFO main.java.edu.mit.compbio.bisulfitehic.mapping.Bhmem  - Unique mapped and paired reads 570060 ...
228371 [main] INFO main.java.edu.mit.compbio.bisulfitehic.mapping.Bhmem  - Processing reads 574000 ...
228371 [main] INFO main.java.edu.mit.compbio.bisulfitehic.mapping.Bhmem  - Unique mapped and paired reads 570060 ...
[M::mem_process_seqs] Processed 1001 reads in 1.289 CPU sec, 0.163 real sec
[M::mem_process_seqs] Processed 1001 reads in 0.946 CPU sec, 0.122 real sec
[M::mem_process_seqs] Processed 1001 reads in 1.367 CPU sec, 0.178 real sec
[M::mem_process_seqs] Processed 1001 reads in 1.176 CPU sec, 0.152 real sec
229289 [main] INFO main.java.edu.mit.compbio.bisulfitehic.mapping.Bhmem  - Processing reads 575000 ...
229290 [main] INFO main.java.edu.mit.compbio.bisulfitehic.mapping.Bhmem  - Unique mapped and paired reads 572054 ...
229293 [main] INFO main.java.edu.mit.compbio.bisulfitehic.mapping.Bhmem  - Processing reads 576000 ...
229293 [main] INFO main.java.edu.mit.compbio.bisulfitehic.mapping.Bhmem  - Unique mapped and paired reads 572054 ...
[M::mem_process_seqs] Processed 1001 reads in 1.184 CPU sec, 0.150 real sec
[M::mem_process_seqs] Processed 1001 reads in 1.031 CPU sec, 0.131 real sec
[M::mem_process_seqs] Processed 1001 reads in 1.279 CPU sec, 0.164 real sec
[M::mem_process_seqs] Processed 1001 reads in 1.225 CPU sec, 0.155 real sec
230080 [main] INFO main.java.edu.mit.compbio.bisulfitehic.mapping.Bhmem  - Processing reads 577000 ...
230080 [main] INFO main.java.edu.mit.compbio.bisulfitehic.mapping.Bhmem  - Unique mapped and paired reads 574052 ...
230083 [main] INFO main.java.edu.mit.compbio.bisulfitehic.mapping.Bhmem  - Processing reads 578000 ...
230083 [main] INFO main.java.edu.mit.compbio.bisulfitehic.mapping.Bhmem  - Unique mapped and paired reads 574052 ...
[M::mem_process_seqs] Processed 1001 reads in 1.123 CPU sec, 0.142 real sec
[M::mem_process_seqs] Processed 1001 reads in 1.000 CPU sec, 0.128 real sec
[M::mem_process_seqs] Processed 1001 reads in 1.270 CPU sec, 0.162 real sec
[M::mem_process_seqs] Processed 1001 reads in 1.132 CPU sec, 0.144 real sec
230851 [main] INFO main.java.edu.mit.compbio.bisulfitehic.mapping.Bhmem  - Processing reads 579000 ...
230851 [main] INFO main.java.edu.mit.compbio.bisulfitehic.mapping.Bhmem  - Unique mapped and paired reads 576048 ...
230855 [main] INFO main.java.edu.mit.compbio.bisulfitehic.mapping.Bhmem  - Processing reads 580000 ...
230855 [main] INFO main.java.edu.mit.compbio.bisulfitehic.mapping.Bhmem  - Unique mapped and paired reads 576048 ...
[M::mem_process_seqs] Processed 1001 reads in 1.225 CPU sec, 0.156 real sec
[M::mem_process_seqs] Processed 1001 reads in 0.996 CPU sec, 0.126 real sec
[M::mem_process_seqs] Processed 1001 reads in 1.386 CPU sec, 0.176 real sec
[M::mem_process_seqs] Processed 1001 reads in 1.188 CPU sec, 0.151 real sec
231655 [main] INFO main.java.edu.mit.compbio.bisulfitehic.mapping.Bhmem  - Processing reads 581000 ...
231656 [main] INFO main.java.edu.mit.compbio.bisulfitehic.mapping.Bhmem  - Unique mapped and paired reads 578040 ...
231659 [main] INFO main.java.edu.mit.compbio.bisulfitehic.mapping.Bhmem  - Processing reads 582000 ...
231659 [main] INFO main.java.edu.mit.compbio.bisulfitehic.mapping.Bhmem  - Unique mapped and paired reads 578040 ...
[M::mem_process_seqs] Processed 1001 reads in 1.271 CPU sec, 0.163 real sec
[M::mem_process_seqs] Processed 1001 reads in 1.084 CPU sec, 0.137 real sec
[M::mem_process_seqs] Processed 1001 reads in 1.340 CPU sec, 0.169 real sec
[M::mem_process_seqs] Processed 1001 reads in 1.179 CPU sec, 0.150 real sec
232466 [main] INFO main.java.edu.mit.compbio.bisulfitehic.mapping.Bhmem  - Processing reads 583000 ...
232466 [main] INFO main.java.edu.mit.compbio.bisulfitehic.mapping.Bhmem  - Unique mapped and paired reads 580032 ...
232469 [main] INFO main.java.edu.mit.compbio.bisulfitehic.mapping.Bhmem  - Processing reads 584000 ...
232469 [main] INFO main.java.edu.mit.compbio.bisulfitehic.mapping.Bhmem  - Unique mapped and paired reads 580032 ...
[M::mem_process_seqs] Processed 1001 reads in 1.256 CPU sec, 0.160 real sec
[M::mem_process_seqs] Processed 1001 reads in 0.969 CPU sec, 0.122 real sec
[M::mem_process_seqs] Processed 1001 reads in 1.325 CPU sec, 0.168 real sec
[M::mem_process_seqs] Processed 1001 reads in 1.144 CPU sec, 0.145 real sec
233256 [main] INFO main.java.edu.mit.compbio.bisulfitehic.mapping.Bhmem  - Processing reads 585000 ...
233256 [main] INFO main.java.edu.mit.compbio.bisulfitehic.mapping.Bhmem  - Unique mapped and paired reads 582022 ...
233259 [main] INFO main.java.edu.mit.compbio.bisulfitehic.mapping.Bhmem  - Processing reads 586000 ...
233259 [main] INFO main.java.edu.mit.compbio.bisulfitehic.mapping.Bhmem  - Unique mapped and paired reads 582022 ...
[M::mem_process_seqs] Processed 1001 reads in 1.150 CPU sec, 0.146 real sec
[M::mem_process_seqs] Processed 1001 reads in 0.941 CPU sec, 0.119 real sec
[M::mem_process_seqs] Processed 1001 reads in 1.287 CPU sec, 0.169 real sec
[M::mem_process_seqs] Processed 1001 reads in 1.182 CPU sec, 0.154 real sec
234037 [main] INFO main.java.edu.mit.compbio.bisulfitehic.mapping.Bhmem  - Processing reads 587000 ...
234037 [main] INFO main.java.edu.mit.compbio.bisulfitehic.mapping.Bhmem  - Unique mapped and paired reads 584018 ...
234041 [main] INFO main.java.edu.mit.compbio.bisulfitehic.mapping.Bhmem  - Processing reads 588000 ...
234041 [main] INFO main.java.edu.mit.compbio.bisulfitehic.mapping.Bhmem  - Unique mapped and paired reads 584018 ...
[M::mem_process_seqs] Processed 1001 reads in 1.147 CPU sec, 0.146 real sec
[M::mem_process_seqs] Processed 1001 reads in 0.991 CPU sec, 0.125 real sec
[M::mem_process_seqs] Processed 1001 reads in 1.269 CPU sec, 0.161 real sec
[M::mem_process_seqs] Processed 1001 reads in 1.100 CPU sec, 0.140 real sec
234810 [main] INFO main.java.edu.mit.compbio.bisulfitehic.mapping.Bhmem  - Processing reads 589000 ...
234810 [main] INFO main.java.edu.mit.compbio.bisulfitehic.mapping.Bhmem  - Unique mapped and paired reads 586010 ...
234813 [main] INFO main.java.edu.mit.compbio.bisulfitehic.mapping.Bhmem  - Processing reads 590000 ...
234814 [main] INFO main.java.edu.mit.compbio.bisulfitehic.mapping.Bhmem  - Unique mapped and paired reads 586010 ...
[M::mem_process_seqs] Processed 1001 reads in 1.181 CPU sec, 0.150 real sec
[M::mem_process_seqs] Processed 1001 reads in 1.007 CPU sec, 0.127 real sec
[M::mem_process_seqs] Processed 1001 reads in 1.373 CPU sec, 0.175 real sec
[M::mem_process_seqs] Processed 1001 reads in 1.182 CPU sec, 0.150 real sec
235613 [main] INFO main.java.edu.mit.compbio.bisulfitehic.mapping.Bhmem  - Processing reads 591000 ...
235613 [main] INFO main.java.edu.mit.compbio.bisulfitehic.mapping.Bhmem  - Unique mapped and paired reads 588004 ...
235616 [main] INFO main.java.edu.mit.compbio.bisulfitehic.mapping.Bhmem  - Processing reads 592000 ...
235616 [main] INFO main.java.edu.mit.compbio.bisulfitehic.mapping.Bhmem  - Unique mapped and paired reads 588004 ...
[M::mem_process_seqs] Processed 1001 reads in 1.320 CPU sec, 0.169 real sec
[M::mem_process_seqs] Processed 1001 reads in 1.048 CPU sec, 0.136 real sec
[M::mem_process_seqs] Processed 1001 reads in 1.425 CPU sec, 0.182 real sec
[M::mem_process_seqs] Processed 1001 reads in 1.297 CPU sec, 0.166 real sec
236469 [main] INFO main.java.edu.mit.compbio.bisulfitehic.mapping.Bhmem  - Processing reads 593000 ...
236469 [main] INFO main.java.edu.mit.compbio.bisulfitehic.mapping.Bhmem  - Unique mapped and paired reads 590004 ...
236516 [main] INFO main.java.edu.mit.compbio.bisulfitehic.mapping.Bhmem  - Processing reads 594000 ...
236517 [main] INFO main.java.edu.mit.compbio.bisulfitehic.mapping.Bhmem  - Unique mapped and paired reads 590004 ...
[M::mem_process_seqs] Processed 1001 reads in 1.139 CPU sec, 0.146 real sec
[M::mem_process_seqs] Processed 1001 reads in 0.973 CPU sec, 0.123 real sec
[M::mem_process_seqs] Processed 1001 reads in 1.371 CPU sec, 0.175 real sec
[M::mem_process_seqs] Processed 1001 reads in 1.171 CPU sec, 0.150 real sec
237308 [main] INFO main.java.edu.mit.compbio.bisulfitehic.mapping.Bhmem  - Processing reads 595000 ...
237308 [main] INFO main.java.edu.mit.compbio.bisulfitehic.mapping.Bhmem  - Unique mapped and paired reads 592002 ...
237311 [main] INFO main.java.edu.mit.compbio.bisulfitehic.mapping.Bhmem  - Processing reads 596000 ...
237312 [main] INFO main.java.edu.mit.compbio.bisulfitehic.mapping.Bhmem  - Unique mapped and paired reads 592002 ...
[M::mem_process_seqs] Processed 1001 reads in 1.247 CPU sec, 0.163 real sec
[M::mem_process_seqs] Processed 1001 reads in 0.989 CPU sec, 0.125 real sec
[M::mem_process_seqs] Processed 1001 reads in 1.359 CPU sec, 0.173 real sec
[M::mem_process_seqs] Processed 1001 reads in 1.226 CPU sec, 0.165 real sec
238139 [main] INFO main.java.edu.mit.compbio.bisulfitehic.mapping.Bhmem  - Processing reads 597000 ...
238139 [main] INFO main.java.edu.mit.compbio.bisulfitehic.mapping.Bhmem  - Unique mapped and paired reads 593996 ...
238142 [main] INFO main.java.edu.mit.compbio.bisulfitehic.mapping.Bhmem  - Processing reads 598000 ...
238142 [main] INFO main.java.edu.mit.compbio.bisulfitehic.mapping.Bhmem  - Unique mapped and paired reads 593996 ...
[M::mem_process_seqs] Processed 1001 reads in 1.056 CPU sec, 0.135 real sec
[M::mem_process_seqs] Processed 1001 reads in 0.992 CPU sec, 0.127 real sec
[M::mem_process_seqs] Processed 1001 reads in 1.341 CPU sec, 0.174 real sec
[M::mem_process_seqs] Processed 1001 reads in 1.192 CPU sec, 0.152 real sec
238933 [main] INFO main.java.edu.mit.compbio.bisulfitehic.mapping.Bhmem  - Processing reads 599000 ...
238933 [main] INFO main.java.edu.mit.compbio.bisulfitehic.mapping.Bhmem  - Unique mapped and paired reads 595994 ...
238936 [main] INFO main.java.edu.mit.compbio.bisulfitehic.mapping.Bhmem  - Processing reads 600000 ...
238936 [main] INFO main.java.edu.mit.compbio.bisulfitehic.mapping.Bhmem  - Unique mapped and paired reads 595994 ...
[M::mem_process_seqs] Processed 1001 reads in 1.196 CPU sec, 0.166 real sec
[M::mem_process_seqs] Processed 1001 reads in 0.997 CPU sec, 0.126 real sec
[M::mem_process_seqs] Processed 1001 reads in 1.443 CPU sec, 0.191 real sec
[M::mem_process_seqs] Processed 1001 reads in 1.251 CPU sec, 0.160 real sec
239770 [main] INFO main.java.edu.mit.compbio.bisulfitehic.mapping.Bhmem  - Processing reads 601000 ...
239770 [main] INFO main.java.edu.mit.compbio.bisulfitehic.mapping.Bhmem  - Unique mapped and paired reads 597992 ...
239773 [main] INFO main.java.edu.mit.compbio.bisulfitehic.mapping.Bhmem  - Processing reads 602000 ...
239773 [main] INFO main.java.edu.mit.compbio.bisulfitehic.mapping.Bhmem  - Unique mapped and paired reads 597992 ...
[M::mem_process_seqs] Processed 1001 reads in 1.286 CPU sec, 0.163 real sec
[M::mem_process_seqs] Processed 1001 reads in 1.000 CPU sec, 0.128 real sec
[M::mem_process_seqs] Processed 1001 reads in 1.430 CPU sec, 0.182 real sec
[M::mem_process_seqs] Processed 1001 reads in 1.200 CPU sec, 0.153 real sec
240596 [main] INFO main.java.edu.mit.compbio.bisulfitehic.mapping.Bhmem  - Processing reads 603000 ...
240596 [main] INFO main.java.edu.mit.compbio.bisulfitehic.mapping.Bhmem  - Unique mapped and paired reads 599990 ...
240599 [main] INFO main.java.edu.mit.compbio.bisulfitehic.mapping.Bhmem  - Processing reads 604000 ...
240599 [main] INFO main.java.edu.mit.compbio.bisulfitehic.mapping.Bhmem  - Unique mapped and paired reads 599990 ...
[M::mem_process_seqs] Processed 1001 reads in 1.193 CPU sec, 0.151 real sec
[M::mem_process_seqs] Processed 1001 reads in 0.968 CPU sec, 0.124 real sec
[M::mem_process_seqs] Processed 1001 reads in 1.305 CPU sec, 0.167 real sec
[M::mem_process_seqs] Processed 1001 reads in 1.168 CPU sec, 0.148 real sec
241379 [main] INFO main.java.edu.mit.compbio.bisulfitehic.mapping.Bhmem  - Processing reads 605000 ...
241380 [main] INFO main.java.edu.mit.compbio.bisulfitehic.mapping.Bhmem  - Unique mapped and paired reads 601986 ...
241383 [main] INFO main.java.edu.mit.compbio.bisulfitehic.mapping.Bhmem  - Processing reads 606000 ...
241383 [main] INFO main.java.edu.mit.compbio.bisulfitehic.mapping.Bhmem  - Unique mapped and paired reads 601986 ...
[M::mem_process_seqs] Processed 1001 reads in 1.367 CPU sec, 0.174 real sec
[M::mem_process_seqs] Processed 1001 reads in 1.183 CPU sec, 0.150 real sec
[M::mem_process_seqs] Processed 1001 reads in 1.266 CPU sec, 0.162 real sec
[M::mem_process_seqs] Processed 1001 reads in 1.099 CPU sec, 0.145 real sec
242269 [main] INFO main.java.edu.mit.compbio.bisulfitehic.mapping.Bhmem  - Processing reads 607000 ...
242269 [main] INFO main.java.edu.mit.compbio.bisulfitehic.mapping.Bhmem  - Unique mapped and paired reads 603984 ...
242272 [main] INFO main.java.edu.mit.compbio.bisulfitehic.mapping.Bhmem  - Processing reads 608000 ...
242272 [main] INFO main.java.edu.mit.compbio.bisulfitehic.mapping.Bhmem  - Unique mapped and paired reads 603984 ...
[M::mem_process_seqs] Processed 1001 reads in 1.475 CPU sec, 0.187 real sec
[M::mem_process_seqs] Processed 1001 reads in 1.218 CPU sec, 0.154 real sec
[M::mem_process_seqs] Processed 1001 reads in 1.253 CPU sec, 0.159 real sec
[M::mem_process_seqs] Processed 1001 reads in 1.050 CPU sec, 0.134 real sec
243181 [main] INFO main.java.edu.mit.compbio.bisulfitehic.mapping.Bhmem  - Processing reads 609000 ...
243181 [main] INFO main.java.edu.mit.compbio.bisulfitehic.mapping.Bhmem  - Unique mapped and paired reads 605972 ...
243184 [main] INFO main.java.edu.mit.compbio.bisulfitehic.mapping.Bhmem  - Processing reads 610000 ...
243184 [main] INFO main.java.edu.mit.compbio.bisulfitehic.mapping.Bhmem  - Unique mapped and paired reads 605972 ...
[M::mem_process_seqs] Processed 1001 reads in 1.483 CPU sec, 0.189 real sec
[M::mem_process_seqs] Processed 1001 reads in 1.236 CPU sec, 0.156 real sec
[M::mem_process_seqs] Processed 1001 reads in 1.256 CPU sec, 0.162 real sec
[M::mem_process_seqs] Processed 1001 reads in 1.077 CPU sec, 0.139 real sec
244112 [main] INFO main.java.edu.mit.compbio.bisulfitehic.mapping.Bhmem  - Processing reads 611000 ...
244112 [main] INFO main.java.edu.mit.compbio.bisulfitehic.mapping.Bhmem  - Unique mapped and paired reads 607962 ...
244115 [main] INFO main.java.edu.mit.compbio.bisulfitehic.mapping.Bhmem  - Processing reads 612000 ...
244115 [main] INFO main.java.edu.mit.compbio.bisulfitehic.mapping.Bhmem  - Unique mapped and paired reads 607962 ...
[M::mem_process_seqs] Processed 1001 reads in 1.497 CPU sec, 0.189 real sec
[M::mem_process_seqs] Processed 1001 reads in 1.221 CPU sec, 0.154 real sec
[M::mem_process_seqs] Processed 1001 reads in 1.203 CPU sec, 0.156 real sec
[M::mem_process_seqs] Processed 1001 reads in 1.119 CPU sec, 0.141 real sec
245049 [main] INFO main.java.edu.mit.compbio.bisulfitehic.mapping.Bhmem  - Processing reads 613000 ...
245049 [main] INFO main.java.edu.mit.compbio.bisulfitehic.mapping.Bhmem  - Unique mapped and paired reads 609944 ...
245052 [main] INFO main.java.edu.mit.compbio.bisulfitehic.mapping.Bhmem  - Processing reads 614000 ...
245052 [main] INFO main.java.edu.mit.compbio.bisulfitehic.mapping.Bhmem  - Unique mapped and paired reads 609944 ...
[M::mem_process_seqs] Processed 1001 reads in 1.344 CPU sec, 0.169 real sec
[M::mem_process_seqs] Processed 1001 reads in 1.136 CPU sec, 0.147 real sec
[M::mem_process_seqs] Processed 1001 reads in 1.241 CPU sec, 0.161 real sec
[M::mem_process_seqs] Processed 1001 reads in 1.101 CPU sec, 0.141 real sec
245918 [main] INFO main.java.edu.mit.compbio.bisulfitehic.mapping.Bhmem  - Processing reads 615000 ...
245918 [main] INFO main.java.edu.mit.compbio.bisulfitehic.mapping.Bhmem  - Unique mapped and paired reads 611946 ...
245922 [main] INFO main.java.edu.mit.compbio.bisulfitehic.mapping.Bhmem  - Processing reads 616000 ...
245922 [main] INFO main.java.edu.mit.compbio.bisulfitehic.mapping.Bhmem  - Unique mapped and paired reads 611946 ...
[M::mem_process_seqs] Processed 1001 reads in 1.174 CPU sec, 0.148 real sec
[M::mem_process_seqs] Processed 1001 reads in 0.923 CPU sec, 0.118 real sec
[M::mem_process_seqs] Processed 1001 reads in 1.300 CPU sec, 0.167 real sec
[M::mem_process_seqs] Processed 1001 reads in 1.121 CPU sec, 0.144 real sec
246694 [main] INFO main.java.edu.mit.compbio.bisulfitehic.mapping.Bhmem  - Processing reads 617000 ...
246694 [main] INFO main.java.edu.mit.compbio.bisulfitehic.mapping.Bhmem  - Unique mapped and paired reads 613942 ...
246697 [main] INFO main.java.edu.mit.compbio.bisulfitehic.mapping.Bhmem  - Processing reads 618000 ...
246697 [main] INFO main.java.edu.mit.compbio.bisulfitehic.mapping.Bhmem  - Unique mapped and paired reads 613942 ...
[M::mem_process_seqs] Processed 1001 reads in 1.185 CPU sec, 0.151 real sec
[M::mem_process_seqs] Processed 1001 reads in 1.052 CPU sec, 0.135 real sec
[M::mem_process_seqs] Processed 1001 reads in 1.288 CPU sec, 0.166 real sec
[M::mem_process_seqs] Processed 1001 reads in 1.196 CPU sec, 0.158 real sec
247497 [main] INFO main.java.edu.mit.compbio.bisulfitehic.mapping.Bhmem  - Processing reads 619000 ...
247497 [main] INFO main.java.edu.mit.compbio.bisulfitehic.mapping.Bhmem  - Unique mapped and paired reads 615932 ...
247500 [main] INFO main.java.edu.mit.compbio.bisulfitehic.mapping.Bhmem  - Processing reads 620000 ...
247500 [main] INFO main.java.edu.mit.compbio.bisulfitehic.mapping.Bhmem  - Unique mapped and paired reads 615932 ...
[M::mem_process_seqs] Processed 1001 reads in 1.294 CPU sec, 0.166 real sec
[M::mem_process_seqs] Processed 1001 reads in 0.964 CPU sec, 0.124 real sec
[M::mem_process_seqs] Processed 1001 reads in 1.407 CPU sec, 0.178 real sec
[M::mem_process_seqs] Processed 1001 reads in 1.152 CPU sec, 0.145 real sec
248305 [main] INFO main.java.edu.mit.compbio.bisulfitehic.mapping.Bhmem  - Processing reads 621000 ...
248305 [main] INFO main.java.edu.mit.compbio.bisulfitehic.mapping.Bhmem  - Unique mapped and paired reads 617928 ...
248308 [main] INFO main.java.edu.mit.compbio.bisulfitehic.mapping.Bhmem  - Processing reads 622000 ...
248308 [main] INFO main.java.edu.mit.compbio.bisulfitehic.mapping.Bhmem  - Unique mapped and paired reads 617928 ...
[M::mem_process_seqs] Processed 1001 reads in 1.209 CPU sec, 0.154 real sec
[M::mem_process_seqs] Processed 1001 reads in 1.078 CPU sec, 0.138 real sec
[M::mem_process_seqs] Processed 1001 reads in 1.430 CPU sec, 0.185 real sec
[M::mem_process_seqs] Processed 1001 reads in 1.402 CPU sec, 0.177 real sec
249156 [main] INFO main.java.edu.mit.compbio.bisulfitehic.mapping.Bhmem  - Processing reads 623000 ...
249156 [main] INFO main.java.edu.mit.compbio.bisulfitehic.mapping.Bhmem  - Unique mapped and paired reads 619918 ...
249160 [main] INFO main.java.edu.mit.compbio.bisulfitehic.mapping.Bhmem  - Processing reads 624000 ...
249160 [main] INFO main.java.edu.mit.compbio.bisulfitehic.mapping.Bhmem  - Unique mapped and paired reads 619918 ...
[M::mem_process_seqs] Processed 1001 reads in 1.173 CPU sec, 0.149 real sec
[M::mem_process_seqs] Processed 1001 reads in 0.966 CPU sec, 0.125 real sec
[M::mem_process_seqs] Processed 1001 reads in 1.428 CPU sec, 0.181 real sec
[M::mem_process_seqs] Processed 1001 reads in 1.190 CPU sec, 0.151 real sec
249959 [main] INFO main.java.edu.mit.compbio.bisulfitehic.mapping.Bhmem  - Processing reads 625000 ...
249959 [main] INFO main.java.edu.mit.compbio.bisulfitehic.mapping.Bhmem  - Unique mapped and paired reads 621906 ...
249962 [main] INFO main.java.edu.mit.compbio.bisulfitehic.mapping.Bhmem  - Processing reads 626000 ...
249962 [main] INFO main.java.edu.mit.compbio.bisulfitehic.mapping.Bhmem  - Unique mapped and paired reads 621906 ...
[M::mem_process_seqs] Processed 1001 reads in 1.234 CPU sec, 0.156 real sec
[M::mem_process_seqs] Processed 1001 reads in 0.945 CPU sec, 0.121 real sec
[M::mem_process_seqs] Processed 1001 reads in 1.431 CPU sec, 0.186 real sec
[M::mem_process_seqs] Processed 1001 reads in 1.180 CPU sec, 0.150 real sec
250776 [main] INFO main.java.edu.mit.compbio.bisulfitehic.mapping.Bhmem  - Processing reads 627000 ...
250776 [main] INFO main.java.edu.mit.compbio.bisulfitehic.mapping.Bhmem  - Unique mapped and paired reads 623896 ...
250779 [main] INFO main.java.edu.mit.compbio.bisulfitehic.mapping.Bhmem  - Processing reads 628000 ...
250779 [main] INFO main.java.edu.mit.compbio.bisulfitehic.mapping.Bhmem  - Unique mapped and paired reads 623896 ...
[M::mem_process_seqs] Processed 1001 reads in 1.203 CPU sec, 0.153 real sec
[M::mem_process_seqs] Processed 1001 reads in 0.990 CPU sec, 0.125 real sec
[M::mem_process_seqs] Processed 1001 reads in 1.450 CPU sec, 0.183 real sec
[M::mem_process_seqs] Processed 1001 reads in 1.293 CPU sec, 0.166 real sec
251600 [main] INFO main.java.edu.mit.compbio.bisulfitehic.mapping.Bhmem  - Processing reads 629000 ...
251600 [main] INFO main.java.edu.mit.compbio.bisulfitehic.mapping.Bhmem  - Unique mapped and paired reads 625894 ...
251603 [main] INFO main.java.edu.mit.compbio.bisulfitehic.mapping.Bhmem  - Processing reads 630000 ...
251603 [main] INFO main.java.edu.mit.compbio.bisulfitehic.mapping.Bhmem  - Unique mapped and paired reads 625894 ...
[M::mem_process_seqs] Processed 1001 reads in 1.159 CPU sec, 0.147 real sec
[M::mem_process_seqs] Processed 1001 reads in 0.933 CPU sec, 0.118 real sec
[M::mem_process_seqs] Processed 1001 reads in 1.367 CPU sec, 0.172 real sec
[M::mem_process_seqs] Processed 1001 reads in 1.217 CPU sec, 0.157 real sec
252391 [main] INFO main.java.edu.mit.compbio.bisulfitehic.mapping.Bhmem  - Processing reads 631000 ...
252391 [main] INFO main.java.edu.mit.compbio.bisulfitehic.mapping.Bhmem  - Unique mapped and paired reads 627894 ...
252394 [main] INFO main.java.edu.mit.compbio.bisulfitehic.mapping.Bhmem  - Processing reads 632000 ...
252394 [main] INFO main.java.edu.mit.compbio.bisulfitehic.mapping.Bhmem  - Unique mapped and paired reads 627894 ...
[M::mem_process_seqs] Processed 1001 reads in 1.191 CPU sec, 0.155 real sec
[M::mem_process_seqs] Processed 1001 reads in 0.979 CPU sec, 0.126 real sec
[M::mem_process_seqs] Processed 1001 reads in 1.460 CPU sec, 0.186 real sec
[M::mem_process_seqs] Processed 1001 reads in 1.267 CPU sec, 0.161 real sec
253219 [main] INFO main.java.edu.mit.compbio.bisulfitehic.mapping.Bhmem  - Processing reads 633000 ...
253219 [main] INFO main.java.edu.mit.compbio.bisulfitehic.mapping.Bhmem  - Unique mapped and paired reads 629888 ...
253222 [main] INFO main.java.edu.mit.compbio.bisulfitehic.mapping.Bhmem  - Processing reads 634000 ...
253222 [main] INFO main.java.edu.mit.compbio.bisulfitehic.mapping.Bhmem  - Unique mapped and paired reads 629888 ...
[M::mem_process_seqs] Processed 1001 reads in 1.272 CPU sec, 0.162 real sec
[M::mem_process_seqs] Processed 1001 reads in 1.009 CPU sec, 0.128 real sec
[M::mem_process_seqs] Processed 1001 reads in 1.352 CPU sec, 0.171 real sec
[M::mem_process_seqs] Processed 1001 reads in 1.226 CPU sec, 0.157 real sec
254044 [main] INFO main.java.edu.mit.compbio.bisulfitehic.mapping.Bhmem  - Processing reads 635000 ...
254044 [main] INFO main.java.edu.mit.compbio.bisulfitehic.mapping.Bhmem  - Unique mapped and paired reads 631886 ...
254047 [main] INFO main.java.edu.mit.compbio.bisulfitehic.mapping.Bhmem  - Processing reads 636000 ...
254047 [main] INFO main.java.edu.mit.compbio.bisulfitehic.mapping.Bhmem  - Unique mapped and paired reads 631886 ...
[M::mem_process_seqs] Processed 1001 reads in 1.244 CPU sec, 0.159 real sec
[M::mem_process_seqs] Processed 1001 reads in 0.977 CPU sec, 0.124 real sec
[M::mem_process_seqs] Processed 1001 reads in 1.399 CPU sec, 0.178 real sec
[M::mem_process_seqs] Processed 1001 reads in 1.305 CPU sec, 0.166 real sec
254872 [main] INFO main.java.edu.mit.compbio.bisulfitehic.mapping.Bhmem  - Processing reads 637000 ...
254872 [main] INFO main.java.edu.mit.compbio.bisulfitehic.mapping.Bhmem  - Unique mapped and paired reads 633882 ...
254875 [main] INFO main.java.edu.mit.compbio.bisulfitehic.mapping.Bhmem  - Processing reads 638000 ...
254875 [main] INFO main.java.edu.mit.compbio.bisulfitehic.mapping.Bhmem  - Unique mapped and paired reads 633882 ...
[M::mem_process_seqs] Processed 1001 reads in 1.198 CPU sec, 0.153 real sec
[M::mem_process_seqs] Processed 1001 reads in 0.913 CPU sec, 0.117 real sec
[M::mem_process_seqs] Processed 1001 reads in 1.246 CPU sec, 0.161 real sec
[M::mem_process_seqs] Processed 1001 reads in 1.133 CPU sec, 0.148 real sec
255641 [main] INFO main.java.edu.mit.compbio.bisulfitehic.mapping.Bhmem  - Processing reads 639000 ...
255641 [main] INFO main.java.edu.mit.compbio.bisulfitehic.mapping.Bhmem  - Unique mapped and paired reads 635872 ...
255644 [main] INFO main.java.edu.mit.compbio.bisulfitehic.mapping.Bhmem  - Processing reads 640000 ...
255644 [main] INFO main.java.edu.mit.compbio.bisulfitehic.mapping.Bhmem  - Unique mapped and paired reads 635872 ...
[M::mem_process_seqs] Processed 1001 reads in 1.038 CPU sec, 0.134 real sec
[M::mem_process_seqs] Processed 1001 reads in 0.911 CPU sec, 0.117 real sec
[M::mem_process_seqs] Processed 1001 reads in 1.177 CPU sec, 0.150 real sec
[M::mem_process_seqs] Processed 1001 reads in 1.062 CPU sec, 0.135 real sec
256348 [main] INFO main.java.edu.mit.compbio.bisulfitehic.mapping.Bhmem  - Processing reads 641000 ...
256348 [main] INFO main.java.edu.mit.compbio.bisulfitehic.mapping.Bhmem  - Unique mapped and paired reads 637870 ...
256351 [main] INFO main.java.edu.mit.compbio.bisulfitehic.mapping.Bhmem  - Processing reads 642000 ...
256351 [main] INFO main.java.edu.mit.compbio.bisulfitehic.mapping.Bhmem  - Unique mapped and paired reads 637870 ...
[M::mem_process_seqs] Processed 1001 reads in 1.136 CPU sec, 0.148 real sec
[M::mem_process_seqs] Processed 1001 reads in 0.878 CPU sec, 0.114 real sec
[M::mem_process_seqs] Processed 1001 reads in 1.196 CPU sec, 0.152 real sec
[M::mem_process_seqs] Processed 1001 reads in 1.053 CPU sec, 0.135 real sec
257156 [main] INFO main.java.edu.mit.compbio.bisulfitehic.mapping.Bhmem  - Processing reads 643000 ...
257156 [main] INFO main.java.edu.mit.compbio.bisulfitehic.mapping.Bhmem  - Unique mapped and paired reads 639862 ...
257159 [main] INFO main.java.edu.mit.compbio.bisulfitehic.mapping.Bhmem  - Processing reads 644000 ...
257159 [main] INFO main.java.edu.mit.compbio.bisulfitehic.mapping.Bhmem  - Unique mapped and paired reads 639862 ...
[M::mem_process_seqs] Processed 1001 reads in 1.021 CPU sec, 0.129 real sec
[M::mem_process_seqs] Processed 1001 reads in 0.905 CPU sec, 0.122 real sec
[M::mem_process_seqs] Processed 1001 reads in 1.166 CPU sec, 0.156 real sec
[M::mem_process_seqs] Processed 1001 reads in 1.091 CPU sec, 0.140 real sec
257880 [main] INFO main.java.edu.mit.compbio.bisulfitehic.mapping.Bhmem  - Processing reads 645000 ...
257880 [main] INFO main.java.edu.mit.compbio.bisulfitehic.mapping.Bhmem  - Unique mapped and paired reads 641856 ...
257884 [main] INFO main.java.edu.mit.compbio.bisulfitehic.mapping.Bhmem  - Processing reads 646000 ...
257884 [main] INFO main.java.edu.mit.compbio.bisulfitehic.mapping.Bhmem  - Unique mapped and paired reads 641856 ...
[M::mem_process_seqs] Processed 1001 reads in 1.036 CPU sec, 0.132 real sec
[M::mem_process_seqs] Processed 1001 reads in 0.817 CPU sec, 0.105 real sec
[M::mem_process_seqs] Processed 1001 reads in 1.166 CPU sec, 0.149 real sec
[M::mem_process_seqs] Processed 1001 reads in 1.020 CPU sec, 0.130 real sec
258565 [main] INFO main.java.edu.mit.compbio.bisulfitehic.mapping.Bhmem  - Processing reads 647000 ...
258565 [main] INFO main.java.edu.mit.compbio.bisulfitehic.mapping.Bhmem  - Unique mapped and paired reads 643850 ...
258568 [main] INFO main.java.edu.mit.compbio.bisulfitehic.mapping.Bhmem  - Processing reads 648000 ...
258568 [main] INFO main.java.edu.mit.compbio.bisulfitehic.mapping.Bhmem  - Unique mapped and paired reads 643850 ...
[M::mem_process_seqs] Processed 1001 reads in 1.131 CPU sec, 0.144 real sec
[M::mem_process_seqs] Processed 1001 reads in 1.002 CPU sec, 0.129 real sec
[M::mem_process_seqs] Processed 1001 reads in 1.171 CPU sec, 0.151 real sec
[M::mem_process_seqs] Processed 1001 reads in 1.066 CPU sec, 0.146 real sec
259338 [main] INFO main.java.edu.mit.compbio.bisulfitehic.mapping.Bhmem  - Processing reads 649000 ...
259338 [main] INFO main.java.edu.mit.compbio.bisulfitehic.mapping.Bhmem  - Unique mapped and paired reads 645842 ...
259341 [main] INFO main.java.edu.mit.compbio.bisulfitehic.mapping.Bhmem  - Processing reads 650000 ...
259341 [main] INFO main.java.edu.mit.compbio.bisulfitehic.mapping.Bhmem  - Unique mapped and paired reads 645842 ...
[M::mem_process_seqs] Processed 1001 reads in 1.104 CPU sec, 0.144 real sec
[M::mem_process_seqs] Processed 1001 reads in 0.894 CPU sec, 0.116 real sec
[M::mem_process_seqs] Processed 1001 reads in 1.229 CPU sec, 0.162 real sec
[M::mem_process_seqs] Processed 1001 reads in 0.983 CPU sec, 0.124 real sec
260059 [main] INFO main.java.edu.mit.compbio.bisulfitehic.mapping.Bhmem  - Processing reads 651000 ...
260059 [main] INFO main.java.edu.mit.compbio.bisulfitehic.mapping.Bhmem  - Unique mapped and paired reads 647836 ...
260062 [main] INFO main.java.edu.mit.compbio.bisulfitehic.mapping.Bhmem  - Processing reads 652000 ...
260062 [main] INFO main.java.edu.mit.compbio.bisulfitehic.mapping.Bhmem  - Unique mapped and paired reads 647836 ...
[M::mem_process_seqs] Processed 1001 reads in 1.128 CPU sec, 0.144 real sec
[M::mem_process_seqs] Processed 1001 reads in 0.915 CPU sec, 0.117 real sec
[M::mem_process_seqs] Processed 1001 reads in 1.229 CPU sec, 0.156 real sec
[M::mem_process_seqs] Processed 1001 reads in 1.015 CPU sec, 0.130 real sec
260795 [main] INFO main.java.edu.mit.compbio.bisulfitehic.mapping.Bhmem  - Processing reads 653000 ...
260795 [main] INFO main.java.edu.mit.compbio.bisulfitehic.mapping.Bhmem  - Unique mapped and paired reads 649822 ...
260798 [main] INFO main.java.edu.mit.compbio.bisulfitehic.mapping.Bhmem  - Processing reads 654000 ...
260798 [main] INFO main.java.edu.mit.compbio.bisulfitehic.mapping.Bhmem  - Unique mapped and paired reads 649822 ...
[M::mem_process_seqs] Processed 1001 reads in 1.104 CPU sec, 0.143 real sec
[M::mem_process_seqs] Processed 1001 reads in 0.842 CPU sec, 0.108 real sec
[M::mem_process_seqs] Processed 1001 reads in 1.245 CPU sec, 0.159 real sec
[M::mem_process_seqs] Processed 1001 reads in 1.024 CPU sec, 0.131 real sec
261508 [main] INFO main.java.edu.mit.compbio.bisulfitehic.mapping.Bhmem  - Processing reads 655000 ...
261508 [main] INFO main.java.edu.mit.compbio.bisulfitehic.mapping.Bhmem  - Unique mapped and paired reads 651810 ...
261511 [main] INFO main.java.edu.mit.compbio.bisulfitehic.mapping.Bhmem  - Processing reads 656000 ...
261511 [main] INFO main.java.edu.mit.compbio.bisulfitehic.mapping.Bhmem  - Unique mapped and paired reads 651810 ...
[M::mem_process_seqs] Processed 1001 reads in 1.103 CPU sec, 0.141 real sec
[M::mem_process_seqs] Processed 1001 reads in 0.849 CPU sec, 0.108 real sec
[M::mem_process_seqs] Processed 1001 reads in 1.192 CPU sec, 0.153 real sec
[M::mem_process_seqs] Processed 1001 reads in 0.992 CPU sec, 0.125 real sec
262209 [main] INFO main.java.edu.mit.compbio.bisulfitehic.mapping.Bhmem  - Processing reads 657000 ...
262209 [main] INFO main.java.edu.mit.compbio.bisulfitehic.mapping.Bhmem  - Unique mapped and paired reads 653804 ...
262212 [main] INFO main.java.edu.mit.compbio.bisulfitehic.mapping.Bhmem  - Processing reads 658000 ...
262212 [main] INFO main.java.edu.mit.compbio.bisulfitehic.mapping.Bhmem  - Unique mapped and paired reads 653804 ...
[M::mem_process_seqs] Processed 1001 reads in 1.084 CPU sec, 0.138 real sec
[M::mem_process_seqs] Processed 1001 reads in 0.877 CPU sec, 0.110 real sec
[M::mem_process_seqs] Processed 1001 reads in 1.169 CPU sec, 0.149 real sec
[M::mem_process_seqs] Processed 1001 reads in 1.034 CPU sec, 0.131 real sec
262915 [main] INFO main.java.edu.mit.compbio.bisulfitehic.mapping.Bhmem  - Processing reads 659000 ...
262915 [main] INFO main.java.edu.mit.compbio.bisulfitehic.mapping.Bhmem  - Unique mapped and paired reads 655798 ...
262919 [main] INFO main.java.edu.mit.compbio.bisulfitehic.mapping.Bhmem  - Processing reads 660000 ...
262919 [main] INFO main.java.edu.mit.compbio.bisulfitehic.mapping.Bhmem  - Unique mapped and paired reads 655798 ...
[M::mem_process_seqs] Processed 1001 reads in 1.149 CPU sec, 0.147 real sec
[M::mem_process_seqs] Processed 1001 reads in 0.886 CPU sec, 0.114 real sec
[M::mem_process_seqs] Processed 1001 reads in 1.329 CPU sec, 0.169 real sec
[M::mem_process_seqs] Processed 1001 reads in 1.070 CPU sec, 0.138 real sec
263663 [main] INFO main.java.edu.mit.compbio.bisulfitehic.mapping.Bhmem  - Processing reads 661000 ...
263663 [main] INFO main.java.edu.mit.compbio.bisulfitehic.mapping.Bhmem  - Unique mapped and paired reads 657794 ...
263666 [main] INFO main.java.edu.mit.compbio.bisulfitehic.mapping.Bhmem  - Processing reads 662000 ...
263666 [main] INFO main.java.edu.mit.compbio.bisulfitehic.mapping.Bhmem  - Unique mapped and paired reads 657794 ...
[M::mem_process_seqs] Processed 1001 reads in 1.106 CPU sec, 0.144 real sec
[M::mem_process_seqs] Processed 1001 reads in 0.971 CPU sec, 0.123 real sec
[M::mem_process_seqs] Processed 1001 reads in 1.216 CPU sec, 0.154 real sec
[M::mem_process_seqs] Processed 1001 reads in 1.073 CPU sec, 0.137 real sec
264397 [main] INFO main.java.edu.mit.compbio.bisulfitehic.mapping.Bhmem  - Processing reads 663000 ...
264397 [main] INFO main.java.edu.mit.compbio.bisulfitehic.mapping.Bhmem  - Unique mapped and paired reads 659788 ...
264400 [main] INFO main.java.edu.mit.compbio.bisulfitehic.mapping.Bhmem  - Processing reads 664000 ...
264400 [main] INFO main.java.edu.mit.compbio.bisulfitehic.mapping.Bhmem  - Unique mapped and paired reads 659788 ...
[M::mem_process_seqs] Processed 1001 reads in 1.177 CPU sec, 0.150 real sec
[M::mem_process_seqs] Processed 1001 reads in 0.979 CPU sec, 0.125 real sec
[M::mem_process_seqs] Processed 1001 reads in 1.323 CPU sec, 0.168 real sec
[M::mem_process_seqs] Processed 1001 reads in 1.066 CPU sec, 0.143 real sec
265166 [main] INFO main.java.edu.mit.compbio.bisulfitehic.mapping.Bhmem  - Processing reads 665000 ...
265166 [main] INFO main.java.edu.mit.compbio.bisulfitehic.mapping.Bhmem  - Unique mapped and paired reads 661782 ...
265169 [main] INFO main.java.edu.mit.compbio.bisulfitehic.mapping.Bhmem  - Processing reads 666000 ...
265169 [main] INFO main.java.edu.mit.compbio.bisulfitehic.mapping.Bhmem  - Unique mapped and paired reads 661782 ...
[M::mem_process_seqs] Processed 1001 reads in 1.204 CPU sec, 0.153 real sec
[M::mem_process_seqs] Processed 1001 reads in 0.931 CPU sec, 0.120 real sec
[M::mem_process_seqs] Processed 1001 reads in 1.288 CPU sec, 0.172 real sec
[M::mem_process_seqs] Processed 1001 reads in 1.025 CPU sec, 0.131 real sec
265917 [main] INFO main.java.edu.mit.compbio.bisulfitehic.mapping.Bhmem  - Processing reads 667000 ...
265917 [main] INFO main.java.edu.mit.compbio.bisulfitehic.mapping.Bhmem  - Unique mapped and paired reads 663774 ...
265920 [main] INFO main.java.edu.mit.compbio.bisulfitehic.mapping.Bhmem  - Processing reads 668000 ...
265920 [main] INFO main.java.edu.mit.compbio.bisulfitehic.mapping.Bhmem  - Unique mapped and paired reads 663774 ...
[M::mem_process_seqs] Processed 1001 reads in 1.086 CPU sec, 0.138 real sec
[M::mem_process_seqs] Processed 1001 reads in 0.905 CPU sec, 0.114 real sec
[M::mem_process_seqs] Processed 1001 reads in 1.135 CPU sec, 0.144 real sec
[M::mem_process_seqs] Processed 1001 reads in 1.011 CPU sec, 0.131 real sec
266623 [main] INFO main.java.edu.mit.compbio.bisulfitehic.mapping.Bhmem  - Processing reads 669000 ...
266623 [main] INFO main.java.edu.mit.compbio.bisulfitehic.mapping.Bhmem  - Unique mapped and paired reads 665770 ...
266626 [main] INFO main.java.edu.mit.compbio.bisulfitehic.mapping.Bhmem  - Processing reads 670000 ...
266626 [main] INFO main.java.edu.mit.compbio.bisulfitehic.mapping.Bhmem  - Unique mapped and paired reads 665770 ...
[M::mem_process_seqs] Processed 1001 reads in 1.169 CPU sec, 0.151 real sec
[M::mem_process_seqs] Processed 1001 reads in 0.969 CPU sec, 0.123 real sec
[M::mem_process_seqs] Processed 1001 reads in 1.297 CPU sec, 0.170 real sec
[M::mem_process_seqs] Processed 1001 reads in 1.146 CPU sec, 0.151 real sec
267396 [main] INFO main.java.edu.mit.compbio.bisulfitehic.mapping.Bhmem  - Processing reads 671000 ...
267396 [main] INFO main.java.edu.mit.compbio.bisulfitehic.mapping.Bhmem  - Unique mapped and paired reads 667768 ...
267399 [main] INFO main.java.edu.mit.compbio.bisulfitehic.mapping.Bhmem  - Processing reads 672000 ...
267399 [main] INFO main.java.edu.mit.compbio.bisulfitehic.mapping.Bhmem  - Unique mapped and paired reads 667768 ...
[M::mem_process_seqs] Processed 1001 reads in 1.173 CPU sec, 0.150 real sec
[M::mem_process_seqs] Processed 1001 reads in 0.877 CPU sec, 0.112 real sec
[M::mem_process_seqs] Processed 1001 reads in 1.340 CPU sec, 0.172 real sec
[M::mem_process_seqs] Processed 1001 reads in 1.070 CPU sec, 0.136 real sec
268147 [main] INFO main.java.edu.mit.compbio.bisulfitehic.mapping.Bhmem  - Processing reads 673000 ...
268148 [main] INFO main.java.edu.mit.compbio.bisulfitehic.mapping.Bhmem  - Unique mapped and paired reads 669764 ...
268202 [main] INFO main.java.edu.mit.compbio.bisulfitehic.mapping.Bhmem  - Processing reads 674000 ...
268202 [main] INFO main.java.edu.mit.compbio.bisulfitehic.mapping.Bhmem  - Unique mapped and paired reads 669764 ...
[M::mem_process_seqs] Processed 1001 reads in 1.105 CPU sec, 0.139 real sec
[M::mem_process_seqs] Processed 1001 reads in 0.856 CPU sec, 0.109 real sec
[M::mem_process_seqs] Processed 1001 reads in 1.258 CPU sec, 0.162 real sec
[M::mem_process_seqs] Processed 1001 reads in 1.018 CPU sec, 0.131 real sec
268926 [main] INFO main.java.edu.mit.compbio.bisulfitehic.mapping.Bhmem  - Processing reads 675000 ...
268926 [main] INFO main.java.edu.mit.compbio.bisulfitehic.mapping.Bhmem  - Unique mapped and paired reads 671760 ...
268929 [main] INFO main.java.edu.mit.compbio.bisulfitehic.mapping.Bhmem  - Processing reads 676000 ...
268929 [main] INFO main.java.edu.mit.compbio.bisulfitehic.mapping.Bhmem  - Unique mapped and paired reads 671760 ...
[M::mem_process_seqs] Processed 1001 reads in 1.068 CPU sec, 0.136 real sec
[M::mem_process_seqs] Processed 1001 reads in 0.903 CPU sec, 0.115 real sec
[M::mem_process_seqs] Processed 1001 reads in 1.199 CPU sec, 0.155 real sec
[M::mem_process_seqs] Processed 1001 reads in 1.081 CPU sec, 0.139 real sec
269647 [main] INFO main.java.edu.mit.compbio.bisulfitehic.mapping.Bhmem  - Processing reads 677000 ...
269647 [main] INFO main.java.edu.mit.compbio.bisulfitehic.mapping.Bhmem  - Unique mapped and paired reads 673738 ...
269651 [main] INFO main.java.edu.mit.compbio.bisulfitehic.mapping.Bhmem  - Processing reads 678000 ...
269651 [main] INFO main.java.edu.mit.compbio.bisulfitehic.mapping.Bhmem  - Unique mapped and paired reads 673738 ...
[M::mem_process_seqs] Processed 1001 reads in 1.124 CPU sec, 0.143 real sec
[M::mem_process_seqs] Processed 1001 reads in 0.864 CPU sec, 0.109 real sec
[M::mem_process_seqs] Processed 1001 reads in 1.285 CPU sec, 0.164 real sec
[M::mem_process_seqs] Processed 1001 reads in 0.995 CPU sec, 0.129 real sec
270369 [main] INFO main.java.edu.mit.compbio.bisulfitehic.mapping.Bhmem  - Processing reads 679000 ...
270369 [main] INFO main.java.edu.mit.compbio.bisulfitehic.mapping.Bhmem  - Unique mapped and paired reads 675730 ...
270373 [main] INFO main.java.edu.mit.compbio.bisulfitehic.mapping.Bhmem  - Processing reads 680000 ...
270373 [main] INFO main.java.edu.mit.compbio.bisulfitehic.mapping.Bhmem  - Unique mapped and paired reads 675730 ...
[M::mem_process_seqs] Processed 1001 reads in 1.058 CPU sec, 0.134 real sec
[M::mem_process_seqs] Processed 1001 reads in 0.848 CPU sec, 0.108 real sec
[M::mem_process_seqs] Processed 1001 reads in 1.172 CPU sec, 0.157 real sec
[M::mem_process_seqs] Processed 1001 reads in 1.081 CPU sec, 0.137 real sec
271083 [main] INFO main.java.edu.mit.compbio.bisulfitehic.mapping.Bhmem  - Processing reads 681000 ...
271083 [main] INFO main.java.edu.mit.compbio.bisulfitehic.mapping.Bhmem  - Unique mapped and paired reads 677722 ...
271086 [main] INFO main.java.edu.mit.compbio.bisulfitehic.mapping.Bhmem  - Processing reads 682000 ...
271086 [main] INFO main.java.edu.mit.compbio.bisulfitehic.mapping.Bhmem  - Unique mapped and paired reads 677722 ...
[M::mem_process_seqs] Processed 1001 reads in 1.088 CPU sec, 0.143 real sec
[M::mem_process_seqs] Processed 1001 reads in 0.907 CPU sec, 0.115 real sec
[M::mem_process_seqs] Processed 1001 reads in 1.227 CPU sec, 0.157 real sec
[M::mem_process_seqs] Processed 1001 reads in 1.052 CPU sec, 0.140 real sec
271817 [main] INFO main.java.edu.mit.compbio.bisulfitehic.mapping.Bhmem  - Processing reads 683000 ...
271817 [main] INFO main.java.edu.mit.compbio.bisulfitehic.mapping.Bhmem  - Unique mapped and paired reads 679716 ...
271820 [main] INFO main.java.edu.mit.compbio.bisulfitehic.mapping.Bhmem  - Processing reads 684000 ...
271820 [main] INFO main.java.edu.mit.compbio.bisulfitehic.mapping.Bhmem  - Unique mapped and paired reads 679716 ...
[M::mem_process_seqs] Processed 1001 reads in 1.158 CPU sec, 0.146 real sec
[M::mem_process_seqs] Processed 1001 reads in 0.889 CPU sec, 0.114 real sec
[M::mem_process_seqs] Processed 1001 reads in 1.271 CPU sec, 0.161 real sec
[M::mem_process_seqs] Processed 1001 reads in 1.062 CPU sec, 0.137 real sec
272557 [main] INFO main.java.edu.mit.compbio.bisulfitehic.mapping.Bhmem  - Processing reads 685000 ...
272557 [main] INFO main.java.edu.mit.compbio.bisulfitehic.mapping.Bhmem  - Unique mapped and paired reads 681700 ...
272560 [main] INFO main.java.edu.mit.compbio.bisulfitehic.mapping.Bhmem  - Processing reads 686000 ...
272560 [main] INFO main.java.edu.mit.compbio.bisulfitehic.mapping.Bhmem  - Unique mapped and paired reads 681700 ...
[M::mem_process_seqs] Processed 1001 reads in 1.137 CPU sec, 0.144 real sec
[M::mem_process_seqs] Processed 1001 reads in 0.967 CPU sec, 0.124 real sec
[M::mem_process_seqs] Processed 1001 reads in 1.176 CPU sec, 0.156 real sec
[M::mem_process_seqs] Processed 1001 reads in 1.086 CPU sec, 0.139 real sec
273300 [main] INFO main.java.edu.mit.compbio.bisulfitehic.mapping.Bhmem  - Processing reads 687000 ...
273301 [main] INFO main.java.edu.mit.compbio.bisulfitehic.mapping.Bhmem  - Unique mapped and paired reads 683688 ...
273304 [main] INFO main.java.edu.mit.compbio.bisulfitehic.mapping.Bhmem  - Processing reads 688000 ...
273304 [main] INFO main.java.edu.mit.compbio.bisulfitehic.mapping.Bhmem  - Unique mapped and paired reads 683688 ...
[M::mem_process_seqs] Processed 1001 reads in 1.057 CPU sec, 0.138 real sec
[M::mem_process_seqs] Processed 1001 reads in 0.897 CPU sec, 0.119 real sec
[M::mem_process_seqs] Processed 1001 reads in 1.226 CPU sec, 0.160 real sec
[M::mem_process_seqs] Processed 1001 reads in 1.006 CPU sec, 0.128 real sec
274019 [main] INFO main.java.edu.mit.compbio.bisulfitehic.mapping.Bhmem  - Processing reads 689000 ...
274019 [main] INFO main.java.edu.mit.compbio.bisulfitehic.mapping.Bhmem  - Unique mapped and paired reads 685676 ...
274022 [main] INFO main.java.edu.mit.compbio.bisulfitehic.mapping.Bhmem  - Processing reads 690000 ...
274022 [main] INFO main.java.edu.mit.compbio.bisulfitehic.mapping.Bhmem  - Unique mapped and paired reads 685676 ...
[M::mem_process_seqs] Processed 1001 reads in 1.065 CPU sec, 0.137 real sec
[M::mem_process_seqs] Processed 1001 reads in 0.908 CPU sec, 0.115 real sec
[M::mem_process_seqs] Processed 1001 reads in 1.195 CPU sec, 0.152 real sec
[M::mem_process_seqs] Processed 1001 reads in 1.113 CPU sec, 0.144 real sec
274742 [main] INFO main.java.edu.mit.compbio.bisulfitehic.mapping.Bhmem  - Processing reads 691000 ...
274742 [main] INFO main.java.edu.mit.compbio.bisulfitehic.mapping.Bhmem  - Unique mapped and paired reads 687670 ...
274745 [main] INFO main.java.edu.mit.compbio.bisulfitehic.mapping.Bhmem  - Processing reads 692000 ...
274745 [main] INFO main.java.edu.mit.compbio.bisulfitehic.mapping.Bhmem  - Unique mapped and paired reads 687670 ...
[M::mem_process_seqs] Processed 1001 reads in 1.149 CPU sec, 0.146 real sec
[M::mem_process_seqs] Processed 1001 reads in 0.959 CPU sec, 0.123 real sec
[M::mem_process_seqs] Processed 1001 reads in 1.194 CPU sec, 0.154 real sec
[M::mem_process_seqs] Processed 1001 reads in 1.064 CPU sec, 0.136 real sec
275479 [main] INFO main.java.edu.mit.compbio.bisulfitehic.mapping.Bhmem  - Processing reads 693000 ...
275479 [main] INFO main.java.edu.mit.compbio.bisulfitehic.mapping.Bhmem  - Unique mapped and paired reads 689652 ...
275482 [main] INFO main.java.edu.mit.compbio.bisulfitehic.mapping.Bhmem  - Processing reads 694000 ...
275482 [main] INFO main.java.edu.mit.compbio.bisulfitehic.mapping.Bhmem  - Unique mapped and paired reads 689652 ...
[M::mem_process_seqs] Processed 1001 reads in 1.068 CPU sec, 0.136 real sec
[M::mem_process_seqs] Processed 1001 reads in 0.905 CPU sec, 0.116 real sec
[M::mem_process_seqs] Processed 1001 reads in 1.123 CPU sec, 0.143 real sec
[M::mem_process_seqs] Processed 1001 reads in 0.975 CPU sec, 0.124 real sec
276173 [main] INFO main.java.edu.mit.compbio.bisulfitehic.mapping.Bhmem  - Processing reads 695000 ...
276173 [main] INFO main.java.edu.mit.compbio.bisulfitehic.mapping.Bhmem  - Unique mapped and paired reads 691640 ...
276176 [main] INFO main.java.edu.mit.compbio.bisulfitehic.mapping.Bhmem  - Processing reads 696000 ...
276176 [main] INFO main.java.edu.mit.compbio.bisulfitehic.mapping.Bhmem  - Unique mapped and paired reads 691640 ...
[M::mem_process_seqs] Processed 1001 reads in 1.157 CPU sec, 0.147 real sec
[M::mem_process_seqs] Processed 1001 reads in 0.941 CPU sec, 0.120 real sec
[M::mem_process_seqs] Processed 1001 reads in 1.227 CPU sec, 0.156 real sec
[M::mem_process_seqs] Processed 1001 reads in 1.027 CPU sec, 0.133 real sec
276902 [main] INFO main.java.edu.mit.compbio.bisulfitehic.mapping.Bhmem  - Processing reads 697000 ...
276902 [main] INFO main.java.edu.mit.compbio.bisulfitehic.mapping.Bhmem  - Unique mapped and paired reads 693632 ...
276905 [main] INFO main.java.edu.mit.compbio.bisulfitehic.mapping.Bhmem  - Processing reads 698000 ...
276905 [main] INFO main.java.edu.mit.compbio.bisulfitehic.mapping.Bhmem  - Unique mapped and paired reads 693632 ...
[M::mem_process_seqs] Processed 1001 reads in 1.176 CPU sec, 0.149 real sec
[M::mem_process_seqs] Processed 1001 reads in 0.937 CPU sec, 0.124 real sec
[M::mem_process_seqs] Processed 1001 reads in 1.291 CPU sec, 0.163 real sec
[M::mem_process_seqs] Processed 1001 reads in 1.139 CPU sec, 0.151 real sec
277671 [main] INFO main.java.edu.mit.compbio.bisulfitehic.mapping.Bhmem  - Processing reads 699000 ...
277671 [main] INFO main.java.edu.mit.compbio.bisulfitehic.mapping.Bhmem  - Unique mapped and paired reads 695630 ...
277675 [main] INFO main.java.edu.mit.compbio.bisulfitehic.mapping.Bhmem  - Processing reads 700000 ...
277675 [main] INFO main.java.edu.mit.compbio.bisulfitehic.mapping.Bhmem  - Unique mapped and paired reads 695630 ...
[M::mem_process_seqs] Processed 1001 reads in 1.165 CPU sec, 0.147 real sec
[M::mem_process_seqs] Processed 1001 reads in 0.908 CPU sec, 0.116 real sec
[M::mem_process_seqs] Processed 1001 reads in 1.223 CPU sec, 0.155 real sec
[M::mem_process_seqs] Processed 1001 reads in 0.999 CPU sec, 0.137 real sec
278422 [main] INFO main.java.edu.mit.compbio.bisulfitehic.mapping.Bhmem  - Processing reads 701000 ...
278422 [main] INFO main.java.edu.mit.compbio.bisulfitehic.mapping.Bhmem  - Unique mapped and paired reads 697624 ...
278425 [main] INFO main.java.edu.mit.compbio.bisulfitehic.mapping.Bhmem  - Processing reads 702000 ...
278425 [main] INFO main.java.edu.mit.compbio.bisulfitehic.mapping.Bhmem  - Unique mapped and paired reads 697624 ...
[M::mem_process_seqs] Processed 1001 reads in 1.010 CPU sec, 0.129 real sec
[M::mem_process_seqs] Processed 1001 reads in 0.878 CPU sec, 0.111 real sec
[M::mem_process_seqs] Processed 1001 reads in 1.136 CPU sec, 0.146 real sec
[M::mem_process_seqs] Processed 1001 reads in 1.008 CPU sec, 0.128 real sec
279109 [main] INFO main.java.edu.mit.compbio.bisulfitehic.mapping.Bhmem  - Processing reads 703000 ...
279109 [main] INFO main.java.edu.mit.compbio.bisulfitehic.mapping.Bhmem  - Unique mapped and paired reads 699610 ...
279112 [main] INFO main.java.edu.mit.compbio.bisulfitehic.mapping.Bhmem  - Processing reads 704000 ...
279112 [main] INFO main.java.edu.mit.compbio.bisulfitehic.mapping.Bhmem  - Unique mapped and paired reads 699610 ...
[M::mem_process_seqs] Processed 1001 reads in 1.121 CPU sec, 0.143 real sec
[M::mem_process_seqs] Processed 1001 reads in 0.904 CPU sec, 0.119 real sec
[M::mem_process_seqs] Processed 1001 reads in 1.247 CPU sec, 0.159 real sec
[M::mem_process_seqs] Processed 1001 reads in 1.051 CPU sec, 0.134 real sec
279844 [main] INFO main.java.edu.mit.compbio.bisulfitehic.mapping.Bhmem  - Processing reads 705000 ...
279844 [main] INFO main.java.edu.mit.compbio.bisulfitehic.mapping.Bhmem  - Unique mapped and paired reads 701602 ...
279847 [main] INFO main.java.edu.mit.compbio.bisulfitehic.mapping.Bhmem  - Processing reads 706000 ...
279847 [main] INFO main.java.edu.mit.compbio.bisulfitehic.mapping.Bhmem  - Unique mapped and paired reads 701602 ...
[M::mem_process_seqs] Processed 1001 reads in 1.113 CPU sec, 0.143 real sec
[M::mem_process_seqs] Processed 1001 reads in 0.871 CPU sec, 0.110 real sec
[M::mem_process_seqs] Processed 1001 reads in 1.200 CPU sec, 0.154 real sec
[M::mem_process_seqs] Processed 1001 reads in 1.061 CPU sec, 0.134 real sec
280561 [main] INFO main.java.edu.mit.compbio.bisulfitehic.mapping.Bhmem  - Processing reads 707000 ...
280561 [main] INFO main.java.edu.mit.compbio.bisulfitehic.mapping.Bhmem  - Unique mapped and paired reads 703600 ...
280564 [main] INFO main.java.edu.mit.compbio.bisulfitehic.mapping.Bhmem  - Processing reads 708000 ...
280564 [main] INFO main.java.edu.mit.compbio.bisulfitehic.mapping.Bhmem  - Unique mapped and paired reads 703600 ...
[M::mem_process_seqs] Processed 1001 reads in 1.096 CPU sec, 0.141 real sec
[M::mem_process_seqs] Processed 1001 reads in 0.937 CPU sec, 0.119 real sec
[M::mem_process_seqs] Processed 1001 reads in 1.208 CPU sec, 0.159 real sec
[M::mem_process_seqs] Processed 1001 reads in 1.079 CPU sec, 0.136 real sec
281295 [main] INFO main.java.edu.mit.compbio.bisulfitehic.mapping.Bhmem  - Processing reads 709000 ...
281295 [main] INFO main.java.edu.mit.compbio.bisulfitehic.mapping.Bhmem  - Unique mapped and paired reads 705592 ...
281299 [main] INFO main.java.edu.mit.compbio.bisulfitehic.mapping.Bhmem  - Processing reads 710000 ...
281299 [main] INFO main.java.edu.mit.compbio.bisulfitehic.mapping.Bhmem  - Unique mapped and paired reads 705592 ...
[M::mem_process_seqs] Processed 1001 reads in 1.183 CPU sec, 0.155 real sec
[M::mem_process_seqs] Processed 1001 reads in 0.881 CPU sec, 0.112 real sec
[M::mem_process_seqs] Processed 1001 reads in 1.142 CPU sec, 0.147 real sec
[M::mem_process_seqs] Processed 1001 reads in 1.007 CPU sec, 0.131 real sec
282018 [main] INFO main.java.edu.mit.compbio.bisulfitehic.mapping.Bhmem  - Processing reads 711000 ...
282018 [main] INFO main.java.edu.mit.compbio.bisulfitehic.mapping.Bhmem  - Unique mapped and paired reads 707574 ...
282022 [main] INFO main.java.edu.mit.compbio.bisulfitehic.mapping.Bhmem  - Processing reads 712000 ...
282022 [main] INFO main.java.edu.mit.compbio.bisulfitehic.mapping.Bhmem  - Unique mapped and paired reads 707574 ...
[M::mem_process_seqs] Processed 1001 reads in 1.215 CPU sec, 0.155 real sec
[M::mem_process_seqs] Processed 1001 reads in 1.032 CPU sec, 0.131 real sec
[M::mem_process_seqs] Processed 1001 reads in 1.373 CPU sec, 0.175 real sec
[M::mem_process_seqs] Processed 1001 reads in 1.218 CPU sec, 0.157 real sec
282815 [main] INFO main.java.edu.mit.compbio.bisulfitehic.mapping.Bhmem  - Processing reads 713000 ...
282815 [main] INFO main.java.edu.mit.compbio.bisulfitehic.mapping.Bhmem  - Unique mapped and paired reads 709570 ...
282818 [main] INFO main.java.edu.mit.compbio.bisulfitehic.mapping.Bhmem  - Processing reads 714000 ...
282818 [main] INFO main.java.edu.mit.compbio.bisulfitehic.mapping.Bhmem  - Unique mapped and paired reads 709570 ...
[M::mem_process_seqs] Processed 1001 reads in 1.148 CPU sec, 0.146 real sec
[M::mem_process_seqs] Processed 1001 reads in 0.947 CPU sec, 0.121 real sec
[M::mem_process_seqs] Processed 1001 reads in 1.257 CPU sec, 0.161 real sec
[M::mem_process_seqs] Processed 1001 reads in 1.051 CPU sec, 0.135 real sec
283559 [main] INFO main.java.edu.mit.compbio.bisulfitehic.mapping.Bhmem  - Processing reads 715000 ...
283559 [main] INFO main.java.edu.mit.compbio.bisulfitehic.mapping.Bhmem  - Unique mapped and paired reads 711568 ...
283562 [main] INFO main.java.edu.mit.compbio.bisulfitehic.mapping.Bhmem  - Processing reads 716000 ...
283562 [main] INFO main.java.edu.mit.compbio.bisulfitehic.mapping.Bhmem  - Unique mapped and paired reads 711568 ...
[M::mem_process_seqs] Processed 1001 reads in 1.187 CPU sec, 0.152 real sec
[M::mem_process_seqs] Processed 1001 reads in 1.003 CPU sec, 0.127 real sec
[M::mem_process_seqs] Processed 1001 reads in 1.229 CPU sec, 0.156 real sec
[M::mem_process_seqs] Processed 1001 reads in 1.034 CPU sec, 0.132 real sec
284309 [main] INFO main.java.edu.mit.compbio.bisulfitehic.mapping.Bhmem  - Processing reads 717000 ...
284309 [main] INFO main.java.edu.mit.compbio.bisulfitehic.mapping.Bhmem  - Unique mapped and paired reads 713560 ...
284312 [main] INFO main.java.edu.mit.compbio.bisulfitehic.mapping.Bhmem  - Processing reads 718000 ...
284312 [main] INFO main.java.edu.mit.compbio.bisulfitehic.mapping.Bhmem  - Unique mapped and paired reads 713560 ...
[M::mem_process_seqs] Processed 1001 reads in 1.219 CPU sec, 0.155 real sec
[M::mem_process_seqs] Processed 1001 reads in 1.016 CPU sec, 0.132 real sec
[M::mem_process_seqs] Processed 1001 reads in 1.302 CPU sec, 0.165 real sec
[M::mem_process_seqs] Processed 1001 reads in 1.136 CPU sec, 0.145 real sec
285089 [main] INFO main.java.edu.mit.compbio.bisulfitehic.mapping.Bhmem  - Processing reads 719000 ...
285089 [main] INFO main.java.edu.mit.compbio.bisulfitehic.mapping.Bhmem  - Unique mapped and paired reads 715560 ...
285092 [main] INFO main.java.edu.mit.compbio.bisulfitehic.mapping.Bhmem  - Processing reads 720000 ...
285092 [main] INFO main.java.edu.mit.compbio.bisulfitehic.mapping.Bhmem  - Unique mapped and paired reads 715560 ...
[M::mem_process_seqs] Processed 1001 reads in 1.291 CPU sec, 0.163 real sec
[M::mem_process_seqs] Processed 1001 reads in 0.913 CPU sec, 0.117 real sec
[M::mem_process_seqs] Processed 1001 reads in 1.272 CPU sec, 0.165 real sec
[M::mem_process_seqs] Processed 1001 reads in 1.062 CPU sec, 0.137 real sec
285849 [main] INFO main.java.edu.mit.compbio.bisulfitehic.mapping.Bhmem  - Processing reads 721000 ...
285849 [main] INFO main.java.edu.mit.compbio.bisulfitehic.mapping.Bhmem  - Unique mapped and paired reads 717552 ...
285852 [main] INFO main.java.edu.mit.compbio.bisulfitehic.mapping.Bhmem  - Processing reads 722000 ...
285852 [main] INFO main.java.edu.mit.compbio.bisulfitehic.mapping.Bhmem  - Unique mapped and paired reads 717552 ...
[M::mem_process_seqs] Processed 1001 reads in 1.218 CPU sec, 0.156 real sec
[M::mem_process_seqs] Processed 1001 reads in 0.967 CPU sec, 0.128 real sec
[M::mem_process_seqs] Processed 1001 reads in 1.348 CPU sec, 0.171 real sec
[M::mem_process_seqs] Processed 1001 reads in 1.130 CPU sec, 0.143 real sec
286631 [main] INFO main.java.edu.mit.compbio.bisulfitehic.mapping.Bhmem  - Processing reads 723000 ...
286631 [main] INFO main.java.edu.mit.compbio.bisulfitehic.mapping.Bhmem  - Unique mapped and paired reads 719542 ...
286634 [main] INFO main.java.edu.mit.compbio.bisulfitehic.mapping.Bhmem  - Processing reads 724000 ...
286634 [main] INFO main.java.edu.mit.compbio.bisulfitehic.mapping.Bhmem  - Unique mapped and paired reads 719542 ...
[M::mem_process_seqs] Processed 1001 reads in 1.159 CPU sec, 0.148 real sec
[M::mem_process_seqs] Processed 1001 reads in 0.950 CPU sec, 0.124 real sec
[M::mem_process_seqs] Processed 1001 reads in 1.289 CPU sec, 0.164 real sec
[M::mem_process_seqs] Processed 1001 reads in 1.064 CPU sec, 0.135 real sec
287388 [main] INFO main.java.edu.mit.compbio.bisulfitehic.mapping.Bhmem  - Processing reads 725000 ...
287388 [main] INFO main.java.edu.mit.compbio.bisulfitehic.mapping.Bhmem  - Unique mapped and paired reads 721536 ...
287391 [main] INFO main.java.edu.mit.compbio.bisulfitehic.mapping.Bhmem  - Processing reads 726000 ...
287391 [main] INFO main.java.edu.mit.compbio.bisulfitehic.mapping.Bhmem  - Unique mapped and paired reads 721536 ...
[M::mem_process_seqs] Processed 1001 reads in 1.114 CPU sec, 0.143 real sec
[M::mem_process_seqs] Processed 1001 reads in 0.963 CPU sec, 0.124 real sec
[M::mem_process_seqs] Processed 1001 reads in 1.259 CPU sec, 0.159 real sec
[M::mem_process_seqs] Processed 1001 reads in 1.094 CPU sec, 0.140 real sec
288141 [main] INFO main.java.edu.mit.compbio.bisulfitehic.mapping.Bhmem  - Processing reads 727000 ...
288141 [main] INFO main.java.edu.mit.compbio.bisulfitehic.mapping.Bhmem  - Unique mapped and paired reads 723526 ...
288144 [main] INFO main.java.edu.mit.compbio.bisulfitehic.mapping.Bhmem  - Processing reads 728000 ...
288144 [main] INFO main.java.edu.mit.compbio.bisulfitehic.mapping.Bhmem  - Unique mapped and paired reads 723526 ...
[M::mem_process_seqs] Processed 1001 reads in 1.100 CPU sec, 0.149 real sec
[M::mem_process_seqs] Processed 1001 reads in 0.978 CPU sec, 0.124 real sec
[M::mem_process_seqs] Processed 1001 reads in 1.250 CPU sec, 0.159 real sec
[M::mem_process_seqs] Processed 1001 reads in 1.111 CPU sec, 0.143 real sec
288897 [main] INFO main.java.edu.mit.compbio.bisulfitehic.mapping.Bhmem  - Processing reads 729000 ...
288897 [main] INFO main.java.edu.mit.compbio.bisulfitehic.mapping.Bhmem  - Unique mapped and paired reads 725522 ...
288900 [main] INFO main.java.edu.mit.compbio.bisulfitehic.mapping.Bhmem  - Processing reads 730000 ...
288900 [main] INFO main.java.edu.mit.compbio.bisulfitehic.mapping.Bhmem  - Unique mapped and paired reads 725522 ...
[M::mem_process_seqs] Processed 1001 reads in 1.231 CPU sec, 0.156 real sec
[M::mem_process_seqs] Processed 1001 reads in 0.925 CPU sec, 0.117 real sec
[M::mem_process_seqs] Processed 1001 reads in 1.331 CPU sec, 0.168 real sec
[M::mem_process_seqs] Processed 1001 reads in 1.132 CPU sec, 0.148 real sec
289688 [main] INFO main.java.edu.mit.compbio.bisulfitehic.mapping.Bhmem  - Processing reads 731000 ...
289688 [main] INFO main.java.edu.mit.compbio.bisulfitehic.mapping.Bhmem  - Unique mapped and paired reads 727516 ...
289691 [main] INFO main.java.edu.mit.compbio.bisulfitehic.mapping.Bhmem  - Processing reads 732000 ...
289691 [main] INFO main.java.edu.mit.compbio.bisulfitehic.mapping.Bhmem  - Unique mapped and paired reads 727516 ...
[M::mem_process_seqs] Processed 1001 reads in 1.099 CPU sec, 0.139 real sec
[M::mem_process_seqs] Processed 1001 reads in 0.877 CPU sec, 0.111 real sec
[M::mem_process_seqs] Processed 1001 reads in 1.313 CPU sec, 0.168 real sec
[M::mem_process_seqs] Processed 1001 reads in 1.117 CPU sec, 0.143 real sec
290428 [main] INFO main.java.edu.mit.compbio.bisulfitehic.mapping.Bhmem  - Processing reads 733000 ...
290428 [main] INFO main.java.edu.mit.compbio.bisulfitehic.mapping.Bhmem  - Unique mapped and paired reads 729512 ...
290432 [main] INFO main.java.edu.mit.compbio.bisulfitehic.mapping.Bhmem  - Processing reads 734000 ...
290432 [main] INFO main.java.edu.mit.compbio.bisulfitehic.mapping.Bhmem  - Unique mapped and paired reads 729512 ...
[M::mem_process_seqs] Processed 1001 reads in 1.117 CPU sec, 0.141 real sec
[M::mem_process_seqs] Processed 1001 reads in 0.905 CPU sec, 0.116 real sec
[M::mem_process_seqs] Processed 1001 reads in 1.194 CPU sec, 0.154 real sec
[M::mem_process_seqs] Processed 1001 reads in 1.054 CPU sec, 0.135 real sec
291211 [main] INFO main.java.edu.mit.compbio.bisulfitehic.mapping.Bhmem  - Processing reads 735000 ...
291211 [main] INFO main.java.edu.mit.compbio.bisulfitehic.mapping.Bhmem  - Unique mapped and paired reads 731508 ...
291215 [main] INFO main.java.edu.mit.compbio.bisulfitehic.mapping.Bhmem  - Processing reads 736000 ...
291215 [main] INFO main.java.edu.mit.compbio.bisulfitehic.mapping.Bhmem  - Unique mapped and paired reads 731508 ...
[M::mem_process_seqs] Processed 1001 reads in 1.134 CPU sec, 0.144 real sec
[M::mem_process_seqs] Processed 1001 reads in 0.892 CPU sec, 0.113 real sec
[M::mem_process_seqs] Processed 1001 reads in 1.229 CPU sec, 0.158 real sec
[M::mem_process_seqs] Processed 1001 reads in 1.087 CPU sec, 0.141 real sec
291942 [main] INFO main.java.edu.mit.compbio.bisulfitehic.mapping.Bhmem  - Processing reads 737000 ...
291942 [main] INFO main.java.edu.mit.compbio.bisulfitehic.mapping.Bhmem  - Unique mapped and paired reads 733500 ...
291945 [main] INFO main.java.edu.mit.compbio.bisulfitehic.mapping.Bhmem  - Processing reads 738000 ...
291945 [main] INFO main.java.edu.mit.compbio.bisulfitehic.mapping.Bhmem  - Unique mapped and paired reads 733500 ...
[M::mem_process_seqs] Processed 1001 reads in 1.167 CPU sec, 0.147 real sec
[M::mem_process_seqs] Processed 1001 reads in 0.930 CPU sec, 0.117 real sec
[M::mem_process_seqs] Processed 1001 reads in 1.265 CPU sec, 0.166 real sec
[M::mem_process_seqs] Processed 1001 reads in 1.123 CPU sec, 0.143 real sec
292709 [main] INFO main.java.edu.mit.compbio.bisulfitehic.mapping.Bhmem  - Processing reads 739000 ...
292709 [main] INFO main.java.edu.mit.compbio.bisulfitehic.mapping.Bhmem  - Unique mapped and paired reads 735490 ...
292712 [main] INFO main.java.edu.mit.compbio.bisulfitehic.mapping.Bhmem  - Processing reads 740000 ...
292712 [main] INFO main.java.edu.mit.compbio.bisulfitehic.mapping.Bhmem  - Unique mapped and paired reads 735490 ...
[M::mem_process_seqs] Processed 1001 reads in 1.138 CPU sec, 0.146 real sec
[M::mem_process_seqs] Processed 1001 reads in 0.931 CPU sec, 0.119 real sec
[M::mem_process_seqs] Processed 1001 reads in 1.152 CPU sec, 0.147 real sec
[M::mem_process_seqs] Processed 1001 reads in 1.045 CPU sec, 0.134 real sec
293426 [main] INFO main.java.edu.mit.compbio.bisulfitehic.mapping.Bhmem  - Processing reads 741000 ...
293426 [main] INFO main.java.edu.mit.compbio.bisulfitehic.mapping.Bhmem  - Unique mapped and paired reads 737486 ...
293429 [main] INFO main.java.edu.mit.compbio.bisulfitehic.mapping.Bhmem  - Processing reads 742000 ...
293429 [main] INFO main.java.edu.mit.compbio.bisulfitehic.mapping.Bhmem  - Unique mapped and paired reads 737486 ...
[M::mem_process_seqs] Processed 1001 reads in 1.095 CPU sec, 0.140 real sec
[M::mem_process_seqs] Processed 1001 reads in 0.920 CPU sec, 0.119 real sec
[M::mem_process_seqs] Processed 1001 reads in 1.193 CPU sec, 0.151 real sec
[M::mem_process_seqs] Processed 1001 reads in 1.091 CPU sec, 0.141 real sec
294176 [main] INFO main.java.edu.mit.compbio.bisulfitehic.mapping.Bhmem  - Processing reads 743000 ...
294176 [main] INFO main.java.edu.mit.compbio.bisulfitehic.mapping.Bhmem  - Unique mapped and paired reads 739482 ...
294179 [main] INFO main.java.edu.mit.compbio.bisulfitehic.mapping.Bhmem  - Processing reads 744000 ...
294179 [main] INFO main.java.edu.mit.compbio.bisulfitehic.mapping.Bhmem  - Unique mapped and paired reads 739482 ...
[M::mem_process_seqs] Processed 1001 reads in 1.136 CPU sec, 0.144 real sec
[M::mem_process_seqs] Processed 1001 reads in 0.945 CPU sec, 0.120 real sec
[M::mem_process_seqs] Processed 1001 reads in 1.294 CPU sec, 0.172 real sec
[M::mem_process_seqs] Processed 1001 reads in 1.199 CPU sec, 0.153 real sec
294945 [main] INFO main.java.edu.mit.compbio.bisulfitehic.mapping.Bhmem  - Processing reads 745000 ...
294945 [main] INFO main.java.edu.mit.compbio.bisulfitehic.mapping.Bhmem  - Unique mapped and paired reads 741460 ...
294948 [main] INFO main.java.edu.mit.compbio.bisulfitehic.mapping.Bhmem  - Processing reads 746000 ...
294948 [main] INFO main.java.edu.mit.compbio.bisulfitehic.mapping.Bhmem  - Unique mapped and paired reads 741460 ...
[M::mem_process_seqs] Processed 1001 reads in 1.085 CPU sec, 0.138 real sec
[M::mem_process_seqs] Processed 1001 reads in 0.910 CPU sec, 0.115 real sec
[M::mem_process_seqs] Processed 1001 reads in 1.179 CPU sec, 0.151 real sec
[M::mem_process_seqs] Processed 1001 reads in 1.052 CPU sec, 0.137 real sec
295662 [main] INFO main.java.edu.mit.compbio.bisulfitehic.mapping.Bhmem  - Processing reads 747000 ...
295662 [main] INFO main.java.edu.mit.compbio.bisulfitehic.mapping.Bhmem  - Unique mapped and paired reads 743448 ...
295665 [main] INFO main.java.edu.mit.compbio.bisulfitehic.mapping.Bhmem  - Processing reads 748000 ...
295665 [main] INFO main.java.edu.mit.compbio.bisulfitehic.mapping.Bhmem  - Unique mapped and paired reads 743448 ...
[M::mem_process_seqs] Processed 1001 reads in 1.115 CPU sec, 0.143 real sec
[M::mem_process_seqs] Processed 1001 reads in 0.946 CPU sec, 0.122 real sec
[M::mem_process_seqs] Processed 1001 reads in 1.248 CPU sec, 0.161 real sec
[M::mem_process_seqs] Processed 1001 reads in 1.114 CPU sec, 0.146 real sec
296417 [main] INFO main.java.edu.mit.compbio.bisulfitehic.mapping.Bhmem  - Processing reads 749000 ...
296417 [main] INFO main.java.edu.mit.compbio.bisulfitehic.mapping.Bhmem  - Unique mapped and paired reads 745442 ...
296420 [main] INFO main.java.edu.mit.compbio.bisulfitehic.mapping.Bhmem  - Processing reads 750000 ...
296420 [main] INFO main.java.edu.mit.compbio.bisulfitehic.mapping.Bhmem  - Unique mapped and paired reads 745442 ...
[M::mem_process_seqs] Processed 1001 reads in 1.124 CPU sec, 0.143 real sec
[M::mem_process_seqs] Processed 1001 reads in 0.920 CPU sec, 0.117 real sec
[M::mem_process_seqs] Processed 1001 reads in 1.244 CPU sec, 0.158 real sec
[M::mem_process_seqs] Processed 1001 reads in 1.079 CPU sec, 0.139 real sec
297152 [main] INFO main.java.edu.mit.compbio.bisulfitehic.mapping.Bhmem  - Processing reads 751000 ...
297152 [main] INFO main.java.edu.mit.compbio.bisulfitehic.mapping.Bhmem  - Unique mapped and paired reads 747434 ...
297155 [main] INFO main.java.edu.mit.compbio.bisulfitehic.mapping.Bhmem  - Processing reads 752000 ...
297155 [main] INFO main.java.edu.mit.compbio.bisulfitehic.mapping.Bhmem  - Unique mapped and paired reads 747434 ...
[M::mem_process_seqs] Processed 1001 reads in 1.166 CPU sec, 0.150 real sec
[M::mem_process_seqs] Processed 1001 reads in 0.907 CPU sec, 0.116 real sec
[M::mem_process_seqs] Processed 1001 reads in 1.220 CPU sec, 0.155 real sec
[M::mem_process_seqs] Processed 1001 reads in 1.048 CPU sec, 0.134 real sec
297886 [main] INFO main.java.edu.mit.compbio.bisulfitehic.mapping.Bhmem  - Processing reads 753000 ...
297886 [main] INFO main.java.edu.mit.compbio.bisulfitehic.mapping.Bhmem  - Unique mapped and paired reads 749428 ...
297889 [main] INFO main.java.edu.mit.compbio.bisulfitehic.mapping.Bhmem  - Processing reads 754000 ...
297889 [main] INFO main.java.edu.mit.compbio.bisulfitehic.mapping.Bhmem  - Unique mapped and paired reads 749428 ...
[M::mem_process_seqs] Processed 1001 reads in 1.131 CPU sec, 0.143 real sec
[M::mem_process_seqs] Processed 1001 reads in 0.895 CPU sec, 0.113 real sec
[M::mem_process_seqs] Processed 1001 reads in 1.238 CPU sec, 0.161 real sec
[M::mem_process_seqs] Processed 1001 reads in 1.090 CPU sec, 0.144 real sec
298631 [main] INFO main.java.edu.mit.compbio.bisulfitehic.mapping.Bhmem  - Processing reads 755000 ...
298632 [main] INFO main.java.edu.mit.compbio.bisulfitehic.mapping.Bhmem  - Unique mapped and paired reads 751420 ...
298635 [main] INFO main.java.edu.mit.compbio.bisulfitehic.mapping.Bhmem  - Processing reads 756000 ...
298635 [main] INFO main.java.edu.mit.compbio.bisulfitehic.mapping.Bhmem  - Unique mapped and paired reads 751420 ...
[M::mem_process_seqs] Processed 1001 reads in 1.122 CPU sec, 0.144 real sec
[M::mem_process_seqs] Processed 1001 reads in 0.957 CPU sec, 0.121 real sec
[M::mem_process_seqs] Processed 1001 reads in 1.272 CPU sec, 0.171 real sec
[M::mem_process_seqs] Processed 1001 reads in 1.097 CPU sec, 0.140 real sec
299388 [main] INFO main.java.edu.mit.compbio.bisulfitehic.mapping.Bhmem  - Processing reads 757000 ...
299388 [main] INFO main.java.edu.mit.compbio.bisulfitehic.mapping.Bhmem  - Unique mapped and paired reads 753416 ...
299391 [main] INFO main.java.edu.mit.compbio.bisulfitehic.mapping.Bhmem  - Processing reads 758000 ...
299391 [main] INFO main.java.edu.mit.compbio.bisulfitehic.mapping.Bhmem  - Unique mapped and paired reads 753416 ...
[M::mem_process_seqs] Processed 1001 reads in 1.204 CPU sec, 0.156 real sec
[M::mem_process_seqs] Processed 1001 reads in 0.965 CPU sec, 0.123 real sec
[M::mem_process_seqs] Processed 1001 reads in 1.249 CPU sec, 0.158 real sec
[M::mem_process_seqs] Processed 1001 reads in 1.094 CPU sec, 0.141 real sec
300145 [main] INFO main.java.edu.mit.compbio.bisulfitehic.mapping.Bhmem  - Processing reads 759000 ...
300145 [main] INFO main.java.edu.mit.compbio.bisulfitehic.mapping.Bhmem  - Unique mapped and paired reads 755412 ...
300148 [main] INFO main.java.edu.mit.compbio.bisulfitehic.mapping.Bhmem  - Processing reads 760000 ...
300148 [main] INFO main.java.edu.mit.compbio.bisulfitehic.mapping.Bhmem  - Unique mapped and paired reads 755412 ...
[M::mem_process_seqs] Processed 1001 reads in 1.171 CPU sec, 0.149 real sec
[M::mem_process_seqs] Processed 1001 reads in 0.964 CPU sec, 0.123 real sec
[M::mem_process_seqs] Processed 1001 reads in 1.350 CPU sec, 0.171 real sec
[M::mem_process_seqs] Processed 1001 reads in 1.075 CPU sec, 0.139 real sec
300909 [main] INFO main.java.edu.mit.compbio.bisulfitehic.mapping.Bhmem  - Processing reads 761000 ...
300909 [main] INFO main.java.edu.mit.compbio.bisulfitehic.mapping.Bhmem  - Unique mapped and paired reads 757406 ...
300912 [main] INFO main.java.edu.mit.compbio.bisulfitehic.mapping.Bhmem  - Processing reads 762000 ...
300912 [main] INFO main.java.edu.mit.compbio.bisulfitehic.mapping.Bhmem  - Unique mapped and paired reads 757406 ...
[M::mem_process_seqs] Processed 1001 reads in 1.125 CPU sec, 0.145 real sec
[M::mem_process_seqs] Processed 1001 reads in 0.888 CPU sec, 0.113 real sec
[M::mem_process_seqs] Processed 1001 reads in 1.222 CPU sec, 0.159 real sec
[M::mem_process_seqs] Processed 1001 reads in 1.036 CPU sec, 0.132 real sec
301632 [main] INFO main.java.edu.mit.compbio.bisulfitehic.mapping.Bhmem  - Processing reads 763000 ...
301632 [main] INFO main.java.edu.mit.compbio.bisulfitehic.mapping.Bhmem  - Unique mapped and paired reads 759398 ...
301635 [main] INFO main.java.edu.mit.compbio.bisulfitehic.mapping.Bhmem  - Processing reads 764000 ...
301635 [main] INFO main.java.edu.mit.compbio.bisulfitehic.mapping.Bhmem  - Unique mapped and paired reads 759398 ...
[M::mem_process_seqs] Processed 1001 reads in 1.161 CPU sec, 0.147 real sec
[M::mem_process_seqs] Processed 1001 reads in 0.937 CPU sec, 0.121 real sec
[M::mem_process_seqs] Processed 1001 reads in 1.202 CPU sec, 0.155 real sec
[M::mem_process_seqs] Processed 1001 reads in 1.127 CPU sec, 0.142 real sec
302379 [main] INFO main.java.edu.mit.compbio.bisulfitehic.mapping.Bhmem  - Processing reads 765000 ...
302379 [main] INFO main.java.edu.mit.compbio.bisulfitehic.mapping.Bhmem  - Unique mapped and paired reads 761382 ...
302382 [main] INFO main.java.edu.mit.compbio.bisulfitehic.mapping.Bhmem  - Processing reads 766000 ...
302382 [main] INFO main.java.edu.mit.compbio.bisulfitehic.mapping.Bhmem  - Unique mapped and paired reads 761382 ...
[M::mem_process_seqs] Processed 1001 reads in 1.232 CPU sec, 0.156 real sec
[M::mem_process_seqs] Processed 1001 reads in 0.988 CPU sec, 0.125 real sec
[M::mem_process_seqs] Processed 1001 reads in 1.175 CPU sec, 0.150 real sec
[M::mem_process_seqs] Processed 1001 reads in 1.003 CPU sec, 0.126 real sec
303126 [main] INFO main.java.edu.mit.compbio.bisulfitehic.mapping.Bhmem  - Processing reads 767000 ...
303126 [main] INFO main.java.edu.mit.compbio.bisulfitehic.mapping.Bhmem  - Unique mapped and paired reads 763378 ...
303129 [main] INFO main.java.edu.mit.compbio.bisulfitehic.mapping.Bhmem  - Processing reads 768000 ...
303129 [main] INFO main.java.edu.mit.compbio.bisulfitehic.mapping.Bhmem  - Unique mapped and paired reads 763378 ...
[M::mem_process_seqs] Processed 1001 reads in 1.394 CPU sec, 0.177 real sec
[M::mem_process_seqs] Processed 1001 reads in 1.150 CPU sec, 0.145 real sec
[M::mem_process_seqs] Processed 1001 reads in 1.039 CPU sec, 0.132 real sec
[M::mem_process_seqs] Processed 1001 reads in 0.882 CPU sec, 0.113 real sec
303971 [main] INFO main.java.edu.mit.compbio.bisulfitehic.mapping.Bhmem  - Processing reads 769000 ...
303971 [main] INFO main.java.edu.mit.compbio.bisulfitehic.mapping.Bhmem  - Unique mapped and paired reads 765364 ...
303974 [main] INFO main.java.edu.mit.compbio.bisulfitehic.mapping.Bhmem  - Processing reads 770000 ...
303974 [main] INFO main.java.edu.mit.compbio.bisulfitehic.mapping.Bhmem  - Unique mapped and paired reads 765364 ...
[M::mem_process_seqs] Processed 1001 reads in 1.351 CPU sec, 0.171 real sec
[M::mem_process_seqs] Processed 1001 reads in 1.129 CPU sec, 0.144 real sec
[M::mem_process_seqs] Processed 1001 reads in 1.031 CPU sec, 0.131 real sec
[M::mem_process_seqs] Processed 1001 reads in 0.928 CPU sec, 0.118 real sec
304803 [main] INFO main.java.edu.mit.compbio.bisulfitehic.mapping.Bhmem  - Processing reads 771000 ...
304803 [main] INFO main.java.edu.mit.compbio.bisulfitehic.mapping.Bhmem  - Unique mapped and paired reads 767346 ...
304807 [main] INFO main.java.edu.mit.compbio.bisulfitehic.mapping.Bhmem  - Processing reads 772000 ...
304807 [main] INFO main.java.edu.mit.compbio.bisulfitehic.mapping.Bhmem  - Unique mapped and paired reads 767346 ...
[M::mem_process_seqs] Processed 1001 reads in 1.390 CPU sec, 0.175 real sec
[M::mem_process_seqs] Processed 1001 reads in 1.184 CPU sec, 0.151 real sec
[M::mem_process_seqs] Processed 1001 reads in 1.126 CPU sec, 0.143 real sec
[M::mem_process_seqs] Processed 1001 reads in 0.923 CPU sec, 0.117 real sec
305646 [main] INFO main.java.edu.mit.compbio.bisulfitehic.mapping.Bhmem  - Processing reads 773000 ...
305646 [main] INFO main.java.edu.mit.compbio.bisulfitehic.mapping.Bhmem  - Unique mapped and paired reads 769334 ...
305649 [main] INFO main.java.edu.mit.compbio.bisulfitehic.mapping.Bhmem  - Processing reads 774000 ...
305649 [main] INFO main.java.edu.mit.compbio.bisulfitehic.mapping.Bhmem  - Unique mapped and paired reads 769334 ...
[M::mem_process_seqs] Processed 1001 reads in 1.302 CPU sec, 0.166 real sec
[M::mem_process_seqs] Processed 1001 reads in 1.053 CPU sec, 0.135 real sec
[M::mem_process_seqs] Processed 1001 reads in 1.158 CPU sec, 0.147 real sec
[M::mem_process_seqs] Processed 1001 reads in 0.913 CPU sec, 0.118 real sec
306432 [main] INFO main.java.edu.mit.compbio.bisulfitehic.mapping.Bhmem  - Processing reads 775000 ...
306432 [main] INFO main.java.edu.mit.compbio.bisulfitehic.mapping.Bhmem  - Unique mapped and paired reads 771320 ...
306435 [main] INFO main.java.edu.mit.compbio.bisulfitehic.mapping.Bhmem  - Processing reads 776000 ...
306435 [main] INFO main.java.edu.mit.compbio.bisulfitehic.mapping.Bhmem  - Unique mapped and paired reads 771320 ...
[M::mem_process_seqs] Processed 1001 reads in 1.154 CPU sec, 0.146 real sec
[M::mem_process_seqs] Processed 1001 reads in 0.854 CPU sec, 0.111 real sec
[M::mem_process_seqs] Processed 1001 reads in 1.220 CPU sec, 0.156 real sec
[M::mem_process_seqs] Processed 1001 reads in 1.019 CPU sec, 0.129 real sec
307164 [main] INFO main.java.edu.mit.compbio.bisulfitehic.mapping.Bhmem  - Processing reads 777000 ...
307164 [main] INFO main.java.edu.mit.compbio.bisulfitehic.mapping.Bhmem  - Unique mapped and paired reads 773308 ...
307167 [main] INFO main.java.edu.mit.compbio.bisulfitehic.mapping.Bhmem  - Processing reads 778000 ...
307167 [main] INFO main.java.edu.mit.compbio.bisulfitehic.mapping.Bhmem  - Unique mapped and paired reads 773308 ...
[M::mem_process_seqs] Processed 1001 reads in 1.062 CPU sec, 0.135 real sec
[M::mem_process_seqs] Processed 1001 reads in 0.920 CPU sec, 0.118 real sec
[M::mem_process_seqs] Processed 1001 reads in 1.138 CPU sec, 0.143 real sec
[M::mem_process_seqs] Processed 1001 reads in 1.087 CPU sec, 0.137 real sec
307876 [main] INFO main.java.edu.mit.compbio.bisulfitehic.mapping.Bhmem  - Processing reads 779000 ...
307876 [main] INFO main.java.edu.mit.compbio.bisulfitehic.mapping.Bhmem  - Unique mapped and paired reads 775302 ...
307879 [main] INFO main.java.edu.mit.compbio.bisulfitehic.mapping.Bhmem  - Processing reads 780000 ...
307879 [main] INFO main.java.edu.mit.compbio.bisulfitehic.mapping.Bhmem  - Unique mapped and paired reads 775302 ...
[M::mem_process_seqs] Processed 1001 reads in 1.093 CPU sec, 0.139 real sec
[M::mem_process_seqs] Processed 1001 reads in 0.949 CPU sec, 0.127 real sec
[M::mem_process_seqs] Processed 1001 reads in 1.194 CPU sec, 0.151 real sec
[M::mem_process_seqs] Processed 1001 reads in 1.088 CPU sec, 0.139 real sec
308614 [main] INFO main.java.edu.mit.compbio.bisulfitehic.mapping.Bhmem  - Processing reads 781000 ...
308614 [main] INFO main.java.edu.mit.compbio.bisulfitehic.mapping.Bhmem  - Unique mapped and paired reads 777296 ...
308617 [main] INFO main.java.edu.mit.compbio.bisulfitehic.mapping.Bhmem  - Processing reads 782000 ...
308617 [main] INFO main.java.edu.mit.compbio.bisulfitehic.mapping.Bhmem  - Unique mapped and paired reads 777296 ...
[M::mem_process_seqs] Processed 1001 reads in 1.176 CPU sec, 0.150 real sec
[M::mem_process_seqs] Processed 1001 reads in 0.896 CPU sec, 0.114 real sec
[M::mem_process_seqs] Processed 1001 reads in 1.320 CPU sec, 0.167 real sec
[M::mem_process_seqs] Processed 1001 reads in 1.086 CPU sec, 0.141 real sec
309368 [main] INFO main.java.edu.mit.compbio.bisulfitehic.mapping.Bhmem  - Processing reads 783000 ...
309368 [main] INFO main.java.edu.mit.compbio.bisulfitehic.mapping.Bhmem  - Unique mapped and paired reads 779288 ...
309371 [main] INFO main.java.edu.mit.compbio.bisulfitehic.mapping.Bhmem  - Processing reads 784000 ...
309371 [main] INFO main.java.edu.mit.compbio.bisulfitehic.mapping.Bhmem  - Unique mapped and paired reads 779288 ...
[M::mem_process_seqs] Processed 1001 reads in 1.093 CPU sec, 0.139 real sec
[M::mem_process_seqs] Processed 1001 reads in 0.853 CPU sec, 0.109 real sec
[M::mem_process_seqs] Processed 1001 reads in 1.185 CPU sec, 0.156 real sec
[M::mem_process_seqs] Processed 1001 reads in 1.012 CPU sec, 0.132 real sec
310103 [main] INFO main.java.edu.mit.compbio.bisulfitehic.mapping.Bhmem  - Processing reads 785000 ...
310103 [main] INFO main.java.edu.mit.compbio.bisulfitehic.mapping.Bhmem  - Unique mapped and paired reads 781274 ...
310106 [main] INFO main.java.edu.mit.compbio.bisulfitehic.mapping.Bhmem  - Processing reads 786000 ...
310106 [main] INFO main.java.edu.mit.compbio.bisulfitehic.mapping.Bhmem  - Unique mapped and paired reads 781274 ...
[M::mem_process_seqs] Processed 1001 reads in 1.137 CPU sec, 0.151 real sec
[M::mem_process_seqs] Processed 1001 reads in 0.906 CPU sec, 0.124 real sec
[M::mem_process_seqs] Processed 1001 reads in 1.292 CPU sec, 0.168 real sec
[M::mem_process_seqs] Processed 1001 reads in 1.066 CPU sec, 0.135 real sec
310863 [main] INFO main.java.edu.mit.compbio.bisulfitehic.mapping.Bhmem  - Processing reads 787000 ...
310863 [main] INFO main.java.edu.mit.compbio.bisulfitehic.mapping.Bhmem  - Unique mapped and paired reads 783262 ...
310866 [main] INFO main.java.edu.mit.compbio.bisulfitehic.mapping.Bhmem  - Processing reads 788000 ...
310866 [main] INFO main.java.edu.mit.compbio.bisulfitehic.mapping.Bhmem  - Unique mapped and paired reads 783262 ...
[M::mem_process_seqs] Processed 1001 reads in 1.171 CPU sec, 0.149 real sec
[M::mem_process_seqs] Processed 1001 reads in 0.995 CPU sec, 0.127 real sec
[M::mem_process_seqs] Processed 1001 reads in 1.239 CPU sec, 0.157 real sec
[M::mem_process_seqs] Processed 1001 reads in 1.110 CPU sec, 0.143 real sec
311621 [main] INFO main.java.edu.mit.compbio.bisulfitehic.mapping.Bhmem  - Processing reads 789000 ...
311621 [main] INFO main.java.edu.mit.compbio.bisulfitehic.mapping.Bhmem  - Unique mapped and paired reads 785258 ...
311624 [main] INFO main.java.edu.mit.compbio.bisulfitehic.mapping.Bhmem  - Processing reads 790000 ...
311624 [main] INFO main.java.edu.mit.compbio.bisulfitehic.mapping.Bhmem  - Unique mapped and paired reads 785258 ...
[M::mem_process_seqs] Processed 1001 reads in 1.136 CPU sec, 0.145 real sec
[M::mem_process_seqs] Processed 1001 reads in 0.930 CPU sec, 0.123 real sec
[M::mem_process_seqs] Processed 1001 reads in 1.231 CPU sec, 0.162 real sec
[M::mem_process_seqs] Processed 1001 reads in 1.135 CPU sec, 0.150 real sec
312376 [main] INFO main.java.edu.mit.compbio.bisulfitehic.mapping.Bhmem  - Processing reads 791000 ...
312376 [main] INFO main.java.edu.mit.compbio.bisulfitehic.mapping.Bhmem  - Unique mapped and paired reads 787248 ...
312379 [main] INFO main.java.edu.mit.compbio.bisulfitehic.mapping.Bhmem  - Processing reads 792000 ...
312379 [main] INFO main.java.edu.mit.compbio.bisulfitehic.mapping.Bhmem  - Unique mapped and paired reads 787248 ...
[M::mem_process_seqs] Processed 1001 reads in 1.167 CPU sec, 0.147 real sec
[M::mem_process_seqs] Processed 1001 reads in 1.009 CPU sec, 0.128 real sec
[M::mem_process_seqs] Processed 1001 reads in 1.192 CPU sec, 0.151 real sec
[M::mem_process_seqs] Processed 1001 reads in 1.114 CPU sec, 0.142 real sec
313142 [main] INFO main.java.edu.mit.compbio.bisulfitehic.mapping.Bhmem  - Processing reads 793000 ...
313142 [main] INFO main.java.edu.mit.compbio.bisulfitehic.mapping.Bhmem  - Unique mapped and paired reads 789246 ...
313145 [main] INFO main.java.edu.mit.compbio.bisulfitehic.mapping.Bhmem  - Processing reads 794000 ...
313145 [main] INFO main.java.edu.mit.compbio.bisulfitehic.mapping.Bhmem  - Unique mapped and paired reads 789246 ...
[M::mem_process_seqs] Processed 1001 reads in 1.128 CPU sec, 0.145 real sec
[M::mem_process_seqs] Processed 1001 reads in 0.929 CPU sec, 0.118 real sec
[M::mem_process_seqs] Processed 1001 reads in 1.204 CPU sec, 0.153 real sec
[M::mem_process_seqs] Processed 1001 reads in 1.040 CPU sec, 0.132 real sec
313864 [main] INFO main.java.edu.mit.compbio.bisulfitehic.mapping.Bhmem  - Processing reads 795000 ...
313864 [main] INFO main.java.edu.mit.compbio.bisulfitehic.mapping.Bhmem  - Unique mapped and paired reads 791236 ...
313867 [main] INFO main.java.edu.mit.compbio.bisulfitehic.mapping.Bhmem  - Processing reads 796000 ...
313867 [main] INFO main.java.edu.mit.compbio.bisulfitehic.mapping.Bhmem  - Unique mapped and paired reads 791236 ...
[M::mem_process_seqs] Processed 1001 reads in 1.113 CPU sec, 0.142 real sec
[M::mem_process_seqs] Processed 1001 reads in 0.868 CPU sec, 0.111 real sec
[M::mem_process_seqs] Processed 1001 reads in 1.235 CPU sec, 0.169 real sec
[M::mem_process_seqs] Processed 1001 reads in 1.036 CPU sec, 0.131 real sec
314613 [main] INFO main.java.edu.mit.compbio.bisulfitehic.mapping.Bhmem  - Processing reads 797000 ...
314613 [main] INFO main.java.edu.mit.compbio.bisulfitehic.mapping.Bhmem  - Unique mapped and paired reads 793226 ...
314616 [main] INFO main.java.edu.mit.compbio.bisulfitehic.mapping.Bhmem  - Processing reads 798000 ...
314616 [main] INFO main.java.edu.mit.compbio.bisulfitehic.mapping.Bhmem  - Unique mapped and paired reads 793226 ...
[M::mem_process_seqs] Processed 1001 reads in 1.156 CPU sec, 0.147 real sec
[M::mem_process_seqs] Processed 1001 reads in 0.879 CPU sec, 0.111 real sec
[M::mem_process_seqs] Processed 1001 reads in 1.313 CPU sec, 0.167 real sec
[M::mem_process_seqs] Processed 1001 reads in 1.046 CPU sec, 0.133 real sec
315348 [main] INFO main.java.edu.mit.compbio.bisulfitehic.mapping.Bhmem  - Processing reads 799000 ...
315348 [main] INFO main.java.edu.mit.compbio.bisulfitehic.mapping.Bhmem  - Unique mapped and paired reads 795216 ...
315351 [main] INFO main.java.edu.mit.compbio.bisulfitehic.mapping.Bhmem  - Processing reads 800000 ...
315351 [main] INFO main.java.edu.mit.compbio.bisulfitehic.mapping.Bhmem  - Unique mapped and paired reads 795216 ...
[M::mem_process_seqs] Processed 1001 reads in 1.156 CPU sec, 0.152 real sec
[M::mem_process_seqs] Processed 1001 reads in 0.964 CPU sec, 0.130 real sec
[M::mem_process_seqs] Processed 1001 reads in 1.298 CPU sec, 0.168 real sec
[M::mem_process_seqs] Processed 1001 reads in 1.189 CPU sec, 0.151 real sec
316143 [main] INFO main.java.edu.mit.compbio.bisulfitehic.mapping.Bhmem  - Processing reads 801000 ...
316143 [main] INFO main.java.edu.mit.compbio.bisulfitehic.mapping.Bhmem  - Unique mapped and paired reads 797210 ...
316146 [main] INFO main.java.edu.mit.compbio.bisulfitehic.mapping.Bhmem  - Processing reads 802000 ...
316146 [main] INFO main.java.edu.mit.compbio.bisulfitehic.mapping.Bhmem  - Unique mapped and paired reads 797210 ...
[M::mem_process_seqs] Processed 1001 reads in 1.019 CPU sec, 0.134 real sec
[M::mem_process_seqs] Processed 1001 reads in 0.960 CPU sec, 0.122 real sec
[M::mem_process_seqs] Processed 1001 reads in 1.179 CPU sec, 0.151 real sec
[M::mem_process_seqs] Processed 1001 reads in 1.073 CPU sec, 0.137 real sec
316870 [main] INFO main.java.edu.mit.compbio.bisulfitehic.mapping.Bhmem  - Processing reads 803000 ...
316871 [main] INFO main.java.edu.mit.compbio.bisulfitehic.mapping.Bhmem  - Unique mapped and paired reads 799202 ...
316874 [main] INFO main.java.edu.mit.compbio.bisulfitehic.mapping.Bhmem  - Processing reads 804000 ...
316874 [main] INFO main.java.edu.mit.compbio.bisulfitehic.mapping.Bhmem  - Unique mapped and paired reads 799202 ...
[M::mem_process_seqs] Processed 1001 reads in 1.124 CPU sec, 0.143 real sec
[M::mem_process_seqs] Processed 1001 reads in 0.944 CPU sec, 0.121 real sec
[M::mem_process_seqs] Processed 1001 reads in 1.171 CPU sec, 0.150 real sec
[M::mem_process_seqs] Processed 1001 reads in 1.026 CPU sec, 0.132 real sec
317596 [main] INFO main.java.edu.mit.compbio.bisulfitehic.mapping.Bhmem  - Processing reads 805000 ...
317596 [main] INFO main.java.edu.mit.compbio.bisulfitehic.mapping.Bhmem  - Unique mapped and paired reads 801188 ...
317599 [main] INFO main.java.edu.mit.compbio.bisulfitehic.mapping.Bhmem  - Processing reads 806000 ...
317599 [main] INFO main.java.edu.mit.compbio.bisulfitehic.mapping.Bhmem  - Unique mapped and paired reads 801188 ...
[M::mem_process_seqs] Processed 1001 reads in 1.130 CPU sec, 0.146 real sec
[M::mem_process_seqs] Processed 1001 reads in 0.964 CPU sec, 0.124 real sec
[M::mem_process_seqs] Processed 1001 reads in 1.260 CPU sec, 0.171 real sec
[M::mem_process_seqs] Processed 1001 reads in 1.107 CPU sec, 0.141 real sec
318365 [main] INFO main.java.edu.mit.compbio.bisulfitehic.mapping.Bhmem  - Processing reads 807000 ...
318365 [main] INFO main.java.edu.mit.compbio.bisulfitehic.mapping.Bhmem  - Unique mapped and paired reads 803182 ...
318368 [main] INFO main.java.edu.mit.compbio.bisulfitehic.mapping.Bhmem  - Processing reads 808000 ...
318368 [main] INFO main.java.edu.mit.compbio.bisulfitehic.mapping.Bhmem  - Unique mapped and paired reads 803182 ...
[M::mem_process_seqs] Processed 1001 reads in 1.227 CPU sec, 0.159 real sec
[M::mem_process_seqs] Processed 1001 reads in 0.975 CPU sec, 0.124 real sec
[M::mem_process_seqs] Processed 1001 reads in 1.240 CPU sec, 0.157 real sec
[M::mem_process_seqs] Processed 1001 reads in 1.108 CPU sec, 0.148 real sec
319139 [main] INFO main.java.edu.mit.compbio.bisulfitehic.mapping.Bhmem  - Processing reads 809000 ...
319139 [main] INFO main.java.edu.mit.compbio.bisulfitehic.mapping.Bhmem  - Unique mapped and paired reads 805180 ...
319142 [main] INFO main.java.edu.mit.compbio.bisulfitehic.mapping.Bhmem  - Processing reads 810000 ...
319142 [main] INFO main.java.edu.mit.compbio.bisulfitehic.mapping.Bhmem  - Unique mapped and paired reads 805180 ...
[M::mem_process_seqs] Processed 1001 reads in 1.141 CPU sec, 0.146 real sec
[M::mem_process_seqs] Processed 1001 reads in 0.955 CPU sec, 0.121 real sec
[M::mem_process_seqs] Processed 1001 reads in 1.187 CPU sec, 0.153 real sec
[M::mem_process_seqs] Processed 1001 reads in 1.098 CPU sec, 0.152 real sec
319890 [main] INFO main.java.edu.mit.compbio.bisulfitehic.mapping.Bhmem  - Processing reads 811000 ...
319890 [main] INFO main.java.edu.mit.compbio.bisulfitehic.mapping.Bhmem  - Unique mapped and paired reads 807170 ...
319893 [main] INFO main.java.edu.mit.compbio.bisulfitehic.mapping.Bhmem  - Processing reads 812000 ...
319893 [main] INFO main.java.edu.mit.compbio.bisulfitehic.mapping.Bhmem  - Unique mapped and paired reads 807170 ...
[M::mem_process_seqs] Processed 1001 reads in 1.153 CPU sec, 0.148 real sec
[M::mem_process_seqs] Processed 1001 reads in 1.045 CPU sec, 0.143 real sec
[M::mem_process_seqs] Processed 1001 reads in 1.350 CPU sec, 0.173 real sec
[M::mem_process_seqs] Processed 1001 reads in 1.105 CPU sec, 0.143 real sec
320678 [main] INFO main.java.edu.mit.compbio.bisulfitehic.mapping.Bhmem  - Processing reads 813000 ...
320678 [main] INFO main.java.edu.mit.compbio.bisulfitehic.mapping.Bhmem  - Unique mapped and paired reads 809170 ...
320681 [main] INFO main.java.edu.mit.compbio.bisulfitehic.mapping.Bhmem  - Processing reads 814000 ...
320681 [main] INFO main.java.edu.mit.compbio.bisulfitehic.mapping.Bhmem  - Unique mapped and paired reads 809170 ...
[M::mem_process_seqs] Processed 1001 reads in 1.283 CPU sec, 0.163 real sec
[M::mem_process_seqs] Processed 1001 reads in 0.935 CPU sec, 0.118 real sec
[M::mem_process_seqs] Processed 1001 reads in 1.259 CPU sec, 0.159 real sec
[M::mem_process_seqs] Processed 1001 reads in 1.074 CPU sec, 0.137 real sec
321433 [main] INFO main.java.edu.mit.compbio.bisulfitehic.mapping.Bhmem  - Processing reads 815000 ...
321433 [main] INFO main.java.edu.mit.compbio.bisulfitehic.mapping.Bhmem  - Unique mapped and paired reads 811162 ...
321436 [main] INFO main.java.edu.mit.compbio.bisulfitehic.mapping.Bhmem  - Processing reads 816000 ...
321436 [main] INFO main.java.edu.mit.compbio.bisulfitehic.mapping.Bhmem  - Unique mapped and paired reads 811162 ...
[M::mem_process_seqs] Processed 1001 reads in 1.214 CPU sec, 0.155 real sec
[M::mem_process_seqs] Processed 1001 reads in 0.929 CPU sec, 0.117 real sec
[M::mem_process_seqs] Processed 1001 reads in 1.341 CPU sec, 0.170 real sec
[M::mem_process_seqs] Processed 1001 reads in 1.118 CPU sec, 0.141 real sec
322202 [main] INFO main.java.edu.mit.compbio.bisulfitehic.mapping.Bhmem  - Processing reads 817000 ...
322202 [main] INFO main.java.edu.mit.compbio.bisulfitehic.mapping.Bhmem  - Unique mapped and paired reads 813158 ...
322205 [main] INFO main.java.edu.mit.compbio.bisulfitehic.mapping.Bhmem  - Processing reads 818000 ...
322205 [main] INFO main.java.edu.mit.compbio.bisulfitehic.mapping.Bhmem  - Unique mapped and paired reads 813158 ...
[M::mem_process_seqs] Processed 1001 reads in 1.146 CPU sec, 0.148 real sec
[M::mem_process_seqs] Processed 1001 reads in 1.008 CPU sec, 0.130 real sec
[M::mem_process_seqs] Processed 1001 reads in 1.313 CPU sec, 0.170 real sec
[M::mem_process_seqs] Processed 1001 reads in 1.091 CPU sec, 0.140 real sec
322982 [main] INFO main.java.edu.mit.compbio.bisulfitehic.mapping.Bhmem  - Processing reads 819000 ...
322982 [main] INFO main.java.edu.mit.compbio.bisulfitehic.mapping.Bhmem  - Unique mapped and paired reads 815154 ...
322985 [main] INFO main.java.edu.mit.compbio.bisulfitehic.mapping.Bhmem  - Processing reads 820000 ...
322985 [main] INFO main.java.edu.mit.compbio.bisulfitehic.mapping.Bhmem  - Unique mapped and paired reads 815154 ...
[M::mem_process_seqs] Processed 1001 reads in 1.129 CPU sec, 0.146 real sec
[M::mem_process_seqs] Processed 1001 reads in 0.921 CPU sec, 0.121 real sec
[M::mem_process_seqs] Processed 1001 reads in 1.256 CPU sec, 0.162 real sec
[M::mem_process_seqs] Processed 1001 reads in 1.076 CPU sec, 0.138 real sec
323724 [main] INFO main.java.edu.mit.compbio.bisulfitehic.mapping.Bhmem  - Processing reads 821000 ...
323724 [main] INFO main.java.edu.mit.compbio.bisulfitehic.mapping.Bhmem  - Unique mapped and paired reads 817142 ...
323727 [main] INFO main.java.edu.mit.compbio.bisulfitehic.mapping.Bhmem  - Processing reads 822000 ...
323727 [main] INFO main.java.edu.mit.compbio.bisulfitehic.mapping.Bhmem  - Unique mapped and paired reads 817142 ...
[M::mem_process_seqs] Processed 1001 reads in 1.180 CPU sec, 0.158 real sec
[M::mem_process_seqs] Processed 1001 reads in 0.954 CPU sec, 0.121 real sec
[M::mem_process_seqs] Processed 1001 reads in 1.290 CPU sec, 0.173 real sec
[M::mem_process_seqs] Processed 1001 reads in 1.179 CPU sec, 0.161 real sec
324525 [main] INFO main.java.edu.mit.compbio.bisulfitehic.mapping.Bhmem  - Processing reads 823000 ...
324525 [main] INFO main.java.edu.mit.compbio.bisulfitehic.mapping.Bhmem  - Unique mapped and paired reads 819128 ...
324528 [main] INFO main.java.edu.mit.compbio.bisulfitehic.mapping.Bhmem  - Processing reads 824000 ...
324528 [main] INFO main.java.edu.mit.compbio.bisulfitehic.mapping.Bhmem  - Unique mapped and paired reads 819128 ...
[M::mem_process_seqs] Processed 1001 reads in 1.173 CPU sec, 0.155 real sec
[M::mem_process_seqs] Processed 1001 reads in 1.028 CPU sec, 0.131 real sec
[M::mem_process_seqs] Processed 1001 reads in 1.183 CPU sec, 0.154 real sec
[M::mem_process_seqs] Processed 1001 reads in 1.107 CPU sec, 0.140 real sec
325286 [main] INFO main.java.edu.mit.compbio.bisulfitehic.mapping.Bhmem  - Processing reads 825000 ...
325286 [main] INFO main.java.edu.mit.compbio.bisulfitehic.mapping.Bhmem  - Unique mapped and paired reads 821124 ...
325289 [main] INFO main.java.edu.mit.compbio.bisulfitehic.mapping.Bhmem  - Processing reads 826000 ...
325290 [main] INFO main.java.edu.mit.compbio.bisulfitehic.mapping.Bhmem  - Unique mapped and paired reads 821124 ...
[M::mem_process_seqs] Processed 1001 reads in 1.204 CPU sec, 0.154 real sec
[M::mem_process_seqs] Processed 1001 reads in 1.025 CPU sec, 0.131 real sec
[M::mem_process_seqs] Processed 1001 reads in 1.224 CPU sec, 0.157 real sec
[M::mem_process_seqs] Processed 1001 reads in 1.086 CPU sec, 0.138 real sec
326053 [main] INFO main.java.edu.mit.compbio.bisulfitehic.mapping.Bhmem  - Processing reads 827000 ...
326053 [main] INFO main.java.edu.mit.compbio.bisulfitehic.mapping.Bhmem  - Unique mapped and paired reads 823112 ...
326056 [main] INFO main.java.edu.mit.compbio.bisulfitehic.mapping.Bhmem  - Processing reads 828000 ...
326056 [main] INFO main.java.edu.mit.compbio.bisulfitehic.mapping.Bhmem  - Unique mapped and paired reads 823112 ...
[M::mem_process_seqs] Processed 1001 reads in 1.162 CPU sec, 0.148 real sec
[M::mem_process_seqs] Processed 1001 reads in 0.904 CPU sec, 0.118 real sec
[M::mem_process_seqs] Processed 1001 reads in 1.218 CPU sec, 0.154 real sec
[M::mem_process_seqs] Processed 1001 reads in 1.047 CPU sec, 0.133 real sec
326783 [main] INFO main.java.edu.mit.compbio.bisulfitehic.mapping.Bhmem  - Processing reads 829000 ...
326783 [main] INFO main.java.edu.mit.compbio.bisulfitehic.mapping.Bhmem  - Unique mapped and paired reads 825106 ...
326786 [main] INFO main.java.edu.mit.compbio.bisulfitehic.mapping.Bhmem  - Processing reads 830000 ...
326786 [main] INFO main.java.edu.mit.compbio.bisulfitehic.mapping.Bhmem  - Unique mapped and paired reads 825106 ...
[M::mem_process_seqs] Processed 1001 reads in 1.102 CPU sec, 0.141 real sec
[M::mem_process_seqs] Processed 1001 reads in 0.998 CPU sec, 0.138 real sec
[M::mem_process_seqs] Processed 1001 reads in 1.236 CPU sec, 0.158 real sec
[M::mem_process_seqs] Processed 1001 reads in 1.169 CPU sec, 0.154 real sec
327577 [main] INFO main.java.edu.mit.compbio.bisulfitehic.mapping.Bhmem  - Processing reads 831000 ...
327577 [main] INFO main.java.edu.mit.compbio.bisulfitehic.mapping.Bhmem  - Unique mapped and paired reads 827096 ...
327580 [main] INFO main.java.edu.mit.compbio.bisulfitehic.mapping.Bhmem  - Processing reads 832000 ...
327581 [main] INFO main.java.edu.mit.compbio.bisulfitehic.mapping.Bhmem  - Unique mapped and paired reads 827096 ...
[M::mem_process_seqs] Processed 1001 reads in 1.128 CPU sec, 0.144 real sec
[M::mem_process_seqs] Processed 1001 reads in 0.909 CPU sec, 0.116 real sec
[M::mem_process_seqs] Processed 1001 reads in 1.302 CPU sec, 0.165 real sec
[M::mem_process_seqs] Processed 1001 reads in 1.094 CPU sec, 0.142 real sec
328326 [main] INFO main.java.edu.mit.compbio.bisulfitehic.mapping.Bhmem  - Processing reads 833000 ...
328326 [main] INFO main.java.edu.mit.compbio.bisulfitehic.mapping.Bhmem  - Unique mapped and paired reads 829092 ...
328329 [main] INFO main.java.edu.mit.compbio.bisulfitehic.mapping.Bhmem  - Processing reads 834000 ...
328329 [main] INFO main.java.edu.mit.compbio.bisulfitehic.mapping.Bhmem  - Unique mapped and paired reads 829092 ...
[M::mem_process_seqs] Processed 1001 reads in 1.225 CPU sec, 0.155 real sec
[M::mem_process_seqs] Processed 1001 reads in 0.921 CPU sec, 0.118 real sec
[M::mem_process_seqs] Processed 1001 reads in 1.270 CPU sec, 0.160 real sec
[M::mem_process_seqs] Processed 1001 reads in 1.064 CPU sec, 0.136 real sec
329078 [main] INFO main.java.edu.mit.compbio.bisulfitehic.mapping.Bhmem  - Processing reads 835000 ...
329078 [main] INFO main.java.edu.mit.compbio.bisulfitehic.mapping.Bhmem  - Unique mapped and paired reads 831080 ...
329081 [main] INFO main.java.edu.mit.compbio.bisulfitehic.mapping.Bhmem  - Processing reads 836000 ...
329081 [main] INFO main.java.edu.mit.compbio.bisulfitehic.mapping.Bhmem  - Unique mapped and paired reads 831080 ...
[M::mem_process_seqs] Processed 1001 reads in 1.152 CPU sec, 0.147 real sec
[M::mem_process_seqs] Processed 1001 reads in 0.942 CPU sec, 0.122 real sec
[M::mem_process_seqs] Processed 1001 reads in 1.234 CPU sec, 0.158 real sec
[M::mem_process_seqs] Processed 1001 reads in 1.147 CPU sec, 0.150 real sec
329839 [main] INFO main.java.edu.mit.compbio.bisulfitehic.mapping.Bhmem  - Processing reads 837000 ...
329839 [main] INFO main.java.edu.mit.compbio.bisulfitehic.mapping.Bhmem  - Unique mapped and paired reads 833076 ...
329842 [main] INFO main.java.edu.mit.compbio.bisulfitehic.mapping.Bhmem  - Processing reads 838000 ...
329842 [main] INFO main.java.edu.mit.compbio.bisulfitehic.mapping.Bhmem  - Unique mapped and paired reads 833076 ...
[M::mem_process_seqs] Processed 1001 reads in 1.138 CPU sec, 0.144 real sec
[M::mem_process_seqs] Processed 1001 reads in 0.932 CPU sec, 0.122 real sec
[M::mem_process_seqs] Processed 1001 reads in 1.184 CPU sec, 0.151 real sec
[M::mem_process_seqs] Processed 1001 reads in 1.029 CPU sec, 0.132 real sec
330569 [main] INFO main.java.edu.mit.compbio.bisulfitehic.mapping.Bhmem  - Processing reads 839000 ...
330569 [main] INFO main.java.edu.mit.compbio.bisulfitehic.mapping.Bhmem  - Unique mapped and paired reads 835062 ...
330572 [main] INFO main.java.edu.mit.compbio.bisulfitehic.mapping.Bhmem  - Processing reads 840000 ...
330572 [main] INFO main.java.edu.mit.compbio.bisulfitehic.mapping.Bhmem  - Unique mapped and paired reads 835062 ...
[M::mem_process_seqs] Processed 1001 reads in 1.158 CPU sec, 0.149 real sec
[M::mem_process_seqs] Processed 1001 reads in 0.977 CPU sec, 0.125 real sec
[M::mem_process_seqs] Processed 1001 reads in 1.252 CPU sec, 0.159 real sec
[M::mem_process_seqs] Processed 1001 reads in 1.170 CPU sec, 0.149 real sec
331332 [main] INFO main.java.edu.mit.compbio.bisulfitehic.mapping.Bhmem  - Processing reads 841000 ...
331332 [main] INFO main.java.edu.mit.compbio.bisulfitehic.mapping.Bhmem  - Unique mapped and paired reads 837058 ...
331335 [main] INFO main.java.edu.mit.compbio.bisulfitehic.mapping.Bhmem  - Processing reads 842000 ...
331335 [main] INFO main.java.edu.mit.compbio.bisulfitehic.mapping.Bhmem  - Unique mapped and paired reads 837058 ...
[M::mem_process_seqs] Processed 1001 reads in 1.032 CPU sec, 0.132 real sec
[M::mem_process_seqs] Processed 1001 reads in 0.859 CPU sec, 0.110 real sec
[M::mem_process_seqs] Processed 1001 reads in 1.125 CPU sec, 0.142 real sec
[M::mem_process_seqs] Processed 1001 reads in 0.999 CPU sec, 0.129 real sec
332024 [main] INFO main.java.edu.mit.compbio.bisulfitehic.mapping.Bhmem  - Processing reads 843000 ...
332024 [main] INFO main.java.edu.mit.compbio.bisulfitehic.mapping.Bhmem  - Unique mapped and paired reads 839046 ...
332027 [main] INFO main.java.edu.mit.compbio.bisulfitehic.mapping.Bhmem  - Processing reads 844000 ...
332027 [main] INFO main.java.edu.mit.compbio.bisulfitehic.mapping.Bhmem  - Unique mapped and paired reads 839046 ...
[M::mem_process_seqs] Processed 1001 reads in 1.173 CPU sec, 0.149 real sec
[M::mem_process_seqs] Processed 1001 reads in 0.970 CPU sec, 0.124 real sec
[M::mem_process_seqs] Processed 1001 reads in 1.293 CPU sec, 0.176 real sec
[M::mem_process_seqs] Processed 1001 reads in 1.155 CPU sec, 0.150 real sec
332803 [main] INFO main.java.edu.mit.compbio.bisulfitehic.mapping.Bhmem  - Processing reads 845000 ...
332803 [main] INFO main.java.edu.mit.compbio.bisulfitehic.mapping.Bhmem  - Unique mapped and paired reads 841038 ...
332806 [main] INFO main.java.edu.mit.compbio.bisulfitehic.mapping.Bhmem  - Processing reads 846000 ...
332806 [main] INFO main.java.edu.mit.compbio.bisulfitehic.mapping.Bhmem  - Unique mapped and paired reads 841038 ...
[M::mem_process_seqs] Processed 1001 reads in 1.172 CPU sec, 0.151 real sec
[M::mem_process_seqs] Processed 1001 reads in 0.992 CPU sec, 0.129 real sec
[M::mem_process_seqs] Processed 1001 reads in 1.356 CPU sec, 0.172 real sec
[M::mem_process_seqs] Processed 1001 reads in 1.155 CPU sec, 0.149 real sec
333604 [main] INFO main.java.edu.mit.compbio.bisulfitehic.mapping.Bhmem  - Processing reads 847000 ...
333604 [main] INFO main.java.edu.mit.compbio.bisulfitehic.mapping.Bhmem  - Unique mapped and paired reads 843034 ...
333607 [main] INFO main.java.edu.mit.compbio.bisulfitehic.mapping.Bhmem  - Processing reads 848000 ...
333607 [main] INFO main.java.edu.mit.compbio.bisulfitehic.mapping.Bhmem  - Unique mapped and paired reads 843034 ...
[M::mem_process_seqs] Processed 1001 reads in 1.119 CPU sec, 0.149 real sec
[M::mem_process_seqs] Processed 1001 reads in 0.994 CPU sec, 0.126 real sec
[M::mem_process_seqs] Processed 1001 reads in 1.270 CPU sec, 0.161 real sec
[M::mem_process_seqs] Processed 1001 reads in 1.089 CPU sec, 0.137 real sec
334360 [main] INFO main.java.edu.mit.compbio.bisulfitehic.mapping.Bhmem  - Processing reads 849000 ...
334360 [main] INFO main.java.edu.mit.compbio.bisulfitehic.mapping.Bhmem  - Unique mapped and paired reads 845026 ...
334363 [main] INFO main.java.edu.mit.compbio.bisulfitehic.mapping.Bhmem  - Processing reads 850000 ...
334363 [main] INFO main.java.edu.mit.compbio.bisulfitehic.mapping.Bhmem  - Unique mapped and paired reads 845026 ...
[M::mem_process_seqs] Processed 1001 reads in 1.142 CPU sec, 0.145 real sec
[M::mem_process_seqs] Processed 1001 reads in 0.903 CPU sec, 0.114 real sec
[M::mem_process_seqs] Processed 1001 reads in 1.259 CPU sec, 0.167 real sec
[M::mem_process_seqs] Processed 1001 reads in 1.097 CPU sec, 0.141 real sec
335108 [main] INFO main.java.edu.mit.compbio.bisulfitehic.mapping.Bhmem  - Processing reads 851000 ...
335108 [main] INFO main.java.edu.mit.compbio.bisulfitehic.mapping.Bhmem  - Unique mapped and paired reads 847026 ...
335111 [main] INFO main.java.edu.mit.compbio.bisulfitehic.mapping.Bhmem  - Processing reads 852000 ...
335111 [main] INFO main.java.edu.mit.compbio.bisulfitehic.mapping.Bhmem  - Unique mapped and paired reads 847026 ...
[M::mem_process_seqs] Processed 1001 reads in 1.148 CPU sec, 0.151 real sec
[M::mem_process_seqs] Processed 1001 reads in 0.944 CPU sec, 0.120 real sec
[M::mem_process_seqs] Processed 1001 reads in 1.256 CPU sec, 0.160 real sec
[M::mem_process_seqs] Processed 1001 reads in 1.110 CPU sec, 0.141 real sec
335862 [main] INFO main.java.edu.mit.compbio.bisulfitehic.mapping.Bhmem  - Processing reads 853000 ...
335862 [main] INFO main.java.edu.mit.compbio.bisulfitehic.mapping.Bhmem  - Unique mapped and paired reads 849022 ...
335865 [main] INFO main.java.edu.mit.compbio.bisulfitehic.mapping.Bhmem  - Processing reads 854000 ...
335865 [main] INFO main.java.edu.mit.compbio.bisulfitehic.mapping.Bhmem  - Unique mapped and paired reads 849022 ...
[M::mem_process_seqs] Processed 1001 reads in 1.253 CPU sec, 0.162 real sec
[M::mem_process_seqs] Processed 1001 reads in 1.001 CPU sec, 0.129 real sec
[M::mem_process_seqs] Processed 1001 reads in 1.307 CPU sec, 0.166 real sec
[M::mem_process_seqs] Processed 1001 reads in 1.157 CPU sec, 0.147 real sec
336648 [main] INFO main.java.edu.mit.compbio.bisulfitehic.mapping.Bhmem  - Processing reads 855000 ...
336648 [main] INFO main.java.edu.mit.compbio.bisulfitehic.mapping.Bhmem  - Unique mapped and paired reads 851014 ...
336651 [main] INFO main.java.edu.mit.compbio.bisulfitehic.mapping.Bhmem  - Processing reads 856000 ...
336651 [main] INFO main.java.edu.mit.compbio.bisulfitehic.mapping.Bhmem  - Unique mapped and paired reads 851014 ...
[M::mem_process_seqs] Processed 1001 reads in 1.169 CPU sec, 0.156 real sec
[M::mem_process_seqs] Processed 1001 reads in 0.982 CPU sec, 0.125 real sec
[M::mem_process_seqs] Processed 1001 reads in 1.226 CPU sec, 0.159 real sec
[M::mem_process_seqs] Processed 1001 reads in 1.052 CPU sec, 0.133 real sec
337401 [main] INFO main.java.edu.mit.compbio.bisulfitehic.mapping.Bhmem  - Processing reads 857000 ...
337401 [main] INFO main.java.edu.mit.compbio.bisulfitehic.mapping.Bhmem  - Unique mapped and paired reads 853008 ...
337408 [main] INFO main.java.edu.mit.compbio.bisulfitehic.mapping.Bhmem  - Processing reads 858000 ...
337408 [main] INFO main.java.edu.mit.compbio.bisulfitehic.mapping.Bhmem  - Unique mapped and paired reads 853008 ...
[M::mem_process_seqs] Processed 1001 reads in 1.240 CPU sec, 0.157 real sec
[M::mem_process_seqs] Processed 1001 reads in 1.072 CPU sec, 0.140 real sec
[M::mem_process_seqs] Processed 1001 reads in 1.396 CPU sec, 0.202 real sec
[M::mem_process_seqs] Processed 1001 reads in 1.202 CPU sec, 0.156 real sec
338258 [main] INFO main.java.edu.mit.compbio.bisulfitehic.mapping.Bhmem  - Processing reads 859000 ...
338258 [main] INFO main.java.edu.mit.compbio.bisulfitehic.mapping.Bhmem  - Unique mapped and paired reads 855006 ...
338261 [main] INFO main.java.edu.mit.compbio.bisulfitehic.mapping.Bhmem  - Processing reads 860000 ...
338261 [main] INFO main.java.edu.mit.compbio.bisulfitehic.mapping.Bhmem  - Unique mapped and paired reads 855006 ...
[M::mem_process_seqs] Processed 1001 reads in 1.154 CPU sec, 0.148 real sec
[M::mem_process_seqs] Processed 1001 reads in 1.005 CPU sec, 0.127 real sec
[M::mem_process_seqs] Processed 1001 reads in 1.308 CPU sec, 0.165 real sec
[M::mem_process_seqs] Processed 1001 reads in 1.132 CPU sec, 0.144 real sec
339032 [main] INFO main.java.edu.mit.compbio.bisulfitehic.mapping.Bhmem  - Processing reads 861000 ...
339032 [main] INFO main.java.edu.mit.compbio.bisulfitehic.mapping.Bhmem  - Unique mapped and paired reads 857002 ...
339035 [main] INFO main.java.edu.mit.compbio.bisulfitehic.mapping.Bhmem  - Processing reads 862000 ...
339035 [main] INFO main.java.edu.mit.compbio.bisulfitehic.mapping.Bhmem  - Unique mapped and paired reads 857002 ...
[M::mem_process_seqs] Processed 1001 reads in 1.122 CPU sec, 0.148 real sec
[M::mem_process_seqs] Processed 1001 reads in 0.964 CPU sec, 0.124 real sec
[M::mem_process_seqs] Processed 1001 reads in 1.277 CPU sec, 0.170 real sec
[M::mem_process_seqs] Processed 1001 reads in 1.082 CPU sec, 0.140 real sec
339794 [main] INFO main.java.edu.mit.compbio.bisulfitehic.mapping.Bhmem  - Processing reads 863000 ...
339794 [main] INFO main.java.edu.mit.compbio.bisulfitehic.mapping.Bhmem  - Unique mapped and paired reads 858992 ...
339797 [main] INFO main.java.edu.mit.compbio.bisulfitehic.mapping.Bhmem  - Processing reads 864000 ...
339797 [main] INFO main.java.edu.mit.compbio.bisulfitehic.mapping.Bhmem  - Unique mapped and paired reads 858992 ...
[M::mem_process_seqs] Processed 1001 reads in 1.159 CPU sec, 0.147 real sec
[M::mem_process_seqs] Processed 1001 reads in 0.910 CPU sec, 0.116 real sec
[M::mem_process_seqs] Processed 1001 reads in 1.153 CPU sec, 0.146 real sec
[M::mem_process_seqs] Processed 1001 reads in 1.025 CPU sec, 0.131 real sec
340512 [main] INFO main.java.edu.mit.compbio.bisulfitehic.mapping.Bhmem  - Processing reads 865000 ...
340513 [main] INFO main.java.edu.mit.compbio.bisulfitehic.mapping.Bhmem  - Unique mapped and paired reads 860990 ...
340516 [main] INFO main.java.edu.mit.compbio.bisulfitehic.mapping.Bhmem  - Processing reads 866000 ...
340516 [main] INFO main.java.edu.mit.compbio.bisulfitehic.mapping.Bhmem  - Unique mapped and paired reads 860990 ...
[M::mem_process_seqs] Processed 1001 reads in 1.146 CPU sec, 0.145 real sec
[M::mem_process_seqs] Processed 1001 reads in 1.044 CPU sec, 0.132 real sec
[M::mem_process_seqs] Processed 1001 reads in 1.212 CPU sec, 0.155 real sec
[M::mem_process_seqs] Processed 1001 reads in 1.102 CPU sec, 0.141 real sec
341268 [main] INFO main.java.edu.mit.compbio.bisulfitehic.mapping.Bhmem  - Processing reads 867000 ...
341268 [main] INFO main.java.edu.mit.compbio.bisulfitehic.mapping.Bhmem  - Unique mapped and paired reads 862980 ...
341271 [main] INFO main.java.edu.mit.compbio.bisulfitehic.mapping.Bhmem  - Processing reads 868000 ...
341271 [main] INFO main.java.edu.mit.compbio.bisulfitehic.mapping.Bhmem  - Unique mapped and paired reads 862980 ...
[M::mem_process_seqs] Processed 1001 reads in 1.096 CPU sec, 0.139 real sec
[M::mem_process_seqs] Processed 1001 reads in 0.920 CPU sec, 0.118 real sec
[M::mem_process_seqs] Processed 1001 reads in 1.167 CPU sec, 0.147 real sec
[M::mem_process_seqs] Processed 1001 reads in 1.088 CPU sec, 0.145 real sec
342012 [main] INFO main.java.edu.mit.compbio.bisulfitehic.mapping.Bhmem  - Processing reads 869000 ...
342013 [main] INFO main.java.edu.mit.compbio.bisulfitehic.mapping.Bhmem  - Unique mapped and paired reads 864974 ...
342016 [main] INFO main.java.edu.mit.compbio.bisulfitehic.mapping.Bhmem  - Processing reads 870000 ...
342016 [main] INFO main.java.edu.mit.compbio.bisulfitehic.mapping.Bhmem  - Unique mapped and paired reads 864974 ...
[M::mem_process_seqs] Processed 1001 reads in 1.167 CPU sec, 0.148 real sec
[M::mem_process_seqs] Processed 1001 reads in 0.960 CPU sec, 0.123 real sec
[M::mem_process_seqs] Processed 1001 reads in 1.341 CPU sec, 0.173 real sec
[M::mem_process_seqs] Processed 1001 reads in 1.094 CPU sec, 0.142 real sec
342781 [main] INFO main.java.edu.mit.compbio.bisulfitehic.mapping.Bhmem  - Processing reads 871000 ...
342781 [main] INFO main.java.edu.mit.compbio.bisulfitehic.mapping.Bhmem  - Unique mapped and paired reads 866970 ...
342784 [main] INFO main.java.edu.mit.compbio.bisulfitehic.mapping.Bhmem  - Processing reads 872000 ...
342784 [main] INFO main.java.edu.mit.compbio.bisulfitehic.mapping.Bhmem  - Unique mapped and paired reads 866970 ...
[M::mem_process_seqs] Processed 1001 reads in 1.209 CPU sec, 0.155 real sec
[M::mem_process_seqs] Processed 1001 reads in 0.995 CPU sec, 0.131 real sec
[M::mem_process_seqs] Processed 1001 reads in 1.289 CPU sec, 0.165 real sec
[M::mem_process_seqs] Processed 1001 reads in 1.109 CPU sec, 0.142 real sec
343574 [main] INFO main.java.edu.mit.compbio.bisulfitehic.mapping.Bhmem  - Processing reads 873000 ...
343574 [main] INFO main.java.edu.mit.compbio.bisulfitehic.mapping.Bhmem  - Unique mapped and paired reads 868958 ...
343577 [main] INFO main.java.edu.mit.compbio.bisulfitehic.mapping.Bhmem  - Processing reads 874000 ...
343577 [main] INFO main.java.edu.mit.compbio.bisulfitehic.mapping.Bhmem  - Unique mapped and paired reads 868958 ...
[M::mem_process_seqs] Processed 1001 reads in 1.111 CPU sec, 0.142 real sec
[M::mem_process_seqs] Processed 1001 reads in 0.922 CPU sec, 0.118 real sec
[M::mem_process_seqs] Processed 1001 reads in 1.292 CPU sec, 0.165 real sec
[M::mem_process_seqs] Processed 1001 reads in 1.129 CPU sec, 0.145 real sec
344325 [main] INFO main.java.edu.mit.compbio.bisulfitehic.mapping.Bhmem  - Processing reads 875000 ...
344325 [main] INFO main.java.edu.mit.compbio.bisulfitehic.mapping.Bhmem  - Unique mapped and paired reads 870952 ...
344328 [main] INFO main.java.edu.mit.compbio.bisulfitehic.mapping.Bhmem  - Processing reads 876000 ...
344328 [main] INFO main.java.edu.mit.compbio.bisulfitehic.mapping.Bhmem  - Unique mapped and paired reads 870952 ...
[M::mem_process_seqs] Processed 1001 reads in 1.116 CPU sec, 0.142 real sec
[M::mem_process_seqs] Processed 1001 reads in 0.914 CPU sec, 0.116 real sec
[M::mem_process_seqs] Processed 1001 reads in 1.226 CPU sec, 0.156 real sec
[M::mem_process_seqs] Processed 1001 reads in 1.063 CPU sec, 0.135 real sec
345055 [main] INFO main.java.edu.mit.compbio.bisulfitehic.mapping.Bhmem  - Processing reads 877000 ...
345055 [main] INFO main.java.edu.mit.compbio.bisulfitehic.mapping.Bhmem  - Unique mapped and paired reads 872946 ...
345058 [main] INFO main.java.edu.mit.compbio.bisulfitehic.mapping.Bhmem  - Processing reads 878000 ...
345058 [main] INFO main.java.edu.mit.compbio.bisulfitehic.mapping.Bhmem  - Unique mapped and paired reads 872946 ...
[M::mem_process_seqs] Processed 1001 reads in 1.096 CPU sec, 0.141 real sec
[M::mem_process_seqs] Processed 1001 reads in 0.921 CPU sec, 0.120 real sec
[M::mem_process_seqs] Processed 1001 reads in 1.202 CPU sec, 0.158 real sec
[M::mem_process_seqs] Processed 1001 reads in 1.077 CPU sec, 0.137 real sec
345785 [main] INFO main.java.edu.mit.compbio.bisulfitehic.mapping.Bhmem  - Processing reads 879000 ...
345785 [main] INFO main.java.edu.mit.compbio.bisulfitehic.mapping.Bhmem  - Unique mapped and paired reads 874938 ...
345788 [main] INFO main.java.edu.mit.compbio.bisulfitehic.mapping.Bhmem  - Processing reads 880000 ...
345788 [main] INFO main.java.edu.mit.compbio.bisulfitehic.mapping.Bhmem  - Unique mapped and paired reads 874938 ...
[M::mem_process_seqs] Processed 1001 reads in 1.225 CPU sec, 0.156 real sec
[M::mem_process_seqs] Processed 1001 reads in 0.964 CPU sec, 0.122 real sec
[M::mem_process_seqs] Processed 1001 reads in 1.284 CPU sec, 0.163 real sec
[M::mem_process_seqs] Processed 1001 reads in 1.170 CPU sec, 0.150 real sec
346570 [main] INFO main.java.edu.mit.compbio.bisulfitehic.mapping.Bhmem  - Processing reads 881000 ...
346570 [main] INFO main.java.edu.mit.compbio.bisulfitehic.mapping.Bhmem  - Unique mapped and paired reads 876934 ...
346573 [main] INFO main.java.edu.mit.compbio.bisulfitehic.mapping.Bhmem  - Processing reads 882000 ...
346573 [main] INFO main.java.edu.mit.compbio.bisulfitehic.mapping.Bhmem  - Unique mapped and paired reads 876934 ...
[M::mem_process_seqs] Processed 1001 reads in 1.183 CPU sec, 0.150 real sec
[M::mem_process_seqs] Processed 1001 reads in 0.954 CPU sec, 0.133 real sec
[M::mem_process_seqs] Processed 1001 reads in 1.278 CPU sec, 0.163 real sec
[M::mem_process_seqs] Processed 1001 reads in 1.133 CPU sec, 0.152 real sec
347355 [main] INFO main.java.edu.mit.compbio.bisulfitehic.mapping.Bhmem  - Processing reads 883000 ...
347355 [main] INFO main.java.edu.mit.compbio.bisulfitehic.mapping.Bhmem  - Unique mapped and paired reads 878924 ...
347358 [main] INFO main.java.edu.mit.compbio.bisulfitehic.mapping.Bhmem  - Processing reads 884000 ...
347358 [main] INFO main.java.edu.mit.compbio.bisulfitehic.mapping.Bhmem  - Unique mapped and paired reads 878924 ...
[M::mem_process_seqs] Processed 1001 reads in 1.175 CPU sec, 0.149 real sec
[M::mem_process_seqs] Processed 1001 reads in 0.926 CPU sec, 0.119 real sec
[M::mem_process_seqs] Processed 1001 reads in 1.220 CPU sec, 0.164 real sec
[M::mem_process_seqs] Processed 1001 reads in 1.055 CPU sec, 0.138 real sec
348105 [main] INFO main.java.edu.mit.compbio.bisulfitehic.mapping.Bhmem  - Processing reads 885000 ...
348105 [main] INFO main.java.edu.mit.compbio.bisulfitehic.mapping.Bhmem  - Unique mapped and paired reads 880910 ...
348109 [main] INFO main.java.edu.mit.compbio.bisulfitehic.mapping.Bhmem  - Processing reads 886000 ...
348109 [main] INFO main.java.edu.mit.compbio.bisulfitehic.mapping.Bhmem  - Unique mapped and paired reads 880910 ...
[M::mem_process_seqs] Processed 1001 reads in 1.211 CPU sec, 0.157 real sec
[M::mem_process_seqs] Processed 1001 reads in 0.966 CPU sec, 0.123 real sec
[M::mem_process_seqs] Processed 1001 reads in 1.359 CPU sec, 0.173 real sec
[M::mem_process_seqs] Processed 1001 reads in 1.172 CPU sec, 0.149 real sec
348886 [main] INFO main.java.edu.mit.compbio.bisulfitehic.mapping.Bhmem  - Processing reads 887000 ...
348886 [main] INFO main.java.edu.mit.compbio.bisulfitehic.mapping.Bhmem  - Unique mapped and paired reads 882900 ...
348889 [main] INFO main.java.edu.mit.compbio.bisulfitehic.mapping.Bhmem  - Processing reads 888000 ...
348889 [main] INFO main.java.edu.mit.compbio.bisulfitehic.mapping.Bhmem  - Unique mapped and paired reads 882900 ...
[M::mem_process_seqs] Processed 1001 reads in 1.181 CPU sec, 0.153 real sec
[M::mem_process_seqs] Processed 1001 reads in 0.948 CPU sec, 0.121 real sec
[M::mem_process_seqs] Processed 1001 reads in 1.315 CPU sec, 0.175 real sec
[M::mem_process_seqs] Processed 1001 reads in 1.173 CPU sec, 0.153 real sec
349737 [main] INFO main.java.edu.mit.compbio.bisulfitehic.mapping.Bhmem  - Processing reads 889000 ...
349737 [main] INFO main.java.edu.mit.compbio.bisulfitehic.mapping.Bhmem  - Unique mapped and paired reads 884894 ...
349740 [main] INFO main.java.edu.mit.compbio.bisulfitehic.mapping.Bhmem  - Processing reads 890000 ...
349740 [main] INFO main.java.edu.mit.compbio.bisulfitehic.mapping.Bhmem  - Unique mapped and paired reads 884894 ...
[M::mem_process_seqs] Processed 1001 reads in 1.088 CPU sec, 0.144 real sec
[M::mem_process_seqs] Processed 1001 reads in 0.980 CPU sec, 0.130 real sec
[M::mem_process_seqs] Processed 1001 reads in 1.195 CPU sec, 0.152 real sec
[M::mem_process_seqs] Processed 1001 reads in 1.118 CPU sec, 0.155 real sec
350503 [main] INFO main.java.edu.mit.compbio.bisulfitehic.mapping.Bhmem  - Processing reads 891000 ...
350503 [main] INFO main.java.edu.mit.compbio.bisulfitehic.mapping.Bhmem  - Unique mapped and paired reads 886890 ...
350506 [main] INFO main.java.edu.mit.compbio.bisulfitehic.mapping.Bhmem  - Processing reads 892000 ...
350506 [main] INFO main.java.edu.mit.compbio.bisulfitehic.mapping.Bhmem  - Unique mapped and paired reads 886890 ...
[M::mem_process_seqs] Processed 1001 reads in 1.162 CPU sec, 0.150 real sec
[M::mem_process_seqs] Processed 1001 reads in 0.970 CPU sec, 0.125 real sec
[M::mem_process_seqs] Processed 1001 reads in 1.290 CPU sec, 0.164 real sec
[M::mem_process_seqs] Processed 1001 reads in 1.107 CPU sec, 0.142 real sec
351269 [main] INFO main.java.edu.mit.compbio.bisulfitehic.mapping.Bhmem  - Processing reads 893000 ...
351269 [main] INFO main.java.edu.mit.compbio.bisulfitehic.mapping.Bhmem  - Unique mapped and paired reads 888878 ...
351272 [main] INFO main.java.edu.mit.compbio.bisulfitehic.mapping.Bhmem  - Processing reads 894000 ...
351272 [main] INFO main.java.edu.mit.compbio.bisulfitehic.mapping.Bhmem  - Unique mapped and paired reads 888878 ...
[M::mem_process_seqs] Processed 1001 reads in 1.173 CPU sec, 0.149 real sec
[M::mem_process_seqs] Processed 1001 reads in 0.929 CPU sec, 0.119 real sec
[M::mem_process_seqs] Processed 1001 reads in 1.218 CPU sec, 0.155 real sec
[M::mem_process_seqs] Processed 1001 reads in 0.974 CPU sec, 0.125 real sec
352003 [main] INFO main.java.edu.mit.compbio.bisulfitehic.mapping.Bhmem  - Processing reads 895000 ...
352003 [main] INFO main.java.edu.mit.compbio.bisulfitehic.mapping.Bhmem  - Unique mapped and paired reads 890876 ...
352006 [main] INFO main.java.edu.mit.compbio.bisulfitehic.mapping.Bhmem  - Processing reads 896000 ...
352006 [main] INFO main.java.edu.mit.compbio.bisulfitehic.mapping.Bhmem  - Unique mapped and paired reads 890876 ...
[M::mem_process_seqs] Processed 1001 reads in 1.187 CPU sec, 0.150 real sec
[M::mem_process_seqs] Processed 1001 reads in 0.988 CPU sec, 0.128 real sec
[M::mem_process_seqs] Processed 1001 reads in 1.274 CPU sec, 0.161 real sec
[M::mem_process_seqs] Processed 1001 reads in 1.130 CPU sec, 0.144 real sec
352766 [main] INFO main.java.edu.mit.compbio.bisulfitehic.mapping.Bhmem  - Processing reads 897000 ...
352766 [main] INFO main.java.edu.mit.compbio.bisulfitehic.mapping.Bhmem  - Unique mapped and paired reads 892872 ...
352771 [main] INFO main.java.edu.mit.compbio.bisulfitehic.mapping.Bhmem  - Processing reads 898000 ...
352771 [main] INFO main.java.edu.mit.compbio.bisulfitehic.mapping.Bhmem  - Unique mapped and paired reads 892872 ...
[M::mem_process_seqs] Processed 1001 reads in 1.169 CPU sec, 0.152 real sec
[M::mem_process_seqs] Processed 1001 reads in 0.947 CPU sec, 0.125 real sec
[M::mem_process_seqs] Processed 1001 reads in 1.251 CPU sec, 0.159 real sec
[M::mem_process_seqs] Processed 1001 reads in 1.130 CPU sec, 0.144 real sec
353534 [main] INFO main.java.edu.mit.compbio.bisulfitehic.mapping.Bhmem  - Processing reads 899000 ...
353534 [main] INFO main.java.edu.mit.compbio.bisulfitehic.mapping.Bhmem  - Unique mapped and paired reads 894866 ...
353537 [main] INFO main.java.edu.mit.compbio.bisulfitehic.mapping.Bhmem  - Processing reads 900000 ...
353537 [main] INFO main.java.edu.mit.compbio.bisulfitehic.mapping.Bhmem  - Unique mapped and paired reads 894866 ...
[M::mem_process_seqs] Processed 1001 reads in 1.187 CPU sec, 0.152 real sec
[M::mem_process_seqs] Processed 1001 reads in 0.951 CPU sec, 0.121 real sec
[M::mem_process_seqs] Processed 1001 reads in 1.318 CPU sec, 0.170 real sec
[M::mem_process_seqs] Processed 1001 reads in 1.096 CPU sec, 0.141 real sec
354302 [main] INFO main.java.edu.mit.compbio.bisulfitehic.mapping.Bhmem  - Processing reads 901000 ...
354302 [main] INFO main.java.edu.mit.compbio.bisulfitehic.mapping.Bhmem  - Unique mapped and paired reads 896858 ...
354305 [main] INFO main.java.edu.mit.compbio.bisulfitehic.mapping.Bhmem  - Processing reads 902000 ...
354305 [main] INFO main.java.edu.mit.compbio.bisulfitehic.mapping.Bhmem  - Unique mapped and paired reads 896858 ...
[M::mem_process_seqs] Processed 1001 reads in 1.118 CPU sec, 0.148 real sec
[M::mem_process_seqs] Processed 1001 reads in 1.004 CPU sec, 0.131 real sec
[M::mem_process_seqs] Processed 1001 reads in 1.308 CPU sec, 0.174 real sec
[M::mem_process_seqs] Processed 1001 reads in 1.115 CPU sec, 0.143 real sec
355079 [main] INFO main.java.edu.mit.compbio.bisulfitehic.mapping.Bhmem  - Processing reads 903000 ...
355079 [main] INFO main.java.edu.mit.compbio.bisulfitehic.mapping.Bhmem  - Unique mapped and paired reads 898848 ...
355082 [main] INFO main.java.edu.mit.compbio.bisulfitehic.mapping.Bhmem  - Processing reads 904000 ...
355082 [main] INFO main.java.edu.mit.compbio.bisulfitehic.mapping.Bhmem  - Unique mapped and paired reads 898848 ...
[M::mem_process_seqs] Processed 1001 reads in 1.210 CPU sec, 0.154 real sec
[M::mem_process_seqs] Processed 1001 reads in 0.958 CPU sec, 0.123 real sec
[M::mem_process_seqs] Processed 1001 reads in 1.270 CPU sec, 0.160 real sec
[M::mem_process_seqs] Processed 1001 reads in 1.050 CPU sec, 0.133 real sec
355830 [main] INFO main.java.edu.mit.compbio.bisulfitehic.mapping.Bhmem  - Processing reads 905000 ...
355830 [main] INFO main.java.edu.mit.compbio.bisulfitehic.mapping.Bhmem  - Unique mapped and paired reads 900840 ...
355833 [main] INFO main.java.edu.mit.compbio.bisulfitehic.mapping.Bhmem  - Processing reads 906000 ...
355833 [main] INFO main.java.edu.mit.compbio.bisulfitehic.mapping.Bhmem  - Unique mapped and paired reads 900840 ...
[M::mem_process_seqs] Processed 1001 reads in 1.195 CPU sec, 0.151 real sec
[M::mem_process_seqs] Processed 1001 reads in 1.010 CPU sec, 0.130 real sec
[M::mem_process_seqs] Processed 1001 reads in 1.239 CPU sec, 0.158 real sec
[M::mem_process_seqs] Processed 1001 reads in 1.143 CPU sec, 0.148 real sec
356599 [main] INFO main.java.edu.mit.compbio.bisulfitehic.mapping.Bhmem  - Processing reads 907000 ...
356599 [main] INFO main.java.edu.mit.compbio.bisulfitehic.mapping.Bhmem  - Unique mapped and paired reads 902824 ...
356602 [main] INFO main.java.edu.mit.compbio.bisulfitehic.mapping.Bhmem  - Processing reads 908000 ...
356602 [main] INFO main.java.edu.mit.compbio.bisulfitehic.mapping.Bhmem  - Unique mapped and paired reads 902824 ...
[M::mem_process_seqs] Processed 1001 reads in 1.172 CPU sec, 0.152 real sec
[M::mem_process_seqs] Processed 1001 reads in 0.926 CPU sec, 0.118 real sec
[M::mem_process_seqs] Processed 1001 reads in 1.312 CPU sec, 0.172 real sec
[M::mem_process_seqs] Processed 1001 reads in 1.089 CPU sec, 0.139 real sec
357360 [main] INFO main.java.edu.mit.compbio.bisulfitehic.mapping.Bhmem  - Processing reads 909000 ...
357360 [main] INFO main.java.edu.mit.compbio.bisulfitehic.mapping.Bhmem  - Unique mapped and paired reads 904820 ...
357363 [main] INFO main.java.edu.mit.compbio.bisulfitehic.mapping.Bhmem  - Processing reads 910000 ...
357363 [main] INFO main.java.edu.mit.compbio.bisulfitehic.mapping.Bhmem  - Unique mapped and paired reads 904820 ...
[M::mem_process_seqs] Processed 1001 reads in 1.182 CPU sec, 0.151 real sec
[M::mem_process_seqs] Processed 1001 reads in 1.004 CPU sec, 0.135 real sec
[M::mem_process_seqs] Processed 1001 reads in 1.248 CPU sec, 0.159 real sec
[M::mem_process_seqs] Processed 1001 reads in 1.047 CPU sec, 0.143 real sec
358129 [main] INFO main.java.edu.mit.compbio.bisulfitehic.mapping.Bhmem  - Processing reads 911000 ...
358129 [main] INFO main.java.edu.mit.compbio.bisulfitehic.mapping.Bhmem  - Unique mapped and paired reads 906810 ...
358132 [main] INFO main.java.edu.mit.compbio.bisulfitehic.mapping.Bhmem  - Processing reads 912000 ...
358132 [main] INFO main.java.edu.mit.compbio.bisulfitehic.mapping.Bhmem  - Unique mapped and paired reads 906810 ...
[M::mem_process_seqs] Processed 1001 reads in 1.205 CPU sec, 0.153 real sec
[M::mem_process_seqs] Processed 1001 reads in 1.030 CPU sec, 0.140 real sec
[M::mem_process_seqs] Processed 1001 reads in 1.230 CPU sec, 0.158 real sec
[M::mem_process_seqs] Processed 1001 reads in 1.148 CPU sec, 0.147 real sec
358906 [main] INFO main.java.edu.mit.compbio.bisulfitehic.mapping.Bhmem  - Processing reads 913000 ...
358907 [main] INFO main.java.edu.mit.compbio.bisulfitehic.mapping.Bhmem  - Unique mapped and paired reads 908808 ...
358910 [main] INFO main.java.edu.mit.compbio.bisulfitehic.mapping.Bhmem  - Processing reads 914000 ...
358910 [main] INFO main.java.edu.mit.compbio.bisulfitehic.mapping.Bhmem  - Unique mapped and paired reads 908808 ...
[M::mem_process_seqs] Processed 1001 reads in 1.135 CPU sec, 0.144 real sec
[M::mem_process_seqs] Processed 1001 reads in 0.932 CPU sec, 0.119 real sec
[M::mem_process_seqs] Processed 1001 reads in 1.203 CPU sec, 0.155 real sec
[M::mem_process_seqs] Processed 1001 reads in 1.048 CPU sec, 0.133 real sec
359653 [main] INFO main.java.edu.mit.compbio.bisulfitehic.mapping.Bhmem  - Processing reads 915000 ...
359653 [main] INFO main.java.edu.mit.compbio.bisulfitehic.mapping.Bhmem  - Unique mapped and paired reads 910808 ...
359656 [main] INFO main.java.edu.mit.compbio.bisulfitehic.mapping.Bhmem  - Processing reads 916000 ...
359656 [main] INFO main.java.edu.mit.compbio.bisulfitehic.mapping.Bhmem  - Unique mapped and paired reads 910808 ...
[M::mem_process_seqs] Processed 1001 reads in 1.032 CPU sec, 0.131 real sec
[M::mem_process_seqs] Processed 1001 reads in 0.985 CPU sec, 0.131 real sec
[M::mem_process_seqs] Processed 1001 reads in 1.167 CPU sec, 0.147 real sec
[M::mem_process_seqs] Processed 1001 reads in 1.091 CPU sec, 0.138 real sec
360381 [main] INFO main.java.edu.mit.compbio.bisulfitehic.mapping.Bhmem  - Processing reads 917000 ...
360381 [main] INFO main.java.edu.mit.compbio.bisulfitehic.mapping.Bhmem  - Unique mapped and paired reads 912808 ...
360384 [main] INFO main.java.edu.mit.compbio.bisulfitehic.mapping.Bhmem  - Processing reads 918000 ...
360384 [main] INFO main.java.edu.mit.compbio.bisulfitehic.mapping.Bhmem  - Unique mapped and paired reads 912808 ...
[M::mem_process_seqs] Processed 1001 reads in 1.170 CPU sec, 0.150 real sec
[M::mem_process_seqs] Processed 1001 reads in 0.961 CPU sec, 0.123 real sec
[M::mem_process_seqs] Processed 1001 reads in 1.270 CPU sec, 0.164 real sec
[M::mem_process_seqs] Processed 1001 reads in 1.158 CPU sec, 0.146 real sec
361139 [main] INFO main.java.edu.mit.compbio.bisulfitehic.mapping.Bhmem  - Processing reads 919000 ...
361139 [main] INFO main.java.edu.mit.compbio.bisulfitehic.mapping.Bhmem  - Unique mapped and paired reads 914802 ...
361142 [main] INFO main.java.edu.mit.compbio.bisulfitehic.mapping.Bhmem  - Processing reads 920000 ...
361142 [main] INFO main.java.edu.mit.compbio.bisulfitehic.mapping.Bhmem  - Unique mapped and paired reads 914802 ...
[M::mem_process_seqs] Processed 1001 reads in 1.126 CPU sec, 0.144 real sec
[M::mem_process_seqs] Processed 1001 reads in 0.944 CPU sec, 0.120 real sec
[M::mem_process_seqs] Processed 1001 reads in 1.157 CPU sec, 0.147 real sec
[M::mem_process_seqs] Processed 1001 reads in 1.077 CPU sec, 0.136 real sec
361934 [main] INFO main.java.edu.mit.compbio.bisulfitehic.mapping.Bhmem  - Processing reads 921000 ...
361934 [main] INFO main.java.edu.mit.compbio.bisulfitehic.mapping.Bhmem  - Unique mapped and paired reads 916794 ...
361938 [main] INFO main.java.edu.mit.compbio.bisulfitehic.mapping.Bhmem  - Processing reads 922000 ...
361938 [main] INFO main.java.edu.mit.compbio.bisulfitehic.mapping.Bhmem  - Unique mapped and paired reads 916794 ...
[M::mem_process_seqs] Processed 1001 reads in 1.161 CPU sec, 0.148 real sec
[M::mem_process_seqs] Processed 1001 reads in 0.914 CPU sec, 0.117 real sec
[M::mem_process_seqs] Processed 1001 reads in 1.316 CPU sec, 0.175 real sec
[M::mem_process_seqs] Processed 1001 reads in 1.131 CPU sec, 0.143 real sec
362704 [main] INFO main.java.edu.mit.compbio.bisulfitehic.mapping.Bhmem  - Processing reads 923000 ...
362704 [main] INFO main.java.edu.mit.compbio.bisulfitehic.mapping.Bhmem  - Unique mapped and paired reads 918790 ...
362708 [main] INFO main.java.edu.mit.compbio.bisulfitehic.mapping.Bhmem  - Processing reads 924000 ...
362708 [main] INFO main.java.edu.mit.compbio.bisulfitehic.mapping.Bhmem  - Unique mapped and paired reads 918790 ...
[M::mem_process_seqs] Processed 1001 reads in 1.162 CPU sec, 0.147 real sec
[M::mem_process_seqs] Processed 1001 reads in 0.934 CPU sec, 0.119 real sec
[M::mem_process_seqs] Processed 1001 reads in 1.261 CPU sec, 0.159 real sec
[M::mem_process_seqs] Processed 1001 reads in 1.088 CPU sec, 0.138 real sec
363447 [main] INFO main.java.edu.mit.compbio.bisulfitehic.mapping.Bhmem  - Processing reads 925000 ...
363447 [main] INFO main.java.edu.mit.compbio.bisulfitehic.mapping.Bhmem  - Unique mapped and paired reads 920786 ...
363451 [main] INFO main.java.edu.mit.compbio.bisulfitehic.mapping.Bhmem  - Processing reads 926000 ...
363451 [main] INFO main.java.edu.mit.compbio.bisulfitehic.mapping.Bhmem  - Unique mapped and paired reads 920786 ...
[M::mem_process_seqs] Processed 1001 reads in 1.151 CPU sec, 0.146 real sec
[M::mem_process_seqs] Processed 1001 reads in 0.942 CPU sec, 0.121 real sec
[M::mem_process_seqs] Processed 1001 reads in 1.216 CPU sec, 0.155 real sec
[M::mem_process_seqs] Processed 1001 reads in 1.083 CPU sec, 0.137 real sec
364191 [main] INFO main.java.edu.mit.compbio.bisulfitehic.mapping.Bhmem  - Processing reads 927000 ...
364191 [main] INFO main.java.edu.mit.compbio.bisulfitehic.mapping.Bhmem  - Unique mapped and paired reads 922782 ...
364194 [main] INFO main.java.edu.mit.compbio.bisulfitehic.mapping.Bhmem  - Processing reads 928000 ...
364194 [main] INFO main.java.edu.mit.compbio.bisulfitehic.mapping.Bhmem  - Unique mapped and paired reads 922782 ...
[M::mem_process_seqs] Processed 1001 reads in 1.155 CPU sec, 0.147 real sec
[M::mem_process_seqs] Processed 1001 reads in 1.032 CPU sec, 0.132 real sec
[M::mem_process_seqs] Processed 1001 reads in 1.261 CPU sec, 0.167 real sec
[M::mem_process_seqs] Processed 1001 reads in 1.156 CPU sec, 0.148 real sec
364967 [main] INFO main.java.edu.mit.compbio.bisulfitehic.mapping.Bhmem  - Processing reads 929000 ...
364967 [main] INFO main.java.edu.mit.compbio.bisulfitehic.mapping.Bhmem  - Unique mapped and paired reads 924778 ...
364971 [main] INFO main.java.edu.mit.compbio.bisulfitehic.mapping.Bhmem  - Processing reads 930000 ...
364971 [main] INFO main.java.edu.mit.compbio.bisulfitehic.mapping.Bhmem  - Unique mapped and paired reads 924778 ...
[M::mem_process_seqs] Processed 1001 reads in 1.157 CPU sec, 0.148 real sec
[M::mem_process_seqs] Processed 1001 reads in 0.974 CPU sec, 0.125 real sec
[M::mem_process_seqs] Processed 1001 reads in 1.305 CPU sec, 0.171 real sec
[M::mem_process_seqs] Processed 1001 reads in 1.179 CPU sec, 0.151 real sec
365749 [main] INFO main.java.edu.mit.compbio.bisulfitehic.mapping.Bhmem  - Processing reads 931000 ...
365749 [main] INFO main.java.edu.mit.compbio.bisulfitehic.mapping.Bhmem  - Unique mapped and paired reads 926768 ...
365753 [main] INFO main.java.edu.mit.compbio.bisulfitehic.mapping.Bhmem  - Processing reads 932000 ...
365753 [main] INFO main.java.edu.mit.compbio.bisulfitehic.mapping.Bhmem  - Unique mapped and paired reads 926768 ...
[M::mem_process_seqs] Processed 1001 reads in 1.175 CPU sec, 0.149 real sec
[M::mem_process_seqs] Processed 1001 reads in 0.932 CPU sec, 0.118 real sec
[M::mem_process_seqs] Processed 1001 reads in 1.269 CPU sec, 0.162 real sec
[M::mem_process_seqs] Processed 1001 reads in 1.074 CPU sec, 0.137 real sec
366501 [main] INFO main.java.edu.mit.compbio.bisulfitehic.mapping.Bhmem  - Processing reads 933000 ...
366501 [main] INFO main.java.edu.mit.compbio.bisulfitehic.mapping.Bhmem  - Unique mapped and paired reads 928762 ...
366504 [main] INFO main.java.edu.mit.compbio.bisulfitehic.mapping.Bhmem  - Processing reads 934000 ...
366504 [main] INFO main.java.edu.mit.compbio.bisulfitehic.mapping.Bhmem  - Unique mapped and paired reads 928762 ...
[M::mem_process_seqs] Processed 1001 reads in 1.169 CPU sec, 0.151 real sec
[M::mem_process_seqs] Processed 1001 reads in 0.914 CPU sec, 0.117 real sec
[M::mem_process_seqs] Processed 1001 reads in 1.254 CPU sec, 0.161 real sec
[M::mem_process_seqs] Processed 1001 reads in 1.090 CPU sec, 0.139 real sec
367253 [main] INFO main.java.edu.mit.compbio.bisulfitehic.mapping.Bhmem  - Processing reads 935000 ...
367253 [main] INFO main.java.edu.mit.compbio.bisulfitehic.mapping.Bhmem  - Unique mapped and paired reads 930754 ...
367256 [main] INFO main.java.edu.mit.compbio.bisulfitehic.mapping.Bhmem  - Processing reads 936000 ...
367256 [main] INFO main.java.edu.mit.compbio.bisulfitehic.mapping.Bhmem  - Unique mapped and paired reads 930754 ...
[M::mem_process_seqs] Processed 1001 reads in 1.212 CPU sec, 0.155 real sec
[M::mem_process_seqs] Processed 1001 reads in 0.947 CPU sec, 0.121 real sec
[M::mem_process_seqs] Processed 1001 reads in 1.387 CPU sec, 0.179 real sec
[M::mem_process_seqs] Processed 1001 reads in 1.201 CPU sec, 0.160 real sec
368047 [main] INFO main.java.edu.mit.compbio.bisulfitehic.mapping.Bhmem  - Processing reads 937000 ...
368047 [main] INFO main.java.edu.mit.compbio.bisulfitehic.mapping.Bhmem  - Unique mapped and paired reads 932744 ...
368050 [main] INFO main.java.edu.mit.compbio.bisulfitehic.mapping.Bhmem  - Processing reads 938000 ...
368050 [main] INFO main.java.edu.mit.compbio.bisulfitehic.mapping.Bhmem  - Unique mapped and paired reads 932744 ...
[M::mem_process_seqs] Processed 1001 reads in 1.207 CPU sec, 0.153 real sec
[M::mem_process_seqs] Processed 1001 reads in 0.974 CPU sec, 0.124 real sec
[M::mem_process_seqs] Processed 1001 reads in 1.292 CPU sec, 0.167 real sec
[M::mem_process_seqs] Processed 1001 reads in 1.119 CPU sec, 0.142 real sec
368829 [main] INFO main.java.edu.mit.compbio.bisulfitehic.mapping.Bhmem  - Processing reads 939000 ...
368829 [main] INFO main.java.edu.mit.compbio.bisulfitehic.mapping.Bhmem  - Unique mapped and paired reads 934736 ...
368832 [main] INFO main.java.edu.mit.compbio.bisulfitehic.mapping.Bhmem  - Processing reads 940000 ...
368832 [main] INFO main.java.edu.mit.compbio.bisulfitehic.mapping.Bhmem  - Unique mapped and paired reads 934736 ...
[M::mem_process_seqs] Processed 1001 reads in 1.191 CPU sec, 0.151 real sec
[M::mem_process_seqs] Processed 1001 reads in 1.005 CPU sec, 0.138 real sec
[M::mem_process_seqs] Processed 1001 reads in 1.263 CPU sec, 0.164 real sec
[M::mem_process_seqs] Processed 1001 reads in 1.150 CPU sec, 0.150 real sec
369616 [main] INFO main.java.edu.mit.compbio.bisulfitehic.mapping.Bhmem  - Processing reads 941000 ...
369616 [main] INFO main.java.edu.mit.compbio.bisulfitehic.mapping.Bhmem  - Unique mapped and paired reads 936730 ...
369620 [main] INFO main.java.edu.mit.compbio.bisulfitehic.mapping.Bhmem  - Processing reads 942000 ...
369620 [main] INFO main.java.edu.mit.compbio.bisulfitehic.mapping.Bhmem  - Unique mapped and paired reads 936730 ...
[M::mem_process_seqs] Processed 1001 reads in 1.212 CPU sec, 0.154 real sec
[M::mem_process_seqs] Processed 1001 reads in 0.924 CPU sec, 0.119 real sec
[M::mem_process_seqs] Processed 1001 reads in 1.323 CPU sec, 0.168 real sec
[M::mem_process_seqs] Processed 1001 reads in 1.076 CPU sec, 0.136 real sec
370378 [main] INFO main.java.edu.mit.compbio.bisulfitehic.mapping.Bhmem  - Processing reads 943000 ...
370378 [main] INFO main.java.edu.mit.compbio.bisulfitehic.mapping.Bhmem  - Unique mapped and paired reads 938724 ...
370382 [main] INFO main.java.edu.mit.compbio.bisulfitehic.mapping.Bhmem  - Processing reads 944000 ...
370382 [main] INFO main.java.edu.mit.compbio.bisulfitehic.mapping.Bhmem  - Unique mapped and paired reads 938724 ...
[M::mem_process_seqs] Processed 1001 reads in 1.158 CPU sec, 0.147 real sec
[M::mem_process_seqs] Processed 1001 reads in 0.994 CPU sec, 0.125 real sec
[M::mem_process_seqs] Processed 1001 reads in 1.194 CPU sec, 0.151 real sec
[M::mem_process_seqs] Processed 1001 reads in 1.121 CPU sec, 0.142 real sec
371129 [main] INFO main.java.edu.mit.compbio.bisulfitehic.mapping.Bhmem  - Processing reads 945000 ...
371129 [main] INFO main.java.edu.mit.compbio.bisulfitehic.mapping.Bhmem  - Unique mapped and paired reads 940716 ...
371132 [main] INFO main.java.edu.mit.compbio.bisulfitehic.mapping.Bhmem  - Processing reads 946000 ...
371132 [main] INFO main.java.edu.mit.compbio.bisulfitehic.mapping.Bhmem  - Unique mapped and paired reads 940716 ...
[M::mem_process_seqs] Processed 1001 reads in 1.250 CPU sec, 0.160 real sec
[M::mem_process_seqs] Processed 1001 reads in 0.955 CPU sec, 0.121 real sec
[M::mem_process_seqs] Processed 1001 reads in 1.218 CPU sec, 0.156 real sec
[M::mem_process_seqs] Processed 1001 reads in 1.085 CPU sec, 0.137 real sec
371890 [main] INFO main.java.edu.mit.compbio.bisulfitehic.mapping.Bhmem  - Processing reads 947000 ...
371890 [main] INFO main.java.edu.mit.compbio.bisulfitehic.mapping.Bhmem  - Unique mapped and paired reads 942706 ...
371893 [main] INFO main.java.edu.mit.compbio.bisulfitehic.mapping.Bhmem  - Processing reads 948000 ...
371893 [main] INFO main.java.edu.mit.compbio.bisulfitehic.mapping.Bhmem  - Unique mapped and paired reads 942706 ...
[M::mem_process_seqs] Processed 1001 reads in 1.241 CPU sec, 0.159 real sec
[M::mem_process_seqs] Processed 1001 reads in 1.009 CPU sec, 0.129 real sec
[M::mem_process_seqs] Processed 1001 reads in 1.167 CPU sec, 0.150 real sec
[M::mem_process_seqs] Processed 1001 reads in 1.085 CPU sec, 0.148 real sec
372656 [main] INFO main.java.edu.mit.compbio.bisulfitehic.mapping.Bhmem  - Processing reads 949000 ...
372656 [main] INFO main.java.edu.mit.compbio.bisulfitehic.mapping.Bhmem  - Unique mapped and paired reads 944700 ...
372659 [main] INFO main.java.edu.mit.compbio.bisulfitehic.mapping.Bhmem  - Processing reads 950000 ...
372659 [main] INFO main.java.edu.mit.compbio.bisulfitehic.mapping.Bhmem  - Unique mapped and paired reads 944700 ...
[M::mem_process_seqs] Processed 1001 reads in 1.161 CPU sec, 0.147 real sec
[M::mem_process_seqs] Processed 1001 reads in 0.958 CPU sec, 0.121 real sec
[M::mem_process_seqs] Processed 1001 reads in 1.216 CPU sec, 0.155 real sec
[M::mem_process_seqs] Processed 1001 reads in 1.044 CPU sec, 0.132 real sec
373391 [main] INFO main.java.edu.mit.compbio.bisulfitehic.mapping.Bhmem  - Processing reads 951000 ...
373391 [main] INFO main.java.edu.mit.compbio.bisulfitehic.mapping.Bhmem  - Unique mapped and paired reads 946696 ...
373394 [main] INFO main.java.edu.mit.compbio.bisulfitehic.mapping.Bhmem  - Processing reads 952000 ...
373394 [main] INFO main.java.edu.mit.compbio.bisulfitehic.mapping.Bhmem  - Unique mapped and paired reads 946696 ...
[M::mem_process_seqs] Processed 1001 reads in 1.212 CPU sec, 0.153 real sec
[M::mem_process_seqs] Processed 1001 reads in 1.037 CPU sec, 0.133 real sec
[M::mem_process_seqs] Processed 1001 reads in 1.318 CPU sec, 0.166 real sec
[M::mem_process_seqs] Processed 1001 reads in 1.210 CPU sec, 0.154 real sec
374176 [main] INFO main.java.edu.mit.compbio.bisulfitehic.mapping.Bhmem  - Processing reads 953000 ...
374176 [main] INFO main.java.edu.mit.compbio.bisulfitehic.mapping.Bhmem  - Unique mapped and paired reads 948694 ...
374179 [main] INFO main.java.edu.mit.compbio.bisulfitehic.mapping.Bhmem  - Processing reads 954000 ...
374179 [main] INFO main.java.edu.mit.compbio.bisulfitehic.mapping.Bhmem  - Unique mapped and paired reads 948694 ...
[M::mem_process_seqs] Processed 1001 reads in 1.121 CPU sec, 0.145 real sec
[M::mem_process_seqs] Processed 1001 reads in 0.962 CPU sec, 0.123 real sec
[M::mem_process_seqs] Processed 1001 reads in 1.178 CPU sec, 0.149 real sec
[M::mem_process_seqs] Processed 1001 reads in 1.121 CPU sec, 0.146 real sec
374924 [main] INFO main.java.edu.mit.compbio.bisulfitehic.mapping.Bhmem  - Processing reads 955000 ...
374924 [main] INFO main.java.edu.mit.compbio.bisulfitehic.mapping.Bhmem  - Unique mapped and paired reads 950692 ...
374927 [main] INFO main.java.edu.mit.compbio.bisulfitehic.mapping.Bhmem  - Processing reads 956000 ...
374927 [main] INFO main.java.edu.mit.compbio.bisulfitehic.mapping.Bhmem  - Unique mapped and paired reads 950692 ...
[M::mem_process_seqs] Processed 1001 reads in 1.157 CPU sec, 0.146 real sec
[M::mem_process_seqs] Processed 1001 reads in 0.943 CPU sec, 0.122 real sec
[M::mem_process_seqs] Processed 1001 reads in 1.240 CPU sec, 0.158 real sec
[M::mem_process_seqs] Processed 1001 reads in 1.088 CPU sec, 0.143 real sec
375694 [main] INFO main.java.edu.mit.compbio.bisulfitehic.mapping.Bhmem  - Processing reads 957000 ...
375694 [main] INFO main.java.edu.mit.compbio.bisulfitehic.mapping.Bhmem  - Unique mapped and paired reads 952688 ...
375697 [main] INFO main.java.edu.mit.compbio.bisulfitehic.mapping.Bhmem  - Processing reads 958000 ...
375697 [main] INFO main.java.edu.mit.compbio.bisulfitehic.mapping.Bhmem  - Unique mapped and paired reads 952688 ...
[M::mem_process_seqs] Processed 1001 reads in 1.174 CPU sec, 0.166 real sec
[M::mem_process_seqs] Processed 1001 reads in 1.030 CPU sec, 0.130 real sec
[M::mem_process_seqs] Processed 1001 reads in 1.226 CPU sec, 0.168 real sec
[M::mem_process_seqs] Processed 1001 reads in 1.132 CPU sec, 0.143 real sec
376481 [main] INFO main.java.edu.mit.compbio.bisulfitehic.mapping.Bhmem  - Processing reads 959000 ...
376481 [main] INFO main.java.edu.mit.compbio.bisulfitehic.mapping.Bhmem  - Unique mapped and paired reads 954686 ...
376484 [main] INFO main.java.edu.mit.compbio.bisulfitehic.mapping.Bhmem  - Processing reads 960000 ...
376484 [main] INFO main.java.edu.mit.compbio.bisulfitehic.mapping.Bhmem  - Unique mapped and paired reads 954686 ...
[M::mem_process_seqs] Processed 1001 reads in 1.166 CPU sec, 0.148 real sec
[M::mem_process_seqs] Processed 1001 reads in 0.937 CPU sec, 0.118 real sec
[M::mem_process_seqs] Processed 1001 reads in 1.298 CPU sec, 0.170 real sec
[M::mem_process_seqs] Processed 1001 reads in 1.101 CPU sec, 0.141 real sec
377263 [main] INFO main.java.edu.mit.compbio.bisulfitehic.mapping.Bhmem  - Processing reads 961000 ...
377263 [main] INFO main.java.edu.mit.compbio.bisulfitehic.mapping.Bhmem  - Unique mapped and paired reads 956684 ...
377266 [main] INFO main.java.edu.mit.compbio.bisulfitehic.mapping.Bhmem  - Processing reads 962000 ...
377266 [main] INFO main.java.edu.mit.compbio.bisulfitehic.mapping.Bhmem  - Unique mapped and paired reads 956684 ...
[M::mem_process_seqs] Processed 1001 reads in 1.169 CPU sec, 0.149 real sec
[M::mem_process_seqs] Processed 1001 reads in 0.967 CPU sec, 0.123 real sec
[M::mem_process_seqs] Processed 1001 reads in 1.286 CPU sec, 0.163 real sec
[M::mem_process_seqs] Processed 1001 reads in 1.039 CPU sec, 0.134 real sec
378016 [main] INFO main.java.edu.mit.compbio.bisulfitehic.mapping.Bhmem  - Processing reads 963000 ...
378016 [main] INFO main.java.edu.mit.compbio.bisulfitehic.mapping.Bhmem  - Unique mapped and paired reads 958674 ...
378019 [main] INFO main.java.edu.mit.compbio.bisulfitehic.mapping.Bhmem  - Processing reads 964000 ...
378019 [main] INFO main.java.edu.mit.compbio.bisulfitehic.mapping.Bhmem  - Unique mapped and paired reads 958674 ...
[M::mem_process_seqs] Processed 1001 reads in 1.217 CPU sec, 0.156 real sec
[M::mem_process_seqs] Processed 1001 reads in 0.982 CPU sec, 0.127 real sec
[M::mem_process_seqs] Processed 1001 reads in 1.294 CPU sec, 0.163 real sec
[M::mem_process_seqs] Processed 1001 reads in 1.126 CPU sec, 0.143 real sec
378802 [main] INFO main.java.edu.mit.compbio.bisulfitehic.mapping.Bhmem  - Processing reads 965000 ...
378802 [main] INFO main.java.edu.mit.compbio.bisulfitehic.mapping.Bhmem  - Unique mapped and paired reads 960676 ...
378805 [main] INFO main.java.edu.mit.compbio.bisulfitehic.mapping.Bhmem  - Processing reads 966000 ...
378805 [main] INFO main.java.edu.mit.compbio.bisulfitehic.mapping.Bhmem  - Unique mapped and paired reads 960676 ...
[M::mem_process_seqs] Processed 1001 reads in 1.214 CPU sec, 0.157 real sec
[M::mem_process_seqs] Processed 1001 reads in 1.056 CPU sec, 0.135 real sec
[M::mem_process_seqs] Processed 1001 reads in 1.234 CPU sec, 0.158 real sec
[M::mem_process_seqs] Processed 1001 reads in 1.131 CPU sec, 0.144 real sec
379584 [main] INFO main.java.edu.mit.compbio.bisulfitehic.mapping.Bhmem  - Processing reads 967000 ...
379584 [main] INFO main.java.edu.mit.compbio.bisulfitehic.mapping.Bhmem  - Unique mapped and paired reads 962670 ...
379587 [main] INFO main.java.edu.mit.compbio.bisulfitehic.mapping.Bhmem  - Processing reads 968000 ...
379587 [main] INFO main.java.edu.mit.compbio.bisulfitehic.mapping.Bhmem  - Unique mapped and paired reads 962670 ...
[M::mem_process_seqs] Processed 1001 reads in 1.175 CPU sec, 0.150 real sec
[M::mem_process_seqs] Processed 1001 reads in 0.939 CPU sec, 0.120 real sec
[M::mem_process_seqs] Processed 1001 reads in 1.294 CPU sec, 0.164 real sec
[M::mem_process_seqs] Processed 1001 reads in 1.053 CPU sec, 0.134 real sec
380340 [main] INFO main.java.edu.mit.compbio.bisulfitehic.mapping.Bhmem  - Processing reads 969000 ...
380340 [main] INFO main.java.edu.mit.compbio.bisulfitehic.mapping.Bhmem  - Unique mapped and paired reads 964664 ...
380343 [main] INFO main.java.edu.mit.compbio.bisulfitehic.mapping.Bhmem  - Processing reads 970000 ...
380343 [main] INFO main.java.edu.mit.compbio.bisulfitehic.mapping.Bhmem  - Unique mapped and paired reads 964664 ...
[M::mem_process_seqs] Processed 1001 reads in 1.189 CPU sec, 0.154 real sec
[M::mem_process_seqs] Processed 1001 reads in 1.066 CPU sec, 0.136 real sec
[M::mem_process_seqs] Processed 1001 reads in 1.306 CPU sec, 0.165 real sec
[M::mem_process_seqs] Processed 1001 reads in 1.143 CPU sec, 0.146 real sec
381123 [main] INFO main.java.edu.mit.compbio.bisulfitehic.mapping.Bhmem  - Processing reads 971000 ...
381123 [main] INFO main.java.edu.mit.compbio.bisulfitehic.mapping.Bhmem  - Unique mapped and paired reads 966648 ...
381126 [main] INFO main.java.edu.mit.compbio.bisulfitehic.mapping.Bhmem  - Processing reads 972000 ...
381126 [main] INFO main.java.edu.mit.compbio.bisulfitehic.mapping.Bhmem  - Unique mapped and paired reads 966648 ...
[M::mem_process_seqs] Processed 1001 reads in 1.173 CPU sec, 0.149 real sec
[M::mem_process_seqs] Processed 1001 reads in 0.967 CPU sec, 0.123 real sec
[M::mem_process_seqs] Processed 1001 reads in 1.212 CPU sec, 0.154 real sec
[M::mem_process_seqs] Processed 1001 reads in 1.009 CPU sec, 0.128 real sec
381859 [main] INFO main.java.edu.mit.compbio.bisulfitehic.mapping.Bhmem  - Processing reads 973000 ...
381859 [main] INFO main.java.edu.mit.compbio.bisulfitehic.mapping.Bhmem  - Unique mapped and paired reads 968644 ...
381862 [main] INFO main.java.edu.mit.compbio.bisulfitehic.mapping.Bhmem  - Processing reads 974000 ...
381862 [main] INFO main.java.edu.mit.compbio.bisulfitehic.mapping.Bhmem  - Unique mapped and paired reads 968644 ...
[M::mem_process_seqs] Processed 1001 reads in 1.194 CPU sec, 0.151 real sec
[M::mem_process_seqs] Processed 1001 reads in 1.009 CPU sec, 0.129 real sec
[M::mem_process_seqs] Processed 1001 reads in 1.244 CPU sec, 0.157 real sec
[M::mem_process_seqs] Processed 1001 reads in 1.098 CPU sec, 0.142 real sec
382620 [main] INFO main.java.edu.mit.compbio.bisulfitehic.mapping.Bhmem  - Processing reads 975000 ...
382620 [main] INFO main.java.edu.mit.compbio.bisulfitehic.mapping.Bhmem  - Unique mapped and paired reads 970640 ...
382623 [main] INFO main.java.edu.mit.compbio.bisulfitehic.mapping.Bhmem  - Processing reads 976000 ...
382623 [main] INFO main.java.edu.mit.compbio.bisulfitehic.mapping.Bhmem  - Unique mapped and paired reads 970640 ...
[M::mem_process_seqs] Processed 1001 reads in 1.154 CPU sec, 0.154 real sec
[M::mem_process_seqs] Processed 1001 reads in 0.994 CPU sec, 0.129 real sec
[M::mem_process_seqs] Processed 1001 reads in 1.300 CPU sec, 0.164 real sec
[M::mem_process_seqs] Processed 1001 reads in 1.112 CPU sec, 0.141 real sec
383389 [main] INFO main.java.edu.mit.compbio.bisulfitehic.mapping.Bhmem  - Processing reads 977000 ...
383389 [main] INFO main.java.edu.mit.compbio.bisulfitehic.mapping.Bhmem  - Unique mapped and paired reads 972630 ...
383393 [main] INFO main.java.edu.mit.compbio.bisulfitehic.mapping.Bhmem  - Processing reads 978000 ...
383393 [main] INFO main.java.edu.mit.compbio.bisulfitehic.mapping.Bhmem  - Unique mapped and paired reads 972630 ...
[M::mem_process_seqs] Processed 1001 reads in 1.294 CPU sec, 0.163 real sec
[M::mem_process_seqs] Processed 1001 reads in 0.962 CPU sec, 0.121 real sec
[M::mem_process_seqs] Processed 1001 reads in 1.360 CPU sec, 0.179 real sec
[M::mem_process_seqs] Processed 1001 reads in 1.163 CPU sec, 0.147 real sec
384187 [main] INFO main.java.edu.mit.compbio.bisulfitehic.mapping.Bhmem  - Processing reads 979000 ...
384187 [main] INFO main.java.edu.mit.compbio.bisulfitehic.mapping.Bhmem  - Unique mapped and paired reads 974630 ...
384191 [main] INFO main.java.edu.mit.compbio.bisulfitehic.mapping.Bhmem  - Processing reads 980000 ...
384191 [main] INFO main.java.edu.mit.compbio.bisulfitehic.mapping.Bhmem  - Unique mapped and paired reads 974630 ...
[M::mem_process_seqs] Processed 1001 reads in 1.195 CPU sec, 0.152 real sec
[M::mem_process_seqs] Processed 1001 reads in 0.968 CPU sec, 0.124 real sec
[M::mem_process_seqs] Processed 1001 reads in 1.186 CPU sec, 0.149 real sec
[M::mem_process_seqs] Processed 1001 reads in 1.101 CPU sec, 0.141 real sec
384937 [main] INFO main.java.edu.mit.compbio.bisulfitehic.mapping.Bhmem  - Processing reads 981000 ...
384937 [main] INFO main.java.edu.mit.compbio.bisulfitehic.mapping.Bhmem  - Unique mapped and paired reads 976624 ...
384940 [main] INFO main.java.edu.mit.compbio.bisulfitehic.mapping.Bhmem  - Processing reads 982000 ...
384940 [main] INFO main.java.edu.mit.compbio.bisulfitehic.mapping.Bhmem  - Unique mapped and paired reads 976624 ...
[M::mem_process_seqs] Processed 1001 reads in 1.234 CPU sec, 0.161 real sec
[M::mem_process_seqs] Processed 1001 reads in 1.084 CPU sec, 0.153 real sec
[M::mem_process_seqs] Processed 1001 reads in 1.387 CPU sec, 0.182 real sec
[M::mem_process_seqs] Processed 1001 reads in 1.195 CPU sec, 0.151 real sec
385777 [main] INFO main.java.edu.mit.compbio.bisulfitehic.mapping.Bhmem  - Processing reads 983000 ...
385777 [main] INFO main.java.edu.mit.compbio.bisulfitehic.mapping.Bhmem  - Unique mapped and paired reads 978620 ...
385780 [main] INFO main.java.edu.mit.compbio.bisulfitehic.mapping.Bhmem  - Processing reads 984000 ...
385780 [main] INFO main.java.edu.mit.compbio.bisulfitehic.mapping.Bhmem  - Unique mapped and paired reads 978620 ...
[M::mem_process_seqs] Processed 1001 reads in 1.208 CPU sec, 0.154 real sec
[M::mem_process_seqs] Processed 1001 reads in 1.031 CPU sec, 0.133 real sec
[M::mem_process_seqs] Processed 1001 reads in 1.351 CPU sec, 0.173 real sec
[M::mem_process_seqs] Processed 1001 reads in 1.146 CPU sec, 0.146 real sec
386572 [main] INFO main.java.edu.mit.compbio.bisulfitehic.mapping.Bhmem  - Processing reads 985000 ...
386572 [main] INFO main.java.edu.mit.compbio.bisulfitehic.mapping.Bhmem  - Unique mapped and paired reads 980620 ...
386575 [main] INFO main.java.edu.mit.compbio.bisulfitehic.mapping.Bhmem  - Processing reads 986000 ...
386575 [main] INFO main.java.edu.mit.compbio.bisulfitehic.mapping.Bhmem  - Unique mapped and paired reads 980620 ...
[M::mem_process_seqs] Processed 1001 reads in 1.229 CPU sec, 0.156 real sec
[M::mem_process_seqs] Processed 1001 reads in 0.958 CPU sec, 0.121 real sec
[M::mem_process_seqs] Processed 1001 reads in 1.316 CPU sec, 0.170 real sec
[M::mem_process_seqs] Processed 1001 reads in 1.124 CPU sec, 0.145 real sec
387356 [main] INFO main.java.edu.mit.compbio.bisulfitehic.mapping.Bhmem  - Processing reads 987000 ...
387356 [main] INFO main.java.edu.mit.compbio.bisulfitehic.mapping.Bhmem  - Unique mapped and paired reads 982616 ...
387359 [main] INFO main.java.edu.mit.compbio.bisulfitehic.mapping.Bhmem  - Processing reads 988000 ...
387359 [main] INFO main.java.edu.mit.compbio.bisulfitehic.mapping.Bhmem  - Unique mapped and paired reads 982616 ...
[M::mem_process_seqs] Processed 1001 reads in 1.130 CPU sec, 0.144 real sec
[M::mem_process_seqs] Processed 1001 reads in 0.998 CPU sec, 0.127 real sec
[M::mem_process_seqs] Processed 1001 reads in 1.288 CPU sec, 0.163 real sec
[M::mem_process_seqs] Processed 1001 reads in 1.139 CPU sec, 0.145 real sec
388118 [main] INFO main.java.edu.mit.compbio.bisulfitehic.mapping.Bhmem  - Processing reads 989000 ...
388118 [main] INFO main.java.edu.mit.compbio.bisulfitehic.mapping.Bhmem  - Unique mapped and paired reads 984614 ...
388121 [main] INFO main.java.edu.mit.compbio.bisulfitehic.mapping.Bhmem  - Processing reads 990000 ...
388121 [main] INFO main.java.edu.mit.compbio.bisulfitehic.mapping.Bhmem  - Unique mapped and paired reads 984614 ...
[M::mem_process_seqs] Processed 1001 reads in 1.211 CPU sec, 0.154 real sec
[M::mem_process_seqs] Processed 1001 reads in 0.961 CPU sec, 0.122 real sec
[M::mem_process_seqs] Processed 1001 reads in 1.323 CPU sec, 0.182 real sec
[M::mem_process_seqs] Processed 1001 reads in 1.167 CPU sec, 0.150 real sec
388927 [main] INFO main.java.edu.mit.compbio.bisulfitehic.mapping.Bhmem  - Processing reads 991000 ...
388927 [main] INFO main.java.edu.mit.compbio.bisulfitehic.mapping.Bhmem  - Unique mapped and paired reads 986610 ...
388930 [main] INFO main.java.edu.mit.compbio.bisulfitehic.mapping.Bhmem  - Processing reads 992000 ...
388931 [main] INFO main.java.edu.mit.compbio.bisulfitehic.mapping.Bhmem  - Unique mapped and paired reads 986610 ...
[M::mem_process_seqs] Processed 1001 reads in 1.202 CPU sec, 0.152 real sec
[M::mem_process_seqs] Processed 1001 reads in 0.924 CPU sec, 0.118 real sec
[M::mem_process_seqs] Processed 1001 reads in 1.299 CPU sec, 0.164 real sec
[M::mem_process_seqs] Processed 1001 reads in 1.048 CPU sec, 0.133 real sec
389683 [main] INFO main.java.edu.mit.compbio.bisulfitehic.mapping.Bhmem  - Processing reads 993000 ...
389683 [main] INFO main.java.edu.mit.compbio.bisulfitehic.mapping.Bhmem  - Unique mapped and paired reads 988608 ...
389686 [main] INFO main.java.edu.mit.compbio.bisulfitehic.mapping.Bhmem  - Processing reads 994000 ...
389686 [main] INFO main.java.edu.mit.compbio.bisulfitehic.mapping.Bhmem  - Unique mapped and paired reads 988608 ...
[M::mem_process_seqs] Processed 1001 reads in 1.271 CPU sec, 0.164 real sec
[M::mem_process_seqs] Processed 1001 reads in 1.035 CPU sec, 0.131 real sec
[M::mem_process_seqs] Processed 1001 reads in 1.256 CPU sec, 0.165 real sec
[M::mem_process_seqs] Processed 1001 reads in 1.118 CPU sec, 0.143 real sec
390469 [main] INFO main.java.edu.mit.compbio.bisulfitehic.mapping.Bhmem  - Processing reads 995000 ...
390469 [main] INFO main.java.edu.mit.compbio.bisulfitehic.mapping.Bhmem  - Unique mapped and paired reads 990604 ...
390472 [main] INFO main.java.edu.mit.compbio.bisulfitehic.mapping.Bhmem  - Processing reads 996000 ...
390472 [main] INFO main.java.edu.mit.compbio.bisulfitehic.mapping.Bhmem  - Unique mapped and paired reads 990604 ...
[M::mem_process_seqs] Processed 1001 reads in 1.150 CPU sec, 0.146 real sec
[M::mem_process_seqs] Processed 1001 reads in 0.931 CPU sec, 0.119 real sec
[M::mem_process_seqs] Processed 1001 reads in 1.223 CPU sec, 0.157 real sec
[M::mem_process_seqs] Processed 1001 reads in 1.059 CPU sec, 0.134 real sec
391205 [main] INFO main.java.edu.mit.compbio.bisulfitehic.mapping.Bhmem  - Processing reads 997000 ...
391205 [main] INFO main.java.edu.mit.compbio.bisulfitehic.mapping.Bhmem  - Unique mapped and paired reads 992596 ...
391208 [main] INFO main.java.edu.mit.compbio.bisulfitehic.mapping.Bhmem  - Processing reads 998000 ...
391208 [main] INFO main.java.edu.mit.compbio.bisulfitehic.mapping.Bhmem  - Unique mapped and paired reads 992596 ...
[M::mem_process_seqs] Processed 1001 reads in 1.190 CPU sec, 0.151 real sec
[M::mem_process_seqs] Processed 1001 reads in 0.990 CPU sec, 0.127 real sec
[M::mem_process_seqs] Processed 1001 reads in 1.285 CPU sec, 0.163 real sec
[M::mem_process_seqs] Processed 1001 reads in 1.117 CPU sec, 0.144 real sec
391976 [main] INFO main.java.edu.mit.compbio.bisulfitehic.mapping.Bhmem  - Processing reads 999000 ...
391976 [main] INFO main.java.edu.mit.compbio.bisulfitehic.mapping.Bhmem  - Unique mapped and paired reads 994590 ...
391979 [main] INFO main.java.edu.mit.compbio.bisulfitehic.mapping.Bhmem  - Processing reads 1000000 ...
391979 [main] INFO main.java.edu.mit.compbio.bisulfitehic.mapping.Bhmem  - Unique mapped and paired reads 994590 ...
391982 [main] INFO main.java.edu.mit.compbio.bisulfitehic.mapping.Bhmem  - Processing reads 1001000 ...
391982 [main] INFO main.java.edu.mit.compbio.bisulfitehic.mapping.Bhmem  - Unique mapped and paired reads 994590 ...
[M::mem_process_seqs] Processed 1001 reads in 1.242 CPU sec, 0.157 real sec
[M::mem_process_seqs] Processed 1001 reads in 0.976 CPU sec, 0.124 real sec
[M::mem_process_seqs] Processed 1001 reads in 1.277 CPU sec, 0.173 real sec
[M::mem_process_seqs] Processed 1001 reads in 1.118 CPU sec, 0.142 real sec
392754 [main] INFO main.java.edu.mit.compbio.bisulfitehic.mapping.Bhmem  - Processing reads 1002000 ...
392754 [main] INFO main.java.edu.mit.compbio.bisulfitehic.mapping.Bhmem  - Unique mapped and paired reads 996580 ...
392757 [main] INFO main.java.edu.mit.compbio.bisulfitehic.mapping.Bhmem  - Processing reads 1003000 ...
392757 [main] INFO main.java.edu.mit.compbio.bisulfitehic.mapping.Bhmem  - Unique mapped and paired reads 996580 ...
[M::mem_process_seqs] Processed 1001 reads in 1.101 CPU sec, 0.141 real sec
[M::mem_process_seqs] Processed 1001 reads in 0.943 CPU sec, 0.121 real sec
[M::mem_process_seqs] Processed 1001 reads in 1.228 CPU sec, 0.155 real sec
[M::mem_process_seqs] Processed 1001 reads in 1.065 CPU sec, 0.136 real sec
393490 [main] INFO main.java.edu.mit.compbio.bisulfitehic.mapping.Bhmem  - Processing reads 1004000 ...
393490 [main] INFO main.java.edu.mit.compbio.bisulfitehic.mapping.Bhmem  - Unique mapped and paired reads 998572 ...
393494 [main] INFO main.java.edu.mit.compbio.bisulfitehic.mapping.Bhmem  - Processing reads 1005000 ...
393494 [main] INFO main.java.edu.mit.compbio.bisulfitehic.mapping.Bhmem  - Unique mapped and paired reads 998572 ...
[M::mem_process_seqs] Processed 1001 reads in 1.204 CPU sec, 0.155 real sec
[M::mem_process_seqs] Processed 1001 reads in 0.986 CPU sec, 0.127 real sec
[M::mem_process_seqs] Processed 1001 reads in 1.274 CPU sec, 0.161 real sec
[M::mem_process_seqs] Processed 1001 reads in 1.125 CPU sec, 0.145 real sec
394264 [main] INFO main.java.edu.mit.compbio.bisulfitehic.mapping.Bhmem  - Processing reads 1006000 ...
394264 [main] INFO main.java.edu.mit.compbio.bisulfitehic.mapping.Bhmem  - Unique mapped and paired reads 1000564 ...
394320 [main] INFO main.java.edu.mit.compbio.bisulfitehic.mapping.Bhmem  - Processing reads 1007000 ...
394320 [main] INFO main.java.edu.mit.compbio.bisulfitehic.mapping.Bhmem  - Unique mapped and paired reads 1000564 ...
[M::mem_process_seqs] Processed 1001 reads in 1.193 CPU sec, 0.155 real sec
[M::mem_process_seqs] Processed 1001 reads in 1.007 CPU sec, 0.131 real sec
[M::mem_process_seqs] Processed 1001 reads in 1.273 CPU sec, 0.162 real sec
[M::mem_process_seqs] Processed 1001 reads in 1.123 CPU sec, 0.157 real sec
395106 [main] INFO main.java.edu.mit.compbio.bisulfitehic.mapping.Bhmem  - Processing reads 1008000 ...
395106 [main] INFO main.java.edu.mit.compbio.bisulfitehic.mapping.Bhmem  - Unique mapped and paired reads 1002560 ...
395109 [main] INFO main.java.edu.mit.compbio.bisulfitehic.mapping.Bhmem  - Processing reads 1009000 ...
395109 [main] INFO main.java.edu.mit.compbio.bisulfitehic.mapping.Bhmem  - Unique mapped and paired reads 1002560 ...
[M::mem_process_seqs] Processed 1001 reads in 1.193 CPU sec, 0.152 real sec
[M::mem_process_seqs] Processed 1001 reads in 0.967 CPU sec, 0.124 real sec
[M::mem_process_seqs] Processed 1001 reads in 1.345 CPU sec, 0.171 real sec
[M::mem_process_seqs] Processed 1001 reads in 1.110 CPU sec, 0.144 real sec
395895 [main] INFO main.java.edu.mit.compbio.bisulfitehic.mapping.Bhmem  - Processing reads 1010000 ...
395895 [main] INFO main.java.edu.mit.compbio.bisulfitehic.mapping.Bhmem  - Unique mapped and paired reads 1004556 ...
395898 [main] INFO main.java.edu.mit.compbio.bisulfitehic.mapping.Bhmem  - Processing reads 1011000 ...
395898 [main] INFO main.java.edu.mit.compbio.bisulfitehic.mapping.Bhmem  - Unique mapped and paired reads 1004556 ...
[M::mem_process_seqs] Processed 1001 reads in 1.275 CPU sec, 0.162 real sec
[M::mem_process_seqs] Processed 1001 reads in 0.999 CPU sec, 0.127 real sec
[M::mem_process_seqs] Processed 1001 reads in 1.307 CPU sec, 0.167 real sec
[M::mem_process_seqs] Processed 1001 reads in 1.085 CPU sec, 0.137 real sec
396670 [main] INFO main.java.edu.mit.compbio.bisulfitehic.mapping.Bhmem  - Processing reads 1012000 ...
396670 [main] INFO main.java.edu.mit.compbio.bisulfitehic.mapping.Bhmem  - Unique mapped and paired reads 1006550 ...
396673 [main] INFO main.java.edu.mit.compbio.bisulfitehic.mapping.Bhmem  - Processing reads 1013000 ...
396673 [main] INFO main.java.edu.mit.compbio.bisulfitehic.mapping.Bhmem  - Unique mapped and paired reads 1006550 ...
[M::mem_process_seqs] Processed 1001 reads in 1.240 CPU sec, 0.165 real sec
[M::mem_process_seqs] Processed 1001 reads in 1.023 CPU sec, 0.130 real sec
[M::mem_process_seqs] Processed 1001 reads in 1.367 CPU sec, 0.174 real sec
[M::mem_process_seqs] Processed 1001 reads in 1.191 CPU sec, 0.151 real sec
397554 [main] INFO main.java.edu.mit.compbio.bisulfitehic.mapping.Bhmem  - Processing reads 1014000 ...
397555 [main] INFO main.java.edu.mit.compbio.bisulfitehic.mapping.Bhmem  - Unique mapped and paired reads 1008540 ...
397558 [main] INFO main.java.edu.mit.compbio.bisulfitehic.mapping.Bhmem  - Processing reads 1015000 ...
397558 [main] INFO main.java.edu.mit.compbio.bisulfitehic.mapping.Bhmem  - Unique mapped and paired reads 1008540 ...
[M::mem_process_seqs] Processed 1001 reads in 1.152 CPU sec, 0.146 real sec
[M::mem_process_seqs] Processed 1001 reads in 0.985 CPU sec, 0.126 real sec
[M::mem_process_seqs] Processed 1001 reads in 1.203 CPU sec, 0.153 real sec
[M::mem_process_seqs] Processed 1001 reads in 1.111 CPU sec, 0.144 real sec
398312 [main] INFO main.java.edu.mit.compbio.bisulfitehic.mapping.Bhmem  - Processing reads 1016000 ...
398312 [main] INFO main.java.edu.mit.compbio.bisulfitehic.mapping.Bhmem  - Unique mapped and paired reads 1010526 ...
398315 [main] INFO main.java.edu.mit.compbio.bisulfitehic.mapping.Bhmem  - Processing reads 1017000 ...
398315 [main] INFO main.java.edu.mit.compbio.bisulfitehic.mapping.Bhmem  - Unique mapped and paired reads 1010526 ...
[M::mem_process_seqs] Processed 1001 reads in 1.247 CPU sec, 0.158 real sec
[M::mem_process_seqs] Processed 1001 reads in 0.983 CPU sec, 0.126 real sec
[M::mem_process_seqs] Processed 1001 reads in 1.370 CPU sec, 0.178 real sec
[M::mem_process_seqs] Processed 1001 reads in 1.041 CPU sec, 0.135 real sec
399095 [main] INFO main.java.edu.mit.compbio.bisulfitehic.mapping.Bhmem  - Processing reads 1018000 ...
399096 [main] INFO main.java.edu.mit.compbio.bisulfitehic.mapping.Bhmem  - Unique mapped and paired reads 1012518 ...
399099 [main] INFO main.java.edu.mit.compbio.bisulfitehic.mapping.Bhmem  - Processing reads 1019000 ...
399099 [main] INFO main.java.edu.mit.compbio.bisulfitehic.mapping.Bhmem  - Unique mapped and paired reads 1012518 ...
[M::mem_process_seqs] Processed 1001 reads in 1.165 CPU sec, 0.150 real sec
[M::mem_process_seqs] Processed 1001 reads in 0.952 CPU sec, 0.121 real sec
[M::mem_process_seqs] Processed 1001 reads in 1.277 CPU sec, 0.167 real sec
[M::mem_process_seqs] Processed 1001 reads in 1.188 CPU sec, 0.150 real sec
399863 [main] INFO main.java.edu.mit.compbio.bisulfitehic.mapping.Bhmem  - Processing reads 1020000 ...
399863 [main] INFO main.java.edu.mit.compbio.bisulfitehic.mapping.Bhmem  - Unique mapped and paired reads 1014514 ...
399866 [main] INFO main.java.edu.mit.compbio.bisulfitehic.mapping.Bhmem  - Processing reads 1021000 ...
399866 [main] INFO main.java.edu.mit.compbio.bisulfitehic.mapping.Bhmem  - Unique mapped and paired reads 1014514 ...
[M::mem_process_seqs] Processed 1001 reads in 1.180 CPU sec, 0.150 real sec
[M::mem_process_seqs] Processed 1001 reads in 0.978 CPU sec, 0.125 real sec
[M::mem_process_seqs] Processed 1001 reads in 1.220 CPU sec, 0.156 real sec
[M::mem_process_seqs] Processed 1001 reads in 1.091 CPU sec, 0.139 real sec
400615 [main] INFO main.java.edu.mit.compbio.bisulfitehic.mapping.Bhmem  - Processing reads 1022000 ...
400615 [main] INFO main.java.edu.mit.compbio.bisulfitehic.mapping.Bhmem  - Unique mapped and paired reads 1016510 ...
400618 [main] INFO main.java.edu.mit.compbio.bisulfitehic.mapping.Bhmem  - Processing reads 1023000 ...
400618 [main] INFO main.java.edu.mit.compbio.bisulfitehic.mapping.Bhmem  - Unique mapped and paired reads 1016510 ...
[M::mem_process_seqs] Processed 1001 reads in 1.348 CPU sec, 0.170 real sec
[M::mem_process_seqs] Processed 1001 reads in 1.095 CPU sec, 0.139 real sec
[M::mem_process_seqs] Processed 1001 reads in 1.279 CPU sec, 0.163 real sec
[M::mem_process_seqs] Processed 1001 reads in 1.063 CPU sec, 0.137 real sec
401455 [main] INFO main.java.edu.mit.compbio.bisulfitehic.mapping.Bhmem  - Processing reads 1024000 ...
401455 [main] INFO main.java.edu.mit.compbio.bisulfitehic.mapping.Bhmem  - Unique mapped and paired reads 1018504 ...
401458 [main] INFO main.java.edu.mit.compbio.bisulfitehic.mapping.Bhmem  - Processing reads 1025000 ...
401458 [main] INFO main.java.edu.mit.compbio.bisulfitehic.mapping.Bhmem  - Unique mapped and paired reads 1018504 ...
[M::mem_process_seqs] Processed 1001 reads in 1.428 CPU sec, 0.180 real sec
[M::mem_process_seqs] Processed 1001 reads in 1.176 CPU sec, 0.149 real sec
[M::mem_process_seqs] Processed 1001 reads in 1.216 CPU sec, 0.154 real sec
[M::mem_process_seqs] Processed 1001 reads in 0.974 CPU sec, 0.125 real sec
402325 [main] INFO main.java.edu.mit.compbio.bisulfitehic.mapping.Bhmem  - Processing reads 1026000 ...
402325 [main] INFO main.java.edu.mit.compbio.bisulfitehic.mapping.Bhmem  - Unique mapped and paired reads 1020474 ...
402329 [main] INFO main.java.edu.mit.compbio.bisulfitehic.mapping.Bhmem  - Processing reads 1027000 ...
402329 [main] INFO main.java.edu.mit.compbio.bisulfitehic.mapping.Bhmem  - Unique mapped and paired reads 1020474 ...
[M::mem_process_seqs] Processed 1001 reads in 1.485 CPU sec, 0.188 real sec
[M::mem_process_seqs] Processed 1001 reads in 1.213 CPU sec, 0.153 real sec
[M::mem_process_seqs] Processed 1001 reads in 1.199 CPU sec, 0.153 real sec
[M::mem_process_seqs] Processed 1001 reads in 0.941 CPU sec, 0.121 real sec
403223 [main] INFO main.java.edu.mit.compbio.bisulfitehic.mapping.Bhmem  - Processing reads 1028000 ...
403223 [main] INFO main.java.edu.mit.compbio.bisulfitehic.mapping.Bhmem  - Unique mapped and paired reads 1022464 ...
403226 [main] INFO main.java.edu.mit.compbio.bisulfitehic.mapping.Bhmem  - Processing reads 1029000 ...
403226 [main] INFO main.java.edu.mit.compbio.bisulfitehic.mapping.Bhmem  - Unique mapped and paired reads 1022464 ...
[M::mem_process_seqs] Processed 1001 reads in 1.460 CPU sec, 0.184 real sec
[M::mem_process_seqs] Processed 1001 reads in 1.191 CPU sec, 0.150 real sec
[M::mem_process_seqs] Processed 1001 reads in 1.057 CPU sec, 0.136 real sec
[M::mem_process_seqs] Processed 1001 reads in 0.909 CPU sec, 0.118 real sec
404074 [main] INFO main.java.edu.mit.compbio.bisulfitehic.mapping.Bhmem  - Processing reads 1030000 ...
404075 [main] INFO main.java.edu.mit.compbio.bisulfitehic.mapping.Bhmem  - Unique mapped and paired reads 1024450 ...
404078 [main] INFO main.java.edu.mit.compbio.bisulfitehic.mapping.Bhmem  - Processing reads 1031000 ...
404078 [main] INFO main.java.edu.mit.compbio.bisulfitehic.mapping.Bhmem  - Unique mapped and paired reads 1024450 ...
[M::mem_process_seqs] Processed 1001 reads in 1.279 CPU sec, 0.167 real sec
[M::mem_process_seqs] Processed 1001 reads in 1.111 CPU sec, 0.151 real sec
[M::mem_process_seqs] Processed 1001 reads in 1.207 CPU sec, 0.154 real sec
[M::mem_process_seqs] Processed 1001 reads in 1.016 CPU sec, 0.130 real sec
404905 [main] INFO main.java.edu.mit.compbio.bisulfitehic.mapping.Bhmem  - Processing reads 1032000 ...
404905 [main] INFO main.java.edu.mit.compbio.bisulfitehic.mapping.Bhmem  - Unique mapped and paired reads 1026446 ...
404908 [main] INFO main.java.edu.mit.compbio.bisulfitehic.mapping.Bhmem  - Processing reads 1033000 ...
404908 [main] INFO main.java.edu.mit.compbio.bisulfitehic.mapping.Bhmem  - Unique mapped and paired reads 1026446 ...
[M::mem_process_seqs] Processed 1001 reads in 1.158 CPU sec, 0.148 real sec
[M::mem_process_seqs] Processed 1001 reads in 0.926 CPU sec, 0.119 real sec
[M::mem_process_seqs] Processed 1001 reads in 1.152 CPU sec, 0.146 real sec
[M::mem_process_seqs] Processed 1001 reads in 1.076 CPU sec, 0.138 real sec
405638 [main] INFO main.java.edu.mit.compbio.bisulfitehic.mapping.Bhmem  - Processing reads 1034000 ...
405638 [main] INFO main.java.edu.mit.compbio.bisulfitehic.mapping.Bhmem  - Unique mapped and paired reads 1028440 ...
405641 [main] INFO main.java.edu.mit.compbio.bisulfitehic.mapping.Bhmem  - Processing reads 1035000 ...
405641 [main] INFO main.java.edu.mit.compbio.bisulfitehic.mapping.Bhmem  - Unique mapped and paired reads 1028440 ...
[M::mem_process_seqs] Processed 1001 reads in 1.152 CPU sec, 0.150 real sec
[M::mem_process_seqs] Processed 1001 reads in 0.931 CPU sec, 0.122 real sec
[M::mem_process_seqs] Processed 1001 reads in 1.214 CPU sec, 0.158 real sec
[M::mem_process_seqs] Processed 1001 reads in 1.103 CPU sec, 0.140 real sec
406391 [main] INFO main.java.edu.mit.compbio.bisulfitehic.mapping.Bhmem  - Processing reads 1036000 ...
406391 [main] INFO main.java.edu.mit.compbio.bisulfitehic.mapping.Bhmem  - Unique mapped and paired reads 1030436 ...
406394 [main] INFO main.java.edu.mit.compbio.bisulfitehic.mapping.Bhmem  - Processing reads 1037000 ...
406394 [main] INFO main.java.edu.mit.compbio.bisulfitehic.mapping.Bhmem  - Unique mapped and paired reads 1030436 ...
[M::mem_process_seqs] Processed 1001 reads in 1.187 CPU sec, 0.158 real sec
[M::mem_process_seqs] Processed 1001 reads in 1.036 CPU sec, 0.131 real sec
[M::mem_process_seqs] Processed 1001 reads in 1.233 CPU sec, 0.162 real sec
[M::mem_process_seqs] Processed 1001 reads in 1.160 CPU sec, 0.148 real sec
407177 [main] INFO main.java.edu.mit.compbio.bisulfitehic.mapping.Bhmem  - Processing reads 1038000 ...
407177 [main] INFO main.java.edu.mit.compbio.bisulfitehic.mapping.Bhmem  - Unique mapped and paired reads 1032436 ...
407180 [main] INFO main.java.edu.mit.compbio.bisulfitehic.mapping.Bhmem  - Processing reads 1039000 ...
407180 [main] INFO main.java.edu.mit.compbio.bisulfitehic.mapping.Bhmem  - Unique mapped and paired reads 1032436 ...
[M::mem_process_seqs] Processed 1001 reads in 1.310 CPU sec, 0.171 real sec
[M::mem_process_seqs] Processed 1001 reads in 0.993 CPU sec, 0.129 real sec
[M::mem_process_seqs] Processed 1001 reads in 1.341 CPU sec, 0.169 real sec
[M::mem_process_seqs] Processed 1001 reads in 1.103 CPU sec, 0.140 real sec
407990 [main] INFO main.java.edu.mit.compbio.bisulfitehic.mapping.Bhmem  - Processing reads 1040000 ...
407990 [main] INFO main.java.edu.mit.compbio.bisulfitehic.mapping.Bhmem  - Unique mapped and paired reads 1034436 ...
407993 [main] INFO main.java.edu.mit.compbio.bisulfitehic.mapping.Bhmem  - Processing reads 1041000 ...
407993 [main] INFO main.java.edu.mit.compbio.bisulfitehic.mapping.Bhmem  - Unique mapped and paired reads 1034436 ...
[M::mem_process_seqs] Processed 1001 reads in 1.219 CPU sec, 0.156 real sec
[M::mem_process_seqs] Processed 1001 reads in 0.992 CPU sec, 0.126 real sec
[M::mem_process_seqs] Processed 1001 reads in 1.305 CPU sec, 0.165 real sec
[M::mem_process_seqs] Processed 1001 reads in 1.218 CPU sec, 0.157 real sec
408773 [main] INFO main.java.edu.mit.compbio.bisulfitehic.mapping.Bhmem  - Processing reads 1042000 ...
408773 [main] INFO main.java.edu.mit.compbio.bisulfitehic.mapping.Bhmem  - Unique mapped and paired reads 1036428 ...
408776 [main] INFO main.java.edu.mit.compbio.bisulfitehic.mapping.Bhmem  - Processing reads 1043000 ...
408776 [main] INFO main.java.edu.mit.compbio.bisulfitehic.mapping.Bhmem  - Unique mapped and paired reads 1036428 ...
[M::mem_process_seqs] Processed 1001 reads in 1.183 CPU sec, 0.151 real sec
[M::mem_process_seqs] Processed 1001 reads in 1.010 CPU sec, 0.129 real sec
[M::mem_process_seqs] Processed 1001 reads in 1.272 CPU sec, 0.161 real sec
[M::mem_process_seqs] Processed 1001 reads in 1.109 CPU sec, 0.140 real sec
409538 [main] INFO main.java.edu.mit.compbio.bisulfitehic.mapping.Bhmem  - Processing reads 1044000 ...
409538 [main] INFO main.java.edu.mit.compbio.bisulfitehic.mapping.Bhmem  - Unique mapped and paired reads 1038424 ...
409541 [main] INFO main.java.edu.mit.compbio.bisulfitehic.mapping.Bhmem  - Processing reads 1045000 ...
409541 [main] INFO main.java.edu.mit.compbio.bisulfitehic.mapping.Bhmem  - Unique mapped and paired reads 1038424 ...
[M::mem_process_seqs] Processed 1001 reads in 1.269 CPU sec, 0.163 real sec
[M::mem_process_seqs] Processed 1001 reads in 0.962 CPU sec, 0.123 real sec
[M::mem_process_seqs] Processed 1001 reads in 1.269 CPU sec, 0.161 real sec
[M::mem_process_seqs] Processed 1001 reads in 1.065 CPU sec, 0.138 real sec
410305 [main] INFO main.java.edu.mit.compbio.bisulfitehic.mapping.Bhmem  - Processing reads 1046000 ...
410305 [main] INFO main.java.edu.mit.compbio.bisulfitehic.mapping.Bhmem  - Unique mapped and paired reads 1040420 ...
410308 [main] INFO main.java.edu.mit.compbio.bisulfitehic.mapping.Bhmem  - Processing reads 1047000 ...
410308 [main] INFO main.java.edu.mit.compbio.bisulfitehic.mapping.Bhmem  - Unique mapped and paired reads 1040420 ...
[M::mem_process_seqs] Processed 1001 reads in 1.108 CPU sec, 0.140 real sec
[M::mem_process_seqs] Processed 1001 reads in 0.906 CPU sec, 0.115 real sec
[M::mem_process_seqs] Processed 1001 reads in 1.187 CPU sec, 0.151 real sec
[M::mem_process_seqs] Processed 1001 reads in 1.102 CPU sec, 0.139 real sec
411050 [main] INFO main.java.edu.mit.compbio.bisulfitehic.mapping.Bhmem  - Processing reads 1048000 ...
411050 [main] INFO main.java.edu.mit.compbio.bisulfitehic.mapping.Bhmem  - Unique mapped and paired reads 1042410 ...
411053 [main] INFO main.java.edu.mit.compbio.bisulfitehic.mapping.Bhmem  - Processing reads 1049000 ...
411053 [main] INFO main.java.edu.mit.compbio.bisulfitehic.mapping.Bhmem  - Unique mapped and paired reads 1042410 ...
[M::mem_process_seqs] Processed 1001 reads in 1.094 CPU sec, 0.139 real sec
[M::mem_process_seqs] Processed 1001 reads in 1.008 CPU sec, 0.132 real sec
[M::mem_process_seqs] Processed 1001 reads in 1.200 CPU sec, 0.151 real sec
[M::mem_process_seqs] Processed 1001 reads in 1.057 CPU sec, 0.134 real sec
411793 [main] INFO main.java.edu.mit.compbio.bisulfitehic.mapping.Bhmem  - Processing reads 1050000 ...
411793 [main] INFO main.java.edu.mit.compbio.bisulfitehic.mapping.Bhmem  - Unique mapped and paired reads 1044400 ...
411796 [main] INFO main.java.edu.mit.compbio.bisulfitehic.mapping.Bhmem  - Processing reads 1051000 ...
411796 [main] INFO main.java.edu.mit.compbio.bisulfitehic.mapping.Bhmem  - Unique mapped and paired reads 1044400 ...
[M::mem_process_seqs] Processed 1001 reads in 1.202 CPU sec, 0.155 real sec
[M::mem_process_seqs] Processed 1001 reads in 1.018 CPU sec, 0.130 real sec
[M::mem_process_seqs] Processed 1001 reads in 1.258 CPU sec, 0.159 real sec
[M::mem_process_seqs] Processed 1001 reads in 1.164 CPU sec, 0.151 real sec
412579 [main] INFO main.java.edu.mit.compbio.bisulfitehic.mapping.Bhmem  - Processing reads 1052000 ...
412579 [main] INFO main.java.edu.mit.compbio.bisulfitehic.mapping.Bhmem  - Unique mapped and paired reads 1046388 ...
412582 [main] INFO main.java.edu.mit.compbio.bisulfitehic.mapping.Bhmem  - Processing reads 1053000 ...
412582 [main] INFO main.java.edu.mit.compbio.bisulfitehic.mapping.Bhmem  - Unique mapped and paired reads 1046388 ...
[M::mem_process_seqs] Processed 1001 reads in 1.252 CPU sec, 0.160 real sec
[M::mem_process_seqs] Processed 1001 reads in 0.996 CPU sec, 0.126 real sec
[M::mem_process_seqs] Processed 1001 reads in 1.279 CPU sec, 0.162 real sec
[M::mem_process_seqs] Processed 1001 reads in 1.122 CPU sec, 0.146 real sec
413360 [main] INFO main.java.edu.mit.compbio.bisulfitehic.mapping.Bhmem  - Processing reads 1054000 ...
413360 [main] INFO main.java.edu.mit.compbio.bisulfitehic.mapping.Bhmem  - Unique mapped and paired reads 1048380 ...
413363 [main] INFO main.java.edu.mit.compbio.bisulfitehic.mapping.Bhmem  - Processing reads 1055000 ...
413363 [main] INFO main.java.edu.mit.compbio.bisulfitehic.mapping.Bhmem  - Unique mapped and paired reads 1048380 ...
[M::mem_process_seqs] Processed 1001 reads in 1.139 CPU sec, 0.148 real sec
[M::mem_process_seqs] Processed 1001 reads in 0.920 CPU sec, 0.123 real sec
[M::mem_process_seqs] Processed 1001 reads in 1.213 CPU sec, 0.153 real sec
[M::mem_process_seqs] Processed 1001 reads in 1.037 CPU sec, 0.134 real sec
414105 [main] INFO main.java.edu.mit.compbio.bisulfitehic.mapping.Bhmem  - Processing reads 1056000 ...
414105 [main] INFO main.java.edu.mit.compbio.bisulfitehic.mapping.Bhmem  - Unique mapped and paired reads 1050372 ...
414108 [main] INFO main.java.edu.mit.compbio.bisulfitehic.mapping.Bhmem  - Processing reads 1057000 ...
414108 [main] INFO main.java.edu.mit.compbio.bisulfitehic.mapping.Bhmem  - Unique mapped and paired reads 1050372 ...
[M::mem_process_seqs] Processed 1001 reads in 1.209 CPU sec, 0.159 real sec
[M::mem_process_seqs] Processed 1001 reads in 0.960 CPU sec, 0.125 real sec
[M::mem_process_seqs] Processed 1001 reads in 1.306 CPU sec, 0.169 real sec
[M::mem_process_seqs] Processed 1001 reads in 1.142 CPU sec, 0.145 real sec
414901 [main] INFO main.java.edu.mit.compbio.bisulfitehic.mapping.Bhmem  - Processing reads 1058000 ...
414901 [main] INFO main.java.edu.mit.compbio.bisulfitehic.mapping.Bhmem  - Unique mapped and paired reads 1052364 ...
414904 [main] INFO main.java.edu.mit.compbio.bisulfitehic.mapping.Bhmem  - Processing reads 1059000 ...
414904 [main] INFO main.java.edu.mit.compbio.bisulfitehic.mapping.Bhmem  - Unique mapped and paired reads 1052364 ...
[M::mem_process_seqs] Processed 1001 reads in 1.277 CPU sec, 0.162 real sec
[M::mem_process_seqs] Processed 1001 reads in 1.034 CPU sec, 0.134 real sec
[M::mem_process_seqs] Processed 1001 reads in 1.311 CPU sec, 0.168 real sec
[M::mem_process_seqs] Processed 1001 reads in 1.175 CPU sec, 0.152 real sec
415699 [main] INFO main.java.edu.mit.compbio.bisulfitehic.mapping.Bhmem  - Processing reads 1060000 ...
415699 [main] INFO main.java.edu.mit.compbio.bisulfitehic.mapping.Bhmem  - Unique mapped and paired reads 1054362 ...
415703 [main] INFO main.java.edu.mit.compbio.bisulfitehic.mapping.Bhmem  - Processing reads 1061000 ...
415703 [main] INFO main.java.edu.mit.compbio.bisulfitehic.mapping.Bhmem  - Unique mapped and paired reads 1054362 ...
[M::mem_process_seqs] Processed 1001 reads in 1.187 CPU sec, 0.151 real sec
[M::mem_process_seqs] Processed 1001 reads in 0.975 CPU sec, 0.124 real sec
[M::mem_process_seqs] Processed 1001 reads in 1.338 CPU sec, 0.172 real sec
[M::mem_process_seqs] Processed 1001 reads in 1.123 CPU sec, 0.143 real sec
416489 [main] INFO main.java.edu.mit.compbio.bisulfitehic.mapping.Bhmem  - Processing reads 1062000 ...
416489 [main] INFO main.java.edu.mit.compbio.bisulfitehic.mapping.Bhmem  - Unique mapped and paired reads 1056356 ...
416492 [main] INFO main.java.edu.mit.compbio.bisulfitehic.mapping.Bhmem  - Processing reads 1063000 ...
416492 [main] INFO main.java.edu.mit.compbio.bisulfitehic.mapping.Bhmem  - Unique mapped and paired reads 1056356 ...
[M::mem_process_seqs] Processed 1001 reads in 1.231 CPU sec, 0.158 real sec
[M::mem_process_seqs] Processed 1001 reads in 0.930 CPU sec, 0.118 real sec
[M::mem_process_seqs] Processed 1001 reads in 1.307 CPU sec, 0.176 real sec
[M::mem_process_seqs] Processed 1001 reads in 1.113 CPU sec, 0.145 real sec
417266 [main] INFO main.java.edu.mit.compbio.bisulfitehic.mapping.Bhmem  - Processing reads 1064000 ...
417266 [main] INFO main.java.edu.mit.compbio.bisulfitehic.mapping.Bhmem  - Unique mapped and paired reads 1058352 ...
417269 [main] INFO main.java.edu.mit.compbio.bisulfitehic.mapping.Bhmem  - Processing reads 1065000 ...
417269 [main] INFO main.java.edu.mit.compbio.bisulfitehic.mapping.Bhmem  - Unique mapped and paired reads 1058352 ...
[M::mem_process_seqs] Processed 1001 reads in 1.206 CPU sec, 0.154 real sec
[M::mem_process_seqs] Processed 1001 reads in 0.987 CPU sec, 0.125 real sec
[M::mem_process_seqs] Processed 1001 reads in 1.326 CPU sec, 0.169 real sec
[M::mem_process_seqs] Processed 1001 reads in 1.131 CPU sec, 0.148 real sec
418065 [main] INFO main.java.edu.mit.compbio.bisulfitehic.mapping.Bhmem  - Processing reads 1066000 ...
418065 [main] INFO main.java.edu.mit.compbio.bisulfitehic.mapping.Bhmem  - Unique mapped and paired reads 1060344 ...
418068 [main] INFO main.java.edu.mit.compbio.bisulfitehic.mapping.Bhmem  - Processing reads 1067000 ...
418068 [main] INFO main.java.edu.mit.compbio.bisulfitehic.mapping.Bhmem  - Unique mapped and paired reads 1060344 ...
[M::mem_process_seqs] Processed 1001 reads in 1.230 CPU sec, 0.159 real sec
[M::mem_process_seqs] Processed 1001 reads in 0.951 CPU sec, 0.120 real sec
[M::mem_process_seqs] Processed 1001 reads in 1.315 CPU sec, 0.168 real sec
[M::mem_process_seqs] Processed 1001 reads in 1.072 CPU sec, 0.137 real sec
418836 [main] INFO main.java.edu.mit.compbio.bisulfitehic.mapping.Bhmem  - Processing reads 1068000 ...
418836 [main] INFO main.java.edu.mit.compbio.bisulfitehic.mapping.Bhmem  - Unique mapped and paired reads 1062336 ...
418839 [main] INFO main.java.edu.mit.compbio.bisulfitehic.mapping.Bhmem  - Processing reads 1069000 ...
418839 [main] INFO main.java.edu.mit.compbio.bisulfitehic.mapping.Bhmem  - Unique mapped and paired reads 1062336 ...
[M::mem_process_seqs] Processed 1001 reads in 1.244 CPU sec, 0.158 real sec
[M::mem_process_seqs] Processed 1001 reads in 0.998 CPU sec, 0.127 real sec
[M::mem_process_seqs] Processed 1001 reads in 1.337 CPU sec, 0.169 real sec
[M::mem_process_seqs] Processed 1001 reads in 1.137 CPU sec, 0.144 real sec
419616 [main] INFO main.java.edu.mit.compbio.bisulfitehic.mapping.Bhmem  - Processing reads 1070000 ...
419616 [main] INFO main.java.edu.mit.compbio.bisulfitehic.mapping.Bhmem  - Unique mapped and paired reads 1064332 ...
419620 [main] INFO main.java.edu.mit.compbio.bisulfitehic.mapping.Bhmem  - Processing reads 1071000 ...
419620 [main] INFO main.java.edu.mit.compbio.bisulfitehic.mapping.Bhmem  - Unique mapped and paired reads 1064332 ...
[M::mem_process_seqs] Processed 1001 reads in 1.130 CPU sec, 0.144 real sec
[M::mem_process_seqs] Processed 1001 reads in 0.948 CPU sec, 0.120 real sec
[M::mem_process_seqs] Processed 1001 reads in 1.318 CPU sec, 0.168 real sec
[M::mem_process_seqs] Processed 1001 reads in 1.084 CPU sec, 0.143 real sec
420376 [main] INFO main.java.edu.mit.compbio.bisulfitehic.mapping.Bhmem  - Processing reads 1072000 ...
420376 [main] INFO main.java.edu.mit.compbio.bisulfitehic.mapping.Bhmem  - Unique mapped and paired reads 1066326 ...
420379 [main] INFO main.java.edu.mit.compbio.bisulfitehic.mapping.Bhmem  - Processing reads 1073000 ...
420379 [main] INFO main.java.edu.mit.compbio.bisulfitehic.mapping.Bhmem  - Unique mapped and paired reads 1066326 ...
[M::mem_process_seqs] Processed 1001 reads in 1.121 CPU sec, 0.144 real sec
[M::mem_process_seqs] Processed 1001 reads in 0.917 CPU sec, 0.116 real sec
[M::mem_process_seqs] Processed 1001 reads in 1.251 CPU sec, 0.160 real sec
[M::mem_process_seqs] Processed 1001 reads in 1.088 CPU sec, 0.141 real sec
421119 [main] INFO main.java.edu.mit.compbio.bisulfitehic.mapping.Bhmem  - Processing reads 1074000 ...
421119 [main] INFO main.java.edu.mit.compbio.bisulfitehic.mapping.Bhmem  - Unique mapped and paired reads 1068318 ...
421122 [main] INFO main.java.edu.mit.compbio.bisulfitehic.mapping.Bhmem  - Processing reads 1075000 ...
421122 [main] INFO main.java.edu.mit.compbio.bisulfitehic.mapping.Bhmem  - Unique mapped and paired reads 1068318 ...
[M::mem_process_seqs] Processed 1001 reads in 1.147 CPU sec, 0.145 real sec
[M::mem_process_seqs] Processed 1001 reads in 0.960 CPU sec, 0.121 real sec
[M::mem_process_seqs] Processed 1001 reads in 1.303 CPU sec, 0.166 real sec
[M::mem_process_seqs] Processed 1001 reads in 1.146 CPU sec, 0.146 real sec
421881 [main] INFO main.java.edu.mit.compbio.bisulfitehic.mapping.Bhmem  - Processing reads 1076000 ...
421881 [main] INFO main.java.edu.mit.compbio.bisulfitehic.mapping.Bhmem  - Unique mapped and paired reads 1070308 ...
421884 [main] INFO main.java.edu.mit.compbio.bisulfitehic.mapping.Bhmem  - Processing reads 1077000 ...
421884 [main] INFO main.java.edu.mit.compbio.bisulfitehic.mapping.Bhmem  - Unique mapped and paired reads 1070308 ...
[M::mem_process_seqs] Processed 1001 reads in 1.137 CPU sec, 0.145 real sec
[M::mem_process_seqs] Processed 1001 reads in 0.967 CPU sec, 0.124 real sec
[M::mem_process_seqs] Processed 1001 reads in 1.245 CPU sec, 0.159 real sec
[M::mem_process_seqs] Processed 1001 reads in 1.145 CPU sec, 0.145 real sec
422641 [main] INFO main.java.edu.mit.compbio.bisulfitehic.mapping.Bhmem  - Processing reads 1078000 ...
422641 [main] INFO main.java.edu.mit.compbio.bisulfitehic.mapping.Bhmem  - Unique mapped and paired reads 1072302 ...
422644 [main] INFO main.java.edu.mit.compbio.bisulfitehic.mapping.Bhmem  - Processing reads 1079000 ...
422644 [main] INFO main.java.edu.mit.compbio.bisulfitehic.mapping.Bhmem  - Unique mapped and paired reads 1072302 ...
[M::mem_process_seqs] Processed 1001 reads in 1.232 CPU sec, 0.166 real sec
[M::mem_process_seqs] Processed 1001 reads in 0.936 CPU sec, 0.128 real sec
[M::mem_process_seqs] Processed 1001 reads in 1.324 CPU sec, 0.176 real sec
[M::mem_process_seqs] Processed 1001 reads in 1.058 CPU sec, 0.138 real sec
423436 [main] INFO main.java.edu.mit.compbio.bisulfitehic.mapping.Bhmem  - Processing reads 1080000 ...
423436 [main] INFO main.java.edu.mit.compbio.bisulfitehic.mapping.Bhmem  - Unique mapped and paired reads 1074298 ...
423439 [main] INFO main.java.edu.mit.compbio.bisulfitehic.mapping.Bhmem  - Processing reads 1081000 ...
423439 [main] INFO main.java.edu.mit.compbio.bisulfitehic.mapping.Bhmem  - Unique mapped and paired reads 1074298 ...
[M::mem_process_seqs] Processed 1001 reads in 1.157 CPU sec, 0.147 real sec
[M::mem_process_seqs] Processed 1001 reads in 0.899 CPU sec, 0.114 real sec
[M::mem_process_seqs] Processed 1001 reads in 1.264 CPU sec, 0.165 real sec
[M::mem_process_seqs] Processed 1001 reads in 1.110 CPU sec, 0.141 real sec
424183 [main] INFO main.java.edu.mit.compbio.bisulfitehic.mapping.Bhmem  - Processing reads 1082000 ...
424183 [main] INFO main.java.edu.mit.compbio.bisulfitehic.mapping.Bhmem  - Unique mapped and paired reads 1076288 ...
424186 [main] INFO main.java.edu.mit.compbio.bisulfitehic.mapping.Bhmem  - Processing reads 1083000 ...
424186 [main] INFO main.java.edu.mit.compbio.bisulfitehic.mapping.Bhmem  - Unique mapped and paired reads 1076288 ...
[M::mem_process_seqs] Processed 1001 reads in 1.212 CPU sec, 0.153 real sec
[M::mem_process_seqs] Processed 1001 reads in 0.961 CPU sec, 0.121 real sec
[M::mem_process_seqs] Processed 1001 reads in 1.280 CPU sec, 0.164 real sec
[M::mem_process_seqs] Processed 1001 reads in 1.138 CPU sec, 0.166 real sec
424970 [main] INFO main.java.edu.mit.compbio.bisulfitehic.mapping.Bhmem  - Processing reads 1084000 ...
424970 [main] INFO main.java.edu.mit.compbio.bisulfitehic.mapping.Bhmem  - Unique mapped and paired reads 1078282 ...
424973 [main] INFO main.java.edu.mit.compbio.bisulfitehic.mapping.Bhmem  - Processing reads 1085000 ...
424973 [main] INFO main.java.edu.mit.compbio.bisulfitehic.mapping.Bhmem  - Unique mapped and paired reads 1078282 ...
[M::mem_process_seqs] Processed 1001 reads in 1.157 CPU sec, 0.170 real sec
[M::mem_process_seqs] Processed 1001 reads in 1.014 CPU sec, 0.140 real sec
[M::mem_process_seqs] Processed 1001 reads in 1.283 CPU sec, 0.162 real sec
[M::mem_process_seqs] Processed 1001 reads in 1.131 CPU sec, 0.148 real sec
425773 [main] INFO main.java.edu.mit.compbio.bisulfitehic.mapping.Bhmem  - Processing reads 1086000 ...
425773 [main] INFO main.java.edu.mit.compbio.bisulfitehic.mapping.Bhmem  - Unique mapped and paired reads 1080274 ...
425777 [main] INFO main.java.edu.mit.compbio.bisulfitehic.mapping.Bhmem  - Processing reads 1087000 ...
425777 [main] INFO main.java.edu.mit.compbio.bisulfitehic.mapping.Bhmem  - Unique mapped and paired reads 1080274 ...
[M::mem_process_seqs] Processed 1001 reads in 1.281 CPU sec, 0.163 real sec
[M::mem_process_seqs] Processed 1001 reads in 0.962 CPU sec, 0.123 real sec
[M::mem_process_seqs] Processed 1001 reads in 1.397 CPU sec, 0.180 real sec
[M::mem_process_seqs] Processed 1001 reads in 1.103 CPU sec, 0.140 real sec
426583 [main] INFO main.java.edu.mit.compbio.bisulfitehic.mapping.Bhmem  - Processing reads 1088000 ...
426583 [main] INFO main.java.edu.mit.compbio.bisulfitehic.mapping.Bhmem  - Unique mapped and paired reads 1082274 ...
426586 [main] INFO main.java.edu.mit.compbio.bisulfitehic.mapping.Bhmem  - Processing reads 1089000 ...
426586 [main] INFO main.java.edu.mit.compbio.bisulfitehic.mapping.Bhmem  - Unique mapped and paired reads 1082274 ...
[M::mem_process_seqs] Processed 1001 reads in 1.249 CPU sec, 0.158 real sec
[M::mem_process_seqs] Processed 1001 reads in 1.014 CPU sec, 0.134 real sec
[M::mem_process_seqs] Processed 1001 reads in 1.277 CPU sec, 0.163 real sec
[M::mem_process_seqs] Processed 1001 reads in 1.176 CPU sec, 0.154 real sec
427370 [main] INFO main.java.edu.mit.compbio.bisulfitehic.mapping.Bhmem  - Processing reads 1090000 ...
427370 [main] INFO main.java.edu.mit.compbio.bisulfitehic.mapping.Bhmem  - Unique mapped and paired reads 1084272 ...
427373 [main] INFO main.java.edu.mit.compbio.bisulfitehic.mapping.Bhmem  - Processing reads 1091000 ...
427373 [main] INFO main.java.edu.mit.compbio.bisulfitehic.mapping.Bhmem  - Unique mapped and paired reads 1084272 ...
[M::mem_process_seqs] Processed 1001 reads in 1.249 CPU sec, 0.161 real sec
[M::mem_process_seqs] Processed 1001 reads in 0.941 CPU sec, 0.121 real sec
[M::mem_process_seqs] Processed 1001 reads in 1.372 CPU sec, 0.175 real sec
[M::mem_process_seqs] Processed 1001 reads in 1.152 CPU sec, 0.158 real sec
428178 [main] INFO main.java.edu.mit.compbio.bisulfitehic.mapping.Bhmem  - Processing reads 1092000 ...
428178 [main] INFO main.java.edu.mit.compbio.bisulfitehic.mapping.Bhmem  - Unique mapped and paired reads 1086270 ...
428181 [main] INFO main.java.edu.mit.compbio.bisulfitehic.mapping.Bhmem  - Processing reads 1093000 ...
428181 [main] INFO main.java.edu.mit.compbio.bisulfitehic.mapping.Bhmem  - Unique mapped and paired reads 1086270 ...
[M::mem_process_seqs] Processed 1001 reads in 1.135 CPU sec, 0.146 real sec
[M::mem_process_seqs] Processed 1001 reads in 0.964 CPU sec, 0.123 real sec
[M::mem_process_seqs] Processed 1001 reads in 1.239 CPU sec, 0.157 real sec
[M::mem_process_seqs] Processed 1001 reads in 1.020 CPU sec, 0.132 real sec
428918 [main] INFO main.java.edu.mit.compbio.bisulfitehic.mapping.Bhmem  - Processing reads 1094000 ...
428918 [main] INFO main.java.edu.mit.compbio.bisulfitehic.mapping.Bhmem  - Unique mapped and paired reads 1088264 ...
428921 [main] INFO main.java.edu.mit.compbio.bisulfitehic.mapping.Bhmem  - Processing reads 1095000 ...
428921 [main] INFO main.java.edu.mit.compbio.bisulfitehic.mapping.Bhmem  - Unique mapped and paired reads 1088264 ...
[M::mem_process_seqs] Processed 1001 reads in 1.119 CPU sec, 0.141 real sec
[M::mem_process_seqs] Processed 1001 reads in 1.002 CPU sec, 0.128 real sec
[M::mem_process_seqs] Processed 1001 reads in 1.250 CPU sec, 0.158 real sec
[M::mem_process_seqs] Processed 1001 reads in 1.181 CPU sec, 0.149 real sec
429679 [main] INFO main.java.edu.mit.compbio.bisulfitehic.mapping.Bhmem  - Processing reads 1096000 ...
429680 [main] INFO main.java.edu.mit.compbio.bisulfitehic.mapping.Bhmem  - Unique mapped and paired reads 1090256 ...
429683 [main] INFO main.java.edu.mit.compbio.bisulfitehic.mapping.Bhmem  - Processing reads 1097000 ...
429683 [main] INFO main.java.edu.mit.compbio.bisulfitehic.mapping.Bhmem  - Unique mapped and paired reads 1090256 ...
[M::mem_process_seqs] Processed 1001 reads in 1.155 CPU sec, 0.147 real sec
[M::mem_process_seqs] Processed 1001 reads in 0.895 CPU sec, 0.114 real sec
[M::mem_process_seqs] Processed 1001 reads in 1.307 CPU sec, 0.166 real sec
[M::mem_process_seqs] Processed 1001 reads in 1.034 CPU sec, 0.133 real sec
430427 [main] INFO main.java.edu.mit.compbio.bisulfitehic.mapping.Bhmem  - Processing reads 1098000 ...
430427 [main] INFO main.java.edu.mit.compbio.bisulfitehic.mapping.Bhmem  - Unique mapped and paired reads 1092254 ...
430430 [main] INFO main.java.edu.mit.compbio.bisulfitehic.mapping.Bhmem  - Processing reads 1099000 ...
430430 [main] INFO main.java.edu.mit.compbio.bisulfitehic.mapping.Bhmem  - Unique mapped and paired reads 1092254 ...
[M::mem_process_seqs] Processed 1001 reads in 1.263 CPU sec, 0.161 real sec
[M::mem_process_seqs] Processed 1001 reads in 0.964 CPU sec, 0.122 real sec
[M::mem_process_seqs] Processed 1001 reads in 1.381 CPU sec, 0.179 real sec
[M::mem_process_seqs] Processed 1001 reads in 1.124 CPU sec, 0.143 real sec
431239 [main] INFO main.java.edu.mit.compbio.bisulfitehic.mapping.Bhmem  - Processing reads 1100000 ...
431239 [main] INFO main.java.edu.mit.compbio.bisulfitehic.mapping.Bhmem  - Unique mapped and paired reads 1094244 ...
431242 [main] INFO main.java.edu.mit.compbio.bisulfitehic.mapping.Bhmem  - Processing reads 1101000 ...
431242 [main] INFO main.java.edu.mit.compbio.bisulfitehic.mapping.Bhmem  - Unique mapped and paired reads 1094244 ...
[M::mem_process_seqs] Processed 1001 reads in 1.223 CPU sec, 0.154 real sec
[M::mem_process_seqs] Processed 1001 reads in 1.116 CPU sec, 0.142 real sec
[M::mem_process_seqs] Processed 1001 reads in 1.323 CPU sec, 0.167 real sec
[M::mem_process_seqs] Processed 1001 reads in 1.236 CPU sec, 0.160 real sec
432050 [main] INFO main.java.edu.mit.compbio.bisulfitehic.mapping.Bhmem  - Processing reads 1102000 ...
432050 [main] INFO main.java.edu.mit.compbio.bisulfitehic.mapping.Bhmem  - Unique mapped and paired reads 1096234 ...
432054 [main] INFO main.java.edu.mit.compbio.bisulfitehic.mapping.Bhmem  - Processing reads 1103000 ...
432054 [main] INFO main.java.edu.mit.compbio.bisulfitehic.mapping.Bhmem  - Unique mapped and paired reads 1096234 ...
[M::mem_process_seqs] Processed 1001 reads in 1.262 CPU sec, 0.164 real sec
[M::mem_process_seqs] Processed 1001 reads in 0.936 CPU sec, 0.120 real sec
[M::mem_process_seqs] Processed 1001 reads in 1.324 CPU sec, 0.169 real sec
[M::mem_process_seqs] Processed 1001 reads in 1.111 CPU sec, 0.141 real sec
432830 [main] INFO main.java.edu.mit.compbio.bisulfitehic.mapping.Bhmem  - Processing reads 1104000 ...
432830 [main] INFO main.java.edu.mit.compbio.bisulfitehic.mapping.Bhmem  - Unique mapped and paired reads 1098224 ...
432833 [main] INFO main.java.edu.mit.compbio.bisulfitehic.mapping.Bhmem  - Processing reads 1105000 ...
432833 [main] INFO main.java.edu.mit.compbio.bisulfitehic.mapping.Bhmem  - Unique mapped and paired reads 1098224 ...
[M::mem_process_seqs] Processed 1001 reads in 1.204 CPU sec, 0.153 real sec
[M::mem_process_seqs] Processed 1001 reads in 0.982 CPU sec, 0.126 real sec
[M::mem_process_seqs] Processed 1001 reads in 1.310 CPU sec, 0.166 real sec
[M::mem_process_seqs] Processed 1001 reads in 1.179 CPU sec, 0.152 real sec
433612 [main] INFO main.java.edu.mit.compbio.bisulfitehic.mapping.Bhmem  - Processing reads 1106000 ...
433612 [main] INFO main.java.edu.mit.compbio.bisulfitehic.mapping.Bhmem  - Unique mapped and paired reads 1100212 ...
433615 [main] INFO main.java.edu.mit.compbio.bisulfitehic.mapping.Bhmem  - Processing reads 1107000 ...
433615 [main] INFO main.java.edu.mit.compbio.bisulfitehic.mapping.Bhmem  - Unique mapped and paired reads 1100212 ...
[M::mem_process_seqs] Processed 1001 reads in 1.201 CPU sec, 0.154 real sec
[M::mem_process_seqs] Processed 1001 reads in 0.982 CPU sec, 0.125 real sec
[M::mem_process_seqs] Processed 1001 reads in 1.240 CPU sec, 0.158 real sec
[M::mem_process_seqs] Processed 1001 reads in 1.108 CPU sec, 0.141 real sec
434376 [main] INFO main.java.edu.mit.compbio.bisulfitehic.mapping.Bhmem  - Processing reads 1108000 ...
434376 [main] INFO main.java.edu.mit.compbio.bisulfitehic.mapping.Bhmem  - Unique mapped and paired reads 1102206 ...
434379 [main] INFO main.java.edu.mit.compbio.bisulfitehic.mapping.Bhmem  - Processing reads 1109000 ...
434379 [main] INFO main.java.edu.mit.compbio.bisulfitehic.mapping.Bhmem  - Unique mapped and paired reads 1102206 ...
[M::mem_process_seqs] Processed 1001 reads in 1.106 CPU sec, 0.141 real sec
[M::mem_process_seqs] Processed 1001 reads in 0.933 CPU sec, 0.121 real sec
[M::mem_process_seqs] Processed 1001 reads in 1.296 CPU sec, 0.170 real sec
[M::mem_process_seqs] Processed 1001 reads in 1.146 CPU sec, 0.151 real sec
435148 [main] INFO main.java.edu.mit.compbio.bisulfitehic.mapping.Bhmem  - Processing reads 1110000 ...
435148 [main] INFO main.java.edu.mit.compbio.bisulfitehic.mapping.Bhmem  - Unique mapped and paired reads 1104200 ...
435152 [main] INFO main.java.edu.mit.compbio.bisulfitehic.mapping.Bhmem  - Processing reads 1111000 ...
435152 [main] INFO main.java.edu.mit.compbio.bisulfitehic.mapping.Bhmem  - Unique mapped and paired reads 1104200 ...
[M::mem_process_seqs] Processed 1001 reads in 1.170 CPU sec, 0.149 real sec
[M::mem_process_seqs] Processed 1001 reads in 0.997 CPU sec, 0.127 real sec
[M::mem_process_seqs] Processed 1001 reads in 1.280 CPU sec, 0.165 real sec
[M::mem_process_seqs] Processed 1001 reads in 1.100 CPU sec, 0.139 real sec
435912 [main] INFO main.java.edu.mit.compbio.bisulfitehic.mapping.Bhmem  - Processing reads 1112000 ...
435912 [main] INFO main.java.edu.mit.compbio.bisulfitehic.mapping.Bhmem  - Unique mapped and paired reads 1106190 ...
435916 [main] INFO main.java.edu.mit.compbio.bisulfitehic.mapping.Bhmem  - Processing reads 1113000 ...
435916 [main] INFO main.java.edu.mit.compbio.bisulfitehic.mapping.Bhmem  - Unique mapped and paired reads 1106190 ...
[M::mem_process_seqs] Processed 1001 reads in 1.209 CPU sec, 0.153 real sec
[M::mem_process_seqs] Processed 1001 reads in 0.934 CPU sec, 0.119 real sec
[M::mem_process_seqs] Processed 1001 reads in 1.328 CPU sec, 0.169 real sec
[M::mem_process_seqs] Processed 1001 reads in 1.107 CPU sec, 0.140 real sec
436681 [main] INFO main.java.edu.mit.compbio.bisulfitehic.mapping.Bhmem  - Processing reads 1114000 ...
436681 [main] INFO main.java.edu.mit.compbio.bisulfitehic.mapping.Bhmem  - Unique mapped and paired reads 1108184 ...
436684 [main] INFO main.java.edu.mit.compbio.bisulfitehic.mapping.Bhmem  - Processing reads 1115000 ...
436684 [main] INFO main.java.edu.mit.compbio.bisulfitehic.mapping.Bhmem  - Unique mapped and paired reads 1108184 ...
[M::mem_process_seqs] Processed 1001 reads in 1.208 CPU sec, 0.156 real sec
[M::mem_process_seqs] Processed 1001 reads in 1.028 CPU sec, 0.131 real sec
[M::mem_process_seqs] Processed 1001 reads in 1.320 CPU sec, 0.167 real sec
[M::mem_process_seqs] Processed 1001 reads in 1.213 CPU sec, 0.163 real sec
437489 [main] INFO main.java.edu.mit.compbio.bisulfitehic.mapping.Bhmem  - Processing reads 1116000 ...
437489 [main] INFO main.java.edu.mit.compbio.bisulfitehic.mapping.Bhmem  - Unique mapped and paired reads 1110178 ...
437492 [main] INFO main.java.edu.mit.compbio.bisulfitehic.mapping.Bhmem  - Processing reads 1117000 ...
437492 [main] INFO main.java.edu.mit.compbio.bisulfitehic.mapping.Bhmem  - Unique mapped and paired reads 1110178 ...
[M::mem_process_seqs] Processed 1001 reads in 1.244 CPU sec, 0.161 real sec
[M::mem_process_seqs] Processed 1001 reads in 1.000 CPU sec, 0.127 real sec
[M::mem_process_seqs] Processed 1001 reads in 1.312 CPU sec, 0.166 real sec
[M::mem_process_seqs] Processed 1001 reads in 1.147 CPU sec, 0.145 real sec
438280 [main] INFO main.java.edu.mit.compbio.bisulfitehic.mapping.Bhmem  - Processing reads 1118000 ...
438280 [main] INFO main.java.edu.mit.compbio.bisulfitehic.mapping.Bhmem  - Unique mapped and paired reads 1112172 ...
438283 [main] INFO main.java.edu.mit.compbio.bisulfitehic.mapping.Bhmem  - Processing reads 1119000 ...
438283 [main] INFO main.java.edu.mit.compbio.bisulfitehic.mapping.Bhmem  - Unique mapped and paired reads 1112172 ...
[M::mem_process_seqs] Processed 1001 reads in 1.154 CPU sec, 0.147 real sec
[M::mem_process_seqs] Processed 1001 reads in 0.925 CPU sec, 0.118 real sec
[M::mem_process_seqs] Processed 1001 reads in 1.253 CPU sec, 0.160 real sec
[M::mem_process_seqs] Processed 1001 reads in 1.106 CPU sec, 0.140 real sec
439037 [main] INFO main.java.edu.mit.compbio.bisulfitehic.mapping.Bhmem  - Processing reads 1120000 ...
439037 [main] INFO main.java.edu.mit.compbio.bisulfitehic.mapping.Bhmem  - Unique mapped and paired reads 1114172 ...
439040 [main] INFO main.java.edu.mit.compbio.bisulfitehic.mapping.Bhmem  - Processing reads 1121000 ...
439040 [main] INFO main.java.edu.mit.compbio.bisulfitehic.mapping.Bhmem  - Unique mapped and paired reads 1114172 ...
[M::mem_process_seqs] Processed 1001 reads in 1.289 CPU sec, 0.163 real sec
[M::mem_process_seqs] Processed 1001 reads in 0.986 CPU sec, 0.125 real sec
[M::mem_process_seqs] Processed 1001 reads in 1.387 CPU sec, 0.176 real sec
[M::mem_process_seqs] Processed 1001 reads in 1.183 CPU sec, 0.153 real sec
439851 [main] INFO main.java.edu.mit.compbio.bisulfitehic.mapping.Bhmem  - Processing reads 1122000 ...
439852 [main] INFO main.java.edu.mit.compbio.bisulfitehic.mapping.Bhmem  - Unique mapped and paired reads 1116164 ...
439855 [main] INFO main.java.edu.mit.compbio.bisulfitehic.mapping.Bhmem  - Processing reads 1123000 ...
439855 [main] INFO main.java.edu.mit.compbio.bisulfitehic.mapping.Bhmem  - Unique mapped and paired reads 1116164 ...
[M::mem_process_seqs] Processed 1001 reads in 1.177 CPU sec, 0.155 real sec
[M::mem_process_seqs] Processed 1001 reads in 1.021 CPU sec, 0.131 real sec
[M::mem_process_seqs] Processed 1001 reads in 1.276 CPU sec, 0.163 real sec
[M::mem_process_seqs] Processed 1001 reads in 1.076 CPU sec, 0.146 real sec
440636 [main] INFO main.java.edu.mit.compbio.bisulfitehic.mapping.Bhmem  - Processing reads 1124000 ...
440636 [main] INFO main.java.edu.mit.compbio.bisulfitehic.mapping.Bhmem  - Unique mapped and paired reads 1118162 ...
440639 [main] INFO main.java.edu.mit.compbio.bisulfitehic.mapping.Bhmem  - Processing reads 1125000 ...
440639 [main] INFO main.java.edu.mit.compbio.bisulfitehic.mapping.Bhmem  - Unique mapped and paired reads 1118162 ...
[M::mem_process_seqs] Processed 1001 reads in 1.163 CPU sec, 0.148 real sec
[M::mem_process_seqs] Processed 1001 reads in 0.999 CPU sec, 0.126 real sec
[M::mem_process_seqs] Processed 1001 reads in 1.259 CPU sec, 0.161 real sec
[M::mem_process_seqs] Processed 1001 reads in 1.162 CPU sec, 0.147 real sec
441409 [main] INFO main.java.edu.mit.compbio.bisulfitehic.mapping.Bhmem  - Processing reads 1126000 ...
441409 [main] INFO main.java.edu.mit.compbio.bisulfitehic.mapping.Bhmem  - Unique mapped and paired reads 1120150 ...
441412 [main] INFO main.java.edu.mit.compbio.bisulfitehic.mapping.Bhmem  - Processing reads 1127000 ...
441412 [main] INFO main.java.edu.mit.compbio.bisulfitehic.mapping.Bhmem  - Unique mapped and paired reads 1120150 ...
[M::mem_process_seqs] Processed 1001 reads in 1.206 CPU sec, 0.154 real sec
[M::mem_process_seqs] Processed 1001 reads in 0.990 CPU sec, 0.125 real sec
[M::mem_process_seqs] Processed 1001 reads in 1.283 CPU sec, 0.162 real sec
[M::mem_process_seqs] Processed 1001 reads in 1.147 CPU sec, 0.148 real sec
442187 [main] INFO main.java.edu.mit.compbio.bisulfitehic.mapping.Bhmem  - Processing reads 1128000 ...
442187 [main] INFO main.java.edu.mit.compbio.bisulfitehic.mapping.Bhmem  - Unique mapped and paired reads 1122144 ...
442190 [main] INFO main.java.edu.mit.compbio.bisulfitehic.mapping.Bhmem  - Processing reads 1129000 ...
442190 [main] INFO main.java.edu.mit.compbio.bisulfitehic.mapping.Bhmem  - Unique mapped and paired reads 1122144 ...
[M::mem_process_seqs] Processed 1001 reads in 1.204 CPU sec, 0.153 real sec
[M::mem_process_seqs] Processed 1001 reads in 0.963 CPU sec, 0.125 real sec
[M::mem_process_seqs] Processed 1001 reads in 1.327 CPU sec, 0.176 real sec
[M::mem_process_seqs] Processed 1001 reads in 1.208 CPU sec, 0.160 real sec
442998 [main] INFO main.java.edu.mit.compbio.bisulfitehic.mapping.Bhmem  - Processing reads 1130000 ...
442999 [main] INFO main.java.edu.mit.compbio.bisulfitehic.mapping.Bhmem  - Unique mapped and paired reads 1124138 ...
443002 [main] INFO main.java.edu.mit.compbio.bisulfitehic.mapping.Bhmem  - Processing reads 1131000 ...
443002 [main] INFO main.java.edu.mit.compbio.bisulfitehic.mapping.Bhmem  - Unique mapped and paired reads 1124138 ...
[M::mem_process_seqs] Processed 1001 reads in 1.235 CPU sec, 0.157 real sec
[M::mem_process_seqs] Processed 1001 reads in 0.985 CPU sec, 0.134 real sec
[M::mem_process_seqs] Processed 1001 reads in 1.360 CPU sec, 0.172 real sec
[M::mem_process_seqs] Processed 1001 reads in 1.122 CPU sec, 0.142 real sec
443785 [main] INFO main.java.edu.mit.compbio.bisulfitehic.mapping.Bhmem  - Processing reads 1132000 ...
443785 [main] INFO main.java.edu.mit.compbio.bisulfitehic.mapping.Bhmem  - Unique mapped and paired reads 1126134 ...
443788 [main] INFO main.java.edu.mit.compbio.bisulfitehic.mapping.Bhmem  - Processing reads 1133000 ...
443788 [main] INFO main.java.edu.mit.compbio.bisulfitehic.mapping.Bhmem  - Unique mapped and paired reads 1126134 ...
[M::mem_process_seqs] Processed 1001 reads in 1.163 CPU sec, 0.149 real sec
[M::mem_process_seqs] Processed 1001 reads in 0.981 CPU sec, 0.127 real sec
[M::mem_process_seqs] Processed 1001 reads in 1.306 CPU sec, 0.168 real sec
[M::mem_process_seqs] Processed 1001 reads in 1.208 CPU sec, 0.153 real sec
444566 [main] INFO main.java.edu.mit.compbio.bisulfitehic.mapping.Bhmem  - Processing reads 1134000 ...
444566 [main] INFO main.java.edu.mit.compbio.bisulfitehic.mapping.Bhmem  - Unique mapped and paired reads 1128128 ...
444569 [main] INFO main.java.edu.mit.compbio.bisulfitehic.mapping.Bhmem  - Processing reads 1135000 ...
444569 [main] INFO main.java.edu.mit.compbio.bisulfitehic.mapping.Bhmem  - Unique mapped and paired reads 1128128 ...
[M::mem_process_seqs] Processed 1001 reads in 1.230 CPU sec, 0.155 real sec
[M::mem_process_seqs] Processed 1001 reads in 0.933 CPU sec, 0.118 real sec
[M::mem_process_seqs] Processed 1001 reads in 1.334 CPU sec, 0.174 real sec
[M::mem_process_seqs] Processed 1001 reads in 1.091 CPU sec, 0.139 real sec
445352 [main] INFO main.java.edu.mit.compbio.bisulfitehic.mapping.Bhmem  - Processing reads 1136000 ...
445352 [main] INFO main.java.edu.mit.compbio.bisulfitehic.mapping.Bhmem  - Unique mapped and paired reads 1130126 ...
445355 [main] INFO main.java.edu.mit.compbio.bisulfitehic.mapping.Bhmem  - Processing reads 1137000 ...
445355 [main] INFO main.java.edu.mit.compbio.bisulfitehic.mapping.Bhmem  - Unique mapped and paired reads 1130126 ...
[M::mem_process_seqs] Processed 1001 reads in 1.369 CPU sec, 0.175 real sec
[M::mem_process_seqs] Processed 1001 reads in 1.049 CPU sec, 0.133 real sec
[M::mem_process_seqs] Processed 1001 reads in 1.327 CPU sec, 0.168 real sec
[M::mem_process_seqs] Processed 1001 reads in 1.196 CPU sec, 0.153 real sec
446170 [main] INFO main.java.edu.mit.compbio.bisulfitehic.mapping.Bhmem  - Processing reads 1138000 ...
446170 [main] INFO main.java.edu.mit.compbio.bisulfitehic.mapping.Bhmem  - Unique mapped and paired reads 1132118 ...
446173 [main] INFO main.java.edu.mit.compbio.bisulfitehic.mapping.Bhmem  - Processing reads 1139000 ...
446173 [main] INFO main.java.edu.mit.compbio.bisulfitehic.mapping.Bhmem  - Unique mapped and paired reads 1132118 ...
[M::mem_process_seqs] Processed 1001 reads in 1.217 CPU sec, 0.156 real sec
[M::mem_process_seqs] Processed 1001 reads in 1.015 CPU sec, 0.129 real sec
[M::mem_process_seqs] Processed 1001 reads in 1.371 CPU sec, 0.180 real sec
[M::mem_process_seqs] Processed 1001 reads in 1.183 CPU sec, 0.153 real sec
446990 [main] INFO main.java.edu.mit.compbio.bisulfitehic.mapping.Bhmem  - Processing reads 1140000 ...
446990 [main] INFO main.java.edu.mit.compbio.bisulfitehic.mapping.Bhmem  - Unique mapped and paired reads 1134110 ...
446993 [main] INFO main.java.edu.mit.compbio.bisulfitehic.mapping.Bhmem  - Processing reads 1141000 ...
446993 [main] INFO main.java.edu.mit.compbio.bisulfitehic.mapping.Bhmem  - Unique mapped and paired reads 1134110 ...
[M::mem_process_seqs] Processed 1001 reads in 1.212 CPU sec, 0.153 real sec
[M::mem_process_seqs] Processed 1001 reads in 0.939 CPU sec, 0.120 real sec
[M::mem_process_seqs] Processed 1001 reads in 1.329 CPU sec, 0.169 real sec
[M::mem_process_seqs] Processed 1001 reads in 1.101 CPU sec, 0.143 real sec
447765 [main] INFO main.java.edu.mit.compbio.bisulfitehic.mapping.Bhmem  - Processing reads 1142000 ...
447765 [main] INFO main.java.edu.mit.compbio.bisulfitehic.mapping.Bhmem  - Unique mapped and paired reads 1136108 ...
447768 [main] INFO main.java.edu.mit.compbio.bisulfitehic.mapping.Bhmem  - Processing reads 1143000 ...
447768 [main] INFO main.java.edu.mit.compbio.bisulfitehic.mapping.Bhmem  - Unique mapped and paired reads 1136108 ...
[M::mem_process_seqs] Processed 1001 reads in 1.228 CPU sec, 0.156 real sec
[M::mem_process_seqs] Processed 1001 reads in 0.923 CPU sec, 0.124 real sec
[M::mem_process_seqs] Processed 1001 reads in 1.430 CPU sec, 0.186 real sec
[M::mem_process_seqs] Processed 1001 reads in 1.191 CPU sec, 0.153 real sec
448587 [main] INFO main.java.edu.mit.compbio.bisulfitehic.mapping.Bhmem  - Processing reads 1144000 ...
448587 [main] INFO main.java.edu.mit.compbio.bisulfitehic.mapping.Bhmem  - Unique mapped and paired reads 1138104 ...
448590 [main] INFO main.java.edu.mit.compbio.bisulfitehic.mapping.Bhmem  - Processing reads 1145000 ...
448590 [main] INFO main.java.edu.mit.compbio.bisulfitehic.mapping.Bhmem  - Unique mapped and paired reads 1138104 ...
[M::mem_process_seqs] Processed 1001 reads in 1.080 CPU sec, 0.137 real sec
[M::mem_process_seqs] Processed 1001 reads in 0.934 CPU sec, 0.119 real sec
[M::mem_process_seqs] Processed 1001 reads in 1.252 CPU sec, 0.162 real sec
[M::mem_process_seqs] Processed 1001 reads in 1.078 CPU sec, 0.138 real sec
449323 [main] INFO main.java.edu.mit.compbio.bisulfitehic.mapping.Bhmem  - Processing reads 1146000 ...
449323 [main] INFO main.java.edu.mit.compbio.bisulfitehic.mapping.Bhmem  - Unique mapped and paired reads 1140102 ...
449326 [main] INFO main.java.edu.mit.compbio.bisulfitehic.mapping.Bhmem  - Processing reads 1147000 ...
449326 [main] INFO main.java.edu.mit.compbio.bisulfitehic.mapping.Bhmem  - Unique mapped and paired reads 1140102 ...
[M::mem_process_seqs] Processed 1001 reads in 1.161 CPU sec, 0.148 real sec
[M::mem_process_seqs] Processed 1001 reads in 0.895 CPU sec, 0.114 real sec
[M::mem_process_seqs] Processed 1001 reads in 1.276 CPU sec, 0.162 real sec
[M::mem_process_seqs] Processed 1001 reads in 1.087 CPU sec, 0.139 real sec
450072 [main] INFO main.java.edu.mit.compbio.bisulfitehic.mapping.Bhmem  - Processing reads 1148000 ...
450072 [main] INFO main.java.edu.mit.compbio.bisulfitehic.mapping.Bhmem  - Unique mapped and paired reads 1142102 ...
450075 [main] INFO main.java.edu.mit.compbio.bisulfitehic.mapping.Bhmem  - Processing reads 1149000 ...
450075 [main] INFO main.java.edu.mit.compbio.bisulfitehic.mapping.Bhmem  - Unique mapped and paired reads 1142102 ...
[M::mem_process_seqs] Processed 1001 reads in 1.203 CPU sec, 0.152 real sec
[M::mem_process_seqs] Processed 1001 reads in 0.991 CPU sec, 0.135 real sec
[M::mem_process_seqs] Processed 1001 reads in 1.326 CPU sec, 0.169 real sec
[M::mem_process_seqs] Processed 1001 reads in 1.059 CPU sec, 0.135 real sec
450853 [main] INFO main.java.edu.mit.compbio.bisulfitehic.mapping.Bhmem  - Processing reads 1150000 ...
450853 [main] INFO main.java.edu.mit.compbio.bisulfitehic.mapping.Bhmem  - Unique mapped and paired reads 1144092 ...
450856 [main] INFO main.java.edu.mit.compbio.bisulfitehic.mapping.Bhmem  - Processing reads 1151000 ...
450856 [main] INFO main.java.edu.mit.compbio.bisulfitehic.mapping.Bhmem  - Unique mapped and paired reads 1144092 ...
[M::mem_process_seqs] Processed 1001 reads in 1.213 CPU sec, 0.153 real sec
[M::mem_process_seqs] Processed 1001 reads in 0.978 CPU sec, 0.124 real sec
[M::mem_process_seqs] Processed 1001 reads in 1.331 CPU sec, 0.170 real sec
[M::mem_process_seqs] Processed 1001 reads in 1.184 CPU sec, 0.152 real sec
451638 [main] INFO main.java.edu.mit.compbio.bisulfitehic.mapping.Bhmem  - Processing reads 1152000 ...
451638 [main] INFO main.java.edu.mit.compbio.bisulfitehic.mapping.Bhmem  - Unique mapped and paired reads 1146090 ...
451641 [main] INFO main.java.edu.mit.compbio.bisulfitehic.mapping.Bhmem  - Processing reads 1153000 ...
451641 [main] INFO main.java.edu.mit.compbio.bisulfitehic.mapping.Bhmem  - Unique mapped and paired reads 1146090 ...
[M::mem_process_seqs] Processed 1001 reads in 1.142 CPU sec, 0.145 real sec
[M::mem_process_seqs] Processed 1001 reads in 0.994 CPU sec, 0.131 real sec
[M::mem_process_seqs] Processed 1001 reads in 1.367 CPU sec, 0.175 real sec
[M::mem_process_seqs] Processed 1001 reads in 1.104 CPU sec, 0.141 real sec
452416 [main] INFO main.java.edu.mit.compbio.bisulfitehic.mapping.Bhmem  - Processing reads 1154000 ...
452416 [main] INFO main.java.edu.mit.compbio.bisulfitehic.mapping.Bhmem  - Unique mapped and paired reads 1148088 ...
452419 [main] INFO main.java.edu.mit.compbio.bisulfitehic.mapping.Bhmem  - Processing reads 1155000 ...
452419 [main] INFO main.java.edu.mit.compbio.bisulfitehic.mapping.Bhmem  - Unique mapped and paired reads 1148088 ...
[M::mem_process_seqs] Processed 1001 reads in 1.194 CPU sec, 0.151 real sec
[M::mem_process_seqs] Processed 1001 reads in 0.998 CPU sec, 0.128 real sec
[M::mem_process_seqs] Processed 1001 reads in 1.290 CPU sec, 0.165 real sec
[M::mem_process_seqs] Processed 1001 reads in 1.146 CPU sec, 0.148 real sec
453198 [main] INFO main.java.edu.mit.compbio.bisulfitehic.mapping.Bhmem  - Processing reads 1156000 ...
453198 [main] INFO main.java.edu.mit.compbio.bisulfitehic.mapping.Bhmem  - Unique mapped and paired reads 1150084 ...
453201 [main] INFO main.java.edu.mit.compbio.bisulfitehic.mapping.Bhmem  - Processing reads 1157000 ...
453201 [main] INFO main.java.edu.mit.compbio.bisulfitehic.mapping.Bhmem  - Unique mapped and paired reads 1150084 ...
[M::mem_process_seqs] Processed 1001 reads in 1.270 CPU sec, 0.169 real sec
[M::mem_process_seqs] Processed 1001 reads in 1.019 CPU sec, 0.133 real sec
[M::mem_process_seqs] Processed 1001 reads in 1.292 CPU sec, 0.170 real sec
[M::mem_process_seqs] Processed 1001 reads in 1.137 CPU sec, 0.148 real sec
454006 [main] INFO main.java.edu.mit.compbio.bisulfitehic.mapping.Bhmem  - Processing reads 1158000 ...
454006 [main] INFO main.java.edu.mit.compbio.bisulfitehic.mapping.Bhmem  - Unique mapped and paired reads 1152076 ...
454009 [main] INFO main.java.edu.mit.compbio.bisulfitehic.mapping.Bhmem  - Processing reads 1159000 ...
454009 [main] INFO main.java.edu.mit.compbio.bisulfitehic.mapping.Bhmem  - Unique mapped and paired reads 1152076 ...
[M::mem_process_seqs] Processed 1001 reads in 1.138 CPU sec, 0.144 real sec
[M::mem_process_seqs] Processed 1001 reads in 0.982 CPU sec, 0.127 real sec
[M::mem_process_seqs] Processed 1001 reads in 1.271 CPU sec, 0.161 real sec
[M::mem_process_seqs] Processed 1001 reads in 1.087 CPU sec, 0.137 real sec
454758 [main] INFO main.java.edu.mit.compbio.bisulfitehic.mapping.Bhmem  - Processing reads 1160000 ...
454758 [main] INFO main.java.edu.mit.compbio.bisulfitehic.mapping.Bhmem  - Unique mapped and paired reads 1154072 ...
454761 [main] INFO main.java.edu.mit.compbio.bisulfitehic.mapping.Bhmem  - Processing reads 1161000 ...
454761 [main] INFO main.java.edu.mit.compbio.bisulfitehic.mapping.Bhmem  - Unique mapped and paired reads 1154072 ...
[M::mem_process_seqs] Processed 1001 reads in 1.227 CPU sec, 0.158 real sec
[M::mem_process_seqs] Processed 1001 reads in 1.057 CPU sec, 0.135 real sec
[M::mem_process_seqs] Processed 1001 reads in 1.327 CPU sec, 0.173 real sec
[M::mem_process_seqs] Processed 1001 reads in 1.116 CPU sec, 0.143 real sec
455556 [main] INFO main.java.edu.mit.compbio.bisulfitehic.mapping.Bhmem  - Processing reads 1162000 ...
455556 [main] INFO main.java.edu.mit.compbio.bisulfitehic.mapping.Bhmem  - Unique mapped and paired reads 1156058 ...
455559 [main] INFO main.java.edu.mit.compbio.bisulfitehic.mapping.Bhmem  - Processing reads 1163000 ...
455559 [main] INFO main.java.edu.mit.compbio.bisulfitehic.mapping.Bhmem  - Unique mapped and paired reads 1156058 ...
[M::mem_process_seqs] Processed 1001 reads in 1.205 CPU sec, 0.154 real sec
[M::mem_process_seqs] Processed 1001 reads in 1.011 CPU sec, 0.129 real sec
[M::mem_process_seqs] Processed 1001 reads in 1.318 CPU sec, 0.167 real sec
[M::mem_process_seqs] Processed 1001 reads in 1.156 CPU sec, 0.148 real sec
456347 [main] INFO main.java.edu.mit.compbio.bisulfitehic.mapping.Bhmem  - Processing reads 1164000 ...
456347 [main] INFO main.java.edu.mit.compbio.bisulfitehic.mapping.Bhmem  - Unique mapped and paired reads 1158050 ...
456350 [main] INFO main.java.edu.mit.compbio.bisulfitehic.mapping.Bhmem  - Processing reads 1165000 ...
456350 [main] INFO main.java.edu.mit.compbio.bisulfitehic.mapping.Bhmem  - Unique mapped and paired reads 1158050 ...
[M::mem_process_seqs] Processed 1001 reads in 1.131 CPU sec, 0.143 real sec
[M::mem_process_seqs] Processed 1001 reads in 1.019 CPU sec, 0.130 real sec
[M::mem_process_seqs] Processed 1001 reads in 1.190 CPU sec, 0.150 real sec
[M::mem_process_seqs] Processed 1001 reads in 1.039 CPU sec, 0.132 real sec
457111 [main] INFO main.java.edu.mit.compbio.bisulfitehic.mapping.Bhmem  - Processing reads 1166000 ...
457111 [main] INFO main.java.edu.mit.compbio.bisulfitehic.mapping.Bhmem  - Unique mapped and paired reads 1160048 ...
457114 [main] INFO main.java.edu.mit.compbio.bisulfitehic.mapping.Bhmem  - Processing reads 1167000 ...
457114 [main] INFO main.java.edu.mit.compbio.bisulfitehic.mapping.Bhmem  - Unique mapped and paired reads 1160048 ...
[M::mem_process_seqs] Processed 1001 reads in 1.156 CPU sec, 0.153 real sec
[M::mem_process_seqs] Processed 1001 reads in 0.996 CPU sec, 0.129 real sec
[M::mem_process_seqs] Processed 1001 reads in 1.296 CPU sec, 0.172 real sec
[M::mem_process_seqs] Processed 1001 reads in 1.244 CPU sec, 0.158 real sec
457915 [main] INFO main.java.edu.mit.compbio.bisulfitehic.mapping.Bhmem  - Processing reads 1168000 ...
457915 [main] INFO main.java.edu.mit.compbio.bisulfitehic.mapping.Bhmem  - Unique mapped and paired reads 1162044 ...
457918 [main] INFO main.java.edu.mit.compbio.bisulfitehic.mapping.Bhmem  - Processing reads 1169000 ...
457918 [main] INFO main.java.edu.mit.compbio.bisulfitehic.mapping.Bhmem  - Unique mapped and paired reads 1162044 ...
[M::mem_process_seqs] Processed 1001 reads in 1.175 CPU sec, 0.150 real sec
[M::mem_process_seqs] Processed 1001 reads in 1.021 CPU sec, 0.130 real sec
[M::mem_process_seqs] Processed 1001 reads in 1.284 CPU sec, 0.162 real sec
[M::mem_process_seqs] Processed 1001 reads in 1.262 CPU sec, 0.159 real sec
458717 [main] INFO main.java.edu.mit.compbio.bisulfitehic.mapping.Bhmem  - Processing reads 1170000 ...
458717 [main] INFO main.java.edu.mit.compbio.bisulfitehic.mapping.Bhmem  - Unique mapped and paired reads 1164038 ...
458720 [main] INFO main.java.edu.mit.compbio.bisulfitehic.mapping.Bhmem  - Processing reads 1171000 ...
458720 [main] INFO main.java.edu.mit.compbio.bisulfitehic.mapping.Bhmem  - Unique mapped and paired reads 1164038 ...
[M::mem_process_seqs] Processed 1001 reads in 1.197 CPU sec, 0.153 real sec
[M::mem_process_seqs] Processed 1001 reads in 1.013 CPU sec, 0.129 real sec
[M::mem_process_seqs] Processed 1001 reads in 1.339 CPU sec, 0.170 real sec
[M::mem_process_seqs] Processed 1001 reads in 1.189 CPU sec, 0.153 real sec
459517 [main] INFO main.java.edu.mit.compbio.bisulfitehic.mapping.Bhmem  - Processing reads 1172000 ...
459517 [main] INFO main.java.edu.mit.compbio.bisulfitehic.mapping.Bhmem  - Unique mapped and paired reads 1166036 ...
459520 [main] INFO main.java.edu.mit.compbio.bisulfitehic.mapping.Bhmem  - Processing reads 1173000 ...
459520 [main] INFO main.java.edu.mit.compbio.bisulfitehic.mapping.Bhmem  - Unique mapped and paired reads 1166036 ...
[M::mem_process_seqs] Processed 1001 reads in 1.257 CPU sec, 0.161 real sec
[M::mem_process_seqs] Processed 1001 reads in 0.948 CPU sec, 0.121 real sec
[M::mem_process_seqs] Processed 1001 reads in 1.367 CPU sec, 0.173 real sec
[M::mem_process_seqs] Processed 1001 reads in 1.103 CPU sec, 0.139 real sec
460304 [main] INFO main.java.edu.mit.compbio.bisulfitehic.mapping.Bhmem  - Processing reads 1174000 ...
460304 [main] INFO main.java.edu.mit.compbio.bisulfitehic.mapping.Bhmem  - Unique mapped and paired reads 1168030 ...
460307 [main] INFO main.java.edu.mit.compbio.bisulfitehic.mapping.Bhmem  - Processing reads 1175000 ...
460307 [main] INFO main.java.edu.mit.compbio.bisulfitehic.mapping.Bhmem  - Unique mapped and paired reads 1168030 ...
[M::mem_process_seqs] Processed 1001 reads in 1.188 CPU sec, 0.151 real sec
[M::mem_process_seqs] Processed 1001 reads in 0.964 CPU sec, 0.126 real sec
[M::mem_process_seqs] Processed 1001 reads in 1.354 CPU sec, 0.172 real sec
[M::mem_process_seqs] Processed 1001 reads in 1.122 CPU sec, 0.143 real sec
461103 [main] INFO main.java.edu.mit.compbio.bisulfitehic.mapping.Bhmem  - Processing reads 1176000 ...
461103 [main] INFO main.java.edu.mit.compbio.bisulfitehic.mapping.Bhmem  - Unique mapped and paired reads 1170020 ...
461106 [main] INFO main.java.edu.mit.compbio.bisulfitehic.mapping.Bhmem  - Processing reads 1177000 ...
461106 [main] INFO main.java.edu.mit.compbio.bisulfitehic.mapping.Bhmem  - Unique mapped and paired reads 1170020 ...
[M::mem_process_seqs] Processed 1001 reads in 1.178 CPU sec, 0.152 real sec
[M::mem_process_seqs] Processed 1001 reads in 1.033 CPU sec, 0.139 real sec
[M::mem_process_seqs] Processed 1001 reads in 1.369 CPU sec, 0.174 real sec
[M::mem_process_seqs] Processed 1001 reads in 1.177 CPU sec, 0.152 real sec
461912 [main] INFO main.java.edu.mit.compbio.bisulfitehic.mapping.Bhmem  - Processing reads 1178000 ...
461912 [main] INFO main.java.edu.mit.compbio.bisulfitehic.mapping.Bhmem  - Unique mapped and paired reads 1172016 ...
461915 [main] INFO main.java.edu.mit.compbio.bisulfitehic.mapping.Bhmem  - Processing reads 1179000 ...
461915 [main] INFO main.java.edu.mit.compbio.bisulfitehic.mapping.Bhmem  - Unique mapped and paired reads 1172016 ...
[M::mem_process_seqs] Processed 1001 reads in 1.274 CPU sec, 0.162 real sec
[M::mem_process_seqs] Processed 1001 reads in 1.019 CPU sec, 0.129 real sec
[M::mem_process_seqs] Processed 1001 reads in 1.372 CPU sec, 0.173 real sec
[M::mem_process_seqs] Processed 1001 reads in 1.214 CPU sec, 0.155 real sec
462735 [main] INFO main.java.edu.mit.compbio.bisulfitehic.mapping.Bhmem  - Processing reads 1180000 ...
462735 [main] INFO main.java.edu.mit.compbio.bisulfitehic.mapping.Bhmem  - Unique mapped and paired reads 1174002 ...
462738 [main] INFO main.java.edu.mit.compbio.bisulfitehic.mapping.Bhmem  - Processing reads 1181000 ...
462738 [main] INFO main.java.edu.mit.compbio.bisulfitehic.mapping.Bhmem  - Unique mapped and paired reads 1174002 ...
[M::mem_process_seqs] Processed 1001 reads in 1.211 CPU sec, 0.162 real sec
[M::mem_process_seqs] Processed 1001 reads in 0.920 CPU sec, 0.120 real sec
[M::mem_process_seqs] Processed 1001 reads in 1.332 CPU sec, 0.168 real sec
[M::mem_process_seqs] Processed 1001 reads in 1.074 CPU sec, 0.137 real sec
463512 [main] INFO main.java.edu.mit.compbio.bisulfitehic.mapping.Bhmem  - Processing reads 1182000 ...
463512 [main] INFO main.java.edu.mit.compbio.bisulfitehic.mapping.Bhmem  - Unique mapped and paired reads 1175994 ...
463515 [main] INFO main.java.edu.mit.compbio.bisulfitehic.mapping.Bhmem  - Processing reads 1183000 ...
463515 [main] INFO main.java.edu.mit.compbio.bisulfitehic.mapping.Bhmem  - Unique mapped and paired reads 1175994 ...
[M::mem_process_seqs] Processed 1001 reads in 1.435 CPU sec, 0.181 real sec
[M::mem_process_seqs] Processed 1001 reads in 1.221 CPU sec, 0.154 real sec
[M::mem_process_seqs] Processed 1001 reads in 1.178 CPU sec, 0.151 real sec
[M::mem_process_seqs] Processed 1001 reads in 1.026 CPU sec, 0.139 real sec
464409 [main] INFO main.java.edu.mit.compbio.bisulfitehic.mapping.Bhmem  - Processing reads 1184000 ...
464409 [main] INFO main.java.edu.mit.compbio.bisulfitehic.mapping.Bhmem  - Unique mapped and paired reads 1177976 ...
464469 [main] INFO main.java.edu.mit.compbio.bisulfitehic.mapping.Bhmem  - Processing reads 1185000 ...
464469 [main] INFO main.java.edu.mit.compbio.bisulfitehic.mapping.Bhmem  - Unique mapped and paired reads 1177976 ...
[M::mem_process_seqs] Processed 1001 reads in 1.389 CPU sec, 0.175 real sec
[M::mem_process_seqs] Processed 1001 reads in 1.184 CPU sec, 0.150 real sec
[M::mem_process_seqs] Processed 1001 reads in 1.144 CPU sec, 0.145 real sec
[M::mem_process_seqs] Processed 1001 reads in 0.997 CPU sec, 0.128 real sec
465336 [main] INFO main.java.edu.mit.compbio.bisulfitehic.mapping.Bhmem  - Processing reads 1186000 ...
465336 [main] INFO main.java.edu.mit.compbio.bisulfitehic.mapping.Bhmem  - Unique mapped and paired reads 1179962 ...
465339 [main] INFO main.java.edu.mit.compbio.bisulfitehic.mapping.Bhmem  - Processing reads 1187000 ...
465339 [main] INFO main.java.edu.mit.compbio.bisulfitehic.mapping.Bhmem  - Unique mapped and paired reads 1179962 ...
[M::mem_process_seqs] Processed 1001 reads in 1.431 CPU sec, 0.181 real sec
[M::mem_process_seqs] Processed 1001 reads in 1.183 CPU sec, 0.149 real sec
[M::mem_process_seqs] Processed 1001 reads in 1.154 CPU sec, 0.155 real sec
[M::mem_process_seqs] Processed 1001 reads in 1.052 CPU sec, 0.143 real sec
466228 [main] INFO main.java.edu.mit.compbio.bisulfitehic.mapping.Bhmem  - Processing reads 1188000 ...
466228 [main] INFO main.java.edu.mit.compbio.bisulfitehic.mapping.Bhmem  - Unique mapped and paired reads 1181952 ...
466231 [main] INFO main.java.edu.mit.compbio.bisulfitehic.mapping.Bhmem  - Processing reads 1189000 ...
466231 [main] INFO main.java.edu.mit.compbio.bisulfitehic.mapping.Bhmem  - Unique mapped and paired reads 1181952 ...
[M::mem_process_seqs] Processed 1001 reads in 1.473 CPU sec, 0.187 real sec
[M::mem_process_seqs] Processed 1001 reads in 1.191 CPU sec, 0.152 real sec
[M::mem_process_seqs] Processed 1001 reads in 1.131 CPU sec, 0.143 real sec
[M::mem_process_seqs] Processed 1001 reads in 0.950 CPU sec, 0.121 real sec
467090 [main] INFO main.java.edu.mit.compbio.bisulfitehic.mapping.Bhmem  - Processing reads 1190000 ...
467090 [main] INFO main.java.edu.mit.compbio.bisulfitehic.mapping.Bhmem  - Unique mapped and paired reads 1183942 ...
467093 [main] INFO main.java.edu.mit.compbio.bisulfitehic.mapping.Bhmem  - Processing reads 1191000 ...
467093 [main] INFO main.java.edu.mit.compbio.bisulfitehic.mapping.Bhmem  - Unique mapped and paired reads 1183942 ...
[M::mem_process_seqs] Processed 1001 reads in 1.294 CPU sec, 0.164 real sec
[M::mem_process_seqs] Processed 1001 reads in 1.121 CPU sec, 0.148 real sec
[M::mem_process_seqs] Processed 1001 reads in 1.185 CPU sec, 0.151 real sec
[M::mem_process_seqs] Processed 1001 reads in 1.009 CPU sec, 0.128 real sec
467921 [main] INFO main.java.edu.mit.compbio.bisulfitehic.mapping.Bhmem  - Processing reads 1192000 ...
467921 [main] INFO main.java.edu.mit.compbio.bisulfitehic.mapping.Bhmem  - Unique mapped and paired reads 1185938 ...
467924 [main] INFO main.java.edu.mit.compbio.bisulfitehic.mapping.Bhmem  - Processing reads 1193000 ...
467925 [main] INFO main.java.edu.mit.compbio.bisulfitehic.mapping.Bhmem  - Unique mapped and paired reads 1185938 ...
[M::mem_process_seqs] Processed 1001 reads in 1.168 CPU sec, 0.149 real sec
[M::mem_process_seqs] Processed 1001 reads in 1.005 CPU sec, 0.127 real sec
[M::mem_process_seqs] Processed 1001 reads in 1.271 CPU sec, 0.162 real sec
[M::mem_process_seqs] Processed 1001 reads in 1.096 CPU sec, 0.139 real sec
468720 [main] INFO main.java.edu.mit.compbio.bisulfitehic.mapping.Bhmem  - Processing reads 1194000 ...
468720 [main] INFO main.java.edu.mit.compbio.bisulfitehic.mapping.Bhmem  - Unique mapped and paired reads 1187930 ...
468725 [main] INFO main.java.edu.mit.compbio.bisulfitehic.mapping.Bhmem  - Processing reads 1195000 ...
468725 [main] INFO main.java.edu.mit.compbio.bisulfitehic.mapping.Bhmem  - Unique mapped and paired reads 1187930 ...
[M::mem_process_seqs] Processed 1001 reads in 1.120 CPU sec, 0.144 real sec
[M::mem_process_seqs] Processed 1001 reads in 0.957 CPU sec, 0.121 real sec
[M::mem_process_seqs] Processed 1001 reads in 1.287 CPU sec, 0.163 real sec
[M::mem_process_seqs] Processed 1001 reads in 1.156 CPU sec, 0.148 real sec
469490 [main] INFO main.java.edu.mit.compbio.bisulfitehic.mapping.Bhmem  - Processing reads 1196000 ...
469491 [main] INFO main.java.edu.mit.compbio.bisulfitehic.mapping.Bhmem  - Unique mapped and paired reads 1189928 ...
469494 [main] INFO main.java.edu.mit.compbio.bisulfitehic.mapping.Bhmem  - Processing reads 1197000 ...
469494 [main] INFO main.java.edu.mit.compbio.bisulfitehic.mapping.Bhmem  - Unique mapped and paired reads 1189928 ...
[M::mem_process_seqs] Processed 1001 reads in 1.162 CPU sec, 0.148 real sec
[M::mem_process_seqs] Processed 1001 reads in 1.089 CPU sec, 0.141 real sec
[M::mem_process_seqs] Processed 1001 reads in 1.482 CPU sec, 0.196 real sec
[M::mem_process_seqs] Processed 1001 reads in 1.257 CPU sec, 0.162 real sec
470335 [main] INFO main.java.edu.mit.compbio.bisulfitehic.mapping.Bhmem  - Processing reads 1198000 ...
470335 [main] INFO main.java.edu.mit.compbio.bisulfitehic.mapping.Bhmem  - Unique mapped and paired reads 1191922 ...
470339 [main] INFO main.java.edu.mit.compbio.bisulfitehic.mapping.Bhmem  - Processing reads 1199000 ...
470339 [main] INFO main.java.edu.mit.compbio.bisulfitehic.mapping.Bhmem  - Unique mapped and paired reads 1191922 ...
[M::mem_process_seqs] Processed 1001 reads in 1.223 CPU sec, 0.155 real sec
[M::mem_process_seqs] Processed 1001 reads in 1.041 CPU sec, 0.133 real sec
[M::mem_process_seqs] Processed 1001 reads in 1.298 CPU sec, 0.173 real sec
[M::mem_process_seqs] Processed 1001 reads in 1.204 CPU sec, 0.155 real sec
471151 [main] INFO main.java.edu.mit.compbio.bisulfitehic.mapping.Bhmem  - Processing reads 1200000 ...
471151 [main] INFO main.java.edu.mit.compbio.bisulfitehic.mapping.Bhmem  - Unique mapped and paired reads 1193920 ...
471154 [main] INFO main.java.edu.mit.compbio.bisulfitehic.mapping.Bhmem  - Processing reads 1201000 ...
471154 [main] INFO main.java.edu.mit.compbio.bisulfitehic.mapping.Bhmem  - Unique mapped and paired reads 1193920 ...
[M::mem_process_seqs] Processed 1001 reads in 1.218 CPU sec, 0.154 real sec
[M::mem_process_seqs] Processed 1001 reads in 0.931 CPU sec, 0.120 real sec
[M::mem_process_seqs] Processed 1001 reads in 1.271 CPU sec, 0.164 real sec
[M::mem_process_seqs] Processed 1001 reads in 1.155 CPU sec, 0.149 real sec
471935 [main] INFO main.java.edu.mit.compbio.bisulfitehic.mapping.Bhmem  - Processing reads 1202000 ...
471935 [main] INFO main.java.edu.mit.compbio.bisulfitehic.mapping.Bhmem  - Unique mapped and paired reads 1195918 ...
471938 [main] INFO main.java.edu.mit.compbio.bisulfitehic.mapping.Bhmem  - Processing reads 1203000 ...
471938 [main] INFO main.java.edu.mit.compbio.bisulfitehic.mapping.Bhmem  - Unique mapped and paired reads 1195918 ...
[M::mem_process_seqs] Processed 1001 reads in 1.285 CPU sec, 0.164 real sec
[M::mem_process_seqs] Processed 1001 reads in 0.980 CPU sec, 0.126 real sec
[M::mem_process_seqs] Processed 1001 reads in 1.297 CPU sec, 0.166 real sec
[M::mem_process_seqs] Processed 1001 reads in 1.146 CPU sec, 0.145 real sec
472728 [main] INFO main.java.edu.mit.compbio.bisulfitehic.mapping.Bhmem  - Processing reads 1204000 ...
472728 [main] INFO main.java.edu.mit.compbio.bisulfitehic.mapping.Bhmem  - Unique mapped and paired reads 1197912 ...
472731 [main] INFO main.java.edu.mit.compbio.bisulfitehic.mapping.Bhmem  - Processing reads 1205000 ...
472731 [main] INFO main.java.edu.mit.compbio.bisulfitehic.mapping.Bhmem  - Unique mapped and paired reads 1197912 ...
[M::mem_process_seqs] Processed 1001 reads in 1.215 CPU sec, 0.154 real sec
[M::mem_process_seqs] Processed 1001 reads in 0.947 CPU sec, 0.120 real sec
[M::mem_process_seqs] Processed 1001 reads in 1.341 CPU sec, 0.171 real sec
[M::mem_process_seqs] Processed 1001 reads in 1.129 CPU sec, 0.147 real sec
473515 [main] INFO main.java.edu.mit.compbio.bisulfitehic.mapping.Bhmem  - Processing reads 1206000 ...
473515 [main] INFO main.java.edu.mit.compbio.bisulfitehic.mapping.Bhmem  - Unique mapped and paired reads 1199902 ...
473518 [main] INFO main.java.edu.mit.compbio.bisulfitehic.mapping.Bhmem  - Processing reads 1207000 ...
473518 [main] INFO main.java.edu.mit.compbio.bisulfitehic.mapping.Bhmem  - Unique mapped and paired reads 1199902 ...
[M::mem_process_seqs] Processed 1001 reads in 1.353 CPU sec, 0.171 real sec
[M::mem_process_seqs] Processed 1001 reads in 1.147 CPU sec, 0.145 real sec
[M::mem_process_seqs] Processed 1001 reads in 1.216 CPU sec, 0.164 real sec
[M::mem_process_seqs] Processed 1001 reads in 1.076 CPU sec, 0.137 real sec
474360 [main] INFO main.java.edu.mit.compbio.bisulfitehic.mapping.Bhmem  - Processing reads 1208000 ...
474360 [main] INFO main.java.edu.mit.compbio.bisulfitehic.mapping.Bhmem  - Unique mapped and paired reads 1201894 ...
474363 [main] INFO main.java.edu.mit.compbio.bisulfitehic.mapping.Bhmem  - Processing reads 1209000 ...
474363 [main] INFO main.java.edu.mit.compbio.bisulfitehic.mapping.Bhmem  - Unique mapped and paired reads 1201894 ...
[M::mem_process_seqs] Processed 1001 reads in 1.461 CPU sec, 0.186 real sec
[M::mem_process_seqs] Processed 1001 reads in 1.217 CPU sec, 0.153 real sec
[M::mem_process_seqs] Processed 1001 reads in 1.061 CPU sec, 0.138 real sec
[M::mem_process_seqs] Processed 1001 reads in 0.946 CPU sec, 0.124 real sec
475235 [main] INFO main.java.edu.mit.compbio.bisulfitehic.mapping.Bhmem  - Processing reads 1210000 ...
475235 [main] INFO main.java.edu.mit.compbio.bisulfitehic.mapping.Bhmem  - Unique mapped and paired reads 1203882 ...
475238 [main] INFO main.java.edu.mit.compbio.bisulfitehic.mapping.Bhmem  - Processing reads 1211000 ...
475238 [main] INFO main.java.edu.mit.compbio.bisulfitehic.mapping.Bhmem  - Unique mapped and paired reads 1203882 ...
[M::mem_process_seqs] Processed 1001 reads in 1.439 CPU sec, 0.183 real sec
[M::mem_process_seqs] Processed 1001 reads in 1.189 CPU sec, 0.150 real sec
[M::mem_process_seqs] Processed 1001 reads in 1.153 CPU sec, 0.148 real sec
[M::mem_process_seqs] Processed 1001 reads in 0.972 CPU sec, 0.134 real sec
476120 [main] INFO main.java.edu.mit.compbio.bisulfitehic.mapping.Bhmem  - Processing reads 1212000 ...
476120 [main] INFO main.java.edu.mit.compbio.bisulfitehic.mapping.Bhmem  - Unique mapped and paired reads 1205864 ...
476123 [main] INFO main.java.edu.mit.compbio.bisulfitehic.mapping.Bhmem  - Processing reads 1213000 ...
476123 [main] INFO main.java.edu.mit.compbio.bisulfitehic.mapping.Bhmem  - Unique mapped and paired reads 1205864 ...
[M::mem_process_seqs] Processed 1001 reads in 1.462 CPU sec, 0.186 real sec
[M::mem_process_seqs] Processed 1001 reads in 1.211 CPU sec, 0.154 real sec
[M::mem_process_seqs] Processed 1001 reads in 1.151 CPU sec, 0.148 real sec
[M::mem_process_seqs] Processed 1001 reads in 0.888 CPU sec, 0.116 real sec
476989 [main] INFO main.java.edu.mit.compbio.bisulfitehic.mapping.Bhmem  - Processing reads 1214000 ...
476989 [main] INFO main.java.edu.mit.compbio.bisulfitehic.mapping.Bhmem  - Unique mapped and paired reads 1207850 ...
476992 [main] INFO main.java.edu.mit.compbio.bisulfitehic.mapping.Bhmem  - Processing reads 1215000 ...
476992 [main] INFO main.java.edu.mit.compbio.bisulfitehic.mapping.Bhmem  - Unique mapped and paired reads 1207850 ...
[M::mem_process_seqs] Processed 1001 reads in 1.392 CPU sec, 0.176 real sec
[M::mem_process_seqs] Processed 1001 reads in 1.158 CPU sec, 0.149 real sec
[M::mem_process_seqs] Processed 1001 reads in 1.256 CPU sec, 0.159 real sec
[M::mem_process_seqs] Processed 1001 reads in 0.985 CPU sec, 0.136 real sec
477886 [main] INFO main.java.edu.mit.compbio.bisulfitehic.mapping.Bhmem  - Processing reads 1216000 ...
477886 [main] INFO main.java.edu.mit.compbio.bisulfitehic.mapping.Bhmem  - Unique mapped and paired reads 1209840 ...
477889 [main] INFO main.java.edu.mit.compbio.bisulfitehic.mapping.Bhmem  - Processing reads 1217000 ...
477889 [main] INFO main.java.edu.mit.compbio.bisulfitehic.mapping.Bhmem  - Unique mapped and paired reads 1209840 ...
[M::mem_process_seqs] Processed 1001 reads in 1.152 CPU sec, 0.147 real sec
[M::mem_process_seqs] Processed 1001 reads in 1.027 CPU sec, 0.133 real sec
[M::mem_process_seqs] Processed 1001 reads in 1.273 CPU sec, 0.161 real sec
[M::mem_process_seqs] Processed 1001 reads in 1.194 CPU sec, 0.152 real sec
478689 [main] INFO main.java.edu.mit.compbio.bisulfitehic.mapping.Bhmem  - Processing reads 1218000 ...
478689 [main] INFO main.java.edu.mit.compbio.bisulfitehic.mapping.Bhmem  - Unique mapped and paired reads 1211836 ...
478692 [main] INFO main.java.edu.mit.compbio.bisulfitehic.mapping.Bhmem  - Processing reads 1219000 ...
478692 [main] INFO main.java.edu.mit.compbio.bisulfitehic.mapping.Bhmem  - Unique mapped and paired reads 1211836 ...
[M::mem_process_seqs] Processed 1001 reads in 1.225 CPU sec, 0.155 real sec
[M::mem_process_seqs] Processed 1001 reads in 0.956 CPU sec, 0.124 real sec
[M::mem_process_seqs] Processed 1001 reads in 1.268 CPU sec, 0.160 real sec
[M::mem_process_seqs] Processed 1001 reads in 1.076 CPU sec, 0.136 real sec
479451 [main] INFO main.java.edu.mit.compbio.bisulfitehic.mapping.Bhmem  - Processing reads 1220000 ...
479451 [main] INFO main.java.edu.mit.compbio.bisulfitehic.mapping.Bhmem  - Unique mapped and paired reads 1213820 ...
479454 [main] INFO main.java.edu.mit.compbio.bisulfitehic.mapping.Bhmem  - Processing reads 1221000 ...
479454 [main] INFO main.java.edu.mit.compbio.bisulfitehic.mapping.Bhmem  - Unique mapped and paired reads 1213820 ...
[M::mem_process_seqs] Processed 1001 reads in 1.220 CPU sec, 0.156 real sec
[M::mem_process_seqs] Processed 1001 reads in 1.002 CPU sec, 0.131 real sec
[M::mem_process_seqs] Processed 1001 reads in 1.312 CPU sec, 0.179 real sec
[M::mem_process_seqs] Processed 1001 reads in 1.258 CPU sec, 0.162 real sec
480272 [main] INFO main.java.edu.mit.compbio.bisulfitehic.mapping.Bhmem  - Processing reads 1222000 ...
480272 [main] INFO main.java.edu.mit.compbio.bisulfitehic.mapping.Bhmem  - Unique mapped and paired reads 1215820 ...
480275 [main] INFO main.java.edu.mit.compbio.bisulfitehic.mapping.Bhmem  - Processing reads 1223000 ...
480275 [main] INFO main.java.edu.mit.compbio.bisulfitehic.mapping.Bhmem  - Unique mapped and paired reads 1215820 ...
[M::mem_process_seqs] Processed 1001 reads in 1.249 CPU sec, 0.159 real sec
[M::mem_process_seqs] Processed 1001 reads in 1.044 CPU sec, 0.132 real sec
[M::mem_process_seqs] Processed 1001 reads in 1.359 CPU sec, 0.173 real sec
[M::mem_process_seqs] Processed 1001 reads in 1.128 CPU sec, 0.144 real sec
481074 [main] INFO main.java.edu.mit.compbio.bisulfitehic.mapping.Bhmem  - Processing reads 1224000 ...
481074 [main] INFO main.java.edu.mit.compbio.bisulfitehic.mapping.Bhmem  - Unique mapped and paired reads 1217812 ...
481077 [main] INFO main.java.edu.mit.compbio.bisulfitehic.mapping.Bhmem  - Processing reads 1225000 ...
481077 [main] INFO main.java.edu.mit.compbio.bisulfitehic.mapping.Bhmem  - Unique mapped and paired reads 1217812 ...
[M::mem_process_seqs] Processed 1001 reads in 1.278 CPU sec, 0.164 real sec
[M::mem_process_seqs] Processed 1001 reads in 1.050 CPU sec, 0.135 real sec
[M::mem_process_seqs] Processed 1001 reads in 1.367 CPU sec, 0.178 real sec
[M::mem_process_seqs] Processed 1001 reads in 1.152 CPU sec, 0.147 real sec
481892 [main] INFO main.java.edu.mit.compbio.bisulfitehic.mapping.Bhmem  - Processing reads 1226000 ...
481892 [main] INFO main.java.edu.mit.compbio.bisulfitehic.mapping.Bhmem  - Unique mapped and paired reads 1219806 ...
481895 [main] INFO main.java.edu.mit.compbio.bisulfitehic.mapping.Bhmem  - Processing reads 1227000 ...
481895 [main] INFO main.java.edu.mit.compbio.bisulfitehic.mapping.Bhmem  - Unique mapped and paired reads 1219806 ...
[M::mem_process_seqs] Processed 1001 reads in 1.243 CPU sec, 0.162 real sec
[M::mem_process_seqs] Processed 1001 reads in 1.061 CPU sec, 0.137 real sec
[M::mem_process_seqs] Processed 1001 reads in 1.274 CPU sec, 0.163 real sec
[M::mem_process_seqs] Processed 1001 reads in 1.129 CPU sec, 0.156 real sec
482707 [main] INFO main.java.edu.mit.compbio.bisulfitehic.mapping.Bhmem  - Processing reads 1228000 ...
482707 [main] INFO main.java.edu.mit.compbio.bisulfitehic.mapping.Bhmem  - Unique mapped and paired reads 1221802 ...
482710 [main] INFO main.java.edu.mit.compbio.bisulfitehic.mapping.Bhmem  - Processing reads 1229000 ...
482710 [main] INFO main.java.edu.mit.compbio.bisulfitehic.mapping.Bhmem  - Unique mapped and paired reads 1221802 ...
[M::mem_process_seqs] Processed 1001 reads in 1.250 CPU sec, 0.162 real sec
[M::mem_process_seqs] Processed 1001 reads in 0.974 CPU sec, 0.124 real sec
[M::mem_process_seqs] Processed 1001 reads in 1.352 CPU sec, 0.179 real sec
[M::mem_process_seqs] Processed 1001 reads in 1.151 CPU sec, 0.145 real sec
483509 [main] INFO main.java.edu.mit.compbio.bisulfitehic.mapping.Bhmem  - Processing reads 1230000 ...
483509 [main] INFO main.java.edu.mit.compbio.bisulfitehic.mapping.Bhmem  - Unique mapped and paired reads 1223802 ...
483512 [main] INFO main.java.edu.mit.compbio.bisulfitehic.mapping.Bhmem  - Processing reads 1231000 ...
483512 [main] INFO main.java.edu.mit.compbio.bisulfitehic.mapping.Bhmem  - Unique mapped and paired reads 1223802 ...
[M::mem_process_seqs] Processed 1001 reads in 1.311 CPU sec, 0.167 real sec
[M::mem_process_seqs] Processed 1001 reads in 0.970 CPU sec, 0.123 real sec
[M::mem_process_seqs] Processed 1001 reads in 1.311 CPU sec, 0.169 real sec
[M::mem_process_seqs] Processed 1001 reads in 1.161 CPU sec, 0.147 real sec
484306 [main] INFO main.java.edu.mit.compbio.bisulfitehic.mapping.Bhmem  - Processing reads 1232000 ...
484306 [main] INFO main.java.edu.mit.compbio.bisulfitehic.mapping.Bhmem  - Unique mapped and paired reads 1225794 ...
484309 [main] INFO main.java.edu.mit.compbio.bisulfitehic.mapping.Bhmem  - Processing reads 1233000 ...
484309 [main] INFO main.java.edu.mit.compbio.bisulfitehic.mapping.Bhmem  - Unique mapped and paired reads 1225794 ...
[M::mem_process_seqs] Processed 1001 reads in 1.226 CPU sec, 0.157 real sec
[M::mem_process_seqs] Processed 1001 reads in 1.079 CPU sec, 0.138 real sec
[M::mem_process_seqs] Processed 1001 reads in 1.369 CPU sec, 0.176 real sec
[M::mem_process_seqs] Processed 1001 reads in 1.229 CPU sec, 0.159 real sec
485133 [main] INFO main.java.edu.mit.compbio.bisulfitehic.mapping.Bhmem  - Processing reads 1234000 ...
485133 [main] INFO main.java.edu.mit.compbio.bisulfitehic.mapping.Bhmem  - Unique mapped and paired reads 1227792 ...
485136 [main] INFO main.java.edu.mit.compbio.bisulfitehic.mapping.Bhmem  - Processing reads 1235000 ...
485136 [main] INFO main.java.edu.mit.compbio.bisulfitehic.mapping.Bhmem  - Unique mapped and paired reads 1227792 ...
[M::mem_process_seqs] Processed 1001 reads in 1.142 CPU sec, 0.145 real sec
[M::mem_process_seqs] Processed 1001 reads in 0.925 CPU sec, 0.118 real sec
[M::mem_process_seqs] Processed 1001 reads in 1.289 CPU sec, 0.162 real sec
[M::mem_process_seqs] Processed 1001 reads in 1.089 CPU sec, 0.137 real sec
485911 [main] INFO main.java.edu.mit.compbio.bisulfitehic.mapping.Bhmem  - Processing reads 1236000 ...
485911 [main] INFO main.java.edu.mit.compbio.bisulfitehic.mapping.Bhmem  - Unique mapped and paired reads 1229786 ...
485914 [main] INFO main.java.edu.mit.compbio.bisulfitehic.mapping.Bhmem  - Processing reads 1237000 ...
485914 [main] INFO main.java.edu.mit.compbio.bisulfitehic.mapping.Bhmem  - Unique mapped and paired reads 1229786 ...
[M::mem_process_seqs] Processed 1001 reads in 1.104 CPU sec, 0.140 real sec
[M::mem_process_seqs] Processed 1001 reads in 0.961 CPU sec, 0.121 real sec
[M::mem_process_seqs] Processed 1001 reads in 1.202 CPU sec, 0.152 real sec
[M::mem_process_seqs] Processed 1001 reads in 1.126 CPU sec, 0.142 real sec
486667 [main] INFO main.java.edu.mit.compbio.bisulfitehic.mapping.Bhmem  - Processing reads 1238000 ...
486667 [main] INFO main.java.edu.mit.compbio.bisulfitehic.mapping.Bhmem  - Unique mapped and paired reads 1231784 ...
486670 [main] INFO main.java.edu.mit.compbio.bisulfitehic.mapping.Bhmem  - Processing reads 1239000 ...
486670 [main] INFO main.java.edu.mit.compbio.bisulfitehic.mapping.Bhmem  - Unique mapped and paired reads 1231784 ...
[M::mem_process_seqs] Processed 1001 reads in 1.229 CPU sec, 0.159 real sec
[M::mem_process_seqs] Processed 1001 reads in 1.000 CPU sec, 0.127 real sec
[M::mem_process_seqs] Processed 1001 reads in 1.278 CPU sec, 0.164 real sec
[M::mem_process_seqs] Processed 1001 reads in 1.060 CPU sec, 0.141 real sec
487470 [main] INFO main.java.edu.mit.compbio.bisulfitehic.mapping.Bhmem  - Processing reads 1240000 ...
487470 [main] INFO main.java.edu.mit.compbio.bisulfitehic.mapping.Bhmem  - Unique mapped and paired reads 1233774 ...
487473 [main] INFO main.java.edu.mit.compbio.bisulfitehic.mapping.Bhmem  - Processing reads 1241000 ...
487473 [main] INFO main.java.edu.mit.compbio.bisulfitehic.mapping.Bhmem  - Unique mapped and paired reads 1233774 ...
[M::mem_process_seqs] Processed 1001 reads in 1.186 CPU sec, 0.150 real sec
[M::mem_process_seqs] Processed 1001 reads in 0.973 CPU sec, 0.123 real sec
[M::mem_process_seqs] Processed 1001 reads in 1.344 CPU sec, 0.171 real sec
[M::mem_process_seqs] Processed 1001 reads in 1.199 CPU sec, 0.155 real sec
488266 [main] INFO main.java.edu.mit.compbio.bisulfitehic.mapping.Bhmem  - Processing reads 1242000 ...
488266 [main] INFO main.java.edu.mit.compbio.bisulfitehic.mapping.Bhmem  - Unique mapped and paired reads 1235770 ...
488269 [main] INFO main.java.edu.mit.compbio.bisulfitehic.mapping.Bhmem  - Processing reads 1243000 ...
488269 [main] INFO main.java.edu.mit.compbio.bisulfitehic.mapping.Bhmem  - Unique mapped and paired reads 1235770 ...
[M::mem_process_seqs] Processed 1001 reads in 1.224 CPU sec, 0.156 real sec
[M::mem_process_seqs] Processed 1001 reads in 0.986 CPU sec, 0.125 real sec
[M::mem_process_seqs] Processed 1001 reads in 1.395 CPU sec, 0.177 real sec
[M::mem_process_seqs] Processed 1001 reads in 1.192 CPU sec, 0.153 real sec
489068 [main] INFO main.java.edu.mit.compbio.bisulfitehic.mapping.Bhmem  - Processing reads 1244000 ...
489068 [main] INFO main.java.edu.mit.compbio.bisulfitehic.mapping.Bhmem  - Unique mapped and paired reads 1237764 ...
489071 [main] INFO main.java.edu.mit.compbio.bisulfitehic.mapping.Bhmem  - Processing reads 1245000 ...
489071 [main] INFO main.java.edu.mit.compbio.bisulfitehic.mapping.Bhmem  - Unique mapped and paired reads 1237764 ...
[M::mem_process_seqs] Processed 1001 reads in 1.197 CPU sec, 0.151 real sec
[M::mem_process_seqs] Processed 1001 reads in 1.025 CPU sec, 0.130 real sec
[M::mem_process_seqs] Processed 1001 reads in 1.340 CPU sec, 0.171 real sec
[M::mem_process_seqs] Processed 1001 reads in 1.166 CPU sec, 0.147 real sec
489869 [main] INFO main.java.edu.mit.compbio.bisulfitehic.mapping.Bhmem  - Processing reads 1246000 ...
489869 [main] INFO main.java.edu.mit.compbio.bisulfitehic.mapping.Bhmem  - Unique mapped and paired reads 1239762 ...
489872 [main] INFO main.java.edu.mit.compbio.bisulfitehic.mapping.Bhmem  - Processing reads 1247000 ...
489872 [main] INFO main.java.edu.mit.compbio.bisulfitehic.mapping.Bhmem  - Unique mapped and paired reads 1239762 ...
[M::mem_process_seqs] Processed 1001 reads in 1.143 CPU sec, 0.146 real sec
[M::mem_process_seqs] Processed 1001 reads in 0.987 CPU sec, 0.125 real sec
[M::mem_process_seqs] Processed 1001 reads in 1.265 CPU sec, 0.160 real sec
[M::mem_process_seqs] Processed 1001 reads in 1.156 CPU sec, 0.149 real sec
490645 [main] INFO main.java.edu.mit.compbio.bisulfitehic.mapping.Bhmem  - Processing reads 1248000 ...
490645 [main] INFO main.java.edu.mit.compbio.bisulfitehic.mapping.Bhmem  - Unique mapped and paired reads 1241756 ...
490648 [main] INFO main.java.edu.mit.compbio.bisulfitehic.mapping.Bhmem  - Processing reads 1249000 ...
490648 [main] INFO main.java.edu.mit.compbio.bisulfitehic.mapping.Bhmem  - Unique mapped and paired reads 1241756 ...
[M::mem_process_seqs] Processed 1001 reads in 1.180 CPU sec, 0.149 real sec
[M::mem_process_seqs] Processed 1001 reads in 0.943 CPU sec, 0.119 real sec
[M::mem_process_seqs] Processed 1001 reads in 1.287 CPU sec, 0.163 real sec
[M::mem_process_seqs] Processed 1001 reads in 1.159 CPU sec, 0.147 real sec
491418 [main] INFO main.java.edu.mit.compbio.bisulfitehic.mapping.Bhmem  - Processing reads 1250000 ...
491418 [main] INFO main.java.edu.mit.compbio.bisulfitehic.mapping.Bhmem  - Unique mapped and paired reads 1243750 ...
491422 [main] INFO main.java.edu.mit.compbio.bisulfitehic.mapping.Bhmem  - Processing reads 1251000 ...
491422 [main] INFO main.java.edu.mit.compbio.bisulfitehic.mapping.Bhmem  - Unique mapped and paired reads 1243750 ...
[M::mem_process_seqs] Processed 1001 reads in 1.217 CPU sec, 0.155 real sec
[M::mem_process_seqs] Processed 1001 reads in 0.994 CPU sec, 0.125 real sec
[M::mem_process_seqs] Processed 1001 reads in 1.281 CPU sec, 0.164 real sec
[M::mem_process_seqs] Processed 1001 reads in 1.138 CPU sec, 0.145 real sec
492200 [main] INFO main.java.edu.mit.compbio.bisulfitehic.mapping.Bhmem  - Processing reads 1252000 ...
492200 [main] INFO main.java.edu.mit.compbio.bisulfitehic.mapping.Bhmem  - Unique mapped and paired reads 1245746 ...
492203 [main] INFO main.java.edu.mit.compbio.bisulfitehic.mapping.Bhmem  - Processing reads 1253000 ...
492203 [main] INFO main.java.edu.mit.compbio.bisulfitehic.mapping.Bhmem  - Unique mapped and paired reads 1245746 ...
[M::mem_process_seqs] Processed 1001 reads in 1.155 CPU sec, 0.149 real sec
[M::mem_process_seqs] Processed 1001 reads in 1.036 CPU sec, 0.133 real sec
[M::mem_process_seqs] Processed 1001 reads in 1.286 CPU sec, 0.162 real sec
[M::mem_process_seqs] Processed 1001 reads in 1.168 CPU sec, 0.152 real sec
493005 [main] INFO main.java.edu.mit.compbio.bisulfitehic.mapping.Bhmem  - Processing reads 1254000 ...
493005 [main] INFO main.java.edu.mit.compbio.bisulfitehic.mapping.Bhmem  - Unique mapped and paired reads 1247734 ...
493008 [main] INFO main.java.edu.mit.compbio.bisulfitehic.mapping.Bhmem  - Processing reads 1255000 ...
493008 [main] INFO main.java.edu.mit.compbio.bisulfitehic.mapping.Bhmem  - Unique mapped and paired reads 1247734 ...
[M::mem_process_seqs] Processed 1001 reads in 1.131 CPU sec, 0.145 real sec
[M::mem_process_seqs] Processed 1001 reads in 0.995 CPU sec, 0.128 real sec
[M::mem_process_seqs] Processed 1001 reads in 1.276 CPU sec, 0.161 real sec
[M::mem_process_seqs] Processed 1001 reads in 1.111 CPU sec, 0.147 real sec
493778 [main] INFO main.java.edu.mit.compbio.bisulfitehic.mapping.Bhmem  - Processing reads 1256000 ...
493778 [main] INFO main.java.edu.mit.compbio.bisulfitehic.mapping.Bhmem  - Unique mapped and paired reads 1249732 ...
493781 [main] INFO main.java.edu.mit.compbio.bisulfitehic.mapping.Bhmem  - Processing reads 1257000 ...
493781 [main] INFO main.java.edu.mit.compbio.bisulfitehic.mapping.Bhmem  - Unique mapped and paired reads 1249732 ...
[M::mem_process_seqs] Processed 1001 reads in 1.226 CPU sec, 0.156 real sec
[M::mem_process_seqs] Processed 1001 reads in 0.994 CPU sec, 0.128 real sec
[M::mem_process_seqs] Processed 1001 reads in 1.374 CPU sec, 0.174 real sec
[M::mem_process_seqs] Processed 1001 reads in 1.196 CPU sec, 0.152 real sec
494580 [main] INFO main.java.edu.mit.compbio.bisulfitehic.mapping.Bhmem  - Processing reads 1258000 ...
494580 [main] INFO main.java.edu.mit.compbio.bisulfitehic.mapping.Bhmem  - Unique mapped and paired reads 1251722 ...
494583 [main] INFO main.java.edu.mit.compbio.bisulfitehic.mapping.Bhmem  - Processing reads 1259000 ...
494583 [main] INFO main.java.edu.mit.compbio.bisulfitehic.mapping.Bhmem  - Unique mapped and paired reads 1251722 ...
[M::mem_process_seqs] Processed 1001 reads in 1.211 CPU sec, 0.153 real sec
[M::mem_process_seqs] Processed 1001 reads in 0.993 CPU sec, 0.126 real sec
[M::mem_process_seqs] Processed 1001 reads in 1.352 CPU sec, 0.171 real sec
[M::mem_process_seqs] Processed 1001 reads in 1.151 CPU sec, 0.153 real sec
495380 [main] INFO main.java.edu.mit.compbio.bisulfitehic.mapping.Bhmem  - Processing reads 1260000 ...
495380 [main] INFO main.java.edu.mit.compbio.bisulfitehic.mapping.Bhmem  - Unique mapped and paired reads 1253722 ...
495383 [main] INFO main.java.edu.mit.compbio.bisulfitehic.mapping.Bhmem  - Processing reads 1261000 ...
495383 [main] INFO main.java.edu.mit.compbio.bisulfitehic.mapping.Bhmem  - Unique mapped and paired reads 1253722 ...
[M::mem_process_seqs] Processed 1001 reads in 1.221 CPU sec, 0.159 real sec
[M::mem_process_seqs] Processed 1001 reads in 0.993 CPU sec, 0.126 real sec
[M::mem_process_seqs] Processed 1001 reads in 1.395 CPU sec, 0.182 real sec
[M::mem_process_seqs] Processed 1001 reads in 1.128 CPU sec, 0.147 real sec
496189 [main] INFO main.java.edu.mit.compbio.bisulfitehic.mapping.Bhmem  - Processing reads 1262000 ...
496189 [main] INFO main.java.edu.mit.compbio.bisulfitehic.mapping.Bhmem  - Unique mapped and paired reads 1255722 ...
496193 [main] INFO main.java.edu.mit.compbio.bisulfitehic.mapping.Bhmem  - Processing reads 1263000 ...
496193 [main] INFO main.java.edu.mit.compbio.bisulfitehic.mapping.Bhmem  - Unique mapped and paired reads 1255722 ...
[M::mem_process_seqs] Processed 1001 reads in 1.252 CPU sec, 0.159 real sec
[M::mem_process_seqs] Processed 1001 reads in 1.014 CPU sec, 0.129 real sec
[M::mem_process_seqs] Processed 1001 reads in 1.323 CPU sec, 0.167 real sec
[M::mem_process_seqs] Processed 1001 reads in 1.107 CPU sec, 0.142 real sec
496997 [main] INFO main.java.edu.mit.compbio.bisulfitehic.mapping.Bhmem  - Processing reads 1264000 ...
496997 [main] INFO main.java.edu.mit.compbio.bisulfitehic.mapping.Bhmem  - Unique mapped and paired reads 1257716 ...
497000 [main] INFO main.java.edu.mit.compbio.bisulfitehic.mapping.Bhmem  - Processing reads 1265000 ...
497000 [main] INFO main.java.edu.mit.compbio.bisulfitehic.mapping.Bhmem  - Unique mapped and paired reads 1257716 ...
[M::mem_process_seqs] Processed 1001 reads in 1.198 CPU sec, 0.166 real sec
[M::mem_process_seqs] Processed 1001 reads in 1.090 CPU sec, 0.151 real sec
[M::mem_process_seqs] Processed 1001 reads in 1.475 CPU sec, 0.186 real sec
[M::mem_process_seqs] Processed 1001 reads in 1.223 CPU sec, 0.155 real sec
497855 [main] INFO main.java.edu.mit.compbio.bisulfitehic.mapping.Bhmem  - Processing reads 1266000 ...
497855 [main] INFO main.java.edu.mit.compbio.bisulfitehic.mapping.Bhmem  - Unique mapped and paired reads 1259708 ...
497858 [main] INFO main.java.edu.mit.compbio.bisulfitehic.mapping.Bhmem  - Processing reads 1267000 ...
497858 [main] INFO main.java.edu.mit.compbio.bisulfitehic.mapping.Bhmem  - Unique mapped and paired reads 1259708 ...
[M::mem_process_seqs] Processed 1001 reads in 1.200 CPU sec, 0.167 real sec
[M::mem_process_seqs] Processed 1001 reads in 0.998 CPU sec, 0.126 real sec
[M::mem_process_seqs] Processed 1001 reads in 1.378 CPU sec, 0.175 real sec
[M::mem_process_seqs] Processed 1001 reads in 1.152 CPU sec, 0.150 real sec
498670 [main] INFO main.java.edu.mit.compbio.bisulfitehic.mapping.Bhmem  - Processing reads 1268000 ...
498671 [main] INFO main.java.edu.mit.compbio.bisulfitehic.mapping.Bhmem  - Unique mapped and paired reads 1261698 ...
498674 [main] INFO main.java.edu.mit.compbio.bisulfitehic.mapping.Bhmem  - Processing reads 1269000 ...
498674 [main] INFO main.java.edu.mit.compbio.bisulfitehic.mapping.Bhmem  - Unique mapped and paired reads 1261698 ...
[M::mem_process_seqs] Processed 1001 reads in 1.172 CPU sec, 0.150 real sec
[M::mem_process_seqs] Processed 1001 reads in 0.988 CPU sec, 0.133 real sec
[M::mem_process_seqs] Processed 1001 reads in 1.332 CPU sec, 0.168 real sec
[M::mem_process_seqs] Processed 1001 reads in 1.172 CPU sec, 0.156 real sec
499471 [main] INFO main.java.edu.mit.compbio.bisulfitehic.mapping.Bhmem  - Processing reads 1270000 ...
499471 [main] INFO main.java.edu.mit.compbio.bisulfitehic.mapping.Bhmem  - Unique mapped and paired reads 1263686 ...
499474 [main] INFO main.java.edu.mit.compbio.bisulfitehic.mapping.Bhmem  - Processing reads 1271000 ...
499474 [main] INFO main.java.edu.mit.compbio.bisulfitehic.mapping.Bhmem  - Unique mapped and paired reads 1263686 ...
[M::mem_process_seqs] Processed 1001 reads in 1.160 CPU sec, 0.147 real sec
[M::mem_process_seqs] Processed 1001 reads in 0.936 CPU sec, 0.119 real sec
[M::mem_process_seqs] Processed 1001 reads in 1.284 CPU sec, 0.162 real sec
[M::mem_process_seqs] Processed 1001 reads in 1.204 CPU sec, 0.152 real sec
500250 [main] INFO main.java.edu.mit.compbio.bisulfitehic.mapping.Bhmem  - Processing reads 1272000 ...
500250 [main] INFO main.java.edu.mit.compbio.bisulfitehic.mapping.Bhmem  - Unique mapped and paired reads 1265676 ...
500254 [main] INFO main.java.edu.mit.compbio.bisulfitehic.mapping.Bhmem  - Processing reads 1273000 ...
500254 [main] INFO main.java.edu.mit.compbio.bisulfitehic.mapping.Bhmem  - Unique mapped and paired reads 1265676 ...
[M::mem_process_seqs] Processed 1001 reads in 1.205 CPU sec, 0.152 real sec
[M::mem_process_seqs] Processed 1001 reads in 0.967 CPU sec, 0.124 real sec
[M::mem_process_seqs] Processed 1001 reads in 1.342 CPU sec, 0.169 real sec
[M::mem_process_seqs] Processed 1001 reads in 1.173 CPU sec, 0.150 real sec
501055 [main] INFO main.java.edu.mit.compbio.bisulfitehic.mapping.Bhmem  - Processing reads 1274000 ...
501055 [main] INFO main.java.edu.mit.compbio.bisulfitehic.mapping.Bhmem  - Unique mapped and paired reads 1267676 ...
501058 [main] INFO main.java.edu.mit.compbio.bisulfitehic.mapping.Bhmem  - Processing reads 1275000 ...
501058 [main] INFO main.java.edu.mit.compbio.bisulfitehic.mapping.Bhmem  - Unique mapped and paired reads 1267676 ...
[M::mem_process_seqs] Processed 1001 reads in 1.214 CPU sec, 0.155 real sec
[M::mem_process_seqs] Processed 1001 reads in 0.999 CPU sec, 0.128 real sec
[M::mem_process_seqs] Processed 1001 reads in 1.404 CPU sec, 0.179 real sec
[M::mem_process_seqs] Processed 1001 reads in 1.223 CPU sec, 0.156 real sec
501875 [main] INFO main.java.edu.mit.compbio.bisulfitehic.mapping.Bhmem  - Processing reads 1276000 ...
501875 [main] INFO main.java.edu.mit.compbio.bisulfitehic.mapping.Bhmem  - Unique mapped and paired reads 1269672 ...
501878 [main] INFO main.java.edu.mit.compbio.bisulfitehic.mapping.Bhmem  - Processing reads 1277000 ...
501878 [main] INFO main.java.edu.mit.compbio.bisulfitehic.mapping.Bhmem  - Unique mapped and paired reads 1269672 ...
[M::mem_process_seqs] Processed 1001 reads in 1.255 CPU sec, 0.159 real sec
[M::mem_process_seqs] Processed 1001 reads in 0.997 CPU sec, 0.128 real sec
[M::mem_process_seqs] Processed 1001 reads in 1.434 CPU sec, 0.186 real sec
[M::mem_process_seqs] Processed 1001 reads in 1.221 CPU sec, 0.162 real sec
502704 [main] INFO main.java.edu.mit.compbio.bisulfitehic.mapping.Bhmem  - Processing reads 1278000 ...
502704 [main] INFO main.java.edu.mit.compbio.bisulfitehic.mapping.Bhmem  - Unique mapped and paired reads 1271664 ...
502707 [main] INFO main.java.edu.mit.compbio.bisulfitehic.mapping.Bhmem  - Processing reads 1279000 ...
502707 [main] INFO main.java.edu.mit.compbio.bisulfitehic.mapping.Bhmem  - Unique mapped and paired reads 1271664 ...
[M::mem_process_seqs] Processed 1001 reads in 1.296 CPU sec, 0.164 real sec
[M::mem_process_seqs] Processed 1001 reads in 0.999 CPU sec, 0.131 real sec
[M::mem_process_seqs] Processed 1001 reads in 1.398 CPU sec, 0.179 real sec
[M::mem_process_seqs] Processed 1001 reads in 1.179 CPU sec, 0.151 real sec
503529 [main] INFO main.java.edu.mit.compbio.bisulfitehic.mapping.Bhmem  - Processing reads 1280000 ...
503529 [main] INFO main.java.edu.mit.compbio.bisulfitehic.mapping.Bhmem  - Unique mapped and paired reads 1273656 ...
503532 [main] INFO main.java.edu.mit.compbio.bisulfitehic.mapping.Bhmem  - Processing reads 1281000 ...
503532 [main] INFO main.java.edu.mit.compbio.bisulfitehic.mapping.Bhmem  - Unique mapped and paired reads 1273656 ...
[M::mem_process_seqs] Processed 1001 reads in 1.220 CPU sec, 0.163 real sec
[M::mem_process_seqs] Processed 1001 reads in 0.982 CPU sec, 0.124 real sec
[M::mem_process_seqs] Processed 1001 reads in 1.379 CPU sec, 0.175 real sec
[M::mem_process_seqs] Processed 1001 reads in 1.162 CPU sec, 0.147 real sec
504338 [main] INFO main.java.edu.mit.compbio.bisulfitehic.mapping.Bhmem  - Processing reads 1282000 ...
504338 [main] INFO main.java.edu.mit.compbio.bisulfitehic.mapping.Bhmem  - Unique mapped and paired reads 1275654 ...
504341 [main] INFO main.java.edu.mit.compbio.bisulfitehic.mapping.Bhmem  - Processing reads 1283000 ...
504341 [main] INFO main.java.edu.mit.compbio.bisulfitehic.mapping.Bhmem  - Unique mapped and paired reads 1275654 ...
[M::mem_process_seqs] Processed 1001 reads in 1.302 CPU sec, 0.176 real sec
[M::mem_process_seqs] Processed 1001 reads in 1.103 CPU sec, 0.153 real sec
[M::mem_process_seqs] Processed 1001 reads in 1.461 CPU sec, 0.186 real sec
[M::mem_process_seqs] Processed 1001 reads in 1.192 CPU sec, 0.152 real sec
505205 [main] INFO main.java.edu.mit.compbio.bisulfitehic.mapping.Bhmem  - Processing reads 1284000 ...
505205 [main] INFO main.java.edu.mit.compbio.bisulfitehic.mapping.Bhmem  - Unique mapped and paired reads 1277652 ...
505208 [main] INFO main.java.edu.mit.compbio.bisulfitehic.mapping.Bhmem  - Processing reads 1285000 ...
505208 [main] INFO main.java.edu.mit.compbio.bisulfitehic.mapping.Bhmem  - Unique mapped and paired reads 1277652 ...
[M::mem_process_seqs] Processed 1001 reads in 1.237 CPU sec, 0.159 real sec
[M::mem_process_seqs] Processed 1001 reads in 0.956 CPU sec, 0.125 real sec
[M::mem_process_seqs] Processed 1001 reads in 1.517 CPU sec, 0.194 real sec
[M::mem_process_seqs] Processed 1001 reads in 1.309 CPU sec, 0.167 real sec
506047 [main] INFO main.java.edu.mit.compbio.bisulfitehic.mapping.Bhmem  - Processing reads 1286000 ...
506047 [main] INFO main.java.edu.mit.compbio.bisulfitehic.mapping.Bhmem  - Unique mapped and paired reads 1279648 ...
506050 [main] INFO main.java.edu.mit.compbio.bisulfitehic.mapping.Bhmem  - Processing reads 1287000 ...
506050 [main] INFO main.java.edu.mit.compbio.bisulfitehic.mapping.Bhmem  - Unique mapped and paired reads 1279648 ...
[M::mem_process_seqs] Processed 1001 reads in 1.279 CPU sec, 0.162 real sec
[M::mem_process_seqs] Processed 1001 reads in 1.021 CPU sec, 0.130 real sec
[M::mem_process_seqs] Processed 1001 reads in 1.481 CPU sec, 0.195 real sec
[M::mem_process_seqs] Processed 1001 reads in 1.214 CPU sec, 0.155 real sec
506887 [main] INFO main.java.edu.mit.compbio.bisulfitehic.mapping.Bhmem  - Processing reads 1288000 ...
506887 [main] INFO main.java.edu.mit.compbio.bisulfitehic.mapping.Bhmem  - Unique mapped and paired reads 1281632 ...
506890 [main] INFO main.java.edu.mit.compbio.bisulfitehic.mapping.Bhmem  - Processing reads 1289000 ...
506890 [main] INFO main.java.edu.mit.compbio.bisulfitehic.mapping.Bhmem  - Unique mapped and paired reads 1281632 ...
[M::mem_process_seqs] Processed 1001 reads in 1.156 CPU sec, 0.146 real sec
[M::mem_process_seqs] Processed 1001 reads in 0.887 CPU sec, 0.113 real sec
[M::mem_process_seqs] Processed 1001 reads in 1.301 CPU sec, 0.164 real sec
[M::mem_process_seqs] Processed 1001 reads in 1.093 CPU sec, 0.138 real sec
507645 [main] INFO main.java.edu.mit.compbio.bisulfitehic.mapping.Bhmem  - Processing reads 1290000 ...
507645 [main] INFO main.java.edu.mit.compbio.bisulfitehic.mapping.Bhmem  - Unique mapped and paired reads 1283626 ...
507648 [main] INFO main.java.edu.mit.compbio.bisulfitehic.mapping.Bhmem  - Processing reads 1291000 ...
507648 [main] INFO main.java.edu.mit.compbio.bisulfitehic.mapping.Bhmem  - Unique mapped and paired reads 1283626 ...
[M::mem_process_seqs] Processed 1001 reads in 1.263 CPU sec, 0.161 real sec
[M::mem_process_seqs] Processed 1001 reads in 1.092 CPU sec, 0.141 real sec
[M::mem_process_seqs] Processed 1001 reads in 1.406 CPU sec, 0.185 real sec
[M::mem_process_seqs] Processed 1001 reads in 1.281 CPU sec, 0.166 real sec
508500 [main] INFO main.java.edu.mit.compbio.bisulfitehic.mapping.Bhmem  - Processing reads 1292000 ...
508500 [main] INFO main.java.edu.mit.compbio.bisulfitehic.mapping.Bhmem  - Unique mapped and paired reads 1285620 ...
508503 [main] INFO main.java.edu.mit.compbio.bisulfitehic.mapping.Bhmem  - Processing reads 1293000 ...
508503 [main] INFO main.java.edu.mit.compbio.bisulfitehic.mapping.Bhmem  - Unique mapped and paired reads 1285620 ...
[M::mem_process_seqs] Processed 1001 reads in 1.192 CPU sec, 0.151 real sec
[M::mem_process_seqs] Processed 1001 reads in 1.023 CPU sec, 0.130 real sec
[M::mem_process_seqs] Processed 1001 reads in 1.433 CPU sec, 0.184 real sec
[M::mem_process_seqs] Processed 1001 reads in 1.252 CPU sec, 0.162 real sec
509322 [main] INFO main.java.edu.mit.compbio.bisulfitehic.mapping.Bhmem  - Processing reads 1294000 ...
509322 [main] INFO main.java.edu.mit.compbio.bisulfitehic.mapping.Bhmem  - Unique mapped and paired reads 1287620 ...
509325 [main] INFO main.java.edu.mit.compbio.bisulfitehic.mapping.Bhmem  - Processing reads 1295000 ...
509325 [main] INFO main.java.edu.mit.compbio.bisulfitehic.mapping.Bhmem  - Unique mapped and paired reads 1287620 ...
[M::mem_process_seqs] Processed 1001 reads in 1.191 CPU sec, 0.151 real sec
[M::mem_process_seqs] Processed 1001 reads in 0.953 CPU sec, 0.120 real sec
[M::mem_process_seqs] Processed 1001 reads in 1.388 CPU sec, 0.176 real sec
[M::mem_process_seqs] Processed 1001 reads in 1.211 CPU sec, 0.154 real sec
510118 [main] INFO main.java.edu.mit.compbio.bisulfitehic.mapping.Bhmem  - Processing reads 1296000 ...
510118 [main] INFO main.java.edu.mit.compbio.bisulfitehic.mapping.Bhmem  - Unique mapped and paired reads 1289620 ...
510121 [main] INFO main.java.edu.mit.compbio.bisulfitehic.mapping.Bhmem  - Processing reads 1297000 ...
510121 [main] INFO main.java.edu.mit.compbio.bisulfitehic.mapping.Bhmem  - Unique mapped and paired reads 1289620 ...
[M::mem_process_seqs] Processed 1001 reads in 1.155 CPU sec, 0.147 real sec
[M::mem_process_seqs] Processed 1001 reads in 0.959 CPU sec, 0.121 real sec
[M::mem_process_seqs] Processed 1001 reads in 1.361 CPU sec, 0.180 real sec
[M::mem_process_seqs] Processed 1001 reads in 1.212 CPU sec, 0.154 real sec
510918 [main] INFO main.java.edu.mit.compbio.bisulfitehic.mapping.Bhmem  - Processing reads 1298000 ...
510918 [main] INFO main.java.edu.mit.compbio.bisulfitehic.mapping.Bhmem  - Unique mapped and paired reads 1291616 ...
510921 [main] INFO main.java.edu.mit.compbio.bisulfitehic.mapping.Bhmem  - Processing reads 1299000 ...
510921 [main] INFO main.java.edu.mit.compbio.bisulfitehic.mapping.Bhmem  - Unique mapped and paired reads 1291616 ...
[M::mem_process_seqs] Processed 1001 reads in 1.250 CPU sec, 0.159 real sec
[M::mem_process_seqs] Processed 1001 reads in 0.989 CPU sec, 0.125 real sec
[M::mem_process_seqs] Processed 1001 reads in 1.289 CPU sec, 0.168 real sec
[M::mem_process_seqs] Processed 1001 reads in 1.133 CPU sec, 0.148 real sec
511721 [main] INFO main.java.edu.mit.compbio.bisulfitehic.mapping.Bhmem  - Processing reads 1300000 ...
511721 [main] INFO main.java.edu.mit.compbio.bisulfitehic.mapping.Bhmem  - Unique mapped and paired reads 1293614 ...
511724 [main] INFO main.java.edu.mit.compbio.bisulfitehic.mapping.Bhmem  - Processing reads 1301000 ...
511724 [main] INFO main.java.edu.mit.compbio.bisulfitehic.mapping.Bhmem  - Unique mapped and paired reads 1293614 ...
[M::mem_process_seqs] Processed 1001 reads in 1.209 CPU sec, 0.154 real sec
[M::mem_process_seqs] Processed 1001 reads in 0.931 CPU sec, 0.118 real sec
[M::mem_process_seqs] Processed 1001 reads in 1.479 CPU sec, 0.190 real sec
[M::mem_process_seqs] Processed 1001 reads in 1.248 CPU sec, 0.158 real sec
512542 [main] INFO main.java.edu.mit.compbio.bisulfitehic.mapping.Bhmem  - Processing reads 1302000 ...
512542 [main] INFO main.java.edu.mit.compbio.bisulfitehic.mapping.Bhmem  - Unique mapped and paired reads 1295610 ...
512545 [main] INFO main.java.edu.mit.compbio.bisulfitehic.mapping.Bhmem  - Processing reads 1303000 ...
512545 [main] INFO main.java.edu.mit.compbio.bisulfitehic.mapping.Bhmem  - Unique mapped and paired reads 1295610 ...
[M::mem_process_seqs] Processed 1001 reads in 1.278 CPU sec, 0.167 real sec
[M::mem_process_seqs] Processed 1001 reads in 1.032 CPU sec, 0.132 real sec
[M::mem_process_seqs] Processed 1001 reads in 1.423 CPU sec, 0.181 real sec
[M::mem_process_seqs] Processed 1001 reads in 1.205 CPU sec, 0.153 real sec
513376 [main] INFO main.java.edu.mit.compbio.bisulfitehic.mapping.Bhmem  - Processing reads 1304000 ...
513376 [main] INFO main.java.edu.mit.compbio.bisulfitehic.mapping.Bhmem  - Unique mapped and paired reads 1297604 ...
513379 [main] INFO main.java.edu.mit.compbio.bisulfitehic.mapping.Bhmem  - Processing reads 1305000 ...
513380 [main] INFO main.java.edu.mit.compbio.bisulfitehic.mapping.Bhmem  - Unique mapped and paired reads 1297604 ...
[M::mem_process_seqs] Processed 1001 reads in 1.218 CPU sec, 0.155 real sec
[M::mem_process_seqs] Processed 1001 reads in 0.995 CPU sec, 0.131 real sec
[M::mem_process_seqs] Processed 1001 reads in 1.397 CPU sec, 0.176 real sec
[M::mem_process_seqs] Processed 1001 reads in 1.252 CPU sec, 0.159 real sec
514203 [main] INFO main.java.edu.mit.compbio.bisulfitehic.mapping.Bhmem  - Processing reads 1306000 ...
514203 [main] INFO main.java.edu.mit.compbio.bisulfitehic.mapping.Bhmem  - Unique mapped and paired reads 1299602 ...
514207 [main] INFO main.java.edu.mit.compbio.bisulfitehic.mapping.Bhmem  - Processing reads 1307000 ...
514207 [main] INFO main.java.edu.mit.compbio.bisulfitehic.mapping.Bhmem  - Unique mapped and paired reads 1299602 ...
[M::mem_process_seqs] Processed 1001 reads in 1.267 CPU sec, 0.161 real sec
[M::mem_process_seqs] Processed 1001 reads in 1.088 CPU sec, 0.147 real sec
[M::mem_process_seqs] Processed 1001 reads in 1.413 CPU sec, 0.180 real sec
[M::mem_process_seqs] Processed 1001 reads in 1.242 CPU sec, 0.158 real sec
515051 [main] INFO main.java.edu.mit.compbio.bisulfitehic.mapping.Bhmem  - Processing reads 1308000 ...
515051 [main] INFO main.java.edu.mit.compbio.bisulfitehic.mapping.Bhmem  - Unique mapped and paired reads 1301596 ...
515055 [main] INFO main.java.edu.mit.compbio.bisulfitehic.mapping.Bhmem  - Processing reads 1309000 ...
515055 [main] INFO main.java.edu.mit.compbio.bisulfitehic.mapping.Bhmem  - Unique mapped and paired reads 1301596 ...
[M::mem_process_seqs] Processed 1001 reads in 1.230 CPU sec, 0.163 real sec
[M::mem_process_seqs] Processed 1001 reads in 1.014 CPU sec, 0.128 real sec
[M::mem_process_seqs] Processed 1001 reads in 1.362 CPU sec, 0.177 real sec
[M::mem_process_seqs] Processed 1001 reads in 1.232 CPU sec, 0.157 real sec
515881 [main] INFO main.java.edu.mit.compbio.bisulfitehic.mapping.Bhmem  - Processing reads 1310000 ...
515881 [main] INFO main.java.edu.mit.compbio.bisulfitehic.mapping.Bhmem  - Unique mapped and paired reads 1303592 ...
515884 [main] INFO main.java.edu.mit.compbio.bisulfitehic.mapping.Bhmem  - Processing reads 1311000 ...
515884 [main] INFO main.java.edu.mit.compbio.bisulfitehic.mapping.Bhmem  - Unique mapped and paired reads 1303592 ...
[M::mem_process_seqs] Processed 1001 reads in 1.278 CPU sec, 0.162 real sec
[M::mem_process_seqs] Processed 1001 reads in 1.016 CPU sec, 0.130 real sec
[M::mem_process_seqs] Processed 1001 reads in 1.369 CPU sec, 0.176 real sec
[M::mem_process_seqs] Processed 1001 reads in 1.273 CPU sec, 0.162 real sec
516709 [main] INFO main.java.edu.mit.compbio.bisulfitehic.mapping.Bhmem  - Processing reads 1312000 ...
516709 [main] INFO main.java.edu.mit.compbio.bisulfitehic.mapping.Bhmem  - Unique mapped and paired reads 1305588 ...
516712 [main] INFO main.java.edu.mit.compbio.bisulfitehic.mapping.Bhmem  - Processing reads 1313000 ...
516712 [main] INFO main.java.edu.mit.compbio.bisulfitehic.mapping.Bhmem  - Unique mapped and paired reads 1305588 ...
[M::mem_process_seqs] Processed 1001 reads in 1.279 CPU sec, 0.162 real sec
[M::mem_process_seqs] Processed 1001 reads in 1.005 CPU sec, 0.138 real sec
[M::mem_process_seqs] Processed 1001 reads in 1.366 CPU sec, 0.173 real sec
[M::mem_process_seqs] Processed 1001 reads in 1.181 CPU sec, 0.149 real sec
517533 [main] INFO main.java.edu.mit.compbio.bisulfitehic.mapping.Bhmem  - Processing reads 1314000 ...
517533 [main] INFO main.java.edu.mit.compbio.bisulfitehic.mapping.Bhmem  - Unique mapped and paired reads 1307588 ...
517536 [main] INFO main.java.edu.mit.compbio.bisulfitehic.mapping.Bhmem  - Processing reads 1315000 ...
517536 [main] INFO main.java.edu.mit.compbio.bisulfitehic.mapping.Bhmem  - Unique mapped and paired reads 1307588 ...
[M::mem_process_seqs] Processed 1001 reads in 1.182 CPU sec, 0.151 real sec
[M::mem_process_seqs] Processed 1001 reads in 1.088 CPU sec, 0.137 real sec
[M::mem_process_seqs] Processed 1001 reads in 1.373 CPU sec, 0.176 real sec
[M::mem_process_seqs] Processed 1001 reads in 1.237 CPU sec, 0.158 real sec
518364 [main] INFO main.java.edu.mit.compbio.bisulfitehic.mapping.Bhmem  - Processing reads 1316000 ...
518364 [main] INFO main.java.edu.mit.compbio.bisulfitehic.mapping.Bhmem  - Unique mapped and paired reads 1309582 ...
518367 [main] INFO main.java.edu.mit.compbio.bisulfitehic.mapping.Bhmem  - Processing reads 1317000 ...
518367 [main] INFO main.java.edu.mit.compbio.bisulfitehic.mapping.Bhmem  - Unique mapped and paired reads 1309582 ...
[M::mem_process_seqs] Processed 1001 reads in 1.243 CPU sec, 0.160 real sec
[M::mem_process_seqs] Processed 1001 reads in 1.060 CPU sec, 0.138 real sec
[M::mem_process_seqs] Processed 1001 reads in 1.530 CPU sec, 0.194 real sec
[M::mem_process_seqs] Processed 1001 reads in 1.335 CPU sec, 0.171 real sec
519231 [main] INFO main.java.edu.mit.compbio.bisulfitehic.mapping.Bhmem  - Processing reads 1318000 ...
519231 [main] INFO main.java.edu.mit.compbio.bisulfitehic.mapping.Bhmem  - Unique mapped and paired reads 1311578 ...
519234 [main] INFO main.java.edu.mit.compbio.bisulfitehic.mapping.Bhmem  - Processing reads 1319000 ...
519234 [main] INFO main.java.edu.mit.compbio.bisulfitehic.mapping.Bhmem  - Unique mapped and paired reads 1311578 ...
[M::mem_process_seqs] Processed 1001 reads in 1.161 CPU sec, 0.148 real sec
[M::mem_process_seqs] Processed 1001 reads in 0.927 CPU sec, 0.118 real sec
[M::mem_process_seqs] Processed 1001 reads in 1.386 CPU sec, 0.176 real sec
[M::mem_process_seqs] Processed 1001 reads in 1.222 CPU sec, 0.155 real sec
520032 [main] INFO main.java.edu.mit.compbio.bisulfitehic.mapping.Bhmem  - Processing reads 1320000 ...
520032 [main] INFO main.java.edu.mit.compbio.bisulfitehic.mapping.Bhmem  - Unique mapped and paired reads 1313576 ...
520036 [main] INFO main.java.edu.mit.compbio.bisulfitehic.mapping.Bhmem  - Processing reads 1321000 ...
520036 [main] INFO main.java.edu.mit.compbio.bisulfitehic.mapping.Bhmem  - Unique mapped and paired reads 1313576 ...
[M::mem_process_seqs] Processed 1001 reads in 1.187 CPU sec, 0.151 real sec
[M::mem_process_seqs] Processed 1001 reads in 0.966 CPU sec, 0.123 real sec
[M::mem_process_seqs] Processed 1001 reads in 1.482 CPU sec, 0.189 real sec
[M::mem_process_seqs] Processed 1001 reads in 1.271 CPU sec, 0.162 real sec
520866 [main] INFO main.java.edu.mit.compbio.bisulfitehic.mapping.Bhmem  - Processing reads 1322000 ...
520866 [main] INFO main.java.edu.mit.compbio.bisulfitehic.mapping.Bhmem  - Unique mapped and paired reads 1315572 ...
520869 [main] INFO main.java.edu.mit.compbio.bisulfitehic.mapping.Bhmem  - Processing reads 1323000 ...
520869 [main] INFO main.java.edu.mit.compbio.bisulfitehic.mapping.Bhmem  - Unique mapped and paired reads 1315572 ...
[M::mem_process_seqs] Processed 1001 reads in 1.212 CPU sec, 0.154 real sec
[M::mem_process_seqs] Processed 1001 reads in 1.041 CPU sec, 0.132 real sec
[M::mem_process_seqs] Processed 1001 reads in 1.434 CPU sec, 0.181 real sec
[M::mem_process_seqs] Processed 1001 reads in 1.234 CPU sec, 0.156 real sec
521691 [main] INFO main.java.edu.mit.compbio.bisulfitehic.mapping.Bhmem  - Processing reads 1324000 ...
521691 [main] INFO main.java.edu.mit.compbio.bisulfitehic.mapping.Bhmem  - Unique mapped and paired reads 1317568 ...
521694 [main] INFO main.java.edu.mit.compbio.bisulfitehic.mapping.Bhmem  - Processing reads 1325000 ...
521694 [main] INFO main.java.edu.mit.compbio.bisulfitehic.mapping.Bhmem  - Unique mapped and paired reads 1317568 ...
[M::mem_process_seqs] Processed 1001 reads in 1.185 CPU sec, 0.151 real sec
[M::mem_process_seqs] Processed 1001 reads in 0.952 CPU sec, 0.121 real sec
[M::mem_process_seqs] Processed 1001 reads in 1.250 CPU sec, 0.160 real sec
[M::mem_process_seqs] Processed 1001 reads in 1.104 CPU sec, 0.141 real sec
522442 [main] INFO main.java.edu.mit.compbio.bisulfitehic.mapping.Bhmem  - Processing reads 1326000 ...
522442 [main] INFO main.java.edu.mit.compbio.bisulfitehic.mapping.Bhmem  - Unique mapped and paired reads 1319560 ...
522446 [main] INFO main.java.edu.mit.compbio.bisulfitehic.mapping.Bhmem  - Processing reads 1327000 ...
522446 [main] INFO main.java.edu.mit.compbio.bisulfitehic.mapping.Bhmem  - Unique mapped and paired reads 1319560 ...
[M::mem_process_seqs] Processed 1001 reads in 1.181 CPU sec, 0.155 real sec
[M::mem_process_seqs] Processed 1001 reads in 0.941 CPU sec, 0.123 real sec
[M::mem_process_seqs] Processed 1001 reads in 1.268 CPU sec, 0.167 real sec
[M::mem_process_seqs] Processed 1001 reads in 1.073 CPU sec, 0.137 real sec
523206 [main] INFO main.java.edu.mit.compbio.bisulfitehic.mapping.Bhmem  - Processing reads 1328000 ...
523206 [main] INFO main.java.edu.mit.compbio.bisulfitehic.mapping.Bhmem  - Unique mapped and paired reads 1321556 ...
523209 [main] INFO main.java.edu.mit.compbio.bisulfitehic.mapping.Bhmem  - Processing reads 1329000 ...
523209 [main] INFO main.java.edu.mit.compbio.bisulfitehic.mapping.Bhmem  - Unique mapped and paired reads 1321556 ...
[M::mem_process_seqs] Processed 1001 reads in 1.188 CPU sec, 0.151 real sec
[M::mem_process_seqs] Processed 1001 reads in 1.009 CPU sec, 0.136 real sec
[M::mem_process_seqs] Processed 1001 reads in 1.232 CPU sec, 0.156 real sec
[M::mem_process_seqs] Processed 1001 reads in 1.054 CPU sec, 0.135 real sec
523962 [main] INFO main.java.edu.mit.compbio.bisulfitehic.mapping.Bhmem  - Processing reads 1330000 ...
523962 [main] INFO main.java.edu.mit.compbio.bisulfitehic.mapping.Bhmem  - Unique mapped and paired reads 1323550 ...
523965 [main] INFO main.java.edu.mit.compbio.bisulfitehic.mapping.Bhmem  - Processing reads 1331000 ...
523965 [main] INFO main.java.edu.mit.compbio.bisulfitehic.mapping.Bhmem  - Unique mapped and paired reads 1323550 ...
[M::mem_process_seqs] Processed 1001 reads in 1.093 CPU sec, 0.139 real sec
[M::mem_process_seqs] Processed 1001 reads in 0.857 CPU sec, 0.108 real sec
[M::mem_process_seqs] Processed 1001 reads in 1.210 CPU sec, 0.154 real sec
[M::mem_process_seqs] Processed 1001 reads in 1.027 CPU sec, 0.130 real sec
524665 [main] INFO main.java.edu.mit.compbio.bisulfitehic.mapping.Bhmem  - Processing reads 1332000 ...
524665 [main] INFO main.java.edu.mit.compbio.bisulfitehic.mapping.Bhmem  - Unique mapped and paired reads 1325538 ...
524668 [main] INFO main.java.edu.mit.compbio.bisulfitehic.mapping.Bhmem  - Processing reads 1333000 ...
524668 [main] INFO main.java.edu.mit.compbio.bisulfitehic.mapping.Bhmem  - Unique mapped and paired reads 1325538 ...
[M::mem_process_seqs] Processed 1001 reads in 1.171 CPU sec, 0.150 real sec
[M::mem_process_seqs] Processed 1001 reads in 0.958 CPU sec, 0.121 real sec
[M::mem_process_seqs] Processed 1001 reads in 1.294 CPU sec, 0.165 real sec
[M::mem_process_seqs] Processed 1001 reads in 1.173 CPU sec, 0.158 real sec
525459 [main] INFO main.java.edu.mit.compbio.bisulfitehic.mapping.Bhmem  - Processing reads 1334000 ...
525459 [main] INFO main.java.edu.mit.compbio.bisulfitehic.mapping.Bhmem  - Unique mapped and paired reads 1327528 ...
525462 [main] INFO main.java.edu.mit.compbio.bisulfitehic.mapping.Bhmem  - Processing reads 1335000 ...
525462 [main] INFO main.java.edu.mit.compbio.bisulfitehic.mapping.Bhmem  - Unique mapped and paired reads 1327528 ...
[M::mem_process_seqs] Processed 1001 reads in 1.077 CPU sec, 0.137 real sec
[M::mem_process_seqs] Processed 1001 reads in 0.904 CPU sec, 0.115 real sec
[M::mem_process_seqs] Processed 1001 reads in 1.162 CPU sec, 0.155 real sec
[M::mem_process_seqs] Processed 1001 reads in 1.060 CPU sec, 0.137 real sec
526184 [main] INFO main.java.edu.mit.compbio.bisulfitehic.mapping.Bhmem  - Processing reads 1336000 ...
526184 [main] INFO main.java.edu.mit.compbio.bisulfitehic.mapping.Bhmem  - Unique mapped and paired reads 1329518 ...
526187 [main] INFO main.java.edu.mit.compbio.bisulfitehic.mapping.Bhmem  - Processing reads 1337000 ...
526187 [main] INFO main.java.edu.mit.compbio.bisulfitehic.mapping.Bhmem  - Unique mapped and paired reads 1329518 ...
[M::mem_process_seqs] Processed 1001 reads in 1.170 CPU sec, 0.153 real sec
[M::mem_process_seqs] Processed 1001 reads in 0.984 CPU sec, 0.126 real sec
[M::mem_process_seqs] Processed 1001 reads in 1.355 CPU sec, 0.172 real sec
[M::mem_process_seqs] Processed 1001 reads in 1.037 CPU sec, 0.131 real sec
526948 [main] INFO main.java.edu.mit.compbio.bisulfitehic.mapping.Bhmem  - Processing reads 1338000 ...
526948 [main] INFO main.java.edu.mit.compbio.bisulfitehic.mapping.Bhmem  - Unique mapped and paired reads 1331512 ...
526951 [main] INFO main.java.edu.mit.compbio.bisulfitehic.mapping.Bhmem  - Processing reads 1339000 ...
526951 [main] INFO main.java.edu.mit.compbio.bisulfitehic.mapping.Bhmem  - Unique mapped and paired reads 1331512 ...
[M::mem_process_seqs] Processed 1001 reads in 1.100 CPU sec, 0.140 real sec
[M::mem_process_seqs] Processed 1001 reads in 0.948 CPU sec, 0.121 real sec
[M::mem_process_seqs] Processed 1001 reads in 1.247 CPU sec, 0.163 real sec
[M::mem_process_seqs] Processed 1001 reads in 1.059 CPU sec, 0.134 real sec
527683 [main] INFO main.java.edu.mit.compbio.bisulfitehic.mapping.Bhmem  - Processing reads 1340000 ...
527683 [main] INFO main.java.edu.mit.compbio.bisulfitehic.mapping.Bhmem  - Unique mapped and paired reads 1333510 ...
527686 [main] INFO main.java.edu.mit.compbio.bisulfitehic.mapping.Bhmem  - Processing reads 1341000 ...
527686 [main] INFO main.java.edu.mit.compbio.bisulfitehic.mapping.Bhmem  - Unique mapped and paired reads 1333510 ...
[M::mem_process_seqs] Processed 1001 reads in 1.161 CPU sec, 0.152 real sec
[M::mem_process_seqs] Processed 1001 reads in 0.925 CPU sec, 0.118 real sec
[M::mem_process_seqs] Processed 1001 reads in 1.253 CPU sec, 0.160 real sec
[M::mem_process_seqs] Processed 1001 reads in 1.074 CPU sec, 0.139 real sec
528424 [main] INFO main.java.edu.mit.compbio.bisulfitehic.mapping.Bhmem  - Processing reads 1342000 ...
528424 [main] INFO main.java.edu.mit.compbio.bisulfitehic.mapping.Bhmem  - Unique mapped and paired reads 1335504 ...
528427 [main] INFO main.java.edu.mit.compbio.bisulfitehic.mapping.Bhmem  - Processing reads 1343000 ...
528427 [main] INFO main.java.edu.mit.compbio.bisulfitehic.mapping.Bhmem  - Unique mapped and paired reads 1335504 ...
[M::mem_process_seqs] Processed 1001 reads in 1.214 CPU sec, 0.161 real sec
[M::mem_process_seqs] Processed 1001 reads in 1.056 CPU sec, 0.138 real sec
[M::mem_process_seqs] Processed 1001 reads in 1.197 CPU sec, 0.153 real sec
[M::mem_process_seqs] Processed 1001 reads in 1.066 CPU sec, 0.135 real sec
529190 [main] INFO main.java.edu.mit.compbio.bisulfitehic.mapping.Bhmem  - Processing reads 1344000 ...
529190 [main] INFO main.java.edu.mit.compbio.bisulfitehic.mapping.Bhmem  - Unique mapped and paired reads 1337490 ...
529234 [main] INFO main.java.edu.mit.compbio.bisulfitehic.mapping.Bhmem  - Processing reads 1345000 ...
529235 [main] INFO main.java.edu.mit.compbio.bisulfitehic.mapping.Bhmem  - Unique mapped and paired reads 1337490 ...
[M::mem_process_seqs] Processed 1001 reads in 1.212 CPU sec, 0.157 real sec
[M::mem_process_seqs] Processed 1001 reads in 1.015 CPU sec, 0.132 real sec
[M::mem_process_seqs] Processed 1001 reads in 1.279 CPU sec, 0.163 real sec
[M::mem_process_seqs] Processed 1001 reads in 1.118 CPU sec, 0.142 real sec
530013 [main] INFO main.java.edu.mit.compbio.bisulfitehic.mapping.Bhmem  - Processing reads 1346000 ...
530013 [main] INFO main.java.edu.mit.compbio.bisulfitehic.mapping.Bhmem  - Unique mapped and paired reads 1339484 ...
530016 [main] INFO main.java.edu.mit.compbio.bisulfitehic.mapping.Bhmem  - Processing reads 1347000 ...
530016 [main] INFO main.java.edu.mit.compbio.bisulfitehic.mapping.Bhmem  - Unique mapped and paired reads 1339484 ...
[M::mem_process_seqs] Processed 1001 reads in 1.162 CPU sec, 0.149 real sec
[M::mem_process_seqs] Processed 1001 reads in 0.947 CPU sec, 0.120 real sec
[M::mem_process_seqs] Processed 1001 reads in 1.229 CPU sec, 0.156 real sec
[M::mem_process_seqs] Processed 1001 reads in 1.084 CPU sec, 0.138 real sec
530757 [main] INFO main.java.edu.mit.compbio.bisulfitehic.mapping.Bhmem  - Processing reads 1348000 ...
530757 [main] INFO main.java.edu.mit.compbio.bisulfitehic.mapping.Bhmem  - Unique mapped and paired reads 1341474 ...
530760 [main] INFO main.java.edu.mit.compbio.bisulfitehic.mapping.Bhmem  - Processing reads 1349000 ...
530760 [main] INFO main.java.edu.mit.compbio.bisulfitehic.mapping.Bhmem  - Unique mapped and paired reads 1341474 ...
[M::mem_process_seqs] Processed 1001 reads in 1.165 CPU sec, 0.148 real sec
[M::mem_process_seqs] Processed 1001 reads in 0.933 CPU sec, 0.118 real sec
[M::mem_process_seqs] Processed 1001 reads in 1.295 CPU sec, 0.166 real sec
[M::mem_process_seqs] Processed 1001 reads in 1.075 CPU sec, 0.136 real sec
531505 [main] INFO main.java.edu.mit.compbio.bisulfitehic.mapping.Bhmem  - Processing reads 1350000 ...
531505 [main] INFO main.java.edu.mit.compbio.bisulfitehic.mapping.Bhmem  - Unique mapped and paired reads 1343464 ...
531508 [main] INFO main.java.edu.mit.compbio.bisulfitehic.mapping.Bhmem  - Processing reads 1351000 ...
531508 [main] INFO main.java.edu.mit.compbio.bisulfitehic.mapping.Bhmem  - Unique mapped and paired reads 1343464 ...
[M::mem_process_seqs] Processed 1001 reads in 1.116 CPU sec, 0.142 real sec
[M::mem_process_seqs] Processed 1001 reads in 0.946 CPU sec, 0.123 real sec
[M::mem_process_seqs] Processed 1001 reads in 1.255 CPU sec, 0.159 real sec
[M::mem_process_seqs] Processed 1001 reads in 1.101 CPU sec, 0.140 real sec
532243 [main] INFO main.java.edu.mit.compbio.bisulfitehic.mapping.Bhmem  - Processing reads 1352000 ...
532243 [main] INFO main.java.edu.mit.compbio.bisulfitehic.mapping.Bhmem  - Unique mapped and paired reads 1345464 ...
532246 [main] INFO main.java.edu.mit.compbio.bisulfitehic.mapping.Bhmem  - Processing reads 1353000 ...
532246 [main] INFO main.java.edu.mit.compbio.bisulfitehic.mapping.Bhmem  - Unique mapped and paired reads 1345464 ...
[M::mem_process_seqs] Processed 1001 reads in 1.157 CPU sec, 0.147 real sec
[M::mem_process_seqs] Processed 1001 reads in 0.968 CPU sec, 0.127 real sec
[M::mem_process_seqs] Processed 1001 reads in 1.217 CPU sec, 0.159 real sec
[M::mem_process_seqs] Processed 1001 reads in 1.094 CPU sec, 0.138 real sec
532999 [main] INFO main.java.edu.mit.compbio.bisulfitehic.mapping.Bhmem  - Processing reads 1354000 ...
533000 [main] INFO main.java.edu.mit.compbio.bisulfitehic.mapping.Bhmem  - Unique mapped and paired reads 1347454 ...
533003 [main] INFO main.java.edu.mit.compbio.bisulfitehic.mapping.Bhmem  - Processing reads 1355000 ...
533003 [main] INFO main.java.edu.mit.compbio.bisulfitehic.mapping.Bhmem  - Unique mapped and paired reads 1347454 ...
[M::mem_process_seqs] Processed 1001 reads in 1.158 CPU sec, 0.147 real sec
[M::mem_process_seqs] Processed 1001 reads in 0.993 CPU sec, 0.127 real sec
[M::mem_process_seqs] Processed 1001 reads in 1.249 CPU sec, 0.158 real sec
[M::mem_process_seqs] Processed 1001 reads in 1.128 CPU sec, 0.148 real sec
533763 [main] INFO main.java.edu.mit.compbio.bisulfitehic.mapping.Bhmem  - Processing reads 1356000 ...
533763 [main] INFO main.java.edu.mit.compbio.bisulfitehic.mapping.Bhmem  - Unique mapped and paired reads 1349442 ...
533766 [main] INFO main.java.edu.mit.compbio.bisulfitehic.mapping.Bhmem  - Processing reads 1357000 ...
533766 [main] INFO main.java.edu.mit.compbio.bisulfitehic.mapping.Bhmem  - Unique mapped and paired reads 1349442 ...
[M::mem_process_seqs] Processed 1001 reads in 1.159 CPU sec, 0.147 real sec
[M::mem_process_seqs] Processed 1001 reads in 0.926 CPU sec, 0.118 real sec
[M::mem_process_seqs] Processed 1001 reads in 1.316 CPU sec, 0.168 real sec
[M::mem_process_seqs] Processed 1001 reads in 1.148 CPU sec, 0.149 real sec
534525 [main] INFO main.java.edu.mit.compbio.bisulfitehic.mapping.Bhmem  - Processing reads 1358000 ...
534525 [main] INFO main.java.edu.mit.compbio.bisulfitehic.mapping.Bhmem  - Unique mapped and paired reads 1351440 ...
534528 [main] INFO main.java.edu.mit.compbio.bisulfitehic.mapping.Bhmem  - Processing reads 1359000 ...
534528 [main] INFO main.java.edu.mit.compbio.bisulfitehic.mapping.Bhmem  - Unique mapped and paired reads 1351440 ...
[M::mem_process_seqs] Processed 1001 reads in 1.158 CPU sec, 0.147 real sec
[M::mem_process_seqs] Processed 1001 reads in 0.968 CPU sec, 0.126 real sec
[M::mem_process_seqs] Processed 1001 reads in 1.171 CPU sec, 0.149 real sec
[M::mem_process_seqs] Processed 1001 reads in 1.085 CPU sec, 0.140 real sec
535302 [main] INFO main.java.edu.mit.compbio.bisulfitehic.mapping.Bhmem  - Processing reads 1360000 ...
535302 [main] INFO main.java.edu.mit.compbio.bisulfitehic.mapping.Bhmem  - Unique mapped and paired reads 1353434 ...
535311 [main] INFO main.java.edu.mit.compbio.bisulfitehic.mapping.Bhmem  - Processing reads 1361000 ...
535311 [main] INFO main.java.edu.mit.compbio.bisulfitehic.mapping.Bhmem  - Unique mapped and paired reads 1353434 ...
[M::mem_process_seqs] Processed 1001 reads in 1.054 CPU sec, 0.135 real sec
[M::mem_process_seqs] Processed 1001 reads in 0.931 CPU sec, 0.118 real sec
[M::mem_process_seqs] Processed 1001 reads in 1.218 CPU sec, 0.160 real sec
[M::mem_process_seqs] Processed 1001 reads in 1.089 CPU sec, 0.139 real sec
536044 [main] INFO main.java.edu.mit.compbio.bisulfitehic.mapping.Bhmem  - Processing reads 1362000 ...
536044 [main] INFO main.java.edu.mit.compbio.bisulfitehic.mapping.Bhmem  - Unique mapped and paired reads 1355430 ...
536047 [main] INFO main.java.edu.mit.compbio.bisulfitehic.mapping.Bhmem  - Processing reads 1363000 ...
536047 [main] INFO main.java.edu.mit.compbio.bisulfitehic.mapping.Bhmem  - Unique mapped and paired reads 1355430 ...
[M::mem_process_seqs] Processed 1001 reads in 1.078 CPU sec, 0.137 real sec
[M::mem_process_seqs] Processed 1001 reads in 0.946 CPU sec, 0.120 real sec
[M::mem_process_seqs] Processed 1001 reads in 1.202 CPU sec, 0.154 real sec
[M::mem_process_seqs] Processed 1001 reads in 1.070 CPU sec, 0.148 real sec
536791 [main] INFO main.java.edu.mit.compbio.bisulfitehic.mapping.Bhmem  - Processing reads 1364000 ...
536791 [main] INFO main.java.edu.mit.compbio.bisulfitehic.mapping.Bhmem  - Unique mapped and paired reads 1357426 ...
536794 [main] INFO main.java.edu.mit.compbio.bisulfitehic.mapping.Bhmem  - Processing reads 1365000 ...
536794 [main] INFO main.java.edu.mit.compbio.bisulfitehic.mapping.Bhmem  - Unique mapped and paired reads 1357426 ...
[M::mem_process_seqs] Processed 1001 reads in 1.207 CPU sec, 0.161 real sec
[M::mem_process_seqs] Processed 1001 reads in 1.021 CPU sec, 0.131 real sec
[M::mem_process_seqs] Processed 1001 reads in 1.342 CPU sec, 0.179 real sec
[M::mem_process_seqs] Processed 1001 reads in 1.190 CPU sec, 0.155 real sec
537605 [main] INFO main.java.edu.mit.compbio.bisulfitehic.mapping.Bhmem  - Processing reads 1366000 ...
537605 [main] INFO main.java.edu.mit.compbio.bisulfitehic.mapping.Bhmem  - Unique mapped and paired reads 1359414 ...
537608 [main] INFO main.java.edu.mit.compbio.bisulfitehic.mapping.Bhmem  - Processing reads 1367000 ...
537608 [main] INFO main.java.edu.mit.compbio.bisulfitehic.mapping.Bhmem  - Unique mapped and paired reads 1359414 ...
[M::mem_process_seqs] Processed 1001 reads in 1.152 CPU sec, 0.150 real sec
[M::mem_process_seqs] Processed 1001 reads in 1.008 CPU sec, 0.132 real sec
[M::mem_process_seqs] Processed 1001 reads in 1.229 CPU sec, 0.161 real sec
[M::mem_process_seqs] Processed 1001 reads in 1.125 CPU sec, 0.145 real sec
538367 [main] INFO main.java.edu.mit.compbio.bisulfitehic.mapping.Bhmem  - Processing reads 1368000 ...
538368 [main] INFO main.java.edu.mit.compbio.bisulfitehic.mapping.Bhmem  - Unique mapped and paired reads 1361412 ...
538371 [main] INFO main.java.edu.mit.compbio.bisulfitehic.mapping.Bhmem  - Processing reads 1369000 ...
538371 [main] INFO main.java.edu.mit.compbio.bisulfitehic.mapping.Bhmem  - Unique mapped and paired reads 1361412 ...
[M::mem_process_seqs] Processed 1001 reads in 1.186 CPU sec, 0.153 real sec
[M::mem_process_seqs] Processed 1001 reads in 0.953 CPU sec, 0.121 real sec
[M::mem_process_seqs] Processed 1001 reads in 1.248 CPU sec, 0.168 real sec
[M::mem_process_seqs] Processed 1001 reads in 1.123 CPU sec, 0.151 real sec
539162 [main] INFO main.java.edu.mit.compbio.bisulfitehic.mapping.Bhmem  - Processing reads 1370000 ...
539162 [main] INFO main.java.edu.mit.compbio.bisulfitehic.mapping.Bhmem  - Unique mapped and paired reads 1363402 ...
539165 [main] INFO main.java.edu.mit.compbio.bisulfitehic.mapping.Bhmem  - Processing reads 1371000 ...
539165 [main] INFO main.java.edu.mit.compbio.bisulfitehic.mapping.Bhmem  - Unique mapped and paired reads 1363402 ...
[M::mem_process_seqs] Processed 1001 reads in 1.234 CPU sec, 0.156 real sec
[M::mem_process_seqs] Processed 1001 reads in 0.974 CPU sec, 0.125 real sec
[M::mem_process_seqs] Processed 1001 reads in 1.333 CPU sec, 0.170 real sec
[M::mem_process_seqs] Processed 1001 reads in 1.086 CPU sec, 0.138 real sec
539929 [main] INFO main.java.edu.mit.compbio.bisulfitehic.mapping.Bhmem  - Processing reads 1372000 ...
539929 [main] INFO main.java.edu.mit.compbio.bisulfitehic.mapping.Bhmem  - Unique mapped and paired reads 1365392 ...
539932 [main] INFO main.java.edu.mit.compbio.bisulfitehic.mapping.Bhmem  - Processing reads 1373000 ...
539932 [main] INFO main.java.edu.mit.compbio.bisulfitehic.mapping.Bhmem  - Unique mapped and paired reads 1365392 ...
[M::mem_process_seqs] Processed 1001 reads in 1.171 CPU sec, 0.149 real sec
[M::mem_process_seqs] Processed 1001 reads in 0.999 CPU sec, 0.127 real sec
[M::mem_process_seqs] Processed 1001 reads in 1.256 CPU sec, 0.160 real sec
[M::mem_process_seqs] Processed 1001 reads in 1.069 CPU sec, 0.137 real sec
540686 [main] INFO main.java.edu.mit.compbio.bisulfitehic.mapping.Bhmem  - Processing reads 1374000 ...
540686 [main] INFO main.java.edu.mit.compbio.bisulfitehic.mapping.Bhmem  - Unique mapped and paired reads 1367380 ...
540689 [main] INFO main.java.edu.mit.compbio.bisulfitehic.mapping.Bhmem  - Processing reads 1375000 ...
540689 [main] INFO main.java.edu.mit.compbio.bisulfitehic.mapping.Bhmem  - Unique mapped and paired reads 1367380 ...
[M::mem_process_seqs] Processed 1001 reads in 1.125 CPU sec, 0.146 real sec
[M::mem_process_seqs] Processed 1001 reads in 0.908 CPU sec, 0.119 real sec
[M::mem_process_seqs] Processed 1001 reads in 1.310 CPU sec, 0.170 real sec
[M::mem_process_seqs] Processed 1001 reads in 1.167 CPU sec, 0.156 real sec
541458 [main] INFO main.java.edu.mit.compbio.bisulfitehic.mapping.Bhmem  - Processing reads 1376000 ...
541458 [main] INFO main.java.edu.mit.compbio.bisulfitehic.mapping.Bhmem  - Unique mapped and paired reads 1369370 ...
541461 [main] INFO main.java.edu.mit.compbio.bisulfitehic.mapping.Bhmem  - Processing reads 1377000 ...
541461 [main] INFO main.java.edu.mit.compbio.bisulfitehic.mapping.Bhmem  - Unique mapped and paired reads 1369370 ...
[M::mem_process_seqs] Processed 1001 reads in 1.121 CPU sec, 0.143 real sec
[M::mem_process_seqs] Processed 1001 reads in 0.967 CPU sec, 0.123 real sec
[M::mem_process_seqs] Processed 1001 reads in 1.253 CPU sec, 0.160 real sec
[M::mem_process_seqs] Processed 1001 reads in 1.035 CPU sec, 0.131 real sec
542194 [main] INFO main.java.edu.mit.compbio.bisulfitehic.mapping.Bhmem  - Processing reads 1378000 ...
542194 [main] INFO main.java.edu.mit.compbio.bisulfitehic.mapping.Bhmem  - Unique mapped and paired reads 1371360 ...
542197 [main] INFO main.java.edu.mit.compbio.bisulfitehic.mapping.Bhmem  - Processing reads 1379000 ...
542197 [main] INFO main.java.edu.mit.compbio.bisulfitehic.mapping.Bhmem  - Unique mapped and paired reads 1371360 ...
[M::mem_process_seqs] Processed 1001 reads in 1.218 CPU sec, 0.155 real sec
[M::mem_process_seqs] Processed 1001 reads in 0.942 CPU sec, 0.119 real sec
[M::mem_process_seqs] Processed 1001 reads in 1.311 CPU sec, 0.168 real sec
[M::mem_process_seqs] Processed 1001 reads in 1.099 CPU sec, 0.139 real sec
542955 [main] INFO main.java.edu.mit.compbio.bisulfitehic.mapping.Bhmem  - Processing reads 1380000 ...
542955 [main] INFO main.java.edu.mit.compbio.bisulfitehic.mapping.Bhmem  - Unique mapped and paired reads 1373342 ...
542958 [main] INFO main.java.edu.mit.compbio.bisulfitehic.mapping.Bhmem  - Processing reads 1381000 ...
542958 [main] INFO main.java.edu.mit.compbio.bisulfitehic.mapping.Bhmem  - Unique mapped and paired reads 1373342 ...
[M::mem_process_seqs] Processed 1001 reads in 1.154 CPU sec, 0.146 real sec
[M::mem_process_seqs] Processed 1001 reads in 0.891 CPU sec, 0.113 real sec
[M::mem_process_seqs] Processed 1001 reads in 1.196 CPU sec, 0.151 real sec
[M::mem_process_seqs] Processed 1001 reads in 1.055 CPU sec, 0.134 real sec
543676 [main] INFO main.java.edu.mit.compbio.bisulfitehic.mapping.Bhmem  - Processing reads 1382000 ...
543676 [main] INFO main.java.edu.mit.compbio.bisulfitehic.mapping.Bhmem  - Unique mapped and paired reads 1375338 ...
543679 [main] INFO main.java.edu.mit.compbio.bisulfitehic.mapping.Bhmem  - Processing reads 1383000 ...
543679 [main] INFO main.java.edu.mit.compbio.bisulfitehic.mapping.Bhmem  - Unique mapped and paired reads 1375338 ...
[M::mem_process_seqs] Processed 1001 reads in 1.132 CPU sec, 0.143 real sec
[M::mem_process_seqs] Processed 1001 reads in 0.971 CPU sec, 0.124 real sec
[M::mem_process_seqs] Processed 1001 reads in 1.239 CPU sec, 0.157 real sec
[M::mem_process_seqs] Processed 1001 reads in 1.078 CPU sec, 0.138 real sec
544420 [main] INFO main.java.edu.mit.compbio.bisulfitehic.mapping.Bhmem  - Processing reads 1384000 ...
544420 [main] INFO main.java.edu.mit.compbio.bisulfitehic.mapping.Bhmem  - Unique mapped and paired reads 1377332 ...
544423 [main] INFO main.java.edu.mit.compbio.bisulfitehic.mapping.Bhmem  - Processing reads 1385000 ...
544423 [main] INFO main.java.edu.mit.compbio.bisulfitehic.mapping.Bhmem  - Unique mapped and paired reads 1377332 ...
[M::mem_process_seqs] Processed 1001 reads in 1.225 CPU sec, 0.157 real sec
[M::mem_process_seqs] Processed 1001 reads in 1.027 CPU sec, 0.130 real sec
[M::mem_process_seqs] Processed 1001 reads in 1.272 CPU sec, 0.162 real sec
[M::mem_process_seqs] Processed 1001 reads in 1.083 CPU sec, 0.140 real sec
545195 [main] INFO main.java.edu.mit.compbio.bisulfitehic.mapping.Bhmem  - Processing reads 1386000 ...
545195 [main] INFO main.java.edu.mit.compbio.bisulfitehic.mapping.Bhmem  - Unique mapped and paired reads 1379324 ...
545198 [main] INFO main.java.edu.mit.compbio.bisulfitehic.mapping.Bhmem  - Processing reads 1387000 ...
545198 [main] INFO main.java.edu.mit.compbio.bisulfitehic.mapping.Bhmem  - Unique mapped and paired reads 1379324 ...
[M::mem_process_seqs] Processed 1001 reads in 1.216 CPU sec, 0.160 real sec
[M::mem_process_seqs] Processed 1001 reads in 1.095 CPU sec, 0.145 real sec
[M::mem_process_seqs] Processed 1001 reads in 1.279 CPU sec, 0.169 real sec
[M::mem_process_seqs] Processed 1001 reads in 1.258 CPU sec, 0.170 real sec
546032 [main] INFO main.java.edu.mit.compbio.bisulfitehic.mapping.Bhmem  - Processing reads 1388000 ...
546032 [main] INFO main.java.edu.mit.compbio.bisulfitehic.mapping.Bhmem  - Unique mapped and paired reads 1381320 ...
546035 [main] INFO main.java.edu.mit.compbio.bisulfitehic.mapping.Bhmem  - Processing reads 1389000 ...
546035 [main] INFO main.java.edu.mit.compbio.bisulfitehic.mapping.Bhmem  - Unique mapped and paired reads 1381320 ...
[M::mem_process_seqs] Processed 1001 reads in 1.211 CPU sec, 0.154 real sec
[M::mem_process_seqs] Processed 1001 reads in 0.929 CPU sec, 0.122 real sec
[M::mem_process_seqs] Processed 1001 reads in 1.387 CPU sec, 0.179 real sec
[M::mem_process_seqs] Processed 1001 reads in 1.102 CPU sec, 0.140 real sec
546811 [main] INFO main.java.edu.mit.compbio.bisulfitehic.mapping.Bhmem  - Processing reads 1390000 ...
546811 [main] INFO main.java.edu.mit.compbio.bisulfitehic.mapping.Bhmem  - Unique mapped and paired reads 1383314 ...
546814 [main] INFO main.java.edu.mit.compbio.bisulfitehic.mapping.Bhmem  - Processing reads 1391000 ...
546814 [main] INFO main.java.edu.mit.compbio.bisulfitehic.mapping.Bhmem  - Unique mapped and paired reads 1383314 ...
[M::mem_process_seqs] Processed 1001 reads in 1.212 CPU sec, 0.154 real sec
[M::mem_process_seqs] Processed 1001 reads in 1.017 CPU sec, 0.130 real sec
[M::mem_process_seqs] Processed 1001 reads in 1.303 CPU sec, 0.164 real sec
[M::mem_process_seqs] Processed 1001 reads in 1.189 CPU sec, 0.152 real sec
547602 [main] INFO main.java.edu.mit.compbio.bisulfitehic.mapping.Bhmem  - Processing reads 1392000 ...
547602 [main] INFO main.java.edu.mit.compbio.bisulfitehic.mapping.Bhmem  - Unique mapped and paired reads 1385306 ...
547605 [main] INFO main.java.edu.mit.compbio.bisulfitehic.mapping.Bhmem  - Processing reads 1393000 ...
547605 [main] INFO main.java.edu.mit.compbio.bisulfitehic.mapping.Bhmem  - Unique mapped and paired reads 1385306 ...
[M::mem_process_seqs] Processed 1001 reads in 1.244 CPU sec, 0.159 real sec
[M::mem_process_seqs] Processed 1001 reads in 0.955 CPU sec, 0.121 real sec
[M::mem_process_seqs] Processed 1001 reads in 1.309 CPU sec, 0.170 real sec
[M::mem_process_seqs] Processed 1001 reads in 1.032 CPU sec, 0.131 real sec
548373 [main] INFO main.java.edu.mit.compbio.bisulfitehic.mapping.Bhmem  - Processing reads 1394000 ...
548373 [main] INFO main.java.edu.mit.compbio.bisulfitehic.mapping.Bhmem  - Unique mapped and paired reads 1387306 ...
548376 [main] INFO main.java.edu.mit.compbio.bisulfitehic.mapping.Bhmem  - Processing reads 1395000 ...
548376 [main] INFO main.java.edu.mit.compbio.bisulfitehic.mapping.Bhmem  - Unique mapped and paired reads 1387306 ...
[M::mem_process_seqs] Processed 1001 reads in 1.225 CPU sec, 0.158 real sec
[M::mem_process_seqs] Processed 1001 reads in 1.031 CPU sec, 0.131 real sec
[M::mem_process_seqs] Processed 1001 reads in 1.375 CPU sec, 0.177 real sec
[M::mem_process_seqs] Processed 1001 reads in 1.170 CPU sec, 0.150 real sec
549199 [main] INFO main.java.edu.mit.compbio.bisulfitehic.mapping.Bhmem  - Processing reads 1396000 ...
549199 [main] INFO main.java.edu.mit.compbio.bisulfitehic.mapping.Bhmem  - Unique mapped and paired reads 1389302 ...
549202 [main] INFO main.java.edu.mit.compbio.bisulfitehic.mapping.Bhmem  - Processing reads 1397000 ...
549202 [main] INFO main.java.edu.mit.compbio.bisulfitehic.mapping.Bhmem  - Unique mapped and paired reads 1389302 ...
[M::mem_process_seqs] Processed 1001 reads in 1.207 CPU sec, 0.154 real sec
[M::mem_process_seqs] Processed 1001 reads in 1.064 CPU sec, 0.134 real sec
[M::mem_process_seqs] Processed 1001 reads in 1.331 CPU sec, 0.174 real sec
[M::mem_process_seqs] Processed 1001 reads in 1.316 CPU sec, 0.171 real sec
550027 [main] INFO main.java.edu.mit.compbio.bisulfitehic.mapping.Bhmem  - Processing reads 1398000 ...
550027 [main] INFO main.java.edu.mit.compbio.bisulfitehic.mapping.Bhmem  - Unique mapped and paired reads 1391296 ...
550030 [main] INFO main.java.edu.mit.compbio.bisulfitehic.mapping.Bhmem  - Processing reads 1399000 ...
550030 [main] INFO main.java.edu.mit.compbio.bisulfitehic.mapping.Bhmem  - Unique mapped and paired reads 1391296 ...
[M::mem_process_seqs] Processed 1001 reads in 1.221 CPU sec, 0.162 real sec
[M::mem_process_seqs] Processed 1001 reads in 1.023 CPU sec, 0.131 real sec
[M::mem_process_seqs] Processed 1001 reads in 1.307 CPU sec, 0.165 real sec
[M::mem_process_seqs] Processed 1001 reads in 1.148 CPU sec, 0.146 real sec
550841 [main] INFO main.java.edu.mit.compbio.bisulfitehic.mapping.Bhmem  - Processing reads 1400000 ...
550841 [main] INFO main.java.edu.mit.compbio.bisulfitehic.mapping.Bhmem  - Unique mapped and paired reads 1393288 ...
550844 [main] INFO main.java.edu.mit.compbio.bisulfitehic.mapping.Bhmem  - Processing reads 1401000 ...
550844 [main] INFO main.java.edu.mit.compbio.bisulfitehic.mapping.Bhmem  - Unique mapped and paired reads 1393288 ...
[M::mem_process_seqs] Processed 1001 reads in 1.225 CPU sec, 0.155 real sec
[M::mem_process_seqs] Processed 1001 reads in 0.979 CPU sec, 0.128 real sec
[M::mem_process_seqs] Processed 1001 reads in 1.331 CPU sec, 0.168 real sec
[M::mem_process_seqs] Processed 1001 reads in 1.095 CPU sec, 0.139 real sec
551621 [main] INFO main.java.edu.mit.compbio.bisulfitehic.mapping.Bhmem  - Processing reads 1402000 ...
551621 [main] INFO main.java.edu.mit.compbio.bisulfitehic.mapping.Bhmem  - Unique mapped and paired reads 1395284 ...
551624 [main] INFO main.java.edu.mit.compbio.bisulfitehic.mapping.Bhmem  - Processing reads 1403000 ...
551624 [main] INFO main.java.edu.mit.compbio.bisulfitehic.mapping.Bhmem  - Unique mapped and paired reads 1395284 ...
[M::mem_process_seqs] Processed 1001 reads in 1.201 CPU sec, 0.152 real sec
[M::mem_process_seqs] Processed 1001 reads in 1.100 CPU sec, 0.140 real sec
[M::mem_process_seqs] Processed 1001 reads in 1.246 CPU sec, 0.160 real sec
[M::mem_process_seqs] Processed 1001 reads in 1.109 CPU sec, 0.141 real sec
552405 [main] INFO main.java.edu.mit.compbio.bisulfitehic.mapping.Bhmem  - Processing reads 1404000 ...
552405 [main] INFO main.java.edu.mit.compbio.bisulfitehic.mapping.Bhmem  - Unique mapped and paired reads 1397278 ...
552409 [main] INFO main.java.edu.mit.compbio.bisulfitehic.mapping.Bhmem  - Processing reads 1405000 ...
552409 [main] INFO main.java.edu.mit.compbio.bisulfitehic.mapping.Bhmem  - Unique mapped and paired reads 1397278 ...
[M::mem_process_seqs] Processed 1001 reads in 1.154 CPU sec, 0.146 real sec
[M::mem_process_seqs] Processed 1001 reads in 0.961 CPU sec, 0.121 real sec
[M::mem_process_seqs] Processed 1001 reads in 1.250 CPU sec, 0.159 real sec
[M::mem_process_seqs] Processed 1001 reads in 1.201 CPU sec, 0.163 real sec
553188 [main] INFO main.java.edu.mit.compbio.bisulfitehic.mapping.Bhmem  - Processing reads 1406000 ...
553188 [main] INFO main.java.edu.mit.compbio.bisulfitehic.mapping.Bhmem  - Unique mapped and paired reads 1399266 ...
553192 [main] INFO main.java.edu.mit.compbio.bisulfitehic.mapping.Bhmem  - Processing reads 1407000 ...
553192 [main] INFO main.java.edu.mit.compbio.bisulfitehic.mapping.Bhmem  - Unique mapped and paired reads 1399266 ...
[M::mem_process_seqs] Processed 1001 reads in 1.271 CPU sec, 0.161 real sec
[M::mem_process_seqs] Processed 1001 reads in 1.005 CPU sec, 0.129 real sec
[M::mem_process_seqs] Processed 1001 reads in 1.268 CPU sec, 0.160 real sec
[M::mem_process_seqs] Processed 1001 reads in 1.093 CPU sec, 0.138 real sec
553960 [main] INFO main.java.edu.mit.compbio.bisulfitehic.mapping.Bhmem  - Processing reads 1408000 ...
553960 [main] INFO main.java.edu.mit.compbio.bisulfitehic.mapping.Bhmem  - Unique mapped and paired reads 1401258 ...
553963 [main] INFO main.java.edu.mit.compbio.bisulfitehic.mapping.Bhmem  - Processing reads 1409000 ...
553963 [main] INFO main.java.edu.mit.compbio.bisulfitehic.mapping.Bhmem  - Unique mapped and paired reads 1401258 ...
[M::mem_process_seqs] Processed 1001 reads in 1.176 CPU sec, 0.150 real sec
[M::mem_process_seqs] Processed 1001 reads in 1.015 CPU sec, 0.129 real sec
[M::mem_process_seqs] Processed 1001 reads in 1.327 CPU sec, 0.169 real sec
[M::mem_process_seqs] Processed 1001 reads in 1.159 CPU sec, 0.150 real sec
554744 [main] INFO main.java.edu.mit.compbio.bisulfitehic.mapping.Bhmem  - Processing reads 1410000 ...
554745 [main] INFO main.java.edu.mit.compbio.bisulfitehic.mapping.Bhmem  - Unique mapped and paired reads 1403250 ...
554748 [main] INFO main.java.edu.mit.compbio.bisulfitehic.mapping.Bhmem  - Processing reads 1411000 ...
554748 [main] INFO main.java.edu.mit.compbio.bisulfitehic.mapping.Bhmem  - Unique mapped and paired reads 1403250 ...
[M::mem_process_seqs] Processed 1001 reads in 1.118 CPU sec, 0.144 real sec
[M::mem_process_seqs] Processed 1001 reads in 0.952 CPU sec, 0.123 real sec
[M::mem_process_seqs] Processed 1001 reads in 1.168 CPU sec, 0.148 real sec
[M::mem_process_seqs] Processed 1001 reads in 1.112 CPU sec, 0.143 real sec
555486 [main] INFO main.java.edu.mit.compbio.bisulfitehic.mapping.Bhmem  - Processing reads 1412000 ...
555486 [main] INFO main.java.edu.mit.compbio.bisulfitehic.mapping.Bhmem  - Unique mapped and paired reads 1405242 ...
555490 [main] INFO main.java.edu.mit.compbio.bisulfitehic.mapping.Bhmem  - Processing reads 1413000 ...
555490 [main] INFO main.java.edu.mit.compbio.bisulfitehic.mapping.Bhmem  - Unique mapped and paired reads 1405242 ...
[M::mem_process_seqs] Processed 1001 reads in 1.125 CPU sec, 0.143 real sec
[M::mem_process_seqs] Processed 1001 reads in 0.960 CPU sec, 0.121 real sec
[M::mem_process_seqs] Processed 1001 reads in 1.258 CPU sec, 0.162 real sec
[M::mem_process_seqs] Processed 1001 reads in 1.093 CPU sec, 0.139 real sec
556238 [main] INFO main.java.edu.mit.compbio.bisulfitehic.mapping.Bhmem  - Processing reads 1414000 ...
556239 [main] INFO main.java.edu.mit.compbio.bisulfitehic.mapping.Bhmem  - Unique mapped and paired reads 1407238 ...
556242 [main] INFO main.java.edu.mit.compbio.bisulfitehic.mapping.Bhmem  - Processing reads 1415000 ...
556242 [main] INFO main.java.edu.mit.compbio.bisulfitehic.mapping.Bhmem  - Unique mapped and paired reads 1407238 ...
[M::mem_process_seqs] Processed 1001 reads in 1.251 CPU sec, 0.161 real sec
[M::mem_process_seqs] Processed 1001 reads in 1.002 CPU sec, 0.129 real sec
[M::mem_process_seqs] Processed 1001 reads in 1.233 CPU sec, 0.156 real sec
[M::mem_process_seqs] Processed 1001 reads in 1.064 CPU sec, 0.135 real sec
556998 [main] INFO main.java.edu.mit.compbio.bisulfitehic.mapping.Bhmem  - Processing reads 1416000 ...
556998 [main] INFO main.java.edu.mit.compbio.bisulfitehic.mapping.Bhmem  - Unique mapped and paired reads 1409234 ...
557001 [main] INFO main.java.edu.mit.compbio.bisulfitehic.mapping.Bhmem  - Processing reads 1417000 ...
557001 [main] INFO main.java.edu.mit.compbio.bisulfitehic.mapping.Bhmem  - Unique mapped and paired reads 1409234 ...
[M::mem_process_seqs] Processed 1001 reads in 1.140 CPU sec, 0.145 real sec
[M::mem_process_seqs] Processed 1001 reads in 1.009 CPU sec, 0.128 real sec
[M::mem_process_seqs] Processed 1001 reads in 1.324 CPU sec, 0.171 real sec
[M::mem_process_seqs] Processed 1001 reads in 1.149 CPU sec, 0.150 real sec
557779 [main] INFO main.java.edu.mit.compbio.bisulfitehic.mapping.Bhmem  - Processing reads 1418000 ...
557779 [main] INFO main.java.edu.mit.compbio.bisulfitehic.mapping.Bhmem  - Unique mapped and paired reads 1411214 ...
557782 [main] INFO main.java.edu.mit.compbio.bisulfitehic.mapping.Bhmem  - Processing reads 1419000 ...
557782 [main] INFO main.java.edu.mit.compbio.bisulfitehic.mapping.Bhmem  - Unique mapped and paired reads 1411214 ...
[M::mem_process_seqs] Processed 1001 reads in 1.225 CPU sec, 0.158 real sec
[M::mem_process_seqs] Processed 1001 reads in 0.991 CPU sec, 0.126 real sec
[M::mem_process_seqs] Processed 1001 reads in 1.340 CPU sec, 0.170 real sec
[M::mem_process_seqs] Processed 1001 reads in 1.077 CPU sec, 0.138 real sec
558553 [main] INFO main.java.edu.mit.compbio.bisulfitehic.mapping.Bhmem  - Processing reads 1420000 ...
558553 [main] INFO main.java.edu.mit.compbio.bisulfitehic.mapping.Bhmem  - Unique mapped and paired reads 1413210 ...
558556 [main] INFO main.java.edu.mit.compbio.bisulfitehic.mapping.Bhmem  - Processing reads 1421000 ...
558556 [main] INFO main.java.edu.mit.compbio.bisulfitehic.mapping.Bhmem  - Unique mapped and paired reads 1413210 ...
[M::mem_process_seqs] Processed 1001 reads in 1.105 CPU sec, 0.144 real sec
[M::mem_process_seqs] Processed 1001 reads in 0.964 CPU sec, 0.122 real sec
[M::mem_process_seqs] Processed 1001 reads in 1.247 CPU sec, 0.159 real sec
[M::mem_process_seqs] Processed 1001 reads in 1.092 CPU sec, 0.139 real sec
559301 [main] INFO main.java.edu.mit.compbio.bisulfitehic.mapping.Bhmem  - Processing reads 1422000 ...
559301 [main] INFO main.java.edu.mit.compbio.bisulfitehic.mapping.Bhmem  - Unique mapped and paired reads 1415192 ...
559304 [main] INFO main.java.edu.mit.compbio.bisulfitehic.mapping.Bhmem  - Processing reads 1423000 ...
559304 [main] INFO main.java.edu.mit.compbio.bisulfitehic.mapping.Bhmem  - Unique mapped and paired reads 1415192 ...
[M::mem_process_seqs] Processed 1001 reads in 1.180 CPU sec, 0.155 real sec
[M::mem_process_seqs] Processed 1001 reads in 1.037 CPU sec, 0.137 real sec
[M::mem_process_seqs] Processed 1001 reads in 1.255 CPU sec, 0.159 real sec
[M::mem_process_seqs] Processed 1001 reads in 1.120 CPU sec, 0.147 real sec
560078 [main] INFO main.java.edu.mit.compbio.bisulfitehic.mapping.Bhmem  - Processing reads 1424000 ...
560078 [main] INFO main.java.edu.mit.compbio.bisulfitehic.mapping.Bhmem  - Unique mapped and paired reads 1417192 ...
560081 [main] INFO main.java.edu.mit.compbio.bisulfitehic.mapping.Bhmem  - Processing reads 1425000 ...
560082 [main] INFO main.java.edu.mit.compbio.bisulfitehic.mapping.Bhmem  - Unique mapped and paired reads 1417192 ...
[M::mem_process_seqs] Processed 1001 reads in 1.161 CPU sec, 0.148 real sec
[M::mem_process_seqs] Processed 1001 reads in 0.940 CPU sec, 0.121 real sec
[M::mem_process_seqs] Processed 1001 reads in 1.250 CPU sec, 0.164 real sec
[M::mem_process_seqs] Processed 1001 reads in 1.149 CPU sec, 0.147 real sec
560838 [main] INFO main.java.edu.mit.compbio.bisulfitehic.mapping.Bhmem  - Processing reads 1426000 ...
560838 [main] INFO main.java.edu.mit.compbio.bisulfitehic.mapping.Bhmem  - Unique mapped and paired reads 1419186 ...
560841 [main] INFO main.java.edu.mit.compbio.bisulfitehic.mapping.Bhmem  - Processing reads 1427000 ...
560841 [main] INFO main.java.edu.mit.compbio.bisulfitehic.mapping.Bhmem  - Unique mapped and paired reads 1419186 ...
[M::mem_process_seqs] Processed 1001 reads in 1.224 CPU sec, 0.170 real sec
[M::mem_process_seqs] Processed 1001 reads in 1.014 CPU sec, 0.131 real sec
[M::mem_process_seqs] Processed 1001 reads in 1.230 CPU sec, 0.156 real sec
[M::mem_process_seqs] Processed 1001 reads in 1.093 CPU sec, 0.139 real sec
561614 [main] INFO main.java.edu.mit.compbio.bisulfitehic.mapping.Bhmem  - Processing reads 1428000 ...
561614 [main] INFO main.java.edu.mit.compbio.bisulfitehic.mapping.Bhmem  - Unique mapped and paired reads 1421178 ...
561617 [main] INFO main.java.edu.mit.compbio.bisulfitehic.mapping.Bhmem  - Processing reads 1429000 ...
561617 [main] INFO main.java.edu.mit.compbio.bisulfitehic.mapping.Bhmem  - Unique mapped and paired reads 1421178 ...
[M::mem_process_seqs] Processed 1001 reads in 1.177 CPU sec, 0.152 real sec
[M::mem_process_seqs] Processed 1001 reads in 0.945 CPU sec, 0.119 real sec
[M::mem_process_seqs] Processed 1001 reads in 1.320 CPU sec, 0.173 real sec
[M::mem_process_seqs] Processed 1001 reads in 1.102 CPU sec, 0.140 real sec
562376 [main] INFO main.java.edu.mit.compbio.bisulfitehic.mapping.Bhmem  - Processing reads 1430000 ...
562376 [main] INFO main.java.edu.mit.compbio.bisulfitehic.mapping.Bhmem  - Unique mapped and paired reads 1423172 ...
562379 [main] INFO main.java.edu.mit.compbio.bisulfitehic.mapping.Bhmem  - Processing reads 1431000 ...
562379 [main] INFO main.java.edu.mit.compbio.bisulfitehic.mapping.Bhmem  - Unique mapped and paired reads 1423172 ...
[M::mem_process_seqs] Processed 1001 reads in 1.177 CPU sec, 0.150 real sec
[M::mem_process_seqs] Processed 1001 reads in 0.948 CPU sec, 0.121 real sec
[M::mem_process_seqs] Processed 1001 reads in 1.303 CPU sec, 0.173 real sec
[M::mem_process_seqs] Processed 1001 reads in 1.129 CPU sec, 0.154 real sec
563156 [main] INFO main.java.edu.mit.compbio.bisulfitehic.mapping.Bhmem  - Processing reads 1432000 ...
563156 [main] INFO main.java.edu.mit.compbio.bisulfitehic.mapping.Bhmem  - Unique mapped and paired reads 1425170 ...
563159 [main] INFO main.java.edu.mit.compbio.bisulfitehic.mapping.Bhmem  - Processing reads 1433000 ...
563159 [main] INFO main.java.edu.mit.compbio.bisulfitehic.mapping.Bhmem  - Unique mapped and paired reads 1425170 ...
[M::mem_process_seqs] Processed 1001 reads in 1.248 CPU sec, 0.163 real sec
[M::mem_process_seqs] Processed 1001 reads in 1.005 CPU sec, 0.128 real sec
[M::mem_process_seqs] Processed 1001 reads in 1.240 CPU sec, 0.161 real sec
[M::mem_process_seqs] Processed 1001 reads in 1.042 CPU sec, 0.136 real sec
563923 [main] INFO main.java.edu.mit.compbio.bisulfitehic.mapping.Bhmem  - Processing reads 1434000 ...
563924 [main] INFO main.java.edu.mit.compbio.bisulfitehic.mapping.Bhmem  - Unique mapped and paired reads 1427164 ...
563927 [main] INFO main.java.edu.mit.compbio.bisulfitehic.mapping.Bhmem  - Processing reads 1435000 ...
563927 [main] INFO main.java.edu.mit.compbio.bisulfitehic.mapping.Bhmem  - Unique mapped and paired reads 1427164 ...
[M::mem_process_seqs] Processed 1001 reads in 1.180 CPU sec, 0.162 real sec
[M::mem_process_seqs] Processed 1001 reads in 0.925 CPU sec, 0.117 real sec
[M::mem_process_seqs] Processed 1001 reads in 1.244 CPU sec, 0.161 real sec
[M::mem_process_seqs] Processed 1001 reads in 1.025 CPU sec, 0.137 real sec
564683 [main] INFO main.java.edu.mit.compbio.bisulfitehic.mapping.Bhmem  - Processing reads 1436000 ...
564683 [main] INFO main.java.edu.mit.compbio.bisulfitehic.mapping.Bhmem  - Unique mapped and paired reads 1429158 ...
564686 [main] INFO main.java.edu.mit.compbio.bisulfitehic.mapping.Bhmem  - Processing reads 1437000 ...
564686 [main] INFO main.java.edu.mit.compbio.bisulfitehic.mapping.Bhmem  - Unique mapped and paired reads 1429158 ...
[M::mem_process_seqs] Processed 1001 reads in 1.158 CPU sec, 0.154 real sec
[M::mem_process_seqs] Processed 1001 reads in 0.983 CPU sec, 0.124 real sec
[M::mem_process_seqs] Processed 1001 reads in 1.171 CPU sec, 0.155 real sec
[M::mem_process_seqs] Processed 1001 reads in 1.061 CPU sec, 0.135 real sec
565436 [main] INFO main.java.edu.mit.compbio.bisulfitehic.mapping.Bhmem  - Processing reads 1438000 ...
565436 [main] INFO main.java.edu.mit.compbio.bisulfitehic.mapping.Bhmem  - Unique mapped and paired reads 1431158 ...
565439 [main] INFO main.java.edu.mit.compbio.bisulfitehic.mapping.Bhmem  - Processing reads 1439000 ...
565439 [main] INFO main.java.edu.mit.compbio.bisulfitehic.mapping.Bhmem  - Unique mapped and paired reads 1431158 ...
[M::mem_process_seqs] Processed 1001 reads in 1.117 CPU sec, 0.142 real sec
[M::mem_process_seqs] Processed 1001 reads in 0.906 CPU sec, 0.117 real sec
[M::mem_process_seqs] Processed 1001 reads in 1.307 CPU sec, 0.165 real sec
[M::mem_process_seqs] Processed 1001 reads in 1.094 CPU sec, 0.139 real sec
566178 [main] INFO main.java.edu.mit.compbio.bisulfitehic.mapping.Bhmem  - Processing reads 1440000 ...
566178 [main] INFO main.java.edu.mit.compbio.bisulfitehic.mapping.Bhmem  - Unique mapped and paired reads 1433154 ...
566181 [main] INFO main.java.edu.mit.compbio.bisulfitehic.mapping.Bhmem  - Processing reads 1441000 ...
566181 [main] INFO main.java.edu.mit.compbio.bisulfitehic.mapping.Bhmem  - Unique mapped and paired reads 1433154 ...
[M::mem_process_seqs] Processed 1001 reads in 1.162 CPU sec, 0.148 real sec
[M::mem_process_seqs] Processed 1001 reads in 1.039 CPU sec, 0.132 real sec
[M::mem_process_seqs] Processed 1001 reads in 1.249 CPU sec, 0.159 real sec
[M::mem_process_seqs] Processed 1001 reads in 1.080 CPU sec, 0.137 real sec
566937 [main] INFO main.java.edu.mit.compbio.bisulfitehic.mapping.Bhmem  - Processing reads 1442000 ...
566937 [main] INFO main.java.edu.mit.compbio.bisulfitehic.mapping.Bhmem  - Unique mapped and paired reads 1435154 ...
566940 [main] INFO main.java.edu.mit.compbio.bisulfitehic.mapping.Bhmem  - Processing reads 1443000 ...
566940 [main] INFO main.java.edu.mit.compbio.bisulfitehic.mapping.Bhmem  - Unique mapped and paired reads 1435154 ...
[M::mem_process_seqs] Processed 1001 reads in 1.141 CPU sec, 0.145 real sec
[M::mem_process_seqs] Processed 1001 reads in 0.975 CPU sec, 0.130 real sec
[M::mem_process_seqs] Processed 1001 reads in 1.257 CPU sec, 0.171 real sec
[M::mem_process_seqs] Processed 1001 reads in 1.161 CPU sec, 0.151 real sec
567716 [main] INFO main.java.edu.mit.compbio.bisulfitehic.mapping.Bhmem  - Processing reads 1444000 ...
567716 [main] INFO main.java.edu.mit.compbio.bisulfitehic.mapping.Bhmem  - Unique mapped and paired reads 1437144 ...
567719 [main] INFO main.java.edu.mit.compbio.bisulfitehic.mapping.Bhmem  - Processing reads 1445000 ...
567719 [main] INFO main.java.edu.mit.compbio.bisulfitehic.mapping.Bhmem  - Unique mapped and paired reads 1437144 ...
[M::mem_process_seqs] Processed 1001 reads in 1.132 CPU sec, 0.148 real sec
[M::mem_process_seqs] Processed 1001 reads in 0.966 CPU sec, 0.130 real sec
[M::mem_process_seqs] Processed 1001 reads in 1.235 CPU sec, 0.157 real sec
[M::mem_process_seqs] Processed 1001 reads in 1.030 CPU sec, 0.132 real sec
568467 [main] INFO main.java.edu.mit.compbio.bisulfitehic.mapping.Bhmem  - Processing reads 1446000 ...
568467 [main] INFO main.java.edu.mit.compbio.bisulfitehic.mapping.Bhmem  - Unique mapped and paired reads 1439140 ...
568470 [main] INFO main.java.edu.mit.compbio.bisulfitehic.mapping.Bhmem  - Processing reads 1447000 ...
568470 [main] INFO main.java.edu.mit.compbio.bisulfitehic.mapping.Bhmem  - Unique mapped and paired reads 1439140 ...
[M::mem_process_seqs] Processed 1001 reads in 1.079 CPU sec, 0.140 real sec
[M::mem_process_seqs] Processed 1001 reads in 0.871 CPU sec, 0.111 real sec
[M::mem_process_seqs] Processed 1001 reads in 1.188 CPU sec, 0.154 real sec
[M::mem_process_seqs] Processed 1001 reads in 0.995 CPU sec, 0.129 real sec
569176 [main] INFO main.java.edu.mit.compbio.bisulfitehic.mapping.Bhmem  - Processing reads 1448000 ...
569177 [main] INFO main.java.edu.mit.compbio.bisulfitehic.mapping.Bhmem  - Unique mapped and paired reads 1441132 ...
569180 [main] INFO main.java.edu.mit.compbio.bisulfitehic.mapping.Bhmem  - Processing reads 1449000 ...
569180 [main] INFO main.java.edu.mit.compbio.bisulfitehic.mapping.Bhmem  - Unique mapped and paired reads 1441132 ...
[M::mem_process_seqs] Processed 1001 reads in 1.210 CPU sec, 0.157 real sec
[M::mem_process_seqs] Processed 1001 reads in 0.936 CPU sec, 0.122 real sec
[M::mem_process_seqs] Processed 1001 reads in 1.314 CPU sec, 0.166 real sec
[M::mem_process_seqs] Processed 1001 reads in 1.127 CPU sec, 0.143 real sec
569945 [main] INFO main.java.edu.mit.compbio.bisulfitehic.mapping.Bhmem  - Processing reads 1450000 ...
569945 [main] INFO main.java.edu.mit.compbio.bisulfitehic.mapping.Bhmem  - Unique mapped and paired reads 1443132 ...
569948 [main] INFO main.java.edu.mit.compbio.bisulfitehic.mapping.Bhmem  - Processing reads 1451000 ...
569948 [main] INFO main.java.edu.mit.compbio.bisulfitehic.mapping.Bhmem  - Unique mapped and paired reads 1443132 ...
[M::mem_process_seqs] Processed 1001 reads in 1.130 CPU sec, 0.146 real sec
[M::mem_process_seqs] Processed 1001 reads in 0.955 CPU sec, 0.121 real sec
[M::mem_process_seqs] Processed 1001 reads in 1.231 CPU sec, 0.159 real sec
[M::mem_process_seqs] Processed 1001 reads in 1.144 CPU sec, 0.153 real sec
570709 [main] INFO main.java.edu.mit.compbio.bisulfitehic.mapping.Bhmem  - Processing reads 1452000 ...
570709 [main] INFO main.java.edu.mit.compbio.bisulfitehic.mapping.Bhmem  - Unique mapped and paired reads 1445122 ...
570712 [main] INFO main.java.edu.mit.compbio.bisulfitehic.mapping.Bhmem  - Processing reads 1453000 ...
570712 [main] INFO main.java.edu.mit.compbio.bisulfitehic.mapping.Bhmem  - Unique mapped and paired reads 1445122 ...
[M::mem_process_seqs] Processed 1001 reads in 1.115 CPU sec, 0.143 real sec
[M::mem_process_seqs] Processed 1001 reads in 0.867 CPU sec, 0.111 real sec
[M::mem_process_seqs] Processed 1001 reads in 1.262 CPU sec, 0.160 real sec
[M::mem_process_seqs] Processed 1001 reads in 1.073 CPU sec, 0.138 real sec
571447 [main] INFO main.java.edu.mit.compbio.bisulfitehic.mapping.Bhmem  - Processing reads 1454000 ...
571447 [main] INFO main.java.edu.mit.compbio.bisulfitehic.mapping.Bhmem  - Unique mapped and paired reads 1447112 ...
571450 [main] INFO main.java.edu.mit.compbio.bisulfitehic.mapping.Bhmem  - Processing reads 1455000 ...
571450 [main] INFO main.java.edu.mit.compbio.bisulfitehic.mapping.Bhmem  - Unique mapped and paired reads 1447112 ...
[M::mem_process_seqs] Processed 1001 reads in 1.201 CPU sec, 0.156 real sec
[M::mem_process_seqs] Processed 1001 reads in 1.012 CPU sec, 0.130 real sec
[M::mem_process_seqs] Processed 1001 reads in 1.318 CPU sec, 0.169 real sec
[M::mem_process_seqs] Processed 1001 reads in 1.123 CPU sec, 0.144 real sec
572224 [main] INFO main.java.edu.mit.compbio.bisulfitehic.mapping.Bhmem  - Processing reads 1456000 ...
572224 [main] INFO main.java.edu.mit.compbio.bisulfitehic.mapping.Bhmem  - Unique mapped and paired reads 1449106 ...
572227 [main] INFO main.java.edu.mit.compbio.bisulfitehic.mapping.Bhmem  - Processing reads 1457000 ...
572227 [main] INFO main.java.edu.mit.compbio.bisulfitehic.mapping.Bhmem  - Unique mapped and paired reads 1449106 ...
[M::mem_process_seqs] Processed 1001 reads in 1.194 CPU sec, 0.156 real sec
[M::mem_process_seqs] Processed 1001 reads in 1.013 CPU sec, 0.129 real sec
[M::mem_process_seqs] Processed 1001 reads in 1.221 CPU sec, 0.156 real sec
[M::mem_process_seqs] Processed 1001 reads in 1.129 CPU sec, 0.143 real sec
572989 [main] INFO main.java.edu.mit.compbio.bisulfitehic.mapping.Bhmem  - Processing reads 1458000 ...
572989 [main] INFO main.java.edu.mit.compbio.bisulfitehic.mapping.Bhmem  - Unique mapped and paired reads 1451092 ...
572992 [main] INFO main.java.edu.mit.compbio.bisulfitehic.mapping.Bhmem  - Processing reads 1459000 ...
572992 [main] INFO main.java.edu.mit.compbio.bisulfitehic.mapping.Bhmem  - Unique mapped and paired reads 1451092 ...
[M::mem_process_seqs] Processed 1001 reads in 1.176 CPU sec, 0.149 real sec
[M::mem_process_seqs] Processed 1001 reads in 0.947 CPU sec, 0.123 real sec
[M::mem_process_seqs] Processed 1001 reads in 1.171 CPU sec, 0.159 real sec
[M::mem_process_seqs] Processed 1001 reads in 1.042 CPU sec, 0.132 real sec
573735 [main] INFO main.java.edu.mit.compbio.bisulfitehic.mapping.Bhmem  - Processing reads 1460000 ...
573735 [main] INFO main.java.edu.mit.compbio.bisulfitehic.mapping.Bhmem  - Unique mapped and paired reads 1453074 ...
573738 [main] INFO main.java.edu.mit.compbio.bisulfitehic.mapping.Bhmem  - Processing reads 1461000 ...
573738 [main] INFO main.java.edu.mit.compbio.bisulfitehic.mapping.Bhmem  - Unique mapped and paired reads 1453074 ...
[M::mem_process_seqs] Processed 1001 reads in 1.128 CPU sec, 0.144 real sec
[M::mem_process_seqs] Processed 1001 reads in 0.951 CPU sec, 0.129 real sec
[M::mem_process_seqs] Processed 1001 reads in 1.282 CPU sec, 0.164 real sec
[M::mem_process_seqs] Processed 1001 reads in 1.159 CPU sec, 0.146 real sec
574498 [main] INFO main.java.edu.mit.compbio.bisulfitehic.mapping.Bhmem  - Processing reads 1462000 ...
574498 [main] INFO main.java.edu.mit.compbio.bisulfitehic.mapping.Bhmem  - Unique mapped and paired reads 1455070 ...
574501 [main] INFO main.java.edu.mit.compbio.bisulfitehic.mapping.Bhmem  - Processing reads 1463000 ...
574501 [main] INFO main.java.edu.mit.compbio.bisulfitehic.mapping.Bhmem  - Unique mapped and paired reads 1455070 ...
[M::mem_process_seqs] Processed 1001 reads in 1.070 CPU sec, 0.137 real sec
[M::mem_process_seqs] Processed 1001 reads in 0.987 CPU sec, 0.128 real sec
[M::mem_process_seqs] Processed 1001 reads in 1.193 CPU sec, 0.152 real sec
[M::mem_process_seqs] Processed 1001 reads in 1.135 CPU sec, 0.147 real sec
575237 [main] INFO main.java.edu.mit.compbio.bisulfitehic.mapping.Bhmem  - Processing reads 1464000 ...
575237 [main] INFO main.java.edu.mit.compbio.bisulfitehic.mapping.Bhmem  - Unique mapped and paired reads 1457062 ...
575240 [main] INFO main.java.edu.mit.compbio.bisulfitehic.mapping.Bhmem  - Processing reads 1465000 ...
575240 [main] INFO main.java.edu.mit.compbio.bisulfitehic.mapping.Bhmem  - Unique mapped and paired reads 1457062 ...
[M::mem_process_seqs] Processed 1001 reads in 1.148 CPU sec, 0.146 real sec
[M::mem_process_seqs] Processed 1001 reads in 0.954 CPU sec, 0.121 real sec
[M::mem_process_seqs] Processed 1001 reads in 1.295 CPU sec, 0.165 real sec
[M::mem_process_seqs] Processed 1001 reads in 1.099 CPU sec, 0.140 real sec
575994 [main] INFO main.java.edu.mit.compbio.bisulfitehic.mapping.Bhmem  - Processing reads 1466000 ...
575994 [main] INFO main.java.edu.mit.compbio.bisulfitehic.mapping.Bhmem  - Unique mapped and paired reads 1459054 ...
575997 [main] INFO main.java.edu.mit.compbio.bisulfitehic.mapping.Bhmem  - Processing reads 1467000 ...
575997 [main] INFO main.java.edu.mit.compbio.bisulfitehic.mapping.Bhmem  - Unique mapped and paired reads 1459054 ...
[M::mem_process_seqs] Processed 1001 reads in 1.155 CPU sec, 0.149 real sec
[M::mem_process_seqs] Processed 1001 reads in 0.957 CPU sec, 0.123 real sec
[M::mem_process_seqs] Processed 1001 reads in 1.296 CPU sec, 0.164 real sec
[M::mem_process_seqs] Processed 1001 reads in 1.062 CPU sec, 0.135 real sec
576749 [main] INFO main.java.edu.mit.compbio.bisulfitehic.mapping.Bhmem  - Processing reads 1468000 ...
576749 [main] INFO main.java.edu.mit.compbio.bisulfitehic.mapping.Bhmem  - Unique mapped and paired reads 1461052 ...
576834 [main] INFO main.java.edu.mit.compbio.bisulfitehic.mapping.Bhmem  - Processing reads 1469000 ...
576835 [main] INFO main.java.edu.mit.compbio.bisulfitehic.mapping.Bhmem  - Unique mapped and paired reads 1461052 ...
[M::mem_process_seqs] Processed 1001 reads in 1.200 CPU sec, 0.152 real sec
[M::mem_process_seqs] Processed 1001 reads in 1.041 CPU sec, 0.132 real sec
[M::mem_process_seqs] Processed 1001 reads in 1.317 CPU sec, 0.169 real sec
[M::mem_process_seqs] Processed 1001 reads in 1.104 CPU sec, 0.141 real sec
577611 [main] INFO main.java.edu.mit.compbio.bisulfitehic.mapping.Bhmem  - Processing reads 1470000 ...
577611 [main] INFO main.java.edu.mit.compbio.bisulfitehic.mapping.Bhmem  - Unique mapped and paired reads 1463048 ...
577614 [main] INFO main.java.edu.mit.compbio.bisulfitehic.mapping.Bhmem  - Processing reads 1471000 ...
577614 [main] INFO main.java.edu.mit.compbio.bisulfitehic.mapping.Bhmem  - Unique mapped and paired reads 1463048 ...
[M::mem_process_seqs] Processed 1001 reads in 1.187 CPU sec, 0.153 real sec
[M::mem_process_seqs] Processed 1001 reads in 0.968 CPU sec, 0.123 real sec
[M::mem_process_seqs] Processed 1001 reads in 1.347 CPU sec, 0.172 real sec
[M::mem_process_seqs] Processed 1001 reads in 1.127 CPU sec, 0.144 real sec
578397 [main] INFO main.java.edu.mit.compbio.bisulfitehic.mapping.Bhmem  - Processing reads 1472000 ...
578397 [main] INFO main.java.edu.mit.compbio.bisulfitehic.mapping.Bhmem  - Unique mapped and paired reads 1465036 ...
578401 [main] INFO main.java.edu.mit.compbio.bisulfitehic.mapping.Bhmem  - Processing reads 1473000 ...
578401 [main] INFO main.java.edu.mit.compbio.bisulfitehic.mapping.Bhmem  - Unique mapped and paired reads 1465036 ...
[M::mem_process_seqs] Processed 1001 reads in 1.268 CPU sec, 0.166 real sec
[M::mem_process_seqs] Processed 1001 reads in 1.053 CPU sec, 0.134 real sec
[M::mem_process_seqs] Processed 1001 reads in 1.348 CPU sec, 0.170 real sec
[M::mem_process_seqs] Processed 1001 reads in 1.138 CPU sec, 0.145 real sec
579197 [main] INFO main.java.edu.mit.compbio.bisulfitehic.mapping.Bhmem  - Processing reads 1474000 ...
579197 [main] INFO main.java.edu.mit.compbio.bisulfitehic.mapping.Bhmem  - Unique mapped and paired reads 1467028 ...
579201 [main] INFO main.java.edu.mit.compbio.bisulfitehic.mapping.Bhmem  - Processing reads 1475000 ...
579201 [main] INFO main.java.edu.mit.compbio.bisulfitehic.mapping.Bhmem  - Unique mapped and paired reads 1467028 ...
[M::mem_process_seqs] Processed 1001 reads in 1.134 CPU sec, 0.144 real sec
[M::mem_process_seqs] Processed 1001 reads in 0.946 CPU sec, 0.121 real sec
[M::mem_process_seqs] Processed 1001 reads in 1.241 CPU sec, 0.158 real sec
[M::mem_process_seqs] Processed 1001 reads in 1.077 CPU sec, 0.136 real sec
579932 [main] INFO main.java.edu.mit.compbio.bisulfitehic.mapping.Bhmem  - Processing reads 1476000 ...
579932 [main] INFO main.java.edu.mit.compbio.bisulfitehic.mapping.Bhmem  - Unique mapped and paired reads 1469016 ...
579936 [main] INFO main.java.edu.mit.compbio.bisulfitehic.mapping.Bhmem  - Processing reads 1477000 ...
579936 [main] INFO main.java.edu.mit.compbio.bisulfitehic.mapping.Bhmem  - Unique mapped and paired reads 1469016 ...
[M::mem_process_seqs] Processed 1001 reads in 1.131 CPU sec, 0.145 real sec
[M::mem_process_seqs] Processed 1001 reads in 0.983 CPU sec, 0.125 real sec
[M::mem_process_seqs] Processed 1001 reads in 1.249 CPU sec, 0.159 real sec
[M::mem_process_seqs] Processed 1001 reads in 1.169 CPU sec, 0.151 real sec
580691 [main] INFO main.java.edu.mit.compbio.bisulfitehic.mapping.Bhmem  - Processing reads 1478000 ...
580691 [main] INFO main.java.edu.mit.compbio.bisulfitehic.mapping.Bhmem  - Unique mapped and paired reads 1471008 ...
580694 [main] INFO main.java.edu.mit.compbio.bisulfitehic.mapping.Bhmem  - Processing reads 1479000 ...
580695 [main] INFO main.java.edu.mit.compbio.bisulfitehic.mapping.Bhmem  - Unique mapped and paired reads 1471008 ...
[M::mem_process_seqs] Processed 1001 reads in 1.145 CPU sec, 0.145 real sec
[M::mem_process_seqs] Processed 1001 reads in 0.930 CPU sec, 0.120 real sec
[M::mem_process_seqs] Processed 1001 reads in 1.327 CPU sec, 0.168 real sec
[M::mem_process_seqs] Processed 1001 reads in 1.063 CPU sec, 0.136 real sec
581462 [main] INFO main.java.edu.mit.compbio.bisulfitehic.mapping.Bhmem  - Processing reads 1480000 ...
581462 [main] INFO main.java.edu.mit.compbio.bisulfitehic.mapping.Bhmem  - Unique mapped and paired reads 1472996 ...
581465 [main] INFO main.java.edu.mit.compbio.bisulfitehic.mapping.Bhmem  - Processing reads 1481000 ...
581465 [main] INFO main.java.edu.mit.compbio.bisulfitehic.mapping.Bhmem  - Unique mapped and paired reads 1472996 ...
[M::mem_process_seqs] Processed 1001 reads in 1.222 CPU sec, 0.155 real sec
[M::mem_process_seqs] Processed 1001 reads in 0.929 CPU sec, 0.118 real sec
[M::mem_process_seqs] Processed 1001 reads in 1.342 CPU sec, 0.180 real sec
[M::mem_process_seqs] Processed 1001 reads in 1.119 CPU sec, 0.143 real sec
582245 [main] INFO main.java.edu.mit.compbio.bisulfitehic.mapping.Bhmem  - Processing reads 1482000 ...
582245 [main] INFO main.java.edu.mit.compbio.bisulfitehic.mapping.Bhmem  - Unique mapped and paired reads 1474988 ...
582248 [main] INFO main.java.edu.mit.compbio.bisulfitehic.mapping.Bhmem  - Processing reads 1483000 ...
582248 [main] INFO main.java.edu.mit.compbio.bisulfitehic.mapping.Bhmem  - Unique mapped and paired reads 1474988 ...
[M::mem_process_seqs] Processed 1001 reads in 1.177 CPU sec, 0.152 real sec
[M::mem_process_seqs] Processed 1001 reads in 1.042 CPU sec, 0.138 real sec
[M::mem_process_seqs] Processed 1001 reads in 1.304 CPU sec, 0.169 real sec
[M::mem_process_seqs] Processed 1001 reads in 1.177 CPU sec, 0.153 real sec
583058 [main] INFO main.java.edu.mit.compbio.bisulfitehic.mapping.Bhmem  - Processing reads 1484000 ...
583058 [main] INFO main.java.edu.mit.compbio.bisulfitehic.mapping.Bhmem  - Unique mapped and paired reads 1476978 ...
583061 [main] INFO main.java.edu.mit.compbio.bisulfitehic.mapping.Bhmem  - Processing reads 1485000 ...
583061 [main] INFO main.java.edu.mit.compbio.bisulfitehic.mapping.Bhmem  - Unique mapped and paired reads 1476978 ...
[M::mem_process_seqs] Processed 1001 reads in 1.167 CPU sec, 0.152 real sec
[M::mem_process_seqs] Processed 1001 reads in 0.996 CPU sec, 0.130 real sec
[M::mem_process_seqs] Processed 1001 reads in 1.364 CPU sec, 0.173 real sec
[M::mem_process_seqs] Processed 1001 reads in 1.165 CPU sec, 0.149 real sec
583847 [main] INFO main.java.edu.mit.compbio.bisulfitehic.mapping.Bhmem  - Processing reads 1486000 ...
583847 [main] INFO main.java.edu.mit.compbio.bisulfitehic.mapping.Bhmem  - Unique mapped and paired reads 1478968 ...
583850 [main] INFO main.java.edu.mit.compbio.bisulfitehic.mapping.Bhmem  - Processing reads 1487000 ...
583850 [main] INFO main.java.edu.mit.compbio.bisulfitehic.mapping.Bhmem  - Unique mapped and paired reads 1478968 ...
[M::mem_process_seqs] Processed 1001 reads in 1.154 CPU sec, 0.146 real sec
[M::mem_process_seqs] Processed 1001 reads in 0.969 CPU sec, 0.122 real sec
[M::mem_process_seqs] Processed 1001 reads in 1.287 CPU sec, 0.163 real sec
[M::mem_process_seqs] Processed 1001 reads in 1.058 CPU sec, 0.133 real sec
584592 [main] INFO main.java.edu.mit.compbio.bisulfitehic.mapping.Bhmem  - Processing reads 1488000 ...
584592 [main] INFO main.java.edu.mit.compbio.bisulfitehic.mapping.Bhmem  - Unique mapped and paired reads 1480958 ...
584595 [main] INFO main.java.edu.mit.compbio.bisulfitehic.mapping.Bhmem  - Processing reads 1489000 ...
584595 [main] INFO main.java.edu.mit.compbio.bisulfitehic.mapping.Bhmem  - Unique mapped and paired reads 1480958 ...
[M::mem_process_seqs] Processed 1001 reads in 1.137 CPU sec, 0.144 real sec
[M::mem_process_seqs] Processed 1001 reads in 0.956 CPU sec, 0.125 real sec
[M::mem_process_seqs] Processed 1001 reads in 1.227 CPU sec, 0.159 real sec
[M::mem_process_seqs] Processed 1001 reads in 1.125 CPU sec, 0.146 real sec
585349 [main] INFO main.java.edu.mit.compbio.bisulfitehic.mapping.Bhmem  - Processing reads 1490000 ...
585349 [main] INFO main.java.edu.mit.compbio.bisulfitehic.mapping.Bhmem  - Unique mapped and paired reads 1482956 ...
585352 [main] INFO main.java.edu.mit.compbio.bisulfitehic.mapping.Bhmem  - Processing reads 1491000 ...
585352 [main] INFO main.java.edu.mit.compbio.bisulfitehic.mapping.Bhmem  - Unique mapped and paired reads 1482956 ...
[M::mem_process_seqs] Processed 1001 reads in 1.113 CPU sec, 0.141 real sec
[M::mem_process_seqs] Processed 1001 reads in 1.004 CPU sec, 0.127 real sec
[M::mem_process_seqs] Processed 1001 reads in 1.263 CPU sec, 0.163 real sec
[M::mem_process_seqs] Processed 1001 reads in 1.105 CPU sec, 0.141 real sec
586104 [main] INFO main.java.edu.mit.compbio.bisulfitehic.mapping.Bhmem  - Processing reads 1492000 ...
586104 [main] INFO main.java.edu.mit.compbio.bisulfitehic.mapping.Bhmem  - Unique mapped and paired reads 1484952 ...
586107 [main] INFO main.java.edu.mit.compbio.bisulfitehic.mapping.Bhmem  - Processing reads 1493000 ...
586107 [main] INFO main.java.edu.mit.compbio.bisulfitehic.mapping.Bhmem  - Unique mapped and paired reads 1484952 ...
[M::mem_process_seqs] Processed 1001 reads in 1.153 CPU sec, 0.155 real sec
[M::mem_process_seqs] Processed 1001 reads in 0.970 CPU sec, 0.122 real sec
[M::mem_process_seqs] Processed 1001 reads in 1.185 CPU sec, 0.154 real sec
[M::mem_process_seqs] Processed 1001 reads in 1.075 CPU sec, 0.136 real sec
586847 [main] INFO main.java.edu.mit.compbio.bisulfitehic.mapping.Bhmem  - Processing reads 1494000 ...
586847 [main] INFO main.java.edu.mit.compbio.bisulfitehic.mapping.Bhmem  - Unique mapped and paired reads 1486946 ...
586850 [main] INFO main.java.edu.mit.compbio.bisulfitehic.mapping.Bhmem  - Processing reads 1495000 ...
586850 [main] INFO main.java.edu.mit.compbio.bisulfitehic.mapping.Bhmem  - Unique mapped and paired reads 1486946 ...
[M::mem_process_seqs] Processed 1001 reads in 1.109 CPU sec, 0.142 real sec
[M::mem_process_seqs] Processed 1001 reads in 0.942 CPU sec, 0.121 real sec
[M::mem_process_seqs] Processed 1001 reads in 1.314 CPU sec, 0.166 real sec
[M::mem_process_seqs] Processed 1001 reads in 1.111 CPU sec, 0.142 real sec
587620 [main] INFO main.java.edu.mit.compbio.bisulfitehic.mapping.Bhmem  - Processing reads 1496000 ...
587620 [main] INFO main.java.edu.mit.compbio.bisulfitehic.mapping.Bhmem  - Unique mapped and paired reads 1488942 ...
587623 [main] INFO main.java.edu.mit.compbio.bisulfitehic.mapping.Bhmem  - Processing reads 1497000 ...
587623 [main] INFO main.java.edu.mit.compbio.bisulfitehic.mapping.Bhmem  - Unique mapped and paired reads 1488942 ...
[M::mem_process_seqs] Processed 1001 reads in 1.240 CPU sec, 0.158 real sec
[M::mem_process_seqs] Processed 1001 reads in 1.019 CPU sec, 0.129 real sec
[M::mem_process_seqs] Processed 1001 reads in 1.438 CPU sec, 0.186 real sec
[M::mem_process_seqs] Processed 1001 reads in 1.230 CPU sec, 0.156 real sec
588434 [main] INFO main.java.edu.mit.compbio.bisulfitehic.mapping.Bhmem  - Processing reads 1498000 ...
588434 [main] INFO main.java.edu.mit.compbio.bisulfitehic.mapping.Bhmem  - Unique mapped and paired reads 1490926 ...
588437 [main] INFO main.java.edu.mit.compbio.bisulfitehic.mapping.Bhmem  - Processing reads 1499000 ...
588437 [main] INFO main.java.edu.mit.compbio.bisulfitehic.mapping.Bhmem  - Unique mapped and paired reads 1490926 ...
[M::mem_process_seqs] Processed 1001 reads in 1.084 CPU sec, 0.140 real sec
[M::mem_process_seqs] Processed 1001 reads in 0.961 CPU sec, 0.122 real sec
[M::mem_process_seqs] Processed 1001 reads in 1.199 CPU sec, 0.152 real sec
[M::mem_process_seqs] Processed 1001 reads in 1.126 CPU sec, 0.145 real sec
589171 [main] INFO main.java.edu.mit.compbio.bisulfitehic.mapping.Bhmem  - Processing reads 1500000 ...
589171 [main] INFO main.java.edu.mit.compbio.bisulfitehic.mapping.Bhmem  - Unique mapped and paired reads 1492916 ...
589174 [main] INFO main.java.edu.mit.compbio.bisulfitehic.mapping.Bhmem  - Processing reads 1501000 ...
589174 [main] INFO main.java.edu.mit.compbio.bisulfitehic.mapping.Bhmem  - Unique mapped and paired reads 1492916 ...
[M::mem_process_seqs] Processed 1001 reads in 1.134 CPU sec, 0.148 real sec
[M::mem_process_seqs] Processed 1001 reads in 1.048 CPU sec, 0.133 real sec
[M::mem_process_seqs] Processed 1001 reads in 1.249 CPU sec, 0.162 real sec
[M::mem_process_seqs] Processed 1001 reads in 1.194 CPU sec, 0.152 real sec
589949 [main] INFO main.java.edu.mit.compbio.bisulfitehic.mapping.Bhmem  - Processing reads 1502000 ...
589949 [main] INFO main.java.edu.mit.compbio.bisulfitehic.mapping.Bhmem  - Unique mapped and paired reads 1494904 ...
589952 [main] INFO main.java.edu.mit.compbio.bisulfitehic.mapping.Bhmem  - Processing reads 1503000 ...
589952 [main] INFO main.java.edu.mit.compbio.bisulfitehic.mapping.Bhmem  - Unique mapped and paired reads 1494904 ...
[M::mem_process_seqs] Processed 1001 reads in 1.095 CPU sec, 0.142 real sec
[M::mem_process_seqs] Processed 1001 reads in 0.962 CPU sec, 0.126 real sec
[M::mem_process_seqs] Processed 1001 reads in 1.260 CPU sec, 0.160 real sec
[M::mem_process_seqs] Processed 1001 reads in 1.150 CPU sec, 0.155 real sec
590718 [main] INFO main.java.edu.mit.compbio.bisulfitehic.mapping.Bhmem  - Processing reads 1504000 ...
590718 [main] INFO main.java.edu.mit.compbio.bisulfitehic.mapping.Bhmem  - Unique mapped and paired reads 1496892 ...
590721 [main] INFO main.java.edu.mit.compbio.bisulfitehic.mapping.Bhmem  - Processing reads 1505000 ...
590721 [main] INFO main.java.edu.mit.compbio.bisulfitehic.mapping.Bhmem  - Unique mapped and paired reads 1496892 ...
[M::mem_process_seqs] Processed 1001 reads in 1.249 CPU sec, 0.164 real sec
[M::mem_process_seqs] Processed 1001 reads in 0.987 CPU sec, 0.126 real sec
[M::mem_process_seqs] Processed 1001 reads in 1.299 CPU sec, 0.165 real sec
[M::mem_process_seqs] Processed 1001 reads in 1.115 CPU sec, 0.142 real sec
591498 [main] INFO main.java.edu.mit.compbio.bisulfitehic.mapping.Bhmem  - Processing reads 1506000 ...
591498 [main] INFO main.java.edu.mit.compbio.bisulfitehic.mapping.Bhmem  - Unique mapped and paired reads 1498888 ...
591501 [main] INFO main.java.edu.mit.compbio.bisulfitehic.mapping.Bhmem  - Processing reads 1507000 ...
591501 [main] INFO main.java.edu.mit.compbio.bisulfitehic.mapping.Bhmem  - Unique mapped and paired reads 1498888 ...
[M::mem_process_seqs] Processed 1001 reads in 1.181 CPU sec, 0.152 real sec
[M::mem_process_seqs] Processed 1001 reads in 1.040 CPU sec, 0.134 real sec
[M::mem_process_seqs] Processed 1001 reads in 1.243 CPU sec, 0.157 real sec
[M::mem_process_seqs] Processed 1001 reads in 1.129 CPU sec, 0.147 real sec
592271 [main] INFO main.java.edu.mit.compbio.bisulfitehic.mapping.Bhmem  - Processing reads 1508000 ...
592271 [main] INFO main.java.edu.mit.compbio.bisulfitehic.mapping.Bhmem  - Unique mapped and paired reads 1500882 ...
592274 [main] INFO main.java.edu.mit.compbio.bisulfitehic.mapping.Bhmem  - Processing reads 1509000 ...
592274 [main] INFO main.java.edu.mit.compbio.bisulfitehic.mapping.Bhmem  - Unique mapped and paired reads 1500882 ...
[M::mem_process_seqs] Processed 1001 reads in 1.131 CPU sec, 0.143 real sec
[M::mem_process_seqs] Processed 1001 reads in 0.965 CPU sec, 0.132 real sec
[M::mem_process_seqs] Processed 1001 reads in 1.253 CPU sec, 0.160 real sec
[M::mem_process_seqs] Processed 1001 reads in 1.065 CPU sec, 0.136 real sec
593022 [main] INFO main.java.edu.mit.compbio.bisulfitehic.mapping.Bhmem  - Processing reads 1510000 ...
593022 [main] INFO main.java.edu.mit.compbio.bisulfitehic.mapping.Bhmem  - Unique mapped and paired reads 1502884 ...
593025 [main] INFO main.java.edu.mit.compbio.bisulfitehic.mapping.Bhmem  - Processing reads 1511000 ...
593025 [main] INFO main.java.edu.mit.compbio.bisulfitehic.mapping.Bhmem  - Unique mapped and paired reads 1502884 ...
[M::mem_process_seqs] Processed 1001 reads in 1.181 CPU sec, 0.150 real sec
[M::mem_process_seqs] Processed 1001 reads in 0.984 CPU sec, 0.125 real sec
[M::mem_process_seqs] Processed 1001 reads in 1.219 CPU sec, 0.156 real sec
[M::mem_process_seqs] Processed 1001 reads in 1.077 CPU sec, 0.137 real sec
593774 [main] INFO main.java.edu.mit.compbio.bisulfitehic.mapping.Bhmem  - Processing reads 1512000 ...
593774 [main] INFO main.java.edu.mit.compbio.bisulfitehic.mapping.Bhmem  - Unique mapped and paired reads 1504876 ...
593777 [main] INFO main.java.edu.mit.compbio.bisulfitehic.mapping.Bhmem  - Processing reads 1513000 ...
593777 [main] INFO main.java.edu.mit.compbio.bisulfitehic.mapping.Bhmem  - Unique mapped and paired reads 1504876 ...
[M::mem_process_seqs] Processed 1001 reads in 1.172 CPU sec, 0.150 real sec
[M::mem_process_seqs] Processed 1001 reads in 0.957 CPU sec, 0.121 real sec
[M::mem_process_seqs] Processed 1001 reads in 1.274 CPU sec, 0.163 real sec
[M::mem_process_seqs] Processed 1001 reads in 1.085 CPU sec, 0.138 real sec
594525 [main] INFO main.java.edu.mit.compbio.bisulfitehic.mapping.Bhmem  - Processing reads 1514000 ...
594525 [main] INFO main.java.edu.mit.compbio.bisulfitehic.mapping.Bhmem  - Unique mapped and paired reads 1506872 ...
594528 [main] INFO main.java.edu.mit.compbio.bisulfitehic.mapping.Bhmem  - Processing reads 1515000 ...
594528 [main] INFO main.java.edu.mit.compbio.bisulfitehic.mapping.Bhmem  - Unique mapped and paired reads 1506872 ...
[M::mem_process_seqs] Processed 1001 reads in 1.231 CPU sec, 0.161 real sec
[M::mem_process_seqs] Processed 1001 reads in 0.893 CPU sec, 0.114 real sec
[M::mem_process_seqs] Processed 1001 reads in 1.306 CPU sec, 0.167 real sec
[M::mem_process_seqs] Processed 1001 reads in 1.076 CPU sec, 0.140 real sec
595292 [main] INFO main.java.edu.mit.compbio.bisulfitehic.mapping.Bhmem  - Processing reads 1516000 ...
595292 [main] INFO main.java.edu.mit.compbio.bisulfitehic.mapping.Bhmem  - Unique mapped and paired reads 1508856 ...
595295 [main] INFO main.java.edu.mit.compbio.bisulfitehic.mapping.Bhmem  - Processing reads 1517000 ...
595295 [main] INFO main.java.edu.mit.compbio.bisulfitehic.mapping.Bhmem  - Unique mapped and paired reads 1508856 ...
[M::mem_process_seqs] Processed 1001 reads in 1.153 CPU sec, 0.146 real sec
[M::mem_process_seqs] Processed 1001 reads in 0.980 CPU sec, 0.125 real sec
[M::mem_process_seqs] Processed 1001 reads in 1.257 CPU sec, 0.162 real sec
[M::mem_process_seqs] Processed 1001 reads in 1.209 CPU sec, 0.153 real sec
596064 [main] INFO main.java.edu.mit.compbio.bisulfitehic.mapping.Bhmem  - Processing reads 1518000 ...
596064 [main] INFO main.java.edu.mit.compbio.bisulfitehic.mapping.Bhmem  - Unique mapped and paired reads 1510844 ...
596067 [main] INFO main.java.edu.mit.compbio.bisulfitehic.mapping.Bhmem  - Processing reads 1519000 ...
596067 [main] INFO main.java.edu.mit.compbio.bisulfitehic.mapping.Bhmem  - Unique mapped and paired reads 1510844 ...
[M::mem_process_seqs] Processed 1001 reads in 1.210 CPU sec, 0.154 real sec
[M::mem_process_seqs] Processed 1001 reads in 1.062 CPU sec, 0.137 real sec
[M::mem_process_seqs] Processed 1001 reads in 1.343 CPU sec, 0.170 real sec
[M::mem_process_seqs] Processed 1001 reads in 1.180 CPU sec, 0.160 real sec
596874 [main] INFO main.java.edu.mit.compbio.bisulfitehic.mapping.Bhmem  - Processing reads 1520000 ...
596874 [main] INFO main.java.edu.mit.compbio.bisulfitehic.mapping.Bhmem  - Unique mapped and paired reads 1512842 ...
596877 [main] INFO main.java.edu.mit.compbio.bisulfitehic.mapping.Bhmem  - Processing reads 1521000 ...
596877 [main] INFO main.java.edu.mit.compbio.bisulfitehic.mapping.Bhmem  - Unique mapped and paired reads 1512842 ...
[M::mem_process_seqs] Processed 1001 reads in 1.187 CPU sec, 0.152 real sec
[M::mem_process_seqs] Processed 1001 reads in 0.954 CPU sec, 0.121 real sec
[M::mem_process_seqs] Processed 1001 reads in 1.255 CPU sec, 0.159 real sec
[M::mem_process_seqs] Processed 1001 reads in 1.195 CPU sec, 0.152 real sec
597639 [main] INFO main.java.edu.mit.compbio.bisulfitehic.mapping.Bhmem  - Processing reads 1522000 ...
597639 [main] INFO main.java.edu.mit.compbio.bisulfitehic.mapping.Bhmem  - Unique mapped and paired reads 1514836 ...
597642 [main] INFO main.java.edu.mit.compbio.bisulfitehic.mapping.Bhmem  - Processing reads 1523000 ...
597642 [main] INFO main.java.edu.mit.compbio.bisulfitehic.mapping.Bhmem  - Unique mapped and paired reads 1514836 ...
[M::mem_process_seqs] Processed 1001 reads in 1.178 CPU sec, 0.153 real sec
[M::mem_process_seqs] Processed 1001 reads in 1.036 CPU sec, 0.134 real sec
[M::mem_process_seqs] Processed 1001 reads in 1.233 CPU sec, 0.159 real sec
[M::mem_process_seqs] Processed 1001 reads in 1.124 CPU sec, 0.144 real sec
598412 [main] INFO main.java.edu.mit.compbio.bisulfitehic.mapping.Bhmem  - Processing reads 1524000 ...
598413 [main] INFO main.java.edu.mit.compbio.bisulfitehic.mapping.Bhmem  - Unique mapped and paired reads 1516824 ...
598416 [main] INFO main.java.edu.mit.compbio.bisulfitehic.mapping.Bhmem  - Processing reads 1525000 ...
598416 [main] INFO main.java.edu.mit.compbio.bisulfitehic.mapping.Bhmem  - Unique mapped and paired reads 1516824 ...
[M::mem_process_seqs] Processed 1001 reads in 1.212 CPU sec, 0.160 real sec
[M::mem_process_seqs] Processed 1001 reads in 0.970 CPU sec, 0.132 real sec
[M::mem_process_seqs] Processed 1001 reads in 1.237 CPU sec, 0.161 real sec
[M::mem_process_seqs] Processed 1001 reads in 1.087 CPU sec, 0.139 real sec
599177 [main] INFO main.java.edu.mit.compbio.bisulfitehic.mapping.Bhmem  - Processing reads 1526000 ...
599177 [main] INFO main.java.edu.mit.compbio.bisulfitehic.mapping.Bhmem  - Unique mapped and paired reads 1518818 ...
599180 [main] INFO main.java.edu.mit.compbio.bisulfitehic.mapping.Bhmem  - Processing reads 1527000 ...
599180 [main] INFO main.java.edu.mit.compbio.bisulfitehic.mapping.Bhmem  - Unique mapped and paired reads 1518818 ...
[M::mem_process_seqs] Processed 1001 reads in 1.162 CPU sec, 0.148 real sec
[M::mem_process_seqs] Processed 1001 reads in 0.935 CPU sec, 0.118 real sec
[M::mem_process_seqs] Processed 1001 reads in 1.158 CPU sec, 0.148 real sec
[M::mem_process_seqs] Processed 1001 reads in 1.080 CPU sec, 0.143 real sec
599913 [main] INFO main.java.edu.mit.compbio.bisulfitehic.mapping.Bhmem  - Processing reads 1528000 ...
599913 [main] INFO main.java.edu.mit.compbio.bisulfitehic.mapping.Bhmem  - Unique mapped and paired reads 1520802 ...
599916 [main] INFO main.java.edu.mit.compbio.bisulfitehic.mapping.Bhmem  - Processing reads 1529000 ...
599916 [main] INFO main.java.edu.mit.compbio.bisulfitehic.mapping.Bhmem  - Unique mapped and paired reads 1520802 ...
[M::mem_process_seqs] Processed 1001 reads in 1.120 CPU sec, 0.141 real sec
[M::mem_process_seqs] Processed 1001 reads in 0.941 CPU sec, 0.122 real sec
[M::mem_process_seqs] Processed 1001 reads in 1.229 CPU sec, 0.155 real sec
[M::mem_process_seqs] Processed 1001 reads in 1.115 CPU sec, 0.140 real sec
600672 [main] INFO main.java.edu.mit.compbio.bisulfitehic.mapping.Bhmem  - Processing reads 1530000 ...
600672 [main] INFO main.java.edu.mit.compbio.bisulfitehic.mapping.Bhmem  - Unique mapped and paired reads 1522796 ...
600675 [main] INFO main.java.edu.mit.compbio.bisulfitehic.mapping.Bhmem  - Processing reads 1531000 ...
600675 [main] INFO main.java.edu.mit.compbio.bisulfitehic.mapping.Bhmem  - Unique mapped and paired reads 1522796 ...
[M::mem_process_seqs] Processed 1001 reads in 1.129 CPU sec, 0.144 real sec
[M::mem_process_seqs] Processed 1001 reads in 0.934 CPU sec, 0.120 real sec
[M::mem_process_seqs] Processed 1001 reads in 1.248 CPU sec, 0.158 real sec
[M::mem_process_seqs] Processed 1001 reads in 1.113 CPU sec, 0.142 real sec
601422 [main] INFO main.java.edu.mit.compbio.bisulfitehic.mapping.Bhmem  - Processing reads 1532000 ...
601422 [main] INFO main.java.edu.mit.compbio.bisulfitehic.mapping.Bhmem  - Unique mapped and paired reads 1524792 ...
601425 [main] INFO main.java.edu.mit.compbio.bisulfitehic.mapping.Bhmem  - Processing reads 1533000 ...
601425 [main] INFO main.java.edu.mit.compbio.bisulfitehic.mapping.Bhmem  - Unique mapped and paired reads 1524792 ...
[M::mem_process_seqs] Processed 1001 reads in 1.072 CPU sec, 0.138 real sec
[M::mem_process_seqs] Processed 1001 reads in 0.893 CPU sec, 0.114 real sec
[M::mem_process_seqs] Processed 1001 reads in 1.251 CPU sec, 0.158 real sec
[M::mem_process_seqs] Processed 1001 reads in 1.092 CPU sec, 0.140 real sec
602173 [main] INFO main.java.edu.mit.compbio.bisulfitehic.mapping.Bhmem  - Processing reads 1534000 ...
602173 [main] INFO main.java.edu.mit.compbio.bisulfitehic.mapping.Bhmem  - Unique mapped and paired reads 1526786 ...
602176 [main] INFO main.java.edu.mit.compbio.bisulfitehic.mapping.Bhmem  - Processing reads 1535000 ...
602176 [main] INFO main.java.edu.mit.compbio.bisulfitehic.mapping.Bhmem  - Unique mapped and paired reads 1526786 ...
[M::mem_process_seqs] Processed 1001 reads in 1.169 CPU sec, 0.151 real sec
[M::mem_process_seqs] Processed 1001 reads in 0.959 CPU sec, 0.121 real sec
[M::mem_process_seqs] Processed 1001 reads in 1.359 CPU sec, 0.176 real sec
[M::mem_process_seqs] Processed 1001 reads in 1.126 CPU sec, 0.147 real sec
602952 [main] INFO main.java.edu.mit.compbio.bisulfitehic.mapping.Bhmem  - Processing reads 1536000 ...
602952 [main] INFO main.java.edu.mit.compbio.bisulfitehic.mapping.Bhmem  - Unique mapped and paired reads 1528784 ...
602955 [main] INFO main.java.edu.mit.compbio.bisulfitehic.mapping.Bhmem  - Processing reads 1537000 ...
602955 [main] INFO main.java.edu.mit.compbio.bisulfitehic.mapping.Bhmem  - Unique mapped and paired reads 1528784 ...
[M::mem_process_seqs] Processed 1001 reads in 1.228 CPU sec, 0.159 real sec
[M::mem_process_seqs] Processed 1001 reads in 0.928 CPU sec, 0.119 real sec
[M::mem_process_seqs] Processed 1001 reads in 1.351 CPU sec, 0.172 real sec
[M::mem_process_seqs] Processed 1001 reads in 1.141 CPU sec, 0.145 real sec
603730 [main] INFO main.java.edu.mit.compbio.bisulfitehic.mapping.Bhmem  - Processing reads 1538000 ...
603730 [main] INFO main.java.edu.mit.compbio.bisulfitehic.mapping.Bhmem  - Unique mapped and paired reads 1530782 ...
603733 [main] INFO main.java.edu.mit.compbio.bisulfitehic.mapping.Bhmem  - Processing reads 1539000 ...
603733 [main] INFO main.java.edu.mit.compbio.bisulfitehic.mapping.Bhmem  - Unique mapped and paired reads 1530782 ...
[M::mem_process_seqs] Processed 1001 reads in 1.120 CPU sec, 0.142 real sec
[M::mem_process_seqs] Processed 1001 reads in 0.946 CPU sec, 0.123 real sec
[M::mem_process_seqs] Processed 1001 reads in 1.264 CPU sec, 0.161 real sec
[M::mem_process_seqs] Processed 1001 reads in 1.044 CPU sec, 0.134 real sec
604471 [main] INFO main.java.edu.mit.compbio.bisulfitehic.mapping.Bhmem  - Processing reads 1540000 ...
604471 [main] INFO main.java.edu.mit.compbio.bisulfitehic.mapping.Bhmem  - Unique mapped and paired reads 1532776 ...
604474 [main] INFO main.java.edu.mit.compbio.bisulfitehic.mapping.Bhmem  - Processing reads 1541000 ...
604474 [main] INFO main.java.edu.mit.compbio.bisulfitehic.mapping.Bhmem  - Unique mapped and paired reads 1532776 ...
[M::mem_process_seqs] Processed 1001 reads in 1.138 CPU sec, 0.143 real sec
[M::mem_process_seqs] Processed 1001 reads in 0.902 CPU sec, 0.123 real sec
[M::mem_process_seqs] Processed 1001 reads in 1.300 CPU sec, 0.188 real sec
[M::mem_process_seqs] Processed 1001 reads in 1.059 CPU sec, 0.153 real sec
605262 [main] INFO main.java.edu.mit.compbio.bisulfitehic.mapping.Bhmem  - Processing reads 1542000 ...
605262 [main] INFO main.java.edu.mit.compbio.bisulfitehic.mapping.Bhmem  - Unique mapped and paired reads 1534770 ...
605265 [main] INFO main.java.edu.mit.compbio.bisulfitehic.mapping.Bhmem  - Processing reads 1543000 ...
605265 [main] INFO main.java.edu.mit.compbio.bisulfitehic.mapping.Bhmem  - Unique mapped and paired reads 1534770 ...
[M::mem_process_seqs] Processed 1001 reads in 1.203 CPU sec, 0.178 real sec
[M::mem_process_seqs] Processed 1001 reads in 0.981 CPU sec, 0.138 real sec
[M::mem_process_seqs] Processed 1001 reads in 1.328 CPU sec, 0.168 real sec
[M::mem_process_seqs] Processed 1001 reads in 1.124 CPU sec, 0.143 real sec
606068 [main] INFO main.java.edu.mit.compbio.bisulfitehic.mapping.Bhmem  - Processing reads 1544000 ...
606068 [main] INFO main.java.edu.mit.compbio.bisulfitehic.mapping.Bhmem  - Unique mapped and paired reads 1536758 ...
606071 [main] INFO main.java.edu.mit.compbio.bisulfitehic.mapping.Bhmem  - Processing reads 1545000 ...
606072 [main] INFO main.java.edu.mit.compbio.bisulfitehic.mapping.Bhmem  - Unique mapped and paired reads 1536758 ...
[M::mem_process_seqs] Processed 1001 reads in 1.190 CPU sec, 0.154 real sec
[M::mem_process_seqs] Processed 1001 reads in 0.970 CPU sec, 0.129 real sec
[M::mem_process_seqs] Processed 1001 reads in 1.299 CPU sec, 0.167 real sec
[M::mem_process_seqs] Processed 1001 reads in 1.150 CPU sec, 0.147 real sec
606864 [main] INFO main.java.edu.mit.compbio.bisulfitehic.mapping.Bhmem  - Processing reads 1546000 ...
606864 [main] INFO main.java.edu.mit.compbio.bisulfitehic.mapping.Bhmem  - Unique mapped and paired reads 1538752 ...
606867 [main] INFO main.java.edu.mit.compbio.bisulfitehic.mapping.Bhmem  - Processing reads 1547000 ...
606867 [main] INFO main.java.edu.mit.compbio.bisulfitehic.mapping.Bhmem  - Unique mapped and paired reads 1538752 ...
[M::mem_process_seqs] Processed 1001 reads in 1.248 CPU sec, 0.160 real sec
[M::mem_process_seqs] Processed 1001 reads in 1.038 CPU sec, 0.132 real sec
[M::mem_process_seqs] Processed 1001 reads in 1.374 CPU sec, 0.175 real sec
[M::mem_process_seqs] Processed 1001 reads in 1.184 CPU sec, 0.156 real sec
607670 [main] INFO main.java.edu.mit.compbio.bisulfitehic.mapping.Bhmem  - Processing reads 1548000 ...
607670 [main] INFO main.java.edu.mit.compbio.bisulfitehic.mapping.Bhmem  - Unique mapped and paired reads 1540744 ...
607673 [main] INFO main.java.edu.mit.compbio.bisulfitehic.mapping.Bhmem  - Processing reads 1549000 ...
607673 [main] INFO main.java.edu.mit.compbio.bisulfitehic.mapping.Bhmem  - Unique mapped and paired reads 1540744 ...
[M::mem_process_seqs] Processed 1001 reads in 1.260 CPU sec, 0.159 real sec
[M::mem_process_seqs] Processed 1001 reads in 1.051 CPU sec, 0.133 real sec
[M::mem_process_seqs] Processed 1001 reads in 1.302 CPU sec, 0.166 real sec
[M::mem_process_seqs] Processed 1001 reads in 1.109 CPU sec, 0.141 real sec
608459 [main] INFO main.java.edu.mit.compbio.bisulfitehic.mapping.Bhmem  - Processing reads 1550000 ...
608459 [main] INFO main.java.edu.mit.compbio.bisulfitehic.mapping.Bhmem  - Unique mapped and paired reads 1542736 ...
608463 [main] INFO main.java.edu.mit.compbio.bisulfitehic.mapping.Bhmem  - Processing reads 1551000 ...
608463 [main] INFO main.java.edu.mit.compbio.bisulfitehic.mapping.Bhmem  - Unique mapped and paired reads 1542736 ...
[M::mem_process_seqs] Processed 1001 reads in 1.146 CPU sec, 0.146 real sec
[M::mem_process_seqs] Processed 1001 reads in 0.918 CPU sec, 0.119 real sec
[M::mem_process_seqs] Processed 1001 reads in 1.327 CPU sec, 0.182 real sec
[M::mem_process_seqs] Processed 1001 reads in 1.189 CPU sec, 0.159 real sec
609259 [main] INFO main.java.edu.mit.compbio.bisulfitehic.mapping.Bhmem  - Processing reads 1552000 ...
609259 [main] INFO main.java.edu.mit.compbio.bisulfitehic.mapping.Bhmem  - Unique mapped and paired reads 1544734 ...
609262 [main] INFO main.java.edu.mit.compbio.bisulfitehic.mapping.Bhmem  - Processing reads 1553000 ...
609262 [main] INFO main.java.edu.mit.compbio.bisulfitehic.mapping.Bhmem  - Unique mapped and paired reads 1544734 ...
[M::mem_process_seqs] Processed 1001 reads in 1.226 CPU sec, 0.161 real sec
[M::mem_process_seqs] Processed 1001 reads in 0.972 CPU sec, 0.124 real sec
[M::mem_process_seqs] Processed 1001 reads in 1.262 CPU sec, 0.159 real sec
[M::mem_process_seqs] Processed 1001 reads in 1.086 CPU sec, 0.140 real sec
610039 [main] INFO main.java.edu.mit.compbio.bisulfitehic.mapping.Bhmem  - Processing reads 1554000 ...
610039 [main] INFO main.java.edu.mit.compbio.bisulfitehic.mapping.Bhmem  - Unique mapped and paired reads 1546726 ...
610042 [main] INFO main.java.edu.mit.compbio.bisulfitehic.mapping.Bhmem  - Processing reads 1555000 ...
610042 [main] INFO main.java.edu.mit.compbio.bisulfitehic.mapping.Bhmem  - Unique mapped and paired reads 1546726 ...
[M::mem_process_seqs] Processed 1001 reads in 1.120 CPU sec, 0.147 real sec
[M::mem_process_seqs] Processed 1001 reads in 0.968 CPU sec, 0.123 real sec
[M::mem_process_seqs] Processed 1001 reads in 1.271 CPU sec, 0.168 real sec
[M::mem_process_seqs] Processed 1001 reads in 1.139 CPU sec, 0.144 real sec
610805 [main] INFO main.java.edu.mit.compbio.bisulfitehic.mapping.Bhmem  - Processing reads 1556000 ...
610805 [main] INFO main.java.edu.mit.compbio.bisulfitehic.mapping.Bhmem  - Unique mapped and paired reads 1548704 ...
610808 [main] INFO main.java.edu.mit.compbio.bisulfitehic.mapping.Bhmem  - Processing reads 1557000 ...
610808 [main] INFO main.java.edu.mit.compbio.bisulfitehic.mapping.Bhmem  - Unique mapped and paired reads 1548704 ...
[M::mem_process_seqs] Processed 1001 reads in 1.106 CPU sec, 0.141 real sec
[M::mem_process_seqs] Processed 1001 reads in 0.849 CPU sec, 0.114 real sec
[M::mem_process_seqs] Processed 1001 reads in 1.221 CPU sec, 0.155 real sec
[M::mem_process_seqs] Processed 1001 reads in 1.012 CPU sec, 0.128 real sec
611524 [main] INFO main.java.edu.mit.compbio.bisulfitehic.mapping.Bhmem  - Processing reads 1558000 ...
611524 [main] INFO main.java.edu.mit.compbio.bisulfitehic.mapping.Bhmem  - Unique mapped and paired reads 1550698 ...
611527 [main] INFO main.java.edu.mit.compbio.bisulfitehic.mapping.Bhmem  - Processing reads 1559000 ...
611527 [main] INFO main.java.edu.mit.compbio.bisulfitehic.mapping.Bhmem  - Unique mapped and paired reads 1550698 ...
[M::mem_process_seqs] Processed 1001 reads in 1.258 CPU sec, 0.161 real sec
[M::mem_process_seqs] Processed 1001 reads in 0.985 CPU sec, 0.126 real sec
[M::mem_process_seqs] Processed 1001 reads in 1.310 CPU sec, 0.166 real sec
[M::mem_process_seqs] Processed 1001 reads in 1.090 CPU sec, 0.139 real sec
612304 [main] INFO main.java.edu.mit.compbio.bisulfitehic.mapping.Bhmem  - Processing reads 1560000 ...
612305 [main] INFO main.java.edu.mit.compbio.bisulfitehic.mapping.Bhmem  - Unique mapped and paired reads 1552692 ...
612308 [main] INFO main.java.edu.mit.compbio.bisulfitehic.mapping.Bhmem  - Processing reads 1561000 ...
612308 [main] INFO main.java.edu.mit.compbio.bisulfitehic.mapping.Bhmem  - Unique mapped and paired reads 1552692 ...
[M::mem_process_seqs] Processed 1001 reads in 1.192 CPU sec, 0.151 real sec
[M::mem_process_seqs] Processed 1001 reads in 0.953 CPU sec, 0.121 real sec
[M::mem_process_seqs] Processed 1001 reads in 1.229 CPU sec, 0.155 real sec
[M::mem_process_seqs] Processed 1001 reads in 1.048 CPU sec, 0.135 real sec
613044 [main] INFO main.java.edu.mit.compbio.bisulfitehic.mapping.Bhmem  - Processing reads 1562000 ...
613044 [main] INFO main.java.edu.mit.compbio.bisulfitehic.mapping.Bhmem  - Unique mapped and paired reads 1554680 ...
613047 [main] INFO main.java.edu.mit.compbio.bisulfitehic.mapping.Bhmem  - Processing reads 1563000 ...
613047 [main] INFO main.java.edu.mit.compbio.bisulfitehic.mapping.Bhmem  - Unique mapped and paired reads 1554680 ...
[M::mem_process_seqs] Processed 1001 reads in 1.144 CPU sec, 0.145 real sec
[M::mem_process_seqs] Processed 1001 reads in 0.994 CPU sec, 0.136 real sec
[M::mem_process_seqs] Processed 1001 reads in 1.295 CPU sec, 0.166 real sec
[M::mem_process_seqs] Processed 1001 reads in 1.084 CPU sec, 0.139 real sec
613815 [main] INFO main.java.edu.mit.compbio.bisulfitehic.mapping.Bhmem  - Processing reads 1564000 ...
613815 [main] INFO main.java.edu.mit.compbio.bisulfitehic.mapping.Bhmem  - Unique mapped and paired reads 1556674 ...
613820 [main] INFO main.java.edu.mit.compbio.bisulfitehic.mapping.Bhmem  - Processing reads 1565000 ...
613820 [main] INFO main.java.edu.mit.compbio.bisulfitehic.mapping.Bhmem  - Unique mapped and paired reads 1556674 ...
[M::mem_process_seqs] Processed 1001 reads in 1.260 CPU sec, 0.160 real sec
[M::mem_process_seqs] Processed 1001 reads in 0.965 CPU sec, 0.122 real sec
[M::mem_process_seqs] Processed 1001 reads in 1.287 CPU sec, 0.164 real sec
[M::mem_process_seqs] Processed 1001 reads in 1.098 CPU sec, 0.142 real sec
614593 [main] INFO main.java.edu.mit.compbio.bisulfitehic.mapping.Bhmem  - Processing reads 1566000 ...
614593 [main] INFO main.java.edu.mit.compbio.bisulfitehic.mapping.Bhmem  - Unique mapped and paired reads 1558668 ...
614596 [main] INFO main.java.edu.mit.compbio.bisulfitehic.mapping.Bhmem  - Processing reads 1567000 ...
614596 [main] INFO main.java.edu.mit.compbio.bisulfitehic.mapping.Bhmem  - Unique mapped and paired reads 1558668 ...
[M::mem_process_seqs] Processed 1001 reads in 1.340 CPU sec, 0.179 real sec
[M::mem_process_seqs] Processed 1001 reads in 1.178 CPU sec, 0.159 real sec
[M::mem_process_seqs] Processed 1001 reads in 1.345 CPU sec, 0.173 real sec
[M::mem_process_seqs] Processed 1001 reads in 1.153 CPU sec, 0.148 real sec
615446 [main] INFO main.java.edu.mit.compbio.bisulfitehic.mapping.Bhmem  - Processing reads 1568000 ...
615446 [main] INFO main.java.edu.mit.compbio.bisulfitehic.mapping.Bhmem  - Unique mapped and paired reads 1560664 ...
615449 [main] INFO main.java.edu.mit.compbio.bisulfitehic.mapping.Bhmem  - Processing reads 1569000 ...
615449 [main] INFO main.java.edu.mit.compbio.bisulfitehic.mapping.Bhmem  - Unique mapped and paired reads 1560664 ...
[M::mem_process_seqs] Processed 1001 reads in 1.243 CPU sec, 0.157 real sec
[M::mem_process_seqs] Processed 1001 reads in 1.047 CPU sec, 0.132 real sec
[M::mem_process_seqs] Processed 1001 reads in 1.175 CPU sec, 0.150 real sec
[M::mem_process_seqs] Processed 1001 reads in 1.011 CPU sec, 0.128 real sec
616190 [main] INFO main.java.edu.mit.compbio.bisulfitehic.mapping.Bhmem  - Processing reads 1570000 ...
616190 [main] INFO main.java.edu.mit.compbio.bisulfitehic.mapping.Bhmem  - Unique mapped and paired reads 1562658 ...
616193 [main] INFO main.java.edu.mit.compbio.bisulfitehic.mapping.Bhmem  - Processing reads 1571000 ...
616193 [main] INFO main.java.edu.mit.compbio.bisulfitehic.mapping.Bhmem  - Unique mapped and paired reads 1562658 ...
[M::mem_process_seqs] Processed 1001 reads in 1.177 CPU sec, 0.156 real sec
[M::mem_process_seqs] Processed 1001 reads in 0.932 CPU sec, 0.120 real sec
[M::mem_process_seqs] Processed 1001 reads in 1.248 CPU sec, 0.167 real sec
[M::mem_process_seqs] Processed 1001 reads in 1.163 CPU sec, 0.150 real sec
616966 [main] INFO main.java.edu.mit.compbio.bisulfitehic.mapping.Bhmem  - Processing reads 1572000 ...
616966 [main] INFO main.java.edu.mit.compbio.bisulfitehic.mapping.Bhmem  - Unique mapped and paired reads 1564648 ...
616970 [main] INFO main.java.edu.mit.compbio.bisulfitehic.mapping.Bhmem  - Processing reads 1573000 ...
616970 [main] INFO main.java.edu.mit.compbio.bisulfitehic.mapping.Bhmem  - Unique mapped and paired reads 1564648 ...
[M::mem_process_seqs] Processed 1001 reads in 1.130 CPU sec, 0.143 real sec
[M::mem_process_seqs] Processed 1001 reads in 0.985 CPU sec, 0.126 real sec
[M::mem_process_seqs] Processed 1001 reads in 1.226 CPU sec, 0.156 real sec
[M::mem_process_seqs] Processed 1001 reads in 1.138 CPU sec, 0.145 real sec
617718 [main] INFO main.java.edu.mit.compbio.bisulfitehic.mapping.Bhmem  - Processing reads 1574000 ...
617718 [main] INFO main.java.edu.mit.compbio.bisulfitehic.mapping.Bhmem  - Unique mapped and paired reads 1566648 ...
617721 [main] INFO main.java.edu.mit.compbio.bisulfitehic.mapping.Bhmem  - Processing reads 1575000 ...
617721 [main] INFO main.java.edu.mit.compbio.bisulfitehic.mapping.Bhmem  - Unique mapped and paired reads 1566648 ...
[M::mem_process_seqs] Processed 1001 reads in 1.260 CPU sec, 0.161 real sec
[M::mem_process_seqs] Processed 1001 reads in 0.986 CPU sec, 0.128 real sec
[M::mem_process_seqs] Processed 1001 reads in 1.299 CPU sec, 0.168 real sec
[M::mem_process_seqs] Processed 1001 reads in 1.076 CPU sec, 0.136 real sec
618495 [main] INFO main.java.edu.mit.compbio.bisulfitehic.mapping.Bhmem  - Processing reads 1576000 ...
618495 [main] INFO main.java.edu.mit.compbio.bisulfitehic.mapping.Bhmem  - Unique mapped and paired reads 1568636 ...
618498 [main] INFO main.java.edu.mit.compbio.bisulfitehic.mapping.Bhmem  - Processing reads 1577000 ...
618498 [main] INFO main.java.edu.mit.compbio.bisulfitehic.mapping.Bhmem  - Unique mapped and paired reads 1568636 ...
[M::mem_process_seqs] Processed 1001 reads in 1.194 CPU sec, 0.151 real sec
[M::mem_process_seqs] Processed 1001 reads in 1.020 CPU sec, 0.129 real sec
[M::mem_process_seqs] Processed 1001 reads in 1.224 CPU sec, 0.156 real sec
[M::mem_process_seqs] Processed 1001 reads in 1.113 CPU sec, 0.144 real sec
619256 [main] INFO main.java.edu.mit.compbio.bisulfitehic.mapping.Bhmem  - Processing reads 1578000 ...
619256 [main] INFO main.java.edu.mit.compbio.bisulfitehic.mapping.Bhmem  - Unique mapped and paired reads 1570628 ...
619260 [main] INFO main.java.edu.mit.compbio.bisulfitehic.mapping.Bhmem  - Processing reads 1579000 ...
619260 [main] INFO main.java.edu.mit.compbio.bisulfitehic.mapping.Bhmem  - Unique mapped and paired reads 1570628 ...
[M::mem_process_seqs] Processed 1001 reads in 1.165 CPU sec, 0.149 real sec
[M::mem_process_seqs] Processed 1001 reads in 1.012 CPU sec, 0.128 real sec
[M::mem_process_seqs] Processed 1001 reads in 1.193 CPU sec, 0.156 real sec
[M::mem_process_seqs] Processed 1001 reads in 1.110 CPU sec, 0.145 real sec
620019 [main] INFO main.java.edu.mit.compbio.bisulfitehic.mapping.Bhmem  - Processing reads 1580000 ...
620019 [main] INFO main.java.edu.mit.compbio.bisulfitehic.mapping.Bhmem  - Unique mapped and paired reads 1572626 ...
620022 [main] INFO main.java.edu.mit.compbio.bisulfitehic.mapping.Bhmem  - Processing reads 1581000 ...
620022 [main] INFO main.java.edu.mit.compbio.bisulfitehic.mapping.Bhmem  - Unique mapped and paired reads 1572626 ...
[M::mem_process_seqs] Processed 1001 reads in 1.231 CPU sec, 0.159 real sec
[M::mem_process_seqs] Processed 1001 reads in 1.007 CPU sec, 0.132 real sec
[M::mem_process_seqs] Processed 1001 reads in 1.210 CPU sec, 0.154 real sec
[M::mem_process_seqs] Processed 1001 reads in 1.076 CPU sec, 0.136 real sec
620780 [main] INFO main.java.edu.mit.compbio.bisulfitehic.mapping.Bhmem  - Processing reads 1582000 ...
620780 [main] INFO main.java.edu.mit.compbio.bisulfitehic.mapping.Bhmem  - Unique mapped and paired reads 1574618 ...
620783 [main] INFO main.java.edu.mit.compbio.bisulfitehic.mapping.Bhmem  - Processing reads 1583000 ...
620783 [main] INFO main.java.edu.mit.compbio.bisulfitehic.mapping.Bhmem  - Unique mapped and paired reads 1574618 ...
[M::mem_process_seqs] Processed 1001 reads in 1.273 CPU sec, 0.167 real sec
[M::mem_process_seqs] Processed 1001 reads in 0.993 CPU sec, 0.130 real sec
[M::mem_process_seqs] Processed 1001 reads in 1.273 CPU sec, 0.162 real sec
[M::mem_process_seqs] Processed 1001 reads in 1.062 CPU sec, 0.134 real sec
621573 [main] INFO main.java.edu.mit.compbio.bisulfitehic.mapping.Bhmem  - Processing reads 1584000 ...
621573 [main] INFO main.java.edu.mit.compbio.bisulfitehic.mapping.Bhmem  - Unique mapped and paired reads 1576616 ...
621576 [main] INFO main.java.edu.mit.compbio.bisulfitehic.mapping.Bhmem  - Processing reads 1585000 ...
621576 [main] INFO main.java.edu.mit.compbio.bisulfitehic.mapping.Bhmem  - Unique mapped and paired reads 1576616 ...
[M::mem_process_seqs] Processed 1001 reads in 1.183 CPU sec, 0.155 real sec
[M::mem_process_seqs] Processed 1001 reads in 0.946 CPU sec, 0.124 real sec
[M::mem_process_seqs] Processed 1001 reads in 1.163 CPU sec, 0.149 real sec
[M::mem_process_seqs] Processed 1001 reads in 1.054 CPU sec, 0.135 real sec
622312 [main] INFO main.java.edu.mit.compbio.bisulfitehic.mapping.Bhmem  - Processing reads 1586000 ...
622312 [main] INFO main.java.edu.mit.compbio.bisulfitehic.mapping.Bhmem  - Unique mapped and paired reads 1578614 ...
622316 [main] INFO main.java.edu.mit.compbio.bisulfitehic.mapping.Bhmem  - Processing reads 1587000 ...
622316 [main] INFO main.java.edu.mit.compbio.bisulfitehic.mapping.Bhmem  - Unique mapped and paired reads 1578614 ...
[M::mem_process_seqs] Processed 1001 reads in 1.157 CPU sec, 0.147 real sec
[M::mem_process_seqs] Processed 1001 reads in 1.021 CPU sec, 0.129 real sec
[M::mem_process_seqs] Processed 1001 reads in 1.238 CPU sec, 0.162 real sec
[M::mem_process_seqs] Processed 1001 reads in 1.137 CPU sec, 0.146 real sec
623098 [main] INFO main.java.edu.mit.compbio.bisulfitehic.mapping.Bhmem  - Processing reads 1588000 ...
623098 [main] INFO main.java.edu.mit.compbio.bisulfitehic.mapping.Bhmem  - Unique mapped and paired reads 1580606 ...
623101 [main] INFO main.java.edu.mit.compbio.bisulfitehic.mapping.Bhmem  - Processing reads 1589000 ...
623101 [main] INFO main.java.edu.mit.compbio.bisulfitehic.mapping.Bhmem  - Unique mapped and paired reads 1580606 ...
[M::mem_process_seqs] Processed 1001 reads in 1.186 CPU sec, 0.152 real sec
[M::mem_process_seqs] Processed 1001 reads in 0.989 CPU sec, 0.126 real sec
[M::mem_process_seqs] Processed 1001 reads in 1.297 CPU sec, 0.169 real sec
[M::mem_process_seqs] Processed 1001 reads in 1.165 CPU sec, 0.151 real sec
623877 [main] INFO main.java.edu.mit.compbio.bisulfitehic.mapping.Bhmem  - Processing reads 1590000 ...
623877 [main] INFO main.java.edu.mit.compbio.bisulfitehic.mapping.Bhmem  - Unique mapped and paired reads 1582602 ...
623880 [main] INFO main.java.edu.mit.compbio.bisulfitehic.mapping.Bhmem  - Processing reads 1591000 ...
623880 [main] INFO main.java.edu.mit.compbio.bisulfitehic.mapping.Bhmem  - Unique mapped and paired reads 1582602 ...
[M::mem_process_seqs] Processed 1001 reads in 1.163 CPU sec, 0.149 real sec
[M::mem_process_seqs] Processed 1001 reads in 0.974 CPU sec, 0.128 real sec
[M::mem_process_seqs] Processed 1001 reads in 1.353 CPU sec, 0.179 real sec
[M::mem_process_seqs] Processed 1001 reads in 1.159 CPU sec, 0.148 real sec
624676 [main] INFO main.java.edu.mit.compbio.bisulfitehic.mapping.Bhmem  - Processing reads 1592000 ...
624676 [main] INFO main.java.edu.mit.compbio.bisulfitehic.mapping.Bhmem  - Unique mapped and paired reads 1584586 ...
624679 [main] INFO main.java.edu.mit.compbio.bisulfitehic.mapping.Bhmem  - Processing reads 1593000 ...
624679 [main] INFO main.java.edu.mit.compbio.bisulfitehic.mapping.Bhmem  - Unique mapped and paired reads 1584586 ...
[M::mem_process_seqs] Processed 1001 reads in 1.145 CPU sec, 0.147 real sec
[M::mem_process_seqs] Processed 1001 reads in 0.961 CPU sec, 0.122 real sec
[M::mem_process_seqs] Processed 1001 reads in 1.229 CPU sec, 0.155 real sec
[M::mem_process_seqs] Processed 1001 reads in 1.115 CPU sec, 0.142 real sec
625422 [main] INFO main.java.edu.mit.compbio.bisulfitehic.mapping.Bhmem  - Processing reads 1594000 ...
625422 [main] INFO main.java.edu.mit.compbio.bisulfitehic.mapping.Bhmem  - Unique mapped and paired reads 1586584 ...
625425 [main] INFO main.java.edu.mit.compbio.bisulfitehic.mapping.Bhmem  - Processing reads 1595000 ...
625425 [main] INFO main.java.edu.mit.compbio.bisulfitehic.mapping.Bhmem  - Unique mapped and paired reads 1586584 ...
[M::mem_process_seqs] Processed 1001 reads in 1.289 CPU sec, 0.163 real sec
[M::mem_process_seqs] Processed 1001 reads in 1.047 CPU sec, 0.132 real sec
[M::mem_process_seqs] Processed 1001 reads in 1.332 CPU sec, 0.168 real sec
[M::mem_process_seqs] Processed 1001 reads in 1.136 CPU sec, 0.145 real sec
626238 [main] INFO main.java.edu.mit.compbio.bisulfitehic.mapping.Bhmem  - Processing reads 1596000 ...
626238 [main] INFO main.java.edu.mit.compbio.bisulfitehic.mapping.Bhmem  - Unique mapped and paired reads 1588578 ...
626241 [main] INFO main.java.edu.mit.compbio.bisulfitehic.mapping.Bhmem  - Processing reads 1597000 ...
626241 [main] INFO main.java.edu.mit.compbio.bisulfitehic.mapping.Bhmem  - Unique mapped and paired reads 1588578 ...
[M::mem_process_seqs] Processed 1001 reads in 1.361 CPU sec, 0.180 real sec
[M::mem_process_seqs] Processed 1001 reads in 1.083 CPU sec, 0.138 real sec
[M::mem_process_seqs] Processed 1001 reads in 1.366 CPU sec, 0.174 real sec
[M::mem_process_seqs] Processed 1001 reads in 1.150 CPU sec, 0.145 real sec
627059 [main] INFO main.java.edu.mit.compbio.bisulfitehic.mapping.Bhmem  - Processing reads 1598000 ...
627059 [main] INFO main.java.edu.mit.compbio.bisulfitehic.mapping.Bhmem  - Unique mapped and paired reads 1590578 ...
627062 [main] INFO main.java.edu.mit.compbio.bisulfitehic.mapping.Bhmem  - Processing reads 1599000 ...
627062 [main] INFO main.java.edu.mit.compbio.bisulfitehic.mapping.Bhmem  - Unique mapped and paired reads 1590578 ...
[M::mem_process_seqs] Processed 1001 reads in 1.345 CPU sec, 0.174 real sec
[M::mem_process_seqs] Processed 1001 reads in 1.061 CPU sec, 0.138 real sec
[M::mem_process_seqs] Processed 1001 reads in 1.388 CPU sec, 0.175 real sec
[M::mem_process_seqs] Processed 1001 reads in 1.057 CPU sec, 0.135 real sec
627867 [main] INFO main.java.edu.mit.compbio.bisulfitehic.mapping.Bhmem  - Processing reads 1600000 ...
627867 [main] INFO main.java.edu.mit.compbio.bisulfitehic.mapping.Bhmem  - Unique mapped and paired reads 1592576 ...
627870 [main] INFO main.java.edu.mit.compbio.bisulfitehic.mapping.Bhmem  - Processing reads 1601000 ...
627870 [main] INFO main.java.edu.mit.compbio.bisulfitehic.mapping.Bhmem  - Unique mapped and paired reads 1592576 ...
[M::mem_process_seqs] Processed 1001 reads in 1.225 CPU sec, 0.156 real sec
[M::mem_process_seqs] Processed 1001 reads in 0.947 CPU sec, 0.120 real sec
[M::mem_process_seqs] Processed 1001 reads in 1.267 CPU sec, 0.165 real sec
[M::mem_process_seqs] Processed 1001 reads in 1.055 CPU sec, 0.140 real sec
628628 [main] INFO main.java.edu.mit.compbio.bisulfitehic.mapping.Bhmem  - Processing reads 1602000 ...
628628 [main] INFO main.java.edu.mit.compbio.bisulfitehic.mapping.Bhmem  - Unique mapped and paired reads 1594570 ...
628632 [main] INFO main.java.edu.mit.compbio.bisulfitehic.mapping.Bhmem  - Processing reads 1603000 ...
628632 [main] INFO main.java.edu.mit.compbio.bisulfitehic.mapping.Bhmem  - Unique mapped and paired reads 1594570 ...
[M::mem_process_seqs] Processed 1001 reads in 1.218 CPU sec, 0.155 real sec
[M::mem_process_seqs] Processed 1001 reads in 1.013 CPU sec, 0.128 real sec
[M::mem_process_seqs] Processed 1001 reads in 1.295 CPU sec, 0.167 real sec
[M::mem_process_seqs] Processed 1001 reads in 1.094 CPU sec, 0.138 real sec
629404 [main] INFO main.java.edu.mit.compbio.bisulfitehic.mapping.Bhmem  - Processing reads 1604000 ...
629404 [main] INFO main.java.edu.mit.compbio.bisulfitehic.mapping.Bhmem  - Unique mapped and paired reads 1596564 ...
629407 [main] INFO main.java.edu.mit.compbio.bisulfitehic.mapping.Bhmem  - Processing reads 1605000 ...
629407 [main] INFO main.java.edu.mit.compbio.bisulfitehic.mapping.Bhmem  - Unique mapped and paired reads 1596564 ...
[M::mem_process_seqs] Processed 1001 reads in 1.184 CPU sec, 0.153 real sec
[M::mem_process_seqs] Processed 1001 reads in 1.064 CPU sec, 0.138 real sec
[M::mem_process_seqs] Processed 1001 reads in 1.260 CPU sec, 0.161 real sec
[M::mem_process_seqs] Processed 1001 reads in 1.202 CPU sec, 0.152 real sec
630190 [main] INFO main.java.edu.mit.compbio.bisulfitehic.mapping.Bhmem  - Processing reads 1606000 ...
630190 [main] INFO main.java.edu.mit.compbio.bisulfitehic.mapping.Bhmem  - Unique mapped and paired reads 1598556 ...
630193 [main] INFO main.java.edu.mit.compbio.bisulfitehic.mapping.Bhmem  - Processing reads 1607000 ...
630193 [main] INFO main.java.edu.mit.compbio.bisulfitehic.mapping.Bhmem  - Unique mapped and paired reads 1598556 ...
[M::mem_process_seqs] Processed 1001 reads in 1.183 CPU sec, 0.150 real sec
[M::mem_process_seqs] Processed 1001 reads in 0.972 CPU sec, 0.125 real sec
[M::mem_process_seqs] Processed 1001 reads in 1.255 CPU sec, 0.161 real sec
[M::mem_process_seqs] Processed 1001 reads in 1.096 CPU sec, 0.139 real sec
630947 [main] INFO main.java.edu.mit.compbio.bisulfitehic.mapping.Bhmem  - Processing reads 1608000 ...
630947 [main] INFO main.java.edu.mit.compbio.bisulfitehic.mapping.Bhmem  - Unique mapped and paired reads 1600556 ...
630950 [main] INFO main.java.edu.mit.compbio.bisulfitehic.mapping.Bhmem  - Processing reads 1609000 ...
630950 [main] INFO main.java.edu.mit.compbio.bisulfitehic.mapping.Bhmem  - Unique mapped and paired reads 1600556 ...
[M::mem_process_seqs] Processed 1001 reads in 1.151 CPU sec, 0.146 real sec
[M::mem_process_seqs] Processed 1001 reads in 0.940 CPU sec, 0.119 real sec
[M::mem_process_seqs] Processed 1001 reads in 1.276 CPU sec, 0.170 real sec
[M::mem_process_seqs] Processed 1001 reads in 1.106 CPU sec, 0.141 real sec
631710 [main] INFO main.java.edu.mit.compbio.bisulfitehic.mapping.Bhmem  - Processing reads 1610000 ...
631710 [main] INFO main.java.edu.mit.compbio.bisulfitehic.mapping.Bhmem  - Unique mapped and paired reads 1602554 ...
631713 [main] INFO main.java.edu.mit.compbio.bisulfitehic.mapping.Bhmem  - Processing reads 1611000 ...
631713 [main] INFO main.java.edu.mit.compbio.bisulfitehic.mapping.Bhmem  - Unique mapped and paired reads 1602554 ...
[M::mem_process_seqs] Processed 1001 reads in 1.172 CPU sec, 0.150 real sec
[M::mem_process_seqs] Processed 1001 reads in 1.022 CPU sec, 0.130 real sec
[M::mem_process_seqs] Processed 1001 reads in 1.288 CPU sec, 0.164 real sec
[M::mem_process_seqs] Processed 1001 reads in 1.104 CPU sec, 0.141 real sec
632483 [main] INFO main.java.edu.mit.compbio.bisulfitehic.mapping.Bhmem  - Processing reads 1612000 ...
632483 [main] INFO main.java.edu.mit.compbio.bisulfitehic.mapping.Bhmem  - Unique mapped and paired reads 1604548 ...
632486 [main] INFO main.java.edu.mit.compbio.bisulfitehic.mapping.Bhmem  - Processing reads 1613000 ...
632486 [main] INFO main.java.edu.mit.compbio.bisulfitehic.mapping.Bhmem  - Unique mapped and paired reads 1604548 ...
[M::mem_process_seqs] Processed 1001 reads in 1.153 CPU sec, 0.147 real sec
[M::mem_process_seqs] Processed 1001 reads in 0.953 CPU sec, 0.124 real sec
[M::mem_process_seqs] Processed 1001 reads in 1.234 CPU sec, 0.157 real sec
[M::mem_process_seqs] Processed 1001 reads in 1.049 CPU sec, 0.135 real sec
633230 [main] INFO main.java.edu.mit.compbio.bisulfitehic.mapping.Bhmem  - Processing reads 1614000 ...
633231 [main] INFO main.java.edu.mit.compbio.bisulfitehic.mapping.Bhmem  - Unique mapped and paired reads 1606540 ...
633234 [main] INFO main.java.edu.mit.compbio.bisulfitehic.mapping.Bhmem  - Processing reads 1615000 ...
633234 [main] INFO main.java.edu.mit.compbio.bisulfitehic.mapping.Bhmem  - Unique mapped and paired reads 1606540 ...
[M::mem_process_seqs] Processed 1001 reads in 1.214 CPU sec, 0.156 real sec
[M::mem_process_seqs] Processed 1001 reads in 0.941 CPU sec, 0.119 real sec
[M::mem_process_seqs] Processed 1001 reads in 1.326 CPU sec, 0.168 real sec
[M::mem_process_seqs] Processed 1001 reads in 1.106 CPU sec, 0.141 real sec
634002 [main] INFO main.java.edu.mit.compbio.bisulfitehic.mapping.Bhmem  - Processing reads 1616000 ...
634002 [main] INFO main.java.edu.mit.compbio.bisulfitehic.mapping.Bhmem  - Unique mapped and paired reads 1608528 ...
634005 [main] INFO main.java.edu.mit.compbio.bisulfitehic.mapping.Bhmem  - Processing reads 1617000 ...
634005 [main] INFO main.java.edu.mit.compbio.bisulfitehic.mapping.Bhmem  - Unique mapped and paired reads 1608528 ...
[M::mem_process_seqs] Processed 1001 reads in 1.181 CPU sec, 0.150 real sec
[M::mem_process_seqs] Processed 1001 reads in 0.943 CPU sec, 0.121 real sec
[M::mem_process_seqs] Processed 1001 reads in 1.290 CPU sec, 0.164 real sec
[M::mem_process_seqs] Processed 1001 reads in 1.096 CPU sec, 0.139 real sec
634778 [main] INFO main.java.edu.mit.compbio.bisulfitehic.mapping.Bhmem  - Processing reads 1618000 ...
634778 [main] INFO main.java.edu.mit.compbio.bisulfitehic.mapping.Bhmem  - Unique mapped and paired reads 1610514 ...
634781 [main] INFO main.java.edu.mit.compbio.bisulfitehic.mapping.Bhmem  - Processing reads 1619000 ...
634781 [main] INFO main.java.edu.mit.compbio.bisulfitehic.mapping.Bhmem  - Unique mapped and paired reads 1610514 ...
[M::mem_process_seqs] Processed 1001 reads in 1.243 CPU sec, 0.164 real sec
[M::mem_process_seqs] Processed 1001 reads in 0.999 CPU sec, 0.130 real sec
[M::mem_process_seqs] Processed 1001 reads in 1.295 CPU sec, 0.179 real sec
[M::mem_process_seqs] Processed 1001 reads in 1.189 CPU sec, 0.153 real sec
635595 [main] INFO main.java.edu.mit.compbio.bisulfitehic.mapping.Bhmem  - Processing reads 1620000 ...
635595 [main] INFO main.java.edu.mit.compbio.bisulfitehic.mapping.Bhmem  - Unique mapped and paired reads 1612510 ...
635598 [main] INFO main.java.edu.mit.compbio.bisulfitehic.mapping.Bhmem  - Processing reads 1621000 ...
635598 [main] INFO main.java.edu.mit.compbio.bisulfitehic.mapping.Bhmem  - Unique mapped and paired reads 1612510 ...
[M::mem_process_seqs] Processed 1001 reads in 1.114 CPU sec, 0.143 real sec
[M::mem_process_seqs] Processed 1001 reads in 0.931 CPU sec, 0.118 real sec
[M::mem_process_seqs] Processed 1001 reads in 1.227 CPU sec, 0.156 real sec
[M::mem_process_seqs] Processed 1001 reads in 1.100 CPU sec, 0.143 real sec
636340 [main] INFO main.java.edu.mit.compbio.bisulfitehic.mapping.Bhmem  - Processing reads 1622000 ...
636340 [main] INFO main.java.edu.mit.compbio.bisulfitehic.mapping.Bhmem  - Unique mapped and paired reads 1614506 ...
636343 [main] INFO main.java.edu.mit.compbio.bisulfitehic.mapping.Bhmem  - Processing reads 1623000 ...
636343 [main] INFO main.java.edu.mit.compbio.bisulfitehic.mapping.Bhmem  - Unique mapped and paired reads 1614506 ...
[M::mem_process_seqs] Processed 1001 reads in 1.247 CPU sec, 0.160 real sec
[M::mem_process_seqs] Processed 1001 reads in 1.102 CPU sec, 0.141 real sec
[M::mem_process_seqs] Processed 1001 reads in 1.404 CPU sec, 0.186 real sec
[M::mem_process_seqs] Processed 1001 reads in 1.215 CPU sec, 0.157 real sec
637167 [main] INFO main.java.edu.mit.compbio.bisulfitehic.mapping.Bhmem  - Processing reads 1624000 ...
637167 [main] INFO main.java.edu.mit.compbio.bisulfitehic.mapping.Bhmem  - Unique mapped and paired reads 1616500 ...
637170 [main] INFO main.java.edu.mit.compbio.bisulfitehic.mapping.Bhmem  - Processing reads 1625000 ...
637170 [main] INFO main.java.edu.mit.compbio.bisulfitehic.mapping.Bhmem  - Unique mapped and paired reads 1616500 ...
[M::mem_process_seqs] Processed 1001 reads in 1.253 CPU sec, 0.164 real sec
[M::mem_process_seqs] Processed 1001 reads in 1.091 CPU sec, 0.139 real sec
[M::mem_process_seqs] Processed 1001 reads in 1.316 CPU sec, 0.167 real sec
[M::mem_process_seqs] Processed 1001 reads in 1.128 CPU sec, 0.144 real sec
637967 [main] INFO main.java.edu.mit.compbio.bisulfitehic.mapping.Bhmem  - Processing reads 1626000 ...
637967 [main] INFO main.java.edu.mit.compbio.bisulfitehic.mapping.Bhmem  - Unique mapped and paired reads 1618494 ...
637971 [main] INFO main.java.edu.mit.compbio.bisulfitehic.mapping.Bhmem  - Processing reads 1627000 ...
637971 [main] INFO main.java.edu.mit.compbio.bisulfitehic.mapping.Bhmem  - Unique mapped and paired reads 1618494 ...
[M::mem_process_seqs] Processed 1001 reads in 1.281 CPU sec, 0.172 real sec
[M::mem_process_seqs] Processed 1001 reads in 1.070 CPU sec, 0.146 real sec
[M::mem_process_seqs] Processed 1001 reads in 1.322 CPU sec, 0.167 real sec
[M::mem_process_seqs] Processed 1001 reads in 1.095 CPU sec, 0.138 real sec
638778 [main] INFO main.java.edu.mit.compbio.bisulfitehic.mapping.Bhmem  - Processing reads 1628000 ...
638778 [main] INFO main.java.edu.mit.compbio.bisulfitehic.mapping.Bhmem  - Unique mapped and paired reads 1620484 ...
638781 [main] INFO main.java.edu.mit.compbio.bisulfitehic.mapping.Bhmem  - Processing reads 1629000 ...
638781 [main] INFO main.java.edu.mit.compbio.bisulfitehic.mapping.Bhmem  - Unique mapped and paired reads 1620484 ...
[M::mem_process_seqs] Processed 1001 reads in 1.244 CPU sec, 0.163 real sec
[M::mem_process_seqs] Processed 1001 reads in 0.964 CPU sec, 0.123 real sec
[M::mem_process_seqs] Processed 1001 reads in 1.203 CPU sec, 0.152 real sec
[M::mem_process_seqs] Processed 1001 reads in 1.135 CPU sec, 0.146 real sec
639543 [main] INFO main.java.edu.mit.compbio.bisulfitehic.mapping.Bhmem  - Processing reads 1630000 ...
639543 [main] INFO main.java.edu.mit.compbio.bisulfitehic.mapping.Bhmem  - Unique mapped and paired reads 1622478 ...
639546 [main] INFO main.java.edu.mit.compbio.bisulfitehic.mapping.Bhmem  - Processing reads 1631000 ...
639546 [main] INFO main.java.edu.mit.compbio.bisulfitehic.mapping.Bhmem  - Unique mapped and paired reads 1622478 ...
[M::mem_process_seqs] Processed 1001 reads in 1.287 CPU sec, 0.166 real sec
[M::mem_process_seqs] Processed 1001 reads in 0.906 CPU sec, 0.115 real sec
[M::mem_process_seqs] Processed 1001 reads in 1.306 CPU sec, 0.166 real sec
[M::mem_process_seqs] Processed 1001 reads in 1.062 CPU sec, 0.134 real sec
640303 [main] INFO main.java.edu.mit.compbio.bisulfitehic.mapping.Bhmem  - Processing reads 1632000 ...
640303 [main] INFO main.java.edu.mit.compbio.bisulfitehic.mapping.Bhmem  - Unique mapped and paired reads 1624474 ...
640306 [main] INFO main.java.edu.mit.compbio.bisulfitehic.mapping.Bhmem  - Processing reads 1633000 ...
640306 [main] INFO main.java.edu.mit.compbio.bisulfitehic.mapping.Bhmem  - Unique mapped and paired reads 1624474 ...
[M::mem_process_seqs] Processed 1001 reads in 1.201 CPU sec, 0.158 real sec
[M::mem_process_seqs] Processed 1001 reads in 0.980 CPU sec, 0.125 real sec
[M::mem_process_seqs] Processed 1001 reads in 1.343 CPU sec, 0.176 real sec
[M::mem_process_seqs] Processed 1001 reads in 1.140 CPU sec, 0.150 real sec
641108 [main] INFO main.java.edu.mit.compbio.bisulfitehic.mapping.Bhmem  - Processing reads 1634000 ...
641108 [main] INFO main.java.edu.mit.compbio.bisulfitehic.mapping.Bhmem  - Unique mapped and paired reads 1626464 ...
641111 [main] INFO main.java.edu.mit.compbio.bisulfitehic.mapping.Bhmem  - Processing reads 1635000 ...
641111 [main] INFO main.java.edu.mit.compbio.bisulfitehic.mapping.Bhmem  - Unique mapped and paired reads 1626464 ...
[M::mem_process_seqs] Processed 1001 reads in 1.200 CPU sec, 0.151 real sec
[M::mem_process_seqs] Processed 1001 reads in 0.966 CPU sec, 0.122 real sec
[M::mem_process_seqs] Processed 1001 reads in 1.291 CPU sec, 0.164 real sec
[M::mem_process_seqs] Processed 1001 reads in 1.069 CPU sec, 0.138 real sec
641868 [main] INFO main.java.edu.mit.compbio.bisulfitehic.mapping.Bhmem  - Processing reads 1636000 ...
641868 [main] INFO main.java.edu.mit.compbio.bisulfitehic.mapping.Bhmem  - Unique mapped and paired reads 1628460 ...
641872 [main] INFO main.java.edu.mit.compbio.bisulfitehic.mapping.Bhmem  - Processing reads 1637000 ...
641872 [main] INFO main.java.edu.mit.compbio.bisulfitehic.mapping.Bhmem  - Unique mapped and paired reads 1628460 ...
[M::mem_process_seqs] Processed 1001 reads in 1.241 CPU sec, 0.160 real sec
[M::mem_process_seqs] Processed 1001 reads in 1.059 CPU sec, 0.153 real sec
[M::mem_process_seqs] Processed 1001 reads in 1.334 CPU sec, 0.173 real sec
[M::mem_process_seqs] Processed 1001 reads in 1.162 CPU sec, 0.150 real sec
642689 [main] INFO main.java.edu.mit.compbio.bisulfitehic.mapping.Bhmem  - Processing reads 1638000 ...
642689 [main] INFO main.java.edu.mit.compbio.bisulfitehic.mapping.Bhmem  - Unique mapped and paired reads 1630456 ...
642692 [main] INFO main.java.edu.mit.compbio.bisulfitehic.mapping.Bhmem  - Processing reads 1639000 ...
642692 [main] INFO main.java.edu.mit.compbio.bisulfitehic.mapping.Bhmem  - Unique mapped and paired reads 1630456 ...
[M::mem_process_seqs] Processed 1001 reads in 1.137 CPU sec, 0.144 real sec
[M::mem_process_seqs] Processed 1001 reads in 0.990 CPU sec, 0.136 real sec
[M::mem_process_seqs] Processed 1001 reads in 1.250 CPU sec, 0.157 real sec
[M::mem_process_seqs] Processed 1001 reads in 1.070 CPU sec, 0.136 real sec
643446 [main] INFO main.java.edu.mit.compbio.bisulfitehic.mapping.Bhmem  - Processing reads 1640000 ...
643446 [main] INFO main.java.edu.mit.compbio.bisulfitehic.mapping.Bhmem  - Unique mapped and paired reads 1632452 ...
643449 [main] INFO main.java.edu.mit.compbio.bisulfitehic.mapping.Bhmem  - Processing reads 1641000 ...
643449 [main] INFO main.java.edu.mit.compbio.bisulfitehic.mapping.Bhmem  - Unique mapped and paired reads 1632452 ...
[M::mem_process_seqs] Processed 1001 reads in 1.159 CPU sec, 0.148 real sec
[M::mem_process_seqs] Processed 1001 reads in 1.019 CPU sec, 0.134 real sec
[M::mem_process_seqs] Processed 1001 reads in 1.299 CPU sec, 0.175 real sec
[M::mem_process_seqs] Processed 1001 reads in 1.199 CPU sec, 0.155 real sec
644250 [main] INFO main.java.edu.mit.compbio.bisulfitehic.mapping.Bhmem  - Processing reads 1642000 ...
644250 [main] INFO main.java.edu.mit.compbio.bisulfitehic.mapping.Bhmem  - Unique mapped and paired reads 1634446 ...
644253 [main] INFO main.java.edu.mit.compbio.bisulfitehic.mapping.Bhmem  - Processing reads 1643000 ...
644253 [main] INFO main.java.edu.mit.compbio.bisulfitehic.mapping.Bhmem  - Unique mapped and paired reads 1634446 ...
[M::mem_process_seqs] Processed 1001 reads in 1.180 CPU sec, 0.149 real sec
[M::mem_process_seqs] Processed 1001 reads in 0.968 CPU sec, 0.122 real sec
[M::mem_process_seqs] Processed 1001 reads in 1.182 CPU sec, 0.150 real sec
[M::mem_process_seqs] Processed 1001 reads in 1.025 CPU sec, 0.130 real sec
644983 [main] INFO main.java.edu.mit.compbio.bisulfitehic.mapping.Bhmem  - Processing reads 1644000 ...
644983 [main] INFO main.java.edu.mit.compbio.bisulfitehic.mapping.Bhmem  - Unique mapped and paired reads 1636438 ...
644986 [main] INFO main.java.edu.mit.compbio.bisulfitehic.mapping.Bhmem  - Processing reads 1645000 ...
644986 [main] INFO main.java.edu.mit.compbio.bisulfitehic.mapping.Bhmem  - Unique mapped and paired reads 1636438 ...
[M::mem_process_seqs] Processed 1001 reads in 1.274 CPU sec, 0.164 real sec
[M::mem_process_seqs] Processed 1001 reads in 0.926 CPU sec, 0.117 real sec
[M::mem_process_seqs] Processed 1001 reads in 1.228 CPU sec, 0.156 real sec
[M::mem_process_seqs] Processed 1001 reads in 1.046 CPU sec, 0.133 real sec
645737 [main] INFO main.java.edu.mit.compbio.bisulfitehic.mapping.Bhmem  - Processing reads 1646000 ...
645737 [main] INFO main.java.edu.mit.compbio.bisulfitehic.mapping.Bhmem  - Unique mapped and paired reads 1638422 ...
645740 [main] INFO main.java.edu.mit.compbio.bisulfitehic.mapping.Bhmem  - Processing reads 1647000 ...
645740 [main] INFO main.java.edu.mit.compbio.bisulfitehic.mapping.Bhmem  - Unique mapped and paired reads 1638422 ...
[M::mem_process_seqs] Processed 1001 reads in 1.080 CPU sec, 0.137 real sec
[M::mem_process_seqs] Processed 1001 reads in 0.972 CPU sec, 0.123 real sec
[M::mem_process_seqs] Processed 1001 reads in 1.178 CPU sec, 0.150 real sec
[M::mem_process_seqs] Processed 1001 reads in 1.090 CPU sec, 0.142 real sec
646468 [main] INFO main.java.edu.mit.compbio.bisulfitehic.mapping.Bhmem  - Processing reads 1648000 ...
646468 [main] INFO main.java.edu.mit.compbio.bisulfitehic.mapping.Bhmem  - Unique mapped and paired reads 1640420 ...
646471 [main] INFO main.java.edu.mit.compbio.bisulfitehic.mapping.Bhmem  - Processing reads 1649000 ...
646471 [main] INFO main.java.edu.mit.compbio.bisulfitehic.mapping.Bhmem  - Unique mapped and paired reads 1640420 ...
[M::mem_process_seqs] Processed 1001 reads in 1.260 CPU sec, 0.160 real sec
[M::mem_process_seqs] Processed 1001 reads in 1.028 CPU sec, 0.132 real sec
[M::mem_process_seqs] Processed 1001 reads in 1.330 CPU sec, 0.172 real sec
[M::mem_process_seqs] Processed 1001 reads in 1.121 CPU sec, 0.144 real sec
647258 [main] INFO main.java.edu.mit.compbio.bisulfitehic.mapping.Bhmem  - Processing reads 1650000 ...
647258 [main] INFO main.java.edu.mit.compbio.bisulfitehic.mapping.Bhmem  - Unique mapped and paired reads 1642416 ...
647262 [main] INFO main.java.edu.mit.compbio.bisulfitehic.mapping.Bhmem  - Processing reads 1651000 ...
647262 [main] INFO main.java.edu.mit.compbio.bisulfitehic.mapping.Bhmem  - Unique mapped and paired reads 1642416 ...
[M::mem_process_seqs] Processed 1001 reads in 1.177 CPU sec, 0.149 real sec
[M::mem_process_seqs] Processed 1001 reads in 0.976 CPU sec, 0.124 real sec
[M::mem_process_seqs] Processed 1001 reads in 1.247 CPU sec, 0.160 real sec
[M::mem_process_seqs] Processed 1001 reads in 1.100 CPU sec, 0.139 real sec
648019 [main] INFO main.java.edu.mit.compbio.bisulfitehic.mapping.Bhmem  - Processing reads 1652000 ...
648019 [main] INFO main.java.edu.mit.compbio.bisulfitehic.mapping.Bhmem  - Unique mapped and paired reads 1644412 ...
648022 [main] INFO main.java.edu.mit.compbio.bisulfitehic.mapping.Bhmem  - Processing reads 1653000 ...
648022 [main] INFO main.java.edu.mit.compbio.bisulfitehic.mapping.Bhmem  - Unique mapped and paired reads 1644412 ...
[M::mem_process_seqs] Processed 1001 reads in 1.153 CPU sec, 0.147 real sec
[M::mem_process_seqs] Processed 1001 reads in 0.936 CPU sec, 0.120 real sec
[M::mem_process_seqs] Processed 1001 reads in 1.198 CPU sec, 0.154 real sec
[M::mem_process_seqs] Processed 1001 reads in 0.993 CPU sec, 0.127 real sec
648752 [main] INFO main.java.edu.mit.compbio.bisulfitehic.mapping.Bhmem  - Processing reads 1654000 ...
648752 [main] INFO main.java.edu.mit.compbio.bisulfitehic.mapping.Bhmem  - Unique mapped and paired reads 1646406 ...
648755 [main] INFO main.java.edu.mit.compbio.bisulfitehic.mapping.Bhmem  - Processing reads 1655000 ...
648755 [main] INFO main.java.edu.mit.compbio.bisulfitehic.mapping.Bhmem  - Unique mapped and paired reads 1646406 ...
[M::mem_process_seqs] Processed 1001 reads in 1.214 CPU sec, 0.159 real sec
[M::mem_process_seqs] Processed 1001 reads in 0.996 CPU sec, 0.126 real sec
[M::mem_process_seqs] Processed 1001 reads in 1.355 CPU sec, 0.171 real sec
[M::mem_process_seqs] Processed 1001 reads in 1.154 CPU sec, 0.148 real sec
649547 [main] INFO main.java.edu.mit.compbio.bisulfitehic.mapping.Bhmem  - Processing reads 1656000 ...
649547 [main] INFO main.java.edu.mit.compbio.bisulfitehic.mapping.Bhmem  - Unique mapped and paired reads 1648402 ...
649551 [main] INFO main.java.edu.mit.compbio.bisulfitehic.mapping.Bhmem  - Processing reads 1657000 ...
649551 [main] INFO main.java.edu.mit.compbio.bisulfitehic.mapping.Bhmem  - Unique mapped and paired reads 1648402 ...
[M::mem_process_seqs] Processed 1001 reads in 1.230 CPU sec, 0.159 real sec
[M::mem_process_seqs] Processed 1001 reads in 0.953 CPU sec, 0.120 real sec
[M::mem_process_seqs] Processed 1001 reads in 1.348 CPU sec, 0.176 real sec
[M::mem_process_seqs] Processed 1001 reads in 1.189 CPU sec, 0.154 real sec
650349 [main] INFO main.java.edu.mit.compbio.bisulfitehic.mapping.Bhmem  - Processing reads 1658000 ...
650349 [main] INFO main.java.edu.mit.compbio.bisulfitehic.mapping.Bhmem  - Unique mapped and paired reads 1650394 ...
650352 [main] INFO main.java.edu.mit.compbio.bisulfitehic.mapping.Bhmem  - Processing reads 1659000 ...
650352 [main] INFO main.java.edu.mit.compbio.bisulfitehic.mapping.Bhmem  - Unique mapped and paired reads 1650394 ...
[M::mem_process_seqs] Processed 1001 reads in 1.197 CPU sec, 0.152 real sec
[M::mem_process_seqs] Processed 1001 reads in 1.060 CPU sec, 0.135 real sec
[M::mem_process_seqs] Processed 1001 reads in 1.283 CPU sec, 0.163 real sec
[M::mem_process_seqs] Processed 1001 reads in 1.133 CPU sec, 0.149 real sec
651132 [main] INFO main.java.edu.mit.compbio.bisulfitehic.mapping.Bhmem  - Processing reads 1660000 ...
651132 [main] INFO main.java.edu.mit.compbio.bisulfitehic.mapping.Bhmem  - Unique mapped and paired reads 1652388 ...
651135 [main] INFO main.java.edu.mit.compbio.bisulfitehic.mapping.Bhmem  - Processing reads 1661000 ...
651135 [main] INFO main.java.edu.mit.compbio.bisulfitehic.mapping.Bhmem  - Unique mapped and paired reads 1652388 ...
[M::mem_process_seqs] Processed 1001 reads in 1.263 CPU sec, 0.160 real sec
[M::mem_process_seqs] Processed 1001 reads in 1.023 CPU sec, 0.130 real sec
[M::mem_process_seqs] Processed 1001 reads in 1.378 CPU sec, 0.178 real sec
[M::mem_process_seqs] Processed 1001 reads in 1.144 CPU sec, 0.149 real sec
651981 [main] INFO main.java.edu.mit.compbio.bisulfitehic.mapping.Bhmem  - Processing reads 1662000 ...
651981 [main] INFO main.java.edu.mit.compbio.bisulfitehic.mapping.Bhmem  - Unique mapped and paired reads 1654384 ...
651990 [main] INFO main.java.edu.mit.compbio.bisulfitehic.mapping.Bhmem  - Processing reads 1663000 ...
651990 [main] INFO main.java.edu.mit.compbio.bisulfitehic.mapping.Bhmem  - Unique mapped and paired reads 1654384 ...
[M::mem_process_seqs] Processed 1001 reads in 1.195 CPU sec, 0.152 real sec
[M::mem_process_seqs] Processed 1001 reads in 0.957 CPU sec, 0.125 real sec
[M::mem_process_seqs] Processed 1001 reads in 1.302 CPU sec, 0.164 real sec
[M::mem_process_seqs] Processed 1001 reads in 1.078 CPU sec, 0.138 real sec
652762 [main] INFO main.java.edu.mit.compbio.bisulfitehic.mapping.Bhmem  - Processing reads 1664000 ...
652762 [main] INFO main.java.edu.mit.compbio.bisulfitehic.mapping.Bhmem  - Unique mapped and paired reads 1656370 ...
652765 [main] INFO main.java.edu.mit.compbio.bisulfitehic.mapping.Bhmem  - Processing reads 1665000 ...
652765 [main] INFO main.java.edu.mit.compbio.bisulfitehic.mapping.Bhmem  - Unique mapped and paired reads 1656370 ...
[M::mem_process_seqs] Processed 1001 reads in 1.153 CPU sec, 0.147 real sec
[M::mem_process_seqs] Processed 1001 reads in 0.946 CPU sec, 0.123 real sec
[M::mem_process_seqs] Processed 1001 reads in 1.300 CPU sec, 0.169 real sec
[M::mem_process_seqs] Processed 1001 reads in 1.122 CPU sec, 0.142 real sec
653525 [main] INFO main.java.edu.mit.compbio.bisulfitehic.mapping.Bhmem  - Processing reads 1666000 ...
653525 [main] INFO main.java.edu.mit.compbio.bisulfitehic.mapping.Bhmem  - Unique mapped and paired reads 1658362 ...
653528 [main] INFO main.java.edu.mit.compbio.bisulfitehic.mapping.Bhmem  - Processing reads 1667000 ...
653528 [main] INFO main.java.edu.mit.compbio.bisulfitehic.mapping.Bhmem  - Unique mapped and paired reads 1658362 ...
[M::mem_process_seqs] Processed 1001 reads in 1.224 CPU sec, 0.154 real sec
[M::mem_process_seqs] Processed 1001 reads in 1.049 CPU sec, 0.140 real sec
[M::mem_process_seqs] Processed 1001 reads in 1.281 CPU sec, 0.163 real sec
[M::mem_process_seqs] Processed 1001 reads in 1.136 CPU sec, 0.144 real sec
654312 [main] INFO main.java.edu.mit.compbio.bisulfitehic.mapping.Bhmem  - Processing reads 1668000 ...
654312 [main] INFO main.java.edu.mit.compbio.bisulfitehic.mapping.Bhmem  - Unique mapped and paired reads 1660348 ...
654315 [main] INFO main.java.edu.mit.compbio.bisulfitehic.mapping.Bhmem  - Processing reads 1669000 ...
654315 [main] INFO main.java.edu.mit.compbio.bisulfitehic.mapping.Bhmem  - Unique mapped and paired reads 1660348 ...
[M::mem_process_seqs] Processed 1001 reads in 1.263 CPU sec, 0.160 real sec
[M::mem_process_seqs] Processed 1001 reads in 1.028 CPU sec, 0.131 real sec
[M::mem_process_seqs] Processed 1001 reads in 1.302 CPU sec, 0.166 real sec
[M::mem_process_seqs] Processed 1001 reads in 1.143 CPU sec, 0.146 real sec
655108 [main] INFO main.java.edu.mit.compbio.bisulfitehic.mapping.Bhmem  - Processing reads 1670000 ...
655108 [main] INFO main.java.edu.mit.compbio.bisulfitehic.mapping.Bhmem  - Unique mapped and paired reads 1662348 ...
655111 [main] INFO main.java.edu.mit.compbio.bisulfitehic.mapping.Bhmem  - Processing reads 1671000 ...
655111 [main] INFO main.java.edu.mit.compbio.bisulfitehic.mapping.Bhmem  - Unique mapped and paired reads 1662348 ...
[M::mem_process_seqs] Processed 1001 reads in 1.245 CPU sec, 0.158 real sec
[M::mem_process_seqs] Processed 1001 reads in 0.988 CPU sec, 0.125 real sec
[M::mem_process_seqs] Processed 1001 reads in 1.279 CPU sec, 0.164 real sec
[M::mem_process_seqs] Processed 1001 reads in 1.094 CPU sec, 0.138 real sec
655875 [main] INFO main.java.edu.mit.compbio.bisulfitehic.mapping.Bhmem  - Processing reads 1672000 ...
655875 [main] INFO main.java.edu.mit.compbio.bisulfitehic.mapping.Bhmem  - Unique mapped and paired reads 1664346 ...
655878 [main] INFO main.java.edu.mit.compbio.bisulfitehic.mapping.Bhmem  - Processing reads 1673000 ...
655878 [main] INFO main.java.edu.mit.compbio.bisulfitehic.mapping.Bhmem  - Unique mapped and paired reads 1664346 ...
[M::mem_process_seqs] Processed 1001 reads in 1.283 CPU sec, 0.165 real sec
[M::mem_process_seqs] Processed 1001 reads in 1.035 CPU sec, 0.134 real sec
[M::mem_process_seqs] Processed 1001 reads in 1.333 CPU sec, 0.172 real sec
[M::mem_process_seqs] Processed 1001 reads in 1.156 CPU sec, 0.148 real sec
656678 [main] INFO main.java.edu.mit.compbio.bisulfitehic.mapping.Bhmem  - Processing reads 1674000 ...
656678 [main] INFO main.java.edu.mit.compbio.bisulfitehic.mapping.Bhmem  - Unique mapped and paired reads 1666330 ...
656681 [main] INFO main.java.edu.mit.compbio.bisulfitehic.mapping.Bhmem  - Processing reads 1675000 ...
656681 [main] INFO main.java.edu.mit.compbio.bisulfitehic.mapping.Bhmem  - Unique mapped and paired reads 1666330 ...
[M::mem_process_seqs] Processed 1001 reads in 1.216 CPU sec, 0.153 real sec
[M::mem_process_seqs] Processed 1001 reads in 0.979 CPU sec, 0.125 real sec
[M::mem_process_seqs] Processed 1001 reads in 1.321 CPU sec, 0.170 real sec
[M::mem_process_seqs] Processed 1001 reads in 1.150 CPU sec, 0.151 real sec
657462 [main] INFO main.java.edu.mit.compbio.bisulfitehic.mapping.Bhmem  - Processing reads 1676000 ...
657462 [main] INFO main.java.edu.mit.compbio.bisulfitehic.mapping.Bhmem  - Unique mapped and paired reads 1668330 ...
657465 [main] INFO main.java.edu.mit.compbio.bisulfitehic.mapping.Bhmem  - Processing reads 1677000 ...
657465 [main] INFO main.java.edu.mit.compbio.bisulfitehic.mapping.Bhmem  - Unique mapped and paired reads 1668330 ...
[M::mem_process_seqs] Processed 1001 reads in 1.223 CPU sec, 0.155 real sec
[M::mem_process_seqs] Processed 1001 reads in 1.026 CPU sec, 0.132 real sec
[M::mem_process_seqs] Processed 1001 reads in 1.348 CPU sec, 0.172 real sec
[M::mem_process_seqs] Processed 1001 reads in 1.129 CPU sec, 0.143 real sec
658245 [main] INFO main.java.edu.mit.compbio.bisulfitehic.mapping.Bhmem  - Processing reads 1678000 ...
658245 [main] INFO main.java.edu.mit.compbio.bisulfitehic.mapping.Bhmem  - Unique mapped and paired reads 1670330 ...
658248 [main] INFO main.java.edu.mit.compbio.bisulfitehic.mapping.Bhmem  - Processing reads 1679000 ...
658248 [main] INFO main.java.edu.mit.compbio.bisulfitehic.mapping.Bhmem  - Unique mapped and paired reads 1670330 ...
[M::mem_process_seqs] Processed 1001 reads in 1.231 CPU sec, 0.156 real sec
[M::mem_process_seqs] Processed 1001 reads in 0.972 CPU sec, 0.128 real sec
[M::mem_process_seqs] Processed 1001 reads in 1.317 CPU sec, 0.167 real sec
[M::mem_process_seqs] Processed 1001 reads in 1.171 CPU sec, 0.156 real sec
659040 [main] INFO main.java.edu.mit.compbio.bisulfitehic.mapping.Bhmem  - Processing reads 1680000 ...
659040 [main] INFO main.java.edu.mit.compbio.bisulfitehic.mapping.Bhmem  - Unique mapped and paired reads 1672318 ...
659043 [main] INFO main.java.edu.mit.compbio.bisulfitehic.mapping.Bhmem  - Processing reads 1681000 ...
659043 [main] INFO main.java.edu.mit.compbio.bisulfitehic.mapping.Bhmem  - Unique mapped and paired reads 1672318 ...
[M::mem_process_seqs] Processed 1001 reads in 1.212 CPU sec, 0.159 real sec
[M::mem_process_seqs] Processed 1001 reads in 1.068 CPU sec, 0.137 real sec
[M::mem_process_seqs] Processed 1001 reads in 1.292 CPU sec, 0.175 real sec
[M::mem_process_seqs] Processed 1001 reads in 1.162 CPU sec, 0.148 real sec
659848 [main] INFO main.java.edu.mit.compbio.bisulfitehic.mapping.Bhmem  - Processing reads 1682000 ...
659848 [main] INFO main.java.edu.mit.compbio.bisulfitehic.mapping.Bhmem  - Unique mapped and paired reads 1674316 ...
659851 [main] INFO main.java.edu.mit.compbio.bisulfitehic.mapping.Bhmem  - Processing reads 1683000 ...
659851 [main] INFO main.java.edu.mit.compbio.bisulfitehic.mapping.Bhmem  - Unique mapped and paired reads 1674316 ...
[M::mem_process_seqs] Processed 1001 reads in 1.267 CPU sec, 0.160 real sec
[M::mem_process_seqs] Processed 1001 reads in 1.024 CPU sec, 0.131 real sec
[M::mem_process_seqs] Processed 1001 reads in 1.308 CPU sec, 0.168 real sec
[M::mem_process_seqs] Processed 1001 reads in 1.125 CPU sec, 0.142 real sec
660630 [main] INFO main.java.edu.mit.compbio.bisulfitehic.mapping.Bhmem  - Processing reads 1684000 ...
660630 [main] INFO main.java.edu.mit.compbio.bisulfitehic.mapping.Bhmem  - Unique mapped and paired reads 1676312 ...
660633 [main] INFO main.java.edu.mit.compbio.bisulfitehic.mapping.Bhmem  - Processing reads 1685000 ...
660633 [main] INFO main.java.edu.mit.compbio.bisulfitehic.mapping.Bhmem  - Unique mapped and paired reads 1676312 ...
[M::mem_process_seqs] Processed 1001 reads in 1.147 CPU sec, 0.145 real sec
[M::mem_process_seqs] Processed 1001 reads in 1.025 CPU sec, 0.132 real sec
[M::mem_process_seqs] Processed 1001 reads in 1.191 CPU sec, 0.153 real sec
[M::mem_process_seqs] Processed 1001 reads in 1.079 CPU sec, 0.137 real sec
661375 [main] INFO main.java.edu.mit.compbio.bisulfitehic.mapping.Bhmem  - Processing reads 1686000 ...
661375 [main] INFO main.java.edu.mit.compbio.bisulfitehic.mapping.Bhmem  - Unique mapped and paired reads 1678308 ...
661378 [main] INFO main.java.edu.mit.compbio.bisulfitehic.mapping.Bhmem  - Processing reads 1687000 ...
661378 [main] INFO main.java.edu.mit.compbio.bisulfitehic.mapping.Bhmem  - Unique mapped and paired reads 1678308 ...
[M::mem_process_seqs] Processed 1001 reads in 1.183 CPU sec, 0.155 real sec
[M::mem_process_seqs] Processed 1001 reads in 0.992 CPU sec, 0.129 real sec
[M::mem_process_seqs] Processed 1001 reads in 1.203 CPU sec, 0.155 real sec
[M::mem_process_seqs] Processed 1001 reads in 1.077 CPU sec, 0.141 real sec
662140 [main] INFO main.java.edu.mit.compbio.bisulfitehic.mapping.Bhmem  - Processing reads 1688000 ...
662140 [main] INFO main.java.edu.mit.compbio.bisulfitehic.mapping.Bhmem  - Unique mapped and paired reads 1680296 ...
662143 [main] INFO main.java.edu.mit.compbio.bisulfitehic.mapping.Bhmem  - Processing reads 1689000 ...
662143 [main] INFO main.java.edu.mit.compbio.bisulfitehic.mapping.Bhmem  - Unique mapped and paired reads 1680296 ...
[M::mem_process_seqs] Processed 1001 reads in 1.240 CPU sec, 0.157 real sec
[M::mem_process_seqs] Processed 1001 reads in 0.965 CPU sec, 0.123 real sec
[M::mem_process_seqs] Processed 1001 reads in 1.296 CPU sec, 0.167 real sec
[M::mem_process_seqs] Processed 1001 reads in 1.091 CPU sec, 0.139 real sec
662934 [main] INFO main.java.edu.mit.compbio.bisulfitehic.mapping.Bhmem  - Processing reads 1690000 ...
662934 [main] INFO main.java.edu.mit.compbio.bisulfitehic.mapping.Bhmem  - Unique mapped and paired reads 1682290 ...
662937 [main] INFO main.java.edu.mit.compbio.bisulfitehic.mapping.Bhmem  - Processing reads 1691000 ...
662937 [main] INFO main.java.edu.mit.compbio.bisulfitehic.mapping.Bhmem  - Unique mapped and paired reads 1682290 ...
[M::mem_process_seqs] Processed 1001 reads in 1.235 CPU sec, 0.158 real sec
[M::mem_process_seqs] Processed 1001 reads in 0.944 CPU sec, 0.121 real sec
[M::mem_process_seqs] Processed 1001 reads in 1.317 CPU sec, 0.167 real sec
[M::mem_process_seqs] Processed 1001 reads in 1.197 CPU sec, 0.154 real sec
663723 [main] INFO main.java.edu.mit.compbio.bisulfitehic.mapping.Bhmem  - Processing reads 1692000 ...
663723 [main] INFO main.java.edu.mit.compbio.bisulfitehic.mapping.Bhmem  - Unique mapped and paired reads 1684286 ...
663726 [main] INFO main.java.edu.mit.compbio.bisulfitehic.mapping.Bhmem  - Processing reads 1693000 ...
663726 [main] INFO main.java.edu.mit.compbio.bisulfitehic.mapping.Bhmem  - Unique mapped and paired reads 1684286 ...
[M::mem_process_seqs] Processed 1001 reads in 1.140 CPU sec, 0.145 real sec
[M::mem_process_seqs] Processed 1001 reads in 0.952 CPU sec, 0.121 real sec
[M::mem_process_seqs] Processed 1001 reads in 1.316 CPU sec, 0.170 real sec
[M::mem_process_seqs] Processed 1001 reads in 1.162 CPU sec, 0.151 real sec
664498 [main] INFO main.java.edu.mit.compbio.bisulfitehic.mapping.Bhmem  - Processing reads 1694000 ...
664498 [main] INFO main.java.edu.mit.compbio.bisulfitehic.mapping.Bhmem  - Unique mapped and paired reads 1686282 ...
664501 [main] INFO main.java.edu.mit.compbio.bisulfitehic.mapping.Bhmem  - Processing reads 1695000 ...
664501 [main] INFO main.java.edu.mit.compbio.bisulfitehic.mapping.Bhmem  - Unique mapped and paired reads 1686282 ...
[M::mem_process_seqs] Processed 1001 reads in 1.190 CPU sec, 0.163 real sec
[M::mem_process_seqs] Processed 1001 reads in 1.002 CPU sec, 0.145 real sec
[M::mem_process_seqs] Processed 1001 reads in 1.298 CPU sec, 0.187 real sec
[M::mem_process_seqs] Processed 1001 reads in 1.085 CPU sec, 0.158 real sec
665336 [main] INFO main.java.edu.mit.compbio.bisulfitehic.mapping.Bhmem  - Processing reads 1696000 ...
665336 [main] INFO main.java.edu.mit.compbio.bisulfitehic.mapping.Bhmem  - Unique mapped and paired reads 1688278 ...
665340 [main] INFO main.java.edu.mit.compbio.bisulfitehic.mapping.Bhmem  - Processing reads 1697000 ...
665340 [main] INFO main.java.edu.mit.compbio.bisulfitehic.mapping.Bhmem  - Unique mapped and paired reads 1688278 ...
[M::mem_process_seqs] Processed 1001 reads in 1.251 CPU sec, 0.181 real sec
[M::mem_process_seqs] Processed 1001 reads in 0.977 CPU sec, 0.128 real sec
[M::mem_process_seqs] Processed 1001 reads in 1.325 CPU sec, 0.176 real sec
[M::mem_process_seqs] Processed 1001 reads in 1.188 CPU sec, 0.154 real sec
666156 [main] INFO main.java.edu.mit.compbio.bisulfitehic.mapping.Bhmem  - Processing reads 1698000 ...
666156 [main] INFO main.java.edu.mit.compbio.bisulfitehic.mapping.Bhmem  - Unique mapped and paired reads 1690276 ...
666159 [main] INFO main.java.edu.mit.compbio.bisulfitehic.mapping.Bhmem  - Processing reads 1699000 ...
666159 [main] INFO main.java.edu.mit.compbio.bisulfitehic.mapping.Bhmem  - Unique mapped and paired reads 1690276 ...
[M::mem_process_seqs] Processed 1001 reads in 1.266 CPU sec, 0.160 real sec
[M::mem_process_seqs] Processed 1001 reads in 0.968 CPU sec, 0.124 real sec
[M::mem_process_seqs] Processed 1001 reads in 1.262 CPU sec, 0.162 real sec
[M::mem_process_seqs] Processed 1001 reads in 1.088 CPU sec, 0.141 real sec
666927 [main] INFO main.java.edu.mit.compbio.bisulfitehic.mapping.Bhmem  - Processing reads 1700000 ...
666927 [main] INFO main.java.edu.mit.compbio.bisulfitehic.mapping.Bhmem  - Unique mapped and paired reads 1692272 ...
666930 [main] INFO main.java.edu.mit.compbio.bisulfitehic.mapping.Bhmem  - Processing reads 1701000 ...
666930 [main] INFO main.java.edu.mit.compbio.bisulfitehic.mapping.Bhmem  - Unique mapped and paired reads 1692272 ...
[M::mem_process_seqs] Processed 1001 reads in 1.149 CPU sec, 0.146 real sec
[M::mem_process_seqs] Processed 1001 reads in 0.944 CPU sec, 0.120 real sec
[M::mem_process_seqs] Processed 1001 reads in 1.253 CPU sec, 0.160 real sec
[M::mem_process_seqs] Processed 1001 reads in 1.103 CPU sec, 0.142 real sec
667678 [main] INFO main.java.edu.mit.compbio.bisulfitehic.mapping.Bhmem  - Processing reads 1702000 ...
667678 [main] INFO main.java.edu.mit.compbio.bisulfitehic.mapping.Bhmem  - Unique mapped and paired reads 1694264 ...
667681 [main] INFO main.java.edu.mit.compbio.bisulfitehic.mapping.Bhmem  - Processing reads 1703000 ...
667681 [main] INFO main.java.edu.mit.compbio.bisulfitehic.mapping.Bhmem  - Unique mapped and paired reads 1694264 ...
[M::mem_process_seqs] Processed 1001 reads in 1.190 CPU sec, 0.151 real sec
[M::mem_process_seqs] Processed 1001 reads in 0.972 CPU sec, 0.123 real sec
[M::mem_process_seqs] Processed 1001 reads in 1.231 CPU sec, 0.158 real sec
[M::mem_process_seqs] Processed 1001 reads in 1.045 CPU sec, 0.133 real sec
668425 [main] INFO main.java.edu.mit.compbio.bisulfitehic.mapping.Bhmem  - Processing reads 1704000 ...
668425 [main] INFO main.java.edu.mit.compbio.bisulfitehic.mapping.Bhmem  - Unique mapped and paired reads 1696258 ...
668428 [main] INFO main.java.edu.mit.compbio.bisulfitehic.mapping.Bhmem  - Processing reads 1705000 ...
668428 [main] INFO main.java.edu.mit.compbio.bisulfitehic.mapping.Bhmem  - Unique mapped and paired reads 1696258 ...
[M::mem_process_seqs] Processed 1001 reads in 1.178 CPU sec, 0.157 real sec
[M::mem_process_seqs] Processed 1001 reads in 1.009 CPU sec, 0.134 real sec
[M::mem_process_seqs] Processed 1001 reads in 1.253 CPU sec, 0.158 real sec
[M::mem_process_seqs] Processed 1001 reads in 1.116 CPU sec, 0.141 real sec
669198 [main] INFO main.java.edu.mit.compbio.bisulfitehic.mapping.Bhmem  - Processing reads 1706000 ...
669199 [main] INFO main.java.edu.mit.compbio.bisulfitehic.mapping.Bhmem  - Unique mapped and paired reads 1698252 ...
669202 [main] INFO main.java.edu.mit.compbio.bisulfitehic.mapping.Bhmem  - Processing reads 1707000 ...
669202 [main] INFO main.java.edu.mit.compbio.bisulfitehic.mapping.Bhmem  - Unique mapped and paired reads 1698252 ...
[M::mem_process_seqs] Processed 1001 reads in 1.166 CPU sec, 0.148 real sec
[M::mem_process_seqs] Processed 1001 reads in 0.923 CPU sec, 0.119 real sec
[M::mem_process_seqs] Processed 1001 reads in 1.281 CPU sec, 0.168 real sec
[M::mem_process_seqs] Processed 1001 reads in 1.165 CPU sec, 0.148 real sec
669981 [main] INFO main.java.edu.mit.compbio.bisulfitehic.mapping.Bhmem  - Processing reads 1708000 ...
669981 [main] INFO main.java.edu.mit.compbio.bisulfitehic.mapping.Bhmem  - Unique mapped and paired reads 1700244 ...
669985 [main] INFO main.java.edu.mit.compbio.bisulfitehic.mapping.Bhmem  - Processing reads 1709000 ...
669985 [main] INFO main.java.edu.mit.compbio.bisulfitehic.mapping.Bhmem  - Unique mapped and paired reads 1700244 ...
[M::mem_process_seqs] Processed 1001 reads in 1.175 CPU sec, 0.156 real sec
[M::mem_process_seqs] Processed 1001 reads in 0.980 CPU sec, 0.127 real sec
[M::mem_process_seqs] Processed 1001 reads in 1.227 CPU sec, 0.156 real sec
[M::mem_process_seqs] Processed 1001 reads in 1.038 CPU sec, 0.132 real sec
670738 [main] INFO main.java.edu.mit.compbio.bisulfitehic.mapping.Bhmem  - Processing reads 1710000 ...
670738 [main] INFO main.java.edu.mit.compbio.bisulfitehic.mapping.Bhmem  - Unique mapped and paired reads 1702238 ...
670741 [main] INFO main.java.edu.mit.compbio.bisulfitehic.mapping.Bhmem  - Processing reads 1711000 ...
670741 [main] INFO main.java.edu.mit.compbio.bisulfitehic.mapping.Bhmem  - Unique mapped and paired reads 1702238 ...
[M::mem_process_seqs] Processed 1001 reads in 1.142 CPU sec, 0.147 real sec
[M::mem_process_seqs] Processed 1001 reads in 1.014 CPU sec, 0.130 real sec
[M::mem_process_seqs] Processed 1001 reads in 1.261 CPU sec, 0.162 real sec
[M::mem_process_seqs] Processed 1001 reads in 1.213 CPU sec, 0.160 real sec
671541 [main] INFO main.java.edu.mit.compbio.bisulfitehic.mapping.Bhmem  - Processing reads 1712000 ...
671541 [main] INFO main.java.edu.mit.compbio.bisulfitehic.mapping.Bhmem  - Unique mapped and paired reads 1704234 ...
671545 [main] INFO main.java.edu.mit.compbio.bisulfitehic.mapping.Bhmem  - Processing reads 1713000 ...
671545 [main] INFO main.java.edu.mit.compbio.bisulfitehic.mapping.Bhmem  - Unique mapped and paired reads 1704234 ...
[M::mem_process_seqs] Processed 1001 reads in 1.229 CPU sec, 0.155 real sec
[M::mem_process_seqs] Processed 1001 reads in 0.935 CPU sec, 0.119 real sec
[M::mem_process_seqs] Processed 1001 reads in 1.289 CPU sec, 0.164 real sec
[M::mem_process_seqs] Processed 1001 reads in 1.137 CPU sec, 0.146 real sec
672312 [main] INFO main.java.edu.mit.compbio.bisulfitehic.mapping.Bhmem  - Processing reads 1714000 ...
672312 [main] INFO main.java.edu.mit.compbio.bisulfitehic.mapping.Bhmem  - Unique mapped and paired reads 1706232 ...
672315 [main] INFO main.java.edu.mit.compbio.bisulfitehic.mapping.Bhmem  - Processing reads 1715000 ...
672315 [main] INFO main.java.edu.mit.compbio.bisulfitehic.mapping.Bhmem  - Unique mapped and paired reads 1706232 ...
[M::mem_process_seqs] Processed 1001 reads in 1.189 CPU sec, 0.152 real sec
[M::mem_process_seqs] Processed 1001 reads in 1.032 CPU sec, 0.131 real sec
[M::mem_process_seqs] Processed 1001 reads in 1.351 CPU sec, 0.171 real sec
[M::mem_process_seqs] Processed 1001 reads in 1.251 CPU sec, 0.161 real sec
673130 [main] INFO main.java.edu.mit.compbio.bisulfitehic.mapping.Bhmem  - Processing reads 1716000 ...
673130 [main] INFO main.java.edu.mit.compbio.bisulfitehic.mapping.Bhmem  - Unique mapped and paired reads 1708232 ...
673134 [main] INFO main.java.edu.mit.compbio.bisulfitehic.mapping.Bhmem  - Processing reads 1717000 ...
673134 [main] INFO main.java.edu.mit.compbio.bisulfitehic.mapping.Bhmem  - Unique mapped and paired reads 1708232 ...
[M::mem_process_seqs] Processed 1001 reads in 1.227 CPU sec, 0.157 real sec
[M::mem_process_seqs] Processed 1001 reads in 0.947 CPU sec, 0.121 real sec
[M::mem_process_seqs] Processed 1001 reads in 1.295 CPU sec, 0.167 real sec
[M::mem_process_seqs] Processed 1001 reads in 1.166 CPU sec, 0.150 real sec
673915 [main] INFO main.java.edu.mit.compbio.bisulfitehic.mapping.Bhmem  - Processing reads 1718000 ...
673915 [main] INFO main.java.edu.mit.compbio.bisulfitehic.mapping.Bhmem  - Unique mapped and paired reads 1710230 ...
673918 [main] INFO main.java.edu.mit.compbio.bisulfitehic.mapping.Bhmem  - Processing reads 1719000 ...
673918 [main] INFO main.java.edu.mit.compbio.bisulfitehic.mapping.Bhmem  - Unique mapped and paired reads 1710230 ...
[M::mem_process_seqs] Processed 1001 reads in 1.238 CPU sec, 0.157 real sec
[M::mem_process_seqs] Processed 1001 reads in 0.996 CPU sec, 0.126 real sec
[M::mem_process_seqs] Processed 1001 reads in 1.294 CPU sec, 0.165 real sec
[M::mem_process_seqs] Processed 1001 reads in 1.153 CPU sec, 0.146 real sec
674693 [main] INFO main.java.edu.mit.compbio.bisulfitehic.mapping.Bhmem  - Processing reads 1720000 ...
674693 [main] INFO main.java.edu.mit.compbio.bisulfitehic.mapping.Bhmem  - Unique mapped and paired reads 1712222 ...
674696 [main] INFO main.java.edu.mit.compbio.bisulfitehic.mapping.Bhmem  - Processing reads 1721000 ...
674696 [main] INFO main.java.edu.mit.compbio.bisulfitehic.mapping.Bhmem  - Unique mapped and paired reads 1712222 ...
[M::mem_process_seqs] Processed 1001 reads in 1.178 CPU sec, 0.149 real sec
[M::mem_process_seqs] Processed 1001 reads in 0.935 CPU sec, 0.123 real sec
[M::mem_process_seqs] Processed 1001 reads in 1.273 CPU sec, 0.161 real sec
[M::mem_process_seqs] Processed 1001 reads in 1.020 CPU sec, 0.130 real sec
675435 [main] INFO main.java.edu.mit.compbio.bisulfitehic.mapping.Bhmem  - Processing reads 1722000 ...
675435 [main] INFO main.java.edu.mit.compbio.bisulfitehic.mapping.Bhmem  - Unique mapped and paired reads 1714218 ...
675438 [main] INFO main.java.edu.mit.compbio.bisulfitehic.mapping.Bhmem  - Processing reads 1723000 ...
675438 [main] INFO main.java.edu.mit.compbio.bisulfitehic.mapping.Bhmem  - Unique mapped and paired reads 1714218 ...
[M::mem_process_seqs] Processed 1001 reads in 1.187 CPU sec, 0.151 real sec
[M::mem_process_seqs] Processed 1001 reads in 0.979 CPU sec, 0.124 real sec
[M::mem_process_seqs] Processed 1001 reads in 1.255 CPU sec, 0.159 real sec
[M::mem_process_seqs] Processed 1001 reads in 1.115 CPU sec, 0.142 real sec
676196 [main] INFO main.java.edu.mit.compbio.bisulfitehic.mapping.Bhmem  - Processing reads 1724000 ...
676196 [main] INFO main.java.edu.mit.compbio.bisulfitehic.mapping.Bhmem  - Unique mapped and paired reads 1716212 ...
676199 [main] INFO main.java.edu.mit.compbio.bisulfitehic.mapping.Bhmem  - Processing reads 1725000 ...
676200 [main] INFO main.java.edu.mit.compbio.bisulfitehic.mapping.Bhmem  - Unique mapped and paired reads 1716212 ...
[M::mem_process_seqs] Processed 1001 reads in 1.134 CPU sec, 0.144 real sec
[M::mem_process_seqs] Processed 1001 reads in 1.016 CPU sec, 0.137 real sec
[M::mem_process_seqs] Processed 1001 reads in 1.191 CPU sec, 0.152 real sec
[M::mem_process_seqs] Processed 1001 reads in 1.060 CPU sec, 0.135 real sec
676947 [main] INFO main.java.edu.mit.compbio.bisulfitehic.mapping.Bhmem  - Processing reads 1726000 ...
676947 [main] INFO main.java.edu.mit.compbio.bisulfitehic.mapping.Bhmem  - Unique mapped and paired reads 1718196 ...
676950 [main] INFO main.java.edu.mit.compbio.bisulfitehic.mapping.Bhmem  - Processing reads 1727000 ...
676950 [main] INFO main.java.edu.mit.compbio.bisulfitehic.mapping.Bhmem  - Unique mapped and paired reads 1718196 ...
[M::mem_process_seqs] Processed 1001 reads in 1.207 CPU sec, 0.155 real sec
[M::mem_process_seqs] Processed 1001 reads in 0.950 CPU sec, 0.121 real sec
[M::mem_process_seqs] Processed 1001 reads in 1.344 CPU sec, 0.177 real sec
[M::mem_process_seqs] Processed 1001 reads in 1.183 CPU sec, 0.160 real sec
677741 [main] INFO main.java.edu.mit.compbio.bisulfitehic.mapping.Bhmem  - Processing reads 1728000 ...
677741 [main] INFO main.java.edu.mit.compbio.bisulfitehic.mapping.Bhmem  - Unique mapped and paired reads 1720192 ...
677744 [main] INFO main.java.edu.mit.compbio.bisulfitehic.mapping.Bhmem  - Processing reads 1729000 ...
677744 [main] INFO main.java.edu.mit.compbio.bisulfitehic.mapping.Bhmem  - Unique mapped and paired reads 1720192 ...
[M::mem_process_seqs] Processed 1001 reads in 1.173 CPU sec, 0.153 real sec
[M::mem_process_seqs] Processed 1001 reads in 0.991 CPU sec, 0.127 real sec
[M::mem_process_seqs] Processed 1001 reads in 1.272 CPU sec, 0.170 real sec
[M::mem_process_seqs] Processed 1001 reads in 1.130 CPU sec, 0.144 real sec
678575 [main] INFO main.java.edu.mit.compbio.bisulfitehic.mapping.Bhmem  - Processing reads 1730000 ...
678575 [main] INFO main.java.edu.mit.compbio.bisulfitehic.mapping.Bhmem  - Unique mapped and paired reads 1722186 ...
678579 [main] INFO main.java.edu.mit.compbio.bisulfitehic.mapping.Bhmem  - Processing reads 1731000 ...
678579 [main] INFO main.java.edu.mit.compbio.bisulfitehic.mapping.Bhmem  - Unique mapped and paired reads 1722186 ...
[M::mem_process_seqs] Processed 1001 reads in 1.296 CPU sec, 0.165 real sec
[M::mem_process_seqs] Processed 1001 reads in 1.051 CPU sec, 0.133 real sec
[M::mem_process_seqs] Processed 1001 reads in 1.328 CPU sec, 0.168 real sec
[M::mem_process_seqs] Processed 1001 reads in 1.156 CPU sec, 0.146 real sec
679377 [main] INFO main.java.edu.mit.compbio.bisulfitehic.mapping.Bhmem  - Processing reads 1732000 ...
679378 [main] INFO main.java.edu.mit.compbio.bisulfitehic.mapping.Bhmem  - Unique mapped and paired reads 1724184 ...
679381 [main] INFO main.java.edu.mit.compbio.bisulfitehic.mapping.Bhmem  - Processing reads 1733000 ...
679381 [main] INFO main.java.edu.mit.compbio.bisulfitehic.mapping.Bhmem  - Unique mapped and paired reads 1724184 ...
[M::mem_process_seqs] Processed 1001 reads in 1.178 CPU sec, 0.150 real sec
[M::mem_process_seqs] Processed 1001 reads in 0.991 CPU sec, 0.127 real sec
[M::mem_process_seqs] Processed 1001 reads in 1.278 CPU sec, 0.168 real sec
[M::mem_process_seqs] Processed 1001 reads in 1.158 CPU sec, 0.147 real sec
680153 [main] INFO main.java.edu.mit.compbio.bisulfitehic.mapping.Bhmem  - Processing reads 1734000 ...
680153 [main] INFO main.java.edu.mit.compbio.bisulfitehic.mapping.Bhmem  - Unique mapped and paired reads 1726176 ...
680156 [main] INFO main.java.edu.mit.compbio.bisulfitehic.mapping.Bhmem  - Processing reads 1735000 ...
680156 [main] INFO main.java.edu.mit.compbio.bisulfitehic.mapping.Bhmem  - Unique mapped and paired reads 1726176 ...
[M::mem_process_seqs] Processed 1001 reads in 1.192 CPU sec, 0.152 real sec
[M::mem_process_seqs] Processed 1001 reads in 0.980 CPU sec, 0.126 real sec
[M::mem_process_seqs] Processed 1001 reads in 1.265 CPU sec, 0.160 real sec
[M::mem_process_seqs] Processed 1001 reads in 1.151 CPU sec, 0.145 real sec
680926 [main] INFO main.java.edu.mit.compbio.bisulfitehic.mapping.Bhmem  - Processing reads 1736000 ...
680926 [main] INFO main.java.edu.mit.compbio.bisulfitehic.mapping.Bhmem  - Unique mapped and paired reads 1728166 ...
680929 [main] INFO main.java.edu.mit.compbio.bisulfitehic.mapping.Bhmem  - Processing reads 1737000 ...
680929 [main] INFO main.java.edu.mit.compbio.bisulfitehic.mapping.Bhmem  - Unique mapped and paired reads 1728166 ...
[M::mem_process_seqs] Processed 1001 reads in 1.235 CPU sec, 0.160 real sec
[M::mem_process_seqs] Processed 1001 reads in 1.093 CPU sec, 0.162 real sec
[M::mem_process_seqs] Processed 1001 reads in 1.450 CPU sec, 0.185 real sec
[M::mem_process_seqs] Processed 1001 reads in 1.167 CPU sec, 0.149 real sec
681768 [main] INFO main.java.edu.mit.compbio.bisulfitehic.mapping.Bhmem  - Processing reads 1738000 ...
681768 [main] INFO main.java.edu.mit.compbio.bisulfitehic.mapping.Bhmem  - Unique mapped and paired reads 1730154 ...
681771 [main] INFO main.java.edu.mit.compbio.bisulfitehic.mapping.Bhmem  - Processing reads 1739000 ...
681771 [main] INFO main.java.edu.mit.compbio.bisulfitehic.mapping.Bhmem  - Unique mapped and paired reads 1730154 ...
[M::mem_process_seqs] Processed 1001 reads in 1.210 CPU sec, 0.160 real sec
[M::mem_process_seqs] Processed 1001 reads in 0.944 CPU sec, 0.123 real sec
[M::mem_process_seqs] Processed 1001 reads in 1.263 CPU sec, 0.160 real sec
[M::mem_process_seqs] Processed 1001 reads in 1.076 CPU sec, 0.137 real sec
682535 [main] INFO main.java.edu.mit.compbio.bisulfitehic.mapping.Bhmem  - Processing reads 1740000 ...
682535 [main] INFO main.java.edu.mit.compbio.bisulfitehic.mapping.Bhmem  - Unique mapped and paired reads 1732150 ...
682538 [main] INFO main.java.edu.mit.compbio.bisulfitehic.mapping.Bhmem  - Processing reads 1741000 ...
682538 [main] INFO main.java.edu.mit.compbio.bisulfitehic.mapping.Bhmem  - Unique mapped and paired reads 1732150 ...
[M::mem_process_seqs] Processed 1001 reads in 1.217 CPU sec, 0.156 real sec
[M::mem_process_seqs] Processed 1001 reads in 0.945 CPU sec, 0.123 real sec
[M::mem_process_seqs] Processed 1001 reads in 1.294 CPU sec, 0.166 real sec
[M::mem_process_seqs] Processed 1001 reads in 1.015 CPU sec, 0.130 real sec
683299 [main] INFO main.java.edu.mit.compbio.bisulfitehic.mapping.Bhmem  - Processing reads 1742000 ...
683299 [main] INFO main.java.edu.mit.compbio.bisulfitehic.mapping.Bhmem  - Unique mapped and paired reads 1734142 ...
683302 [main] INFO main.java.edu.mit.compbio.bisulfitehic.mapping.Bhmem  - Processing reads 1743000 ...
683302 [main] INFO main.java.edu.mit.compbio.bisulfitehic.mapping.Bhmem  - Unique mapped and paired reads 1734142 ...
[M::mem_process_seqs] Processed 1001 reads in 1.172 CPU sec, 0.149 real sec
[M::mem_process_seqs] Processed 1001 reads in 0.951 CPU sec, 0.121 real sec
[M::mem_process_seqs] Processed 1001 reads in 1.202 CPU sec, 0.153 real sec
[M::mem_process_seqs] Processed 1001 reads in 1.091 CPU sec, 0.140 real sec
684039 [main] INFO main.java.edu.mit.compbio.bisulfitehic.mapping.Bhmem  - Processing reads 1744000 ...
684039 [main] INFO main.java.edu.mit.compbio.bisulfitehic.mapping.Bhmem  - Unique mapped and paired reads 1736128 ...
684042 [main] INFO main.java.edu.mit.compbio.bisulfitehic.mapping.Bhmem  - Processing reads 1745000 ...
684042 [main] INFO main.java.edu.mit.compbio.bisulfitehic.mapping.Bhmem  - Unique mapped and paired reads 1736128 ...
[M::mem_process_seqs] Processed 1001 reads in 1.176 CPU sec, 0.150 real sec
[M::mem_process_seqs] Processed 1001 reads in 0.934 CPU sec, 0.119 real sec
[M::mem_process_seqs] Processed 1001 reads in 1.244 CPU sec, 0.158 real sec
[M::mem_process_seqs] Processed 1001 reads in 1.067 CPU sec, 0.137 real sec
684810 [main] INFO main.java.edu.mit.compbio.bisulfitehic.mapping.Bhmem  - Processing reads 1746000 ...
684811 [main] INFO main.java.edu.mit.compbio.bisulfitehic.mapping.Bhmem  - Unique mapped and paired reads 1738122 ...
684814 [main] INFO main.java.edu.mit.compbio.bisulfitehic.mapping.Bhmem  - Processing reads 1747000 ...
684814 [main] INFO main.java.edu.mit.compbio.bisulfitehic.mapping.Bhmem  - Unique mapped and paired reads 1738122 ...
[M::mem_process_seqs] Processed 1001 reads in 1.212 CPU sec, 0.154 real sec
[M::mem_process_seqs] Processed 1001 reads in 0.971 CPU sec, 0.127 real sec
[M::mem_process_seqs] Processed 1001 reads in 1.334 CPU sec, 0.168 real sec
[M::mem_process_seqs] Processed 1001 reads in 1.081 CPU sec, 0.137 real sec
685584 [main] INFO main.java.edu.mit.compbio.bisulfitehic.mapping.Bhmem  - Processing reads 1748000 ...
685584 [main] INFO main.java.edu.mit.compbio.bisulfitehic.mapping.Bhmem  - Unique mapped and paired reads 1740118 ...
685587 [main] INFO main.java.edu.mit.compbio.bisulfitehic.mapping.Bhmem  - Processing reads 1749000 ...
685587 [main] INFO main.java.edu.mit.compbio.bisulfitehic.mapping.Bhmem  - Unique mapped and paired reads 1740118 ...
[M::mem_process_seqs] Processed 1001 reads in 1.248 CPU sec, 0.158 real sec
[M::mem_process_seqs] Processed 1001 reads in 0.935 CPU sec, 0.119 real sec
[M::mem_process_seqs] Processed 1001 reads in 1.297 CPU sec, 0.167 real sec
[M::mem_process_seqs] Processed 1001 reads in 1.069 CPU sec, 0.138 real sec
686370 [main] INFO main.java.edu.mit.compbio.bisulfitehic.mapping.Bhmem  - Processing reads 1750000 ...
686370 [main] INFO main.java.edu.mit.compbio.bisulfitehic.mapping.Bhmem  - Unique mapped and paired reads 1742118 ...
686373 [main] INFO main.java.edu.mit.compbio.bisulfitehic.mapping.Bhmem  - Processing reads 1751000 ...
686373 [main] INFO main.java.edu.mit.compbio.bisulfitehic.mapping.Bhmem  - Unique mapped and paired reads 1742118 ...
[M::mem_process_seqs] Processed 1001 reads in 1.172 CPU sec, 0.152 real sec
[M::mem_process_seqs] Processed 1001 reads in 0.999 CPU sec, 0.126 real sec
[M::mem_process_seqs] Processed 1001 reads in 1.301 CPU sec, 0.172 real sec
[M::mem_process_seqs] Processed 1001 reads in 1.181 CPU sec, 0.152 real sec
687153 [main] INFO main.java.edu.mit.compbio.bisulfitehic.mapping.Bhmem  - Processing reads 1752000 ...
687154 [main] INFO main.java.edu.mit.compbio.bisulfitehic.mapping.Bhmem  - Unique mapped and paired reads 1744116 ...
687157 [main] INFO main.java.edu.mit.compbio.bisulfitehic.mapping.Bhmem  - Processing reads 1753000 ...
687157 [main] INFO main.java.edu.mit.compbio.bisulfitehic.mapping.Bhmem  - Unique mapped and paired reads 1744116 ...
[M::mem_process_seqs] Processed 1001 reads in 1.189 CPU sec, 0.151 real sec
[M::mem_process_seqs] Processed 1001 reads in 0.929 CPU sec, 0.119 real sec
[M::mem_process_seqs] Processed 1001 reads in 1.380 CPU sec, 0.175 real sec
[M::mem_process_seqs] Processed 1001 reads in 1.194 CPU sec, 0.157 real sec
687949 [main] INFO main.java.edu.mit.compbio.bisulfitehic.mapping.Bhmem  - Processing reads 1754000 ...
687949 [main] INFO main.java.edu.mit.compbio.bisulfitehic.mapping.Bhmem  - Unique mapped and paired reads 1746102 ...
687952 [main] INFO main.java.edu.mit.compbio.bisulfitehic.mapping.Bhmem  - Processing reads 1755000 ...
687952 [main] INFO main.java.edu.mit.compbio.bisulfitehic.mapping.Bhmem  - Unique mapped and paired reads 1746102 ...
[M::mem_process_seqs] Processed 1001 reads in 1.286 CPU sec, 0.164 real sec
[M::mem_process_seqs] Processed 1001 reads in 1.017 CPU sec, 0.128 real sec
[M::mem_process_seqs] Processed 1001 reads in 1.313 CPU sec, 0.167 real sec
[M::mem_process_seqs] Processed 1001 reads in 1.175 CPU sec, 0.160 real sec
688755 [main] INFO main.java.edu.mit.compbio.bisulfitehic.mapping.Bhmem  - Processing reads 1756000 ...
688755 [main] INFO main.java.edu.mit.compbio.bisulfitehic.mapping.Bhmem  - Unique mapped and paired reads 1748100 ...
688758 [main] INFO main.java.edu.mit.compbio.bisulfitehic.mapping.Bhmem  - Processing reads 1757000 ...
688758 [main] INFO main.java.edu.mit.compbio.bisulfitehic.mapping.Bhmem  - Unique mapped and paired reads 1748100 ...
[M::mem_process_seqs] Processed 1001 reads in 1.166 CPU sec, 0.153 real sec
[M::mem_process_seqs] Processed 1001 reads in 1.020 CPU sec, 0.130 real sec
[M::mem_process_seqs] Processed 1001 reads in 1.226 CPU sec, 0.164 real sec
[M::mem_process_seqs] Processed 1001 reads in 1.155 CPU sec, 0.147 real sec
689536 [main] INFO main.java.edu.mit.compbio.bisulfitehic.mapping.Bhmem  - Processing reads 1758000 ...
689536 [main] INFO main.java.edu.mit.compbio.bisulfitehic.mapping.Bhmem  - Unique mapped and paired reads 1750096 ...
689539 [main] INFO main.java.edu.mit.compbio.bisulfitehic.mapping.Bhmem  - Processing reads 1759000 ...
689539 [main] INFO main.java.edu.mit.compbio.bisulfitehic.mapping.Bhmem  - Unique mapped and paired reads 1750096 ...
[M::mem_process_seqs] Processed 1001 reads in 1.270 CPU sec, 0.162 real sec
[M::mem_process_seqs] Processed 1001 reads in 0.983 CPU sec, 0.127 real sec
[M::mem_process_seqs] Processed 1001 reads in 1.335 CPU sec, 0.174 real sec
[M::mem_process_seqs] Processed 1001 reads in 1.092 CPU sec, 0.141 real sec
690371 [main] INFO main.java.edu.mit.compbio.bisulfitehic.mapping.Bhmem  - Processing reads 1760000 ...
690371 [main] INFO main.java.edu.mit.compbio.bisulfitehic.mapping.Bhmem  - Unique mapped and paired reads 1752090 ...
690374 [main] INFO main.java.edu.mit.compbio.bisulfitehic.mapping.Bhmem  - Processing reads 1761000 ...
690374 [main] INFO main.java.edu.mit.compbio.bisulfitehic.mapping.Bhmem  - Unique mapped and paired reads 1752090 ...
[M::mem_process_seqs] Processed 1001 reads in 1.199 CPU sec, 0.153 real sec
[M::mem_process_seqs] Processed 1001 reads in 0.967 CPU sec, 0.122 real sec
[M::mem_process_seqs] Processed 1001 reads in 1.267 CPU sec, 0.163 real sec
[M::mem_process_seqs] Processed 1001 reads in 1.093 CPU sec, 0.138 real sec
691129 [main] INFO main.java.edu.mit.compbio.bisulfitehic.mapping.Bhmem  - Processing reads 1762000 ...
691129 [main] INFO main.java.edu.mit.compbio.bisulfitehic.mapping.Bhmem  - Unique mapped and paired reads 1754084 ...
691132 [main] INFO main.java.edu.mit.compbio.bisulfitehic.mapping.Bhmem  - Processing reads 1763000 ...
691132 [main] INFO main.java.edu.mit.compbio.bisulfitehic.mapping.Bhmem  - Unique mapped and paired reads 1754084 ...
[M::mem_process_seqs] Processed 1001 reads in 1.170 CPU sec, 0.150 real sec
[M::mem_process_seqs] Processed 1001 reads in 0.955 CPU sec, 0.122 real sec
[M::mem_process_seqs] Processed 1001 reads in 1.358 CPU sec, 0.172 real sec
[M::mem_process_seqs] Processed 1001 reads in 1.178 CPU sec, 0.152 real sec
691903 [main] INFO main.java.edu.mit.compbio.bisulfitehic.mapping.Bhmem  - Processing reads 1764000 ...
691903 [main] INFO main.java.edu.mit.compbio.bisulfitehic.mapping.Bhmem  - Unique mapped and paired reads 1756082 ...
691906 [main] INFO main.java.edu.mit.compbio.bisulfitehic.mapping.Bhmem  - Processing reads 1765000 ...
691906 [main] INFO main.java.edu.mit.compbio.bisulfitehic.mapping.Bhmem  - Unique mapped and paired reads 1756082 ...
[M::mem_process_seqs] Processed 1001 reads in 1.228 CPU sec, 0.157 real sec
[M::mem_process_seqs] Processed 1001 reads in 1.041 CPU sec, 0.134 real sec
[M::mem_process_seqs] Processed 1001 reads in 1.292 CPU sec, 0.169 real sec
[M::mem_process_seqs] Processed 1001 reads in 1.176 CPU sec, 0.151 real sec
692696 [main] INFO main.java.edu.mit.compbio.bisulfitehic.mapping.Bhmem  - Processing reads 1766000 ...
692696 [main] INFO main.java.edu.mit.compbio.bisulfitehic.mapping.Bhmem  - Unique mapped and paired reads 1758076 ...
692699 [main] INFO main.java.edu.mit.compbio.bisulfitehic.mapping.Bhmem  - Processing reads 1767000 ...
692699 [main] INFO main.java.edu.mit.compbio.bisulfitehic.mapping.Bhmem  - Unique mapped and paired reads 1758076 ...
[M::mem_process_seqs] Processed 1001 reads in 1.153 CPU sec, 0.146 real sec
[M::mem_process_seqs] Processed 1001 reads in 0.995 CPU sec, 0.135 real sec
[M::mem_process_seqs] Processed 1001 reads in 1.386 CPU sec, 0.181 real sec
[M::mem_process_seqs] Processed 1001 reads in 1.129 CPU sec, 0.142 real sec
693482 [main] INFO main.java.edu.mit.compbio.bisulfitehic.mapping.Bhmem  - Processing reads 1768000 ...
693482 [main] INFO main.java.edu.mit.compbio.bisulfitehic.mapping.Bhmem  - Unique mapped and paired reads 1760070 ...
693485 [main] INFO main.java.edu.mit.compbio.bisulfitehic.mapping.Bhmem  - Processing reads 1769000 ...
693485 [main] INFO main.java.edu.mit.compbio.bisulfitehic.mapping.Bhmem  - Unique mapped and paired reads 1760070 ...
[M::mem_process_seqs] Processed 1001 reads in 1.231 CPU sec, 0.156 real sec
[M::mem_process_seqs] Processed 1001 reads in 1.025 CPU sec, 0.131 real sec
[M::mem_process_seqs] Processed 1001 reads in 1.352 CPU sec, 0.175 real sec
[M::mem_process_seqs] Processed 1001 reads in 1.170 CPU sec, 0.148 real sec
694277 [main] INFO main.java.edu.mit.compbio.bisulfitehic.mapping.Bhmem  - Processing reads 1770000 ...
694277 [main] INFO main.java.edu.mit.compbio.bisulfitehic.mapping.Bhmem  - Unique mapped and paired reads 1762064 ...
694280 [main] INFO main.java.edu.mit.compbio.bisulfitehic.mapping.Bhmem  - Processing reads 1771000 ...
694280 [main] INFO main.java.edu.mit.compbio.bisulfitehic.mapping.Bhmem  - Unique mapped and paired reads 1762064 ...
[M::mem_process_seqs] Processed 1001 reads in 1.161 CPU sec, 0.148 real sec
[M::mem_process_seqs] Processed 1001 reads in 0.993 CPU sec, 0.126 real sec
[M::mem_process_seqs] Processed 1001 reads in 1.235 CPU sec, 0.161 real sec
[M::mem_process_seqs] Processed 1001 reads in 1.157 CPU sec, 0.147 real sec
695038 [main] INFO main.java.edu.mit.compbio.bisulfitehic.mapping.Bhmem  - Processing reads 1772000 ...
695038 [main] INFO main.java.edu.mit.compbio.bisulfitehic.mapping.Bhmem  - Unique mapped and paired reads 1764064 ...
695041 [main] INFO main.java.edu.mit.compbio.bisulfitehic.mapping.Bhmem  - Processing reads 1773000 ...
695041 [main] INFO main.java.edu.mit.compbio.bisulfitehic.mapping.Bhmem  - Unique mapped and paired reads 1764064 ...
[M::mem_process_seqs] Processed 1001 reads in 1.158 CPU sec, 0.150 real sec
[M::mem_process_seqs] Processed 1001 reads in 0.981 CPU sec, 0.125 real sec
[M::mem_process_seqs] Processed 1001 reads in 1.278 CPU sec, 0.162 real sec
[M::mem_process_seqs] Processed 1001 reads in 1.160 CPU sec, 0.149 real sec
695807 [main] INFO main.java.edu.mit.compbio.bisulfitehic.mapping.Bhmem  - Processing reads 1774000 ...
695807 [main] INFO main.java.edu.mit.compbio.bisulfitehic.mapping.Bhmem  - Unique mapped and paired reads 1766062 ...
695810 [main] INFO main.java.edu.mit.compbio.bisulfitehic.mapping.Bhmem  - Processing reads 1775000 ...
695810 [main] INFO main.java.edu.mit.compbio.bisulfitehic.mapping.Bhmem  - Unique mapped and paired reads 1766062 ...
[M::mem_process_seqs] Processed 1001 reads in 1.270 CPU sec, 0.160 real sec
[M::mem_process_seqs] Processed 1001 reads in 0.991 CPU sec, 0.126 real sec
[M::mem_process_seqs] Processed 1001 reads in 1.319 CPU sec, 0.167 real sec
[M::mem_process_seqs] Processed 1001 reads in 1.057 CPU sec, 0.134 real sec
696581 [main] INFO main.java.edu.mit.compbio.bisulfitehic.mapping.Bhmem  - Processing reads 1776000 ...
696581 [main] INFO main.java.edu.mit.compbio.bisulfitehic.mapping.Bhmem  - Unique mapped and paired reads 1768056 ...
696584 [main] INFO main.java.edu.mit.compbio.bisulfitehic.mapping.Bhmem  - Processing reads 1777000 ...
696584 [main] INFO main.java.edu.mit.compbio.bisulfitehic.mapping.Bhmem  - Unique mapped and paired reads 1768056 ...
[M::mem_process_seqs] Processed 1001 reads in 1.207 CPU sec, 0.161 real sec
[M::mem_process_seqs] Processed 1001 reads in 1.003 CPU sec, 0.131 real sec
[M::mem_process_seqs] Processed 1001 reads in 1.284 CPU sec, 0.162 real sec
[M::mem_process_seqs] Processed 1001 reads in 1.077 CPU sec, 0.138 real sec
697361 [main] INFO main.java.edu.mit.compbio.bisulfitehic.mapping.Bhmem  - Processing reads 1778000 ...
697361 [main] INFO main.java.edu.mit.compbio.bisulfitehic.mapping.Bhmem  - Unique mapped and paired reads 1770048 ...
697364 [main] INFO main.java.edu.mit.compbio.bisulfitehic.mapping.Bhmem  - Processing reads 1779000 ...
697364 [main] INFO main.java.edu.mit.compbio.bisulfitehic.mapping.Bhmem  - Unique mapped and paired reads 1770048 ...
[M::mem_process_seqs] Processed 1001 reads in 1.192 CPU sec, 0.152 real sec
[M::mem_process_seqs] Processed 1001 reads in 1.045 CPU sec, 0.133 real sec
[M::mem_process_seqs] Processed 1001 reads in 1.207 CPU sec, 0.153 real sec
[M::mem_process_seqs] Processed 1001 reads in 1.099 CPU sec, 0.143 real sec
698149 [main] INFO main.java.edu.mit.compbio.bisulfitehic.mapping.Bhmem  - Processing reads 1780000 ...
698149 [main] INFO main.java.edu.mit.compbio.bisulfitehic.mapping.Bhmem  - Unique mapped and paired reads 1772038 ...
698152 [main] INFO main.java.edu.mit.compbio.bisulfitehic.mapping.Bhmem  - Processing reads 1781000 ...
698152 [main] INFO main.java.edu.mit.compbio.bisulfitehic.mapping.Bhmem  - Unique mapped and paired reads 1772038 ...
[M::mem_process_seqs] Processed 1001 reads in 1.229 CPU sec, 0.156 real sec
[M::mem_process_seqs] Processed 1001 reads in 1.024 CPU sec, 0.129 real sec
[M::mem_process_seqs] Processed 1001 reads in 1.258 CPU sec, 0.159 real sec
[M::mem_process_seqs] Processed 1001 reads in 1.109 CPU sec, 0.142 real sec
698921 [main] INFO main.java.edu.mit.compbio.bisulfitehic.mapping.Bhmem  - Processing reads 1782000 ...
698921 [main] INFO main.java.edu.mit.compbio.bisulfitehic.mapping.Bhmem  - Unique mapped and paired reads 1774032 ...
698924 [main] INFO main.java.edu.mit.compbio.bisulfitehic.mapping.Bhmem  - Processing reads 1783000 ...
698924 [main] INFO main.java.edu.mit.compbio.bisulfitehic.mapping.Bhmem  - Unique mapped and paired reads 1774032 ...
[M::mem_process_seqs] Processed 1001 reads in 1.187 CPU sec, 0.155 real sec
[M::mem_process_seqs] Processed 1001 reads in 0.942 CPU sec, 0.121 real sec
[M::mem_process_seqs] Processed 1001 reads in 1.259 CPU sec, 0.159 real sec
[M::mem_process_seqs] Processed 1001 reads in 1.090 CPU sec, 0.138 real sec
699682 [main] INFO main.java.edu.mit.compbio.bisulfitehic.mapping.Bhmem  - Processing reads 1784000 ...
699682 [main] INFO main.java.edu.mit.compbio.bisulfitehic.mapping.Bhmem  - Unique mapped and paired reads 1776024 ...
699685 [main] INFO main.java.edu.mit.compbio.bisulfitehic.mapping.Bhmem  - Processing reads 1785000 ...
699685 [main] INFO main.java.edu.mit.compbio.bisulfitehic.mapping.Bhmem  - Unique mapped and paired reads 1776024 ...
[M::mem_process_seqs] Processed 1001 reads in 1.186 CPU sec, 0.151 real sec
[M::mem_process_seqs] Processed 1001 reads in 0.981 CPU sec, 0.126 real sec
[M::mem_process_seqs] Processed 1001 reads in 1.331 CPU sec, 0.173 real sec
[M::mem_process_seqs] Processed 1001 reads in 1.211 CPU sec, 0.161 real sec
700478 [main] INFO main.java.edu.mit.compbio.bisulfitehic.mapping.Bhmem  - Processing reads 1786000 ...
700478 [main] INFO main.java.edu.mit.compbio.bisulfitehic.mapping.Bhmem  - Unique mapped and paired reads 1778024 ...
700481 [main] INFO main.java.edu.mit.compbio.bisulfitehic.mapping.Bhmem  - Processing reads 1787000 ...
700481 [main] INFO main.java.edu.mit.compbio.bisulfitehic.mapping.Bhmem  - Unique mapped and paired reads 1778024 ...
[M::mem_process_seqs] Processed 1001 reads in 1.268 CPU sec, 0.160 real sec
[M::mem_process_seqs] Processed 1001 reads in 1.009 CPU sec, 0.132 real sec
[M::mem_process_seqs] Processed 1001 reads in 1.347 CPU sec, 0.186 real sec
[M::mem_process_seqs] Processed 1001 reads in 1.203 CPU sec, 0.160 real sec
701304 [main] INFO main.java.edu.mit.compbio.bisulfitehic.mapping.Bhmem  - Processing reads 1788000 ...
701304 [main] INFO main.java.edu.mit.compbio.bisulfitehic.mapping.Bhmem  - Unique mapped and paired reads 1780020 ...
701307 [main] INFO main.java.edu.mit.compbio.bisulfitehic.mapping.Bhmem  - Processing reads 1789000 ...
701307 [main] INFO main.java.edu.mit.compbio.bisulfitehic.mapping.Bhmem  - Unique mapped and paired reads 1780020 ...
[M::mem_process_seqs] Processed 1001 reads in 1.177 CPU sec, 0.150 real sec
[M::mem_process_seqs] Processed 1001 reads in 0.962 CPU sec, 0.122 real sec
[M::mem_process_seqs] Processed 1001 reads in 1.332 CPU sec, 0.169 real sec
[M::mem_process_seqs] Processed 1001 reads in 1.179 CPU sec, 0.150 real sec
702079 [main] INFO main.java.edu.mit.compbio.bisulfitehic.mapping.Bhmem  - Processing reads 1790000 ...
702079 [main] INFO main.java.edu.mit.compbio.bisulfitehic.mapping.Bhmem  - Unique mapped and paired reads 1782018 ...
702082 [main] INFO main.java.edu.mit.compbio.bisulfitehic.mapping.Bhmem  - Processing reads 1791000 ...
702082 [main] INFO main.java.edu.mit.compbio.bisulfitehic.mapping.Bhmem  - Unique mapped and paired reads 1782018 ...
[M::mem_process_seqs] Processed 1001 reads in 1.113 CPU sec, 0.142 real sec
[M::mem_process_seqs] Processed 1001 reads in 1.013 CPU sec, 0.138 real sec
[M::mem_process_seqs] Processed 1001 reads in 1.321 CPU sec, 0.167 real sec
[M::mem_process_seqs] Processed 1001 reads in 1.177 CPU sec, 0.150 real sec
702863 [main] INFO main.java.edu.mit.compbio.bisulfitehic.mapping.Bhmem  - Processing reads 1792000 ...
702863 [main] INFO main.java.edu.mit.compbio.bisulfitehic.mapping.Bhmem  - Unique mapped and paired reads 1784010 ...
702866 [main] INFO main.java.edu.mit.compbio.bisulfitehic.mapping.Bhmem  - Processing reads 1793000 ...
702866 [main] INFO main.java.edu.mit.compbio.bisulfitehic.mapping.Bhmem  - Unique mapped and paired reads 1784010 ...
[M::mem_process_seqs] Processed 1001 reads in 1.209 CPU sec, 0.154 real sec
[M::mem_process_seqs] Processed 1001 reads in 0.977 CPU sec, 0.125 real sec
[M::mem_process_seqs] Processed 1001 reads in 1.358 CPU sec, 0.173 real sec
[M::mem_process_seqs] Processed 1001 reads in 1.201 CPU sec, 0.153 real sec
703651 [main] INFO main.java.edu.mit.compbio.bisulfitehic.mapping.Bhmem  - Processing reads 1794000 ...
703651 [main] INFO main.java.edu.mit.compbio.bisulfitehic.mapping.Bhmem  - Unique mapped and paired reads 1786000 ...
703654 [main] INFO main.java.edu.mit.compbio.bisulfitehic.mapping.Bhmem  - Processing reads 1795000 ...
703654 [main] INFO main.java.edu.mit.compbio.bisulfitehic.mapping.Bhmem  - Unique mapped and paired reads 1786000 ...
[M::mem_process_seqs] Processed 1001 reads in 1.304 CPU sec, 0.170 real sec
[M::mem_process_seqs] Processed 1001 reads in 1.070 CPU sec, 0.138 real sec
[M::mem_process_seqs] Processed 1001 reads in 1.353 CPU sec, 0.173 real sec
[M::mem_process_seqs] Processed 1001 reads in 1.233 CPU sec, 0.159 real sec
704479 [main] INFO main.java.edu.mit.compbio.bisulfitehic.mapping.Bhmem  - Processing reads 1796000 ...
704479 [main] INFO main.java.edu.mit.compbio.bisulfitehic.mapping.Bhmem  - Unique mapped and paired reads 1788000 ...
704482 [main] INFO main.java.edu.mit.compbio.bisulfitehic.mapping.Bhmem  - Processing reads 1797000 ...
704482 [main] INFO main.java.edu.mit.compbio.bisulfitehic.mapping.Bhmem  - Unique mapped and paired reads 1788000 ...
[M::mem_process_seqs] Processed 1001 reads in 1.212 CPU sec, 0.154 real sec
[M::mem_process_seqs] Processed 1001 reads in 0.944 CPU sec, 0.120 real sec
[M::mem_process_seqs] Processed 1001 reads in 1.353 CPU sec, 0.175 real sec
[M::mem_process_seqs] Processed 1001 reads in 1.137 CPU sec, 0.148 real sec
705262 [main] INFO main.java.edu.mit.compbio.bisulfitehic.mapping.Bhmem  - Processing reads 1798000 ...
705262 [main] INFO main.java.edu.mit.compbio.bisulfitehic.mapping.Bhmem  - Unique mapped and paired reads 1789990 ...
705265 [main] INFO main.java.edu.mit.compbio.bisulfitehic.mapping.Bhmem  - Processing reads 1799000 ...
705265 [main] INFO main.java.edu.mit.compbio.bisulfitehic.mapping.Bhmem  - Unique mapped and paired reads 1789990 ...
[M::mem_process_seqs] Processed 1001 reads in 1.249 CPU sec, 0.158 real sec
[M::mem_process_seqs] Processed 1001 reads in 1.029 CPU sec, 0.130 real sec
[M::mem_process_seqs] Processed 1001 reads in 1.366 CPU sec, 0.174 real sec
[M::mem_process_seqs] Processed 1001 reads in 1.180 CPU sec, 0.149 real sec
706060 [main] INFO main.java.edu.mit.compbio.bisulfitehic.mapping.Bhmem  - Processing reads 1800000 ...
706060 [main] INFO main.java.edu.mit.compbio.bisulfitehic.mapping.Bhmem  - Unique mapped and paired reads 1791988 ...
706064 [main] INFO main.java.edu.mit.compbio.bisulfitehic.mapping.Bhmem  - Processing reads 1801000 ...
706064 [main] INFO main.java.edu.mit.compbio.bisulfitehic.mapping.Bhmem  - Unique mapped and paired reads 1791988 ...
[M::mem_process_seqs] Processed 1001 reads in 1.158 CPU sec, 0.148 real sec
[M::mem_process_seqs] Processed 1001 reads in 1.024 CPU sec, 0.131 real sec
[M::mem_process_seqs] Processed 1001 reads in 1.301 CPU sec, 0.171 real sec
[M::mem_process_seqs] Processed 1001 reads in 1.129 CPU sec, 0.146 real sec
706836 [main] INFO main.java.edu.mit.compbio.bisulfitehic.mapping.Bhmem  - Processing reads 1802000 ...
706836 [main] INFO main.java.edu.mit.compbio.bisulfitehic.mapping.Bhmem  - Unique mapped and paired reads 1793990 ...
706839 [main] INFO main.java.edu.mit.compbio.bisulfitehic.mapping.Bhmem  - Processing reads 1803000 ...
706839 [main] INFO main.java.edu.mit.compbio.bisulfitehic.mapping.Bhmem  - Unique mapped and paired reads 1793990 ...
[M::mem_process_seqs] Processed 1001 reads in 1.231 CPU sec, 0.166 real sec
[M::mem_process_seqs] Processed 1001 reads in 1.032 CPU sec, 0.138 real sec
[M::mem_process_seqs] Processed 1001 reads in 1.359 CPU sec, 0.175 real sec
[M::mem_process_seqs] Processed 1001 reads in 1.169 CPU sec, 0.159 real sec
707664 [main] INFO main.java.edu.mit.compbio.bisulfitehic.mapping.Bhmem  - Processing reads 1804000 ...
707664 [main] INFO main.java.edu.mit.compbio.bisulfitehic.mapping.Bhmem  - Unique mapped and paired reads 1795984 ...
707667 [main] INFO main.java.edu.mit.compbio.bisulfitehic.mapping.Bhmem  - Processing reads 1805000 ...
707667 [main] INFO main.java.edu.mit.compbio.bisulfitehic.mapping.Bhmem  - Unique mapped and paired reads 1795984 ...
[M::mem_process_seqs] Processed 1001 reads in 1.283 CPU sec, 0.162 real sec
[M::mem_process_seqs] Processed 1001 reads in 0.999 CPU sec, 0.128 real sec
[M::mem_process_seqs] Processed 1001 reads in 1.366 CPU sec, 0.172 real sec
[M::mem_process_seqs] Processed 1001 reads in 1.130 CPU sec, 0.151 real sec
708455 [main] INFO main.java.edu.mit.compbio.bisulfitehic.mapping.Bhmem  - Processing reads 1806000 ...
708455 [main] INFO main.java.edu.mit.compbio.bisulfitehic.mapping.Bhmem  - Unique mapped and paired reads 1797978 ...
708459 [main] INFO main.java.edu.mit.compbio.bisulfitehic.mapping.Bhmem  - Processing reads 1807000 ...
708459 [main] INFO main.java.edu.mit.compbio.bisulfitehic.mapping.Bhmem  - Unique mapped and paired reads 1797978 ...
[M::mem_process_seqs] Processed 1001 reads in 1.156 CPU sec, 0.147 real sec
[M::mem_process_seqs] Processed 1001 reads in 1.040 CPU sec, 0.133 real sec
[M::mem_process_seqs] Processed 1001 reads in 1.280 CPU sec, 0.163 real sec
[M::mem_process_seqs] Processed 1001 reads in 1.142 CPU sec, 0.146 real sec
709228 [main] INFO main.java.edu.mit.compbio.bisulfitehic.mapping.Bhmem  - Processing reads 1808000 ...
709228 [main] INFO main.java.edu.mit.compbio.bisulfitehic.mapping.Bhmem  - Unique mapped and paired reads 1799970 ...
709231 [main] INFO main.java.edu.mit.compbio.bisulfitehic.mapping.Bhmem  - Processing reads 1809000 ...
709231 [main] INFO main.java.edu.mit.compbio.bisulfitehic.mapping.Bhmem  - Unique mapped and paired reads 1799970 ...
[M::mem_process_seqs] Processed 1001 reads in 1.243 CPU sec, 0.159 real sec
[M::mem_process_seqs] Processed 1001 reads in 1.034 CPU sec, 0.135 real sec
[M::mem_process_seqs] Processed 1001 reads in 1.389 CPU sec, 0.186 real sec
[M::mem_process_seqs] Processed 1001 reads in 1.251 CPU sec, 0.164 real sec
710071 [main] INFO main.java.edu.mit.compbio.bisulfitehic.mapping.Bhmem  - Processing reads 1810000 ...
710071 [main] INFO main.java.edu.mit.compbio.bisulfitehic.mapping.Bhmem  - Unique mapped and paired reads 1801966 ...
710074 [main] INFO main.java.edu.mit.compbio.bisulfitehic.mapping.Bhmem  - Processing reads 1811000 ...
710074 [main] INFO main.java.edu.mit.compbio.bisulfitehic.mapping.Bhmem  - Unique mapped and paired reads 1801966 ...
[M::mem_process_seqs] Processed 1001 reads in 1.320 CPU sec, 0.176 real sec
[M::mem_process_seqs] Processed 1001 reads in 1.041 CPU sec, 0.132 real sec
[M::mem_process_seqs] Processed 1001 reads in 1.398 CPU sec, 0.185 real sec
[M::mem_process_seqs] Processed 1001 reads in 1.295 CPU sec, 0.164 real sec
710920 [main] INFO main.java.edu.mit.compbio.bisulfitehic.mapping.Bhmem  - Processing reads 1812000 ...
710920 [main] INFO main.java.edu.mit.compbio.bisulfitehic.mapping.Bhmem  - Unique mapped and paired reads 1803964 ...
710923 [main] INFO main.java.edu.mit.compbio.bisulfitehic.mapping.Bhmem  - Processing reads 1813000 ...
710923 [main] INFO main.java.edu.mit.compbio.bisulfitehic.mapping.Bhmem  - Unique mapped and paired reads 1803964 ...
[M::mem_process_seqs] Processed 1001 reads in 1.163 CPU sec, 0.150 real sec
[M::mem_process_seqs] Processed 1001 reads in 0.982 CPU sec, 0.127 real sec
[M::mem_process_seqs] Processed 1001 reads in 1.295 CPU sec, 0.165 real sec
[M::mem_process_seqs] Processed 1001 reads in 1.154 CPU sec, 0.149 real sec
711693 [main] INFO main.java.edu.mit.compbio.bisulfitehic.mapping.Bhmem  - Processing reads 1814000 ...
711693 [main] INFO main.java.edu.mit.compbio.bisulfitehic.mapping.Bhmem  - Unique mapped and paired reads 1805958 ...
711696 [main] INFO main.java.edu.mit.compbio.bisulfitehic.mapping.Bhmem  - Processing reads 1815000 ...
711696 [main] INFO main.java.edu.mit.compbio.bisulfitehic.mapping.Bhmem  - Unique mapped and paired reads 1805958 ...
[M::mem_process_seqs] Processed 1001 reads in 1.251 CPU sec, 0.159 real sec
[M::mem_process_seqs] Processed 1001 reads in 1.016 CPU sec, 0.130 real sec
[M::mem_process_seqs] Processed 1001 reads in 1.303 CPU sec, 0.170 real sec
[M::mem_process_seqs] Processed 1001 reads in 1.140 CPU sec, 0.150 real sec
712487 [main] INFO main.java.edu.mit.compbio.bisulfitehic.mapping.Bhmem  - Processing reads 1816000 ...
712487 [main] INFO main.java.edu.mit.compbio.bisulfitehic.mapping.Bhmem  - Unique mapped and paired reads 1807958 ...
712490 [main] INFO main.java.edu.mit.compbio.bisulfitehic.mapping.Bhmem  - Processing reads 1817000 ...
712491 [main] INFO main.java.edu.mit.compbio.bisulfitehic.mapping.Bhmem  - Unique mapped and paired reads 1807958 ...
[M::mem_process_seqs] Processed 1001 reads in 1.212 CPU sec, 0.155 real sec
[M::mem_process_seqs] Processed 1001 reads in 1.040 CPU sec, 0.135 real sec
[M::mem_process_seqs] Processed 1001 reads in 1.353 CPU sec, 0.174 real sec
[M::mem_process_seqs] Processed 1001 reads in 1.139 CPU sec, 0.146 real sec
713284 [main] INFO main.java.edu.mit.compbio.bisulfitehic.mapping.Bhmem  - Processing reads 1818000 ...
713284 [main] INFO main.java.edu.mit.compbio.bisulfitehic.mapping.Bhmem  - Unique mapped and paired reads 1809944 ...
713287 [main] INFO main.java.edu.mit.compbio.bisulfitehic.mapping.Bhmem  - Processing reads 1819000 ...
713287 [main] INFO main.java.edu.mit.compbio.bisulfitehic.mapping.Bhmem  - Unique mapped and paired reads 1809944 ...
[M::mem_process_seqs] Processed 1001 reads in 1.204 CPU sec, 0.161 real sec
[M::mem_process_seqs] Processed 1001 reads in 0.981 CPU sec, 0.124 real sec
[M::mem_process_seqs] Processed 1001 reads in 1.353 CPU sec, 0.171 real sec
[M::mem_process_seqs] Processed 1001 reads in 1.063 CPU sec, 0.135 real sec
714074 [main] INFO main.java.edu.mit.compbio.bisulfitehic.mapping.Bhmem  - Processing reads 1820000 ...
714074 [main] INFO main.java.edu.mit.compbio.bisulfitehic.mapping.Bhmem  - Unique mapped and paired reads 1811940 ...
714078 [main] INFO main.java.edu.mit.compbio.bisulfitehic.mapping.Bhmem  - Processing reads 1821000 ...
714078 [main] INFO main.java.edu.mit.compbio.bisulfitehic.mapping.Bhmem  - Unique mapped and paired reads 1811940 ...
[M::mem_process_seqs] Processed 1001 reads in 1.236 CPU sec, 0.156 real sec
[M::mem_process_seqs] Processed 1001 reads in 0.959 CPU sec, 0.123 real sec
[M::mem_process_seqs] Processed 1001 reads in 1.316 CPU sec, 0.167 real sec
[M::mem_process_seqs] Processed 1001 reads in 1.186 CPU sec, 0.150 real sec
714856 [main] INFO main.java.edu.mit.compbio.bisulfitehic.mapping.Bhmem  - Processing reads 1822000 ...
714856 [main] INFO main.java.edu.mit.compbio.bisulfitehic.mapping.Bhmem  - Unique mapped and paired reads 1813932 ...
714859 [main] INFO main.java.edu.mit.compbio.bisulfitehic.mapping.Bhmem  - Processing reads 1823000 ...
714859 [main] INFO main.java.edu.mit.compbio.bisulfitehic.mapping.Bhmem  - Unique mapped and paired reads 1813932 ...
[M::mem_process_seqs] Processed 1001 reads in 1.283 CPU sec, 0.164 real sec
[M::mem_process_seqs] Processed 1001 reads in 0.997 CPU sec, 0.127 real sec
[M::mem_process_seqs] Processed 1001 reads in 1.353 CPU sec, 0.173 real sec
[M::mem_process_seqs] Processed 1001 reads in 1.089 CPU sec, 0.140 real sec
715644 [main] INFO main.java.edu.mit.compbio.bisulfitehic.mapping.Bhmem  - Processing reads 1824000 ...
715644 [main] INFO main.java.edu.mit.compbio.bisulfitehic.mapping.Bhmem  - Unique mapped and paired reads 1815922 ...
715647 [main] INFO main.java.edu.mit.compbio.bisulfitehic.mapping.Bhmem  - Processing reads 1825000 ...
715647 [main] INFO main.java.edu.mit.compbio.bisulfitehic.mapping.Bhmem  - Unique mapped and paired reads 1815922 ...
[M::mem_process_seqs] Processed 1001 reads in 1.152 CPU sec, 0.147 real sec
[M::mem_process_seqs] Processed 1001 reads in 0.980 CPU sec, 0.125 real sec
[M::mem_process_seqs] Processed 1001 reads in 1.249 CPU sec, 0.160 real sec
[M::mem_process_seqs] Processed 1001 reads in 1.102 CPU sec, 0.140 real sec
716407 [main] INFO main.java.edu.mit.compbio.bisulfitehic.mapping.Bhmem  - Processing reads 1826000 ...
716407 [main] INFO main.java.edu.mit.compbio.bisulfitehic.mapping.Bhmem  - Unique mapped and paired reads 1817918 ...
716410 [main] INFO main.java.edu.mit.compbio.bisulfitehic.mapping.Bhmem  - Processing reads 1827000 ...
716410 [main] INFO main.java.edu.mit.compbio.bisulfitehic.mapping.Bhmem  - Unique mapped and paired reads 1817918 ...
[M::mem_process_seqs] Processed 1001 reads in 1.266 CPU sec, 0.161 real sec
[M::mem_process_seqs] Processed 1001 reads in 1.022 CPU sec, 0.130 real sec
[M::mem_process_seqs] Processed 1001 reads in 1.354 CPU sec, 0.171 real sec
[M::mem_process_seqs] Processed 1001 reads in 1.168 CPU sec, 0.152 real sec
717205 [main] INFO main.java.edu.mit.compbio.bisulfitehic.mapping.Bhmem  - Processing reads 1828000 ...
717205 [main] INFO main.java.edu.mit.compbio.bisulfitehic.mapping.Bhmem  - Unique mapped and paired reads 1819910 ...
717208 [main] INFO main.java.edu.mit.compbio.bisulfitehic.mapping.Bhmem  - Processing reads 1829000 ...
717208 [main] INFO main.java.edu.mit.compbio.bisulfitehic.mapping.Bhmem  - Unique mapped and paired reads 1819910 ...
[M::mem_process_seqs] Processed 1001 reads in 1.260 CPU sec, 0.160 real sec
[M::mem_process_seqs] Processed 1001 reads in 1.034 CPU sec, 0.133 real sec
[M::mem_process_seqs] Processed 1001 reads in 1.354 CPU sec, 0.172 real sec
[M::mem_process_seqs] Processed 1001 reads in 1.128 CPU sec, 0.145 real sec
718002 [main] INFO main.java.edu.mit.compbio.bisulfitehic.mapping.Bhmem  - Processing reads 1830000 ...
718002 [main] INFO main.java.edu.mit.compbio.bisulfitehic.mapping.Bhmem  - Unique mapped and paired reads 1821906 ...
718005 [main] INFO main.java.edu.mit.compbio.bisulfitehic.mapping.Bhmem  - Processing reads 1831000 ...
718005 [main] INFO main.java.edu.mit.compbio.bisulfitehic.mapping.Bhmem  - Unique mapped and paired reads 1821906 ...
[M::mem_process_seqs] Processed 1001 reads in 1.153 CPU sec, 0.146 real sec
[M::mem_process_seqs] Processed 1001 reads in 1.042 CPU sec, 0.138 real sec
[M::mem_process_seqs] Processed 1001 reads in 1.251 CPU sec, 0.158 real sec
[M::mem_process_seqs] Processed 1001 reads in 1.219 CPU sec, 0.155 real sec
718781 [main] INFO main.java.edu.mit.compbio.bisulfitehic.mapping.Bhmem  - Processing reads 1832000 ...
718781 [main] INFO main.java.edu.mit.compbio.bisulfitehic.mapping.Bhmem  - Unique mapped and paired reads 1823898 ...
718784 [main] INFO main.java.edu.mit.compbio.bisulfitehic.mapping.Bhmem  - Processing reads 1833000 ...
718784 [main] INFO main.java.edu.mit.compbio.bisulfitehic.mapping.Bhmem  - Unique mapped and paired reads 1823898 ...
[M::mem_process_seqs] Processed 1001 reads in 1.243 CPU sec, 0.159 real sec
[M::mem_process_seqs] Processed 1001 reads in 1.018 CPU sec, 0.130 real sec
[M::mem_process_seqs] Processed 1001 reads in 1.325 CPU sec, 0.168 real sec
[M::mem_process_seqs] Processed 1001 reads in 1.160 CPU sec, 0.150 real sec
719568 [main] INFO main.java.edu.mit.compbio.bisulfitehic.mapping.Bhmem  - Processing reads 1834000 ...
719568 [main] INFO main.java.edu.mit.compbio.bisulfitehic.mapping.Bhmem  - Unique mapped and paired reads 1825896 ...
719571 [main] INFO main.java.edu.mit.compbio.bisulfitehic.mapping.Bhmem  - Processing reads 1835000 ...
719571 [main] INFO main.java.edu.mit.compbio.bisulfitehic.mapping.Bhmem  - Unique mapped and paired reads 1825896 ...
[M::mem_process_seqs] Processed 1001 reads in 1.233 CPU sec, 0.156 real sec
[M::mem_process_seqs] Processed 1001 reads in 1.034 CPU sec, 0.135 real sec
[M::mem_process_seqs] Processed 1001 reads in 1.383 CPU sec, 0.185 real sec
[M::mem_process_seqs] Processed 1001 reads in 1.232 CPU sec, 0.159 real sec
720391 [main] INFO main.java.edu.mit.compbio.bisulfitehic.mapping.Bhmem  - Processing reads 1836000 ...
720391 [main] INFO main.java.edu.mit.compbio.bisulfitehic.mapping.Bhmem  - Unique mapped and paired reads 1827894 ...
720394 [main] INFO main.java.edu.mit.compbio.bisulfitehic.mapping.Bhmem  - Processing reads 1837000 ...
720394 [main] INFO main.java.edu.mit.compbio.bisulfitehic.mapping.Bhmem  - Unique mapped and paired reads 1827894 ...
[M::mem_process_seqs] Processed 1001 reads in 1.215 CPU sec, 0.157 real sec
[M::mem_process_seqs] Processed 1001 reads in 1.068 CPU sec, 0.138 real sec
[M::mem_process_seqs] Processed 1001 reads in 1.223 CPU sec, 0.155 real sec
[M::mem_process_seqs] Processed 1001 reads in 1.232 CPU sec, 0.157 real sec
721185 [main] INFO main.java.edu.mit.compbio.bisulfitehic.mapping.Bhmem  - Processing reads 1838000 ...
721185 [main] INFO main.java.edu.mit.compbio.bisulfitehic.mapping.Bhmem  - Unique mapped and paired reads 1829890 ...
721188 [main] INFO main.java.edu.mit.compbio.bisulfitehic.mapping.Bhmem  - Processing reads 1839000 ...
721188 [main] INFO main.java.edu.mit.compbio.bisulfitehic.mapping.Bhmem  - Unique mapped and paired reads 1829890 ...
[M::mem_process_seqs] Processed 1001 reads in 1.235 CPU sec, 0.158 real sec
[M::mem_process_seqs] Processed 1001 reads in 1.006 CPU sec, 0.127 real sec
[M::mem_process_seqs] Processed 1001 reads in 1.376 CPU sec, 0.175 real sec
[M::mem_process_seqs] Processed 1001 reads in 1.186 CPU sec, 0.151 real sec
721986 [main] INFO main.java.edu.mit.compbio.bisulfitehic.mapping.Bhmem  - Processing reads 1840000 ...
721986 [main] INFO main.java.edu.mit.compbio.bisulfitehic.mapping.Bhmem  - Unique mapped and paired reads 1831892 ...
721989 [main] INFO main.java.edu.mit.compbio.bisulfitehic.mapping.Bhmem  - Processing reads 1841000 ...
721989 [main] INFO main.java.edu.mit.compbio.bisulfitehic.mapping.Bhmem  - Unique mapped and paired reads 1831892 ...
[M::mem_process_seqs] Processed 1001 reads in 1.229 CPU sec, 0.156 real sec
[M::mem_process_seqs] Processed 1001 reads in 1.004 CPU sec, 0.128 real sec
[M::mem_process_seqs] Processed 1001 reads in 1.368 CPU sec, 0.173 real sec
[M::mem_process_seqs] Processed 1001 reads in 1.265 CPU sec, 0.162 real sec
722797 [main] INFO main.java.edu.mit.compbio.bisulfitehic.mapping.Bhmem  - Processing reads 1842000 ...
722797 [main] INFO main.java.edu.mit.compbio.bisulfitehic.mapping.Bhmem  - Unique mapped and paired reads 1833884 ...
722800 [main] INFO main.java.edu.mit.compbio.bisulfitehic.mapping.Bhmem  - Processing reads 1843000 ...
722800 [main] INFO main.java.edu.mit.compbio.bisulfitehic.mapping.Bhmem  - Unique mapped and paired reads 1833884 ...
[M::mem_process_seqs] Processed 1001 reads in 1.284 CPU sec, 0.166 real sec
[M::mem_process_seqs] Processed 1001 reads in 1.042 CPU sec, 0.132 real sec
[M::mem_process_seqs] Processed 1001 reads in 1.429 CPU sec, 0.181 real sec
[M::mem_process_seqs] Processed 1001 reads in 1.279 CPU sec, 0.165 real sec
723627 [main] INFO main.java.edu.mit.compbio.bisulfitehic.mapping.Bhmem  - Processing reads 1844000 ...
723627 [main] INFO main.java.edu.mit.compbio.bisulfitehic.mapping.Bhmem  - Unique mapped and paired reads 1835884 ...
723630 [main] INFO main.java.edu.mit.compbio.bisulfitehic.mapping.Bhmem  - Processing reads 1845000 ...
723630 [main] INFO main.java.edu.mit.compbio.bisulfitehic.mapping.Bhmem  - Unique mapped and paired reads 1835884 ...
[M::mem_process_seqs] Processed 1001 reads in 1.261 CPU sec, 0.162 real sec
[M::mem_process_seqs] Processed 1001 reads in 1.060 CPU sec, 0.135 real sec
[M::mem_process_seqs] Processed 1001 reads in 1.375 CPU sec, 0.175 real sec
[M::mem_process_seqs] Processed 1001 reads in 1.219 CPU sec, 0.158 real sec
724445 [main] INFO main.java.edu.mit.compbio.bisulfitehic.mapping.Bhmem  - Processing reads 1846000 ...
724445 [main] INFO main.java.edu.mit.compbio.bisulfitehic.mapping.Bhmem  - Unique mapped and paired reads 1837874 ...
724448 [main] INFO main.java.edu.mit.compbio.bisulfitehic.mapping.Bhmem  - Processing reads 1847000 ...
724448 [main] INFO main.java.edu.mit.compbio.bisulfitehic.mapping.Bhmem  - Unique mapped and paired reads 1837874 ...
[M::mem_process_seqs] Processed 1001 reads in 1.195 CPU sec, 0.151 real sec
[M::mem_process_seqs] Processed 1001 reads in 1.025 CPU sec, 0.139 real sec
[M::mem_process_seqs] Processed 1001 reads in 1.370 CPU sec, 0.176 real sec
[M::mem_process_seqs] Processed 1001 reads in 1.163 CPU sec, 0.146 real sec
725249 [main] INFO main.java.edu.mit.compbio.bisulfitehic.mapping.Bhmem  - Processing reads 1848000 ...
725249 [main] INFO main.java.edu.mit.compbio.bisulfitehic.mapping.Bhmem  - Unique mapped and paired reads 1839868 ...
725252 [main] INFO main.java.edu.mit.compbio.bisulfitehic.mapping.Bhmem  - Processing reads 1849000 ...
725252 [main] INFO main.java.edu.mit.compbio.bisulfitehic.mapping.Bhmem  - Unique mapped and paired reads 1839868 ...
[M::mem_process_seqs] Processed 1001 reads in 1.135 CPU sec, 0.145 real sec
[M::mem_process_seqs] Processed 1001 reads in 0.978 CPU sec, 0.124 real sec
[M::mem_process_seqs] Processed 1001 reads in 1.301 CPU sec, 0.166 real sec
[M::mem_process_seqs] Processed 1001 reads in 1.208 CPU sec, 0.154 real sec
726024 [main] INFO main.java.edu.mit.compbio.bisulfitehic.mapping.Bhmem  - Processing reads 1850000 ...
726024 [main] INFO main.java.edu.mit.compbio.bisulfitehic.mapping.Bhmem  - Unique mapped and paired reads 1841864 ...
726027 [main] INFO main.java.edu.mit.compbio.bisulfitehic.mapping.Bhmem  - Processing reads 1851000 ...
726027 [main] INFO main.java.edu.mit.compbio.bisulfitehic.mapping.Bhmem  - Unique mapped and paired reads 1841864 ...
[M::mem_process_seqs] Processed 1001 reads in 1.112 CPU sec, 0.145 real sec
[M::mem_process_seqs] Processed 1001 reads in 0.866 CPU sec, 0.115 real sec
[M::mem_process_seqs] Processed 1001 reads in 1.302 CPU sec, 0.166 real sec
[M::mem_process_seqs] Processed 1001 reads in 1.070 CPU sec, 0.136 real sec
726770 [main] INFO main.java.edu.mit.compbio.bisulfitehic.mapping.Bhmem  - Processing reads 1852000 ...
726770 [main] INFO main.java.edu.mit.compbio.bisulfitehic.mapping.Bhmem  - Unique mapped and paired reads 1843856 ...
726773 [main] INFO main.java.edu.mit.compbio.bisulfitehic.mapping.Bhmem  - Processing reads 1853000 ...
726773 [main] INFO main.java.edu.mit.compbio.bisulfitehic.mapping.Bhmem  - Unique mapped and paired reads 1843856 ...
[M::mem_process_seqs] Processed 1001 reads in 1.146 CPU sec, 0.148 real sec
[M::mem_process_seqs] Processed 1001 reads in 0.966 CPU sec, 0.126 real sec
[M::mem_process_seqs] Processed 1001 reads in 1.329 CPU sec, 0.172 real sec
[M::mem_process_seqs] Processed 1001 reads in 1.134 CPU sec, 0.145 real sec
727547 [main] INFO main.java.edu.mit.compbio.bisulfitehic.mapping.Bhmem  - Processing reads 1854000 ...
727547 [main] INFO main.java.edu.mit.compbio.bisulfitehic.mapping.Bhmem  - Unique mapped and paired reads 1845850 ...
727550 [main] INFO main.java.edu.mit.compbio.bisulfitehic.mapping.Bhmem  - Processing reads 1855000 ...
727550 [main] INFO main.java.edu.mit.compbio.bisulfitehic.mapping.Bhmem  - Unique mapped and paired reads 1845850 ...
[M::mem_process_seqs] Processed 1001 reads in 1.222 CPU sec, 0.155 real sec
[M::mem_process_seqs] Processed 1001 reads in 0.947 CPU sec, 0.123 real sec
[M::mem_process_seqs] Processed 1001 reads in 1.367 CPU sec, 0.174 real sec
[M::mem_process_seqs] Processed 1001 reads in 1.213 CPU sec, 0.157 real sec
728344 [main] INFO main.java.edu.mit.compbio.bisulfitehic.mapping.Bhmem  - Processing reads 1856000 ...
728344 [main] INFO main.java.edu.mit.compbio.bisulfitehic.mapping.Bhmem  - Unique mapped and paired reads 1847846 ...
728347 [main] INFO main.java.edu.mit.compbio.bisulfitehic.mapping.Bhmem  - Processing reads 1857000 ...
728347 [main] INFO main.java.edu.mit.compbio.bisulfitehic.mapping.Bhmem  - Unique mapped and paired reads 1847846 ...
[M::mem_process_seqs] Processed 1001 reads in 1.158 CPU sec, 0.150 real sec
[M::mem_process_seqs] Processed 1001 reads in 0.961 CPU sec, 0.123 real sec
[M::mem_process_seqs] Processed 1001 reads in 1.298 CPU sec, 0.167 real sec
[M::mem_process_seqs] Processed 1001 reads in 1.138 CPU sec, 0.144 real sec
729115 [main] INFO main.java.edu.mit.compbio.bisulfitehic.mapping.Bhmem  - Processing reads 1858000 ...
729115 [main] INFO main.java.edu.mit.compbio.bisulfitehic.mapping.Bhmem  - Unique mapped and paired reads 1849842 ...
729118 [main] INFO main.java.edu.mit.compbio.bisulfitehic.mapping.Bhmem  - Processing reads 1859000 ...
729118 [main] INFO main.java.edu.mit.compbio.bisulfitehic.mapping.Bhmem  - Unique mapped and paired reads 1849842 ...
[M::mem_process_seqs] Processed 1001 reads in 1.213 CPU sec, 0.154 real sec
[M::mem_process_seqs] Processed 1001 reads in 0.963 CPU sec, 0.124 real sec
[M::mem_process_seqs] Processed 1001 reads in 1.320 CPU sec, 0.168 real sec
[M::mem_process_seqs] Processed 1001 reads in 1.112 CPU sec, 0.141 real sec
729905 [main] INFO main.java.edu.mit.compbio.bisulfitehic.mapping.Bhmem  - Processing reads 1860000 ...
729905 [main] INFO main.java.edu.mit.compbio.bisulfitehic.mapping.Bhmem  - Unique mapped and paired reads 1851836 ...
729909 [main] INFO main.java.edu.mit.compbio.bisulfitehic.mapping.Bhmem  - Processing reads 1861000 ...
729909 [main] INFO main.java.edu.mit.compbio.bisulfitehic.mapping.Bhmem  - Unique mapped and paired reads 1851836 ...
[M::mem_process_seqs] Processed 1001 reads in 1.286 CPU sec, 0.162 real sec
[M::mem_process_seqs] Processed 1001 reads in 1.016 CPU sec, 0.129 real sec
[M::mem_process_seqs] Processed 1001 reads in 1.346 CPU sec, 0.182 real sec
[M::mem_process_seqs] Processed 1001 reads in 1.186 CPU sec, 0.151 real sec
730723 [main] INFO main.java.edu.mit.compbio.bisulfitehic.mapping.Bhmem  - Processing reads 1862000 ...
730724 [main] INFO main.java.edu.mit.compbio.bisulfitehic.mapping.Bhmem  - Unique mapped and paired reads 1853824 ...
730727 [main] INFO main.java.edu.mit.compbio.bisulfitehic.mapping.Bhmem  - Processing reads 1863000 ...
730727 [main] INFO main.java.edu.mit.compbio.bisulfitehic.mapping.Bhmem  - Unique mapped and paired reads 1853824 ...
[M::mem_process_seqs] Processed 1001 reads in 1.222 CPU sec, 0.157 real sec
[M::mem_process_seqs] Processed 1001 reads in 1.054 CPU sec, 0.134 real sec
[M::mem_process_seqs] Processed 1001 reads in 1.351 CPU sec, 0.172 real sec
[M::mem_process_seqs] Processed 1001 reads in 1.132 CPU sec, 0.146 real sec
731526 [main] INFO main.java.edu.mit.compbio.bisulfitehic.mapping.Bhmem  - Processing reads 1864000 ...
731526 [main] INFO main.java.edu.mit.compbio.bisulfitehic.mapping.Bhmem  - Unique mapped and paired reads 1855804 ...
731529 [main] INFO main.java.edu.mit.compbio.bisulfitehic.mapping.Bhmem  - Processing reads 1865000 ...
731529 [main] INFO main.java.edu.mit.compbio.bisulfitehic.mapping.Bhmem  - Unique mapped and paired reads 1855804 ...
[M::mem_process_seqs] Processed 1001 reads in 1.188 CPU sec, 0.153 real sec
[M::mem_process_seqs] Processed 1001 reads in 0.970 CPU sec, 0.124 real sec
[M::mem_process_seqs] Processed 1001 reads in 1.308 CPU sec, 0.166 real sec
[M::mem_process_seqs] Processed 1001 reads in 1.137 CPU sec, 0.145 real sec
732315 [main] INFO main.java.edu.mit.compbio.bisulfitehic.mapping.Bhmem  - Processing reads 1866000 ...
732315 [main] INFO main.java.edu.mit.compbio.bisulfitehic.mapping.Bhmem  - Unique mapped and paired reads 1857796 ...
732319 [main] INFO main.java.edu.mit.compbio.bisulfitehic.mapping.Bhmem  - Processing reads 1867000 ...
732319 [main] INFO main.java.edu.mit.compbio.bisulfitehic.mapping.Bhmem  - Unique mapped and paired reads 1857796 ...
[M::mem_process_seqs] Processed 1001 reads in 1.231 CPU sec, 0.157 real sec
[M::mem_process_seqs] Processed 1001 reads in 0.994 CPU sec, 0.127 real sec
[M::mem_process_seqs] Processed 1001 reads in 1.205 CPU sec, 0.159 real sec
[M::mem_process_seqs] Processed 1001 reads in 1.165 CPU sec, 0.149 real sec
733092 [main] INFO main.java.edu.mit.compbio.bisulfitehic.mapping.Bhmem  - Processing reads 1868000 ...
733092 [main] INFO main.java.edu.mit.compbio.bisulfitehic.mapping.Bhmem  - Unique mapped and paired reads 1859794 ...
733095 [main] INFO main.java.edu.mit.compbio.bisulfitehic.mapping.Bhmem  - Processing reads 1869000 ...
733095 [main] INFO main.java.edu.mit.compbio.bisulfitehic.mapping.Bhmem  - Unique mapped and paired reads 1859794 ...
[M::mem_process_seqs] Processed 1001 reads in 1.205 CPU sec, 0.154 real sec
[M::mem_process_seqs] Processed 1001 reads in 0.971 CPU sec, 0.123 real sec
[M::mem_process_seqs] Processed 1001 reads in 1.379 CPU sec, 0.175 real sec
[M::mem_process_seqs] Processed 1001 reads in 1.147 CPU sec, 0.147 real sec
733892 [main] INFO main.java.edu.mit.compbio.bisulfitehic.mapping.Bhmem  - Processing reads 1870000 ...
733892 [main] INFO main.java.edu.mit.compbio.bisulfitehic.mapping.Bhmem  - Unique mapped and paired reads 1861784 ...
733895 [main] INFO main.java.edu.mit.compbio.bisulfitehic.mapping.Bhmem  - Processing reads 1871000 ...
733895 [main] INFO main.java.edu.mit.compbio.bisulfitehic.mapping.Bhmem  - Unique mapped and paired reads 1861784 ...
[M::mem_process_seqs] Processed 1001 reads in 1.255 CPU sec, 0.164 real sec
[M::mem_process_seqs] Processed 1001 reads in 0.999 CPU sec, 0.126 real sec
[M::mem_process_seqs] Processed 1001 reads in 1.365 CPU sec, 0.174 real sec
[M::mem_process_seqs] Processed 1001 reads in 1.202 CPU sec, 0.154 real sec
734696 [main] INFO main.java.edu.mit.compbio.bisulfitehic.mapping.Bhmem  - Processing reads 1872000 ...
734696 [main] INFO main.java.edu.mit.compbio.bisulfitehic.mapping.Bhmem  - Unique mapped and paired reads 1863780 ...
734700 [main] INFO main.java.edu.mit.compbio.bisulfitehic.mapping.Bhmem  - Processing reads 1873000 ...
734700 [main] INFO main.java.edu.mit.compbio.bisulfitehic.mapping.Bhmem  - Unique mapped and paired reads 1863780 ...
[M::mem_process_seqs] Processed 1001 reads in 1.205 CPU sec, 0.153 real sec
[M::mem_process_seqs] Processed 1001 reads in 0.953 CPU sec, 0.121 real sec
[M::mem_process_seqs] Processed 1001 reads in 1.278 CPU sec, 0.161 real sec
[M::mem_process_seqs] Processed 1001 reads in 1.140 CPU sec, 0.147 real sec
735472 [main] INFO main.java.edu.mit.compbio.bisulfitehic.mapping.Bhmem  - Processing reads 1874000 ...
735472 [main] INFO main.java.edu.mit.compbio.bisulfitehic.mapping.Bhmem  - Unique mapped and paired reads 1865772 ...
735475 [main] INFO main.java.edu.mit.compbio.bisulfitehic.mapping.Bhmem  - Processing reads 1875000 ...
735475 [main] INFO main.java.edu.mit.compbio.bisulfitehic.mapping.Bhmem  - Unique mapped and paired reads 1865772 ...
[M::mem_process_seqs] Processed 1001 reads in 1.243 CPU sec, 0.157 real sec
[M::mem_process_seqs] Processed 1001 reads in 1.012 CPU sec, 0.129 real sec
[M::mem_process_seqs] Processed 1001 reads in 1.318 CPU sec, 0.171 real sec
[M::mem_process_seqs] Processed 1001 reads in 1.199 CPU sec, 0.155 real sec
736274 [main] INFO main.java.edu.mit.compbio.bisulfitehic.mapping.Bhmem  - Processing reads 1876000 ...
736274 [main] INFO main.java.edu.mit.compbio.bisulfitehic.mapping.Bhmem  - Unique mapped and paired reads 1867772 ...
736278 [main] INFO main.java.edu.mit.compbio.bisulfitehic.mapping.Bhmem  - Processing reads 1877000 ...
736278 [main] INFO main.java.edu.mit.compbio.bisulfitehic.mapping.Bhmem  - Unique mapped and paired reads 1867772 ...
[M::mem_process_seqs] Processed 1001 reads in 1.205 CPU sec, 0.155 real sec
[M::mem_process_seqs] Processed 1001 reads in 0.933 CPU sec, 0.119 real sec
[M::mem_process_seqs] Processed 1001 reads in 1.384 CPU sec, 0.181 real sec
[M::mem_process_seqs] Processed 1001 reads in 1.173 CPU sec, 0.153 real sec
737079 [main] INFO main.java.edu.mit.compbio.bisulfitehic.mapping.Bhmem  - Processing reads 1878000 ...
737079 [main] INFO main.java.edu.mit.compbio.bisulfitehic.mapping.Bhmem  - Unique mapped and paired reads 1869758 ...
737082 [main] INFO main.java.edu.mit.compbio.bisulfitehic.mapping.Bhmem  - Processing reads 1879000 ...
737082 [main] INFO main.java.edu.mit.compbio.bisulfitehic.mapping.Bhmem  - Unique mapped and paired reads 1869758 ...
[M::mem_process_seqs] Processed 1001 reads in 1.205 CPU sec, 0.152 real sec
[M::mem_process_seqs] Processed 1001 reads in 1.047 CPU sec, 0.139 real sec
[M::mem_process_seqs] Processed 1001 reads in 1.383 CPU sec, 0.185 real sec
[M::mem_process_seqs] Processed 1001 reads in 1.208 CPU sec, 0.156 real sec
737906 [main] INFO main.java.edu.mit.compbio.bisulfitehic.mapping.Bhmem  - Processing reads 1880000 ...
737906 [main] INFO main.java.edu.mit.compbio.bisulfitehic.mapping.Bhmem  - Unique mapped and paired reads 1871748 ...
737909 [main] INFO main.java.edu.mit.compbio.bisulfitehic.mapping.Bhmem  - Processing reads 1881000 ...
737909 [main] INFO main.java.edu.mit.compbio.bisulfitehic.mapping.Bhmem  - Unique mapped and paired reads 1871748 ...
[M::mem_process_seqs] Processed 1001 reads in 1.155 CPU sec, 0.148 real sec
[M::mem_process_seqs] Processed 1001 reads in 0.986 CPU sec, 0.131 real sec
[M::mem_process_seqs] Processed 1001 reads in 1.272 CPU sec, 0.165 real sec
[M::mem_process_seqs] Processed 1001 reads in 1.072 CPU sec, 0.136 real sec
738679 [main] INFO main.java.edu.mit.compbio.bisulfitehic.mapping.Bhmem  - Processing reads 1882000 ...
738679 [main] INFO main.java.edu.mit.compbio.bisulfitehic.mapping.Bhmem  - Unique mapped and paired reads 1873740 ...
738682 [main] INFO main.java.edu.mit.compbio.bisulfitehic.mapping.Bhmem  - Processing reads 1883000 ...
738682 [main] INFO main.java.edu.mit.compbio.bisulfitehic.mapping.Bhmem  - Unique mapped and paired reads 1873740 ...
[M::mem_process_seqs] Processed 1001 reads in 1.257 CPU sec, 0.167 real sec
[M::mem_process_seqs] Processed 1001 reads in 1.074 CPU sec, 0.145 real sec
[M::mem_process_seqs] Processed 1001 reads in 1.365 CPU sec, 0.177 real sec
[M::mem_process_seqs] Processed 1001 reads in 1.188 CPU sec, 0.154 real sec
739517 [main] INFO main.java.edu.mit.compbio.bisulfitehic.mapping.Bhmem  - Processing reads 1884000 ...
739517 [main] INFO main.java.edu.mit.compbio.bisulfitehic.mapping.Bhmem  - Unique mapped and paired reads 1875732 ...
739520 [main] INFO main.java.edu.mit.compbio.bisulfitehic.mapping.Bhmem  - Processing reads 1885000 ...
739520 [main] INFO main.java.edu.mit.compbio.bisulfitehic.mapping.Bhmem  - Unique mapped and paired reads 1875732 ...
[M::mem_process_seqs] Processed 1001 reads in 1.239 CPU sec, 0.168 real sec
[M::mem_process_seqs] Processed 1001 reads in 0.984 CPU sec, 0.125 real sec
[M::mem_process_seqs] Processed 1001 reads in 1.333 CPU sec, 0.176 real sec
[M::mem_process_seqs] Processed 1001 reads in 1.164 CPU sec, 0.148 real sec
740329 [main] INFO main.java.edu.mit.compbio.bisulfitehic.mapping.Bhmem  - Processing reads 1886000 ...
740329 [main] INFO main.java.edu.mit.compbio.bisulfitehic.mapping.Bhmem  - Unique mapped and paired reads 1877726 ...
740332 [main] INFO main.java.edu.mit.compbio.bisulfitehic.mapping.Bhmem  - Processing reads 1887000 ...
740332 [main] INFO main.java.edu.mit.compbio.bisulfitehic.mapping.Bhmem  - Unique mapped and paired reads 1877726 ...
[M::mem_process_seqs] Processed 1001 reads in 1.181 CPU sec, 0.152 real sec
[M::mem_process_seqs] Processed 1001 reads in 1.039 CPU sec, 0.131 real sec
[M::mem_process_seqs] Processed 1001 reads in 1.331 CPU sec, 0.170 real sec
[M::mem_process_seqs] Processed 1001 reads in 1.210 CPU sec, 0.153 real sec
741126 [main] INFO main.java.edu.mit.compbio.bisulfitehic.mapping.Bhmem  - Processing reads 1888000 ...
741126 [main] INFO main.java.edu.mit.compbio.bisulfitehic.mapping.Bhmem  - Unique mapped and paired reads 1879712 ...
741129 [main] INFO main.java.edu.mit.compbio.bisulfitehic.mapping.Bhmem  - Processing reads 1889000 ...
741129 [main] INFO main.java.edu.mit.compbio.bisulfitehic.mapping.Bhmem  - Unique mapped and paired reads 1879712 ...
[M::mem_process_seqs] Processed 1001 reads in 1.245 CPU sec, 0.159 real sec
[M::mem_process_seqs] Processed 1001 reads in 1.035 CPU sec, 0.133 real sec
[M::mem_process_seqs] Processed 1001 reads in 1.346 CPU sec, 0.172 real sec
[M::mem_process_seqs] Processed 1001 reads in 1.208 CPU sec, 0.155 real sec
741939 [main] INFO main.java.edu.mit.compbio.bisulfitehic.mapping.Bhmem  - Processing reads 1890000 ...
741939 [main] INFO main.java.edu.mit.compbio.bisulfitehic.mapping.Bhmem  - Unique mapped and paired reads 1881702 ...
741942 [main] INFO main.java.edu.mit.compbio.bisulfitehic.mapping.Bhmem  - Processing reads 1891000 ...
741942 [main] INFO main.java.edu.mit.compbio.bisulfitehic.mapping.Bhmem  - Unique mapped and paired reads 1881702 ...
[M::mem_process_seqs] Processed 1001 reads in 1.203 CPU sec, 0.154 real sec
[M::mem_process_seqs] Processed 1001 reads in 1.013 CPU sec, 0.130 real sec
[M::mem_process_seqs] Processed 1001 reads in 1.419 CPU sec, 0.180 real sec
[M::mem_process_seqs] Processed 1001 reads in 1.255 CPU sec, 0.163 real sec
742764 [main] INFO main.java.edu.mit.compbio.bisulfitehic.mapping.Bhmem  - Processing reads 1892000 ...
742764 [main] INFO main.java.edu.mit.compbio.bisulfitehic.mapping.Bhmem  - Unique mapped and paired reads 1883698 ...
742767 [main] INFO main.java.edu.mit.compbio.bisulfitehic.mapping.Bhmem  - Processing reads 1893000 ...
742767 [main] INFO main.java.edu.mit.compbio.bisulfitehic.mapping.Bhmem  - Unique mapped and paired reads 1883698 ...
[M::mem_process_seqs] Processed 1001 reads in 1.209 CPU sec, 0.154 real sec
[M::mem_process_seqs] Processed 1001 reads in 0.932 CPU sec, 0.118 real sec
[M::mem_process_seqs] Processed 1001 reads in 1.353 CPU sec, 0.173 real sec
[M::mem_process_seqs] Processed 1001 reads in 1.170 CPU sec, 0.151 real sec
743548 [main] INFO main.java.edu.mit.compbio.bisulfitehic.mapping.Bhmem  - Processing reads 1894000 ...
743548 [main] INFO main.java.edu.mit.compbio.bisulfitehic.mapping.Bhmem  - Unique mapped and paired reads 1885690 ...
743551 [main] INFO main.java.edu.mit.compbio.bisulfitehic.mapping.Bhmem  - Processing reads 1895000 ...
743551 [main] INFO main.java.edu.mit.compbio.bisulfitehic.mapping.Bhmem  - Unique mapped and paired reads 1885690 ...
[M::mem_process_seqs] Processed 1001 reads in 1.179 CPU sec, 0.150 real sec
[M::mem_process_seqs] Processed 1001 reads in 0.940 CPU sec, 0.120 real sec
[M::mem_process_seqs] Processed 1001 reads in 1.302 CPU sec, 0.165 real sec
[M::mem_process_seqs] Processed 1001 reads in 1.090 CPU sec, 0.138 real sec
744313 [main] INFO main.java.edu.mit.compbio.bisulfitehic.mapping.Bhmem  - Processing reads 1896000 ...
744313 [main] INFO main.java.edu.mit.compbio.bisulfitehic.mapping.Bhmem  - Unique mapped and paired reads 1887688 ...
744316 [main] INFO main.java.edu.mit.compbio.bisulfitehic.mapping.Bhmem  - Processing reads 1897000 ...
744316 [main] INFO main.java.edu.mit.compbio.bisulfitehic.mapping.Bhmem  - Unique mapped and paired reads 1887688 ...
[M::mem_process_seqs] Processed 1001 reads in 1.216 CPU sec, 0.154 real sec
[M::mem_process_seqs] Processed 1001 reads in 0.998 CPU sec, 0.134 real sec
[M::mem_process_seqs] Processed 1001 reads in 1.440 CPU sec, 0.183 real sec
[M::mem_process_seqs] Processed 1001 reads in 1.214 CPU sec, 0.155 real sec
745154 [main] INFO main.java.edu.mit.compbio.bisulfitehic.mapping.Bhmem  - Processing reads 1898000 ...
745154 [main] INFO main.java.edu.mit.compbio.bisulfitehic.mapping.Bhmem  - Unique mapped and paired reads 1889678 ...
745157 [main] INFO main.java.edu.mit.compbio.bisulfitehic.mapping.Bhmem  - Processing reads 1899000 ...
745157 [main] INFO main.java.edu.mit.compbio.bisulfitehic.mapping.Bhmem  - Unique mapped and paired reads 1889678 ...
[M::mem_process_seqs] Processed 1001 reads in 1.239 CPU sec, 0.158 real sec
[M::mem_process_seqs] Processed 1001 reads in 1.019 CPU sec, 0.130 real sec
[M::mem_process_seqs] Processed 1001 reads in 1.424 CPU sec, 0.188 real sec
[M::mem_process_seqs] Processed 1001 reads in 1.190 CPU sec, 0.153 real sec
745974 [main] INFO main.java.edu.mit.compbio.bisulfitehic.mapping.Bhmem  - Processing reads 1900000 ...
745974 [main] INFO main.java.edu.mit.compbio.bisulfitehic.mapping.Bhmem  - Unique mapped and paired reads 1891672 ...
745978 [main] INFO main.java.edu.mit.compbio.bisulfitehic.mapping.Bhmem  - Processing reads 1901000 ...
745978 [main] INFO main.java.edu.mit.compbio.bisulfitehic.mapping.Bhmem  - Unique mapped and paired reads 1891672 ...
[M::mem_process_seqs] Processed 1001 reads in 1.202 CPU sec, 0.152 real sec
[M::mem_process_seqs] Processed 1001 reads in 0.988 CPU sec, 0.126 real sec
[M::mem_process_seqs] Processed 1001 reads in 1.377 CPU sec, 0.176 real sec
[M::mem_process_seqs] Processed 1001 reads in 1.171 CPU sec, 0.150 real sec
746788 [main] INFO main.java.edu.mit.compbio.bisulfitehic.mapping.Bhmem  - Processing reads 1902000 ...
746788 [main] INFO main.java.edu.mit.compbio.bisulfitehic.mapping.Bhmem  - Unique mapped and paired reads 1893662 ...
746791 [main] INFO main.java.edu.mit.compbio.bisulfitehic.mapping.Bhmem  - Processing reads 1903000 ...
746791 [main] INFO main.java.edu.mit.compbio.bisulfitehic.mapping.Bhmem  - Unique mapped and paired reads 1893662 ...
[M::mem_process_seqs] Processed 1001 reads in 1.221 CPU sec, 0.154 real sec
[M::mem_process_seqs] Processed 1001 reads in 0.976 CPU sec, 0.126 real sec
[M::mem_process_seqs] Processed 1001 reads in 1.319 CPU sec, 0.167 real sec
[M::mem_process_seqs] Processed 1001 reads in 1.184 CPU sec, 0.149 real sec
747579 [main] INFO main.java.edu.mit.compbio.bisulfitehic.mapping.Bhmem  - Processing reads 1904000 ...
747579 [main] INFO main.java.edu.mit.compbio.bisulfitehic.mapping.Bhmem  - Unique mapped and paired reads 1895654 ...
747583 [main] INFO main.java.edu.mit.compbio.bisulfitehic.mapping.Bhmem  - Processing reads 1905000 ...
747583 [main] INFO main.java.edu.mit.compbio.bisulfitehic.mapping.Bhmem  - Unique mapped and paired reads 1895654 ...
[M::mem_process_seqs] Processed 1001 reads in 1.156 CPU sec, 0.147 real sec
[M::mem_process_seqs] Processed 1001 reads in 0.996 CPU sec, 0.127 real sec
[M::mem_process_seqs] Processed 1001 reads in 1.335 CPU sec, 0.172 real sec
[M::mem_process_seqs] Processed 1001 reads in 1.172 CPU sec, 0.150 real sec
748369 [main] INFO main.java.edu.mit.compbio.bisulfitehic.mapping.Bhmem  - Processing reads 1906000 ...
748369 [main] INFO main.java.edu.mit.compbio.bisulfitehic.mapping.Bhmem  - Unique mapped and paired reads 1897652 ...
748372 [main] INFO main.java.edu.mit.compbio.bisulfitehic.mapping.Bhmem  - Processing reads 1907000 ...
748372 [main] INFO main.java.edu.mit.compbio.bisulfitehic.mapping.Bhmem  - Unique mapped and paired reads 1897652 ...
[M::mem_process_seqs] Processed 1001 reads in 1.207 CPU sec, 0.152 real sec
[M::mem_process_seqs] Processed 1001 reads in 0.992 CPU sec, 0.127 real sec
[M::mem_process_seqs] Processed 1001 reads in 1.316 CPU sec, 0.166 real sec
[M::mem_process_seqs] Processed 1001 reads in 1.156 CPU sec, 0.147 real sec
749151 [main] INFO main.java.edu.mit.compbio.bisulfitehic.mapping.Bhmem  - Processing reads 1908000 ...
749151 [main] INFO main.java.edu.mit.compbio.bisulfitehic.mapping.Bhmem  - Unique mapped and paired reads 1899646 ...
749155 [main] INFO main.java.edu.mit.compbio.bisulfitehic.mapping.Bhmem  - Processing reads 1909000 ...
749155 [main] INFO main.java.edu.mit.compbio.bisulfitehic.mapping.Bhmem  - Unique mapped and paired reads 1899646 ...
[M::mem_process_seqs] Processed 1001 reads in 1.142 CPU sec, 0.145 real sec
[M::mem_process_seqs] Processed 1001 reads in 0.977 CPU sec, 0.146 real sec
[M::mem_process_seqs] Processed 1001 reads in 1.317 CPU sec, 0.167 real sec
[M::mem_process_seqs] Processed 1001 reads in 1.125 CPU sec, 0.145 real sec
749951 [main] INFO main.java.edu.mit.compbio.bisulfitehic.mapping.Bhmem  - Processing reads 1910000 ...
749951 [main] INFO main.java.edu.mit.compbio.bisulfitehic.mapping.Bhmem  - Unique mapped and paired reads 1901638 ...
749954 [main] INFO main.java.edu.mit.compbio.bisulfitehic.mapping.Bhmem  - Processing reads 1911000 ...
749954 [main] INFO main.java.edu.mit.compbio.bisulfitehic.mapping.Bhmem  - Unique mapped and paired reads 1901638 ...
[M::mem_process_seqs] Processed 1001 reads in 1.229 CPU sec, 0.158 real sec
[M::mem_process_seqs] Processed 1001 reads in 0.998 CPU sec, 0.132 real sec
[M::mem_process_seqs] Processed 1001 reads in 1.395 CPU sec, 0.182 real sec
[M::mem_process_seqs] Processed 1001 reads in 1.229 CPU sec, 0.156 real sec
750772 [main] INFO main.java.edu.mit.compbio.bisulfitehic.mapping.Bhmem  - Processing reads 1912000 ...
750773 [main] INFO main.java.edu.mit.compbio.bisulfitehic.mapping.Bhmem  - Unique mapped and paired reads 1903628 ...
750776 [main] INFO main.java.edu.mit.compbio.bisulfitehic.mapping.Bhmem  - Processing reads 1913000 ...
750776 [main] INFO main.java.edu.mit.compbio.bisulfitehic.mapping.Bhmem  - Unique mapped and paired reads 1903628 ...
[M::mem_process_seqs] Processed 1001 reads in 1.265 CPU sec, 0.160 real sec
[M::mem_process_seqs] Processed 1001 reads in 1.092 CPU sec, 0.138 real sec
[M::mem_process_seqs] Processed 1001 reads in 1.380 CPU sec, 0.177 real sec
[M::mem_process_seqs] Processed 1001 reads in 1.222 CPU sec, 0.157 real sec
751619 [main] INFO main.java.edu.mit.compbio.bisulfitehic.mapping.Bhmem  - Processing reads 1914000 ...
751619 [main] INFO main.java.edu.mit.compbio.bisulfitehic.mapping.Bhmem  - Unique mapped and paired reads 1905614 ...
751622 [main] INFO main.java.edu.mit.compbio.bisulfitehic.mapping.Bhmem  - Processing reads 1915000 ...
751622 [main] INFO main.java.edu.mit.compbio.bisulfitehic.mapping.Bhmem  - Unique mapped and paired reads 1905614 ...
[M::mem_process_seqs] Processed 1001 reads in 1.240 CPU sec, 0.159 real sec
[M::mem_process_seqs] Processed 1001 reads in 1.014 CPU sec, 0.129 real sec
[M::mem_process_seqs] Processed 1001 reads in 1.451 CPU sec, 0.183 real sec
[M::mem_process_seqs] Processed 1001 reads in 1.236 CPU sec, 0.160 real sec
752446 [main] INFO main.java.edu.mit.compbio.bisulfitehic.mapping.Bhmem  - Processing reads 1916000 ...
752446 [main] INFO main.java.edu.mit.compbio.bisulfitehic.mapping.Bhmem  - Unique mapped and paired reads 1907608 ...
752449 [main] INFO main.java.edu.mit.compbio.bisulfitehic.mapping.Bhmem  - Processing reads 1917000 ...
752449 [main] INFO main.java.edu.mit.compbio.bisulfitehic.mapping.Bhmem  - Unique mapped and paired reads 1907608 ...
[M::mem_process_seqs] Processed 1001 reads in 1.190 CPU sec, 0.151 real sec
[M::mem_process_seqs] Processed 1001 reads in 0.973 CPU sec, 0.123 real sec
[M::mem_process_seqs] Processed 1001 reads in 1.372 CPU sec, 0.175 real sec
[M::mem_process_seqs] Processed 1001 reads in 1.214 CPU sec, 0.155 real sec
753242 [main] INFO main.java.edu.mit.compbio.bisulfitehic.mapping.Bhmem  - Processing reads 1918000 ...
753242 [main] INFO main.java.edu.mit.compbio.bisulfitehic.mapping.Bhmem  - Unique mapped and paired reads 1909606 ...
753245 [main] INFO main.java.edu.mit.compbio.bisulfitehic.mapping.Bhmem  - Processing reads 1919000 ...
753245 [main] INFO main.java.edu.mit.compbio.bisulfitehic.mapping.Bhmem  - Unique mapped and paired reads 1909606 ...
[M::mem_process_seqs] Processed 1001 reads in 1.185 CPU sec, 0.154 real sec
[M::mem_process_seqs] Processed 1001 reads in 0.977 CPU sec, 0.129 real sec
[M::mem_process_seqs] Processed 1001 reads in 1.321 CPU sec, 0.168 real sec
[M::mem_process_seqs] Processed 1001 reads in 1.158 CPU sec, 0.152 real sec
754051 [main] INFO main.java.edu.mit.compbio.bisulfitehic.mapping.Bhmem  - Processing reads 1920000 ...
754051 [main] INFO main.java.edu.mit.compbio.bisulfitehic.mapping.Bhmem  - Unique mapped and paired reads 1911594 ...
754054 [main] INFO main.java.edu.mit.compbio.bisulfitehic.mapping.Bhmem  - Processing reads 1921000 ...
754054 [main] INFO main.java.edu.mit.compbio.bisulfitehic.mapping.Bhmem  - Unique mapped and paired reads 1911594 ...
[M::mem_process_seqs] Processed 1001 reads in 1.292 CPU sec, 0.165 real sec
[M::mem_process_seqs] Processed 1001 reads in 0.986 CPU sec, 0.125 real sec
[M::mem_process_seqs] Processed 1001 reads in 1.408 CPU sec, 0.181 real sec
[M::mem_process_seqs] Processed 1001 reads in 1.197 CPU sec, 0.152 real sec
754867 [main] INFO main.java.edu.mit.compbio.bisulfitehic.mapping.Bhmem  - Processing reads 1922000 ...
754867 [main] INFO main.java.edu.mit.compbio.bisulfitehic.mapping.Bhmem  - Unique mapped and paired reads 1913590 ...
754870 [main] INFO main.java.edu.mit.compbio.bisulfitehic.mapping.Bhmem  - Processing reads 1923000 ...
754870 [main] INFO main.java.edu.mit.compbio.bisulfitehic.mapping.Bhmem  - Unique mapped and paired reads 1913590 ...
[M::mem_process_seqs] Processed 1001 reads in 1.209 CPU sec, 0.154 real sec
[M::mem_process_seqs] Processed 1001 reads in 1.009 CPU sec, 0.130 real sec
[M::mem_process_seqs] Processed 1001 reads in 1.341 CPU sec, 0.169 real sec
[M::mem_process_seqs] Processed 1001 reads in 1.188 CPU sec, 0.151 real sec
755666 [main] INFO main.java.edu.mit.compbio.bisulfitehic.mapping.Bhmem  - Processing reads 1924000 ...
755666 [main] INFO main.java.edu.mit.compbio.bisulfitehic.mapping.Bhmem  - Unique mapped and paired reads 1915582 ...
755670 [main] INFO main.java.edu.mit.compbio.bisulfitehic.mapping.Bhmem  - Processing reads 1925000 ...
755670 [main] INFO main.java.edu.mit.compbio.bisulfitehic.mapping.Bhmem  - Unique mapped and paired reads 1915582 ...
[M::mem_process_seqs] Processed 1001 reads in 1.220 CPU sec, 0.156 real sec
[M::mem_process_seqs] Processed 1001 reads in 0.956 CPU sec, 0.124 real sec
[M::mem_process_seqs] Processed 1001 reads in 1.318 CPU sec, 0.173 real sec
[M::mem_process_seqs] Processed 1001 reads in 1.175 CPU sec, 0.151 real sec
756462 [main] INFO main.java.edu.mit.compbio.bisulfitehic.mapping.Bhmem  - Processing reads 1926000 ...
756462 [main] INFO main.java.edu.mit.compbio.bisulfitehic.mapping.Bhmem  - Unique mapped and paired reads 1917576 ...
756465 [main] INFO main.java.edu.mit.compbio.bisulfitehic.mapping.Bhmem  - Processing reads 1927000 ...
756465 [main] INFO main.java.edu.mit.compbio.bisulfitehic.mapping.Bhmem  - Unique mapped and paired reads 1917576 ...
[M::mem_process_seqs] Processed 1001 reads in 1.184 CPU sec, 0.155 real sec
[M::mem_process_seqs] Processed 1001 reads in 1.048 CPU sec, 0.133 real sec
[M::mem_process_seqs] Processed 1001 reads in 1.376 CPU sec, 0.184 real sec
[M::mem_process_seqs] Processed 1001 reads in 1.298 CPU sec, 0.164 real sec
757298 [main] INFO main.java.edu.mit.compbio.bisulfitehic.mapping.Bhmem  - Processing reads 1928000 ...
757298 [main] INFO main.java.edu.mit.compbio.bisulfitehic.mapping.Bhmem  - Unique mapped and paired reads 1919568 ...
757301 [main] INFO main.java.edu.mit.compbio.bisulfitehic.mapping.Bhmem  - Processing reads 1929000 ...
757301 [main] INFO main.java.edu.mit.compbio.bisulfitehic.mapping.Bhmem  - Unique mapped and paired reads 1919568 ...
[M::mem_process_seqs] Processed 1001 reads in 1.202 CPU sec, 0.154 real sec
[M::mem_process_seqs] Processed 1001 reads in 0.979 CPU sec, 0.125 real sec
[M::mem_process_seqs] Processed 1001 reads in 1.343 CPU sec, 0.170 real sec
[M::mem_process_seqs] Processed 1001 reads in 1.195 CPU sec, 0.155 real sec
758091 [main] INFO main.java.edu.mit.compbio.bisulfitehic.mapping.Bhmem  - Processing reads 1930000 ...
758091 [main] INFO main.java.edu.mit.compbio.bisulfitehic.mapping.Bhmem  - Unique mapped and paired reads 1921560 ...
758094 [main] INFO main.java.edu.mit.compbio.bisulfitehic.mapping.Bhmem  - Processing reads 1931000 ...
758094 [main] INFO main.java.edu.mit.compbio.bisulfitehic.mapping.Bhmem  - Unique mapped and paired reads 1921560 ...
[M::mem_process_seqs] Processed 1001 reads in 1.248 CPU sec, 0.159 real sec
[M::mem_process_seqs] Processed 1001 reads in 0.991 CPU sec, 0.127 real sec
[M::mem_process_seqs] Processed 1001 reads in 1.404 CPU sec, 0.182 real sec
[M::mem_process_seqs] Processed 1001 reads in 1.262 CPU sec, 0.159 real sec
758916 [main] INFO main.java.edu.mit.compbio.bisulfitehic.mapping.Bhmem  - Processing reads 1932000 ...
758916 [main] INFO main.java.edu.mit.compbio.bisulfitehic.mapping.Bhmem  - Unique mapped and paired reads 1923552 ...
758919 [main] INFO main.java.edu.mit.compbio.bisulfitehic.mapping.Bhmem  - Processing reads 1933000 ...
758919 [main] INFO main.java.edu.mit.compbio.bisulfitehic.mapping.Bhmem  - Unique mapped and paired reads 1923552 ...
[M::mem_process_seqs] Processed 1001 reads in 1.273 CPU sec, 0.163 real sec
[M::mem_process_seqs] Processed 1001 reads in 1.062 CPU sec, 0.136 real sec
[M::mem_process_seqs] Processed 1001 reads in 1.477 CPU sec, 0.191 real sec
[M::mem_process_seqs] Processed 1001 reads in 1.290 CPU sec, 0.168 real sec
759770 [main] INFO main.java.edu.mit.compbio.bisulfitehic.mapping.Bhmem  - Processing reads 1934000 ...
759770 [main] INFO main.java.edu.mit.compbio.bisulfitehic.mapping.Bhmem  - Unique mapped and paired reads 1925548 ...
759774 [main] INFO main.java.edu.mit.compbio.bisulfitehic.mapping.Bhmem  - Processing reads 1935000 ...
759774 [main] INFO main.java.edu.mit.compbio.bisulfitehic.mapping.Bhmem  - Unique mapped and paired reads 1925548 ...
[M::mem_process_seqs] Processed 1001 reads in 1.266 CPU sec, 0.161 real sec
[M::mem_process_seqs] Processed 1001 reads in 1.087 CPU sec, 0.139 real sec
[M::mem_process_seqs] Processed 1001 reads in 1.491 CPU sec, 0.190 real sec
[M::mem_process_seqs] Processed 1001 reads in 1.383 CPU sec, 0.175 real sec
760637 [main] INFO main.java.edu.mit.compbio.bisulfitehic.mapping.Bhmem  - Processing reads 1936000 ...
760637 [main] INFO main.java.edu.mit.compbio.bisulfitehic.mapping.Bhmem  - Unique mapped and paired reads 1927536 ...
760640 [main] INFO main.java.edu.mit.compbio.bisulfitehic.mapping.Bhmem  - Processing reads 1937000 ...
760640 [main] INFO main.java.edu.mit.compbio.bisulfitehic.mapping.Bhmem  - Unique mapped and paired reads 1927536 ...
[M::mem_process_seqs] Processed 1001 reads in 1.270 CPU sec, 0.160 real sec
[M::mem_process_seqs] Processed 1001 reads in 1.026 CPU sec, 0.137 real sec
[M::mem_process_seqs] Processed 1001 reads in 1.455 CPU sec, 0.190 real sec
[M::mem_process_seqs] Processed 1001 reads in 1.190 CPU sec, 0.158 real sec
761497 [main] INFO main.java.edu.mit.compbio.bisulfitehic.mapping.Bhmem  - Processing reads 1938000 ...
761497 [main] INFO main.java.edu.mit.compbio.bisulfitehic.mapping.Bhmem  - Unique mapped and paired reads 1929532 ...
761500 [main] INFO main.java.edu.mit.compbio.bisulfitehic.mapping.Bhmem  - Processing reads 1939000 ...
761500 [main] INFO main.java.edu.mit.compbio.bisulfitehic.mapping.Bhmem  - Unique mapped and paired reads 1929532 ...
[M::mem_process_seqs] Processed 1001 reads in 1.278 CPU sec, 0.162 real sec
[M::mem_process_seqs] Processed 1001 reads in 1.028 CPU sec, 0.131 real sec
[M::mem_process_seqs] Processed 1001 reads in 1.267 CPU sec, 0.161 real sec
[M::mem_process_seqs] Processed 1001 reads in 1.069 CPU sec, 0.135 real sec
762304 [main] INFO main.java.edu.mit.compbio.bisulfitehic.mapping.Bhmem  - Processing reads 1940000 ...
762304 [main] INFO main.java.edu.mit.compbio.bisulfitehic.mapping.Bhmem  - Unique mapped and paired reads 1931530 ...
762307 [main] INFO main.java.edu.mit.compbio.bisulfitehic.mapping.Bhmem  - Processing reads 1941000 ...
762307 [main] INFO main.java.edu.mit.compbio.bisulfitehic.mapping.Bhmem  - Unique mapped and paired reads 1931530 ...
[M::mem_process_seqs] Processed 1001 reads in 1.231 CPU sec, 0.158 real sec
[M::mem_process_seqs] Processed 1001 reads in 1.040 CPU sec, 0.132 real sec
[M::mem_process_seqs] Processed 1001 reads in 1.306 CPU sec, 0.166 real sec
[M::mem_process_seqs] Processed 1001 reads in 1.165 CPU sec, 0.157 real sec
763136 [main] INFO main.java.edu.mit.compbio.bisulfitehic.mapping.Bhmem  - Processing reads 1942000 ...
763136 [main] INFO main.java.edu.mit.compbio.bisulfitehic.mapping.Bhmem  - Unique mapped and paired reads 1933528 ...
763139 [main] INFO main.java.edu.mit.compbio.bisulfitehic.mapping.Bhmem  - Processing reads 1943000 ...
763139 [main] INFO main.java.edu.mit.compbio.bisulfitehic.mapping.Bhmem  - Unique mapped and paired reads 1933528 ...
[M::mem_process_seqs] Processed 1001 reads in 1.238 CPU sec, 0.156 real sec
[M::mem_process_seqs] Processed 1001 reads in 1.065 CPU sec, 0.134 real sec
[M::mem_process_seqs] Processed 1001 reads in 1.378 CPU sec, 0.178 real sec
[M::mem_process_seqs] Processed 1001 reads in 1.156 CPU sec, 0.148 real sec
763967 [main] INFO main.java.edu.mit.compbio.bisulfitehic.mapping.Bhmem  - Processing reads 1944000 ...
763967 [main] INFO main.java.edu.mit.compbio.bisulfitehic.mapping.Bhmem  - Unique mapped and paired reads 1935518 ...
763971 [main] INFO main.java.edu.mit.compbio.bisulfitehic.mapping.Bhmem  - Processing reads 1945000 ...
763971 [main] INFO main.java.edu.mit.compbio.bisulfitehic.mapping.Bhmem  - Unique mapped and paired reads 1935518 ...
[M::mem_process_seqs] Processed 1001 reads in 1.253 CPU sec, 0.158 real sec
[M::mem_process_seqs] Processed 1001 reads in 1.029 CPU sec, 0.131 real sec
[M::mem_process_seqs] Processed 1001 reads in 1.343 CPU sec, 0.170 real sec
[M::mem_process_seqs] Processed 1001 reads in 1.160 CPU sec, 0.149 real sec
764796 [main] INFO main.java.edu.mit.compbio.bisulfitehic.mapping.Bhmem  - Processing reads 1946000 ...
764796 [main] INFO main.java.edu.mit.compbio.bisulfitehic.mapping.Bhmem  - Unique mapped and paired reads 1937514 ...
764799 [main] INFO main.java.edu.mit.compbio.bisulfitehic.mapping.Bhmem  - Processing reads 1947000 ...
764799 [main] INFO main.java.edu.mit.compbio.bisulfitehic.mapping.Bhmem  - Unique mapped and paired reads 1937514 ...
[M::mem_process_seqs] Processed 1001 reads in 1.265 CPU sec, 0.160 real sec
[M::mem_process_seqs] Processed 1001 reads in 0.981 CPU sec, 0.125 real sec
[M::mem_process_seqs] Processed 1001 reads in 1.333 CPU sec, 0.173 real sec
[M::mem_process_seqs] Processed 1001 reads in 1.176 CPU sec, 0.151 real sec
765626 [main] INFO main.java.edu.mit.compbio.bisulfitehic.mapping.Bhmem  - Processing reads 1948000 ...
765626 [main] INFO main.java.edu.mit.compbio.bisulfitehic.mapping.Bhmem  - Unique mapped and paired reads 1939504 ...
765629 [main] INFO main.java.edu.mit.compbio.bisulfitehic.mapping.Bhmem  - Processing reads 1949000 ...
765629 [main] INFO main.java.edu.mit.compbio.bisulfitehic.mapping.Bhmem  - Unique mapped and paired reads 1939504 ...
[M::mem_process_seqs] Processed 1001 reads in 1.348 CPU sec, 0.173 real sec
[M::mem_process_seqs] Processed 1001 reads in 1.051 CPU sec, 0.134 real sec
[M::mem_process_seqs] Processed 1001 reads in 1.440 CPU sec, 0.182 real sec
[M::mem_process_seqs] Processed 1001 reads in 1.225 CPU sec, 0.156 real sec
766513 [main] INFO main.java.edu.mit.compbio.bisulfitehic.mapping.Bhmem  - Processing reads 1950000 ...
766513 [main] INFO main.java.edu.mit.compbio.bisulfitehic.mapping.Bhmem  - Unique mapped and paired reads 1941498 ...
766517 [main] INFO main.java.edu.mit.compbio.bisulfitehic.mapping.Bhmem  - Processing reads 1951000 ...
766517 [main] INFO main.java.edu.mit.compbio.bisulfitehic.mapping.Bhmem  - Unique mapped and paired reads 1941498 ...
[M::mem_process_seqs] Processed 1001 reads in 1.323 CPU sec, 0.178 real sec
[M::mem_process_seqs] Processed 1001 reads in 1.007 CPU sec, 0.132 real sec
[M::mem_process_seqs] Processed 1001 reads in 1.382 CPU sec, 0.176 real sec
[M::mem_process_seqs] Processed 1001 reads in 1.222 CPU sec, 0.160 real sec
767368 [main] INFO main.java.edu.mit.compbio.bisulfitehic.mapping.Bhmem  - Processing reads 1952000 ...
767368 [main] INFO main.java.edu.mit.compbio.bisulfitehic.mapping.Bhmem  - Unique mapped and paired reads 1943496 ...
767371 [main] INFO main.java.edu.mit.compbio.bisulfitehic.mapping.Bhmem  - Processing reads 1953000 ...
767371 [main] INFO main.java.edu.mit.compbio.bisulfitehic.mapping.Bhmem  - Unique mapped and paired reads 1943496 ...
[M::mem_process_seqs] Processed 1001 reads in 1.165 CPU sec, 0.150 real sec
[M::mem_process_seqs] Processed 1001 reads in 0.931 CPU sec, 0.119 real sec
[M::mem_process_seqs] Processed 1001 reads in 1.294 CPU sec, 0.166 real sec
[M::mem_process_seqs] Processed 1001 reads in 1.083 CPU sec, 0.137 real sec
768132 [main] INFO main.java.edu.mit.compbio.bisulfitehic.mapping.Bhmem  - Processing reads 1954000 ...
768133 [main] INFO main.java.edu.mit.compbio.bisulfitehic.mapping.Bhmem  - Unique mapped and paired reads 1945490 ...
768136 [main] INFO main.java.edu.mit.compbio.bisulfitehic.mapping.Bhmem  - Processing reads 1955000 ...
768136 [main] INFO main.java.edu.mit.compbio.bisulfitehic.mapping.Bhmem  - Unique mapped and paired reads 1945490 ...
[M::mem_process_seqs] Processed 1001 reads in 1.133 CPU sec, 0.146 real sec
[M::mem_process_seqs] Processed 1001 reads in 0.861 CPU sec, 0.109 real sec
[M::mem_process_seqs] Processed 1001 reads in 1.210 CPU sec, 0.153 real sec
[M::mem_process_seqs] Processed 1001 reads in 1.020 CPU sec, 0.129 real sec
768843 [main] INFO main.java.edu.mit.compbio.bisulfitehic.mapping.Bhmem  - Processing reads 1956000 ...
768843 [main] INFO main.java.edu.mit.compbio.bisulfitehic.mapping.Bhmem  - Unique mapped and paired reads 1947470 ...
768846 [main] INFO main.java.edu.mit.compbio.bisulfitehic.mapping.Bhmem  - Processing reads 1957000 ...
768846 [main] INFO main.java.edu.mit.compbio.bisulfitehic.mapping.Bhmem  - Unique mapped and paired reads 1947470 ...
[M::mem_process_seqs] Processed 1001 reads in 1.139 CPU sec, 0.145 real sec
[M::mem_process_seqs] Processed 1001 reads in 0.934 CPU sec, 0.125 real sec
[M::mem_process_seqs] Processed 1001 reads in 1.253 CPU sec, 0.158 real sec
[M::mem_process_seqs] Processed 1001 reads in 1.084 CPU sec, 0.138 real sec
769590 [main] INFO main.java.edu.mit.compbio.bisulfitehic.mapping.Bhmem  - Processing reads 1958000 ...
769590 [main] INFO main.java.edu.mit.compbio.bisulfitehic.mapping.Bhmem  - Unique mapped and paired reads 1949460 ...
769594 [main] INFO main.java.edu.mit.compbio.bisulfitehic.mapping.Bhmem  - Processing reads 1959000 ...
769594 [main] INFO main.java.edu.mit.compbio.bisulfitehic.mapping.Bhmem  - Unique mapped and paired reads 1949460 ...
[M::mem_process_seqs] Processed 1001 reads in 1.174 CPU sec, 0.149 real sec
[M::mem_process_seqs] Processed 1001 reads in 0.974 CPU sec, 0.124 real sec
[M::mem_process_seqs] Processed 1001 reads in 1.323 CPU sec, 0.168 real sec
[M::mem_process_seqs] Processed 1001 reads in 1.061 CPU sec, 0.136 real sec
770349 [main] INFO main.java.edu.mit.compbio.bisulfitehic.mapping.Bhmem  - Processing reads 1960000 ...
770349 [main] INFO main.java.edu.mit.compbio.bisulfitehic.mapping.Bhmem  - Unique mapped and paired reads 1951454 ...
770352 [main] INFO main.java.edu.mit.compbio.bisulfitehic.mapping.Bhmem  - Processing reads 1961000 ...
770352 [main] INFO main.java.edu.mit.compbio.bisulfitehic.mapping.Bhmem  - Unique mapped and paired reads 1951454 ...
[M::mem_process_seqs] Processed 1001 reads in 1.110 CPU sec, 0.141 real sec
[M::mem_process_seqs] Processed 1001 reads in 0.912 CPU sec, 0.120 real sec
[M::mem_process_seqs] Processed 1001 reads in 1.258 CPU sec, 0.159 real sec
[M::mem_process_seqs] Processed 1001 reads in 1.086 CPU sec, 0.138 real sec
771090 [main] INFO main.java.edu.mit.compbio.bisulfitehic.mapping.Bhmem  - Processing reads 1962000 ...
771090 [main] INFO main.java.edu.mit.compbio.bisulfitehic.mapping.Bhmem  - Unique mapped and paired reads 1953440 ...
771093 [main] INFO main.java.edu.mit.compbio.bisulfitehic.mapping.Bhmem  - Processing reads 1963000 ...
771093 [main] INFO main.java.edu.mit.compbio.bisulfitehic.mapping.Bhmem  - Unique mapped and paired reads 1953440 ...
[M::mem_process_seqs] Processed 1001 reads in 1.231 CPU sec, 0.162 real sec
[M::mem_process_seqs] Processed 1001 reads in 1.015 CPU sec, 0.130 real sec
[M::mem_process_seqs] Processed 1001 reads in 1.295 CPU sec, 0.167 real sec
[M::mem_process_seqs] Processed 1001 reads in 1.116 CPU sec, 0.141 real sec
771866 [main] INFO main.java.edu.mit.compbio.bisulfitehic.mapping.Bhmem  - Processing reads 1964000 ...
771866 [main] INFO main.java.edu.mit.compbio.bisulfitehic.mapping.Bhmem  - Unique mapped and paired reads 1955428 ...
771869 [main] INFO main.java.edu.mit.compbio.bisulfitehic.mapping.Bhmem  - Processing reads 1965000 ...
771869 [main] INFO main.java.edu.mit.compbio.bisulfitehic.mapping.Bhmem  - Unique mapped and paired reads 1955428 ...
[M::mem_process_seqs] Processed 1001 reads in 1.126 CPU sec, 0.144 real sec
[M::mem_process_seqs] Processed 1001 reads in 0.932 CPU sec, 0.125 real sec
[M::mem_process_seqs] Processed 1001 reads in 1.281 CPU sec, 0.163 real sec
[M::mem_process_seqs] Processed 1001 reads in 1.079 CPU sec, 0.136 real sec
772618 [main] INFO main.java.edu.mit.compbio.bisulfitehic.mapping.Bhmem  - Processing reads 1966000 ...
772618 [main] INFO main.java.edu.mit.compbio.bisulfitehic.mapping.Bhmem  - Unique mapped and paired reads 1957424 ...
772621 [main] INFO main.java.edu.mit.compbio.bisulfitehic.mapping.Bhmem  - Processing reads 1967000 ...
772622 [main] INFO main.java.edu.mit.compbio.bisulfitehic.mapping.Bhmem  - Unique mapped and paired reads 1957424 ...
[M::mem_process_seqs] Processed 1001 reads in 1.189 CPU sec, 0.151 real sec
[M::mem_process_seqs] Processed 1001 reads in 1.009 CPU sec, 0.127 real sec
[M::mem_process_seqs] Processed 1001 reads in 1.260 CPU sec, 0.162 real sec
[M::mem_process_seqs] Processed 1001 reads in 1.130 CPU sec, 0.143 real sec
773383 [main] INFO main.java.edu.mit.compbio.bisulfitehic.mapping.Bhmem  - Processing reads 1968000 ...
773383 [main] INFO main.java.edu.mit.compbio.bisulfitehic.mapping.Bhmem  - Unique mapped and paired reads 1959418 ...
773386 [main] INFO main.java.edu.mit.compbio.bisulfitehic.mapping.Bhmem  - Processing reads 1969000 ...
773386 [main] INFO main.java.edu.mit.compbio.bisulfitehic.mapping.Bhmem  - Unique mapped and paired reads 1959418 ...
[M::mem_process_seqs] Processed 1001 reads in 1.226 CPU sec, 0.158 real sec
[M::mem_process_seqs] Processed 1001 reads in 1.005 CPU sec, 0.136 real sec
[M::mem_process_seqs] Processed 1001 reads in 1.317 CPU sec, 0.168 real sec
[M::mem_process_seqs] Processed 1001 reads in 1.096 CPU sec, 0.140 real sec
774183 [main] INFO main.java.edu.mit.compbio.bisulfitehic.mapping.Bhmem  - Processing reads 1970000 ...
774183 [main] INFO main.java.edu.mit.compbio.bisulfitehic.mapping.Bhmem  - Unique mapped and paired reads 1961416 ...
774186 [main] INFO main.java.edu.mit.compbio.bisulfitehic.mapping.Bhmem  - Processing reads 1971000 ...
774186 [main] INFO main.java.edu.mit.compbio.bisulfitehic.mapping.Bhmem  - Unique mapped and paired reads 1961416 ...
[M::mem_process_seqs] Processed 1001 reads in 1.171 CPU sec, 0.148 real sec
[M::mem_process_seqs] Processed 1001 reads in 0.926 CPU sec, 0.119 real sec
[M::mem_process_seqs] Processed 1001 reads in 1.266 CPU sec, 0.160 real sec
[M::mem_process_seqs] Processed 1001 reads in 1.172 CPU sec, 0.148 real sec
774947 [main] INFO main.java.edu.mit.compbio.bisulfitehic.mapping.Bhmem  - Processing reads 1972000 ...
774947 [main] INFO main.java.edu.mit.compbio.bisulfitehic.mapping.Bhmem  - Unique mapped and paired reads 1963412 ...
774950 [main] INFO main.java.edu.mit.compbio.bisulfitehic.mapping.Bhmem  - Processing reads 1973000 ...
774950 [main] INFO main.java.edu.mit.compbio.bisulfitehic.mapping.Bhmem  - Unique mapped and paired reads 1963412 ...
[M::mem_process_seqs] Processed 1001 reads in 1.167 CPU sec, 0.156 real sec
[M::mem_process_seqs] Processed 1001 reads in 0.931 CPU sec, 0.120 real sec
[M::mem_process_seqs] Processed 1001 reads in 1.217 CPU sec, 0.156 real sec
[M::mem_process_seqs] Processed 1001 reads in 1.058 CPU sec, 0.135 real sec
775691 [main] INFO main.java.edu.mit.compbio.bisulfitehic.mapping.Bhmem  - Processing reads 1974000 ...
775691 [main] INFO main.java.edu.mit.compbio.bisulfitehic.mapping.Bhmem  - Unique mapped and paired reads 1965406 ...
775695 [main] INFO main.java.edu.mit.compbio.bisulfitehic.mapping.Bhmem  - Processing reads 1975000 ...
775695 [main] INFO main.java.edu.mit.compbio.bisulfitehic.mapping.Bhmem  - Unique mapped and paired reads 1965406 ...
[M::mem_process_seqs] Processed 1001 reads in 1.091 CPU sec, 0.138 real sec
[M::mem_process_seqs] Processed 1001 reads in 0.938 CPU sec, 0.120 real sec
[M::mem_process_seqs] Processed 1001 reads in 1.183 CPU sec, 0.150 real sec
[M::mem_process_seqs] Processed 1001 reads in 1.068 CPU sec, 0.135 real sec
776417 [main] INFO main.java.edu.mit.compbio.bisulfitehic.mapping.Bhmem  - Processing reads 1976000 ...
776417 [main] INFO main.java.edu.mit.compbio.bisulfitehic.mapping.Bhmem  - Unique mapped and paired reads 1967396 ...
776420 [main] INFO main.java.edu.mit.compbio.bisulfitehic.mapping.Bhmem  - Processing reads 1977000 ...
776420 [main] INFO main.java.edu.mit.compbio.bisulfitehic.mapping.Bhmem  - Unique mapped and paired reads 1967396 ...
[M::mem_process_seqs] Processed 1001 reads in 1.143 CPU sec, 0.145 real sec
[M::mem_process_seqs] Processed 1001 reads in 0.954 CPU sec, 0.122 real sec
[M::mem_process_seqs] Processed 1001 reads in 1.236 CPU sec, 0.161 real sec
[M::mem_process_seqs] Processed 1001 reads in 1.111 CPU sec, 0.144 real sec
777177 [main] INFO main.java.edu.mit.compbio.bisulfitehic.mapping.Bhmem  - Processing reads 1978000 ...
777177 [main] INFO main.java.edu.mit.compbio.bisulfitehic.mapping.Bhmem  - Unique mapped and paired reads 1969394 ...
777180 [main] INFO main.java.edu.mit.compbio.bisulfitehic.mapping.Bhmem  - Processing reads 1979000 ...
777180 [main] INFO main.java.edu.mit.compbio.bisulfitehic.mapping.Bhmem  - Unique mapped and paired reads 1969394 ...
[M::mem_process_seqs] Processed 1001 reads in 1.137 CPU sec, 0.145 real sec
[M::mem_process_seqs] Processed 1001 reads in 0.928 CPU sec, 0.118 real sec
[M::mem_process_seqs] Processed 1001 reads in 1.211 CPU sec, 0.153 real sec
[M::mem_process_seqs] Processed 1001 reads in 1.086 CPU sec, 0.143 real sec
777910 [main] INFO main.java.edu.mit.compbio.bisulfitehic.mapping.Bhmem  - Processing reads 1980000 ...
777910 [main] INFO main.java.edu.mit.compbio.bisulfitehic.mapping.Bhmem  - Unique mapped and paired reads 1971390 ...
777913 [main] INFO main.java.edu.mit.compbio.bisulfitehic.mapping.Bhmem  - Processing reads 1981000 ...
777913 [main] INFO main.java.edu.mit.compbio.bisulfitehic.mapping.Bhmem  - Unique mapped and paired reads 1971390 ...
[M::mem_process_seqs] Processed 1001 reads in 1.159 CPU sec, 0.149 real sec
[M::mem_process_seqs] Processed 1001 reads in 0.912 CPU sec, 0.117 real sec
[M::mem_process_seqs] Processed 1001 reads in 1.233 CPU sec, 0.157 real sec
[M::mem_process_seqs] Processed 1001 reads in 1.072 CPU sec, 0.138 real sec
778650 [main] INFO main.java.edu.mit.compbio.bisulfitehic.mapping.Bhmem  - Processing reads 1982000 ...
778650 [main] INFO main.java.edu.mit.compbio.bisulfitehic.mapping.Bhmem  - Unique mapped and paired reads 1973380 ...
778653 [main] INFO main.java.edu.mit.compbio.bisulfitehic.mapping.Bhmem  - Processing reads 1983000 ...
778653 [main] INFO main.java.edu.mit.compbio.bisulfitehic.mapping.Bhmem  - Unique mapped and paired reads 1973380 ...
[M::mem_process_seqs] Processed 1001 reads in 1.201 CPU sec, 0.155 real sec
[M::mem_process_seqs] Processed 1001 reads in 0.955 CPU sec, 0.123 real sec
[M::mem_process_seqs] Processed 1001 reads in 1.241 CPU sec, 0.161 real sec
[M::mem_process_seqs] Processed 1001 reads in 1.064 CPU sec, 0.137 real sec
779410 [main] INFO main.java.edu.mit.compbio.bisulfitehic.mapping.Bhmem  - Processing reads 1984000 ...
779410 [main] INFO main.java.edu.mit.compbio.bisulfitehic.mapping.Bhmem  - Unique mapped and paired reads 1975374 ...
779413 [main] INFO main.java.edu.mit.compbio.bisulfitehic.mapping.Bhmem  - Processing reads 1985000 ...
779413 [main] INFO main.java.edu.mit.compbio.bisulfitehic.mapping.Bhmem  - Unique mapped and paired reads 1975374 ...
[M::mem_process_seqs] Processed 1001 reads in 1.105 CPU sec, 0.141 real sec
[M::mem_process_seqs] Processed 1001 reads in 0.947 CPU sec, 0.121 real sec
[M::mem_process_seqs] Processed 1001 reads in 1.205 CPU sec, 0.152 real sec
[M::mem_process_seqs] Processed 1001 reads in 1.138 CPU sec, 0.147 real sec
780154 [main] INFO main.java.edu.mit.compbio.bisulfitehic.mapping.Bhmem  - Processing reads 1986000 ...
780154 [main] INFO main.java.edu.mit.compbio.bisulfitehic.mapping.Bhmem  - Unique mapped and paired reads 1977354 ...
780193 [main] INFO main.java.edu.mit.compbio.bisulfitehic.mapping.Bhmem  - Processing reads 1987000 ...
780193 [main] INFO main.java.edu.mit.compbio.bisulfitehic.mapping.Bhmem  - Unique mapped and paired reads 1977354 ...
[M::mem_process_seqs] Processed 1001 reads in 1.154 CPU sec, 0.146 real sec
[M::mem_process_seqs] Processed 1001 reads in 0.902 CPU sec, 0.115 real sec
[M::mem_process_seqs] Processed 1001 reads in 1.214 CPU sec, 0.154 real sec
[M::mem_process_seqs] Processed 1001 reads in 1.065 CPU sec, 0.138 real sec
780926 [main] INFO main.java.edu.mit.compbio.bisulfitehic.mapping.Bhmem  - Processing reads 1988000 ...
780926 [main] INFO main.java.edu.mit.compbio.bisulfitehic.mapping.Bhmem  - Unique mapped and paired reads 1979352 ...
780929 [main] INFO main.java.edu.mit.compbio.bisulfitehic.mapping.Bhmem  - Processing reads 1989000 ...
780929 [main] INFO main.java.edu.mit.compbio.bisulfitehic.mapping.Bhmem  - Unique mapped and paired reads 1979352 ...
[M::mem_process_seqs] Processed 1001 reads in 1.192 CPU sec, 0.151 real sec
[M::mem_process_seqs] Processed 1001 reads in 0.950 CPU sec, 0.120 real sec
[M::mem_process_seqs] Processed 1001 reads in 1.261 CPU sec, 0.169 real sec
[M::mem_process_seqs] Processed 1001 reads in 1.091 CPU sec, 0.140 real sec
781689 [main] INFO main.java.edu.mit.compbio.bisulfitehic.mapping.Bhmem  - Processing reads 1990000 ...
781689 [main] INFO main.java.edu.mit.compbio.bisulfitehic.mapping.Bhmem  - Unique mapped and paired reads 1981348 ...
781692 [main] INFO main.java.edu.mit.compbio.bisulfitehic.mapping.Bhmem  - Processing reads 1991000 ...
781692 [main] INFO main.java.edu.mit.compbio.bisulfitehic.mapping.Bhmem  - Unique mapped and paired reads 1981348 ...
[M::mem_process_seqs] Processed 1001 reads in 1.164 CPU sec, 0.157 real sec
[M::mem_process_seqs] Processed 1001 reads in 1.041 CPU sec, 0.132 real sec
[M::mem_process_seqs] Processed 1001 reads in 1.240 CPU sec, 0.157 real sec
[M::mem_process_seqs] Processed 1001 reads in 1.145 CPU sec, 0.145 real sec
782463 [main] INFO main.java.edu.mit.compbio.bisulfitehic.mapping.Bhmem  - Processing reads 1992000 ...
782463 [main] INFO main.java.edu.mit.compbio.bisulfitehic.mapping.Bhmem  - Unique mapped and paired reads 1983342 ...
782466 [main] INFO main.java.edu.mit.compbio.bisulfitehic.mapping.Bhmem  - Processing reads 1993000 ...
782466 [main] INFO main.java.edu.mit.compbio.bisulfitehic.mapping.Bhmem  - Unique mapped and paired reads 1983342 ...
[M::mem_process_seqs] Processed 1001 reads in 1.098 CPU sec, 0.149 real sec
[M::mem_process_seqs] Processed 1001 reads in 1.014 CPU sec, 0.133 real sec
[M::mem_process_seqs] Processed 1001 reads in 1.174 CPU sec, 0.150 real sec
[M::mem_process_seqs] Processed 1001 reads in 1.121 CPU sec, 0.145 real sec
783233 [main] INFO main.java.edu.mit.compbio.bisulfitehic.mapping.Bhmem  - Processing reads 1994000 ...
783233 [main] INFO main.java.edu.mit.compbio.bisulfitehic.mapping.Bhmem  - Unique mapped and paired reads 1985332 ...
783237 [main] INFO main.java.edu.mit.compbio.bisulfitehic.mapping.Bhmem  - Processing reads 1995000 ...
783237 [main] INFO main.java.edu.mit.compbio.bisulfitehic.mapping.Bhmem  - Unique mapped and paired reads 1985332 ...
[M::mem_process_seqs] Processed 1001 reads in 1.173 CPU sec, 0.155 real sec
[M::mem_process_seqs] Processed 1001 reads in 0.964 CPU sec, 0.126 real sec
[M::mem_process_seqs] Processed 1001 reads in 1.284 CPU sec, 0.173 real sec
[M::mem_process_seqs] Processed 1001 reads in 1.121 CPU sec, 0.147 real sec
784014 [main] INFO main.java.edu.mit.compbio.bisulfitehic.mapping.Bhmem  - Processing reads 1996000 ...
784014 [main] INFO main.java.edu.mit.compbio.bisulfitehic.mapping.Bhmem  - Unique mapped and paired reads 1987326 ...
784018 [main] INFO main.java.edu.mit.compbio.bisulfitehic.mapping.Bhmem  - Processing reads 1997000 ...
784018 [main] INFO main.java.edu.mit.compbio.bisulfitehic.mapping.Bhmem  - Unique mapped and paired reads 1987326 ...
[M::mem_process_seqs] Processed 1001 reads in 1.203 CPU sec, 0.155 real sec
[M::mem_process_seqs] Processed 1001 reads in 0.958 CPU sec, 0.127 real sec
[M::mem_process_seqs] Processed 1001 reads in 1.350 CPU sec, 0.178 real sec
[M::mem_process_seqs] Processed 1001 reads in 1.099 CPU sec, 0.140 real sec
784796 [main] INFO main.java.edu.mit.compbio.bisulfitehic.mapping.Bhmem  - Processing reads 1998000 ...
784796 [main] INFO main.java.edu.mit.compbio.bisulfitehic.mapping.Bhmem  - Unique mapped and paired reads 1989310 ...
784799 [main] INFO main.java.edu.mit.compbio.bisulfitehic.mapping.Bhmem  - Processing reads 1999000 ...
784799 [main] INFO main.java.edu.mit.compbio.bisulfitehic.mapping.Bhmem  - Unique mapped and paired reads 1989310 ...
[M::mem_process_seqs] Processed 1001 reads in 1.138 CPU sec, 0.145 real sec
[M::mem_process_seqs] Processed 1001 reads in 0.909 CPU sec, 0.122 real sec
[M::mem_process_seqs] Processed 1001 reads in 1.286 CPU sec, 0.167 real sec
[M::mem_process_seqs] Processed 1001 reads in 1.001 CPU sec, 0.127 real sec
785533 [main] INFO main.java.edu.mit.compbio.bisulfitehic.mapping.Bhmem  - Processing reads 2000000 ...
785533 [main] INFO main.java.edu.mit.compbio.bisulfitehic.mapping.Bhmem  - Unique mapped and paired reads 1991302 ...
785536 [main] INFO main.java.edu.mit.compbio.bisulfitehic.mapping.Bhmem  - Processing reads 2001000 ...
785536 [main] INFO main.java.edu.mit.compbio.bisulfitehic.mapping.Bhmem  - Unique mapped and paired reads 1991302 ...
785539 [main] INFO main.java.edu.mit.compbio.bisulfitehic.mapping.Bhmem  - Processing reads 2002000 ...
785539 [main] INFO main.java.edu.mit.compbio.bisulfitehic.mapping.Bhmem  - Unique mapped and paired reads 1991302 ...
[M::mem_process_seqs] Processed 1001 reads in 1.061 CPU sec, 0.138 real sec
[M::mem_process_seqs] Processed 1001 reads in 0.919 CPU sec, 0.118 real sec
[M::mem_process_seqs] Processed 1001 reads in 1.135 CPU sec, 0.145 real sec
[M::mem_process_seqs] Processed 1001 reads in 1.011 CPU sec, 0.128 real sec
786240 [main] INFO main.java.edu.mit.compbio.bisulfitehic.mapping.Bhmem  - Processing reads 2003000 ...
786240 [main] INFO main.java.edu.mit.compbio.bisulfitehic.mapping.Bhmem  - Unique mapped and paired reads 1993296 ...
786243 [main] INFO main.java.edu.mit.compbio.bisulfitehic.mapping.Bhmem  - Processing reads 2004000 ...
786243 [main] INFO main.java.edu.mit.compbio.bisulfitehic.mapping.Bhmem  - Unique mapped and paired reads 1993296 ...
[M::mem_process_seqs] Processed 1001 reads in 1.208 CPU sec, 0.153 real sec
[M::mem_process_seqs] Processed 1001 reads in 0.920 CPU sec, 0.120 real sec
[M::mem_process_seqs] Processed 1001 reads in 1.280 CPU sec, 0.163 real sec
[M::mem_process_seqs] Processed 1001 reads in 1.051 CPU sec, 0.137 real sec
786993 [main] INFO main.java.edu.mit.compbio.bisulfitehic.mapping.Bhmem  - Processing reads 2005000 ...
786993 [main] INFO main.java.edu.mit.compbio.bisulfitehic.mapping.Bhmem  - Unique mapped and paired reads 1995286 ...
786996 [main] INFO main.java.edu.mit.compbio.bisulfitehic.mapping.Bhmem  - Processing reads 2006000 ...
786996 [main] INFO main.java.edu.mit.compbio.bisulfitehic.mapping.Bhmem  - Unique mapped and paired reads 1995286 ...
[M::mem_process_seqs] Processed 1001 reads in 1.178 CPU sec, 0.150 real sec
[M::mem_process_seqs] Processed 1001 reads in 1.004 CPU sec, 0.127 real sec
[M::mem_process_seqs] Processed 1001 reads in 1.295 CPU sec, 0.165 real sec
[M::mem_process_seqs] Processed 1001 reads in 1.137 CPU sec, 0.144 real sec
787755 [main] INFO main.java.edu.mit.compbio.bisulfitehic.mapping.Bhmem  - Processing reads 2007000 ...
787755 [main] INFO main.java.edu.mit.compbio.bisulfitehic.mapping.Bhmem  - Unique mapped and paired reads 1997284 ...
787758 [main] INFO main.java.edu.mit.compbio.bisulfitehic.mapping.Bhmem  - Processing reads 2008000 ...
787758 [main] INFO main.java.edu.mit.compbio.bisulfitehic.mapping.Bhmem  - Unique mapped and paired reads 1997284 ...
[M::mem_process_seqs] Processed 1001 reads in 1.129 CPU sec, 0.143 real sec
[M::mem_process_seqs] Processed 1001 reads in 0.922 CPU sec, 0.125 real sec
[M::mem_process_seqs] Processed 1001 reads in 1.178 CPU sec, 0.149 real sec
[M::mem_process_seqs] Processed 1001 reads in 1.015 CPU sec, 0.129 real sec
788480 [main] INFO main.java.edu.mit.compbio.bisulfitehic.mapping.Bhmem  - Processing reads 2009000 ...
788480 [main] INFO main.java.edu.mit.compbio.bisulfitehic.mapping.Bhmem  - Unique mapped and paired reads 1999276 ...
788484 [main] INFO main.java.edu.mit.compbio.bisulfitehic.mapping.Bhmem  - Processing reads 2010000 ...
788484 [main] INFO main.java.edu.mit.compbio.bisulfitehic.mapping.Bhmem  - Unique mapped and paired reads 1999276 ...
[M::mem_process_seqs] Processed 1001 reads in 1.196 CPU sec, 0.152 real sec
[M::mem_process_seqs] Processed 1001 reads in 1.036 CPU sec, 0.135 real sec
[M::mem_process_seqs] Processed 1001 reads in 1.322 CPU sec, 0.168 real sec
[M::mem_process_seqs] Processed 1001 reads in 1.068 CPU sec, 0.135 real sec
789260 [main] INFO main.java.edu.mit.compbio.bisulfitehic.mapping.Bhmem  - Processing reads 2011000 ...
789260 [main] INFO main.java.edu.mit.compbio.bisulfitehic.mapping.Bhmem  - Unique mapped and paired reads 2001270 ...
789263 [main] INFO main.java.edu.mit.compbio.bisulfitehic.mapping.Bhmem  - Processing reads 2012000 ...
789263 [main] INFO main.java.edu.mit.compbio.bisulfitehic.mapping.Bhmem  - Unique mapped and paired reads 2001270 ...
[M::mem_process_seqs] Processed 1001 reads in 1.168 CPU sec, 0.156 real sec
[M::mem_process_seqs] Processed 1001 reads in 0.931 CPU sec, 0.119 real sec
[M::mem_process_seqs] Processed 1001 reads in 1.253 CPU sec, 0.160 real sec
[M::mem_process_seqs] Processed 1001 reads in 1.087 CPU sec, 0.141 real sec
790013 [main] INFO main.java.edu.mit.compbio.bisulfitehic.mapping.Bhmem  - Processing reads 2013000 ...
790013 [main] INFO main.java.edu.mit.compbio.bisulfitehic.mapping.Bhmem  - Unique mapped and paired reads 2003264 ...
790017 [main] INFO main.java.edu.mit.compbio.bisulfitehic.mapping.Bhmem  - Processing reads 2014000 ...
790017 [main] INFO main.java.edu.mit.compbio.bisulfitehic.mapping.Bhmem  - Unique mapped and paired reads 2003264 ...
[M::mem_process_seqs] Processed 1001 reads in 1.145 CPU sec, 0.145 real sec
[M::mem_process_seqs] Processed 1001 reads in 0.951 CPU sec, 0.135 real sec
[M::mem_process_seqs] Processed 1001 reads in 1.282 CPU sec, 0.165 real sec
[M::mem_process_seqs] Processed 1001 reads in 1.135 CPU sec, 0.144 real sec
790779 [main] INFO main.java.edu.mit.compbio.bisulfitehic.mapping.Bhmem  - Processing reads 2015000 ...
790779 [main] INFO main.java.edu.mit.compbio.bisulfitehic.mapping.Bhmem  - Unique mapped and paired reads 2005254 ...
790782 [main] INFO main.java.edu.mit.compbio.bisulfitehic.mapping.Bhmem  - Processing reads 2016000 ...
790782 [main] INFO main.java.edu.mit.compbio.bisulfitehic.mapping.Bhmem  - Unique mapped and paired reads 2005254 ...
[M::mem_process_seqs] Processed 1001 reads in 1.228 CPU sec, 0.158 real sec
[M::mem_process_seqs] Processed 1001 reads in 0.942 CPU sec, 0.124 real sec
[M::mem_process_seqs] Processed 1001 reads in 1.253 CPU sec, 0.161 real sec
[M::mem_process_seqs] Processed 1001 reads in 1.115 CPU sec, 0.143 real sec
791538 [main] INFO main.java.edu.mit.compbio.bisulfitehic.mapping.Bhmem  - Processing reads 2017000 ...
791538 [main] INFO main.java.edu.mit.compbio.bisulfitehic.mapping.Bhmem  - Unique mapped and paired reads 2007246 ...
791541 [main] INFO main.java.edu.mit.compbio.bisulfitehic.mapping.Bhmem  - Processing reads 2018000 ...
791541 [main] INFO main.java.edu.mit.compbio.bisulfitehic.mapping.Bhmem  - Unique mapped and paired reads 2007246 ...
[M::mem_process_seqs] Processed 1001 reads in 1.136 CPU sec, 0.145 real sec
[M::mem_process_seqs] Processed 1001 reads in 0.905 CPU sec, 0.115 real sec
[M::mem_process_seqs] Processed 1001 reads in 1.205 CPU sec, 0.152 real sec
[M::mem_process_seqs] Processed 1001 reads in 1.065 CPU sec, 0.134 real sec
792264 [main] INFO main.java.edu.mit.compbio.bisulfitehic.mapping.Bhmem  - Processing reads 2019000 ...
792264 [main] INFO main.java.edu.mit.compbio.bisulfitehic.mapping.Bhmem  - Unique mapped and paired reads 2009236 ...
792267 [main] INFO main.java.edu.mit.compbio.bisulfitehic.mapping.Bhmem  - Processing reads 2020000 ...
792267 [main] INFO main.java.edu.mit.compbio.bisulfitehic.mapping.Bhmem  - Unique mapped and paired reads 2009236 ...
[M::mem_process_seqs] Processed 1001 reads in 1.171 CPU sec, 0.148 real sec
[M::mem_process_seqs] Processed 1001 reads in 0.894 CPU sec, 0.114 real sec
[M::mem_process_seqs] Processed 1001 reads in 1.234 CPU sec, 0.155 real sec
[M::mem_process_seqs] Processed 1001 reads in 1.131 CPU sec, 0.146 real sec
793002 [main] INFO main.java.edu.mit.compbio.bisulfitehic.mapping.Bhmem  - Processing reads 2021000 ...
793002 [main] INFO main.java.edu.mit.compbio.bisulfitehic.mapping.Bhmem  - Unique mapped and paired reads 2011230 ...
793005 [main] INFO main.java.edu.mit.compbio.bisulfitehic.mapping.Bhmem  - Processing reads 2022000 ...
793005 [main] INFO main.java.edu.mit.compbio.bisulfitehic.mapping.Bhmem  - Unique mapped and paired reads 2011230 ...
[M::mem_process_seqs] Processed 1001 reads in 1.171 CPU sec, 0.148 real sec
[M::mem_process_seqs] Processed 1001 reads in 0.939 CPU sec, 0.121 real sec
[M::mem_process_seqs] Processed 1001 reads in 1.265 CPU sec, 0.160 real sec
[M::mem_process_seqs] Processed 1001 reads in 1.100 CPU sec, 0.142 real sec
793757 [main] INFO main.java.edu.mit.compbio.bisulfitehic.mapping.Bhmem  - Processing reads 2023000 ...
793757 [main] INFO main.java.edu.mit.compbio.bisulfitehic.mapping.Bhmem  - Unique mapped and paired reads 2013228 ...
793760 [main] INFO main.java.edu.mit.compbio.bisulfitehic.mapping.Bhmem  - Processing reads 2024000 ...
793760 [main] INFO main.java.edu.mit.compbio.bisulfitehic.mapping.Bhmem  - Unique mapped and paired reads 2013228 ...
[M::mem_process_seqs] Processed 1001 reads in 1.222 CPU sec, 0.158 real sec
[M::mem_process_seqs] Processed 1001 reads in 0.989 CPU sec, 0.127 real sec
[M::mem_process_seqs] Processed 1001 reads in 1.276 CPU sec, 0.162 real sec
[M::mem_process_seqs] Processed 1001 reads in 1.097 CPU sec, 0.140 real sec
794526 [main] INFO main.java.edu.mit.compbio.bisulfitehic.mapping.Bhmem  - Processing reads 2025000 ...
794526 [main] INFO main.java.edu.mit.compbio.bisulfitehic.mapping.Bhmem  - Unique mapped and paired reads 2015230 ...
794530 [main] INFO main.java.edu.mit.compbio.bisulfitehic.mapping.Bhmem  - Processing reads 2026000 ...
794530 [main] INFO main.java.edu.mit.compbio.bisulfitehic.mapping.Bhmem  - Unique mapped and paired reads 2015230 ...
[M::mem_process_seqs] Processed 1001 reads in 1.184 CPU sec, 0.152 real sec
[M::mem_process_seqs] Processed 1001 reads in 0.959 CPU sec, 0.126 real sec
[M::mem_process_seqs] Processed 1001 reads in 1.312 CPU sec, 0.168 real sec
[M::mem_process_seqs] Processed 1001 reads in 1.067 CPU sec, 0.135 real sec
795292 [main] INFO main.java.edu.mit.compbio.bisulfitehic.mapping.Bhmem  - Processing reads 2027000 ...
795293 [main] INFO main.java.edu.mit.compbio.bisulfitehic.mapping.Bhmem  - Unique mapped and paired reads 2017208 ...
795296 [main] INFO main.java.edu.mit.compbio.bisulfitehic.mapping.Bhmem  - Processing reads 2028000 ...
795296 [main] INFO main.java.edu.mit.compbio.bisulfitehic.mapping.Bhmem  - Unique mapped and paired reads 2017208 ...
[M::mem_process_seqs] Processed 1001 reads in 1.301 CPU sec, 0.166 real sec
[M::mem_process_seqs] Processed 1001 reads in 1.024 CPU sec, 0.134 real sec
[M::mem_process_seqs] Processed 1001 reads in 1.285 CPU sec, 0.163 real sec
[M::mem_process_seqs] Processed 1001 reads in 1.096 CPU sec, 0.138 real sec
796100 [main] INFO main.java.edu.mit.compbio.bisulfitehic.mapping.Bhmem  - Processing reads 2029000 ...
796100 [main] INFO main.java.edu.mit.compbio.bisulfitehic.mapping.Bhmem  - Unique mapped and paired reads 2019204 ...
796103 [main] INFO main.java.edu.mit.compbio.bisulfitehic.mapping.Bhmem  - Processing reads 2030000 ...
796103 [main] INFO main.java.edu.mit.compbio.bisulfitehic.mapping.Bhmem  - Unique mapped and paired reads 2019204 ...
[M::mem_process_seqs] Processed 1001 reads in 1.250 CPU sec, 0.158 real sec
[M::mem_process_seqs] Processed 1001 reads in 0.985 CPU sec, 0.125 real sec
[M::mem_process_seqs] Processed 1001 reads in 1.396 CPU sec, 0.180 real sec
[M::mem_process_seqs] Processed 1001 reads in 1.265 CPU sec, 0.166 real sec
796918 [main] INFO main.java.edu.mit.compbio.bisulfitehic.mapping.Bhmem  - Processing reads 2031000 ...
796918 [main] INFO main.java.edu.mit.compbio.bisulfitehic.mapping.Bhmem  - Unique mapped and paired reads 2021204 ...
796921 [main] INFO main.java.edu.mit.compbio.bisulfitehic.mapping.Bhmem  - Processing reads 2032000 ...
796921 [main] INFO main.java.edu.mit.compbio.bisulfitehic.mapping.Bhmem  - Unique mapped and paired reads 2021204 ...
[M::mem_process_seqs] Processed 1001 reads in 1.189 CPU sec, 0.150 real sec
[M::mem_process_seqs] Processed 1001 reads in 0.962 CPU sec, 0.123 real sec
[M::mem_process_seqs] Processed 1001 reads in 1.310 CPU sec, 0.169 real sec
[M::mem_process_seqs] Processed 1001 reads in 1.143 CPU sec, 0.145 real sec
797689 [main] INFO main.java.edu.mit.compbio.bisulfitehic.mapping.Bhmem  - Processing reads 2033000 ...
797689 [main] INFO main.java.edu.mit.compbio.bisulfitehic.mapping.Bhmem  - Unique mapped and paired reads 2023202 ...
797692 [main] INFO main.java.edu.mit.compbio.bisulfitehic.mapping.Bhmem  - Processing reads 2034000 ...
797692 [main] INFO main.java.edu.mit.compbio.bisulfitehic.mapping.Bhmem  - Unique mapped and paired reads 2023202 ...
[M::mem_process_seqs] Processed 1001 reads in 1.289 CPU sec, 0.165 real sec
[M::mem_process_seqs] Processed 1001 reads in 1.082 CPU sec, 0.141 real sec
[M::mem_process_seqs] Processed 1001 reads in 1.377 CPU sec, 0.174 real sec
[M::mem_process_seqs] Processed 1001 reads in 1.190 CPU sec, 0.151 real sec
798509 [main] INFO main.java.edu.mit.compbio.bisulfitehic.mapping.Bhmem  - Processing reads 2035000 ...
798509 [main] INFO main.java.edu.mit.compbio.bisulfitehic.mapping.Bhmem  - Unique mapped and paired reads 2025198 ...
798512 [main] INFO main.java.edu.mit.compbio.bisulfitehic.mapping.Bhmem  - Processing reads 2036000 ...
798512 [main] INFO main.java.edu.mit.compbio.bisulfitehic.mapping.Bhmem  - Unique mapped and paired reads 2025198 ...
[M::mem_process_seqs] Processed 1001 reads in 1.179 CPU sec, 0.151 real sec
[M::mem_process_seqs] Processed 1001 reads in 1.009 CPU sec, 0.132 real sec
[M::mem_process_seqs] Processed 1001 reads in 1.240 CPU sec, 0.172 real sec
[M::mem_process_seqs] Processed 1001 reads in 1.149 CPU sec, 0.150 real sec
799317 [main] INFO main.java.edu.mit.compbio.bisulfitehic.mapping.Bhmem  - Processing reads 2037000 ...
799317 [main] INFO main.java.edu.mit.compbio.bisulfitehic.mapping.Bhmem  - Unique mapped and paired reads 2027192 ...
799320 [main] INFO main.java.edu.mit.compbio.bisulfitehic.mapping.Bhmem  - Processing reads 2038000 ...
799320 [main] INFO main.java.edu.mit.compbio.bisulfitehic.mapping.Bhmem  - Unique mapped and paired reads 2027192 ...
[M::mem_process_seqs] Processed 1001 reads in 1.209 CPU sec, 0.154 real sec
[M::mem_process_seqs] Processed 1001 reads in 0.973 CPU sec, 0.134 real sec
[M::mem_process_seqs] Processed 1001 reads in 1.271 CPU sec, 0.161 real sec
[M::mem_process_seqs] Processed 1001 reads in 1.080 CPU sec, 0.138 real sec
800079 [main] INFO main.java.edu.mit.compbio.bisulfitehic.mapping.Bhmem  - Processing reads 2039000 ...
800079 [main] INFO main.java.edu.mit.compbio.bisulfitehic.mapping.Bhmem  - Unique mapped and paired reads 2029186 ...
800082 [main] INFO main.java.edu.mit.compbio.bisulfitehic.mapping.Bhmem  - Processing reads 2040000 ...
800082 [main] INFO main.java.edu.mit.compbio.bisulfitehic.mapping.Bhmem  - Unique mapped and paired reads 2029186 ...
[M::mem_process_seqs] Processed 1001 reads in 1.161 CPU sec, 0.148 real sec
[M::mem_process_seqs] Processed 1001 reads in 0.902 CPU sec, 0.115 real sec
[M::mem_process_seqs] Processed 1001 reads in 1.294 CPU sec, 0.164 real sec
[M::mem_process_seqs] Processed 1001 reads in 1.019 CPU sec, 0.130 real sec
800899 [main] INFO main.java.edu.mit.compbio.bisulfitehic.mapping.Bhmem  - Processing reads 2041000 ...
800899 [main] INFO main.java.edu.mit.compbio.bisulfitehic.mapping.Bhmem  - Unique mapped and paired reads 2031178 ...
800908 [main] INFO main.java.edu.mit.compbio.bisulfitehic.mapping.Bhmem  - Processing reads 2042000 ...
800908 [main] INFO main.java.edu.mit.compbio.bisulfitehic.mapping.Bhmem  - Unique mapped and paired reads 2031178 ...
[M::mem_process_seqs] Processed 1001 reads in 1.170 CPU sec, 0.148 real sec
[M::mem_process_seqs] Processed 1001 reads in 0.994 CPU sec, 0.127 real sec
[M::mem_process_seqs] Processed 1001 reads in 1.198 CPU sec, 0.152 real sec
[M::mem_process_seqs] Processed 1001 reads in 1.135 CPU sec, 0.145 real sec
801655 [main] INFO main.java.edu.mit.compbio.bisulfitehic.mapping.Bhmem  - Processing reads 2043000 ...
801655 [main] INFO main.java.edu.mit.compbio.bisulfitehic.mapping.Bhmem  - Unique mapped and paired reads 2033172 ...
801659 [main] INFO main.java.edu.mit.compbio.bisulfitehic.mapping.Bhmem  - Processing reads 2044000 ...
801659 [main] INFO main.java.edu.mit.compbio.bisulfitehic.mapping.Bhmem  - Unique mapped and paired reads 2033172 ...
[M::mem_process_seqs] Processed 1001 reads in 1.203 CPU sec, 0.153 real sec
[M::mem_process_seqs] Processed 1001 reads in 1.016 CPU sec, 0.130 real sec
[M::mem_process_seqs] Processed 1001 reads in 1.308 CPU sec, 0.165 real sec
[M::mem_process_seqs] Processed 1001 reads in 1.141 CPU sec, 0.144 real sec
802427 [main] INFO main.java.edu.mit.compbio.bisulfitehic.mapping.Bhmem  - Processing reads 2045000 ...
802427 [main] INFO main.java.edu.mit.compbio.bisulfitehic.mapping.Bhmem  - Unique mapped and paired reads 2035172 ...
802430 [main] INFO main.java.edu.mit.compbio.bisulfitehic.mapping.Bhmem  - Processing reads 2046000 ...
802430 [main] INFO main.java.edu.mit.compbio.bisulfitehic.mapping.Bhmem  - Unique mapped and paired reads 2035172 ...
[M::mem_process_seqs] Processed 1001 reads in 1.182 CPU sec, 0.157 real sec
[M::mem_process_seqs] Processed 1001 reads in 1.029 CPU sec, 0.131 real sec
[M::mem_process_seqs] Processed 1001 reads in 1.260 CPU sec, 0.161 real sec
[M::mem_process_seqs] Processed 1001 reads in 1.124 CPU sec, 0.142 real sec
803199 [main] INFO main.java.edu.mit.compbio.bisulfitehic.mapping.Bhmem  - Processing reads 2047000 ...
803199 [main] INFO main.java.edu.mit.compbio.bisulfitehic.mapping.Bhmem  - Unique mapped and paired reads 2037164 ...
803202 [main] INFO main.java.edu.mit.compbio.bisulfitehic.mapping.Bhmem  - Processing reads 2048000 ...
803202 [main] INFO main.java.edu.mit.compbio.bisulfitehic.mapping.Bhmem  - Unique mapped and paired reads 2037164 ...
[M::mem_process_seqs] Processed 1001 reads in 1.128 CPU sec, 0.147 real sec
[M::mem_process_seqs] Processed 1001 reads in 0.972 CPU sec, 0.128 real sec
[M::mem_process_seqs] Processed 1001 reads in 1.305 CPU sec, 0.166 real sec
[M::mem_process_seqs] Processed 1001 reads in 1.095 CPU sec, 0.145 real sec
803967 [main] INFO main.java.edu.mit.compbio.bisulfitehic.mapping.Bhmem  - Processing reads 2049000 ...
803967 [main] INFO main.java.edu.mit.compbio.bisulfitehic.mapping.Bhmem  - Unique mapped and paired reads 2039164 ...
803970 [main] INFO main.java.edu.mit.compbio.bisulfitehic.mapping.Bhmem  - Processing reads 2050000 ...
803970 [main] INFO main.java.edu.mit.compbio.bisulfitehic.mapping.Bhmem  - Unique mapped and paired reads 2039164 ...
[M::mem_process_seqs] Processed 1001 reads in 1.230 CPU sec, 0.155 real sec
[M::mem_process_seqs] Processed 1001 reads in 1.004 CPU sec, 0.132 real sec
[M::mem_process_seqs] Processed 1001 reads in 1.293 CPU sec, 0.170 real sec
[M::mem_process_seqs] Processed 1001 reads in 1.189 CPU sec, 0.158 real sec
804761 [main] INFO main.java.edu.mit.compbio.bisulfitehic.mapping.Bhmem  - Processing reads 2051000 ...
804761 [main] INFO main.java.edu.mit.compbio.bisulfitehic.mapping.Bhmem  - Unique mapped and paired reads 2041160 ...
804764 [main] INFO main.java.edu.mit.compbio.bisulfitehic.mapping.Bhmem  - Processing reads 2052000 ...
804764 [main] INFO main.java.edu.mit.compbio.bisulfitehic.mapping.Bhmem  - Unique mapped and paired reads 2041160 ...
[M::mem_process_seqs] Processed 1001 reads in 1.154 CPU sec, 0.148 real sec
[M::mem_process_seqs] Processed 1001 reads in 0.895 CPU sec, 0.113 real sec
[M::mem_process_seqs] Processed 1001 reads in 1.366 CPU sec, 0.179 real sec
[M::mem_process_seqs] Processed 1001 reads in 1.118 CPU sec, 0.141 real sec
805528 [main] INFO main.java.edu.mit.compbio.bisulfitehic.mapping.Bhmem  - Processing reads 2053000 ...
805528 [main] INFO main.java.edu.mit.compbio.bisulfitehic.mapping.Bhmem  - Unique mapped and paired reads 2043152 ...
805531 [main] INFO main.java.edu.mit.compbio.bisulfitehic.mapping.Bhmem  - Processing reads 2054000 ...
805531 [main] INFO main.java.edu.mit.compbio.bisulfitehic.mapping.Bhmem  - Unique mapped and paired reads 2043152 ...
[M::mem_process_seqs] Processed 1001 reads in 1.119 CPU sec, 0.142 real sec
[M::mem_process_seqs] Processed 1001 reads in 0.915 CPU sec, 0.116 real sec
[M::mem_process_seqs] Processed 1001 reads in 1.259 CPU sec, 0.160 real sec
[M::mem_process_seqs] Processed 1001 reads in 1.038 CPU sec, 0.132 real sec
806254 [main] INFO main.java.edu.mit.compbio.bisulfitehic.mapping.Bhmem  - Processing reads 2055000 ...
806254 [main] INFO main.java.edu.mit.compbio.bisulfitehic.mapping.Bhmem  - Unique mapped and paired reads 2045146 ...
806258 [main] INFO main.java.edu.mit.compbio.bisulfitehic.mapping.Bhmem  - Processing reads 2056000 ...
806258 [main] INFO main.java.edu.mit.compbio.bisulfitehic.mapping.Bhmem  - Unique mapped and paired reads 2045146 ...
[M::mem_process_seqs] Processed 1001 reads in 1.177 CPU sec, 0.153 real sec
[M::mem_process_seqs] Processed 1001 reads in 0.972 CPU sec, 0.126 real sec
[M::mem_process_seqs] Processed 1001 reads in 1.288 CPU sec, 0.163 real sec
[M::mem_process_seqs] Processed 1001 reads in 1.044 CPU sec, 0.134 real sec
807014 [main] INFO main.java.edu.mit.compbio.bisulfitehic.mapping.Bhmem  - Processing reads 2057000 ...
807014 [main] INFO main.java.edu.mit.compbio.bisulfitehic.mapping.Bhmem  - Unique mapped and paired reads 2047136 ...
807017 [main] INFO main.java.edu.mit.compbio.bisulfitehic.mapping.Bhmem  - Processing reads 2058000 ...
807017 [main] INFO main.java.edu.mit.compbio.bisulfitehic.mapping.Bhmem  - Unique mapped and paired reads 2047136 ...
[M::mem_process_seqs] Processed 1001 reads in 1.191 CPU sec, 0.153 real sec
[M::mem_process_seqs] Processed 1001 reads in 0.910 CPU sec, 0.125 real sec
[M::mem_process_seqs] Processed 1001 reads in 1.254 CPU sec, 0.159 real sec
[M::mem_process_seqs] Processed 1001 reads in 0.979 CPU sec, 0.129 real sec
807760 [main] INFO main.java.edu.mit.compbio.bisulfitehic.mapping.Bhmem  - Processing reads 2059000 ...
807760 [main] INFO main.java.edu.mit.compbio.bisulfitehic.mapping.Bhmem  - Unique mapped and paired reads 2049130 ...
807763 [main] INFO main.java.edu.mit.compbio.bisulfitehic.mapping.Bhmem  - Processing reads 2060000 ...
807763 [main] INFO main.java.edu.mit.compbio.bisulfitehic.mapping.Bhmem  - Unique mapped and paired reads 2049130 ...
[M::mem_process_seqs] Processed 1001 reads in 1.258 CPU sec, 0.160 real sec
[M::mem_process_seqs] Processed 1001 reads in 0.947 CPU sec, 0.120 real sec
[M::mem_process_seqs] Processed 1001 reads in 1.260 CPU sec, 0.166 real sec
[M::mem_process_seqs] Processed 1001 reads in 1.091 CPU sec, 0.139 real sec
808520 [main] INFO main.java.edu.mit.compbio.bisulfitehic.mapping.Bhmem  - Processing reads 2061000 ...
808520 [main] INFO main.java.edu.mit.compbio.bisulfitehic.mapping.Bhmem  - Unique mapped and paired reads 2051120 ...
808523 [main] INFO main.java.edu.mit.compbio.bisulfitehic.mapping.Bhmem  - Processing reads 2062000 ...
808523 [main] INFO main.java.edu.mit.compbio.bisulfitehic.mapping.Bhmem  - Unique mapped and paired reads 2051120 ...
[M::mem_process_seqs] Processed 1001 reads in 1.067 CPU sec, 0.135 real sec
[M::mem_process_seqs] Processed 1001 reads in 0.891 CPU sec, 0.120 real sec
[M::mem_process_seqs] Processed 1001 reads in 1.241 CPU sec, 0.165 real sec
[M::mem_process_seqs] Processed 1001 reads in 1.102 CPU sec, 0.139 real sec
809261 [main] INFO main.java.edu.mit.compbio.bisulfitehic.mapping.Bhmem  - Processing reads 2063000 ...
809261 [main] INFO main.java.edu.mit.compbio.bisulfitehic.mapping.Bhmem  - Unique mapped and paired reads 2053112 ...
809264 [main] INFO main.java.edu.mit.compbio.bisulfitehic.mapping.Bhmem  - Processing reads 2064000 ...
809264 [main] INFO main.java.edu.mit.compbio.bisulfitehic.mapping.Bhmem  - Unique mapped and paired reads 2053112 ...
[M::mem_process_seqs] Processed 1001 reads in 1.135 CPU sec, 0.144 real sec
[M::mem_process_seqs] Processed 1001 reads in 0.934 CPU sec, 0.120 real sec
[M::mem_process_seqs] Processed 1001 reads in 1.332 CPU sec, 0.173 real sec
[M::mem_process_seqs] Processed 1001 reads in 1.140 CPU sec, 0.146 real sec
810025 [main] INFO main.java.edu.mit.compbio.bisulfitehic.mapping.Bhmem  - Processing reads 2065000 ...
810025 [main] INFO main.java.edu.mit.compbio.bisulfitehic.mapping.Bhmem  - Unique mapped and paired reads 2055108 ...
810028 [main] INFO main.java.edu.mit.compbio.bisulfitehic.mapping.Bhmem  - Processing reads 2066000 ...
810028 [main] INFO main.java.edu.mit.compbio.bisulfitehic.mapping.Bhmem  - Unique mapped and paired reads 2055108 ...
[M::mem_process_seqs] Processed 1001 reads in 1.127 CPU sec, 0.142 real sec
[M::mem_process_seqs] Processed 1001 reads in 0.956 CPU sec, 0.122 real sec
[M::mem_process_seqs] Processed 1001 reads in 1.231 CPU sec, 0.160 real sec
[M::mem_process_seqs] Processed 1001 reads in 1.059 CPU sec, 0.136 real sec
810758 [main] INFO main.java.edu.mit.compbio.bisulfitehic.mapping.Bhmem  - Processing reads 2067000 ...
810758 [main] INFO main.java.edu.mit.compbio.bisulfitehic.mapping.Bhmem  - Unique mapped and paired reads 2057104 ...
810761 [main] INFO main.java.edu.mit.compbio.bisulfitehic.mapping.Bhmem  - Processing reads 2068000 ...
810761 [main] INFO main.java.edu.mit.compbio.bisulfitehic.mapping.Bhmem  - Unique mapped and paired reads 2057104 ...
[M::mem_process_seqs] Processed 1001 reads in 1.098 CPU sec, 0.142 real sec
[M::mem_process_seqs] Processed 1001 reads in 0.929 CPU sec, 0.121 real sec
[M::mem_process_seqs] Processed 1001 reads in 1.187 CPU sec, 0.150 real sec
[M::mem_process_seqs] Processed 1001 reads in 1.007 CPU sec, 0.128 real sec
811477 [main] INFO main.java.edu.mit.compbio.bisulfitehic.mapping.Bhmem  - Processing reads 2069000 ...
811477 [main] INFO main.java.edu.mit.compbio.bisulfitehic.mapping.Bhmem  - Unique mapped and paired reads 2059094 ...
811480 [main] INFO main.java.edu.mit.compbio.bisulfitehic.mapping.Bhmem  - Processing reads 2070000 ...
811480 [main] INFO main.java.edu.mit.compbio.bisulfitehic.mapping.Bhmem  - Unique mapped and paired reads 2059094 ...
[M::mem_process_seqs] Processed 1001 reads in 1.159 CPU sec, 0.148 real sec
[M::mem_process_seqs] Processed 1001 reads in 0.933 CPU sec, 0.118 real sec
[M::mem_process_seqs] Processed 1001 reads in 1.255 CPU sec, 0.160 real sec
[M::mem_process_seqs] Processed 1001 reads in 1.063 CPU sec, 0.136 real sec
812225 [main] INFO main.java.edu.mit.compbio.bisulfitehic.mapping.Bhmem  - Processing reads 2071000 ...
812225 [main] INFO main.java.edu.mit.compbio.bisulfitehic.mapping.Bhmem  - Unique mapped and paired reads 2061086 ...
812228 [main] INFO main.java.edu.mit.compbio.bisulfitehic.mapping.Bhmem  - Processing reads 2072000 ...
812228 [main] INFO main.java.edu.mit.compbio.bisulfitehic.mapping.Bhmem  - Unique mapped and paired reads 2061086 ...
[M::mem_process_seqs] Processed 1001 reads in 1.196 CPU sec, 0.152 real sec
[M::mem_process_seqs] Processed 1001 reads in 0.966 CPU sec, 0.122 real sec
[M::mem_process_seqs] Processed 1001 reads in 1.306 CPU sec, 0.169 real sec
[M::mem_process_seqs] Processed 1001 reads in 1.093 CPU sec, 0.138 real sec
812984 [main] INFO main.java.edu.mit.compbio.bisulfitehic.mapping.Bhmem  - Processing reads 2073000 ...
812984 [main] INFO main.java.edu.mit.compbio.bisulfitehic.mapping.Bhmem  - Unique mapped and paired reads 2063074 ...
812987 [main] INFO main.java.edu.mit.compbio.bisulfitehic.mapping.Bhmem  - Processing reads 2074000 ...
812987 [main] INFO main.java.edu.mit.compbio.bisulfitehic.mapping.Bhmem  - Unique mapped and paired reads 2063074 ...
[M::mem_process_seqs] Processed 1001 reads in 1.110 CPU sec, 0.140 real sec
[M::mem_process_seqs] Processed 1001 reads in 0.983 CPU sec, 0.125 real sec
[M::mem_process_seqs] Processed 1001 reads in 1.197 CPU sec, 0.152 real sec
[M::mem_process_seqs] Processed 1001 reads in 1.094 CPU sec, 0.139 real sec
813722 [main] INFO main.java.edu.mit.compbio.bisulfitehic.mapping.Bhmem  - Processing reads 2075000 ...
813722 [main] INFO main.java.edu.mit.compbio.bisulfitehic.mapping.Bhmem  - Unique mapped and paired reads 2065068 ...
813725 [main] INFO main.java.edu.mit.compbio.bisulfitehic.mapping.Bhmem  - Processing reads 2076000 ...
813725 [main] INFO main.java.edu.mit.compbio.bisulfitehic.mapping.Bhmem  - Unique mapped and paired reads 2065068 ...
[M::mem_process_seqs] Processed 1001 reads in 1.217 CPU sec, 0.154 real sec
[M::mem_process_seqs] Processed 1001 reads in 1.005 CPU sec, 0.128 real sec
[M::mem_process_seqs] Processed 1001 reads in 1.260 CPU sec, 0.161 real sec
[M::mem_process_seqs] Processed 1001 reads in 1.114 CPU sec, 0.144 real sec
814493 [main] INFO main.java.edu.mit.compbio.bisulfitehic.mapping.Bhmem  - Processing reads 2077000 ...
814493 [main] INFO main.java.edu.mit.compbio.bisulfitehic.mapping.Bhmem  - Unique mapped and paired reads 2067062 ...
814496 [main] INFO main.java.edu.mit.compbio.bisulfitehic.mapping.Bhmem  - Processing reads 2078000 ...
814496 [main] INFO main.java.edu.mit.compbio.bisulfitehic.mapping.Bhmem  - Unique mapped and paired reads 2067062 ...
[M::mem_process_seqs] Processed 1001 reads in 1.122 CPU sec, 0.143 real sec
[M::mem_process_seqs] Processed 1001 reads in 0.944 CPU sec, 0.121 real sec
[M::mem_process_seqs] Processed 1001 reads in 1.272 CPU sec, 0.164 real sec
[M::mem_process_seqs] Processed 1001 reads in 1.081 CPU sec, 0.137 real sec
815260 [main] INFO main.java.edu.mit.compbio.bisulfitehic.mapping.Bhmem  - Processing reads 2079000 ...
815260 [main] INFO main.java.edu.mit.compbio.bisulfitehic.mapping.Bhmem  - Unique mapped and paired reads 2069052 ...
815263 [main] INFO main.java.edu.mit.compbio.bisulfitehic.mapping.Bhmem  - Processing reads 2080000 ...
815263 [main] INFO main.java.edu.mit.compbio.bisulfitehic.mapping.Bhmem  - Unique mapped and paired reads 2069052 ...
[M::mem_process_seqs] Processed 1001 reads in 1.123 CPU sec, 0.146 real sec
[M::mem_process_seqs] Processed 1001 reads in 0.991 CPU sec, 0.129 real sec
[M::mem_process_seqs] Processed 1001 reads in 1.215 CPU sec, 0.154 real sec
[M::mem_process_seqs] Processed 1001 reads in 1.120 CPU sec, 0.142 real sec
816011 [main] INFO main.java.edu.mit.compbio.bisulfitehic.mapping.Bhmem  - Processing reads 2081000 ...
816011 [main] INFO main.java.edu.mit.compbio.bisulfitehic.mapping.Bhmem  - Unique mapped and paired reads 2071052 ...
816014 [main] INFO main.java.edu.mit.compbio.bisulfitehic.mapping.Bhmem  - Processing reads 2082000 ...
816014 [main] INFO main.java.edu.mit.compbio.bisulfitehic.mapping.Bhmem  - Unique mapped and paired reads 2071052 ...
[M::mem_process_seqs] Processed 1001 reads in 1.211 CPU sec, 0.157 real sec
[M::mem_process_seqs] Processed 1001 reads in 0.986 CPU sec, 0.131 real sec
[M::mem_process_seqs] Processed 1001 reads in 1.309 CPU sec, 0.174 real sec
[M::mem_process_seqs] Processed 1001 reads in 1.105 CPU sec, 0.142 real sec
816796 [main] INFO main.java.edu.mit.compbio.bisulfitehic.mapping.Bhmem  - Processing reads 2083000 ...
816796 [main] INFO main.java.edu.mit.compbio.bisulfitehic.mapping.Bhmem  - Unique mapped and paired reads 2073048 ...
816799 [main] INFO main.java.edu.mit.compbio.bisulfitehic.mapping.Bhmem  - Processing reads 2084000 ...
816799 [main] INFO main.java.edu.mit.compbio.bisulfitehic.mapping.Bhmem  - Unique mapped and paired reads 2073048 ...
[M::mem_process_seqs] Processed 1001 reads in 1.192 CPU sec, 0.153 real sec
[M::mem_process_seqs] Processed 1001 reads in 0.984 CPU sec, 0.125 real sec
[M::mem_process_seqs] Processed 1001 reads in 1.283 CPU sec, 0.174 real sec
[M::mem_process_seqs] Processed 1001 reads in 1.123 CPU sec, 0.143 real sec
817618 [main] INFO main.java.edu.mit.compbio.bisulfitehic.mapping.Bhmem  - Processing reads 2085000 ...
817618 [main] INFO main.java.edu.mit.compbio.bisulfitehic.mapping.Bhmem  - Unique mapped and paired reads 2075042 ...
817623 [main] INFO main.java.edu.mit.compbio.bisulfitehic.mapping.Bhmem  - Processing reads 2086000 ...
817623 [main] INFO main.java.edu.mit.compbio.bisulfitehic.mapping.Bhmem  - Unique mapped and paired reads 2075042 ...
[M::mem_process_seqs] Processed 1001 reads in 1.165 CPU sec, 0.148 real sec
[M::mem_process_seqs] Processed 1001 reads in 0.867 CPU sec, 0.109 real sec
[M::mem_process_seqs] Processed 1001 reads in 1.239 CPU sec, 0.160 real sec
[M::mem_process_seqs] Processed 1001 reads in 1.013 CPU sec, 0.129 real sec
818347 [main] INFO main.java.edu.mit.compbio.bisulfitehic.mapping.Bhmem  - Processing reads 2087000 ...
818347 [main] INFO main.java.edu.mit.compbio.bisulfitehic.mapping.Bhmem  - Unique mapped and paired reads 2077034 ...
818350 [main] INFO main.java.edu.mit.compbio.bisulfitehic.mapping.Bhmem  - Processing reads 2088000 ...
818350 [main] INFO main.java.edu.mit.compbio.bisulfitehic.mapping.Bhmem  - Unique mapped and paired reads 2077034 ...
[M::mem_process_seqs] Processed 1001 reads in 1.135 CPU sec, 0.145 real sec
[M::mem_process_seqs] Processed 1001 reads in 0.941 CPU sec, 0.120 real sec
[M::mem_process_seqs] Processed 1001 reads in 1.288 CPU sec, 0.163 real sec
[M::mem_process_seqs] Processed 1001 reads in 1.061 CPU sec, 0.137 real sec
819086 [main] INFO main.java.edu.mit.compbio.bisulfitehic.mapping.Bhmem  - Processing reads 2089000 ...
819086 [main] INFO main.java.edu.mit.compbio.bisulfitehic.mapping.Bhmem  - Unique mapped and paired reads 2079026 ...
819090 [main] INFO main.java.edu.mit.compbio.bisulfitehic.mapping.Bhmem  - Processing reads 2090000 ...
819090 [main] INFO main.java.edu.mit.compbio.bisulfitehic.mapping.Bhmem  - Unique mapped and paired reads 2079026 ...
[M::mem_process_seqs] Processed 1001 reads in 1.138 CPU sec, 0.144 real sec
[M::mem_process_seqs] Processed 1001 reads in 0.929 CPU sec, 0.120 real sec
[M::mem_process_seqs] Processed 1001 reads in 1.276 CPU sec, 0.161 real sec
[M::mem_process_seqs] Processed 1001 reads in 1.119 CPU sec, 0.143 real sec
819841 [main] INFO main.java.edu.mit.compbio.bisulfitehic.mapping.Bhmem  - Processing reads 2091000 ...
819841 [main] INFO main.java.edu.mit.compbio.bisulfitehic.mapping.Bhmem  - Unique mapped and paired reads 2081024 ...
819844 [main] INFO main.java.edu.mit.compbio.bisulfitehic.mapping.Bhmem  - Processing reads 2092000 ...
819844 [main] INFO main.java.edu.mit.compbio.bisulfitehic.mapping.Bhmem  - Unique mapped and paired reads 2081024 ...
[M::mem_process_seqs] Processed 1001 reads in 1.209 CPU sec, 0.155 real sec
[M::mem_process_seqs] Processed 1001 reads in 0.919 CPU sec, 0.118 real sec
[M::mem_process_seqs] Processed 1001 reads in 1.372 CPU sec, 0.176 real sec
[M::mem_process_seqs] Processed 1001 reads in 1.135 CPU sec, 0.145 real sec
820612 [main] INFO main.java.edu.mit.compbio.bisulfitehic.mapping.Bhmem  - Processing reads 2093000 ...
820612 [main] INFO main.java.edu.mit.compbio.bisulfitehic.mapping.Bhmem  - Unique mapped and paired reads 2083014 ...
820615 [main] INFO main.java.edu.mit.compbio.bisulfitehic.mapping.Bhmem  - Processing reads 2094000 ...
820615 [main] INFO main.java.edu.mit.compbio.bisulfitehic.mapping.Bhmem  - Unique mapped and paired reads 2083014 ...
[M::mem_process_seqs] Processed 1001 reads in 1.248 CPU sec, 0.160 real sec
[M::mem_process_seqs] Processed 1001 reads in 0.934 CPU sec, 0.120 real sec
[M::mem_process_seqs] Processed 1001 reads in 1.301 CPU sec, 0.165 real sec
[M::mem_process_seqs] Processed 1001 reads in 1.048 CPU sec, 0.132 real sec
821374 [main] INFO main.java.edu.mit.compbio.bisulfitehic.mapping.Bhmem  - Processing reads 2095000 ...
821374 [main] INFO main.java.edu.mit.compbio.bisulfitehic.mapping.Bhmem  - Unique mapped and paired reads 2085010 ...
821377 [main] INFO main.java.edu.mit.compbio.bisulfitehic.mapping.Bhmem  - Processing reads 2096000 ...
821377 [main] INFO main.java.edu.mit.compbio.bisulfitehic.mapping.Bhmem  - Unique mapped and paired reads 2085010 ...
[M::mem_process_seqs] Processed 1001 reads in 1.243 CPU sec, 0.157 real sec
[M::mem_process_seqs] Processed 1001 reads in 0.950 CPU sec, 0.120 real sec
[M::mem_process_seqs] Processed 1001 reads in 1.347 CPU sec, 0.172 real sec
[M::mem_process_seqs] Processed 1001 reads in 1.105 CPU sec, 0.140 real sec
822141 [main] INFO main.java.edu.mit.compbio.bisulfitehic.mapping.Bhmem  - Processing reads 2097000 ...
822141 [main] INFO main.java.edu.mit.compbio.bisulfitehic.mapping.Bhmem  - Unique mapped and paired reads 2087008 ...
822144 [main] INFO main.java.edu.mit.compbio.bisulfitehic.mapping.Bhmem  - Processing reads 2098000 ...
822144 [main] INFO main.java.edu.mit.compbio.bisulfitehic.mapping.Bhmem  - Unique mapped and paired reads 2087008 ...
[M::mem_process_seqs] Processed 1001 reads in 1.152 CPU sec, 0.146 real sec
[M::mem_process_seqs] Processed 1001 reads in 0.937 CPU sec, 0.123 real sec
[M::mem_process_seqs] Processed 1001 reads in 1.284 CPU sec, 0.169 real sec
[M::mem_process_seqs] Processed 1001 reads in 1.095 CPU sec, 0.140 real sec
822898 [main] INFO main.java.edu.mit.compbio.bisulfitehic.mapping.Bhmem  - Processing reads 2099000 ...
822898 [main] INFO main.java.edu.mit.compbio.bisulfitehic.mapping.Bhmem  - Unique mapped and paired reads 2088992 ...
822901 [main] INFO main.java.edu.mit.compbio.bisulfitehic.mapping.Bhmem  - Processing reads 2100000 ...
822901 [main] INFO main.java.edu.mit.compbio.bisulfitehic.mapping.Bhmem  - Unique mapped and paired reads 2088992 ...
[M::mem_process_seqs] Processed 1001 reads in 1.219 CPU sec, 0.155 real sec
[M::mem_process_seqs] Processed 1001 reads in 0.959 CPU sec, 0.121 real sec
[M::mem_process_seqs] Processed 1001 reads in 1.279 CPU sec, 0.164 real sec
[M::mem_process_seqs] Processed 1001 reads in 1.117 CPU sec, 0.142 real sec
823655 [main] INFO main.java.edu.mit.compbio.bisulfitehic.mapping.Bhmem  - Processing reads 2101000 ...
823655 [main] INFO main.java.edu.mit.compbio.bisulfitehic.mapping.Bhmem  - Unique mapped and paired reads 2090988 ...
823659 [main] INFO main.java.edu.mit.compbio.bisulfitehic.mapping.Bhmem  - Processing reads 2102000 ...
823659 [main] INFO main.java.edu.mit.compbio.bisulfitehic.mapping.Bhmem  - Unique mapped and paired reads 2090988 ...
[M::mem_process_seqs] Processed 1001 reads in 1.252 CPU sec, 0.159 real sec
[M::mem_process_seqs] Processed 1001 reads in 1.043 CPU sec, 0.133 real sec
[M::mem_process_seqs] Processed 1001 reads in 1.346 CPU sec, 0.170 real sec
[M::mem_process_seqs] Processed 1001 reads in 1.155 CPU sec, 0.146 real sec
824450 [main] INFO main.java.edu.mit.compbio.bisulfitehic.mapping.Bhmem  - Processing reads 2103000 ...
824450 [main] INFO main.java.edu.mit.compbio.bisulfitehic.mapping.Bhmem  - Unique mapped and paired reads 2092986 ...
824453 [main] INFO main.java.edu.mit.compbio.bisulfitehic.mapping.Bhmem  - Processing reads 2104000 ...
824453 [main] INFO main.java.edu.mit.compbio.bisulfitehic.mapping.Bhmem  - Unique mapped and paired reads 2092986 ...
[M::mem_process_seqs] Processed 1001 reads in 1.202 CPU sec, 0.153 real sec
[M::mem_process_seqs] Processed 1001 reads in 0.950 CPU sec, 0.120 real sec
[M::mem_process_seqs] Processed 1001 reads in 1.304 CPU sec, 0.168 real sec
[M::mem_process_seqs] Processed 1001 reads in 1.134 CPU sec, 0.144 real sec
825218 [main] INFO main.java.edu.mit.compbio.bisulfitehic.mapping.Bhmem  - Processing reads 2105000 ...
825218 [main] INFO main.java.edu.mit.compbio.bisulfitehic.mapping.Bhmem  - Unique mapped and paired reads 2094972 ...
825221 [main] INFO main.java.edu.mit.compbio.bisulfitehic.mapping.Bhmem  - Processing reads 2106000 ...
825221 [main] INFO main.java.edu.mit.compbio.bisulfitehic.mapping.Bhmem  - Unique mapped and paired reads 2094972 ...
[M::mem_process_seqs] Processed 1001 reads in 1.086 CPU sec, 0.138 real sec
[M::mem_process_seqs] Processed 1001 reads in 0.948 CPU sec, 0.120 real sec
[M::mem_process_seqs] Processed 1001 reads in 1.173 CPU sec, 0.148 real sec
[M::mem_process_seqs] Processed 1001 reads in 1.128 CPU sec, 0.144 real sec
825971 [main] INFO main.java.edu.mit.compbio.bisulfitehic.mapping.Bhmem  - Processing reads 2107000 ...
825971 [main] INFO main.java.edu.mit.compbio.bisulfitehic.mapping.Bhmem  - Unique mapped and paired reads 2096962 ...
825974 [main] INFO main.java.edu.mit.compbio.bisulfitehic.mapping.Bhmem  - Processing reads 2108000 ...
825974 [main] INFO main.java.edu.mit.compbio.bisulfitehic.mapping.Bhmem  - Unique mapped and paired reads 2096962 ...
[M::mem_process_seqs] Processed 1001 reads in 1.140 CPU sec, 0.144 real sec
[M::mem_process_seqs] Processed 1001 reads in 0.952 CPU sec, 0.123 real sec
[M::mem_process_seqs] Processed 1001 reads in 1.257 CPU sec, 0.160 real sec
[M::mem_process_seqs] Processed 1001 reads in 1.021 CPU sec, 0.133 real sec
826713 [main] INFO main.java.edu.mit.compbio.bisulfitehic.mapping.Bhmem  - Processing reads 2109000 ...
826713 [main] INFO main.java.edu.mit.compbio.bisulfitehic.mapping.Bhmem  - Unique mapped and paired reads 2098958 ...
826716 [main] INFO main.java.edu.mit.compbio.bisulfitehic.mapping.Bhmem  - Processing reads 2110000 ...
826716 [main] INFO main.java.edu.mit.compbio.bisulfitehic.mapping.Bhmem  - Unique mapped and paired reads 2098958 ...
[M::mem_process_seqs] Processed 1001 reads in 1.168 CPU sec, 0.154 real sec
[M::mem_process_seqs] Processed 1001 reads in 0.935 CPU sec, 0.118 real sec
[M::mem_process_seqs] Processed 1001 reads in 1.183 CPU sec, 0.151 real sec
[M::mem_process_seqs] Processed 1001 reads in 1.074 CPU sec, 0.138 real sec
827457 [main] INFO main.java.edu.mit.compbio.bisulfitehic.mapping.Bhmem  - Processing reads 2111000 ...
827457 [main] INFO main.java.edu.mit.compbio.bisulfitehic.mapping.Bhmem  - Unique mapped and paired reads 2100948 ...
827461 [main] INFO main.java.edu.mit.compbio.bisulfitehic.mapping.Bhmem  - Processing reads 2112000 ...
827461 [main] INFO main.java.edu.mit.compbio.bisulfitehic.mapping.Bhmem  - Unique mapped and paired reads 2100948 ...
[M::mem_process_seqs] Processed 1001 reads in 1.156 CPU sec, 0.148 real sec
[M::mem_process_seqs] Processed 1001 reads in 0.970 CPU sec, 0.132 real sec
[M::mem_process_seqs] Processed 1001 reads in 1.283 CPU sec, 0.166 real sec
[M::mem_process_seqs] Processed 1001 reads in 1.144 CPU sec, 0.149 real sec
828233 [main] INFO main.java.edu.mit.compbio.bisulfitehic.mapping.Bhmem  - Processing reads 2113000 ...
828233 [main] INFO main.java.edu.mit.compbio.bisulfitehic.mapping.Bhmem  - Unique mapped and paired reads 2102944 ...
828236 [main] INFO main.java.edu.mit.compbio.bisulfitehic.mapping.Bhmem  - Processing reads 2114000 ...
828236 [main] INFO main.java.edu.mit.compbio.bisulfitehic.mapping.Bhmem  - Unique mapped and paired reads 2102944 ...
[M::mem_process_seqs] Processed 1001 reads in 1.172 CPU sec, 0.149 real sec
[M::mem_process_seqs] Processed 1001 reads in 0.980 CPU sec, 0.124 real sec
[M::mem_process_seqs] Processed 1001 reads in 1.276 CPU sec, 0.164 real sec
[M::mem_process_seqs] Processed 1001 reads in 1.070 CPU sec, 0.135 real sec
829002 [main] INFO main.java.edu.mit.compbio.bisulfitehic.mapping.Bhmem  - Processing reads 2115000 ...
829002 [main] INFO main.java.edu.mit.compbio.bisulfitehic.mapping.Bhmem  - Unique mapped and paired reads 2104936 ...
829005 [main] INFO main.java.edu.mit.compbio.bisulfitehic.mapping.Bhmem  - Processing reads 2116000 ...
829005 [main] INFO main.java.edu.mit.compbio.bisulfitehic.mapping.Bhmem  - Unique mapped and paired reads 2104936 ...
[M::mem_process_seqs] Processed 1001 reads in 1.122 CPU sec, 0.143 real sec
[M::mem_process_seqs] Processed 1001 reads in 0.908 CPU sec, 0.119 real sec
[M::mem_process_seqs] Processed 1001 reads in 1.224 CPU sec, 0.156 real sec
[M::mem_process_seqs] Processed 1001 reads in 1.114 CPU sec, 0.148 real sec
829752 [main] INFO main.java.edu.mit.compbio.bisulfitehic.mapping.Bhmem  - Processing reads 2117000 ...
829752 [main] INFO main.java.edu.mit.compbio.bisulfitehic.mapping.Bhmem  - Unique mapped and paired reads 2106922 ...
829755 [main] INFO main.java.edu.mit.compbio.bisulfitehic.mapping.Bhmem  - Processing reads 2118000 ...
829755 [main] INFO main.java.edu.mit.compbio.bisulfitehic.mapping.Bhmem  - Unique mapped and paired reads 2106922 ...
[M::mem_process_seqs] Processed 1001 reads in 1.144 CPU sec, 0.145 real sec
[M::mem_process_seqs] Processed 1001 reads in 0.970 CPU sec, 0.125 real sec
[M::mem_process_seqs] Processed 1001 reads in 1.352 CPU sec, 0.181 real sec
[M::mem_process_seqs] Processed 1001 reads in 1.155 CPU sec, 0.148 real sec
830542 [main] INFO main.java.edu.mit.compbio.bisulfitehic.mapping.Bhmem  - Processing reads 2119000 ...
830542 [main] INFO main.java.edu.mit.compbio.bisulfitehic.mapping.Bhmem  - Unique mapped and paired reads 2108916 ...
830545 [main] INFO main.java.edu.mit.compbio.bisulfitehic.mapping.Bhmem  - Processing reads 2120000 ...
830545 [main] INFO main.java.edu.mit.compbio.bisulfitehic.mapping.Bhmem  - Unique mapped and paired reads 2108916 ...
[M::mem_process_seqs] Processed 1001 reads in 1.185 CPU sec, 0.153 real sec
[M::mem_process_seqs] Processed 1001 reads in 0.961 CPU sec, 0.121 real sec
[M::mem_process_seqs] Processed 1001 reads in 1.266 CPU sec, 0.161 real sec
[M::mem_process_seqs] Processed 1001 reads in 1.093 CPU sec, 0.151 real sec
831310 [main] INFO main.java.edu.mit.compbio.bisulfitehic.mapping.Bhmem  - Processing reads 2121000 ...
831310 [main] INFO main.java.edu.mit.compbio.bisulfitehic.mapping.Bhmem  - Unique mapped and paired reads 2110910 ...
831313 [main] INFO main.java.edu.mit.compbio.bisulfitehic.mapping.Bhmem  - Processing reads 2122000 ...
831313 [main] INFO main.java.edu.mit.compbio.bisulfitehic.mapping.Bhmem  - Unique mapped and paired reads 2110910 ...
[M::mem_process_seqs] Processed 1001 reads in 1.192 CPU sec, 0.151 real sec
[M::mem_process_seqs] Processed 1001 reads in 0.979 CPU sec, 0.124 real sec
[M::mem_process_seqs] Processed 1001 reads in 1.230 CPU sec, 0.158 real sec
[M::mem_process_seqs] Processed 1001 reads in 1.059 CPU sec, 0.135 real sec
832064 [main] INFO main.java.edu.mit.compbio.bisulfitehic.mapping.Bhmem  - Processing reads 2123000 ...
832064 [main] INFO main.java.edu.mit.compbio.bisulfitehic.mapping.Bhmem  - Unique mapped and paired reads 2112906 ...
832067 [main] INFO main.java.edu.mit.compbio.bisulfitehic.mapping.Bhmem  - Processing reads 2124000 ...
832067 [main] INFO main.java.edu.mit.compbio.bisulfitehic.mapping.Bhmem  - Unique mapped and paired reads 2112906 ...
[M::mem_process_seqs] Processed 1001 reads in 1.133 CPU sec, 0.143 real sec
[M::mem_process_seqs] Processed 1001 reads in 1.000 CPU sec, 0.127 real sec
[M::mem_process_seqs] Processed 1001 reads in 1.193 CPU sec, 0.151 real sec
[M::mem_process_seqs] Processed 1001 reads in 1.054 CPU sec, 0.134 real sec
832798 [main] INFO main.java.edu.mit.compbio.bisulfitehic.mapping.Bhmem  - Processing reads 2125000 ...
832798 [main] INFO main.java.edu.mit.compbio.bisulfitehic.mapping.Bhmem  - Unique mapped and paired reads 2114898 ...
832803 [main] INFO main.java.edu.mit.compbio.bisulfitehic.mapping.Bhmem  - Processing reads 2126000 ...
832803 [main] INFO main.java.edu.mit.compbio.bisulfitehic.mapping.Bhmem  - Unique mapped and paired reads 2114898 ...
[M::mem_process_seqs] Processed 1001 reads in 1.252 CPU sec, 0.163 real sec
[M::mem_process_seqs] Processed 1001 reads in 1.056 CPU sec, 0.134 real sec
[M::mem_process_seqs] Processed 1001 reads in 1.263 CPU sec, 0.160 real sec
[M::mem_process_seqs] Processed 1001 reads in 1.103 CPU sec, 0.140 real sec
833582 [main] INFO main.java.edu.mit.compbio.bisulfitehic.mapping.Bhmem  - Processing reads 2127000 ...
833582 [main] INFO main.java.edu.mit.compbio.bisulfitehic.mapping.Bhmem  - Unique mapped and paired reads 2116888 ...
833585 [main] INFO main.java.edu.mit.compbio.bisulfitehic.mapping.Bhmem  - Processing reads 2128000 ...
833585 [main] INFO main.java.edu.mit.compbio.bisulfitehic.mapping.Bhmem  - Unique mapped and paired reads 2116888 ...
[M::mem_process_seqs] Processed 1001 reads in 1.199 CPU sec, 0.151 real sec
[M::mem_process_seqs] Processed 1001 reads in 0.964 CPU sec, 0.122 real sec
[M::mem_process_seqs] Processed 1001 reads in 1.256 CPU sec, 0.161 real sec
[M::mem_process_seqs] Processed 1001 reads in 1.108 CPU sec, 0.140 real sec
834354 [main] INFO main.java.edu.mit.compbio.bisulfitehic.mapping.Bhmem  - Processing reads 2129000 ...
834354 [main] INFO main.java.edu.mit.compbio.bisulfitehic.mapping.Bhmem  - Unique mapped and paired reads 2118884 ...
834357 [main] INFO main.java.edu.mit.compbio.bisulfitehic.mapping.Bhmem  - Processing reads 2130000 ...
834357 [main] INFO main.java.edu.mit.compbio.bisulfitehic.mapping.Bhmem  - Unique mapped and paired reads 2118884 ...
[M::mem_process_seqs] Processed 1001 reads in 1.241 CPU sec, 0.158 real sec
[M::mem_process_seqs] Processed 1001 reads in 0.926 CPU sec, 0.118 real sec
[M::mem_process_seqs] Processed 1001 reads in 1.326 CPU sec, 0.171 real sec
[M::mem_process_seqs] Processed 1001 reads in 1.094 CPU sec, 0.138 real sec
835119 [main] INFO main.java.edu.mit.compbio.bisulfitehic.mapping.Bhmem  - Processing reads 2131000 ...
835119 [main] INFO main.java.edu.mit.compbio.bisulfitehic.mapping.Bhmem  - Unique mapped and paired reads 2120878 ...
835122 [main] INFO main.java.edu.mit.compbio.bisulfitehic.mapping.Bhmem  - Processing reads 2132000 ...
835122 [main] INFO main.java.edu.mit.compbio.bisulfitehic.mapping.Bhmem  - Unique mapped and paired reads 2120878 ...
[M::mem_process_seqs] Processed 1001 reads in 1.191 CPU sec, 0.150 real sec
[M::mem_process_seqs] Processed 1001 reads in 0.961 CPU sec, 0.122 real sec
[M::mem_process_seqs] Processed 1001 reads in 1.199 CPU sec, 0.152 real sec
[M::mem_process_seqs] Processed 1001 reads in 1.006 CPU sec, 0.132 real sec
835862 [main] INFO main.java.edu.mit.compbio.bisulfitehic.mapping.Bhmem  - Processing reads 2133000 ...
835862 [main] INFO main.java.edu.mit.compbio.bisulfitehic.mapping.Bhmem  - Unique mapped and paired reads 2122874 ...
835865 [main] INFO main.java.edu.mit.compbio.bisulfitehic.mapping.Bhmem  - Processing reads 2134000 ...
835865 [main] INFO main.java.edu.mit.compbio.bisulfitehic.mapping.Bhmem  - Unique mapped and paired reads 2122874 ...
[M::mem_process_seqs] Processed 1001 reads in 1.180 CPU sec, 0.151 real sec
[M::mem_process_seqs] Processed 1001 reads in 0.957 CPU sec, 0.121 real sec
[M::mem_process_seqs] Processed 1001 reads in 1.233 CPU sec, 0.157 real sec
[M::mem_process_seqs] Processed 1001 reads in 1.123 CPU sec, 0.145 real sec
836624 [main] INFO main.java.edu.mit.compbio.bisulfitehic.mapping.Bhmem  - Processing reads 2135000 ...
836624 [main] INFO main.java.edu.mit.compbio.bisulfitehic.mapping.Bhmem  - Unique mapped and paired reads 2124870 ...
836627 [main] INFO main.java.edu.mit.compbio.bisulfitehic.mapping.Bhmem  - Processing reads 2136000 ...
836628 [main] INFO main.java.edu.mit.compbio.bisulfitehic.mapping.Bhmem  - Unique mapped and paired reads 2124870 ...
[M::mem_process_seqs] Processed 1001 reads in 1.109 CPU sec, 0.140 real sec
[M::mem_process_seqs] Processed 1001 reads in 0.875 CPU sec, 0.110 real sec
[M::mem_process_seqs] Processed 1001 reads in 1.188 CPU sec, 0.150 real sec
[M::mem_process_seqs] Processed 1001 reads in 1.016 CPU sec, 0.128 real sec
837336 [main] INFO main.java.edu.mit.compbio.bisulfitehic.mapping.Bhmem  - Processing reads 2137000 ...
837336 [main] INFO main.java.edu.mit.compbio.bisulfitehic.mapping.Bhmem  - Unique mapped and paired reads 2126866 ...
837339 [main] INFO main.java.edu.mit.compbio.bisulfitehic.mapping.Bhmem  - Processing reads 2138000 ...
837339 [main] INFO main.java.edu.mit.compbio.bisulfitehic.mapping.Bhmem  - Unique mapped and paired reads 2126866 ...
[M::mem_process_seqs] Processed 1001 reads in 1.162 CPU sec, 0.147 real sec
[M::mem_process_seqs] Processed 1001 reads in 1.020 CPU sec, 0.131 real sec
[M::mem_process_seqs] Processed 1001 reads in 1.287 CPU sec, 0.167 real sec
[M::mem_process_seqs] Processed 1001 reads in 1.238 CPU sec, 0.157 real sec
838118 [main] INFO main.java.edu.mit.compbio.bisulfitehic.mapping.Bhmem  - Processing reads 2139000 ...
838118 [main] INFO main.java.edu.mit.compbio.bisulfitehic.mapping.Bhmem  - Unique mapped and paired reads 2128864 ...
838121 [main] INFO main.java.edu.mit.compbio.bisulfitehic.mapping.Bhmem  - Processing reads 2140000 ...
838121 [main] INFO main.java.edu.mit.compbio.bisulfitehic.mapping.Bhmem  - Unique mapped and paired reads 2128864 ...
[M::mem_process_seqs] Processed 1001 reads in 1.171 CPU sec, 0.150 real sec
[M::mem_process_seqs] Processed 1001 reads in 0.965 CPU sec, 0.123 real sec
[M::mem_process_seqs] Processed 1001 reads in 1.233 CPU sec, 0.157 real sec
[M::mem_process_seqs] Processed 1001 reads in 1.111 CPU sec, 0.142 real sec
838874 [main] INFO main.java.edu.mit.compbio.bisulfitehic.mapping.Bhmem  - Processing reads 2141000 ...
838874 [main] INFO main.java.edu.mit.compbio.bisulfitehic.mapping.Bhmem  - Unique mapped and paired reads 2130858 ...
838877 [main] INFO main.java.edu.mit.compbio.bisulfitehic.mapping.Bhmem  - Processing reads 2142000 ...
838877 [main] INFO main.java.edu.mit.compbio.bisulfitehic.mapping.Bhmem  - Unique mapped and paired reads 2130858 ...
[M::mem_process_seqs] Processed 1001 reads in 1.229 CPU sec, 0.163 real sec
[M::mem_process_seqs] Processed 1001 reads in 0.986 CPU sec, 0.125 real sec
[M::mem_process_seqs] Processed 1001 reads in 1.196 CPU sec, 0.152 real sec
[M::mem_process_seqs] Processed 1001 reads in 1.120 CPU sec, 0.142 real sec
839642 [main] INFO main.java.edu.mit.compbio.bisulfitehic.mapping.Bhmem  - Processing reads 2143000 ...
839642 [main] INFO main.java.edu.mit.compbio.bisulfitehic.mapping.Bhmem  - Unique mapped and paired reads 2132846 ...
839645 [main] INFO main.java.edu.mit.compbio.bisulfitehic.mapping.Bhmem  - Processing reads 2144000 ...
839645 [main] INFO main.java.edu.mit.compbio.bisulfitehic.mapping.Bhmem  - Unique mapped and paired reads 2132846 ...
[M::mem_process_seqs] Processed 1001 reads in 1.201 CPU sec, 0.153 real sec
[M::mem_process_seqs] Processed 1001 reads in 1.009 CPU sec, 0.129 real sec
[M::mem_process_seqs] Processed 1001 reads in 1.229 CPU sec, 0.156 real sec
[M::mem_process_seqs] Processed 1001 reads in 1.160 CPU sec, 0.146 real sec
840421 [main] INFO main.java.edu.mit.compbio.bisulfitehic.mapping.Bhmem  - Processing reads 2145000 ...
840421 [main] INFO main.java.edu.mit.compbio.bisulfitehic.mapping.Bhmem  - Unique mapped and paired reads 2134838 ...
840424 [main] INFO main.java.edu.mit.compbio.bisulfitehic.mapping.Bhmem  - Processing reads 2146000 ...
840424 [main] INFO main.java.edu.mit.compbio.bisulfitehic.mapping.Bhmem  - Unique mapped and paired reads 2134838 ...
[M::mem_process_seqs] Processed 1001 reads in 1.234 CPU sec, 0.157 real sec
[M::mem_process_seqs] Processed 1001 reads in 0.996 CPU sec, 0.128 real sec
[M::mem_process_seqs] Processed 1001 reads in 1.326 CPU sec, 0.171 real sec
[M::mem_process_seqs] Processed 1001 reads in 1.100 CPU sec, 0.143 real sec
841201 [main] INFO main.java.edu.mit.compbio.bisulfitehic.mapping.Bhmem  - Processing reads 2147000 ...
841201 [main] INFO main.java.edu.mit.compbio.bisulfitehic.mapping.Bhmem  - Unique mapped and paired reads 2136832 ...
841204 [main] INFO main.java.edu.mit.compbio.bisulfitehic.mapping.Bhmem  - Processing reads 2148000 ...
841204 [main] INFO main.java.edu.mit.compbio.bisulfitehic.mapping.Bhmem  - Unique mapped and paired reads 2136832 ...
[M::mem_process_seqs] Processed 1001 reads in 1.154 CPU sec, 0.147 real sec
[M::mem_process_seqs] Processed 1001 reads in 0.903 CPU sec, 0.115 real sec
[M::mem_process_seqs] Processed 1001 reads in 1.276 CPU sec, 0.162 real sec
[M::mem_process_seqs] Processed 1001 reads in 1.081 CPU sec, 0.138 real sec
841948 [main] INFO main.java.edu.mit.compbio.bisulfitehic.mapping.Bhmem  - Processing reads 2149000 ...
841948 [main] INFO main.java.edu.mit.compbio.bisulfitehic.mapping.Bhmem  - Unique mapped and paired reads 2138826 ...
841951 [main] INFO main.java.edu.mit.compbio.bisulfitehic.mapping.Bhmem  - Processing reads 2150000 ...
841951 [main] INFO main.java.edu.mit.compbio.bisulfitehic.mapping.Bhmem  - Unique mapped and paired reads 2138826 ...
[M::mem_process_seqs] Processed 1001 reads in 1.200 CPU sec, 0.154 real sec
[M::mem_process_seqs] Processed 1001 reads in 0.998 CPU sec, 0.134 real sec
[M::mem_process_seqs] Processed 1001 reads in 1.312 CPU sec, 0.175 real sec
[M::mem_process_seqs] Processed 1001 reads in 1.172 CPU sec, 0.149 real sec
842742 [main] INFO main.java.edu.mit.compbio.bisulfitehic.mapping.Bhmem  - Processing reads 2151000 ...
842742 [main] INFO main.java.edu.mit.compbio.bisulfitehic.mapping.Bhmem  - Unique mapped and paired reads 2140824 ...
842745 [main] INFO main.java.edu.mit.compbio.bisulfitehic.mapping.Bhmem  - Processing reads 2152000 ...
842745 [main] INFO main.java.edu.mit.compbio.bisulfitehic.mapping.Bhmem  - Unique mapped and paired reads 2140824 ...
[M::mem_process_seqs] Processed 1001 reads in 1.184 CPU sec, 0.150 real sec
[M::mem_process_seqs] Processed 1001 reads in 0.985 CPU sec, 0.129 real sec
[M::mem_process_seqs] Processed 1001 reads in 1.225 CPU sec, 0.155 real sec
[M::mem_process_seqs] Processed 1001 reads in 1.139 CPU sec, 0.150 real sec
843512 [main] INFO main.java.edu.mit.compbio.bisulfitehic.mapping.Bhmem  - Processing reads 2153000 ...
843512 [main] INFO main.java.edu.mit.compbio.bisulfitehic.mapping.Bhmem  - Unique mapped and paired reads 2142822 ...
843515 [main] INFO main.java.edu.mit.compbio.bisulfitehic.mapping.Bhmem  - Processing reads 2154000 ...
843515 [main] INFO main.java.edu.mit.compbio.bisulfitehic.mapping.Bhmem  - Unique mapped and paired reads 2142822 ...
[M::mem_process_seqs] Processed 1001 reads in 1.278 CPU sec, 0.162 real sec
[M::mem_process_seqs] Processed 1001 reads in 0.884 CPU sec, 0.113 real sec
[M::mem_process_seqs] Processed 1001 reads in 1.280 CPU sec, 0.163 real sec
[M::mem_process_seqs] Processed 1001 reads in 1.014 CPU sec, 0.130 real sec
844265 [main] INFO main.java.edu.mit.compbio.bisulfitehic.mapping.Bhmem  - Processing reads 2155000 ...
844265 [main] INFO main.java.edu.mit.compbio.bisulfitehic.mapping.Bhmem  - Unique mapped and paired reads 2144820 ...
844268 [main] INFO main.java.edu.mit.compbio.bisulfitehic.mapping.Bhmem  - Processing reads 2156000 ...
844268 [main] INFO main.java.edu.mit.compbio.bisulfitehic.mapping.Bhmem  - Unique mapped and paired reads 2144820 ...
[M::mem_process_seqs] Processed 1001 reads in 1.213 CPU sec, 0.155 real sec
[M::mem_process_seqs] Processed 1001 reads in 0.995 CPU sec, 0.127 real sec
[M::mem_process_seqs] Processed 1001 reads in 1.307 CPU sec, 0.167 real sec
[M::mem_process_seqs] Processed 1001 reads in 1.173 CPU sec, 0.148 real sec
845055 [main] INFO main.java.edu.mit.compbio.bisulfitehic.mapping.Bhmem  - Processing reads 2157000 ...
845055 [main] INFO main.java.edu.mit.compbio.bisulfitehic.mapping.Bhmem  - Unique mapped and paired reads 2146810 ...
845058 [main] INFO main.java.edu.mit.compbio.bisulfitehic.mapping.Bhmem  - Processing reads 2158000 ...
845058 [main] INFO main.java.edu.mit.compbio.bisulfitehic.mapping.Bhmem  - Unique mapped and paired reads 2146810 ...
[M::mem_process_seqs] Processed 1001 reads in 1.166 CPU sec, 0.148 real sec
[M::mem_process_seqs] Processed 1001 reads in 0.988 CPU sec, 0.127 real sec
[M::mem_process_seqs] Processed 1001 reads in 1.198 CPU sec, 0.152 real sec
[M::mem_process_seqs] Processed 1001 reads in 1.095 CPU sec, 0.140 real sec
845802 [main] INFO main.java.edu.mit.compbio.bisulfitehic.mapping.Bhmem  - Processing reads 2159000 ...
845802 [main] INFO main.java.edu.mit.compbio.bisulfitehic.mapping.Bhmem  - Unique mapped and paired reads 2148810 ...
845805 [main] INFO main.java.edu.mit.compbio.bisulfitehic.mapping.Bhmem  - Processing reads 2160000 ...
845805 [main] INFO main.java.edu.mit.compbio.bisulfitehic.mapping.Bhmem  - Unique mapped and paired reads 2148810 ...
[M::mem_process_seqs] Processed 1001 reads in 1.182 CPU sec, 0.154 real sec
[M::mem_process_seqs] Processed 1001 reads in 0.954 CPU sec, 0.127 real sec
[M::mem_process_seqs] Processed 1001 reads in 1.253 CPU sec, 0.158 real sec
[M::mem_process_seqs] Processed 1001 reads in 1.120 CPU sec, 0.143 real sec
846566 [main] INFO main.java.edu.mit.compbio.bisulfitehic.mapping.Bhmem  - Processing reads 2161000 ...
846566 [main] INFO main.java.edu.mit.compbio.bisulfitehic.mapping.Bhmem  - Unique mapped and paired reads 2150804 ...
846569 [main] INFO main.java.edu.mit.compbio.bisulfitehic.mapping.Bhmem  - Processing reads 2162000 ...
846569 [main] INFO main.java.edu.mit.compbio.bisulfitehic.mapping.Bhmem  - Unique mapped and paired reads 2150804 ...
[M::mem_process_seqs] Processed 1001 reads in 1.170 CPU sec, 0.161 real sec
[M::mem_process_seqs] Processed 1001 reads in 1.066 CPU sec, 0.135 real sec
[M::mem_process_seqs] Processed 1001 reads in 1.257 CPU sec, 0.159 real sec
[M::mem_process_seqs] Processed 1001 reads in 1.163 CPU sec, 0.148 real sec
847356 [main] INFO main.java.edu.mit.compbio.bisulfitehic.mapping.Bhmem  - Processing reads 2163000 ...
847356 [main] INFO main.java.edu.mit.compbio.bisulfitehic.mapping.Bhmem  - Unique mapped and paired reads 2152796 ...
847359 [main] INFO main.java.edu.mit.compbio.bisulfitehic.mapping.Bhmem  - Processing reads 2164000 ...
847359 [main] INFO main.java.edu.mit.compbio.bisulfitehic.mapping.Bhmem  - Unique mapped and paired reads 2152796 ...
[M::mem_process_seqs] Processed 1001 reads in 1.162 CPU sec, 0.152 real sec
[M::mem_process_seqs] Processed 1001 reads in 1.004 CPU sec, 0.134 real sec
[M::mem_process_seqs] Processed 1001 reads in 1.247 CPU sec, 0.158 real sec
[M::mem_process_seqs] Processed 1001 reads in 1.070 CPU sec, 0.137 real sec
848124 [main] INFO main.java.edu.mit.compbio.bisulfitehic.mapping.Bhmem  - Processing reads 2165000 ...
848124 [main] INFO main.java.edu.mit.compbio.bisulfitehic.mapping.Bhmem  - Unique mapped and paired reads 2154792 ...
848127 [main] INFO main.java.edu.mit.compbio.bisulfitehic.mapping.Bhmem  - Processing reads 2166000 ...
848127 [main] INFO main.java.edu.mit.compbio.bisulfitehic.mapping.Bhmem  - Unique mapped and paired reads 2154792 ...
[M::mem_process_seqs] Processed 1001 reads in 1.108 CPU sec, 0.152 real sec
[M::mem_process_seqs] Processed 1001 reads in 0.956 CPU sec, 0.124 real sec
[M::mem_process_seqs] Processed 1001 reads in 1.262 CPU sec, 0.160 real sec
[M::mem_process_seqs] Processed 1001 reads in 1.103 CPU sec, 0.140 real sec
848886 [main] INFO main.java.edu.mit.compbio.bisulfitehic.mapping.Bhmem  - Processing reads 2167000 ...
848886 [main] INFO main.java.edu.mit.compbio.bisulfitehic.mapping.Bhmem  - Unique mapped and paired reads 2156790 ...
848889 [main] INFO main.java.edu.mit.compbio.bisulfitehic.mapping.Bhmem  - Processing reads 2168000 ...
848890 [main] INFO main.java.edu.mit.compbio.bisulfitehic.mapping.Bhmem  - Unique mapped and paired reads 2156790 ...
[M::mem_process_seqs] Processed 1001 reads in 1.201 CPU sec, 0.152 real sec
[M::mem_process_seqs] Processed 1001 reads in 1.092 CPU sec, 0.139 real sec
[M::mem_process_seqs] Processed 1001 reads in 1.238 CPU sec, 0.156 real sec
[M::mem_process_seqs] Processed 1001 reads in 1.155 CPU sec, 0.151 real sec
849662 [main] INFO main.java.edu.mit.compbio.bisulfitehic.mapping.Bhmem  - Processing reads 2169000 ...
849662 [main] INFO main.java.edu.mit.compbio.bisulfitehic.mapping.Bhmem  - Unique mapped and paired reads 2158772 ...
849665 [main] INFO main.java.edu.mit.compbio.bisulfitehic.mapping.Bhmem  - Processing reads 2170000 ...
849665 [main] INFO main.java.edu.mit.compbio.bisulfitehic.mapping.Bhmem  - Unique mapped and paired reads 2158772 ...
[M::mem_process_seqs] Processed 1001 reads in 1.187 CPU sec, 0.152 real sec
[M::mem_process_seqs] Processed 1001 reads in 0.949 CPU sec, 0.125 real sec
[M::mem_process_seqs] Processed 1001 reads in 1.267 CPU sec, 0.160 real sec
[M::mem_process_seqs] Processed 1001 reads in 1.106 CPU sec, 0.142 real sec
850430 [main] INFO main.java.edu.mit.compbio.bisulfitehic.mapping.Bhmem  - Processing reads 2171000 ...
850430 [main] INFO main.java.edu.mit.compbio.bisulfitehic.mapping.Bhmem  - Unique mapped and paired reads 2160768 ...
850433 [main] INFO main.java.edu.mit.compbio.bisulfitehic.mapping.Bhmem  - Processing reads 2172000 ...
850433 [main] INFO main.java.edu.mit.compbio.bisulfitehic.mapping.Bhmem  - Unique mapped and paired reads 2160768 ...
[M::mem_process_seqs] Processed 1001 reads in 1.219 CPU sec, 0.158 real sec
[M::mem_process_seqs] Processed 1001 reads in 1.013 CPU sec, 0.129 real sec
[M::mem_process_seqs] Processed 1001 reads in 1.345 CPU sec, 0.172 real sec
[M::mem_process_seqs] Processed 1001 reads in 1.142 CPU sec, 0.147 real sec
851218 [main] INFO main.java.edu.mit.compbio.bisulfitehic.mapping.Bhmem  - Processing reads 2173000 ...
851218 [main] INFO main.java.edu.mit.compbio.bisulfitehic.mapping.Bhmem  - Unique mapped and paired reads 2162764 ...
851221 [main] INFO main.java.edu.mit.compbio.bisulfitehic.mapping.Bhmem  - Processing reads 2174000 ...
851221 [main] INFO main.java.edu.mit.compbio.bisulfitehic.mapping.Bhmem  - Unique mapped and paired reads 2162764 ...
[M::mem_process_seqs] Processed 1001 reads in 1.205 CPU sec, 0.155 real sec
[M::mem_process_seqs] Processed 1001 reads in 0.944 CPU sec, 0.119 real sec
[M::mem_process_seqs] Processed 1001 reads in 1.242 CPU sec, 0.158 real sec
[M::mem_process_seqs] Processed 1001 reads in 1.037 CPU sec, 0.131 real sec
851961 [main] INFO main.java.edu.mit.compbio.bisulfitehic.mapping.Bhmem  - Processing reads 2175000 ...
851961 [main] INFO main.java.edu.mit.compbio.bisulfitehic.mapping.Bhmem  - Unique mapped and paired reads 2164758 ...
851964 [main] INFO main.java.edu.mit.compbio.bisulfitehic.mapping.Bhmem  - Processing reads 2176000 ...
851964 [main] INFO main.java.edu.mit.compbio.bisulfitehic.mapping.Bhmem  - Unique mapped and paired reads 2164758 ...
[M::mem_process_seqs] Processed 1001 reads in 1.207 CPU sec, 0.153 real sec
[M::mem_process_seqs] Processed 1001 reads in 1.009 CPU sec, 0.127 real sec
[M::mem_process_seqs] Processed 1001 reads in 1.266 CPU sec, 0.163 real sec
[M::mem_process_seqs] Processed 1001 reads in 1.159 CPU sec, 0.147 real sec
852728 [main] INFO main.java.edu.mit.compbio.bisulfitehic.mapping.Bhmem  - Processing reads 2177000 ...
852728 [main] INFO main.java.edu.mit.compbio.bisulfitehic.mapping.Bhmem  - Unique mapped and paired reads 2166748 ...
852731 [main] INFO main.java.edu.mit.compbio.bisulfitehic.mapping.Bhmem  - Processing reads 2178000 ...
852731 [main] INFO main.java.edu.mit.compbio.bisulfitehic.mapping.Bhmem  - Unique mapped and paired reads 2166748 ...
[M::mem_process_seqs] Processed 1001 reads in 1.224 CPU sec, 0.155 real sec
[M::mem_process_seqs] Processed 1001 reads in 0.976 CPU sec, 0.126 real sec
[M::mem_process_seqs] Processed 1001 reads in 1.251 CPU sec, 0.158 real sec
[M::mem_process_seqs] Processed 1001 reads in 1.051 CPU sec, 0.136 real sec
853504 [main] INFO main.java.edu.mit.compbio.bisulfitehic.mapping.Bhmem  - Processing reads 2179000 ...
853504 [main] INFO main.java.edu.mit.compbio.bisulfitehic.mapping.Bhmem  - Unique mapped and paired reads 2168746 ...
853507 [main] INFO main.java.edu.mit.compbio.bisulfitehic.mapping.Bhmem  - Processing reads 2180000 ...
853507 [main] INFO main.java.edu.mit.compbio.bisulfitehic.mapping.Bhmem  - Unique mapped and paired reads 2168746 ...
[M::mem_process_seqs] Processed 1001 reads in 1.161 CPU sec, 0.155 real sec
[M::mem_process_seqs] Processed 1001 reads in 0.982 CPU sec, 0.125 real sec
[M::mem_process_seqs] Processed 1001 reads in 1.248 CPU sec, 0.158 real sec
[M::mem_process_seqs] Processed 1001 reads in 1.117 CPU sec, 0.142 real sec
854261 [main] INFO main.java.edu.mit.compbio.bisulfitehic.mapping.Bhmem  - Processing reads 2181000 ...
854261 [main] INFO main.java.edu.mit.compbio.bisulfitehic.mapping.Bhmem  - Unique mapped and paired reads 2170738 ...
854264 [main] INFO main.java.edu.mit.compbio.bisulfitehic.mapping.Bhmem  - Processing reads 2182000 ...
854264 [main] INFO main.java.edu.mit.compbio.bisulfitehic.mapping.Bhmem  - Unique mapped and paired reads 2170738 ...
[M::mem_process_seqs] Processed 1001 reads in 1.201 CPU sec, 0.156 real sec
[M::mem_process_seqs] Processed 1001 reads in 0.947 CPU sec, 0.123 real sec
[M::mem_process_seqs] Processed 1001 reads in 1.255 CPU sec, 0.160 real sec
[M::mem_process_seqs] Processed 1001 reads in 1.047 CPU sec, 0.133 real sec
855032 [main] INFO main.java.edu.mit.compbio.bisulfitehic.mapping.Bhmem  - Processing reads 2183000 ...
855032 [main] INFO main.java.edu.mit.compbio.bisulfitehic.mapping.Bhmem  - Unique mapped and paired reads 2172736 ...
855035 [main] INFO main.java.edu.mit.compbio.bisulfitehic.mapping.Bhmem  - Processing reads 2184000 ...
855035 [main] INFO main.java.edu.mit.compbio.bisulfitehic.mapping.Bhmem  - Unique mapped and paired reads 2172736 ...
[M::mem_process_seqs] Processed 1001 reads in 1.164 CPU sec, 0.148 real sec
[M::mem_process_seqs] Processed 1001 reads in 0.927 CPU sec, 0.120 real sec
[M::mem_process_seqs] Processed 1001 reads in 1.212 CPU sec, 0.153 real sec
[M::mem_process_seqs] Processed 1001 reads in 1.055 CPU sec, 0.134 real sec
855766 [main] INFO main.java.edu.mit.compbio.bisulfitehic.mapping.Bhmem  - Processing reads 2185000 ...
855766 [main] INFO main.java.edu.mit.compbio.bisulfitehic.mapping.Bhmem  - Unique mapped and paired reads 2174726 ...
855769 [main] INFO main.java.edu.mit.compbio.bisulfitehic.mapping.Bhmem  - Processing reads 2186000 ...
855769 [main] INFO main.java.edu.mit.compbio.bisulfitehic.mapping.Bhmem  - Unique mapped and paired reads 2174726 ...
[M::mem_process_seqs] Processed 1001 reads in 1.215 CPU sec, 0.154 real sec
[M::mem_process_seqs] Processed 1001 reads in 0.949 CPU sec, 0.122 real sec
[M::mem_process_seqs] Processed 1001 reads in 1.340 CPU sec, 0.169 real sec
[M::mem_process_seqs] Processed 1001 reads in 1.146 CPU sec, 0.146 real sec
856544 [main] INFO main.java.edu.mit.compbio.bisulfitehic.mapping.Bhmem  - Processing reads 2187000 ...
856544 [main] INFO main.java.edu.mit.compbio.bisulfitehic.mapping.Bhmem  - Unique mapped and paired reads 2176718 ...
856547 [main] INFO main.java.edu.mit.compbio.bisulfitehic.mapping.Bhmem  - Processing reads 2188000 ...
856547 [main] INFO main.java.edu.mit.compbio.bisulfitehic.mapping.Bhmem  - Unique mapped and paired reads 2176718 ...
[M::mem_process_seqs] Processed 1001 reads in 1.172 CPU sec, 0.148 real sec
[M::mem_process_seqs] Processed 1001 reads in 0.980 CPU sec, 0.128 real sec
[M::mem_process_seqs] Processed 1001 reads in 1.251 CPU sec, 0.165 real sec
[M::mem_process_seqs] Processed 1001 reads in 1.133 CPU sec, 0.145 real sec
857308 [main] INFO main.java.edu.mit.compbio.bisulfitehic.mapping.Bhmem  - Processing reads 2189000 ...
857308 [main] INFO main.java.edu.mit.compbio.bisulfitehic.mapping.Bhmem  - Unique mapped and paired reads 2178718 ...
857311 [main] INFO main.java.edu.mit.compbio.bisulfitehic.mapping.Bhmem  - Processing reads 2190000 ...
857311 [main] INFO main.java.edu.mit.compbio.bisulfitehic.mapping.Bhmem  - Unique mapped and paired reads 2178718 ...
[M::mem_process_seqs] Processed 1001 reads in 1.157 CPU sec, 0.146 real sec
[M::mem_process_seqs] Processed 1001 reads in 0.924 CPU sec, 0.118 real sec
[M::mem_process_seqs] Processed 1001 reads in 1.220 CPU sec, 0.156 real sec
[M::mem_process_seqs] Processed 1001 reads in 1.134 CPU sec, 0.145 real sec
858069 [main] INFO main.java.edu.mit.compbio.bisulfitehic.mapping.Bhmem  - Processing reads 2191000 ...
858069 [main] INFO main.java.edu.mit.compbio.bisulfitehic.mapping.Bhmem  - Unique mapped and paired reads 2180714 ...
858072 [main] INFO main.java.edu.mit.compbio.bisulfitehic.mapping.Bhmem  - Processing reads 2192000 ...
858072 [main] INFO main.java.edu.mit.compbio.bisulfitehic.mapping.Bhmem  - Unique mapped and paired reads 2180714 ...
[M::mem_process_seqs] Processed 1001 reads in 1.139 CPU sec, 0.151 real sec
[M::mem_process_seqs] Processed 1001 reads in 1.083 CPU sec, 0.138 real sec
[M::mem_process_seqs] Processed 1001 reads in 1.189 CPU sec, 0.153 real sec
[M::mem_process_seqs] Processed 1001 reads in 1.137 CPU sec, 0.146 real sec
858840 [main] INFO main.java.edu.mit.compbio.bisulfitehic.mapping.Bhmem  - Processing reads 2193000 ...
858840 [main] INFO main.java.edu.mit.compbio.bisulfitehic.mapping.Bhmem  - Unique mapped and paired reads 2182710 ...
858843 [main] INFO main.java.edu.mit.compbio.bisulfitehic.mapping.Bhmem  - Processing reads 2194000 ...
858843 [main] INFO main.java.edu.mit.compbio.bisulfitehic.mapping.Bhmem  - Unique mapped and paired reads 2182710 ...
[M::mem_process_seqs] Processed 1001 reads in 1.115 CPU sec, 0.141 real sec
[M::mem_process_seqs] Processed 1001 reads in 0.952 CPU sec, 0.120 real sec
[M::mem_process_seqs] Processed 1001 reads in 1.220 CPU sec, 0.156 real sec
[M::mem_process_seqs] Processed 1001 reads in 1.099 CPU sec, 0.139 real sec
859600 [main] INFO main.java.edu.mit.compbio.bisulfitehic.mapping.Bhmem  - Processing reads 2195000 ...
859600 [main] INFO main.java.edu.mit.compbio.bisulfitehic.mapping.Bhmem  - Unique mapped and paired reads 2184702 ...
859603 [main] INFO main.java.edu.mit.compbio.bisulfitehic.mapping.Bhmem  - Processing reads 2196000 ...
859603 [main] INFO main.java.edu.mit.compbio.bisulfitehic.mapping.Bhmem  - Unique mapped and paired reads 2184702 ...
[M::mem_process_seqs] Processed 1001 reads in 1.192 CPU sec, 0.152 real sec
[M::mem_process_seqs] Processed 1001 reads in 0.961 CPU sec, 0.134 real sec
[M::mem_process_seqs] Processed 1001 reads in 1.314 CPU sec, 0.168 real sec
[M::mem_process_seqs] Processed 1001 reads in 1.121 CPU sec, 0.144 real sec
860379 [main] INFO main.java.edu.mit.compbio.bisulfitehic.mapping.Bhmem  - Processing reads 2197000 ...
860379 [main] INFO main.java.edu.mit.compbio.bisulfitehic.mapping.Bhmem  - Unique mapped and paired reads 2186688 ...
860382 [main] INFO main.java.edu.mit.compbio.bisulfitehic.mapping.Bhmem  - Processing reads 2198000 ...
860382 [main] INFO main.java.edu.mit.compbio.bisulfitehic.mapping.Bhmem  - Unique mapped and paired reads 2186688 ...
[M::mem_process_seqs] Processed 1001 reads in 1.256 CPU sec, 0.167 real sec
[M::mem_process_seqs] Processed 1001 reads in 0.978 CPU sec, 0.125 real sec
[M::mem_process_seqs] Processed 1001 reads in 1.361 CPU sec, 0.172 real sec
[M::mem_process_seqs] Processed 1001 reads in 1.142 CPU sec, 0.150 real sec
861178 [main] INFO main.java.edu.mit.compbio.bisulfitehic.mapping.Bhmem  - Processing reads 2199000 ...
861178 [main] INFO main.java.edu.mit.compbio.bisulfitehic.mapping.Bhmem  - Unique mapped and paired reads 2188680 ...
861181 [main] INFO main.java.edu.mit.compbio.bisulfitehic.mapping.Bhmem  - Processing reads 2200000 ...
861181 [main] INFO main.java.edu.mit.compbio.bisulfitehic.mapping.Bhmem  - Unique mapped and paired reads 2188680 ...
[M::mem_process_seqs] Processed 1001 reads in 1.230 CPU sec, 0.167 real sec
[M::mem_process_seqs] Processed 1001 reads in 1.157 CPU sec, 0.151 real sec
[M::mem_process_seqs] Processed 1001 reads in 1.397 CPU sec, 0.177 real sec
[M::mem_process_seqs] Processed 1001 reads in 1.147 CPU sec, 0.153 real sec
862015 [main] INFO main.java.edu.mit.compbio.bisulfitehic.mapping.Bhmem  - Processing reads 2201000 ...
862015 [main] INFO main.java.edu.mit.compbio.bisulfitehic.mapping.Bhmem  - Unique mapped and paired reads 2190680 ...
862019 [main] INFO main.java.edu.mit.compbio.bisulfitehic.mapping.Bhmem  - Processing reads 2202000 ...
862019 [main] INFO main.java.edu.mit.compbio.bisulfitehic.mapping.Bhmem  - Unique mapped and paired reads 2190680 ...
[M::mem_process_seqs] Processed 1001 reads in 1.165 CPU sec, 0.149 real sec
[M::mem_process_seqs] Processed 1001 reads in 0.942 CPU sec, 0.122 real sec
[M::mem_process_seqs] Processed 1001 reads in 1.402 CPU sec, 0.182 real sec
[M::mem_process_seqs] Processed 1001 reads in 1.127 CPU sec, 0.145 real sec
862795 [main] INFO main.java.edu.mit.compbio.bisulfitehic.mapping.Bhmem  - Processing reads 2203000 ...
862795 [main] INFO main.java.edu.mit.compbio.bisulfitehic.mapping.Bhmem  - Unique mapped and paired reads 2192678 ...
862798 [main] INFO main.java.edu.mit.compbio.bisulfitehic.mapping.Bhmem  - Processing reads 2204000 ...
862798 [main] INFO main.java.edu.mit.compbio.bisulfitehic.mapping.Bhmem  - Unique mapped and paired reads 2192678 ...
[M::mem_process_seqs] Processed 1001 reads in 1.088 CPU sec, 0.139 real sec
[M::mem_process_seqs] Processed 1001 reads in 0.965 CPU sec, 0.125 real sec
[M::mem_process_seqs] Processed 1001 reads in 1.195 CPU sec, 0.152 real sec
[M::mem_process_seqs] Processed 1001 reads in 1.075 CPU sec, 0.138 real sec
863523 [main] INFO main.java.edu.mit.compbio.bisulfitehic.mapping.Bhmem  - Processing reads 2205000 ...
863523 [main] INFO main.java.edu.mit.compbio.bisulfitehic.mapping.Bhmem  - Unique mapped and paired reads 2194668 ...
863526 [main] INFO main.java.edu.mit.compbio.bisulfitehic.mapping.Bhmem  - Processing reads 2206000 ...
863526 [main] INFO main.java.edu.mit.compbio.bisulfitehic.mapping.Bhmem  - Unique mapped and paired reads 2194668 ...
[M::mem_process_seqs] Processed 1001 reads in 1.165 CPU sec, 0.155 real sec
[M::mem_process_seqs] Processed 1001 reads in 1.027 CPU sec, 0.130 real sec
[M::mem_process_seqs] Processed 1001 reads in 1.260 CPU sec, 0.160 real sec
[M::mem_process_seqs] Processed 1001 reads in 1.123 CPU sec, 0.147 real sec
864301 [main] INFO main.java.edu.mit.compbio.bisulfitehic.mapping.Bhmem  - Processing reads 2207000 ...
864301 [main] INFO main.java.edu.mit.compbio.bisulfitehic.mapping.Bhmem  - Unique mapped and paired reads 2196664 ...
864304 [main] INFO main.java.edu.mit.compbio.bisulfitehic.mapping.Bhmem  - Processing reads 2208000 ...
864304 [main] INFO main.java.edu.mit.compbio.bisulfitehic.mapping.Bhmem  - Unique mapped and paired reads 2196664 ...
[M::mem_process_seqs] Processed 1001 reads in 1.132 CPU sec, 0.143 real sec
[M::mem_process_seqs] Processed 1001 reads in 0.893 CPU sec, 0.114 real sec
[M::mem_process_seqs] Processed 1001 reads in 1.263 CPU sec, 0.160 real sec
[M::mem_process_seqs] Processed 1001 reads in 1.050 CPU sec, 0.133 real sec
865029 [main] INFO main.java.edu.mit.compbio.bisulfitehic.mapping.Bhmem  - Processing reads 2209000 ...
865029 [main] INFO main.java.edu.mit.compbio.bisulfitehic.mapping.Bhmem  - Unique mapped and paired reads 2198656 ...
865032 [main] INFO main.java.edu.mit.compbio.bisulfitehic.mapping.Bhmem  - Processing reads 2210000 ...
865032 [main] INFO main.java.edu.mit.compbio.bisulfitehic.mapping.Bhmem  - Unique mapped and paired reads 2198656 ...
[M::mem_process_seqs] Processed 1001 reads in 1.201 CPU sec, 0.155 real sec
[M::mem_process_seqs] Processed 1001 reads in 1.008 CPU sec, 0.131 real sec
[M::mem_process_seqs] Processed 1001 reads in 1.213 CPU sec, 0.156 real sec
[M::mem_process_seqs] Processed 1001 reads in 1.125 CPU sec, 0.143 real sec
865799 [main] INFO main.java.edu.mit.compbio.bisulfitehic.mapping.Bhmem  - Processing reads 2211000 ...
865799 [main] INFO main.java.edu.mit.compbio.bisulfitehic.mapping.Bhmem  - Unique mapped and paired reads 2200654 ...
865802 [main] INFO main.java.edu.mit.compbio.bisulfitehic.mapping.Bhmem  - Processing reads 2212000 ...
865802 [main] INFO main.java.edu.mit.compbio.bisulfitehic.mapping.Bhmem  - Unique mapped and paired reads 2200654 ...
[M::mem_process_seqs] Processed 1001 reads in 1.129 CPU sec, 0.147 real sec
[M::mem_process_seqs] Processed 1001 reads in 1.019 CPU sec, 0.131 real sec
[M::mem_process_seqs] Processed 1001 reads in 1.326 CPU sec, 0.169 real sec
[M::mem_process_seqs] Processed 1001 reads in 1.187 CPU sec, 0.161 real sec
866593 [main] INFO main.java.edu.mit.compbio.bisulfitehic.mapping.Bhmem  - Processing reads 2213000 ...
866593 [main] INFO main.java.edu.mit.compbio.bisulfitehic.mapping.Bhmem  - Unique mapped and paired reads 2202650 ...
866596 [main] INFO main.java.edu.mit.compbio.bisulfitehic.mapping.Bhmem  - Processing reads 2214000 ...
866596 [main] INFO main.java.edu.mit.compbio.bisulfitehic.mapping.Bhmem  - Unique mapped and paired reads 2202650 ...
[M::mem_process_seqs] Processed 1001 reads in 1.114 CPU sec, 0.141 real sec
[M::mem_process_seqs] Processed 1001 reads in 0.957 CPU sec, 0.122 real sec
[M::mem_process_seqs] Processed 1001 reads in 1.256 CPU sec, 0.158 real sec
[M::mem_process_seqs] Processed 1001 reads in 1.149 CPU sec, 0.148 real sec
867347 [main] INFO main.java.edu.mit.compbio.bisulfitehic.mapping.Bhmem  - Processing reads 2215000 ...
867347 [main] INFO main.java.edu.mit.compbio.bisulfitehic.mapping.Bhmem  - Unique mapped and paired reads 2204648 ...
867350 [main] INFO main.java.edu.mit.compbio.bisulfitehic.mapping.Bhmem  - Processing reads 2216000 ...
867350 [main] INFO main.java.edu.mit.compbio.bisulfitehic.mapping.Bhmem  - Unique mapped and paired reads 2204648 ...
[M::mem_process_seqs] Processed 1001 reads in 1.134 CPU sec, 0.145 real sec
[M::mem_process_seqs] Processed 1001 reads in 1.029 CPU sec, 0.130 real sec
[M::mem_process_seqs] Processed 1001 reads in 1.263 CPU sec, 0.161 real sec
[M::mem_process_seqs] Processed 1001 reads in 1.133 CPU sec, 0.145 real sec
868108 [main] INFO main.java.edu.mit.compbio.bisulfitehic.mapping.Bhmem  - Processing reads 2217000 ...
868108 [main] INFO main.java.edu.mit.compbio.bisulfitehic.mapping.Bhmem  - Unique mapped and paired reads 2206646 ...
868111 [main] INFO main.java.edu.mit.compbio.bisulfitehic.mapping.Bhmem  - Processing reads 2218000 ...
868111 [main] INFO main.java.edu.mit.compbio.bisulfitehic.mapping.Bhmem  - Unique mapped and paired reads 2206646 ...
[M::mem_process_seqs] Processed 1001 reads in 1.199 CPU sec, 0.152 real sec
[M::mem_process_seqs] Processed 1001 reads in 1.070 CPU sec, 0.136 real sec
[M::mem_process_seqs] Processed 1001 reads in 1.287 CPU sec, 0.164 real sec
[M::mem_process_seqs] Processed 1001 reads in 1.125 CPU sec, 0.146 real sec
868887 [main] INFO main.java.edu.mit.compbio.bisulfitehic.mapping.Bhmem  - Processing reads 2219000 ...
868887 [main] INFO main.java.edu.mit.compbio.bisulfitehic.mapping.Bhmem  - Unique mapped and paired reads 2208638 ...
868890 [main] INFO main.java.edu.mit.compbio.bisulfitehic.mapping.Bhmem  - Processing reads 2220000 ...
868890 [main] INFO main.java.edu.mit.compbio.bisulfitehic.mapping.Bhmem  - Unique mapped and paired reads 2208638 ...
[M::mem_process_seqs] Processed 1001 reads in 1.180 CPU sec, 0.152 real sec
[M::mem_process_seqs] Processed 1001 reads in 1.031 CPU sec, 0.132 real sec
[M::mem_process_seqs] Processed 1001 reads in 1.292 CPU sec, 0.167 real sec
[M::mem_process_seqs] Processed 1001 reads in 1.181 CPU sec, 0.154 real sec
869697 [main] INFO main.java.edu.mit.compbio.bisulfitehic.mapping.Bhmem  - Processing reads 2221000 ...
869697 [main] INFO main.java.edu.mit.compbio.bisulfitehic.mapping.Bhmem  - Unique mapped and paired reads 2210632 ...
869700 [main] INFO main.java.edu.mit.compbio.bisulfitehic.mapping.Bhmem  - Processing reads 2222000 ...
869700 [main] INFO main.java.edu.mit.compbio.bisulfitehic.mapping.Bhmem  - Unique mapped and paired reads 2210632 ...
[M::mem_process_seqs] Processed 1001 reads in 1.076 CPU sec, 0.137 real sec
[M::mem_process_seqs] Processed 1001 reads in 0.956 CPU sec, 0.121 real sec
[M::mem_process_seqs] Processed 1001 reads in 1.300 CPU sec, 0.168 real sec
[M::mem_process_seqs] Processed 1001 reads in 1.088 CPU sec, 0.140 real sec
870443 [main] INFO main.java.edu.mit.compbio.bisulfitehic.mapping.Bhmem  - Processing reads 2223000 ...
870443 [main] INFO main.java.edu.mit.compbio.bisulfitehic.mapping.Bhmem  - Unique mapped and paired reads 2212624 ...
870446 [main] INFO main.java.edu.mit.compbio.bisulfitehic.mapping.Bhmem  - Processing reads 2224000 ...
870446 [main] INFO main.java.edu.mit.compbio.bisulfitehic.mapping.Bhmem  - Unique mapped and paired reads 2212624 ...
[M::mem_process_seqs] Processed 1001 reads in 1.231 CPU sec, 0.157 real sec
[M::mem_process_seqs] Processed 1001 reads in 0.976 CPU sec, 0.123 real sec
[M::mem_process_seqs] Processed 1001 reads in 1.264 CPU sec, 0.162 real sec
[M::mem_process_seqs] Processed 1001 reads in 1.110 CPU sec, 0.141 real sec
871207 [main] INFO main.java.edu.mit.compbio.bisulfitehic.mapping.Bhmem  - Processing reads 2225000 ...
871207 [main] INFO main.java.edu.mit.compbio.bisulfitehic.mapping.Bhmem  - Unique mapped and paired reads 2214614 ...
871210 [main] INFO main.java.edu.mit.compbio.bisulfitehic.mapping.Bhmem  - Processing reads 2226000 ...
871210 [main] INFO main.java.edu.mit.compbio.bisulfitehic.mapping.Bhmem  - Unique mapped and paired reads 2214614 ...
[M::mem_process_seqs] Processed 1001 reads in 1.228 CPU sec, 0.156 real sec
[M::mem_process_seqs] Processed 1001 reads in 0.976 CPU sec, 0.123 real sec
[M::mem_process_seqs] Processed 1001 reads in 1.258 CPU sec, 0.160 real sec
[M::mem_process_seqs] Processed 1001 reads in 1.058 CPU sec, 0.134 real sec
871957 [main] INFO main.java.edu.mit.compbio.bisulfitehic.mapping.Bhmem  - Processing reads 2227000 ...
871957 [main] INFO main.java.edu.mit.compbio.bisulfitehic.mapping.Bhmem  - Unique mapped and paired reads 2216604 ...
871960 [main] INFO main.java.edu.mit.compbio.bisulfitehic.mapping.Bhmem  - Processing reads 2228000 ...
871960 [main] INFO main.java.edu.mit.compbio.bisulfitehic.mapping.Bhmem  - Unique mapped and paired reads 2216604 ...
[M::mem_process_seqs] Processed 1001 reads in 1.227 CPU sec, 0.156 real sec
[M::mem_process_seqs] Processed 1001 reads in 0.961 CPU sec, 0.122 real sec
[M::mem_process_seqs] Processed 1001 reads in 1.331 CPU sec, 0.169 real sec
[M::mem_process_seqs] Processed 1001 reads in 1.129 CPU sec, 0.143 real sec
872744 [main] INFO main.java.edu.mit.compbio.bisulfitehic.mapping.Bhmem  - Processing reads 2229000 ...
872744 [main] INFO main.java.edu.mit.compbio.bisulfitehic.mapping.Bhmem  - Unique mapped and paired reads 2218606 ...
872747 [main] INFO main.java.edu.mit.compbio.bisulfitehic.mapping.Bhmem  - Processing reads 2230000 ...
872747 [main] INFO main.java.edu.mit.compbio.bisulfitehic.mapping.Bhmem  - Unique mapped and paired reads 2218606 ...
[M::mem_process_seqs] Processed 1001 reads in 1.192 CPU sec, 0.153 real sec
[M::mem_process_seqs] Processed 1001 reads in 0.930 CPU sec, 0.121 real sec
[M::mem_process_seqs] Processed 1001 reads in 1.357 CPU sec, 0.171 real sec
[M::mem_process_seqs] Processed 1001 reads in 1.094 CPU sec, 0.140 real sec
873512 [main] INFO main.java.edu.mit.compbio.bisulfitehic.mapping.Bhmem  - Processing reads 2231000 ...
873512 [main] INFO main.java.edu.mit.compbio.bisulfitehic.mapping.Bhmem  - Unique mapped and paired reads 2220600 ...
873515 [main] INFO main.java.edu.mit.compbio.bisulfitehic.mapping.Bhmem  - Processing reads 2232000 ...
873515 [main] INFO main.java.edu.mit.compbio.bisulfitehic.mapping.Bhmem  - Unique mapped and paired reads 2220600 ...
[M::mem_process_seqs] Processed 1001 reads in 1.326 CPU sec, 0.167 real sec
[M::mem_process_seqs] Processed 1001 reads in 1.012 CPU sec, 0.128 real sec
[M::mem_process_seqs] Processed 1001 reads in 1.352 CPU sec, 0.178 real sec
[M::mem_process_seqs] Processed 1001 reads in 1.155 CPU sec, 0.146 real sec
874320 [main] INFO main.java.edu.mit.compbio.bisulfitehic.mapping.Bhmem  - Processing reads 2233000 ...
874320 [main] INFO main.java.edu.mit.compbio.bisulfitehic.mapping.Bhmem  - Unique mapped and paired reads 2222596 ...
874323 [main] INFO main.java.edu.mit.compbio.bisulfitehic.mapping.Bhmem  - Processing reads 2234000 ...
874323 [main] INFO main.java.edu.mit.compbio.bisulfitehic.mapping.Bhmem  - Unique mapped and paired reads 2222596 ...
[M::mem_process_seqs] Processed 1001 reads in 1.111 CPU sec, 0.142 real sec
[M::mem_process_seqs] Processed 1001 reads in 0.932 CPU sec, 0.119 real sec
[M::mem_process_seqs] Processed 1001 reads in 1.255 CPU sec, 0.164 real sec
[M::mem_process_seqs] Processed 1001 reads in 1.107 CPU sec, 0.143 real sec
875066 [main] INFO main.java.edu.mit.compbio.bisulfitehic.mapping.Bhmem  - Processing reads 2235000 ...
875066 [main] INFO main.java.edu.mit.compbio.bisulfitehic.mapping.Bhmem  - Unique mapped and paired reads 2224592 ...
875069 [main] INFO main.java.edu.mit.compbio.bisulfitehic.mapping.Bhmem  - Processing reads 2236000 ...
875069 [main] INFO main.java.edu.mit.compbio.bisulfitehic.mapping.Bhmem  - Unique mapped and paired reads 2224592 ...
[M::mem_process_seqs] Processed 1001 reads in 1.195 CPU sec, 0.152 real sec
[M::mem_process_seqs] Processed 1001 reads in 1.045 CPU sec, 0.137 real sec
[M::mem_process_seqs] Processed 1001 reads in 1.246 CPU sec, 0.159 real sec
[M::mem_process_seqs] Processed 1001 reads in 1.082 CPU sec, 0.137 real sec
875834 [main] INFO main.java.edu.mit.compbio.bisulfitehic.mapping.Bhmem  - Processing reads 2237000 ...
875834 [main] INFO main.java.edu.mit.compbio.bisulfitehic.mapping.Bhmem  - Unique mapped and paired reads 2226588 ...
875837 [main] INFO main.java.edu.mit.compbio.bisulfitehic.mapping.Bhmem  - Processing reads 2238000 ...
875837 [main] INFO main.java.edu.mit.compbio.bisulfitehic.mapping.Bhmem  - Unique mapped and paired reads 2226588 ...
[M::mem_process_seqs] Processed 1001 reads in 1.210 CPU sec, 0.154 real sec
[M::mem_process_seqs] Processed 1001 reads in 1.030 CPU sec, 0.131 real sec
[M::mem_process_seqs] Processed 1001 reads in 1.261 CPU sec, 0.165 real sec
[M::mem_process_seqs] Processed 1001 reads in 1.121 CPU sec, 0.142 real sec
876606 [main] INFO main.java.edu.mit.compbio.bisulfitehic.mapping.Bhmem  - Processing reads 2239000 ...
876606 [main] INFO main.java.edu.mit.compbio.bisulfitehic.mapping.Bhmem  - Unique mapped and paired reads 2228586 ...
876609 [main] INFO main.java.edu.mit.compbio.bisulfitehic.mapping.Bhmem  - Processing reads 2240000 ...
876609 [main] INFO main.java.edu.mit.compbio.bisulfitehic.mapping.Bhmem  - Unique mapped and paired reads 2228586 ...
[M::mem_process_seqs] Processed 1001 reads in 1.167 CPU sec, 0.147 real sec
[M::mem_process_seqs] Processed 1001 reads in 0.965 CPU sec, 0.127 real sec
[M::mem_process_seqs] Processed 1001 reads in 1.302 CPU sec, 0.165 real sec
[M::mem_process_seqs] Processed 1001 reads in 1.078 CPU sec, 0.145 real sec
877387 [main] INFO main.java.edu.mit.compbio.bisulfitehic.mapping.Bhmem  - Processing reads 2241000 ...
877387 [main] INFO main.java.edu.mit.compbio.bisulfitehic.mapping.Bhmem  - Unique mapped and paired reads 2230576 ...
877390 [main] INFO main.java.edu.mit.compbio.bisulfitehic.mapping.Bhmem  - Processing reads 2242000 ...
877390 [main] INFO main.java.edu.mit.compbio.bisulfitehic.mapping.Bhmem  - Unique mapped and paired reads 2230576 ...
[M::mem_process_seqs] Processed 1001 reads in 1.199 CPU sec, 0.154 real sec
[M::mem_process_seqs] Processed 1001 reads in 0.993 CPU sec, 0.126 real sec
[M::mem_process_seqs] Processed 1001 reads in 1.322 CPU sec, 0.175 real sec
[M::mem_process_seqs] Processed 1001 reads in 1.118 CPU sec, 0.143 real sec
878165 [main] INFO main.java.edu.mit.compbio.bisulfitehic.mapping.Bhmem  - Processing reads 2243000 ...
878165 [main] INFO main.java.edu.mit.compbio.bisulfitehic.mapping.Bhmem  - Unique mapped and paired reads 2232564 ...
878168 [main] INFO main.java.edu.mit.compbio.bisulfitehic.mapping.Bhmem  - Processing reads 2244000 ...
878168 [main] INFO main.java.edu.mit.compbio.bisulfitehic.mapping.Bhmem  - Unique mapped and paired reads 2232564 ...
[M::mem_process_seqs] Processed 1001 reads in 1.207 CPU sec, 0.153 real sec
[M::mem_process_seqs] Processed 1001 reads in 1.006 CPU sec, 0.127 real sec
[M::mem_process_seqs] Processed 1001 reads in 1.238 CPU sec, 0.157 real sec
[M::mem_process_seqs] Processed 1001 reads in 1.080 CPU sec, 0.138 real sec
878921 [main] INFO main.java.edu.mit.compbio.bisulfitehic.mapping.Bhmem  - Processing reads 2245000 ...
878921 [main] INFO main.java.edu.mit.compbio.bisulfitehic.mapping.Bhmem  - Unique mapped and paired reads 2234548 ...
878924 [main] INFO main.java.edu.mit.compbio.bisulfitehic.mapping.Bhmem  - Processing reads 2246000 ...
878924 [main] INFO main.java.edu.mit.compbio.bisulfitehic.mapping.Bhmem  - Unique mapped and paired reads 2234548 ...
[M::mem_process_seqs] Processed 1001 reads in 1.150 CPU sec, 0.149 real sec
[M::mem_process_seqs] Processed 1001 reads in 0.981 CPU sec, 0.128 real sec
[M::mem_process_seqs] Processed 1001 reads in 1.218 CPU sec, 0.155 real sec
[M::mem_process_seqs] Processed 1001 reads in 1.105 CPU sec, 0.140 real sec
879677 [main] INFO main.java.edu.mit.compbio.bisulfitehic.mapping.Bhmem  - Processing reads 2247000 ...
879677 [main] INFO main.java.edu.mit.compbio.bisulfitehic.mapping.Bhmem  - Unique mapped and paired reads 2236534 ...
879680 [main] INFO main.java.edu.mit.compbio.bisulfitehic.mapping.Bhmem  - Processing reads 2248000 ...
879680 [main] INFO main.java.edu.mit.compbio.bisulfitehic.mapping.Bhmem  - Unique mapped and paired reads 2236534 ...
[M::mem_process_seqs] Processed 1001 reads in 1.219 CPU sec, 0.154 real sec
[M::mem_process_seqs] Processed 1001 reads in 0.880 CPU sec, 0.112 real sec
[M::mem_process_seqs] Processed 1001 reads in 1.267 CPU sec, 0.161 real sec
[M::mem_process_seqs] Processed 1001 reads in 1.145 CPU sec, 0.147 real sec
880435 [main] INFO main.java.edu.mit.compbio.bisulfitehic.mapping.Bhmem  - Processing reads 2249000 ...
880435 [main] INFO main.java.edu.mit.compbio.bisulfitehic.mapping.Bhmem  - Unique mapped and paired reads 2238530 ...
880438 [main] INFO main.java.edu.mit.compbio.bisulfitehic.mapping.Bhmem  - Processing reads 2250000 ...
880438 [main] INFO main.java.edu.mit.compbio.bisulfitehic.mapping.Bhmem  - Unique mapped and paired reads 2238530 ...
[M::mem_process_seqs] Processed 1001 reads in 1.214 CPU sec, 0.156 real sec
[M::mem_process_seqs] Processed 1001 reads in 1.026 CPU sec, 0.130 real sec
[M::mem_process_seqs] Processed 1001 reads in 1.353 CPU sec, 0.172 real sec
[M::mem_process_seqs] Processed 1001 reads in 1.095 CPU sec, 0.144 real sec
881224 [main] INFO main.java.edu.mit.compbio.bisulfitehic.mapping.Bhmem  - Processing reads 2251000 ...
881224 [main] INFO main.java.edu.mit.compbio.bisulfitehic.mapping.Bhmem  - Unique mapped and paired reads 2240524 ...
881228 [main] INFO main.java.edu.mit.compbio.bisulfitehic.mapping.Bhmem  - Processing reads 2252000 ...
881228 [main] INFO main.java.edu.mit.compbio.bisulfitehic.mapping.Bhmem  - Unique mapped and paired reads 2240524 ...
[M::mem_process_seqs] Processed 1001 reads in 1.188 CPU sec, 0.151 real sec
[M::mem_process_seqs] Processed 1001 reads in 0.921 CPU sec, 0.117 real sec
[M::mem_process_seqs] Processed 1001 reads in 1.226 CPU sec, 0.157 real sec
[M::mem_process_seqs] Processed 1001 reads in 1.075 CPU sec, 0.136 real sec
881966 [main] INFO main.java.edu.mit.compbio.bisulfitehic.mapping.Bhmem  - Processing reads 2253000 ...
881966 [main] INFO main.java.edu.mit.compbio.bisulfitehic.mapping.Bhmem  - Unique mapped and paired reads 2242510 ...
881969 [main] INFO main.java.edu.mit.compbio.bisulfitehic.mapping.Bhmem  - Processing reads 2254000 ...
881969 [main] INFO main.java.edu.mit.compbio.bisulfitehic.mapping.Bhmem  - Unique mapped and paired reads 2242510 ...
[M::mem_process_seqs] Processed 1001 reads in 1.151 CPU sec, 0.146 real sec
[M::mem_process_seqs] Processed 1001 reads in 0.942 CPU sec, 0.120 real sec
[M::mem_process_seqs] Processed 1001 reads in 1.203 CPU sec, 0.152 real sec
[M::mem_process_seqs] Processed 1001 reads in 1.106 CPU sec, 0.140 real sec
882705 [main] INFO main.java.edu.mit.compbio.bisulfitehic.mapping.Bhmem  - Processing reads 2255000 ...
882705 [main] INFO main.java.edu.mit.compbio.bisulfitehic.mapping.Bhmem  - Unique mapped and paired reads 2244508 ...
882708 [main] INFO main.java.edu.mit.compbio.bisulfitehic.mapping.Bhmem  - Processing reads 2256000 ...
882708 [main] INFO main.java.edu.mit.compbio.bisulfitehic.mapping.Bhmem  - Unique mapped and paired reads 2244508 ...
[M::mem_process_seqs] Processed 1001 reads in 1.149 CPU sec, 0.147 real sec
[M::mem_process_seqs] Processed 1001 reads in 0.993 CPU sec, 0.126 real sec
[M::mem_process_seqs] Processed 1001 reads in 1.235 CPU sec, 0.160 real sec
[M::mem_process_seqs] Processed 1001 reads in 1.055 CPU sec, 0.133 real sec
883466 [main] INFO main.java.edu.mit.compbio.bisulfitehic.mapping.Bhmem  - Processing reads 2257000 ...
883466 [main] INFO main.java.edu.mit.compbio.bisulfitehic.mapping.Bhmem  - Unique mapped and paired reads 2246508 ...
883469 [main] INFO main.java.edu.mit.compbio.bisulfitehic.mapping.Bhmem  - Processing reads 2258000 ...
883469 [main] INFO main.java.edu.mit.compbio.bisulfitehic.mapping.Bhmem  - Unique mapped and paired reads 2246508 ...
[M::mem_process_seqs] Processed 1001 reads in 1.183 CPU sec, 0.150 real sec
[M::mem_process_seqs] Processed 1001 reads in 1.074 CPU sec, 0.144 real sec
[M::mem_process_seqs] Processed 1001 reads in 1.275 CPU sec, 0.164 real sec
[M::mem_process_seqs] Processed 1001 reads in 1.164 CPU sec, 0.157 real sec
884267 [main] INFO main.java.edu.mit.compbio.bisulfitehic.mapping.Bhmem  - Processing reads 2259000 ...
884267 [main] INFO main.java.edu.mit.compbio.bisulfitehic.mapping.Bhmem  - Unique mapped and paired reads 2248498 ...
884270 [main] INFO main.java.edu.mit.compbio.bisulfitehic.mapping.Bhmem  - Processing reads 2260000 ...
884270 [main] INFO main.java.edu.mit.compbio.bisulfitehic.mapping.Bhmem  - Unique mapped and paired reads 2248498 ...
[M::mem_process_seqs] Processed 1001 reads in 1.165 CPU sec, 0.149 real sec
[M::mem_process_seqs] Processed 1001 reads in 1.043 CPU sec, 0.133 real sec
[M::mem_process_seqs] Processed 1001 reads in 1.224 CPU sec, 0.156 real sec
[M::mem_process_seqs] Processed 1001 reads in 1.103 CPU sec, 0.140 real sec
885028 [main] INFO main.java.edu.mit.compbio.bisulfitehic.mapping.Bhmem  - Processing reads 2261000 ...
885028 [main] INFO main.java.edu.mit.compbio.bisulfitehic.mapping.Bhmem  - Unique mapped and paired reads 2250494 ...
885031 [main] INFO main.java.edu.mit.compbio.bisulfitehic.mapping.Bhmem  - Processing reads 2262000 ...
885031 [main] INFO main.java.edu.mit.compbio.bisulfitehic.mapping.Bhmem  - Unique mapped and paired reads 2250494 ...
[M::mem_process_seqs] Processed 1001 reads in 1.220 CPU sec, 0.157 real sec
[M::mem_process_seqs] Processed 1001 reads in 1.042 CPU sec, 0.137 real sec
[M::mem_process_seqs] Processed 1001 reads in 1.343 CPU sec, 0.171 real sec
[M::mem_process_seqs] Processed 1001 reads in 1.237 CPU sec, 0.158 real sec
885855 [main] INFO main.java.edu.mit.compbio.bisulfitehic.mapping.Bhmem  - Processing reads 2263000 ...
885855 [main] INFO main.java.edu.mit.compbio.bisulfitehic.mapping.Bhmem  - Unique mapped and paired reads 2252492 ...
885858 [main] INFO main.java.edu.mit.compbio.bisulfitehic.mapping.Bhmem  - Processing reads 2264000 ...
885858 [main] INFO main.java.edu.mit.compbio.bisulfitehic.mapping.Bhmem  - Unique mapped and paired reads 2252492 ...
[M::mem_process_seqs] Processed 1001 reads in 1.273 CPU sec, 0.163 real sec
[M::mem_process_seqs] Processed 1001 reads in 1.015 CPU sec, 0.128 real sec
[M::mem_process_seqs] Processed 1001 reads in 1.303 CPU sec, 0.167 real sec
[M::mem_process_seqs] Processed 1001 reads in 1.119 CPU sec, 0.141 real sec
886640 [main] INFO main.java.edu.mit.compbio.bisulfitehic.mapping.Bhmem  - Processing reads 2265000 ...
886640 [main] INFO main.java.edu.mit.compbio.bisulfitehic.mapping.Bhmem  - Unique mapped and paired reads 2254484 ...
886643 [main] INFO main.java.edu.mit.compbio.bisulfitehic.mapping.Bhmem  - Processing reads 2266000 ...
886643 [main] INFO main.java.edu.mit.compbio.bisulfitehic.mapping.Bhmem  - Unique mapped and paired reads 2254484 ...
[M::mem_process_seqs] Processed 1001 reads in 1.132 CPU sec, 0.145 real sec
[M::mem_process_seqs] Processed 1001 reads in 0.960 CPU sec, 0.121 real sec
[M::mem_process_seqs] Processed 1001 reads in 1.311 CPU sec, 0.179 real sec
[M::mem_process_seqs] Processed 1001 reads in 1.113 CPU sec, 0.148 real sec
887438 [main] INFO main.java.edu.mit.compbio.bisulfitehic.mapping.Bhmem  - Processing reads 2267000 ...
887438 [main] INFO main.java.edu.mit.compbio.bisulfitehic.mapping.Bhmem  - Unique mapped and paired reads 2256484 ...
887441 [main] INFO main.java.edu.mit.compbio.bisulfitehic.mapping.Bhmem  - Processing reads 2268000 ...
887442 [main] INFO main.java.edu.mit.compbio.bisulfitehic.mapping.Bhmem  - Unique mapped and paired reads 2256484 ...
[M::mem_process_seqs] Processed 1001 reads in 1.127 CPU sec, 0.144 real sec
[M::mem_process_seqs] Processed 1001 reads in 0.930 CPU sec, 0.122 real sec
[M::mem_process_seqs] Processed 1001 reads in 1.246 CPU sec, 0.161 real sec
[M::mem_process_seqs] Processed 1001 reads in 1.116 CPU sec, 0.144 real sec
888193 [main] INFO main.java.edu.mit.compbio.bisulfitehic.mapping.Bhmem  - Processing reads 2269000 ...
888193 [main] INFO main.java.edu.mit.compbio.bisulfitehic.mapping.Bhmem  - Unique mapped and paired reads 2258480 ...
888196 [main] INFO main.java.edu.mit.compbio.bisulfitehic.mapping.Bhmem  - Processing reads 2270000 ...
888196 [main] INFO main.java.edu.mit.compbio.bisulfitehic.mapping.Bhmem  - Unique mapped and paired reads 2258480 ...
[M::mem_process_seqs] Processed 1001 reads in 1.164 CPU sec, 0.149 real sec
[M::mem_process_seqs] Processed 1001 reads in 0.994 CPU sec, 0.125 real sec
[M::mem_process_seqs] Processed 1001 reads in 1.222 CPU sec, 0.164 real sec
[M::mem_process_seqs] Processed 1001 reads in 1.148 CPU sec, 0.145 real sec
888981 [main] INFO main.java.edu.mit.compbio.bisulfitehic.mapping.Bhmem  - Processing reads 2271000 ...
888982 [main] INFO main.java.edu.mit.compbio.bisulfitehic.mapping.Bhmem  - Unique mapped and paired reads 2260478 ...
888985 [main] INFO main.java.edu.mit.compbio.bisulfitehic.mapping.Bhmem  - Processing reads 2272000 ...
888985 [main] INFO main.java.edu.mit.compbio.bisulfitehic.mapping.Bhmem  - Unique mapped and paired reads 2260478 ...
[M::mem_process_seqs] Processed 1001 reads in 1.226 CPU sec, 0.157 real sec
[M::mem_process_seqs] Processed 1001 reads in 1.017 CPU sec, 0.130 real sec
[M::mem_process_seqs] Processed 1001 reads in 1.266 CPU sec, 0.162 real sec
[M::mem_process_seqs] Processed 1001 reads in 1.189 CPU sec, 0.151 real sec
889762 [main] INFO main.java.edu.mit.compbio.bisulfitehic.mapping.Bhmem  - Processing reads 2273000 ...
889762 [main] INFO main.java.edu.mit.compbio.bisulfitehic.mapping.Bhmem  - Unique mapped and paired reads 2262468 ...
889766 [main] INFO main.java.edu.mit.compbio.bisulfitehic.mapping.Bhmem  - Processing reads 2274000 ...
889766 [main] INFO main.java.edu.mit.compbio.bisulfitehic.mapping.Bhmem  - Unique mapped and paired reads 2262468 ...
[M::mem_process_seqs] Processed 1001 reads in 1.274 CPU sec, 0.163 real sec
[M::mem_process_seqs] Processed 1001 reads in 1.051 CPU sec, 0.133 real sec
[M::mem_process_seqs] Processed 1001 reads in 1.281 CPU sec, 0.163 real sec
[M::mem_process_seqs] Processed 1001 reads in 1.098 CPU sec, 0.139 real sec
890546 [main] INFO main.java.edu.mit.compbio.bisulfitehic.mapping.Bhmem  - Processing reads 2275000 ...
890546 [main] INFO main.java.edu.mit.compbio.bisulfitehic.mapping.Bhmem  - Unique mapped and paired reads 2264470 ...
890549 [main] INFO main.java.edu.mit.compbio.bisulfitehic.mapping.Bhmem  - Processing reads 2276000 ...
890549 [main] INFO main.java.edu.mit.compbio.bisulfitehic.mapping.Bhmem  - Unique mapped and paired reads 2264470 ...
[M::mem_process_seqs] Processed 1001 reads in 1.262 CPU sec, 0.159 real sec
[M::mem_process_seqs] Processed 1001 reads in 1.026 CPU sec, 0.132 real sec
[M::mem_process_seqs] Processed 1001 reads in 1.298 CPU sec, 0.171 real sec
[M::mem_process_seqs] Processed 1001 reads in 1.167 CPU sec, 0.161 real sec
891359 [main] INFO main.java.edu.mit.compbio.bisulfitehic.mapping.Bhmem  - Processing reads 2277000 ...
891359 [main] INFO main.java.edu.mit.compbio.bisulfitehic.mapping.Bhmem  - Unique mapped and paired reads 2266466 ...
891362 [main] INFO main.java.edu.mit.compbio.bisulfitehic.mapping.Bhmem  - Processing reads 2278000 ...
891362 [main] INFO main.java.edu.mit.compbio.bisulfitehic.mapping.Bhmem  - Unique mapped and paired reads 2266466 ...
[M::mem_process_seqs] Processed 1001 reads in 1.210 CPU sec, 0.153 real sec
[M::mem_process_seqs] Processed 1001 reads in 0.988 CPU sec, 0.125 real sec
[M::mem_process_seqs] Processed 1001 reads in 1.316 CPU sec, 0.179 real sec
[M::mem_process_seqs] Processed 1001 reads in 1.236 CPU sec, 0.157 real sec
892158 [main] INFO main.java.edu.mit.compbio.bisulfitehic.mapping.Bhmem  - Processing reads 2279000 ...
892158 [main] INFO main.java.edu.mit.compbio.bisulfitehic.mapping.Bhmem  - Unique mapped and paired reads 2268458 ...
892161 [main] INFO main.java.edu.mit.compbio.bisulfitehic.mapping.Bhmem  - Processing reads 2280000 ...
892161 [main] INFO main.java.edu.mit.compbio.bisulfitehic.mapping.Bhmem  - Unique mapped and paired reads 2268458 ...
[M::mem_process_seqs] Processed 1001 reads in 1.248 CPU sec, 0.158 real sec
[M::mem_process_seqs] Processed 1001 reads in 1.014 CPU sec, 0.128 real sec
[M::mem_process_seqs] Processed 1001 reads in 1.344 CPU sec, 0.171 real sec
[M::mem_process_seqs] Processed 1001 reads in 1.174 CPU sec, 0.148 real sec
892951 [main] INFO main.java.edu.mit.compbio.bisulfitehic.mapping.Bhmem  - Processing reads 2281000 ...
892951 [main] INFO main.java.edu.mit.compbio.bisulfitehic.mapping.Bhmem  - Unique mapped and paired reads 2270458 ...
892954 [main] INFO main.java.edu.mit.compbio.bisulfitehic.mapping.Bhmem  - Processing reads 2282000 ...
892954 [main] INFO main.java.edu.mit.compbio.bisulfitehic.mapping.Bhmem  - Unique mapped and paired reads 2270458 ...
[M::mem_process_seqs] Processed 1001 reads in 1.155 CPU sec, 0.146 real sec
[M::mem_process_seqs] Processed 1001 reads in 0.995 CPU sec, 0.130 real sec
[M::mem_process_seqs] Processed 1001 reads in 1.291 CPU sec, 0.167 real sec
[M::mem_process_seqs] Processed 1001 reads in 1.155 CPU sec, 0.151 real sec
893730 [main] INFO main.java.edu.mit.compbio.bisulfitehic.mapping.Bhmem  - Processing reads 2283000 ...
893730 [main] INFO main.java.edu.mit.compbio.bisulfitehic.mapping.Bhmem  - Unique mapped and paired reads 2272454 ...
893733 [main] INFO main.java.edu.mit.compbio.bisulfitehic.mapping.Bhmem  - Processing reads 2284000 ...
893733 [main] INFO main.java.edu.mit.compbio.bisulfitehic.mapping.Bhmem  - Unique mapped and paired reads 2272454 ...
[M::mem_process_seqs] Processed 1001 reads in 1.145 CPU sec, 0.145 real sec
[M::mem_process_seqs] Processed 1001 reads in 0.900 CPU sec, 0.115 real sec
[M::mem_process_seqs] Processed 1001 reads in 1.248 CPU sec, 0.163 real sec
[M::mem_process_seqs] Processed 1001 reads in 1.069 CPU sec, 0.136 real sec
894471 [main] INFO main.java.edu.mit.compbio.bisulfitehic.mapping.Bhmem  - Processing reads 2285000 ...
894471 [main] INFO main.java.edu.mit.compbio.bisulfitehic.mapping.Bhmem  - Unique mapped and paired reads 2274454 ...
894474 [main] INFO main.java.edu.mit.compbio.bisulfitehic.mapping.Bhmem  - Processing reads 2286000 ...
894474 [main] INFO main.java.edu.mit.compbio.bisulfitehic.mapping.Bhmem  - Unique mapped and paired reads 2274454 ...
[M::mem_process_seqs] Processed 1001 reads in 1.221 CPU sec, 0.156 real sec
[M::mem_process_seqs] Processed 1001 reads in 0.952 CPU sec, 0.120 real sec
[M::mem_process_seqs] Processed 1001 reads in 1.229 CPU sec, 0.155 real sec
[M::mem_process_seqs] Processed 1001 reads in 1.143 CPU sec, 0.151 real sec
895235 [main] INFO main.java.edu.mit.compbio.bisulfitehic.mapping.Bhmem  - Processing reads 2287000 ...
895235 [main] INFO main.java.edu.mit.compbio.bisulfitehic.mapping.Bhmem  - Unique mapped and paired reads 2276448 ...
895239 [main] INFO main.java.edu.mit.compbio.bisulfitehic.mapping.Bhmem  - Processing reads 2288000 ...
895239 [main] INFO main.java.edu.mit.compbio.bisulfitehic.mapping.Bhmem  - Unique mapped and paired reads 2276448 ...
[M::mem_process_seqs] Processed 1001 reads in 1.179 CPU sec, 0.151 real sec
[M::mem_process_seqs] Processed 1001 reads in 0.912 CPU sec, 0.116 real sec
[M::mem_process_seqs] Processed 1001 reads in 1.234 CPU sec, 0.157 real sec
[M::mem_process_seqs] Processed 1001 reads in 1.071 CPU sec, 0.136 real sec
895999 [main] INFO main.java.edu.mit.compbio.bisulfitehic.mapping.Bhmem  - Processing reads 2289000 ...
896000 [main] INFO main.java.edu.mit.compbio.bisulfitehic.mapping.Bhmem  - Unique mapped and paired reads 2278442 ...
896003 [main] INFO main.java.edu.mit.compbio.bisulfitehic.mapping.Bhmem  - Processing reads 2290000 ...
896003 [main] INFO main.java.edu.mit.compbio.bisulfitehic.mapping.Bhmem  - Unique mapped and paired reads 2278442 ...
[M::mem_process_seqs] Processed 1001 reads in 1.098 CPU sec, 0.140 real sec
[M::mem_process_seqs] Processed 1001 reads in 1.006 CPU sec, 0.130 real sec
[M::mem_process_seqs] Processed 1001 reads in 1.191 CPU sec, 0.154 real sec
[M::mem_process_seqs] Processed 1001 reads in 1.147 CPU sec, 0.146 real sec
896749 [main] INFO main.java.edu.mit.compbio.bisulfitehic.mapping.Bhmem  - Processing reads 2291000 ...
896749 [main] INFO main.java.edu.mit.compbio.bisulfitehic.mapping.Bhmem  - Unique mapped and paired reads 2280432 ...
896752 [main] INFO main.java.edu.mit.compbio.bisulfitehic.mapping.Bhmem  - Processing reads 2292000 ...
896752 [main] INFO main.java.edu.mit.compbio.bisulfitehic.mapping.Bhmem  - Unique mapped and paired reads 2280432 ...
[M::mem_process_seqs] Processed 1001 reads in 1.155 CPU sec, 0.147 real sec
[M::mem_process_seqs] Processed 1001 reads in 0.951 CPU sec, 0.121 real sec
[M::mem_process_seqs] Processed 1001 reads in 1.305 CPU sec, 0.165 real sec
[M::mem_process_seqs] Processed 1001 reads in 1.107 CPU sec, 0.140 real sec
897529 [main] INFO main.java.edu.mit.compbio.bisulfitehic.mapping.Bhmem  - Processing reads 2293000 ...
897529 [main] INFO main.java.edu.mit.compbio.bisulfitehic.mapping.Bhmem  - Unique mapped and paired reads 2282428 ...
897532 [main] INFO main.java.edu.mit.compbio.bisulfitehic.mapping.Bhmem  - Processing reads 2294000 ...
897532 [main] INFO main.java.edu.mit.compbio.bisulfitehic.mapping.Bhmem  - Unique mapped and paired reads 2282428 ...
[M::mem_process_seqs] Processed 1001 reads in 1.235 CPU sec, 0.166 real sec
[M::mem_process_seqs] Processed 1001 reads in 0.995 CPU sec, 0.131 real sec
[M::mem_process_seqs] Processed 1001 reads in 1.250 CPU sec, 0.160 real sec
[M::mem_process_seqs] Processed 1001 reads in 1.090 CPU sec, 0.140 real sec
898306 [main] INFO main.java.edu.mit.compbio.bisulfitehic.mapping.Bhmem  - Processing reads 2295000 ...
898307 [main] INFO main.java.edu.mit.compbio.bisulfitehic.mapping.Bhmem  - Unique mapped and paired reads 2284418 ...
898310 [main] INFO main.java.edu.mit.compbio.bisulfitehic.mapping.Bhmem  - Processing reads 2296000 ...
898310 [main] INFO main.java.edu.mit.compbio.bisulfitehic.mapping.Bhmem  - Unique mapped and paired reads 2284418 ...
[M::mem_process_seqs] Processed 1001 reads in 1.187 CPU sec, 0.150 real sec
[M::mem_process_seqs] Processed 1001 reads in 1.018 CPU sec, 0.129 real sec
[M::mem_process_seqs] Processed 1001 reads in 1.238 CPU sec, 0.156 real sec
[M::mem_process_seqs] Processed 1001 reads in 1.145 CPU sec, 0.152 real sec
899093 [main] INFO main.java.edu.mit.compbio.bisulfitehic.mapping.Bhmem  - Processing reads 2297000 ...
899093 [main] INFO main.java.edu.mit.compbio.bisulfitehic.mapping.Bhmem  - Unique mapped and paired reads 2286410 ...
899096 [main] INFO main.java.edu.mit.compbio.bisulfitehic.mapping.Bhmem  - Processing reads 2298000 ...
899096 [main] INFO main.java.edu.mit.compbio.bisulfitehic.mapping.Bhmem  - Unique mapped and paired reads 2286410 ...
[M::mem_process_seqs] Processed 1001 reads in 1.128 CPU sec, 0.144 real sec
[M::mem_process_seqs] Processed 1001 reads in 0.946 CPU sec, 0.120 real sec
[M::mem_process_seqs] Processed 1001 reads in 1.220 CPU sec, 0.156 real sec
[M::mem_process_seqs] Processed 1001 reads in 1.091 CPU sec, 0.142 real sec
899838 [main] INFO main.java.edu.mit.compbio.bisulfitehic.mapping.Bhmem  - Processing reads 2299000 ...
899838 [main] INFO main.java.edu.mit.compbio.bisulfitehic.mapping.Bhmem  - Unique mapped and paired reads 2288392 ...
899841 [main] INFO main.java.edu.mit.compbio.bisulfitehic.mapping.Bhmem  - Processing reads 2300000 ...
899841 [main] INFO main.java.edu.mit.compbio.bisulfitehic.mapping.Bhmem  - Unique mapped and paired reads 2288392 ...
[M::mem_process_seqs] Processed 1001 reads in 1.118 CPU sec, 0.144 real sec
[M::mem_process_seqs] Processed 1001 reads in 1.035 CPU sec, 0.135 real sec
[M::mem_process_seqs] Processed 1001 reads in 1.276 CPU sec, 0.162 real sec
[M::mem_process_seqs] Processed 1001 reads in 1.141 CPU sec, 0.145 real sec
900609 [main] INFO main.java.edu.mit.compbio.bisulfitehic.mapping.Bhmem  - Processing reads 2301000 ...
900609 [main] INFO main.java.edu.mit.compbio.bisulfitehic.mapping.Bhmem  - Unique mapped and paired reads 2290388 ...
900612 [main] INFO main.java.edu.mit.compbio.bisulfitehic.mapping.Bhmem  - Processing reads 2302000 ...
900612 [main] INFO main.java.edu.mit.compbio.bisulfitehic.mapping.Bhmem  - Unique mapped and paired reads 2290388 ...
[M::mem_process_seqs] Processed 1001 reads in 1.179 CPU sec, 0.150 real sec
[M::mem_process_seqs] Processed 1001 reads in 0.956 CPU sec, 0.130 real sec
[M::mem_process_seqs] Processed 1001 reads in 1.368 CPU sec, 0.175 real sec
[M::mem_process_seqs] Processed 1001 reads in 1.174 CPU sec, 0.155 real sec
901403 [main] INFO main.java.edu.mit.compbio.bisulfitehic.mapping.Bhmem  - Processing reads 2303000 ...
901404 [main] INFO main.java.edu.mit.compbio.bisulfitehic.mapping.Bhmem  - Unique mapped and paired reads 2292384 ...
901407 [main] INFO main.java.edu.mit.compbio.bisulfitehic.mapping.Bhmem  - Processing reads 2304000 ...
901407 [main] INFO main.java.edu.mit.compbio.bisulfitehic.mapping.Bhmem  - Unique mapped and paired reads 2292384 ...
[M::mem_process_seqs] Processed 1001 reads in 1.238 CPU sec, 0.157 real sec
[M::mem_process_seqs] Processed 1001 reads in 0.951 CPU sec, 0.126 real sec
[M::mem_process_seqs] Processed 1001 reads in 1.299 CPU sec, 0.186 real sec
[M::mem_process_seqs] Processed 1001 reads in 1.105 CPU sec, 0.141 real sec
902200 [main] INFO main.java.edu.mit.compbio.bisulfitehic.mapping.Bhmem  - Processing reads 2305000 ...
902200 [main] INFO main.java.edu.mit.compbio.bisulfitehic.mapping.Bhmem  - Unique mapped and paired reads 2294384 ...
902203 [main] INFO main.java.edu.mit.compbio.bisulfitehic.mapping.Bhmem  - Processing reads 2306000 ...
902203 [main] INFO main.java.edu.mit.compbio.bisulfitehic.mapping.Bhmem  - Unique mapped and paired reads 2294384 ...
[M::mem_process_seqs] Processed 1001 reads in 1.260 CPU sec, 0.160 real sec
[M::mem_process_seqs] Processed 1001 reads in 0.969 CPU sec, 0.123 real sec
[M::mem_process_seqs] Processed 1001 reads in 1.345 CPU sec, 0.170 real sec
[M::mem_process_seqs] Processed 1001 reads in 1.097 CPU sec, 0.138 real sec
902979 [main] INFO main.java.edu.mit.compbio.bisulfitehic.mapping.Bhmem  - Processing reads 2307000 ...
902979 [main] INFO main.java.edu.mit.compbio.bisulfitehic.mapping.Bhmem  - Unique mapped and paired reads 2296384 ...
902982 [main] INFO main.java.edu.mit.compbio.bisulfitehic.mapping.Bhmem  - Processing reads 2308000 ...
902982 [main] INFO main.java.edu.mit.compbio.bisulfitehic.mapping.Bhmem  - Unique mapped and paired reads 2296384 ...
[M::mem_process_seqs] Processed 1001 reads in 1.169 CPU sec, 0.149 real sec
[M::mem_process_seqs] Processed 1001 reads in 0.987 CPU sec, 0.127 real sec
[M::mem_process_seqs] Processed 1001 reads in 1.249 CPU sec, 0.158 real sec
[M::mem_process_seqs] Processed 1001 reads in 1.140 CPU sec, 0.145 real sec
903848 [main] INFO main.java.edu.mit.compbio.bisulfitehic.mapping.Bhmem  - Processing reads 2309000 ...
903848 [main] INFO main.java.edu.mit.compbio.bisulfitehic.mapping.Bhmem  - Unique mapped and paired reads 2298380 ...
903856 [main] INFO main.java.edu.mit.compbio.bisulfitehic.mapping.Bhmem  - Processing reads 2310000 ...
903856 [main] INFO main.java.edu.mit.compbio.bisulfitehic.mapping.Bhmem  - Unique mapped and paired reads 2298380 ...
[M::mem_process_seqs] Processed 1001 reads in 1.250 CPU sec, 0.159 real sec
[M::mem_process_seqs] Processed 1001 reads in 1.032 CPU sec, 0.140 real sec
[M::mem_process_seqs] Processed 1001 reads in 1.365 CPU sec, 0.174 real sec
[M::mem_process_seqs] Processed 1001 reads in 1.206 CPU sec, 0.157 real sec
904675 [main] INFO main.java.edu.mit.compbio.bisulfitehic.mapping.Bhmem  - Processing reads 2311000 ...
904675 [main] INFO main.java.edu.mit.compbio.bisulfitehic.mapping.Bhmem  - Unique mapped and paired reads 2300374 ...
904678 [main] INFO main.java.edu.mit.compbio.bisulfitehic.mapping.Bhmem  - Processing reads 2312000 ...
904678 [main] INFO main.java.edu.mit.compbio.bisulfitehic.mapping.Bhmem  - Unique mapped and paired reads 2300374 ...
[M::mem_process_seqs] Processed 1001 reads in 1.241 CPU sec, 0.159 real sec
[M::mem_process_seqs] Processed 1001 reads in 1.062 CPU sec, 0.137 real sec
[M::mem_process_seqs] Processed 1001 reads in 1.340 CPU sec, 0.173 real sec
[M::mem_process_seqs] Processed 1001 reads in 1.203 CPU sec, 0.153 real sec
905480 [main] INFO main.java.edu.mit.compbio.bisulfitehic.mapping.Bhmem  - Processing reads 2313000 ...
905480 [main] INFO main.java.edu.mit.compbio.bisulfitehic.mapping.Bhmem  - Unique mapped and paired reads 2302364 ...
905483 [main] INFO main.java.edu.mit.compbio.bisulfitehic.mapping.Bhmem  - Processing reads 2314000 ...
905483 [main] INFO main.java.edu.mit.compbio.bisulfitehic.mapping.Bhmem  - Unique mapped and paired reads 2302364 ...
[M::mem_process_seqs] Processed 1001 reads in 1.278 CPU sec, 0.162 real sec
[M::mem_process_seqs] Processed 1001 reads in 0.968 CPU sec, 0.124 real sec
[M::mem_process_seqs] Processed 1001 reads in 1.369 CPU sec, 0.175 real sec
[M::mem_process_seqs] Processed 1001 reads in 1.100 CPU sec, 0.141 real sec
906273 [main] INFO main.java.edu.mit.compbio.bisulfitehic.mapping.Bhmem  - Processing reads 2315000 ...
906273 [main] INFO main.java.edu.mit.compbio.bisulfitehic.mapping.Bhmem  - Unique mapped and paired reads 2304358 ...
906276 [main] INFO main.java.edu.mit.compbio.bisulfitehic.mapping.Bhmem  - Processing reads 2316000 ...
906277 [main] INFO main.java.edu.mit.compbio.bisulfitehic.mapping.Bhmem  - Unique mapped and paired reads 2304358 ...
[M::mem_process_seqs] Processed 1001 reads in 1.187 CPU sec, 0.152 real sec
[M::mem_process_seqs] Processed 1001 reads in 0.926 CPU sec, 0.121 real sec
[M::mem_process_seqs] Processed 1001 reads in 1.293 CPU sec, 0.165 real sec
[M::mem_process_seqs] Processed 1001 reads in 1.139 CPU sec, 0.151 real sec
907047 [main] INFO main.java.edu.mit.compbio.bisulfitehic.mapping.Bhmem  - Processing reads 2317000 ...
907047 [main] INFO main.java.edu.mit.compbio.bisulfitehic.mapping.Bhmem  - Unique mapped and paired reads 2306350 ...
907050 [main] INFO main.java.edu.mit.compbio.bisulfitehic.mapping.Bhmem  - Processing reads 2318000 ...
907050 [main] INFO main.java.edu.mit.compbio.bisulfitehic.mapping.Bhmem  - Unique mapped and paired reads 2306350 ...
[M::mem_process_seqs] Processed 1001 reads in 1.143 CPU sec, 0.149 real sec
[M::mem_process_seqs] Processed 1001 reads in 0.960 CPU sec, 0.123 real sec
[M::mem_process_seqs] Processed 1001 reads in 1.218 CPU sec, 0.154 real sec
[M::mem_process_seqs] Processed 1001 reads in 1.053 CPU sec, 0.134 real sec
907789 [main] INFO main.java.edu.mit.compbio.bisulfitehic.mapping.Bhmem  - Processing reads 2319000 ...
907789 [main] INFO main.java.edu.mit.compbio.bisulfitehic.mapping.Bhmem  - Unique mapped and paired reads 2308340 ...
907792 [main] INFO main.java.edu.mit.compbio.bisulfitehic.mapping.Bhmem  - Processing reads 2320000 ...
907792 [main] INFO main.java.edu.mit.compbio.bisulfitehic.mapping.Bhmem  - Unique mapped and paired reads 2308340 ...
[M::mem_process_seqs] Processed 1001 reads in 1.160 CPU sec, 0.148 real sec
[M::mem_process_seqs] Processed 1001 reads in 0.982 CPU sec, 0.135 real sec
[M::mem_process_seqs] Processed 1001 reads in 1.309 CPU sec, 0.166 real sec
[M::mem_process_seqs] Processed 1001 reads in 1.116 CPU sec, 0.141 real sec
908562 [main] INFO main.java.edu.mit.compbio.bisulfitehic.mapping.Bhmem  - Processing reads 2321000 ...
908562 [main] INFO main.java.edu.mit.compbio.bisulfitehic.mapping.Bhmem  - Unique mapped and paired reads 2310338 ...
908565 [main] INFO main.java.edu.mit.compbio.bisulfitehic.mapping.Bhmem  - Processing reads 2322000 ...
908565 [main] INFO main.java.edu.mit.compbio.bisulfitehic.mapping.Bhmem  - Unique mapped and paired reads 2310338 ...
[M::mem_process_seqs] Processed 1001 reads in 1.175 CPU sec, 0.150 real sec
[M::mem_process_seqs] Processed 1001 reads in 0.928 CPU sec, 0.121 real sec
[M::mem_process_seqs] Processed 1001 reads in 1.192 CPU sec, 0.154 real sec
[M::mem_process_seqs] Processed 1001 reads in 1.039 CPU sec, 0.133 real sec
909305 [main] INFO main.java.edu.mit.compbio.bisulfitehic.mapping.Bhmem  - Processing reads 2323000 ...
909305 [main] INFO main.java.edu.mit.compbio.bisulfitehic.mapping.Bhmem  - Unique mapped and paired reads 2312334 ...
909308 [main] INFO main.java.edu.mit.compbio.bisulfitehic.mapping.Bhmem  - Processing reads 2324000 ...
909308 [main] INFO main.java.edu.mit.compbio.bisulfitehic.mapping.Bhmem  - Unique mapped and paired reads 2312334 ...
[M::mem_process_seqs] Processed 1001 reads in 1.168 CPU sec, 0.154 real sec
[M::mem_process_seqs] Processed 1001 reads in 1.052 CPU sec, 0.137 real sec
[M::mem_process_seqs] Processed 1001 reads in 1.271 CPU sec, 0.161 real sec
[M::mem_process_seqs] Processed 1001 reads in 1.110 CPU sec, 0.148 real sec
910091 [main] INFO main.java.edu.mit.compbio.bisulfitehic.mapping.Bhmem  - Processing reads 2325000 ...
910091 [main] INFO main.java.edu.mit.compbio.bisulfitehic.mapping.Bhmem  - Unique mapped and paired reads 2314322 ...
910094 [main] INFO main.java.edu.mit.compbio.bisulfitehic.mapping.Bhmem  - Processing reads 2326000 ...
910094 [main] INFO main.java.edu.mit.compbio.bisulfitehic.mapping.Bhmem  - Unique mapped and paired reads 2314322 ...
[M::mem_process_seqs] Processed 1001 reads in 1.197 CPU sec, 0.152 real sec
[M::mem_process_seqs] Processed 1001 reads in 1.013 CPU sec, 0.130 real sec
[M::mem_process_seqs] Processed 1001 reads in 1.438 CPU sec, 0.182 real sec
[M::mem_process_seqs] Processed 1001 reads in 1.179 CPU sec, 0.152 real sec
910890 [main] INFO main.java.edu.mit.compbio.bisulfitehic.mapping.Bhmem  - Processing reads 2327000 ...
910890 [main] INFO main.java.edu.mit.compbio.bisulfitehic.mapping.Bhmem  - Unique mapped and paired reads 2316318 ...
910893 [main] INFO main.java.edu.mit.compbio.bisulfitehic.mapping.Bhmem  - Processing reads 2328000 ...
910893 [main] INFO main.java.edu.mit.compbio.bisulfitehic.mapping.Bhmem  - Unique mapped and paired reads 2316318 ...
[M::mem_process_seqs] Processed 1001 reads in 1.249 CPU sec, 0.161 real sec
[M::mem_process_seqs] Processed 1001 reads in 0.961 CPU sec, 0.122 real sec
[M::mem_process_seqs] Processed 1001 reads in 1.334 CPU sec, 0.172 real sec
[M::mem_process_seqs] Processed 1001 reads in 1.136 CPU sec, 0.149 real sec
911681 [main] INFO main.java.edu.mit.compbio.bisulfitehic.mapping.Bhmem  - Processing reads 2329000 ...
911681 [main] INFO main.java.edu.mit.compbio.bisulfitehic.mapping.Bhmem  - Unique mapped and paired reads 2318312 ...
911684 [main] INFO main.java.edu.mit.compbio.bisulfitehic.mapping.Bhmem  - Processing reads 2330000 ...
911684 [main] INFO main.java.edu.mit.compbio.bisulfitehic.mapping.Bhmem  - Unique mapped and paired reads 2318312 ...
[M::mem_process_seqs] Processed 1001 reads in 1.241 CPU sec, 0.158 real sec
[M::mem_process_seqs] Processed 1001 reads in 1.012 CPU sec, 0.128 real sec
[M::mem_process_seqs] Processed 1001 reads in 1.294 CPU sec, 0.166 real sec
[M::mem_process_seqs] Processed 1001 reads in 1.146 CPU sec, 0.145 real sec
912480 [main] INFO main.java.edu.mit.compbio.bisulfitehic.mapping.Bhmem  - Processing reads 2331000 ...
912480 [main] INFO main.java.edu.mit.compbio.bisulfitehic.mapping.Bhmem  - Unique mapped and paired reads 2320304 ...
912483 [main] INFO main.java.edu.mit.compbio.bisulfitehic.mapping.Bhmem  - Processing reads 2332000 ...
912483 [main] INFO main.java.edu.mit.compbio.bisulfitehic.mapping.Bhmem  - Unique mapped and paired reads 2320304 ...
[M::mem_process_seqs] Processed 1001 reads in 1.211 CPU sec, 0.158 real sec
[M::mem_process_seqs] Processed 1001 reads in 0.909 CPU sec, 0.115 real sec
[M::mem_process_seqs] Processed 1001 reads in 1.200 CPU sec, 0.154 real sec
[M::mem_process_seqs] Processed 1001 reads in 1.059 CPU sec, 0.135 real sec
913220 [main] INFO main.java.edu.mit.compbio.bisulfitehic.mapping.Bhmem  - Processing reads 2333000 ...
913220 [main] INFO main.java.edu.mit.compbio.bisulfitehic.mapping.Bhmem  - Unique mapped and paired reads 2322300 ...
913224 [main] INFO main.java.edu.mit.compbio.bisulfitehic.mapping.Bhmem  - Processing reads 2334000 ...
913224 [main] INFO main.java.edu.mit.compbio.bisulfitehic.mapping.Bhmem  - Unique mapped and paired reads 2322300 ...
[M::mem_process_seqs] Processed 1001 reads in 1.172 CPU sec, 0.149 real sec
[M::mem_process_seqs] Processed 1001 reads in 0.953 CPU sec, 0.121 real sec
[M::mem_process_seqs] Processed 1001 reads in 1.241 CPU sec, 0.158 real sec
[M::mem_process_seqs] Processed 1001 reads in 1.115 CPU sec, 0.146 real sec
913975 [main] INFO main.java.edu.mit.compbio.bisulfitehic.mapping.Bhmem  - Processing reads 2335000 ...
913975 [main] INFO main.java.edu.mit.compbio.bisulfitehic.mapping.Bhmem  - Unique mapped and paired reads 2324300 ...
914018 [main] INFO main.java.edu.mit.compbio.bisulfitehic.mapping.Bhmem  - Processing reads 2336000 ...
914018 [main] INFO main.java.edu.mit.compbio.bisulfitehic.mapping.Bhmem  - Unique mapped and paired reads 2324300 ...
[M::mem_process_seqs] Processed 1001 reads in 1.185 CPU sec, 0.150 real sec
[M::mem_process_seqs] Processed 1001 reads in 0.945 CPU sec, 0.120 real sec
[M::mem_process_seqs] Processed 1001 reads in 1.261 CPU sec, 0.160 real sec
[M::mem_process_seqs] Processed 1001 reads in 1.128 CPU sec, 0.143 real sec
914774 [main] INFO main.java.edu.mit.compbio.bisulfitehic.mapping.Bhmem  - Processing reads 2337000 ...
914774 [main] INFO main.java.edu.mit.compbio.bisulfitehic.mapping.Bhmem  - Unique mapped and paired reads 2326294 ...
914778 [main] INFO main.java.edu.mit.compbio.bisulfitehic.mapping.Bhmem  - Processing reads 2338000 ...
914778 [main] INFO main.java.edu.mit.compbio.bisulfitehic.mapping.Bhmem  - Unique mapped and paired reads 2326294 ...
[M::mem_process_seqs] Processed 1001 reads in 1.272 CPU sec, 0.161 real sec
[M::mem_process_seqs] Processed 1001 reads in 1.073 CPU sec, 0.148 real sec
[M::mem_process_seqs] Processed 1001 reads in 1.394 CPU sec, 0.177 real sec
[M::mem_process_seqs] Processed 1001 reads in 1.173 CPU sec, 0.150 real sec
915603 [main] INFO main.java.edu.mit.compbio.bisulfitehic.mapping.Bhmem  - Processing reads 2339000 ...
915603 [main] INFO main.java.edu.mit.compbio.bisulfitehic.mapping.Bhmem  - Unique mapped and paired reads 2328286 ...
915606 [main] INFO main.java.edu.mit.compbio.bisulfitehic.mapping.Bhmem  - Processing reads 2340000 ...
915606 [main] INFO main.java.edu.mit.compbio.bisulfitehic.mapping.Bhmem  - Unique mapped and paired reads 2328286 ...
[M::mem_process_seqs] Processed 1001 reads in 1.185 CPU sec, 0.150 real sec
[M::mem_process_seqs] Processed 1001 reads in 0.956 CPU sec, 0.121 real sec
[M::mem_process_seqs] Processed 1001 reads in 1.232 CPU sec, 0.157 real sec
[M::mem_process_seqs] Processed 1001 reads in 1.118 CPU sec, 0.151 real sec
916384 [main] INFO main.java.edu.mit.compbio.bisulfitehic.mapping.Bhmem  - Processing reads 2341000 ...
916384 [main] INFO main.java.edu.mit.compbio.bisulfitehic.mapping.Bhmem  - Unique mapped and paired reads 2330284 ...
916388 [main] INFO main.java.edu.mit.compbio.bisulfitehic.mapping.Bhmem  - Processing reads 2342000 ...
916388 [main] INFO main.java.edu.mit.compbio.bisulfitehic.mapping.Bhmem  - Unique mapped and paired reads 2330284 ...
[M::mem_process_seqs] Processed 1001 reads in 1.205 CPU sec, 0.162 real sec
[M::mem_process_seqs] Processed 1001 reads in 1.000 CPU sec, 0.129 real sec
[M::mem_process_seqs] Processed 1001 reads in 1.232 CPU sec, 0.155 real sec
[M::mem_process_seqs] Processed 1001 reads in 1.088 CPU sec, 0.138 real sec
917154 [main] INFO main.java.edu.mit.compbio.bisulfitehic.mapping.Bhmem  - Processing reads 2343000 ...
917154 [main] INFO main.java.edu.mit.compbio.bisulfitehic.mapping.Bhmem  - Unique mapped and paired reads 2332280 ...
917157 [main] INFO main.java.edu.mit.compbio.bisulfitehic.mapping.Bhmem  - Processing reads 2344000 ...
917157 [main] INFO main.java.edu.mit.compbio.bisulfitehic.mapping.Bhmem  - Unique mapped and paired reads 2332280 ...
[M::mem_process_seqs] Processed 1001 reads in 1.197 CPU sec, 0.157 real sec
[M::mem_process_seqs] Processed 1001 reads in 0.992 CPU sec, 0.127 real sec
[M::mem_process_seqs] Processed 1001 reads in 1.307 CPU sec, 0.169 real sec
[M::mem_process_seqs] Processed 1001 reads in 1.067 CPU sec, 0.136 real sec
917923 [main] INFO main.java.edu.mit.compbio.bisulfitehic.mapping.Bhmem  - Processing reads 2345000 ...
917924 [main] INFO main.java.edu.mit.compbio.bisulfitehic.mapping.Bhmem  - Unique mapped and paired reads 2334280 ...
917927 [main] INFO main.java.edu.mit.compbio.bisulfitehic.mapping.Bhmem  - Processing reads 2346000 ...
917927 [main] INFO main.java.edu.mit.compbio.bisulfitehic.mapping.Bhmem  - Unique mapped and paired reads 2334280 ...
[M::mem_process_seqs] Processed 1001 reads in 1.106 CPU sec, 0.140 real sec
[M::mem_process_seqs] Processed 1001 reads in 1.017 CPU sec, 0.136 real sec
[M::mem_process_seqs] Processed 1001 reads in 1.252 CPU sec, 0.163 real sec
[M::mem_process_seqs] Processed 1001 reads in 1.104 CPU sec, 0.142 real sec
918686 [main] INFO main.java.edu.mit.compbio.bisulfitehic.mapping.Bhmem  - Processing reads 2347000 ...
918686 [main] INFO main.java.edu.mit.compbio.bisulfitehic.mapping.Bhmem  - Unique mapped and paired reads 2336276 ...
918689 [main] INFO main.java.edu.mit.compbio.bisulfitehic.mapping.Bhmem  - Processing reads 2348000 ...
918689 [main] INFO main.java.edu.mit.compbio.bisulfitehic.mapping.Bhmem  - Unique mapped and paired reads 2336276 ...
[M::mem_process_seqs] Processed 1001 reads in 1.192 CPU sec, 0.151 real sec
[M::mem_process_seqs] Processed 1001 reads in 0.985 CPU sec, 0.127 real sec
[M::mem_process_seqs] Processed 1001 reads in 1.266 CPU sec, 0.163 real sec
[M::mem_process_seqs] Processed 1001 reads in 1.184 CPU sec, 0.152 real sec
919476 [main] INFO main.java.edu.mit.compbio.bisulfitehic.mapping.Bhmem  - Processing reads 2349000 ...
919476 [main] INFO main.java.edu.mit.compbio.bisulfitehic.mapping.Bhmem  - Unique mapped and paired reads 2338270 ...
919479 [main] INFO main.java.edu.mit.compbio.bisulfitehic.mapping.Bhmem  - Processing reads 2350000 ...
919479 [main] INFO main.java.edu.mit.compbio.bisulfitehic.mapping.Bhmem  - Unique mapped and paired reads 2338270 ...
[M::mem_process_seqs] Processed 1001 reads in 1.194 CPU sec, 0.151 real sec
[M::mem_process_seqs] Processed 1001 reads in 1.027 CPU sec, 0.133 real sec
[M::mem_process_seqs] Processed 1001 reads in 1.243 CPU sec, 0.159 real sec
[M::mem_process_seqs] Processed 1001 reads in 1.077 CPU sec, 0.139 real sec
920238 [main] INFO main.java.edu.mit.compbio.bisulfitehic.mapping.Bhmem  - Processing reads 2351000 ...
920238 [main] INFO main.java.edu.mit.compbio.bisulfitehic.mapping.Bhmem  - Unique mapped and paired reads 2340266 ...
920241 [main] INFO main.java.edu.mit.compbio.bisulfitehic.mapping.Bhmem  - Processing reads 2352000 ...
920241 [main] INFO main.java.edu.mit.compbio.bisulfitehic.mapping.Bhmem  - Unique mapped and paired reads 2340266 ...
[M::mem_process_seqs] Processed 1001 reads in 1.245 CPU sec, 0.159 real sec
[M::mem_process_seqs] Processed 1001 reads in 0.925 CPU sec, 0.117 real sec
[M::mem_process_seqs] Processed 1001 reads in 1.294 CPU sec, 0.168 real sec
[M::mem_process_seqs] Processed 1001 reads in 1.069 CPU sec, 0.141 real sec
921024 [main] INFO main.java.edu.mit.compbio.bisulfitehic.mapping.Bhmem  - Processing reads 2353000 ...
921025 [main] INFO main.java.edu.mit.compbio.bisulfitehic.mapping.Bhmem  - Unique mapped and paired reads 2342264 ...
921028 [main] INFO main.java.edu.mit.compbio.bisulfitehic.mapping.Bhmem  - Processing reads 2354000 ...
921028 [main] INFO main.java.edu.mit.compbio.bisulfitehic.mapping.Bhmem  - Unique mapped and paired reads 2342264 ...
[M::mem_process_seqs] Processed 1001 reads in 1.186 CPU sec, 0.151 real sec
[M::mem_process_seqs] Processed 1001 reads in 0.999 CPU sec, 0.128 real sec
[M::mem_process_seqs] Processed 1001 reads in 1.248 CPU sec, 0.160 real sec
[M::mem_process_seqs] Processed 1001 reads in 1.168 CPU sec, 0.148 real sec
921798 [main] INFO main.java.edu.mit.compbio.bisulfitehic.mapping.Bhmem  - Processing reads 2355000 ...
921798 [main] INFO main.java.edu.mit.compbio.bisulfitehic.mapping.Bhmem  - Unique mapped and paired reads 2344262 ...
921801 [main] INFO main.java.edu.mit.compbio.bisulfitehic.mapping.Bhmem  - Processing reads 2356000 ...
921801 [main] INFO main.java.edu.mit.compbio.bisulfitehic.mapping.Bhmem  - Unique mapped and paired reads 2344262 ...
[M::mem_process_seqs] Processed 1001 reads in 1.241 CPU sec, 0.157 real sec
[M::mem_process_seqs] Processed 1001 reads in 0.974 CPU sec, 0.124 real sec
[M::mem_process_seqs] Processed 1001 reads in 1.298 CPU sec, 0.169 real sec
[M::mem_process_seqs] Processed 1001 reads in 1.150 CPU sec, 0.146 real sec
922597 [main] INFO main.java.edu.mit.compbio.bisulfitehic.mapping.Bhmem  - Processing reads 2357000 ...
922597 [main] INFO main.java.edu.mit.compbio.bisulfitehic.mapping.Bhmem  - Unique mapped and paired reads 2346256 ...
922600 [main] INFO main.java.edu.mit.compbio.bisulfitehic.mapping.Bhmem  - Processing reads 2358000 ...
922600 [main] INFO main.java.edu.mit.compbio.bisulfitehic.mapping.Bhmem  - Unique mapped and paired reads 2346256 ...
[M::mem_process_seqs] Processed 1001 reads in 1.219 CPU sec, 0.155 real sec
[M::mem_process_seqs] Processed 1001 reads in 0.984 CPU sec, 0.125 real sec
[M::mem_process_seqs] Processed 1001 reads in 1.358 CPU sec, 0.173 real sec
[M::mem_process_seqs] Processed 1001 reads in 1.152 CPU sec, 0.147 real sec
923420 [main] INFO main.java.edu.mit.compbio.bisulfitehic.mapping.Bhmem  - Processing reads 2359000 ...
923420 [main] INFO main.java.edu.mit.compbio.bisulfitehic.mapping.Bhmem  - Unique mapped and paired reads 2348254 ...
923424 [main] INFO main.java.edu.mit.compbio.bisulfitehic.mapping.Bhmem  - Processing reads 2360000 ...
923424 [main] INFO main.java.edu.mit.compbio.bisulfitehic.mapping.Bhmem  - Unique mapped and paired reads 2348254 ...
[M::mem_process_seqs] Processed 1001 reads in 1.106 CPU sec, 0.140 real sec
[M::mem_process_seqs] Processed 1001 reads in 1.022 CPU sec, 0.129 real sec
[M::mem_process_seqs] Processed 1001 reads in 1.159 CPU sec, 0.149 real sec
[M::mem_process_seqs] Processed 1001 reads in 1.105 CPU sec, 0.144 real sec
924165 [main] INFO main.java.edu.mit.compbio.bisulfitehic.mapping.Bhmem  - Processing reads 2361000 ...
924165 [main] INFO main.java.edu.mit.compbio.bisulfitehic.mapping.Bhmem  - Unique mapped and paired reads 2350248 ...
924168 [main] INFO main.java.edu.mit.compbio.bisulfitehic.mapping.Bhmem  - Processing reads 2362000 ...
924168 [main] INFO main.java.edu.mit.compbio.bisulfitehic.mapping.Bhmem  - Unique mapped and paired reads 2350248 ...
[M::mem_process_seqs] Processed 1001 reads in 1.199 CPU sec, 0.156 real sec
[M::mem_process_seqs] Processed 1001 reads in 0.988 CPU sec, 0.125 real sec
[M::mem_process_seqs] Processed 1001 reads in 1.282 CPU sec, 0.175 real sec
[M::mem_process_seqs] Processed 1001 reads in 1.213 CPU sec, 0.164 real sec
924971 [main] INFO main.java.edu.mit.compbio.bisulfitehic.mapping.Bhmem  - Processing reads 2363000 ...
924971 [main] INFO main.java.edu.mit.compbio.bisulfitehic.mapping.Bhmem  - Unique mapped and paired reads 2352242 ...
924974 [main] INFO main.java.edu.mit.compbio.bisulfitehic.mapping.Bhmem  - Processing reads 2364000 ...
924974 [main] INFO main.java.edu.mit.compbio.bisulfitehic.mapping.Bhmem  - Unique mapped and paired reads 2352242 ...
[M::mem_process_seqs] Processed 1001 reads in 1.242 CPU sec, 0.169 real sec
[M::mem_process_seqs] Processed 1001 reads in 0.992 CPU sec, 0.125 real sec
[M::mem_process_seqs] Processed 1001 reads in 1.398 CPU sec, 0.183 real sec
[M::mem_process_seqs] Processed 1001 reads in 1.173 CPU sec, 0.151 real sec
925801 [main] INFO main.java.edu.mit.compbio.bisulfitehic.mapping.Bhmem  - Processing reads 2365000 ...
925801 [main] INFO main.java.edu.mit.compbio.bisulfitehic.mapping.Bhmem  - Unique mapped and paired reads 2354242 ...
925805 [main] INFO main.java.edu.mit.compbio.bisulfitehic.mapping.Bhmem  - Processing reads 2366000 ...
925805 [main] INFO main.java.edu.mit.compbio.bisulfitehic.mapping.Bhmem  - Unique mapped and paired reads 2354242 ...
[M::mem_process_seqs] Processed 1001 reads in 1.168 CPU sec, 0.150 real sec
[M::mem_process_seqs] Processed 1001 reads in 0.958 CPU sec, 0.124 real sec
[M::mem_process_seqs] Processed 1001 reads in 1.243 CPU sec, 0.157 real sec
[M::mem_process_seqs] Processed 1001 reads in 1.098 CPU sec, 0.138 real sec
926556 [main] INFO main.java.edu.mit.compbio.bisulfitehic.mapping.Bhmem  - Processing reads 2367000 ...
926556 [main] INFO main.java.edu.mit.compbio.bisulfitehic.mapping.Bhmem  - Unique mapped and paired reads 2356240 ...
926559 [main] INFO main.java.edu.mit.compbio.bisulfitehic.mapping.Bhmem  - Processing reads 2368000 ...
926559 [main] INFO main.java.edu.mit.compbio.bisulfitehic.mapping.Bhmem  - Unique mapped and paired reads 2356240 ...
[M::mem_process_seqs] Processed 1001 reads in 1.137 CPU sec, 0.145 real sec
[M::mem_process_seqs] Processed 1001 reads in 0.938 CPU sec, 0.119 real sec
[M::mem_process_seqs] Processed 1001 reads in 1.251 CPU sec, 0.159 real sec
[M::mem_process_seqs] Processed 1001 reads in 1.122 CPU sec, 0.143 real sec
927310 [main] INFO main.java.edu.mit.compbio.bisulfitehic.mapping.Bhmem  - Processing reads 2369000 ...
927310 [main] INFO main.java.edu.mit.compbio.bisulfitehic.mapping.Bhmem  - Unique mapped and paired reads 2358232 ...
927313 [main] INFO main.java.edu.mit.compbio.bisulfitehic.mapping.Bhmem  - Processing reads 2370000 ...
927313 [main] INFO main.java.edu.mit.compbio.bisulfitehic.mapping.Bhmem  - Unique mapped and paired reads 2358232 ...
[M::mem_process_seqs] Processed 1001 reads in 1.242 CPU sec, 0.158 real sec
[M::mem_process_seqs] Processed 1001 reads in 0.967 CPU sec, 0.123 real sec
[M::mem_process_seqs] Processed 1001 reads in 1.365 CPU sec, 0.173 real sec
[M::mem_process_seqs] Processed 1001 reads in 1.151 CPU sec, 0.147 real sec
928108 [main] INFO main.java.edu.mit.compbio.bisulfitehic.mapping.Bhmem  - Processing reads 2371000 ...
928108 [main] INFO main.java.edu.mit.compbio.bisulfitehic.mapping.Bhmem  - Unique mapped and paired reads 2360230 ...
928111 [main] INFO main.java.edu.mit.compbio.bisulfitehic.mapping.Bhmem  - Processing reads 2372000 ...
928111 [main] INFO main.java.edu.mit.compbio.bisulfitehic.mapping.Bhmem  - Unique mapped and paired reads 2360230 ...
[M::mem_process_seqs] Processed 1001 reads in 1.239 CPU sec, 0.157 real sec
[M::mem_process_seqs] Processed 1001 reads in 0.956 CPU sec, 0.122 real sec
[M::mem_process_seqs] Processed 1001 reads in 1.323 CPU sec, 0.169 real sec
[M::mem_process_seqs] Processed 1001 reads in 1.087 CPU sec, 0.140 real sec
928879 [main] INFO main.java.edu.mit.compbio.bisulfitehic.mapping.Bhmem  - Processing reads 2373000 ...
928879 [main] INFO main.java.edu.mit.compbio.bisulfitehic.mapping.Bhmem  - Unique mapped and paired reads 2362222 ...
928882 [main] INFO main.java.edu.mit.compbio.bisulfitehic.mapping.Bhmem  - Processing reads 2374000 ...
928882 [main] INFO main.java.edu.mit.compbio.bisulfitehic.mapping.Bhmem  - Unique mapped and paired reads 2362222 ...
[M::mem_process_seqs] Processed 1001 reads in 1.139 CPU sec, 0.146 real sec
[M::mem_process_seqs] Processed 1001 reads in 0.936 CPU sec, 0.122 real sec
[M::mem_process_seqs] Processed 1001 reads in 1.245 CPU sec, 0.157 real sec
[M::mem_process_seqs] Processed 1001 reads in 1.107 CPU sec, 0.143 real sec
929638 [main] INFO main.java.edu.mit.compbio.bisulfitehic.mapping.Bhmem  - Processing reads 2375000 ...
929638 [main] INFO main.java.edu.mit.compbio.bisulfitehic.mapping.Bhmem  - Unique mapped and paired reads 2364216 ...
929641 [main] INFO main.java.edu.mit.compbio.bisulfitehic.mapping.Bhmem  - Processing reads 2376000 ...
929641 [main] INFO main.java.edu.mit.compbio.bisulfitehic.mapping.Bhmem  - Unique mapped and paired reads 2364216 ...
[M::mem_process_seqs] Processed 1001 reads in 1.221 CPU sec, 0.159 real sec
[M::mem_process_seqs] Processed 1001 reads in 0.957 CPU sec, 0.123 real sec
[M::mem_process_seqs] Processed 1001 reads in 1.225 CPU sec, 0.155 real sec
[M::mem_process_seqs] Processed 1001 reads in 1.061 CPU sec, 0.134 real sec
930390 [main] INFO main.java.edu.mit.compbio.bisulfitehic.mapping.Bhmem  - Processing reads 2377000 ...
930390 [main] INFO main.java.edu.mit.compbio.bisulfitehic.mapping.Bhmem  - Unique mapped and paired reads 2366208 ...
930393 [main] INFO main.java.edu.mit.compbio.bisulfitehic.mapping.Bhmem  - Processing reads 2378000 ...
930393 [main] INFO main.java.edu.mit.compbio.bisulfitehic.mapping.Bhmem  - Unique mapped and paired reads 2366208 ...
[M::mem_process_seqs] Processed 1001 reads in 1.133 CPU sec, 0.144 real sec
[M::mem_process_seqs] Processed 1001 reads in 1.014 CPU sec, 0.129 real sec
[M::mem_process_seqs] Processed 1001 reads in 1.229 CPU sec, 0.159 real sec
[M::mem_process_seqs] Processed 1001 reads in 1.169 CPU sec, 0.148 real sec
931153 [main] INFO main.java.edu.mit.compbio.bisulfitehic.mapping.Bhmem  - Processing reads 2379000 ...
931153 [main] INFO main.java.edu.mit.compbio.bisulfitehic.mapping.Bhmem  - Unique mapped and paired reads 2368206 ...
931156 [main] INFO main.java.edu.mit.compbio.bisulfitehic.mapping.Bhmem  - Processing reads 2380000 ...
931156 [main] INFO main.java.edu.mit.compbio.bisulfitehic.mapping.Bhmem  - Unique mapped and paired reads 2368206 ...
[M::mem_process_seqs] Processed 1001 reads in 1.278 CPU sec, 0.162 real sec
[M::mem_process_seqs] Processed 1001 reads in 0.981 CPU sec, 0.125 real sec
[M::mem_process_seqs] Processed 1001 reads in 1.311 CPU sec, 0.166 real sec
[M::mem_process_seqs] Processed 1001 reads in 1.128 CPU sec, 0.144 real sec
931933 [main] INFO main.java.edu.mit.compbio.bisulfitehic.mapping.Bhmem  - Processing reads 2381000 ...
931933 [main] INFO main.java.edu.mit.compbio.bisulfitehic.mapping.Bhmem  - Unique mapped and paired reads 2370198 ...
931936 [main] INFO main.java.edu.mit.compbio.bisulfitehic.mapping.Bhmem  - Processing reads 2382000 ...
931936 [main] INFO main.java.edu.mit.compbio.bisulfitehic.mapping.Bhmem  - Unique mapped and paired reads 2370198 ...
[M::mem_process_seqs] Processed 1001 reads in 1.225 CPU sec, 0.162 real sec
[M::mem_process_seqs] Processed 1001 reads in 0.994 CPU sec, 0.129 real sec
[M::mem_process_seqs] Processed 1001 reads in 1.292 CPU sec, 0.169 real sec
[M::mem_process_seqs] Processed 1001 reads in 1.147 CPU sec, 0.150 real sec
932732 [main] INFO main.java.edu.mit.compbio.bisulfitehic.mapping.Bhmem  - Processing reads 2383000 ...
932732 [main] INFO main.java.edu.mit.compbio.bisulfitehic.mapping.Bhmem  - Unique mapped and paired reads 2372182 ...
932735 [main] INFO main.java.edu.mit.compbio.bisulfitehic.mapping.Bhmem  - Processing reads 2384000 ...
932735 [main] INFO main.java.edu.mit.compbio.bisulfitehic.mapping.Bhmem  - Unique mapped and paired reads 2372182 ...
[M::mem_process_seqs] Processed 1001 reads in 1.157 CPU sec, 0.147 real sec
[M::mem_process_seqs] Processed 1001 reads in 0.975 CPU sec, 0.123 real sec
[M::mem_process_seqs] Processed 1001 reads in 1.338 CPU sec, 0.173 real sec
[M::mem_process_seqs] Processed 1001 reads in 1.155 CPU sec, 0.147 real sec
933508 [main] INFO main.java.edu.mit.compbio.bisulfitehic.mapping.Bhmem  - Processing reads 2385000 ...
933508 [main] INFO main.java.edu.mit.compbio.bisulfitehic.mapping.Bhmem  - Unique mapped and paired reads 2374174 ...
933511 [main] INFO main.java.edu.mit.compbio.bisulfitehic.mapping.Bhmem  - Processing reads 2386000 ...
933511 [main] INFO main.java.edu.mit.compbio.bisulfitehic.mapping.Bhmem  - Unique mapped and paired reads 2374174 ...
[M::mem_process_seqs] Processed 1001 reads in 1.185 CPU sec, 0.150 real sec
[M::mem_process_seqs] Processed 1001 reads in 0.980 CPU sec, 0.125 real sec
[M::mem_process_seqs] Processed 1001 reads in 1.276 CPU sec, 0.162 real sec
[M::mem_process_seqs] Processed 1001 reads in 1.073 CPU sec, 0.140 real sec
934297 [main] INFO main.java.edu.mit.compbio.bisulfitehic.mapping.Bhmem  - Processing reads 2387000 ...
934297 [main] INFO main.java.edu.mit.compbio.bisulfitehic.mapping.Bhmem  - Unique mapped and paired reads 2376172 ...
934300 [main] INFO main.java.edu.mit.compbio.bisulfitehic.mapping.Bhmem  - Processing reads 2388000 ...
934300 [main] INFO main.java.edu.mit.compbio.bisulfitehic.mapping.Bhmem  - Unique mapped and paired reads 2376172 ...
[M::mem_process_seqs] Processed 1001 reads in 1.353 CPU sec, 0.171 real sec
[M::mem_process_seqs] Processed 1001 reads in 1.025 CPU sec, 0.130 real sec
[M::mem_process_seqs] Processed 1001 reads in 1.372 CPU sec, 0.175 real sec
[M::mem_process_seqs] Processed 1001 reads in 1.173 CPU sec, 0.151 real sec
935106 [main] INFO main.java.edu.mit.compbio.bisulfitehic.mapping.Bhmem  - Processing reads 2389000 ...
935107 [main] INFO main.java.edu.mit.compbio.bisulfitehic.mapping.Bhmem  - Unique mapped and paired reads 2378170 ...
935110 [main] INFO main.java.edu.mit.compbio.bisulfitehic.mapping.Bhmem  - Processing reads 2390000 ...
935110 [main] INFO main.java.edu.mit.compbio.bisulfitehic.mapping.Bhmem  - Unique mapped and paired reads 2378170 ...
[M::mem_process_seqs] Processed 1001 reads in 1.266 CPU sec, 0.169 real sec
[M::mem_process_seqs] Processed 1001 reads in 1.023 CPU sec, 0.130 real sec
[M::mem_process_seqs] Processed 1001 reads in 1.258 CPU sec, 0.160 real sec
[M::mem_process_seqs] Processed 1001 reads in 1.090 CPU sec, 0.137 real sec
935888 [main] INFO main.java.edu.mit.compbio.bisulfitehic.mapping.Bhmem  - Processing reads 2391000 ...
935888 [main] INFO main.java.edu.mit.compbio.bisulfitehic.mapping.Bhmem  - Unique mapped and paired reads 2380166 ...
935891 [main] INFO main.java.edu.mit.compbio.bisulfitehic.mapping.Bhmem  - Processing reads 2392000 ...
935891 [main] INFO main.java.edu.mit.compbio.bisulfitehic.mapping.Bhmem  - Unique mapped and paired reads 2380166 ...
[M::mem_process_seqs] Processed 1001 reads in 1.231 CPU sec, 0.159 real sec
[M::mem_process_seqs] Processed 1001 reads in 1.007 CPU sec, 0.132 real sec
[M::mem_process_seqs] Processed 1001 reads in 1.387 CPU sec, 0.176 real sec
[M::mem_process_seqs] Processed 1001 reads in 1.108 CPU sec, 0.140 real sec
936679 [main] INFO main.java.edu.mit.compbio.bisulfitehic.mapping.Bhmem  - Processing reads 2393000 ...
936679 [main] INFO main.java.edu.mit.compbio.bisulfitehic.mapping.Bhmem  - Unique mapped and paired reads 2382164 ...
936682 [main] INFO main.java.edu.mit.compbio.bisulfitehic.mapping.Bhmem  - Processing reads 2394000 ...
936682 [main] INFO main.java.edu.mit.compbio.bisulfitehic.mapping.Bhmem  - Unique mapped and paired reads 2382164 ...
[M::mem_process_seqs] Processed 1001 reads in 1.147 CPU sec, 0.146 real sec
[M::mem_process_seqs] Processed 1001 reads in 0.921 CPU sec, 0.116 real sec
[M::mem_process_seqs] Processed 1001 reads in 1.263 CPU sec, 0.160 real sec
[M::mem_process_seqs] Processed 1001 reads in 1.121 CPU sec, 0.144 real sec
937434 [main] INFO main.java.edu.mit.compbio.bisulfitehic.mapping.Bhmem  - Processing reads 2395000 ...
937434 [main] INFO main.java.edu.mit.compbio.bisulfitehic.mapping.Bhmem  - Unique mapped and paired reads 2384158 ...
937437 [main] INFO main.java.edu.mit.compbio.bisulfitehic.mapping.Bhmem  - Processing reads 2396000 ...
937437 [main] INFO main.java.edu.mit.compbio.bisulfitehic.mapping.Bhmem  - Unique mapped and paired reads 2384158 ...
[M::mem_process_seqs] Processed 1001 reads in 1.165 CPU sec, 0.153 real sec
[M::mem_process_seqs] Processed 1001 reads in 0.960 CPU sec, 0.122 real sec
[M::mem_process_seqs] Processed 1001 reads in 1.323 CPU sec, 0.178 real sec
[M::mem_process_seqs] Processed 1001 reads in 1.169 CPU sec, 0.160 real sec
938251 [main] INFO main.java.edu.mit.compbio.bisulfitehic.mapping.Bhmem  - Processing reads 2397000 ...
938251 [main] INFO main.java.edu.mit.compbio.bisulfitehic.mapping.Bhmem  - Unique mapped and paired reads 2386148 ...
938254 [main] INFO main.java.edu.mit.compbio.bisulfitehic.mapping.Bhmem  - Processing reads 2398000 ...
938254 [main] INFO main.java.edu.mit.compbio.bisulfitehic.mapping.Bhmem  - Unique mapped and paired reads 2386148 ...
[M::mem_process_seqs] Processed 1001 reads in 1.184 CPU sec, 0.150 real sec
[M::mem_process_seqs] Processed 1001 reads in 0.983 CPU sec, 0.125 real sec
[M::mem_process_seqs] Processed 1001 reads in 1.248 CPU sec, 0.158 real sec
[M::mem_process_seqs] Processed 1001 reads in 1.170 CPU sec, 0.149 real sec
939015 [main] INFO main.java.edu.mit.compbio.bisulfitehic.mapping.Bhmem  - Processing reads 2399000 ...
939015 [main] INFO main.java.edu.mit.compbio.bisulfitehic.mapping.Bhmem  - Unique mapped and paired reads 2388140 ...
939019 [main] INFO main.java.edu.mit.compbio.bisulfitehic.mapping.Bhmem  - Processing reads 2400000 ...
939019 [main] INFO main.java.edu.mit.compbio.bisulfitehic.mapping.Bhmem  - Unique mapped and paired reads 2388140 ...
[M::mem_process_seqs] Processed 1001 reads in 1.240 CPU sec, 0.157 real sec
[M::mem_process_seqs] Processed 1001 reads in 0.957 CPU sec, 0.123 real sec
[M::mem_process_seqs] Processed 1001 reads in 1.293 CPU sec, 0.167 real sec
[M::mem_process_seqs] Processed 1001 reads in 1.146 CPU sec, 0.145 real sec
939815 [main] INFO main.java.edu.mit.compbio.bisulfitehic.mapping.Bhmem  - Processing reads 2401000 ...
939815 [main] INFO main.java.edu.mit.compbio.bisulfitehic.mapping.Bhmem  - Unique mapped and paired reads 2390136 ...
939818 [main] INFO main.java.edu.mit.compbio.bisulfitehic.mapping.Bhmem  - Processing reads 2402000 ...
939818 [main] INFO main.java.edu.mit.compbio.bisulfitehic.mapping.Bhmem  - Unique mapped and paired reads 2390136 ...
[M::mem_process_seqs] Processed 1001 reads in 1.306 CPU sec, 0.171 real sec
[M::mem_process_seqs] Processed 1001 reads in 1.049 CPU sec, 0.133 real sec
[M::mem_process_seqs] Processed 1001 reads in 1.424 CPU sec, 0.180 real sec
[M::mem_process_seqs] Processed 1001 reads in 1.282 CPU sec, 0.162 real sec
940643 [main] INFO main.java.edu.mit.compbio.bisulfitehic.mapping.Bhmem  - Processing reads 2403000 ...
940643 [main] INFO main.java.edu.mit.compbio.bisulfitehic.mapping.Bhmem  - Unique mapped and paired reads 2392134 ...
940646 [main] INFO main.java.edu.mit.compbio.bisulfitehic.mapping.Bhmem  - Processing reads 2404000 ...
940646 [main] INFO main.java.edu.mit.compbio.bisulfitehic.mapping.Bhmem  - Unique mapped and paired reads 2392134 ...
[M::mem_process_seqs] Processed 1001 reads in 1.198 CPU sec, 0.152 real sec
[M::mem_process_seqs] Processed 1001 reads in 0.890 CPU sec, 0.112 real sec
[M::mem_process_seqs] Processed 1001 reads in 1.367 CPU sec, 0.173 real sec
[M::mem_process_seqs] Processed 1001 reads in 1.152 CPU sec, 0.146 real sec
941412 [main] INFO main.java.edu.mit.compbio.bisulfitehic.mapping.Bhmem  - Processing reads 2405000 ...
941412 [main] INFO main.java.edu.mit.compbio.bisulfitehic.mapping.Bhmem  - Unique mapped and paired reads 2394126 ...
941415 [main] INFO main.java.edu.mit.compbio.bisulfitehic.mapping.Bhmem  - Processing reads 2406000 ...
941415 [main] INFO main.java.edu.mit.compbio.bisulfitehic.mapping.Bhmem  - Unique mapped and paired reads 2394126 ...
[M::mem_process_seqs] Processed 1001 reads in 1.251 CPU sec, 0.161 real sec
[M::mem_process_seqs] Processed 1001 reads in 1.024 CPU sec, 0.132 real sec
[M::mem_process_seqs] Processed 1001 reads in 1.346 CPU sec, 0.174 real sec
[M::mem_process_seqs] Processed 1001 reads in 1.175 CPU sec, 0.159 real sec
942228 [main] INFO main.java.edu.mit.compbio.bisulfitehic.mapping.Bhmem  - Processing reads 2407000 ...
942228 [main] INFO main.java.edu.mit.compbio.bisulfitehic.mapping.Bhmem  - Unique mapped and paired reads 2396110 ...
942231 [main] INFO main.java.edu.mit.compbio.bisulfitehic.mapping.Bhmem  - Processing reads 2408000 ...
942231 [main] INFO main.java.edu.mit.compbio.bisulfitehic.mapping.Bhmem  - Unique mapped and paired reads 2396110 ...
[M::mem_process_seqs] Processed 1001 reads in 1.197 CPU sec, 0.154 real sec
[M::mem_process_seqs] Processed 1001 reads in 1.029 CPU sec, 0.132 real sec
[M::mem_process_seqs] Processed 1001 reads in 1.289 CPU sec, 0.163 real sec
[M::mem_process_seqs] Processed 1001 reads in 1.107 CPU sec, 0.141 real sec
943004 [main] INFO main.java.edu.mit.compbio.bisulfitehic.mapping.Bhmem  - Processing reads 2409000 ...
943004 [main] INFO main.java.edu.mit.compbio.bisulfitehic.mapping.Bhmem  - Unique mapped and paired reads 2398108 ...
943007 [main] INFO main.java.edu.mit.compbio.bisulfitehic.mapping.Bhmem  - Processing reads 2410000 ...
943008 [main] INFO main.java.edu.mit.compbio.bisulfitehic.mapping.Bhmem  - Unique mapped and paired reads 2398108 ...
[M::mem_process_seqs] Processed 1001 reads in 1.174 CPU sec, 0.149 real sec
[M::mem_process_seqs] Processed 1001 reads in 1.037 CPU sec, 0.147 real sec
[M::mem_process_seqs] Processed 1001 reads in 1.269 CPU sec, 0.162 real sec
[M::mem_process_seqs] Processed 1001 reads in 1.115 CPU sec, 0.140 real sec
943790 [main] INFO main.java.edu.mit.compbio.bisulfitehic.mapping.Bhmem  - Processing reads 2411000 ...
943790 [main] INFO main.java.edu.mit.compbio.bisulfitehic.mapping.Bhmem  - Unique mapped and paired reads 2400100 ...
943793 [main] INFO main.java.edu.mit.compbio.bisulfitehic.mapping.Bhmem  - Processing reads 2412000 ...
943793 [main] INFO main.java.edu.mit.compbio.bisulfitehic.mapping.Bhmem  - Unique mapped and paired reads 2400100 ...
[M::mem_process_seqs] Processed 1001 reads in 1.230 CPU sec, 0.156 real sec
[M::mem_process_seqs] Processed 1001 reads in 0.907 CPU sec, 0.118 real sec
[M::mem_process_seqs] Processed 1001 reads in 1.275 CPU sec, 0.163 real sec
[M::mem_process_seqs] Processed 1001 reads in 1.034 CPU sec, 0.131 real sec
944536 [main] INFO main.java.edu.mit.compbio.bisulfitehic.mapping.Bhmem  - Processing reads 2413000 ...
944537 [main] INFO main.java.edu.mit.compbio.bisulfitehic.mapping.Bhmem  - Unique mapped and paired reads 2402098 ...
944540 [main] INFO main.java.edu.mit.compbio.bisulfitehic.mapping.Bhmem  - Processing reads 2414000 ...
944540 [main] INFO main.java.edu.mit.compbio.bisulfitehic.mapping.Bhmem  - Unique mapped and paired reads 2402098 ...
[M::mem_process_seqs] Processed 1001 reads in 1.121 CPU sec, 0.146 real sec
[M::mem_process_seqs] Processed 1001 reads in 0.917 CPU sec, 0.116 real sec
[M::mem_process_seqs] Processed 1001 reads in 1.229 CPU sec, 0.155 real sec
[M::mem_process_seqs] Processed 1001 reads in 1.112 CPU sec, 0.140 real sec
945283 [main] INFO main.java.edu.mit.compbio.bisulfitehic.mapping.Bhmem  - Processing reads 2415000 ...
945283 [main] INFO main.java.edu.mit.compbio.bisulfitehic.mapping.Bhmem  - Unique mapped and paired reads 2404090 ...
945286 [main] INFO main.java.edu.mit.compbio.bisulfitehic.mapping.Bhmem  - Processing reads 2416000 ...
945286 [main] INFO main.java.edu.mit.compbio.bisulfitehic.mapping.Bhmem  - Unique mapped and paired reads 2404090 ...
[M::mem_process_seqs] Processed 1001 reads in 1.286 CPU sec, 0.165 real sec
[M::mem_process_seqs] Processed 1001 reads in 0.987 CPU sec, 0.125 real sec
[M::mem_process_seqs] Processed 1001 reads in 1.297 CPU sec, 0.164 real sec
[M::mem_process_seqs] Processed 1001 reads in 1.094 CPU sec, 0.142 real sec
946062 [main] INFO main.java.edu.mit.compbio.bisulfitehic.mapping.Bhmem  - Processing reads 2417000 ...
946062 [main] INFO main.java.edu.mit.compbio.bisulfitehic.mapping.Bhmem  - Unique mapped and paired reads 2406086 ...
946065 [main] INFO main.java.edu.mit.compbio.bisulfitehic.mapping.Bhmem  - Processing reads 2418000 ...
946065 [main] INFO main.java.edu.mit.compbio.bisulfitehic.mapping.Bhmem  - Unique mapped and paired reads 2406086 ...
[M::mem_process_seqs] Processed 1001 reads in 1.210 CPU sec, 0.154 real sec
[M::mem_process_seqs] Processed 1001 reads in 0.986 CPU sec, 0.129 real sec
[M::mem_process_seqs] Processed 1001 reads in 1.323 CPU sec, 0.169 real sec
[M::mem_process_seqs] Processed 1001 reads in 1.102 CPU sec, 0.146 real sec
946853 [main] INFO main.java.edu.mit.compbio.bisulfitehic.mapping.Bhmem  - Processing reads 2419000 ...
946853 [main] INFO main.java.edu.mit.compbio.bisulfitehic.mapping.Bhmem  - Unique mapped and paired reads 2408076 ...
946857 [main] INFO main.java.edu.mit.compbio.bisulfitehic.mapping.Bhmem  - Processing reads 2420000 ...
946857 [main] INFO main.java.edu.mit.compbio.bisulfitehic.mapping.Bhmem  - Unique mapped and paired reads 2408076 ...
[M::mem_process_seqs] Processed 1001 reads in 1.300 CPU sec, 0.169 real sec
[M::mem_process_seqs] Processed 1001 reads in 1.049 CPU sec, 0.136 real sec
[M::mem_process_seqs] Processed 1001 reads in 1.266 CPU sec, 0.163 real sec
[M::mem_process_seqs] Processed 1001 reads in 1.116 CPU sec, 0.141 real sec
947647 [main] INFO main.java.edu.mit.compbio.bisulfitehic.mapping.Bhmem  - Processing reads 2421000 ...
947647 [main] INFO main.java.edu.mit.compbio.bisulfitehic.mapping.Bhmem  - Unique mapped and paired reads 2410070 ...
947650 [main] INFO main.java.edu.mit.compbio.bisulfitehic.mapping.Bhmem  - Processing reads 2422000 ...
947650 [main] INFO main.java.edu.mit.compbio.bisulfitehic.mapping.Bhmem  - Unique mapped and paired reads 2410070 ...
[M::mem_process_seqs] Processed 1001 reads in 1.165 CPU sec, 0.148 real sec
[M::mem_process_seqs] Processed 1001 reads in 0.983 CPU sec, 0.130 real sec
[M::mem_process_seqs] Processed 1001 reads in 1.331 CPU sec, 0.169 real sec
[M::mem_process_seqs] Processed 1001 reads in 1.119 CPU sec, 0.143 real sec
948425 [main] INFO main.java.edu.mit.compbio.bisulfitehic.mapping.Bhmem  - Processing reads 2423000 ...
948425 [main] INFO main.java.edu.mit.compbio.bisulfitehic.mapping.Bhmem  - Unique mapped and paired reads 2412070 ...
948428 [main] INFO main.java.edu.mit.compbio.bisulfitehic.mapping.Bhmem  - Processing reads 2424000 ...
948428 [main] INFO main.java.edu.mit.compbio.bisulfitehic.mapping.Bhmem  - Unique mapped and paired reads 2412070 ...
[M::mem_process_seqs] Processed 1001 reads in 1.142 CPU sec, 0.145 real sec
[M::mem_process_seqs] Processed 1001 reads in 0.952 CPU sec, 0.122 real sec
[M::mem_process_seqs] Processed 1001 reads in 1.218 CPU sec, 0.155 real sec
[M::mem_process_seqs] Processed 1001 reads in 1.084 CPU sec, 0.141 real sec
949171 [main] INFO main.java.edu.mit.compbio.bisulfitehic.mapping.Bhmem  - Processing reads 2425000 ...
949171 [main] INFO main.java.edu.mit.compbio.bisulfitehic.mapping.Bhmem  - Unique mapped and paired reads 2414062 ...
949174 [main] INFO main.java.edu.mit.compbio.bisulfitehic.mapping.Bhmem  - Processing reads 2426000 ...
949174 [main] INFO main.java.edu.mit.compbio.bisulfitehic.mapping.Bhmem  - Unique mapped and paired reads 2414062 ...
[M::mem_process_seqs] Processed 1001 reads in 1.206 CPU sec, 0.152 real sec
[M::mem_process_seqs] Processed 1001 reads in 0.926 CPU sec, 0.119 real sec
[M::mem_process_seqs] Processed 1001 reads in 1.317 CPU sec, 0.168 real sec
[M::mem_process_seqs] Processed 1001 reads in 1.104 CPU sec, 0.143 real sec
949939 [main] INFO main.java.edu.mit.compbio.bisulfitehic.mapping.Bhmem  - Processing reads 2427000 ...
949939 [main] INFO main.java.edu.mit.compbio.bisulfitehic.mapping.Bhmem  - Unique mapped and paired reads 2416056 ...
949942 [main] INFO main.java.edu.mit.compbio.bisulfitehic.mapping.Bhmem  - Processing reads 2428000 ...
949942 [main] INFO main.java.edu.mit.compbio.bisulfitehic.mapping.Bhmem  - Unique mapped and paired reads 2416056 ...
[M::mem_process_seqs] Processed 1001 reads in 1.147 CPU sec, 0.146 real sec
[M::mem_process_seqs] Processed 1001 reads in 0.979 CPU sec, 0.126 real sec
[M::mem_process_seqs] Processed 1001 reads in 1.201 CPU sec, 0.154 real sec
[M::mem_process_seqs] Processed 1001 reads in 1.213 CPU sec, 0.154 real sec
950702 [main] INFO main.java.edu.mit.compbio.bisulfitehic.mapping.Bhmem  - Processing reads 2429000 ...
950702 [main] INFO main.java.edu.mit.compbio.bisulfitehic.mapping.Bhmem  - Unique mapped and paired reads 2418050 ...
950705 [main] INFO main.java.edu.mit.compbio.bisulfitehic.mapping.Bhmem  - Processing reads 2430000 ...
950705 [main] INFO main.java.edu.mit.compbio.bisulfitehic.mapping.Bhmem  - Unique mapped and paired reads 2418050 ...
[M::mem_process_seqs] Processed 1001 reads in 1.162 CPU sec, 0.150 real sec
[M::mem_process_seqs] Processed 1001 reads in 1.048 CPU sec, 0.135 real sec
[M::mem_process_seqs] Processed 1001 reads in 1.268 CPU sec, 0.161 real sec
[M::mem_process_seqs] Processed 1001 reads in 1.185 CPU sec, 0.151 real sec
951499 [main] INFO main.java.edu.mit.compbio.bisulfitehic.mapping.Bhmem  - Processing reads 2431000 ...
951499 [main] INFO main.java.edu.mit.compbio.bisulfitehic.mapping.Bhmem  - Unique mapped and paired reads 2420046 ...
951502 [main] INFO main.java.edu.mit.compbio.bisulfitehic.mapping.Bhmem  - Processing reads 2432000 ...
951502 [main] INFO main.java.edu.mit.compbio.bisulfitehic.mapping.Bhmem  - Unique mapped and paired reads 2420046 ...
[M::mem_process_seqs] Processed 1001 reads in 1.172 CPU sec, 0.151 real sec
[M::mem_process_seqs] Processed 1001 reads in 1.000 CPU sec, 0.131 real sec
[M::mem_process_seqs] Processed 1001 reads in 1.252 CPU sec, 0.160 real sec
[M::mem_process_seqs] Processed 1001 reads in 1.101 CPU sec, 0.139 real sec
952263 [main] INFO main.java.edu.mit.compbio.bisulfitehic.mapping.Bhmem  - Processing reads 2433000 ...
952263 [main] INFO main.java.edu.mit.compbio.bisulfitehic.mapping.Bhmem  - Unique mapped and paired reads 2422032 ...
952267 [main] INFO main.java.edu.mit.compbio.bisulfitehic.mapping.Bhmem  - Processing reads 2434000 ...
952267 [main] INFO main.java.edu.mit.compbio.bisulfitehic.mapping.Bhmem  - Unique mapped and paired reads 2422032 ...
[M::mem_process_seqs] Processed 1001 reads in 1.210 CPU sec, 0.158 real sec
[M::mem_process_seqs] Processed 1001 reads in 0.993 CPU sec, 0.129 real sec
[M::mem_process_seqs] Processed 1001 reads in 1.355 CPU sec, 0.171 real sec
[M::mem_process_seqs] Processed 1001 reads in 1.121 CPU sec, 0.144 real sec
953053 [main] INFO main.java.edu.mit.compbio.bisulfitehic.mapping.Bhmem  - Processing reads 2435000 ...
953053 [main] INFO main.java.edu.mit.compbio.bisulfitehic.mapping.Bhmem  - Unique mapped and paired reads 2424028 ...
953056 [main] INFO main.java.edu.mit.compbio.bisulfitehic.mapping.Bhmem  - Processing reads 2436000 ...
953056 [main] INFO main.java.edu.mit.compbio.bisulfitehic.mapping.Bhmem  - Unique mapped and paired reads 2424028 ...
[M::mem_process_seqs] Processed 1001 reads in 1.222 CPU sec, 0.156 real sec
[M::mem_process_seqs] Processed 1001 reads in 0.990 CPU sec, 0.133 real sec
[M::mem_process_seqs] Processed 1001 reads in 1.444 CPU sec, 0.182 real sec
[M::mem_process_seqs] Processed 1001 reads in 1.145 CPU sec, 0.146 real sec
953853 [main] INFO main.java.edu.mit.compbio.bisulfitehic.mapping.Bhmem  - Processing reads 2437000 ...
953853 [main] INFO main.java.edu.mit.compbio.bisulfitehic.mapping.Bhmem  - Unique mapped and paired reads 2426020 ...
953856 [main] INFO main.java.edu.mit.compbio.bisulfitehic.mapping.Bhmem  - Processing reads 2438000 ...
953856 [main] INFO main.java.edu.mit.compbio.bisulfitehic.mapping.Bhmem  - Unique mapped and paired reads 2426020 ...
[M::mem_process_seqs] Processed 1001 reads in 1.146 CPU sec, 0.145 real sec
[M::mem_process_seqs] Processed 1001 reads in 1.050 CPU sec, 0.136 real sec
[M::mem_process_seqs] Processed 1001 reads in 1.308 CPU sec, 0.168 real sec
[M::mem_process_seqs] Processed 1001 reads in 1.197 CPU sec, 0.152 real sec
954644 [main] INFO main.java.edu.mit.compbio.bisulfitehic.mapping.Bhmem  - Processing reads 2439000 ...
954644 [main] INFO main.java.edu.mit.compbio.bisulfitehic.mapping.Bhmem  - Unique mapped and paired reads 2428006 ...
954648 [main] INFO main.java.edu.mit.compbio.bisulfitehic.mapping.Bhmem  - Processing reads 2440000 ...
954648 [main] INFO main.java.edu.mit.compbio.bisulfitehic.mapping.Bhmem  - Unique mapped and paired reads 2428006 ...
[M::mem_process_seqs] Processed 1001 reads in 1.239 CPU sec, 0.158 real sec
[M::mem_process_seqs] Processed 1001 reads in 1.017 CPU sec, 0.130 real sec
[M::mem_process_seqs] Processed 1001 reads in 1.393 CPU sec, 0.178 real sec
[M::mem_process_seqs] Processed 1001 reads in 1.164 CPU sec, 0.149 real sec
955444 [main] INFO main.java.edu.mit.compbio.bisulfitehic.mapping.Bhmem  - Processing reads 2441000 ...
955444 [main] INFO main.java.edu.mit.compbio.bisulfitehic.mapping.Bhmem  - Unique mapped and paired reads 2429994 ...
955448 [main] INFO main.java.edu.mit.compbio.bisulfitehic.mapping.Bhmem  - Processing reads 2442000 ...
955448 [main] INFO main.java.edu.mit.compbio.bisulfitehic.mapping.Bhmem  - Unique mapped and paired reads 2429994 ...
[M::mem_process_seqs] Processed 1001 reads in 1.238 CPU sec, 0.158 real sec
[M::mem_process_seqs] Processed 1001 reads in 1.002 CPU sec, 0.137 real sec
[M::mem_process_seqs] Processed 1001 reads in 1.399 CPU sec, 0.181 real sec
[M::mem_process_seqs] Processed 1001 reads in 1.209 CPU sec, 0.153 real sec
956279 [main] INFO main.java.edu.mit.compbio.bisulfitehic.mapping.Bhmem  - Processing reads 2443000 ...
956279 [main] INFO main.java.edu.mit.compbio.bisulfitehic.mapping.Bhmem  - Unique mapped and paired reads 2431990 ...
956282 [main] INFO main.java.edu.mit.compbio.bisulfitehic.mapping.Bhmem  - Processing reads 2444000 ...
956282 [main] INFO main.java.edu.mit.compbio.bisulfitehic.mapping.Bhmem  - Unique mapped and paired reads 2431990 ...
[M::mem_process_seqs] Processed 1001 reads in 1.228 CPU sec, 0.156 real sec
[M::mem_process_seqs] Processed 1001 reads in 0.979 CPU sec, 0.135 real sec
[M::mem_process_seqs] Processed 1001 reads in 1.293 CPU sec, 0.165 real sec
[M::mem_process_seqs] Processed 1001 reads in 1.066 CPU sec, 0.139 real sec
957058 [main] INFO main.java.edu.mit.compbio.bisulfitehic.mapping.Bhmem  - Processing reads 2445000 ...
957058 [main] INFO main.java.edu.mit.compbio.bisulfitehic.mapping.Bhmem  - Unique mapped and paired reads 2433978 ...
957061 [main] INFO main.java.edu.mit.compbio.bisulfitehic.mapping.Bhmem  - Processing reads 2446000 ...
957061 [main] INFO main.java.edu.mit.compbio.bisulfitehic.mapping.Bhmem  - Unique mapped and paired reads 2433978 ...
[M::mem_process_seqs] Processed 1001 reads in 1.159 CPU sec, 0.147 real sec
[M::mem_process_seqs] Processed 1001 reads in 1.045 CPU sec, 0.132 real sec
[M::mem_process_seqs] Processed 1001 reads in 1.344 CPU sec, 0.173 real sec
[M::mem_process_seqs] Processed 1001 reads in 1.207 CPU sec, 0.160 real sec
957856 [main] INFO main.java.edu.mit.compbio.bisulfitehic.mapping.Bhmem  - Processing reads 2447000 ...
957856 [main] INFO main.java.edu.mit.compbio.bisulfitehic.mapping.Bhmem  - Unique mapped and paired reads 2435968 ...
957859 [main] INFO main.java.edu.mit.compbio.bisulfitehic.mapping.Bhmem  - Processing reads 2448000 ...
957859 [main] INFO main.java.edu.mit.compbio.bisulfitehic.mapping.Bhmem  - Unique mapped and paired reads 2435968 ...
[M::mem_process_seqs] Processed 1001 reads in 1.222 CPU sec, 0.155 real sec
[M::mem_process_seqs] Processed 1001 reads in 1.023 CPU sec, 0.131 real sec
[M::mem_process_seqs] Processed 1001 reads in 1.311 CPU sec, 0.166 real sec
[M::mem_process_seqs] Processed 1001 reads in 1.131 CPU sec, 0.152 real sec
958646 [main] INFO main.java.edu.mit.compbio.bisulfitehic.mapping.Bhmem  - Processing reads 2449000 ...
958647 [main] INFO main.java.edu.mit.compbio.bisulfitehic.mapping.Bhmem  - Unique mapped and paired reads 2437954 ...
958650 [main] INFO main.java.edu.mit.compbio.bisulfitehic.mapping.Bhmem  - Processing reads 2450000 ...
958650 [main] INFO main.java.edu.mit.compbio.bisulfitehic.mapping.Bhmem  - Unique mapped and paired reads 2437954 ...
[M::mem_process_seqs] Processed 1001 reads in 1.165 CPU sec, 0.148 real sec
[M::mem_process_seqs] Processed 1001 reads in 0.984 CPU sec, 0.124 real sec
[M::mem_process_seqs] Processed 1001 reads in 1.378 CPU sec, 0.174 real sec
[M::mem_process_seqs] Processed 1001 reads in 1.141 CPU sec, 0.148 real sec
959430 [main] INFO main.java.edu.mit.compbio.bisulfitehic.mapping.Bhmem  - Processing reads 2451000 ...
959430 [main] INFO main.java.edu.mit.compbio.bisulfitehic.mapping.Bhmem  - Unique mapped and paired reads 2439948 ...
959433 [main] INFO main.java.edu.mit.compbio.bisulfitehic.mapping.Bhmem  - Processing reads 2452000 ...
959433 [main] INFO main.java.edu.mit.compbio.bisulfitehic.mapping.Bhmem  - Unique mapped and paired reads 2439948 ...
[M::mem_process_seqs] Processed 1001 reads in 1.262 CPU sec, 0.164 real sec
[M::mem_process_seqs] Processed 1001 reads in 1.116 CPU sec, 0.147 real sec
[M::mem_process_seqs] Processed 1001 reads in 1.411 CPU sec, 0.181 real sec
[M::mem_process_seqs] Processed 1001 reads in 1.217 CPU sec, 0.158 real sec
960281 [main] INFO main.java.edu.mit.compbio.bisulfitehic.mapping.Bhmem  - Processing reads 2453000 ...
960281 [main] INFO main.java.edu.mit.compbio.bisulfitehic.mapping.Bhmem  - Unique mapped and paired reads 2441942 ...
960284 [main] INFO main.java.edu.mit.compbio.bisulfitehic.mapping.Bhmem  - Processing reads 2454000 ...
960284 [main] INFO main.java.edu.mit.compbio.bisulfitehic.mapping.Bhmem  - Unique mapped and paired reads 2441942 ...
[M::mem_process_seqs] Processed 1001 reads in 1.227 CPU sec, 0.156 real sec
[M::mem_process_seqs] Processed 1001 reads in 1.005 CPU sec, 0.129 real sec
[M::mem_process_seqs] Processed 1001 reads in 1.357 CPU sec, 0.179 real sec
[M::mem_process_seqs] Processed 1001 reads in 1.148 CPU sec, 0.146 real sec
961083 [main] INFO main.java.edu.mit.compbio.bisulfitehic.mapping.Bhmem  - Processing reads 2455000 ...
961083 [main] INFO main.java.edu.mit.compbio.bisulfitehic.mapping.Bhmem  - Unique mapped and paired reads 2443938 ...
961086 [main] INFO main.java.edu.mit.compbio.bisulfitehic.mapping.Bhmem  - Processing reads 2456000 ...
961086 [main] INFO main.java.edu.mit.compbio.bisulfitehic.mapping.Bhmem  - Unique mapped and paired reads 2443938 ...
[M::mem_process_seqs] Processed 1001 reads in 1.241 CPU sec, 0.157 real sec
[M::mem_process_seqs] Processed 1001 reads in 0.989 CPU sec, 0.132 real sec
[M::mem_process_seqs] Processed 1001 reads in 1.418 CPU sec, 0.179 real sec
[M::mem_process_seqs] Processed 1001 reads in 1.212 CPU sec, 0.162 real sec
961904 [main] INFO main.java.edu.mit.compbio.bisulfitehic.mapping.Bhmem  - Processing reads 2457000 ...
961904 [main] INFO main.java.edu.mit.compbio.bisulfitehic.mapping.Bhmem  - Unique mapped and paired reads 2445936 ...
961907 [main] INFO main.java.edu.mit.compbio.bisulfitehic.mapping.Bhmem  - Processing reads 2458000 ...
961907 [main] INFO main.java.edu.mit.compbio.bisulfitehic.mapping.Bhmem  - Unique mapped and paired reads 2445936 ...
[M::mem_process_seqs] Processed 1001 reads in 1.158 CPU sec, 0.146 real sec
[M::mem_process_seqs] Processed 1001 reads in 0.904 CPU sec, 0.124 real sec
[M::mem_process_seqs] Processed 1001 reads in 1.276 CPU sec, 0.161 real sec
[M::mem_process_seqs] Processed 1001 reads in 1.030 CPU sec, 0.143 real sec
962667 [main] INFO main.java.edu.mit.compbio.bisulfitehic.mapping.Bhmem  - Processing reads 2459000 ...
962667 [main] INFO main.java.edu.mit.compbio.bisulfitehic.mapping.Bhmem  - Unique mapped and paired reads 2447934 ...
962670 [main] INFO main.java.edu.mit.compbio.bisulfitehic.mapping.Bhmem  - Processing reads 2460000 ...
962670 [main] INFO main.java.edu.mit.compbio.bisulfitehic.mapping.Bhmem  - Unique mapped and paired reads 2447934 ...
[M::mem_process_seqs] Processed 1001 reads in 1.239 CPU sec, 0.156 real sec
[M::mem_process_seqs] Processed 1001 reads in 1.022 CPU sec, 0.130 real sec
[M::mem_process_seqs] Processed 1001 reads in 1.392 CPU sec, 0.176 real sec
[M::mem_process_seqs] Processed 1001 reads in 1.210 CPU sec, 0.164 real sec
963484 [main] INFO main.java.edu.mit.compbio.bisulfitehic.mapping.Bhmem  - Processing reads 2461000 ...
963484 [main] INFO main.java.edu.mit.compbio.bisulfitehic.mapping.Bhmem  - Unique mapped and paired reads 2449928 ...
963488 [main] INFO main.java.edu.mit.compbio.bisulfitehic.mapping.Bhmem  - Processing reads 2462000 ...
963488 [main] INFO main.java.edu.mit.compbio.bisulfitehic.mapping.Bhmem  - Unique mapped and paired reads 2449928 ...
[M::mem_process_seqs] Processed 1001 reads in 1.231 CPU sec, 0.156 real sec
[M::mem_process_seqs] Processed 1001 reads in 0.925 CPU sec, 0.117 real sec
[M::mem_process_seqs] Processed 1001 reads in 1.292 CPU sec, 0.168 real sec
[M::mem_process_seqs] Processed 1001 reads in 1.115 CPU sec, 0.143 real sec
964248 [main] INFO main.java.edu.mit.compbio.bisulfitehic.mapping.Bhmem  - Processing reads 2463000 ...
964248 [main] INFO main.java.edu.mit.compbio.bisulfitehic.mapping.Bhmem  - Unique mapped and paired reads 2451924 ...
964251 [main] INFO main.java.edu.mit.compbio.bisulfitehic.mapping.Bhmem  - Processing reads 2464000 ...
964251 [main] INFO main.java.edu.mit.compbio.bisulfitehic.mapping.Bhmem  - Unique mapped and paired reads 2451924 ...
[M::mem_process_seqs] Processed 1001 reads in 1.269 CPU sec, 0.161 real sec
[M::mem_process_seqs] Processed 1001 reads in 1.075 CPU sec, 0.137 real sec
[M::mem_process_seqs] Processed 1001 reads in 1.380 CPU sec, 0.174 real sec
[M::mem_process_seqs] Processed 1001 reads in 1.228 CPU sec, 0.158 real sec
965087 [main] INFO main.java.edu.mit.compbio.bisulfitehic.mapping.Bhmem  - Processing reads 2465000 ...
965087 [main] INFO main.java.edu.mit.compbio.bisulfitehic.mapping.Bhmem  - Unique mapped and paired reads 2453918 ...
965090 [main] INFO main.java.edu.mit.compbio.bisulfitehic.mapping.Bhmem  - Processing reads 2466000 ...
965090 [main] INFO main.java.edu.mit.compbio.bisulfitehic.mapping.Bhmem  - Unique mapped and paired reads 2453918 ...
[M::mem_process_seqs] Processed 1001 reads in 1.234 CPU sec, 0.157 real sec
[M::mem_process_seqs] Processed 1001 reads in 0.948 CPU sec, 0.122 real sec
[M::mem_process_seqs] Processed 1001 reads in 1.355 CPU sec, 0.174 real sec
[M::mem_process_seqs] Processed 1001 reads in 1.177 CPU sec, 0.150 real sec
965877 [main] INFO main.java.edu.mit.compbio.bisulfitehic.mapping.Bhmem  - Processing reads 2467000 ...
965877 [main] INFO main.java.edu.mit.compbio.bisulfitehic.mapping.Bhmem  - Unique mapped and paired reads 2455910 ...
965880 [main] INFO main.java.edu.mit.compbio.bisulfitehic.mapping.Bhmem  - Processing reads 2468000 ...
965880 [main] INFO main.java.edu.mit.compbio.bisulfitehic.mapping.Bhmem  - Unique mapped and paired reads 2455910 ...
[M::mem_process_seqs] Processed 1001 reads in 1.311 CPU sec, 0.167 real sec
[M::mem_process_seqs] Processed 1001 reads in 0.997 CPU sec, 0.127 real sec
[M::mem_process_seqs] Processed 1001 reads in 1.394 CPU sec, 0.176 real sec
[M::mem_process_seqs] Processed 1001 reads in 1.157 CPU sec, 0.153 real sec
966692 [main] INFO main.java.edu.mit.compbio.bisulfitehic.mapping.Bhmem  - Processing reads 2469000 ...
966692 [main] INFO main.java.edu.mit.compbio.bisulfitehic.mapping.Bhmem  - Unique mapped and paired reads 2457908 ...
966695 [main] INFO main.java.edu.mit.compbio.bisulfitehic.mapping.Bhmem  - Processing reads 2470000 ...
966695 [main] INFO main.java.edu.mit.compbio.bisulfitehic.mapping.Bhmem  - Unique mapped and paired reads 2457908 ...
[M::mem_process_seqs] Processed 1001 reads in 1.187 CPU sec, 0.150 real sec
[M::mem_process_seqs] Processed 1001 reads in 0.967 CPU sec, 0.125 real sec
[M::mem_process_seqs] Processed 1001 reads in 1.330 CPU sec, 0.168 real sec
[M::mem_process_seqs] Processed 1001 reads in 1.154 CPU sec, 0.146 real sec
967468 [main] INFO main.java.edu.mit.compbio.bisulfitehic.mapping.Bhmem  - Processing reads 2471000 ...
967468 [main] INFO main.java.edu.mit.compbio.bisulfitehic.mapping.Bhmem  - Unique mapped and paired reads 2459898 ...
967471 [main] INFO main.java.edu.mit.compbio.bisulfitehic.mapping.Bhmem  - Processing reads 2472000 ...
967471 [main] INFO main.java.edu.mit.compbio.bisulfitehic.mapping.Bhmem  - Unique mapped and paired reads 2459898 ...
[M::mem_process_seqs] Processed 1001 reads in 1.141 CPU sec, 0.147 real sec
[M::mem_process_seqs] Processed 1001 reads in 0.972 CPU sec, 0.123 real sec
[M::mem_process_seqs] Processed 1001 reads in 1.305 CPU sec, 0.176 real sec
[M::mem_process_seqs] Processed 1001 reads in 1.223 CPU sec, 0.156 real sec
968251 [main] INFO main.java.edu.mit.compbio.bisulfitehic.mapping.Bhmem  - Processing reads 2473000 ...
968251 [main] INFO main.java.edu.mit.compbio.bisulfitehic.mapping.Bhmem  - Unique mapped and paired reads 2461898 ...
968254 [main] INFO main.java.edu.mit.compbio.bisulfitehic.mapping.Bhmem  - Processing reads 2474000 ...
968254 [main] INFO main.java.edu.mit.compbio.bisulfitehic.mapping.Bhmem  - Unique mapped and paired reads 2461898 ...
[M::mem_process_seqs] Processed 1001 reads in 1.178 CPU sec, 0.150 real sec
[M::mem_process_seqs] Processed 1001 reads in 0.940 CPU sec, 0.120 real sec
[M::mem_process_seqs] Processed 1001 reads in 1.305 CPU sec, 0.165 real sec
[M::mem_process_seqs] Processed 1001 reads in 1.179 CPU sec, 0.150 real sec
969026 [main] INFO main.java.edu.mit.compbio.bisulfitehic.mapping.Bhmem  - Processing reads 2475000 ...
969026 [main] INFO main.java.edu.mit.compbio.bisulfitehic.mapping.Bhmem  - Unique mapped and paired reads 2463894 ...
969029 [main] INFO main.java.edu.mit.compbio.bisulfitehic.mapping.Bhmem  - Processing reads 2476000 ...
969029 [main] INFO main.java.edu.mit.compbio.bisulfitehic.mapping.Bhmem  - Unique mapped and paired reads 2463894 ...
[M::mem_process_seqs] Processed 1001 reads in 1.181 CPU sec, 0.151 real sec
[M::mem_process_seqs] Processed 1001 reads in 0.956 CPU sec, 0.121 real sec
[M::mem_process_seqs] Processed 1001 reads in 1.330 CPU sec, 0.171 real sec
[M::mem_process_seqs] Processed 1001 reads in 1.164 CPU sec, 0.146 real sec
969797 [main] INFO main.java.edu.mit.compbio.bisulfitehic.mapping.Bhmem  - Processing reads 2477000 ...
969797 [main] INFO main.java.edu.mit.compbio.bisulfitehic.mapping.Bhmem  - Unique mapped and paired reads 2465894 ...
969800 [main] INFO main.java.edu.mit.compbio.bisulfitehic.mapping.Bhmem  - Processing reads 2478000 ...
969800 [main] INFO main.java.edu.mit.compbio.bisulfitehic.mapping.Bhmem  - Unique mapped and paired reads 2465894 ...
[M::mem_process_seqs] Processed 1001 reads in 1.241 CPU sec, 0.159 real sec
[M::mem_process_seqs] Processed 1001 reads in 1.013 CPU sec, 0.130 real sec
[M::mem_process_seqs] Processed 1001 reads in 1.305 CPU sec, 0.166 real sec
[M::mem_process_seqs] Processed 1001 reads in 1.152 CPU sec, 0.147 real sec
970585 [main] INFO main.java.edu.mit.compbio.bisulfitehic.mapping.Bhmem  - Processing reads 2479000 ...
970585 [main] INFO main.java.edu.mit.compbio.bisulfitehic.mapping.Bhmem  - Unique mapped and paired reads 2467890 ...
970588 [main] INFO main.java.edu.mit.compbio.bisulfitehic.mapping.Bhmem  - Processing reads 2480000 ...
970588 [main] INFO main.java.edu.mit.compbio.bisulfitehic.mapping.Bhmem  - Unique mapped and paired reads 2467890 ...
[M::mem_process_seqs] Processed 1001 reads in 1.217 CPU sec, 0.160 real sec
[M::mem_process_seqs] Processed 1001 reads in 0.986 CPU sec, 0.125 real sec
[M::mem_process_seqs] Processed 1001 reads in 1.345 CPU sec, 0.176 real sec
[M::mem_process_seqs] Processed 1001 reads in 1.124 CPU sec, 0.143 real sec
971377 [main] INFO main.java.edu.mit.compbio.bisulfitehic.mapping.Bhmem  - Processing reads 2481000 ...
971377 [main] INFO main.java.edu.mit.compbio.bisulfitehic.mapping.Bhmem  - Unique mapped and paired reads 2469886 ...
971381 [main] INFO main.java.edu.mit.compbio.bisulfitehic.mapping.Bhmem  - Processing reads 2482000 ...
971381 [main] INFO main.java.edu.mit.compbio.bisulfitehic.mapping.Bhmem  - Unique mapped and paired reads 2469886 ...
[M::mem_process_seqs] Processed 1001 reads in 1.271 CPU sec, 0.161 real sec
[M::mem_process_seqs] Processed 1001 reads in 0.971 CPU sec, 0.124 real sec
[M::mem_process_seqs] Processed 1001 reads in 1.344 CPU sec, 0.171 real sec
[M::mem_process_seqs] Processed 1001 reads in 1.214 CPU sec, 0.154 real sec
972187 [main] INFO main.java.edu.mit.compbio.bisulfitehic.mapping.Bhmem  - Processing reads 2483000 ...
972187 [main] INFO main.java.edu.mit.compbio.bisulfitehic.mapping.Bhmem  - Unique mapped and paired reads 2471884 ...
972190 [main] INFO main.java.edu.mit.compbio.bisulfitehic.mapping.Bhmem  - Processing reads 2484000 ...
972190 [main] INFO main.java.edu.mit.compbio.bisulfitehic.mapping.Bhmem  - Unique mapped and paired reads 2471884 ...
[M::mem_process_seqs] Processed 1001 reads in 1.245 CPU sec, 0.159 real sec
[M::mem_process_seqs] Processed 1001 reads in 1.037 CPU sec, 0.132 real sec
[M::mem_process_seqs] Processed 1001 reads in 1.326 CPU sec, 0.170 real sec
[M::mem_process_seqs] Processed 1001 reads in 1.171 CPU sec, 0.148 real sec
972993 [main] INFO main.java.edu.mit.compbio.bisulfitehic.mapping.Bhmem  - Processing reads 2485000 ...
972993 [main] INFO main.java.edu.mit.compbio.bisulfitehic.mapping.Bhmem  - Unique mapped and paired reads 2473874 ...
972996 [main] INFO main.java.edu.mit.compbio.bisulfitehic.mapping.Bhmem  - Processing reads 2486000 ...
972996 [main] INFO main.java.edu.mit.compbio.bisulfitehic.mapping.Bhmem  - Unique mapped and paired reads 2473874 ...
[M::mem_process_seqs] Processed 1001 reads in 1.180 CPU sec, 0.149 real sec
[M::mem_process_seqs] Processed 1001 reads in 1.018 CPU sec, 0.129 real sec
[M::mem_process_seqs] Processed 1001 reads in 1.335 CPU sec, 0.170 real sec
[M::mem_process_seqs] Processed 1001 reads in 1.269 CPU sec, 0.169 real sec
973804 [main] INFO main.java.edu.mit.compbio.bisulfitehic.mapping.Bhmem  - Processing reads 2487000 ...
973804 [main] INFO main.java.edu.mit.compbio.bisulfitehic.mapping.Bhmem  - Unique mapped and paired reads 2475868 ...
973807 [main] INFO main.java.edu.mit.compbio.bisulfitehic.mapping.Bhmem  - Processing reads 2488000 ...
973807 [main] INFO main.java.edu.mit.compbio.bisulfitehic.mapping.Bhmem  - Unique mapped and paired reads 2475868 ...
[M::mem_process_seqs] Processed 1001 reads in 1.174 CPU sec, 0.149 real sec
[M::mem_process_seqs] Processed 1001 reads in 0.949 CPU sec, 0.121 real sec
[M::mem_process_seqs] Processed 1001 reads in 1.238 CPU sec, 0.159 real sec
[M::mem_process_seqs] Processed 1001 reads in 1.128 CPU sec, 0.143 real sec
974567 [main] INFO main.java.edu.mit.compbio.bisulfitehic.mapping.Bhmem  - Processing reads 2489000 ...
974567 [main] INFO main.java.edu.mit.compbio.bisulfitehic.mapping.Bhmem  - Unique mapped and paired reads 2477866 ...
974570 [main] INFO main.java.edu.mit.compbio.bisulfitehic.mapping.Bhmem  - Processing reads 2490000 ...
974570 [main] INFO main.java.edu.mit.compbio.bisulfitehic.mapping.Bhmem  - Unique mapped and paired reads 2477866 ...
[M::mem_process_seqs] Processed 1001 reads in 1.262 CPU sec, 0.161 real sec
[M::mem_process_seqs] Processed 1001 reads in 1.055 CPU sec, 0.135 real sec
[M::mem_process_seqs] Processed 1001 reads in 1.307 CPU sec, 0.168 real sec
[M::mem_process_seqs] Processed 1001 reads in 1.141 CPU sec, 0.144 real sec
975375 [main] INFO main.java.edu.mit.compbio.bisulfitehic.mapping.Bhmem  - Processing reads 2491000 ...
975375 [main] INFO main.java.edu.mit.compbio.bisulfitehic.mapping.Bhmem  - Unique mapped and paired reads 2479866 ...
975379 [main] INFO main.java.edu.mit.compbio.bisulfitehic.mapping.Bhmem  - Processing reads 2492000 ...
975379 [main] INFO main.java.edu.mit.compbio.bisulfitehic.mapping.Bhmem  - Unique mapped and paired reads 2479866 ...
[M::mem_process_seqs] Processed 1001 reads in 1.160 CPU sec, 0.148 real sec
[M::mem_process_seqs] Processed 1001 reads in 0.969 CPU sec, 0.125 real sec
[M::mem_process_seqs] Processed 1001 reads in 1.314 CPU sec, 0.174 real sec
[M::mem_process_seqs] Processed 1001 reads in 1.232 CPU sec, 0.166 real sec
976189 [main] INFO main.java.edu.mit.compbio.bisulfitehic.mapping.Bhmem  - Processing reads 2493000 ...
976189 [main] INFO main.java.edu.mit.compbio.bisulfitehic.mapping.Bhmem  - Unique mapped and paired reads 2481862 ...
976192 [main] INFO main.java.edu.mit.compbio.bisulfitehic.mapping.Bhmem  - Processing reads 2494000 ...
976192 [main] INFO main.java.edu.mit.compbio.bisulfitehic.mapping.Bhmem  - Unique mapped and paired reads 2481862 ...
[M::mem_process_seqs] Processed 1001 reads in 1.206 CPU sec, 0.153 real sec
[M::mem_process_seqs] Processed 1001 reads in 0.984 CPU sec, 0.125 real sec
[M::mem_process_seqs] Processed 1001 reads in 1.334 CPU sec, 0.170 real sec
[M::mem_process_seqs] Processed 1001 reads in 1.159 CPU sec, 0.146 real sec
976976 [main] INFO main.java.edu.mit.compbio.bisulfitehic.mapping.Bhmem  - Processing reads 2495000 ...
976976 [main] INFO main.java.edu.mit.compbio.bisulfitehic.mapping.Bhmem  - Unique mapped and paired reads 2483858 ...
976979 [main] INFO main.java.edu.mit.compbio.bisulfitehic.mapping.Bhmem  - Processing reads 2496000 ...
976979 [main] INFO main.java.edu.mit.compbio.bisulfitehic.mapping.Bhmem  - Unique mapped and paired reads 2483858 ...
[M::mem_process_seqs] Processed 1001 reads in 1.238 CPU sec, 0.160 real sec
[M::mem_process_seqs] Processed 1001 reads in 1.056 CPU sec, 0.146 real sec
[M::mem_process_seqs] Processed 1001 reads in 1.436 CPU sec, 0.183 real sec
[M::mem_process_seqs] Processed 1001 reads in 1.216 CPU sec, 0.159 real sec
977833 [main] INFO main.java.edu.mit.compbio.bisulfitehic.mapping.Bhmem  - Processing reads 2497000 ...
977834 [main] INFO main.java.edu.mit.compbio.bisulfitehic.mapping.Bhmem  - Unique mapped and paired reads 2485848 ...
977837 [main] INFO main.java.edu.mit.compbio.bisulfitehic.mapping.Bhmem  - Processing reads 2498000 ...
977837 [main] INFO main.java.edu.mit.compbio.bisulfitehic.mapping.Bhmem  - Unique mapped and paired reads 2485848 ...
[M::mem_process_seqs] Processed 1001 reads in 1.188 CPU sec, 0.152 real sec
[M::mem_process_seqs] Processed 1001 reads in 0.974 CPU sec, 0.133 real sec
[M::mem_process_seqs] Processed 1001 reads in 1.413 CPU sec, 0.181 real sec
[M::mem_process_seqs] Processed 1001 reads in 1.178 CPU sec, 0.150 real sec
978639 [main] INFO main.java.edu.mit.compbio.bisulfitehic.mapping.Bhmem  - Processing reads 2499000 ...
978639 [main] INFO main.java.edu.mit.compbio.bisulfitehic.mapping.Bhmem  - Unique mapped and paired reads 2487844 ...
978642 [main] INFO main.java.edu.mit.compbio.bisulfitehic.mapping.Bhmem  - Processing reads 2500000 ...
978642 [main] INFO main.java.edu.mit.compbio.bisulfitehic.mapping.Bhmem  - Unique mapped and paired reads 2487844 ...
[M::mem_process_seqs] Processed 1001 reads in 1.250 CPU sec, 0.161 real sec
[M::mem_process_seqs] Processed 1001 reads in 0.963 CPU sec, 0.123 real sec
[M::mem_process_seqs] Processed 1001 reads in 1.343 CPU sec, 0.170 real sec
[M::mem_process_seqs] Processed 1001 reads in 1.155 CPU sec, 0.147 real sec
979430 [main] INFO main.java.edu.mit.compbio.bisulfitehic.mapping.Bhmem  - Processing reads 2501000 ...
979430 [main] INFO main.java.edu.mit.compbio.bisulfitehic.mapping.Bhmem  - Unique mapped and paired reads 2489842 ...
979433 [main] INFO main.java.edu.mit.compbio.bisulfitehic.mapping.Bhmem  - Processing reads 2502000 ...
979433 [main] INFO main.java.edu.mit.compbio.bisulfitehic.mapping.Bhmem  - Unique mapped and paired reads 2489842 ...
[M::mem_process_seqs] Processed 1001 reads in 1.233 CPU sec, 0.160 real sec
[M::mem_process_seqs] Processed 1001 reads in 0.962 CPU sec, 0.124 real sec
[M::mem_process_seqs] Processed 1001 reads in 1.315 CPU sec, 0.167 real sec
[M::mem_process_seqs] Processed 1001 reads in 1.124 CPU sec, 0.146 real sec
980218 [main] INFO main.java.edu.mit.compbio.bisulfitehic.mapping.Bhmem  - Processing reads 2503000 ...
980218 [main] INFO main.java.edu.mit.compbio.bisulfitehic.mapping.Bhmem  - Unique mapped and paired reads 2491838 ...
980221 [main] INFO main.java.edu.mit.compbio.bisulfitehic.mapping.Bhmem  - Processing reads 2504000 ...
980221 [main] INFO main.java.edu.mit.compbio.bisulfitehic.mapping.Bhmem  - Unique mapped and paired reads 2491838 ...
[M::mem_process_seqs] Processed 1001 reads in 1.185 CPU sec, 0.152 real sec
[M::mem_process_seqs] Processed 1001 reads in 0.952 CPU sec, 0.122 real sec
[M::mem_process_seqs] Processed 1001 reads in 1.296 CPU sec, 0.163 real sec
[M::mem_process_seqs] Processed 1001 reads in 1.166 CPU sec, 0.149 real sec
981009 [main] INFO main.java.edu.mit.compbio.bisulfitehic.mapping.Bhmem  - Processing reads 2505000 ...
981009 [main] INFO main.java.edu.mit.compbio.bisulfitehic.mapping.Bhmem  - Unique mapped and paired reads 2493828 ...
981012 [main] INFO main.java.edu.mit.compbio.bisulfitehic.mapping.Bhmem  - Processing reads 2506000 ...
981012 [main] INFO main.java.edu.mit.compbio.bisulfitehic.mapping.Bhmem  - Unique mapped and paired reads 2493828 ...
[M::mem_process_seqs] Processed 1001 reads in 1.152 CPU sec, 0.145 real sec
[M::mem_process_seqs] Processed 1001 reads in 0.974 CPU sec, 0.126 real sec
[M::mem_process_seqs] Processed 1001 reads in 1.249 CPU sec, 0.161 real sec
[M::mem_process_seqs] Processed 1001 reads in 1.166 CPU sec, 0.149 real sec
981790 [main] INFO main.java.edu.mit.compbio.bisulfitehic.mapping.Bhmem  - Processing reads 2507000 ...
981790 [main] INFO main.java.edu.mit.compbio.bisulfitehic.mapping.Bhmem  - Unique mapped and paired reads 2495826 ...
981793 [main] INFO main.java.edu.mit.compbio.bisulfitehic.mapping.Bhmem  - Processing reads 2508000 ...
981793 [main] INFO main.java.edu.mit.compbio.bisulfitehic.mapping.Bhmem  - Unique mapped and paired reads 2495826 ...
[M::mem_process_seqs] Processed 1001 reads in 1.189 CPU sec, 0.151 real sec
[M::mem_process_seqs] Processed 1001 reads in 0.967 CPU sec, 0.131 real sec
[M::mem_process_seqs] Processed 1001 reads in 1.300 CPU sec, 0.167 real sec
[M::mem_process_seqs] Processed 1001 reads in 1.099 CPU sec, 0.141 real sec
982576 [main] INFO main.java.edu.mit.compbio.bisulfitehic.mapping.Bhmem  - Processing reads 2509000 ...
982576 [main] INFO main.java.edu.mit.compbio.bisulfitehic.mapping.Bhmem  - Unique mapped and paired reads 2497816 ...
982579 [main] INFO main.java.edu.mit.compbio.bisulfitehic.mapping.Bhmem  - Processing reads 2510000 ...
982579 [main] INFO main.java.edu.mit.compbio.bisulfitehic.mapping.Bhmem  - Unique mapped and paired reads 2497816 ...
[M::mem_process_seqs] Processed 1001 reads in 1.251 CPU sec, 0.159 real sec
[M::mem_process_seqs] Processed 1001 reads in 1.047 CPU sec, 0.136 real sec
[M::mem_process_seqs] Processed 1001 reads in 1.372 CPU sec, 0.174 real sec
[M::mem_process_seqs] Processed 1001 reads in 1.199 CPU sec, 0.152 real sec
983388 [main] INFO main.java.edu.mit.compbio.bisulfitehic.mapping.Bhmem  - Processing reads 2511000 ...
983388 [main] INFO main.java.edu.mit.compbio.bisulfitehic.mapping.Bhmem  - Unique mapped and paired reads 2499806 ...
983392 [main] INFO main.java.edu.mit.compbio.bisulfitehic.mapping.Bhmem  - Processing reads 2512000 ...
983392 [main] INFO main.java.edu.mit.compbio.bisulfitehic.mapping.Bhmem  - Unique mapped and paired reads 2499806 ...
[M::mem_process_seqs] Processed 1001 reads in 1.183 CPU sec, 0.152 real sec
[M::mem_process_seqs] Processed 1001 reads in 0.931 CPU sec, 0.118 real sec
[M::mem_process_seqs] Processed 1001 reads in 1.238 CPU sec, 0.158 real sec
[M::mem_process_seqs] Processed 1001 reads in 1.109 CPU sec, 0.142 real sec
984149 [main] INFO main.java.edu.mit.compbio.bisulfitehic.mapping.Bhmem  - Processing reads 2513000 ...
984149 [main] INFO main.java.edu.mit.compbio.bisulfitehic.mapping.Bhmem  - Unique mapped and paired reads 2501792 ...
984153 [main] INFO main.java.edu.mit.compbio.bisulfitehic.mapping.Bhmem  - Processing reads 2514000 ...
984153 [main] INFO main.java.edu.mit.compbio.bisulfitehic.mapping.Bhmem  - Unique mapped and paired reads 2501792 ...
[M::mem_process_seqs] Processed 1001 reads in 1.191 CPU sec, 0.151 real sec
[M::mem_process_seqs] Processed 1001 reads in 1.026 CPU sec, 0.133 real sec
[M::mem_process_seqs] Processed 1001 reads in 1.325 CPU sec, 0.168 real sec
[M::mem_process_seqs] Processed 1001 reads in 1.198 CPU sec, 0.151 real sec
984943 [main] INFO main.java.edu.mit.compbio.bisulfitehic.mapping.Bhmem  - Processing reads 2515000 ...
984943 [main] INFO main.java.edu.mit.compbio.bisulfitehic.mapping.Bhmem  - Unique mapped and paired reads 2503788 ...
984946 [main] INFO main.java.edu.mit.compbio.bisulfitehic.mapping.Bhmem  - Processing reads 2516000 ...
984946 [main] INFO main.java.edu.mit.compbio.bisulfitehic.mapping.Bhmem  - Unique mapped and paired reads 2503788 ...
[M::mem_process_seqs] Processed 1001 reads in 1.260 CPU sec, 0.160 real sec
[M::mem_process_seqs] Processed 1001 reads in 1.036 CPU sec, 0.132 real sec
[M::mem_process_seqs] Processed 1001 reads in 1.376 CPU sec, 0.176 real sec
[M::mem_process_seqs] Processed 1001 reads in 1.185 CPU sec, 0.155 real sec
985757 [main] INFO main.java.edu.mit.compbio.bisulfitehic.mapping.Bhmem  - Processing reads 2517000 ...
985757 [main] INFO main.java.edu.mit.compbio.bisulfitehic.mapping.Bhmem  - Unique mapped and paired reads 2505786 ...
985760 [main] INFO main.java.edu.mit.compbio.bisulfitehic.mapping.Bhmem  - Processing reads 2518000 ...
985760 [main] INFO main.java.edu.mit.compbio.bisulfitehic.mapping.Bhmem  - Unique mapped and paired reads 2505786 ...
[M::mem_process_seqs] Processed 1001 reads in 1.335 CPU sec, 0.173 real sec
[M::mem_process_seqs] Processed 1001 reads in 1.030 CPU sec, 0.131 real sec
[M::mem_process_seqs] Processed 1001 reads in 1.409 CPU sec, 0.187 real sec
[M::mem_process_seqs] Processed 1001 reads in 1.183 CPU sec, 0.149 real sec
986582 [main] INFO main.java.edu.mit.compbio.bisulfitehic.mapping.Bhmem  - Processing reads 2519000 ...
986582 [main] INFO main.java.edu.mit.compbio.bisulfitehic.mapping.Bhmem  - Unique mapped and paired reads 2507782 ...
986585 [main] INFO main.java.edu.mit.compbio.bisulfitehic.mapping.Bhmem  - Processing reads 2520000 ...
986585 [main] INFO main.java.edu.mit.compbio.bisulfitehic.mapping.Bhmem  - Unique mapped and paired reads 2507782 ...
[M::mem_process_seqs] Processed 1001 reads in 1.213 CPU sec, 0.155 real sec
[M::mem_process_seqs] Processed 1001 reads in 1.004 CPU sec, 0.127 real sec
[M::mem_process_seqs] Processed 1001 reads in 1.381 CPU sec, 0.186 real sec
[M::mem_process_seqs] Processed 1001 reads in 1.198 CPU sec, 0.153 real sec
987394 [main] INFO main.java.edu.mit.compbio.bisulfitehic.mapping.Bhmem  - Processing reads 2521000 ...
987394 [main] INFO main.java.edu.mit.compbio.bisulfitehic.mapping.Bhmem  - Unique mapped and paired reads 2509772 ...
987397 [main] INFO main.java.edu.mit.compbio.bisulfitehic.mapping.Bhmem  - Processing reads 2522000 ...
987397 [main] INFO main.java.edu.mit.compbio.bisulfitehic.mapping.Bhmem  - Unique mapped and paired reads 2509772 ...
[M::mem_process_seqs] Processed 1001 reads in 1.165 CPU sec, 0.148 real sec
[M::mem_process_seqs] Processed 1001 reads in 1.000 CPU sec, 0.127 real sec
[M::mem_process_seqs] Processed 1001 reads in 1.241 CPU sec, 0.158 real sec
[M::mem_process_seqs] Processed 1001 reads in 1.137 CPU sec, 0.145 real sec
988172 [main] INFO main.java.edu.mit.compbio.bisulfitehic.mapping.Bhmem  - Processing reads 2523000 ...
988172 [main] INFO main.java.edu.mit.compbio.bisulfitehic.mapping.Bhmem  - Unique mapped and paired reads 2511772 ...
988176 [main] INFO main.java.edu.mit.compbio.bisulfitehic.mapping.Bhmem  - Processing reads 2524000 ...
988176 [main] INFO main.java.edu.mit.compbio.bisulfitehic.mapping.Bhmem  - Unique mapped and paired reads 2511772 ...
[M::mem_process_seqs] Processed 1001 reads in 1.292 CPU sec, 0.164 real sec
[M::mem_process_seqs] Processed 1001 reads in 1.020 CPU sec, 0.131 real sec
[M::mem_process_seqs] Processed 1001 reads in 1.317 CPU sec, 0.171 real sec
[M::mem_process_seqs] Processed 1001 reads in 1.155 CPU sec, 0.146 real sec
988973 [main] INFO main.java.edu.mit.compbio.bisulfitehic.mapping.Bhmem  - Processing reads 2525000 ...
988973 [main] INFO main.java.edu.mit.compbio.bisulfitehic.mapping.Bhmem  - Unique mapped and paired reads 2513764 ...
988977 [main] INFO main.java.edu.mit.compbio.bisulfitehic.mapping.Bhmem  - Processing reads 2526000 ...
988977 [main] INFO main.java.edu.mit.compbio.bisulfitehic.mapping.Bhmem  - Unique mapped and paired reads 2513764 ...
[M::mem_process_seqs] Processed 1001 reads in 1.263 CPU sec, 0.160 real sec
[M::mem_process_seqs] Processed 1001 reads in 0.995 CPU sec, 0.126 real sec
[M::mem_process_seqs] Processed 1001 reads in 1.414 CPU sec, 0.179 real sec
[M::mem_process_seqs] Processed 1001 reads in 1.132 CPU sec, 0.143 real sec
989784 [main] INFO main.java.edu.mit.compbio.bisulfitehic.mapping.Bhmem  - Processing reads 2527000 ...
989784 [main] INFO main.java.edu.mit.compbio.bisulfitehic.mapping.Bhmem  - Unique mapped and paired reads 2515762 ...
989787 [main] INFO main.java.edu.mit.compbio.bisulfitehic.mapping.Bhmem  - Processing reads 2528000 ...
989787 [main] INFO main.java.edu.mit.compbio.bisulfitehic.mapping.Bhmem  - Unique mapped and paired reads 2515762 ...
[M::mem_process_seqs] Processed 1001 reads in 1.216 CPU sec, 0.155 real sec
[M::mem_process_seqs] Processed 1001 reads in 1.039 CPU sec, 0.131 real sec
[M::mem_process_seqs] Processed 1001 reads in 1.397 CPU sec, 0.177 real sec
[M::mem_process_seqs] Processed 1001 reads in 1.160 CPU sec, 0.147 real sec
990584 [main] INFO main.java.edu.mit.compbio.bisulfitehic.mapping.Bhmem  - Processing reads 2529000 ...
990584 [main] INFO main.java.edu.mit.compbio.bisulfitehic.mapping.Bhmem  - Unique mapped and paired reads 2517758 ...
990587 [main] INFO main.java.edu.mit.compbio.bisulfitehic.mapping.Bhmem  - Processing reads 2530000 ...
990587 [main] INFO main.java.edu.mit.compbio.bisulfitehic.mapping.Bhmem  - Unique mapped and paired reads 2517758 ...
[M::mem_process_seqs] Processed 1001 reads in 1.239 CPU sec, 0.157 real sec
[M::mem_process_seqs] Processed 1001 reads in 1.058 CPU sec, 0.134 real sec
[M::mem_process_seqs] Processed 1001 reads in 1.393 CPU sec, 0.176 real sec
[M::mem_process_seqs] Processed 1001 reads in 1.208 CPU sec, 0.153 real sec
991410 [main] INFO main.java.edu.mit.compbio.bisulfitehic.mapping.Bhmem  - Processing reads 2531000 ...
991410 [main] INFO main.java.edu.mit.compbio.bisulfitehic.mapping.Bhmem  - Unique mapped and paired reads 2519756 ...
991413 [main] INFO main.java.edu.mit.compbio.bisulfitehic.mapping.Bhmem  - Processing reads 2532000 ...
991413 [main] INFO main.java.edu.mit.compbio.bisulfitehic.mapping.Bhmem  - Unique mapped and paired reads 2519756 ...
[M::mem_process_seqs] Processed 1001 reads in 1.175 CPU sec, 0.149 real sec
[M::mem_process_seqs] Processed 1001 reads in 0.958 CPU sec, 0.121 real sec
[M::mem_process_seqs] Processed 1001 reads in 1.289 CPU sec, 0.165 real sec
[M::mem_process_seqs] Processed 1001 reads in 1.122 CPU sec, 0.144 real sec
992180 [main] INFO main.java.edu.mit.compbio.bisulfitehic.mapping.Bhmem  - Processing reads 2533000 ...
992180 [main] INFO main.java.edu.mit.compbio.bisulfitehic.mapping.Bhmem  - Unique mapped and paired reads 2521754 ...
992183 [main] INFO main.java.edu.mit.compbio.bisulfitehic.mapping.Bhmem  - Processing reads 2534000 ...
992183 [main] INFO main.java.edu.mit.compbio.bisulfitehic.mapping.Bhmem  - Unique mapped and paired reads 2521754 ...
[M::mem_process_seqs] Processed 1001 reads in 1.183 CPU sec, 0.153 real sec
[M::mem_process_seqs] Processed 1001 reads in 0.970 CPU sec, 0.123 real sec
[M::mem_process_seqs] Processed 1001 reads in 1.296 CPU sec, 0.165 real sec
[M::mem_process_seqs] Processed 1001 reads in 1.175 CPU sec, 0.151 real sec
992964 [main] INFO main.java.edu.mit.compbio.bisulfitehic.mapping.Bhmem  - Processing reads 2535000 ...
992964 [main] INFO main.java.edu.mit.compbio.bisulfitehic.mapping.Bhmem  - Unique mapped and paired reads 2523748 ...
992967 [main] INFO main.java.edu.mit.compbio.bisulfitehic.mapping.Bhmem  - Processing reads 2536000 ...
992967 [main] INFO main.java.edu.mit.compbio.bisulfitehic.mapping.Bhmem  - Unique mapped and paired reads 2523748 ...
[M::mem_process_seqs] Processed 1001 reads in 1.333 CPU sec, 0.170 real sec
[M::mem_process_seqs] Processed 1001 reads in 1.103 CPU sec, 0.140 real sec
[M::mem_process_seqs] Processed 1001 reads in 1.479 CPU sec, 0.204 real sec
[M::mem_process_seqs] Processed 1001 reads in 1.361 CPU sec, 0.173 real sec
993847 [main] INFO main.java.edu.mit.compbio.bisulfitehic.mapping.Bhmem  - Processing reads 2537000 ...
993847 [main] INFO main.java.edu.mit.compbio.bisulfitehic.mapping.Bhmem  - Unique mapped and paired reads 2525742 ...
993850 [main] INFO main.java.edu.mit.compbio.bisulfitehic.mapping.Bhmem  - Processing reads 2538000 ...
993850 [main] INFO main.java.edu.mit.compbio.bisulfitehic.mapping.Bhmem  - Unique mapped and paired reads 2525742 ...
[M::mem_process_seqs] Processed 1001 reads in 1.189 CPU sec, 0.151 real sec
[M::mem_process_seqs] Processed 1001 reads in 1.051 CPU sec, 0.138 real sec
[M::mem_process_seqs] Processed 1001 reads in 1.350 CPU sec, 0.172 real sec
[M::mem_process_seqs] Processed 1001 reads in 1.178 CPU sec, 0.156 real sec
994662 [main] INFO main.java.edu.mit.compbio.bisulfitehic.mapping.Bhmem  - Processing reads 2539000 ...
994662 [main] INFO main.java.edu.mit.compbio.bisulfitehic.mapping.Bhmem  - Unique mapped and paired reads 2527734 ...
994665 [main] INFO main.java.edu.mit.compbio.bisulfitehic.mapping.Bhmem  - Processing reads 2540000 ...
994665 [main] INFO main.java.edu.mit.compbio.bisulfitehic.mapping.Bhmem  - Unique mapped and paired reads 2527734 ...
[M::mem_process_seqs] Processed 1001 reads in 1.227 CPU sec, 0.156 real sec
[M::mem_process_seqs] Processed 1001 reads in 0.953 CPU sec, 0.121 real sec
[M::mem_process_seqs] Processed 1001 reads in 1.312 CPU sec, 0.168 real sec
[M::mem_process_seqs] Processed 1001 reads in 1.177 CPU sec, 0.157 real sec
995461 [main] INFO main.java.edu.mit.compbio.bisulfitehic.mapping.Bhmem  - Processing reads 2541000 ...
995461 [main] INFO main.java.edu.mit.compbio.bisulfitehic.mapping.Bhmem  - Unique mapped and paired reads 2529726 ...
995464 [main] INFO main.java.edu.mit.compbio.bisulfitehic.mapping.Bhmem  - Processing reads 2542000 ...
995464 [main] INFO main.java.edu.mit.compbio.bisulfitehic.mapping.Bhmem  - Unique mapped and paired reads 2529726 ...
[M::mem_process_seqs] Processed 1001 reads in 1.206 CPU sec, 0.152 real sec
[M::mem_process_seqs] Processed 1001 reads in 0.980 CPU sec, 0.126 real sec
[M::mem_process_seqs] Processed 1001 reads in 1.402 CPU sec, 0.177 real sec
[M::mem_process_seqs] Processed 1001 reads in 1.227 CPU sec, 0.155 real sec
996267 [main] INFO main.java.edu.mit.compbio.bisulfitehic.mapping.Bhmem  - Processing reads 2543000 ...
996267 [main] INFO main.java.edu.mit.compbio.bisulfitehic.mapping.Bhmem  - Unique mapped and paired reads 2531714 ...
996270 [main] INFO main.java.edu.mit.compbio.bisulfitehic.mapping.Bhmem  - Processing reads 2544000 ...
996270 [main] INFO main.java.edu.mit.compbio.bisulfitehic.mapping.Bhmem  - Unique mapped and paired reads 2531714 ...
[M::mem_process_seqs] Processed 1001 reads in 1.264 CPU sec, 0.163 real sec
[M::mem_process_seqs] Processed 1001 reads in 1.042 CPU sec, 0.134 real sec
[M::mem_process_seqs] Processed 1001 reads in 1.442 CPU sec, 0.186 real sec
[M::mem_process_seqs] Processed 1001 reads in 1.286 CPU sec, 0.166 real sec
997111 [main] INFO main.java.edu.mit.compbio.bisulfitehic.mapping.Bhmem  - Processing reads 2545000 ...
997111 [main] INFO main.java.edu.mit.compbio.bisulfitehic.mapping.Bhmem  - Unique mapped and paired reads 2533708 ...
997114 [main] INFO main.java.edu.mit.compbio.bisulfitehic.mapping.Bhmem  - Processing reads 2546000 ...
997114 [main] INFO main.java.edu.mit.compbio.bisulfitehic.mapping.Bhmem  - Unique mapped and paired reads 2533708 ...
[M::mem_process_seqs] Processed 1001 reads in 1.225 CPU sec, 0.160 real sec
[M::mem_process_seqs] Processed 1001 reads in 1.031 CPU sec, 0.133 real sec
[M::mem_process_seqs] Processed 1001 reads in 1.418 CPU sec, 0.180 real sec
[M::mem_process_seqs] Processed 1001 reads in 1.270 CPU sec, 0.160 real sec
997933 [main] INFO main.java.edu.mit.compbio.bisulfitehic.mapping.Bhmem  - Processing reads 2547000 ...
997933 [main] INFO main.java.edu.mit.compbio.bisulfitehic.mapping.Bhmem  - Unique mapped and paired reads 2535700 ...
997936 [main] INFO main.java.edu.mit.compbio.bisulfitehic.mapping.Bhmem  - Processing reads 2548000 ...
997936 [main] INFO main.java.edu.mit.compbio.bisulfitehic.mapping.Bhmem  - Unique mapped and paired reads 2535700 ...
[M::mem_process_seqs] Processed 1001 reads in 1.186 CPU sec, 0.150 real sec
[M::mem_process_seqs] Processed 1001 reads in 1.034 CPU sec, 0.131 real sec
[M::mem_process_seqs] Processed 1001 reads in 1.251 CPU sec, 0.158 real sec
[M::mem_process_seqs] Processed 1001 reads in 1.136 CPU sec, 0.143 real sec
998719 [main] INFO main.java.edu.mit.compbio.bisulfitehic.mapping.Bhmem  - Processing reads 2549000 ...
998719 [main] INFO main.java.edu.mit.compbio.bisulfitehic.mapping.Bhmem  - Unique mapped and paired reads 2537692 ...
998722 [main] INFO main.java.edu.mit.compbio.bisulfitehic.mapping.Bhmem  - Processing reads 2550000 ...
998722 [main] INFO main.java.edu.mit.compbio.bisulfitehic.mapping.Bhmem  - Unique mapped and paired reads 2537692 ...
[M::mem_process_seqs] Processed 1001 reads in 1.217 CPU sec, 0.155 real sec
[M::mem_process_seqs] Processed 1001 reads in 1.021 CPU sec, 0.129 real sec
[M::mem_process_seqs] Processed 1001 reads in 1.377 CPU sec, 0.178 real sec
[M::mem_process_seqs] Processed 1001 reads in 1.148 CPU sec, 0.146 real sec
999515 [main] INFO main.java.edu.mit.compbio.bisulfitehic.mapping.Bhmem  - Processing reads 2551000 ...
999515 [main] INFO main.java.edu.mit.compbio.bisulfitehic.mapping.Bhmem  - Unique mapped and paired reads 2539688 ...
999518 [main] INFO main.java.edu.mit.compbio.bisulfitehic.mapping.Bhmem  - Processing reads 2552000 ...
999518 [main] INFO main.java.edu.mit.compbio.bisulfitehic.mapping.Bhmem  - Unique mapped and paired reads 2539688 ...
[M::mem_process_seqs] Processed 1001 reads in 1.226 CPU sec, 0.156 real sec
[M::mem_process_seqs] Processed 1001 reads in 0.974 CPU sec, 0.125 real sec
[M::mem_process_seqs] Processed 1001 reads in 1.350 CPU sec, 0.170 real sec
[M::mem_process_seqs] Processed 1001 reads in 1.167 CPU sec, 0.147 real sec
1000314 [main] INFO main.java.edu.mit.compbio.bisulfitehic.mapping.Bhmem  - Processing reads 2553000 ...
1000314 [main] INFO main.java.edu.mit.compbio.bisulfitehic.mapping.Bhmem  - Unique mapped and paired reads 2541682 ...
1000317 [main] INFO main.java.edu.mit.compbio.bisulfitehic.mapping.Bhmem  - Processing reads 2554000 ...
1000317 [main] INFO main.java.edu.mit.compbio.bisulfitehic.mapping.Bhmem  - Unique mapped and paired reads 2541682 ...
[M::mem_process_seqs] Processed 1001 reads in 1.186 CPU sec, 0.151 real sec
[M::mem_process_seqs] Processed 1001 reads in 1.034 CPU sec, 0.135 real sec
[M::mem_process_seqs] Processed 1001 reads in 1.317 CPU sec, 0.169 real sec
[M::mem_process_seqs] Processed 1001 reads in 1.156 CPU sec, 0.147 real sec
1001114 [main] INFO main.java.edu.mit.compbio.bisulfitehic.mapping.Bhmem  - Processing reads 2555000 ...
1001114 [main] INFO main.java.edu.mit.compbio.bisulfitehic.mapping.Bhmem  - Unique mapped and paired reads 2543678 ...
1001117 [main] INFO main.java.edu.mit.compbio.bisulfitehic.mapping.Bhmem  - Processing reads 2556000 ...
1001117 [main] INFO main.java.edu.mit.compbio.bisulfitehic.mapping.Bhmem  - Unique mapped and paired reads 2543678 ...
[M::mem_process_seqs] Processed 1001 reads in 1.262 CPU sec, 0.161 real sec
[M::mem_process_seqs] Processed 1001 reads in 1.050 CPU sec, 0.136 real sec
[M::mem_process_seqs] Processed 1001 reads in 1.426 CPU sec, 0.191 real sec
[M::mem_process_seqs] Processed 1001 reads in 1.314 CPU sec, 0.166 real sec
1001959 [main] INFO main.java.edu.mit.compbio.bisulfitehic.mapping.Bhmem  - Processing reads 2557000 ...
1001959 [main] INFO main.java.edu.mit.compbio.bisulfitehic.mapping.Bhmem  - Unique mapped and paired reads 2545674 ...
1001962 [main] INFO main.java.edu.mit.compbio.bisulfitehic.mapping.Bhmem  - Processing reads 2558000 ...
1001962 [main] INFO main.java.edu.mit.compbio.bisulfitehic.mapping.Bhmem  - Unique mapped and paired reads 2545674 ...
[M::mem_process_seqs] Processed 1001 reads in 1.338 CPU sec, 0.176 real sec
[M::mem_process_seqs] Processed 1001 reads in 1.053 CPU sec, 0.135 real sec
[M::mem_process_seqs] Processed 1001 reads in 1.531 CPU sec, 0.202 real sec
[M::mem_process_seqs] Processed 1001 reads in 1.273 CPU sec, 0.162 real sec
1002849 [main] INFO main.java.edu.mit.compbio.bisulfitehic.mapping.Bhmem  - Processing reads 2559000 ...
1002849 [main] INFO main.java.edu.mit.compbio.bisulfitehic.mapping.Bhmem  - Unique mapped and paired reads 2547666 ...
1002852 [main] INFO main.java.edu.mit.compbio.bisulfitehic.mapping.Bhmem  - Processing reads 2560000 ...
1002852 [main] INFO main.java.edu.mit.compbio.bisulfitehic.mapping.Bhmem  - Unique mapped and paired reads 2547666 ...
[M::mem_process_seqs] Processed 1001 reads in 1.391 CPU sec, 0.176 real sec
[M::mem_process_seqs] Processed 1001 reads in 1.027 CPU sec, 0.129 real sec
[M::mem_process_seqs] Processed 1001 reads in 1.404 CPU sec, 0.179 real sec
[M::mem_process_seqs] Processed 1001 reads in 1.301 CPU sec, 0.166 real sec
1003690 [main] INFO main.java.edu.mit.compbio.bisulfitehic.mapping.Bhmem  - Processing reads 2561000 ...
1003690 [main] INFO main.java.edu.mit.compbio.bisulfitehic.mapping.Bhmem  - Unique mapped and paired reads 2549656 ...
1003693 [main] INFO main.java.edu.mit.compbio.bisulfitehic.mapping.Bhmem  - Processing reads 2562000 ...
1003693 [main] INFO main.java.edu.mit.compbio.bisulfitehic.mapping.Bhmem  - Unique mapped and paired reads 2549656 ...
[M::mem_process_seqs] Processed 1001 reads in 1.241 CPU sec, 0.161 real sec
[M::mem_process_seqs] Processed 1001 reads in 1.074 CPU sec, 0.139 real sec
[M::mem_process_seqs] Processed 1001 reads in 1.572 CPU sec, 0.198 real sec
[M::mem_process_seqs] Processed 1001 reads in 1.238 CPU sec, 0.156 real sec
1004546 [main] INFO main.java.edu.mit.compbio.bisulfitehic.mapping.Bhmem  - Processing reads 2563000 ...
1004547 [main] INFO main.java.edu.mit.compbio.bisulfitehic.mapping.Bhmem  - Unique mapped and paired reads 2551654 ...
1004550 [main] INFO main.java.edu.mit.compbio.bisulfitehic.mapping.Bhmem  - Processing reads 2564000 ...
1004550 [main] INFO main.java.edu.mit.compbio.bisulfitehic.mapping.Bhmem  - Unique mapped and paired reads 2551654 ...
[M::mem_process_seqs] Processed 1001 reads in 1.181 CPU sec, 0.150 real sec
[M::mem_process_seqs] Processed 1001 reads in 1.030 CPU sec, 0.131 real sec
[M::mem_process_seqs] Processed 1001 reads in 1.390 CPU sec, 0.177 real sec
[M::mem_process_seqs] Processed 1001 reads in 1.176 CPU sec, 0.151 real sec
1005376 [main] INFO main.java.edu.mit.compbio.bisulfitehic.mapping.Bhmem  - Processing reads 2565000 ...
1005376 [main] INFO main.java.edu.mit.compbio.bisulfitehic.mapping.Bhmem  - Unique mapped and paired reads 2553640 ...
1005379 [main] INFO main.java.edu.mit.compbio.bisulfitehic.mapping.Bhmem  - Processing reads 2566000 ...
1005379 [main] INFO main.java.edu.mit.compbio.bisulfitehic.mapping.Bhmem  - Unique mapped and paired reads 2553640 ...
[M::mem_process_seqs] Processed 1001 reads in 1.234 CPU sec, 0.157 real sec
[M::mem_process_seqs] Processed 1001 reads in 1.020 CPU sec, 0.129 real sec
[M::mem_process_seqs] Processed 1001 reads in 1.359 CPU sec, 0.174 real sec
[M::mem_process_seqs] Processed 1001 reads in 1.233 CPU sec, 0.156 real sec
1006199 [main] INFO main.java.edu.mit.compbio.bisulfitehic.mapping.Bhmem  - Processing reads 2567000 ...
1006199 [main] INFO main.java.edu.mit.compbio.bisulfitehic.mapping.Bhmem  - Unique mapped and paired reads 2555634 ...
1006202 [main] INFO main.java.edu.mit.compbio.bisulfitehic.mapping.Bhmem  - Processing reads 2568000 ...
1006202 [main] INFO main.java.edu.mit.compbio.bisulfitehic.mapping.Bhmem  - Unique mapped and paired reads 2555634 ...
[M::mem_process_seqs] Processed 1001 reads in 1.202 CPU sec, 0.154 real sec
[M::mem_process_seqs] Processed 1001 reads in 1.006 CPU sec, 0.129 real sec
[M::mem_process_seqs] Processed 1001 reads in 1.366 CPU sec, 0.173 real sec
[M::mem_process_seqs] Processed 1001 reads in 1.146 CPU sec, 0.145 real sec
1007007 [main] INFO main.java.edu.mit.compbio.bisulfitehic.mapping.Bhmem  - Processing reads 2569000 ...
1007007 [main] INFO main.java.edu.mit.compbio.bisulfitehic.mapping.Bhmem  - Unique mapped and paired reads 2557626 ...
1007010 [main] INFO main.java.edu.mit.compbio.bisulfitehic.mapping.Bhmem  - Processing reads 2570000 ...
1007010 [main] INFO main.java.edu.mit.compbio.bisulfitehic.mapping.Bhmem  - Unique mapped and paired reads 2557626 ...
[M::mem_process_seqs] Processed 1001 reads in 1.337 CPU sec, 0.170 real sec
[M::mem_process_seqs] Processed 1001 reads in 1.033 CPU sec, 0.136 real sec
[M::mem_process_seqs] Processed 1001 reads in 1.463 CPU sec, 0.188 real sec
[M::mem_process_seqs] Processed 1001 reads in 1.157 CPU sec, 0.146 real sec
1007848 [main] INFO main.java.edu.mit.compbio.bisulfitehic.mapping.Bhmem  - Processing reads 2571000 ...
1007848 [main] INFO main.java.edu.mit.compbio.bisulfitehic.mapping.Bhmem  - Unique mapped and paired reads 2559624 ...
1007851 [main] INFO main.java.edu.mit.compbio.bisulfitehic.mapping.Bhmem  - Processing reads 2572000 ...
1007851 [main] INFO main.java.edu.mit.compbio.bisulfitehic.mapping.Bhmem  - Unique mapped and paired reads 2559624 ...
[M::mem_process_seqs] Processed 1001 reads in 1.228 CPU sec, 0.157 real sec
[M::mem_process_seqs] Processed 1001 reads in 1.041 CPU sec, 0.132 real sec
[M::mem_process_seqs] Processed 1001 reads in 1.355 CPU sec, 0.173 real sec
[M::mem_process_seqs] Processed 1001 reads in 1.178 CPU sec, 0.150 real sec
1008660 [main] INFO main.java.edu.mit.compbio.bisulfitehic.mapping.Bhmem  - Processing reads 2573000 ...
1008660 [main] INFO main.java.edu.mit.compbio.bisulfitehic.mapping.Bhmem  - Unique mapped and paired reads 2561614 ...
1008664 [main] INFO main.java.edu.mit.compbio.bisulfitehic.mapping.Bhmem  - Processing reads 2574000 ...
1008664 [main] INFO main.java.edu.mit.compbio.bisulfitehic.mapping.Bhmem  - Unique mapped and paired reads 2561614 ...
[M::mem_process_seqs] Processed 1001 reads in 1.277 CPU sec, 0.163 real sec
[M::mem_process_seqs] Processed 1001 reads in 1.014 CPU sec, 0.130 real sec
[M::mem_process_seqs] Processed 1001 reads in 1.407 CPU sec, 0.177 real sec
[M::mem_process_seqs] Processed 1001 reads in 1.262 CPU sec, 0.163 real sec
1009492 [main] INFO main.java.edu.mit.compbio.bisulfitehic.mapping.Bhmem  - Processing reads 2575000 ...
1009492 [main] INFO main.java.edu.mit.compbio.bisulfitehic.mapping.Bhmem  - Unique mapped and paired reads 2563614 ...
1009495 [main] INFO main.java.edu.mit.compbio.bisulfitehic.mapping.Bhmem  - Processing reads 2576000 ...
1009495 [main] INFO main.java.edu.mit.compbio.bisulfitehic.mapping.Bhmem  - Unique mapped and paired reads 2563614 ...
[M::mem_process_seqs] Processed 1001 reads in 1.169 CPU sec, 0.150 real sec
[M::mem_process_seqs] Processed 1001 reads in 1.022 CPU sec, 0.131 real sec
[M::mem_process_seqs] Processed 1001 reads in 1.365 CPU sec, 0.173 real sec
[M::mem_process_seqs] Processed 1001 reads in 1.162 CPU sec, 0.149 real sec
1010297 [main] INFO main.java.edu.mit.compbio.bisulfitehic.mapping.Bhmem  - Processing reads 2577000 ...
1010297 [main] INFO main.java.edu.mit.compbio.bisulfitehic.mapping.Bhmem  - Unique mapped and paired reads 2565610 ...
1010300 [main] INFO main.java.edu.mit.compbio.bisulfitehic.mapping.Bhmem  - Processing reads 2578000 ...
1010300 [main] INFO main.java.edu.mit.compbio.bisulfitehic.mapping.Bhmem  - Unique mapped and paired reads 2565610 ...
[M::mem_process_seqs] Processed 1001 reads in 1.273 CPU sec, 0.163 real sec
[M::mem_process_seqs] Processed 1001 reads in 1.036 CPU sec, 0.134 real sec
[M::mem_process_seqs] Processed 1001 reads in 1.360 CPU sec, 0.186 real sec
[M::mem_process_seqs] Processed 1001 reads in 1.221 CPU sec, 0.156 real sec
1011139 [main] INFO main.java.edu.mit.compbio.bisulfitehic.mapping.Bhmem  - Processing reads 2579000 ...
1011139 [main] INFO main.java.edu.mit.compbio.bisulfitehic.mapping.Bhmem  - Unique mapped and paired reads 2567606 ...
1011142 [main] INFO main.java.edu.mit.compbio.bisulfitehic.mapping.Bhmem  - Processing reads 2580000 ...
1011142 [main] INFO main.java.edu.mit.compbio.bisulfitehic.mapping.Bhmem  - Unique mapped and paired reads 2567606 ...
[M::mem_process_seqs] Processed 1001 reads in 1.207 CPU sec, 0.161 real sec
[M::mem_process_seqs] Processed 1001 reads in 1.009 CPU sec, 0.136 real sec
[M::mem_process_seqs] Processed 1001 reads in 1.399 CPU sec, 0.180 real sec
[M::mem_process_seqs] Processed 1001 reads in 1.155 CPU sec, 0.148 real sec
1011958 [main] INFO main.java.edu.mit.compbio.bisulfitehic.mapping.Bhmem  - Processing reads 2581000 ...
1011958 [main] INFO main.java.edu.mit.compbio.bisulfitehic.mapping.Bhmem  - Unique mapped and paired reads 2569606 ...
1011962 [main] INFO main.java.edu.mit.compbio.bisulfitehic.mapping.Bhmem  - Processing reads 2582000 ...
1011962 [main] INFO main.java.edu.mit.compbio.bisulfitehic.mapping.Bhmem  - Unique mapped and paired reads 2569606 ...
[M::mem_process_seqs] Processed 1001 reads in 1.245 CPU sec, 0.159 real sec
[M::mem_process_seqs] Processed 1001 reads in 1.019 CPU sec, 0.129 real sec
[M::mem_process_seqs] Processed 1001 reads in 1.469 CPU sec, 0.186 real sec
[M::mem_process_seqs] Processed 1001 reads in 1.285 CPU sec, 0.168 real sec
1012796 [main] INFO main.java.edu.mit.compbio.bisulfitehic.mapping.Bhmem  - Processing reads 2583000 ...
1012796 [main] INFO main.java.edu.mit.compbio.bisulfitehic.mapping.Bhmem  - Unique mapped and paired reads 2571602 ...
1012799 [main] INFO main.java.edu.mit.compbio.bisulfitehic.mapping.Bhmem  - Processing reads 2584000 ...
1012799 [main] INFO main.java.edu.mit.compbio.bisulfitehic.mapping.Bhmem  - Unique mapped and paired reads 2571602 ...
[M::mem_process_seqs] Processed 1001 reads in 1.258 CPU sec, 0.161 real sec
[M::mem_process_seqs] Processed 1001 reads in 0.971 CPU sec, 0.124 real sec
[M::mem_process_seqs] Processed 1001 reads in 1.451 CPU sec, 0.184 real sec
[M::mem_process_seqs] Processed 1001 reads in 1.331 CPU sec, 0.169 real sec
1013632 [main] INFO main.java.edu.mit.compbio.bisulfitehic.mapping.Bhmem  - Processing reads 2585000 ...
1013632 [main] INFO main.java.edu.mit.compbio.bisulfitehic.mapping.Bhmem  - Unique mapped and paired reads 2573594 ...
1013635 [main] INFO main.java.edu.mit.compbio.bisulfitehic.mapping.Bhmem  - Processing reads 2586000 ...
1013635 [main] INFO main.java.edu.mit.compbio.bisulfitehic.mapping.Bhmem  - Unique mapped and paired reads 2573594 ...
[M::mem_process_seqs] Processed 1001 reads in 1.217 CPU sec, 0.157 real sec
[M::mem_process_seqs] Processed 1001 reads in 0.973 CPU sec, 0.123 real sec
[M::mem_process_seqs] Processed 1001 reads in 1.451 CPU sec, 0.185 real sec
[M::mem_process_seqs] Processed 1001 reads in 1.253 CPU sec, 0.159 real sec
1014456 [main] INFO main.java.edu.mit.compbio.bisulfitehic.mapping.Bhmem  - Processing reads 2587000 ...
1014457 [main] INFO main.java.edu.mit.compbio.bisulfitehic.mapping.Bhmem  - Unique mapped and paired reads 2575592 ...
1014460 [main] INFO main.java.edu.mit.compbio.bisulfitehic.mapping.Bhmem  - Processing reads 2588000 ...
1014460 [main] INFO main.java.edu.mit.compbio.bisulfitehic.mapping.Bhmem  - Unique mapped and paired reads 2575592 ...
[M::mem_process_seqs] Processed 1001 reads in 1.197 CPU sec, 0.152 real sec
[M::mem_process_seqs] Processed 1001 reads in 1.023 CPU sec, 0.130 real sec
[M::mem_process_seqs] Processed 1001 reads in 1.465 CPU sec, 0.187 real sec
[M::mem_process_seqs] Processed 1001 reads in 1.298 CPU sec, 0.164 real sec
1015297 [main] INFO main.java.edu.mit.compbio.bisulfitehic.mapping.Bhmem  - Processing reads 2589000 ...
1015297 [main] INFO main.java.edu.mit.compbio.bisulfitehic.mapping.Bhmem  - Unique mapped and paired reads 2577588 ...
1015300 [main] INFO main.java.edu.mit.compbio.bisulfitehic.mapping.Bhmem  - Processing reads 2590000 ...
1015300 [main] INFO main.java.edu.mit.compbio.bisulfitehic.mapping.Bhmem  - Unique mapped and paired reads 2577588 ...
[M::mem_process_seqs] Processed 1001 reads in 1.231 CPU sec, 0.157 real sec
[M::mem_process_seqs] Processed 1001 reads in 1.040 CPU sec, 0.132 real sec
[M::mem_process_seqs] Processed 1001 reads in 1.534 CPU sec, 0.194 real sec
[M::mem_process_seqs] Processed 1001 reads in 1.328 CPU sec, 0.168 real sec
1016152 [main] INFO main.java.edu.mit.compbio.bisulfitehic.mapping.Bhmem  - Processing reads 2591000 ...
1016152 [main] INFO main.java.edu.mit.compbio.bisulfitehic.mapping.Bhmem  - Unique mapped and paired reads 2579590 ...
1016155 [main] INFO main.java.edu.mit.compbio.bisulfitehic.mapping.Bhmem  - Processing reads 2592000 ...
1016155 [main] INFO main.java.edu.mit.compbio.bisulfitehic.mapping.Bhmem  - Unique mapped and paired reads 2579590 ...
[M::mem_process_seqs] Processed 1001 reads in 1.236 CPU sec, 0.158 real sec
[M::mem_process_seqs] Processed 1001 reads in 1.032 CPU sec, 0.132 real sec
[M::mem_process_seqs] Processed 1001 reads in 1.487 CPU sec, 0.188 real sec
[M::mem_process_seqs] Processed 1001 reads in 1.329 CPU sec, 0.175 real sec
1017016 [main] INFO main.java.edu.mit.compbio.bisulfitehic.mapping.Bhmem  - Processing reads 2593000 ...
1017016 [main] INFO main.java.edu.mit.compbio.bisulfitehic.mapping.Bhmem  - Unique mapped and paired reads 2581588 ...
1017020 [main] INFO main.java.edu.mit.compbio.bisulfitehic.mapping.Bhmem  - Processing reads 2594000 ...
1017020 [main] INFO main.java.edu.mit.compbio.bisulfitehic.mapping.Bhmem  - Unique mapped and paired reads 2581588 ...
[M::mem_process_seqs] Processed 1001 reads in 1.234 CPU sec, 0.156 real sec
[M::mem_process_seqs] Processed 1001 reads in 0.953 CPU sec, 0.121 real sec
[M::mem_process_seqs] Processed 1001 reads in 1.484 CPU sec, 0.188 real sec
[M::mem_process_seqs] Processed 1001 reads in 1.345 CPU sec, 0.169 real sec
1017853 [main] INFO main.java.edu.mit.compbio.bisulfitehic.mapping.Bhmem  - Processing reads 2595000 ...
1017853 [main] INFO main.java.edu.mit.compbio.bisulfitehic.mapping.Bhmem  - Unique mapped and paired reads 2583584 ...
1017856 [main] INFO main.java.edu.mit.compbio.bisulfitehic.mapping.Bhmem  - Processing reads 2596000 ...
1017856 [main] INFO main.java.edu.mit.compbio.bisulfitehic.mapping.Bhmem  - Unique mapped and paired reads 2583584 ...
[M::mem_process_seqs] Processed 1001 reads in 1.193 CPU sec, 0.152 real sec
[M::mem_process_seqs] Processed 1001 reads in 0.948 CPU sec, 0.122 real sec
[M::mem_process_seqs] Processed 1001 reads in 1.468 CPU sec, 0.191 real sec
[M::mem_process_seqs] Processed 1001 reads in 1.270 CPU sec, 0.161 real sec
1018699 [main] INFO main.java.edu.mit.compbio.bisulfitehic.mapping.Bhmem  - Processing reads 2597000 ...
1018699 [main] INFO main.java.edu.mit.compbio.bisulfitehic.mapping.Bhmem  - Unique mapped and paired reads 2585582 ...
1018702 [main] INFO main.java.edu.mit.compbio.bisulfitehic.mapping.Bhmem  - Processing reads 2598000 ...
1018702 [main] INFO main.java.edu.mit.compbio.bisulfitehic.mapping.Bhmem  - Unique mapped and paired reads 2585582 ...
[M::mem_process_seqs] Processed 1001 reads in 1.273 CPU sec, 0.165 real sec
[M::mem_process_seqs] Processed 1001 reads in 1.006 CPU sec, 0.135 real sec
[M::mem_process_seqs] Processed 1001 reads in 1.587 CPU sec, 0.201 real sec
[M::mem_process_seqs] Processed 1001 reads in 1.326 CPU sec, 0.174 real sec
1019579 [main] INFO main.java.edu.mit.compbio.bisulfitehic.mapping.Bhmem  - Processing reads 2599000 ...
1019579 [main] INFO main.java.edu.mit.compbio.bisulfitehic.mapping.Bhmem  - Unique mapped and paired reads 2587574 ...
1019583 [main] INFO main.java.edu.mit.compbio.bisulfitehic.mapping.Bhmem  - Processing reads 2600000 ...
1019583 [main] INFO main.java.edu.mit.compbio.bisulfitehic.mapping.Bhmem  - Unique mapped and paired reads 2587574 ...
[M::mem_process_seqs] Processed 1001 reads in 1.240 CPU sec, 0.158 real sec
[M::mem_process_seqs] Processed 1001 reads in 1.042 CPU sec, 0.132 real sec
[M::mem_process_seqs] Processed 1001 reads in 1.563 CPU sec, 0.199 real sec
[M::mem_process_seqs] Processed 1001 reads in 1.332 CPU sec, 0.169 real sec
1020444 [main] INFO main.java.edu.mit.compbio.bisulfitehic.mapping.Bhmem  - Processing reads 2601000 ...
1020444 [main] INFO main.java.edu.mit.compbio.bisulfitehic.mapping.Bhmem  - Unique mapped and paired reads 2589570 ...
1020448 [main] INFO main.java.edu.mit.compbio.bisulfitehic.mapping.Bhmem  - Processing reads 2602000 ...
1020448 [main] INFO main.java.edu.mit.compbio.bisulfitehic.mapping.Bhmem  - Unique mapped and paired reads 2589570 ...
[M::mem_process_seqs] Processed 1001 reads in 1.319 CPU sec, 0.169 real sec
[M::mem_process_seqs] Processed 1001 reads in 1.049 CPU sec, 0.134 real sec
[M::mem_process_seqs] Processed 1001 reads in 1.583 CPU sec, 0.200 real sec
[M::mem_process_seqs] Processed 1001 reads in 1.318 CPU sec, 0.168 real sec
1021322 [main] INFO main.java.edu.mit.compbio.bisulfitehic.mapping.Bhmem  - Processing reads 2603000 ...
1021322 [main] INFO main.java.edu.mit.compbio.bisulfitehic.mapping.Bhmem  - Unique mapped and paired reads 2591566 ...
1021325 [main] INFO main.java.edu.mit.compbio.bisulfitehic.mapping.Bhmem  - Processing reads 2604000 ...
1021325 [main] INFO main.java.edu.mit.compbio.bisulfitehic.mapping.Bhmem  - Unique mapped and paired reads 2591566 ...
[M::mem_process_seqs] Processed 863 reads in 1.041 CPU sec, 0.136 real sec
[M::mem_process_seqs] Processed 863 reads in 0.847 CPU sec, 0.114 real sec
[M::mem_process_seqs] Processed 863 reads in 1.275 CPU sec, 0.162 real sec
[M::mem_process_seqs] Processed 863 reads in 1.140 CPU sec, 0.146 real sec
1022480 [main] INFO main.java.edu.mit.compbio.bisulfitehic.mapping.Bhmem  - 2604326 reads in total
1022483 [main] INFO main.java.edu.mit.compbio.bisulfitehic.mapping.Bhmem  - Unique Mapped and paired 2593288 reads (99.58%)
1022484 [main] INFO main.java.edu.mit.compbio.bisulfitehic.mapping.Bhmem  - Bhmem's running time is: 1022.48 secs, 17.04 mins, 0.28 hours
