0 [main] INFO main.java.edu.mit.compbio.bisulfitehic.mapping.Bhmem  - Parsing input -enzymeList bed file ...
[M::bwa_idx_load_from_disk] read 0 ALT contigs
[M::bwa_idx_load_from_disk] read 0 ALT contigs
11622 [main] INFO main.java.edu.mit.compbio.bisulfitehic.mapping.Bhmem  - Processing reads 1000 ...
11622 [main] INFO main.java.edu.mit.compbio.bisulfitehic.mapping.Bhmem  - Unique mapped and paired reads 0 ...
11631 [main] INFO main.java.edu.mit.compbio.bisulfitehic.mapping.Bhmem  - Processing reads 2000 ...
11631 [main] INFO main.java.edu.mit.compbio.bisulfitehic.mapping.Bhmem  - Unique mapped and paired reads 0 ...
[M::mem_process_seqs] Processed 1001 reads in 0.732 CPU sec, 0.210 real sec
[M::mem_process_seqs] Processed 1001 reads in 0.635 CPU sec, 0.083 real sec
[M::mem_process_seqs] Processed 1001 reads in 0.711 CPU sec, 0.095 real sec
[M::mem_process_seqs] Processed 1001 reads in 0.678 CPU sec, 0.088 real sec
12461 [main] INFO main.java.edu.mit.compbio.bisulfitehic.mapping.Bhmem  - Processing reads 3000 ...
12461 [main] INFO main.java.edu.mit.compbio.bisulfitehic.mapping.Bhmem  - Unique mapped and paired reads 1984 ...
12464 [main] INFO main.java.edu.mit.compbio.bisulfitehic.mapping.Bhmem  - Processing reads 4000 ...
12464 [main] INFO main.java.edu.mit.compbio.bisulfitehic.mapping.Bhmem  - Unique mapped and paired reads 1984 ...
[M::mem_process_seqs] Processed 1001 reads in 0.767 CPU sec, 0.100 real sec
[M::mem_process_seqs] Processed 1001 reads in 0.655 CPU sec, 0.102 real sec
[M::mem_process_seqs] Processed 1001 reads in 0.734 CPU sec, 0.102 real sec
[M::mem_process_seqs] Processed 1001 reads in 0.664 CPU sec, 0.101 real sec
13069 [main] INFO main.java.edu.mit.compbio.bisulfitehic.mapping.Bhmem  - Processing reads 5000 ...
13069 [main] INFO main.java.edu.mit.compbio.bisulfitehic.mapping.Bhmem  - Unique mapped and paired reads 3966 ...
13072 [main] INFO main.java.edu.mit.compbio.bisulfitehic.mapping.Bhmem  - Processing reads 6000 ...
13073 [main] INFO main.java.edu.mit.compbio.bisulfitehic.mapping.Bhmem  - Unique mapped and paired reads 3966 ...
[M::mem_process_seqs] Processed 1001 reads in 0.777 CPU sec, 0.123 real sec
[M::mem_process_seqs] Processed 1001 reads in 0.734 CPU sec, 0.094 real sec
[M::mem_process_seqs] Processed 1001 reads in 0.879 CPU sec, 0.128 real sec
[M::mem_process_seqs] Processed 1001 reads in 0.736 CPU sec, 0.104 real sec
13683 [main] INFO main.java.edu.mit.compbio.bisulfitehic.mapping.Bhmem  - Processing reads 7000 ...
13683 [main] INFO main.java.edu.mit.compbio.bisulfitehic.mapping.Bhmem  - Unique mapped and paired reads 5948 ...
13686 [main] INFO main.java.edu.mit.compbio.bisulfitehic.mapping.Bhmem  - Processing reads 8000 ...
13686 [main] INFO main.java.edu.mit.compbio.bisulfitehic.mapping.Bhmem  - Unique mapped and paired reads 5948 ...
[M::mem_process_seqs] Processed 1001 reads in 0.797 CPU sec, 0.101 real sec
[M::mem_process_seqs] Processed 1001 reads in 0.864 CPU sec, 0.126 real sec
[M::mem_process_seqs] Processed 1001 reads in 0.887 CPU sec, 0.116 real sec
[M::mem_process_seqs] Processed 1001 reads in 0.816 CPU sec, 0.104 real sec
14275 [main] INFO main.java.edu.mit.compbio.bisulfitehic.mapping.Bhmem  - Processing reads 9000 ...
14275 [main] INFO main.java.edu.mit.compbio.bisulfitehic.mapping.Bhmem  - Unique mapped and paired reads 7924 ...
14278 [main] INFO main.java.edu.mit.compbio.bisulfitehic.mapping.Bhmem  - Processing reads 10000 ...
14278 [main] INFO main.java.edu.mit.compbio.bisulfitehic.mapping.Bhmem  - Unique mapped and paired reads 7924 ...
[M::mem_process_seqs] Processed 1001 reads in 0.693 CPU sec, 0.089 real sec
[M::mem_process_seqs] Processed 1001 reads in 0.655 CPU sec, 0.110 real sec
[M::mem_process_seqs] Processed 1001 reads in 0.782 CPU sec, 0.114 real sec
[M::mem_process_seqs] Processed 1001 reads in 0.660 CPU sec, 0.090 real sec
14823 [main] INFO main.java.edu.mit.compbio.bisulfitehic.mapping.Bhmem  - Processing reads 11000 ...
14823 [main] INFO main.java.edu.mit.compbio.bisulfitehic.mapping.Bhmem  - Unique mapped and paired reads 9910 ...
14828 [main] INFO main.java.edu.mit.compbio.bisulfitehic.mapping.Bhmem  - Processing reads 12000 ...
14828 [main] INFO main.java.edu.mit.compbio.bisulfitehic.mapping.Bhmem  - Unique mapped and paired reads 9910 ...
[M::mem_process_seqs] Processed 1001 reads in 0.763 CPU sec, 0.111 real sec
[M::mem_process_seqs] Processed 1001 reads in 0.617 CPU sec, 0.088 real sec
[M::mem_process_seqs] Processed 1001 reads in 0.741 CPU sec, 0.108 real sec
[M::mem_process_seqs] Processed 1001 reads in 0.704 CPU sec, 0.114 real sec
15377 [main] INFO main.java.edu.mit.compbio.bisulfitehic.mapping.Bhmem  - Processing reads 13000 ...
15377 [main] INFO main.java.edu.mit.compbio.bisulfitehic.mapping.Bhmem  - Unique mapped and paired reads 11884 ...
15380 [main] INFO main.java.edu.mit.compbio.bisulfitehic.mapping.Bhmem  - Processing reads 14000 ...
15380 [main] INFO main.java.edu.mit.compbio.bisulfitehic.mapping.Bhmem  - Unique mapped and paired reads 11884 ...
[M::mem_process_seqs] Processed 1001 reads in 0.663 CPU sec, 0.089 real sec
[M::mem_process_seqs] Processed 1001 reads in 0.590 CPU sec, 0.095 real sec
[M::mem_process_seqs] Processed 1001 reads in 0.765 CPU sec, 0.101 real sec
[M::mem_process_seqs] Processed 1001 reads in 0.694 CPU sec, 0.091 real sec
15891 [main] INFO main.java.edu.mit.compbio.bisulfitehic.mapping.Bhmem  - Processing reads 15000 ...
15891 [main] INFO main.java.edu.mit.compbio.bisulfitehic.mapping.Bhmem  - Unique mapped and paired reads 13862 ...
15894 [main] INFO main.java.edu.mit.compbio.bisulfitehic.mapping.Bhmem  - Processing reads 16000 ...
15894 [main] INFO main.java.edu.mit.compbio.bisulfitehic.mapping.Bhmem  - Unique mapped and paired reads 13862 ...
[M::mem_process_seqs] Processed 1001 reads in 0.665 CPU sec, 0.089 real sec
[M::mem_process_seqs] Processed 1001 reads in 0.581 CPU sec, 0.074 real sec
[M::mem_process_seqs] Processed 1001 reads in 0.674 CPU sec, 0.089 real sec
[M::mem_process_seqs] Processed 1001 reads in 0.633 CPU sec, 0.117 real sec
16403 [main] INFO main.java.edu.mit.compbio.bisulfitehic.mapping.Bhmem  - Processing reads 17000 ...
16403 [main] INFO main.java.edu.mit.compbio.bisulfitehic.mapping.Bhmem  - Unique mapped and paired reads 15840 ...
16406 [main] INFO main.java.edu.mit.compbio.bisulfitehic.mapping.Bhmem  - Processing reads 18000 ...
16406 [main] INFO main.java.edu.mit.compbio.bisulfitehic.mapping.Bhmem  - Unique mapped and paired reads 15840 ...
[M::mem_process_seqs] Processed 1001 reads in 0.647 CPU sec, 0.082 real sec
[M::mem_process_seqs] Processed 1001 reads in 0.563 CPU sec, 0.084 real sec
[M::mem_process_seqs] Processed 1001 reads in 0.722 CPU sec, 0.094 real sec
[M::mem_process_seqs] Processed 1001 reads in 0.689 CPU sec, 0.092 real sec
16878 [main] INFO main.java.edu.mit.compbio.bisulfitehic.mapping.Bhmem  - Processing reads 19000 ...
16878 [main] INFO main.java.edu.mit.compbio.bisulfitehic.mapping.Bhmem  - Unique mapped and paired reads 17820 ...
16881 [main] INFO main.java.edu.mit.compbio.bisulfitehic.mapping.Bhmem  - Processing reads 20000 ...
16881 [main] INFO main.java.edu.mit.compbio.bisulfitehic.mapping.Bhmem  - Unique mapped and paired reads 17820 ...
[M::mem_process_seqs] Processed 1001 reads in 0.706 CPU sec, 0.094 real sec
[M::mem_process_seqs] Processed 1001 reads in 0.620 CPU sec, 0.084 real sec
[M::mem_process_seqs] Processed 1001 reads in 0.753 CPU sec, 0.134 real sec
[M::mem_process_seqs] Processed 1001 reads in 0.754 CPU sec, 0.107 real sec
17423 [main] INFO main.java.edu.mit.compbio.bisulfitehic.mapping.Bhmem  - Processing reads 21000 ...
17423 [main] INFO main.java.edu.mit.compbio.bisulfitehic.mapping.Bhmem  - Unique mapped and paired reads 19794 ...
17426 [main] INFO main.java.edu.mit.compbio.bisulfitehic.mapping.Bhmem  - Processing reads 22000 ...
17426 [main] INFO main.java.edu.mit.compbio.bisulfitehic.mapping.Bhmem  - Unique mapped and paired reads 19794 ...
[M::mem_process_seqs] Processed 1001 reads in 0.658 CPU sec, 0.125 real sec
[M::mem_process_seqs] Processed 1001 reads in 0.621 CPU sec, 0.098 real sec
[M::mem_process_seqs] Processed 1001 reads in 0.772 CPU sec, 0.105 real sec
[M::mem_process_seqs] Processed 1001 reads in 0.701 CPU sec, 0.102 real sec
17977 [main] INFO main.java.edu.mit.compbio.bisulfitehic.mapping.Bhmem  - Processing reads 23000 ...
17978 [main] INFO main.java.edu.mit.compbio.bisulfitehic.mapping.Bhmem  - Unique mapped and paired reads 21772 ...
17980 [main] INFO main.java.edu.mit.compbio.bisulfitehic.mapping.Bhmem  - Processing reads 24000 ...
17980 [main] INFO main.java.edu.mit.compbio.bisulfitehic.mapping.Bhmem  - Unique mapped and paired reads 21772 ...
[M::mem_process_seqs] Processed 1001 reads in 0.636 CPU sec, 0.081 real sec
[M::mem_process_seqs] Processed 1001 reads in 0.538 CPU sec, 0.098 real sec
[M::mem_process_seqs] Processed 1001 reads in 0.706 CPU sec, 0.114 real sec
[M::mem_process_seqs] Processed 1001 reads in 0.682 CPU sec, 0.096 real sec
18491 [main] INFO main.java.edu.mit.compbio.bisulfitehic.mapping.Bhmem  - Processing reads 25000 ...
18492 [main] INFO main.java.edu.mit.compbio.bisulfitehic.mapping.Bhmem  - Unique mapped and paired reads 23748 ...
18494 [main] INFO main.java.edu.mit.compbio.bisulfitehic.mapping.Bhmem  - Processing reads 26000 ...
18494 [main] INFO main.java.edu.mit.compbio.bisulfitehic.mapping.Bhmem  - Unique mapped and paired reads 23748 ...
[M::mem_process_seqs] Processed 1001 reads in 0.742 CPU sec, 0.095 real sec
[M::mem_process_seqs] Processed 1001 reads in 0.698 CPU sec, 0.094 real sec
[M::mem_process_seqs] Processed 1001 reads in 0.754 CPU sec, 0.113 real sec
[M::mem_process_seqs] Processed 1001 reads in 0.704 CPU sec, 0.102 real sec
19024 [main] INFO main.java.edu.mit.compbio.bisulfitehic.mapping.Bhmem  - Processing reads 27000 ...
19024 [main] INFO main.java.edu.mit.compbio.bisulfitehic.mapping.Bhmem  - Unique mapped and paired reads 25742 ...
19027 [main] INFO main.java.edu.mit.compbio.bisulfitehic.mapping.Bhmem  - Processing reads 28000 ...
19027 [main] INFO main.java.edu.mit.compbio.bisulfitehic.mapping.Bhmem  - Unique mapped and paired reads 25742 ...
[M::mem_process_seqs] Processed 1001 reads in 0.701 CPU sec, 0.103 real sec
[M::mem_process_seqs] Processed 1001 reads in 0.696 CPU sec, 0.091 real sec
[M::mem_process_seqs] Processed 1001 reads in 0.780 CPU sec, 0.101 real sec
[M::mem_process_seqs] Processed 1001 reads in 0.762 CPU sec, 0.129 real sec
19586 [main] INFO main.java.edu.mit.compbio.bisulfitehic.mapping.Bhmem  - Processing reads 29000 ...
19586 [main] INFO main.java.edu.mit.compbio.bisulfitehic.mapping.Bhmem  - Unique mapped and paired reads 27718 ...
19589 [main] INFO main.java.edu.mit.compbio.bisulfitehic.mapping.Bhmem  - Processing reads 30000 ...
19589 [main] INFO main.java.edu.mit.compbio.bisulfitehic.mapping.Bhmem  - Unique mapped and paired reads 27718 ...
[M::mem_process_seqs] Processed 1001 reads in 0.727 CPU sec, 0.094 real sec
[M::mem_process_seqs] Processed 1001 reads in 0.601 CPU sec, 0.085 real sec
[M::mem_process_seqs] Processed 1001 reads in 0.725 CPU sec, 0.117 real sec
[M::mem_process_seqs] Processed 1001 reads in 0.719 CPU sec, 0.091 real sec
20100 [main] INFO main.java.edu.mit.compbio.bisulfitehic.mapping.Bhmem  - Processing reads 31000 ...
20100 [main] INFO main.java.edu.mit.compbio.bisulfitehic.mapping.Bhmem  - Unique mapped and paired reads 29700 ...
20103 [main] INFO main.java.edu.mit.compbio.bisulfitehic.mapping.Bhmem  - Processing reads 32000 ...
20103 [main] INFO main.java.edu.mit.compbio.bisulfitehic.mapping.Bhmem  - Unique mapped and paired reads 29700 ...
[M::mem_process_seqs] Processed 1001 reads in 0.708 CPU sec, 0.139 real sec
[M::mem_process_seqs] Processed 1001 reads in 0.697 CPU sec, 0.096 real sec
[M::mem_process_seqs] Processed 1001 reads in 0.805 CPU sec, 0.105 real sec
[M::mem_process_seqs] Processed 1001 reads in 0.741 CPU sec, 0.093 real sec
20679 [main] INFO main.java.edu.mit.compbio.bisulfitehic.mapping.Bhmem  - Processing reads 33000 ...
20679 [main] INFO main.java.edu.mit.compbio.bisulfitehic.mapping.Bhmem  - Unique mapped and paired reads 31690 ...
20681 [main] INFO main.java.edu.mit.compbio.bisulfitehic.mapping.Bhmem  - Processing reads 34000 ...
20682 [main] INFO main.java.edu.mit.compbio.bisulfitehic.mapping.Bhmem  - Unique mapped and paired reads 31690 ...
[M::mem_process_seqs] Processed 1001 reads in 0.747 CPU sec, 0.098 real sec
[M::mem_process_seqs] Processed 1001 reads in 0.712 CPU sec, 0.111 real sec
[M::mem_process_seqs] Processed 1001 reads in 0.814 CPU sec, 0.140 real sec
[M::mem_process_seqs] Processed 1001 reads in 0.721 CPU sec, 0.118 real sec
21273 [main] INFO main.java.edu.mit.compbio.bisulfitehic.mapping.Bhmem  - Processing reads 35000 ...
21273 [main] INFO main.java.edu.mit.compbio.bisulfitehic.mapping.Bhmem  - Unique mapped and paired reads 33678 ...
21276 [main] INFO main.java.edu.mit.compbio.bisulfitehic.mapping.Bhmem  - Processing reads 36000 ...
21276 [main] INFO main.java.edu.mit.compbio.bisulfitehic.mapping.Bhmem  - Unique mapped and paired reads 33678 ...
[M::mem_process_seqs] Processed 1001 reads in 0.718 CPU sec, 0.139 real sec
[M::mem_process_seqs] Processed 1001 reads in 0.695 CPU sec, 0.097 real sec
[M::mem_process_seqs] Processed 1001 reads in 0.861 CPU sec, 0.109 real sec
[M::mem_process_seqs] Processed 1001 reads in 0.796 CPU sec, 0.103 real sec
21853 [main] INFO main.java.edu.mit.compbio.bisulfitehic.mapping.Bhmem  - Processing reads 37000 ...
21854 [main] INFO main.java.edu.mit.compbio.bisulfitehic.mapping.Bhmem  - Unique mapped and paired reads 35656 ...
21856 [main] INFO main.java.edu.mit.compbio.bisulfitehic.mapping.Bhmem  - Processing reads 38000 ...
21856 [main] INFO main.java.edu.mit.compbio.bisulfitehic.mapping.Bhmem  - Unique mapped and paired reads 35656 ...
[M::mem_process_seqs] Processed 1001 reads in 0.825 CPU sec, 0.133 real sec
[M::mem_process_seqs] Processed 1001 reads in 0.786 CPU sec, 0.101 real sec
[M::mem_process_seqs] Processed 1001 reads in 0.854 CPU sec, 0.129 real sec
[M::mem_process_seqs] Processed 1001 reads in 0.799 CPU sec, 0.121 real sec
22472 [main] INFO main.java.edu.mit.compbio.bisulfitehic.mapping.Bhmem  - Processing reads 39000 ...
22472 [main] INFO main.java.edu.mit.compbio.bisulfitehic.mapping.Bhmem  - Unique mapped and paired reads 37640 ...
22475 [main] INFO main.java.edu.mit.compbio.bisulfitehic.mapping.Bhmem  - Processing reads 40000 ...
22475 [main] INFO main.java.edu.mit.compbio.bisulfitehic.mapping.Bhmem  - Unique mapped and paired reads 37640 ...
[M::mem_process_seqs] Processed 1001 reads in 0.788 CPU sec, 0.101 real sec
[M::mem_process_seqs] Processed 1001 reads in 0.818 CPU sec, 0.104 real sec
[M::mem_process_seqs] Processed 1001 reads in 0.777 CPU sec, 0.146 real sec
[M::mem_process_seqs] Processed 1001 reads in 0.886 CPU sec, 0.132 real sec
23090 [main] INFO main.java.edu.mit.compbio.bisulfitehic.mapping.Bhmem  - Processing reads 41000 ...
23090 [main] INFO main.java.edu.mit.compbio.bisulfitehic.mapping.Bhmem  - Unique mapped and paired reads 39624 ...
23093 [main] INFO main.java.edu.mit.compbio.bisulfitehic.mapping.Bhmem  - Processing reads 42000 ...
23093 [main] INFO main.java.edu.mit.compbio.bisulfitehic.mapping.Bhmem  - Unique mapped and paired reads 39624 ...
[M::mem_process_seqs] Processed 1001 reads in 0.780 CPU sec, 0.099 real sec
[M::mem_process_seqs] Processed 1001 reads in 0.677 CPU sec, 0.089 real sec
[M::mem_process_seqs] Processed 1001 reads in 0.745 CPU sec, 0.099 real sec
[M::mem_process_seqs] Processed 1001 reads in 0.732 CPU sec, 0.099 real sec
23603 [main] INFO main.java.edu.mit.compbio.bisulfitehic.mapping.Bhmem  - Processing reads 43000 ...
23603 [main] INFO main.java.edu.mit.compbio.bisulfitehic.mapping.Bhmem  - Unique mapped and paired reads 41604 ...
23606 [main] INFO main.java.edu.mit.compbio.bisulfitehic.mapping.Bhmem  - Processing reads 44000 ...
23606 [main] INFO main.java.edu.mit.compbio.bisulfitehic.mapping.Bhmem  - Unique mapped and paired reads 41604 ...
[M::mem_process_seqs] Processed 1001 reads in 0.704 CPU sec, 0.090 real sec
[M::mem_process_seqs] Processed 1001 reads in 0.563 CPU sec, 0.118 real sec
[M::mem_process_seqs] Processed 1001 reads in 0.767 CPU sec, 0.107 real sec
[M::mem_process_seqs] Processed 1001 reads in 0.669 CPU sec, 0.085 real sec
24132 [main] INFO main.java.edu.mit.compbio.bisulfitehic.mapping.Bhmem  - Processing reads 45000 ...
24132 [main] INFO main.java.edu.mit.compbio.bisulfitehic.mapping.Bhmem  - Unique mapped and paired reads 43578 ...
24135 [main] INFO main.java.edu.mit.compbio.bisulfitehic.mapping.Bhmem  - Processing reads 46000 ...
24135 [main] INFO main.java.edu.mit.compbio.bisulfitehic.mapping.Bhmem  - Unique mapped and paired reads 43578 ...
[M::mem_process_seqs] Processed 1001 reads in 0.738 CPU sec, 0.131 real sec
[M::mem_process_seqs] Processed 1001 reads in 0.719 CPU sec, 0.102 real sec
[M::mem_process_seqs] Processed 1001 reads in 0.815 CPU sec, 0.120 real sec
[M::mem_process_seqs] Processed 1001 reads in 0.797 CPU sec, 0.108 real sec
24721 [main] INFO main.java.edu.mit.compbio.bisulfitehic.mapping.Bhmem  - Processing reads 47000 ...
24721 [main] INFO main.java.edu.mit.compbio.bisulfitehic.mapping.Bhmem  - Unique mapped and paired reads 45566 ...
24724 [main] INFO main.java.edu.mit.compbio.bisulfitehic.mapping.Bhmem  - Processing reads 48000 ...
24724 [main] INFO main.java.edu.mit.compbio.bisulfitehic.mapping.Bhmem  - Unique mapped and paired reads 45566 ...
[M::mem_process_seqs] Processed 1001 reads in 0.691 CPU sec, 0.088 real sec
[M::mem_process_seqs] Processed 1001 reads in 0.667 CPU sec, 0.088 real sec
[M::mem_process_seqs] Processed 1001 reads in 0.703 CPU sec, 0.094 real sec
[M::mem_process_seqs] Processed 1001 reads in 0.696 CPU sec, 0.091 real sec
25208 [main] INFO main.java.edu.mit.compbio.bisulfitehic.mapping.Bhmem  - Processing reads 49000 ...
25208 [main] INFO main.java.edu.mit.compbio.bisulfitehic.mapping.Bhmem  - Unique mapped and paired reads 47548 ...
25211 [main] INFO main.java.edu.mit.compbio.bisulfitehic.mapping.Bhmem  - Processing reads 50000 ...
25211 [main] INFO main.java.edu.mit.compbio.bisulfitehic.mapping.Bhmem  - Unique mapped and paired reads 47548 ...
[M::mem_process_seqs] Processed 1001 reads in 0.805 CPU sec, 0.104 real sec
[M::mem_process_seqs] Processed 1001 reads in 0.806 CPU sec, 0.104 real sec
[M::mem_process_seqs] Processed 1001 reads in 0.904 CPU sec, 0.130 real sec
[M::mem_process_seqs] Processed 1001 reads in 0.831 CPU sec, 0.125 real sec
25806 [main] INFO main.java.edu.mit.compbio.bisulfitehic.mapping.Bhmem  - Processing reads 51000 ...
25806 [main] INFO main.java.edu.mit.compbio.bisulfitehic.mapping.Bhmem  - Unique mapped and paired reads 49540 ...
25809 [main] INFO main.java.edu.mit.compbio.bisulfitehic.mapping.Bhmem  - Processing reads 52000 ...
25809 [main] INFO main.java.edu.mit.compbio.bisulfitehic.mapping.Bhmem  - Unique mapped and paired reads 49540 ...
[M::mem_process_seqs] Processed 1001 reads in 0.670 CPU sec, 0.214 real sec
[M::mem_process_seqs] Processed 1001 reads in 0.641 CPU sec, 0.109 real sec
[M::mem_process_seqs] Processed 1001 reads in 0.747 CPU sec, 0.105 real sec
[M::mem_process_seqs] Processed 1001 reads in 0.740 CPU sec, 0.096 real sec
26459 [main] INFO main.java.edu.mit.compbio.bisulfitehic.mapping.Bhmem  - Processing reads 53000 ...
26459 [main] INFO main.java.edu.mit.compbio.bisulfitehic.mapping.Bhmem  - Unique mapped and paired reads 51524 ...
26462 [main] INFO main.java.edu.mit.compbio.bisulfitehic.mapping.Bhmem  - Processing reads 54000 ...
26462 [main] INFO main.java.edu.mit.compbio.bisulfitehic.mapping.Bhmem  - Unique mapped and paired reads 51524 ...
[M::mem_process_seqs] Processed 1001 reads in 0.715 CPU sec, 0.091 real sec
[M::mem_process_seqs] Processed 1001 reads in 0.640 CPU sec, 0.087 real sec
[M::mem_process_seqs] Processed 1001 reads in 0.776 CPU sec, 0.114 real sec
[M::mem_process_seqs] Processed 1001 reads in 0.733 CPU sec, 0.097 real sec
26971 [main] INFO main.java.edu.mit.compbio.bisulfitehic.mapping.Bhmem  - Processing reads 55000 ...
26971 [main] INFO main.java.edu.mit.compbio.bisulfitehic.mapping.Bhmem  - Unique mapped and paired reads 53502 ...
26974 [main] INFO main.java.edu.mit.compbio.bisulfitehic.mapping.Bhmem  - Processing reads 56000 ...
26974 [main] INFO main.java.edu.mit.compbio.bisulfitehic.mapping.Bhmem  - Unique mapped and paired reads 53502 ...
[M::mem_process_seqs] Processed 1001 reads in 0.668 CPU sec, 0.120 real sec
[M::mem_process_seqs] Processed 1001 reads in 0.661 CPU sec, 0.089 real sec
[M::mem_process_seqs] Processed 1001 reads in 0.750 CPU sec, 0.102 real sec
[M::mem_process_seqs] Processed 1001 reads in 0.753 CPU sec, 0.098 real sec
27507 [main] INFO main.java.edu.mit.compbio.bisulfitehic.mapping.Bhmem  - Processing reads 57000 ...
27507 [main] INFO main.java.edu.mit.compbio.bisulfitehic.mapping.Bhmem  - Unique mapped and paired reads 55478 ...
27511 [main] INFO main.java.edu.mit.compbio.bisulfitehic.mapping.Bhmem  - Processing reads 58000 ...
27511 [main] INFO main.java.edu.mit.compbio.bisulfitehic.mapping.Bhmem  - Unique mapped and paired reads 55478 ...
[M::mem_process_seqs] Processed 1001 reads in 0.689 CPU sec, 0.103 real sec
[M::mem_process_seqs] Processed 1001 reads in 0.624 CPU sec, 0.079 real sec
[M::mem_process_seqs] Processed 1001 reads in 0.701 CPU sec, 0.105 real sec
[M::mem_process_seqs] Processed 1001 reads in 0.704 CPU sec, 0.104 real sec
28030 [main] INFO main.java.edu.mit.compbio.bisulfitehic.mapping.Bhmem  - Processing reads 59000 ...
28030 [main] INFO main.java.edu.mit.compbio.bisulfitehic.mapping.Bhmem  - Unique mapped and paired reads 57458 ...
28033 [main] INFO main.java.edu.mit.compbio.bisulfitehic.mapping.Bhmem  - Processing reads 60000 ...
28033 [main] INFO main.java.edu.mit.compbio.bisulfitehic.mapping.Bhmem  - Unique mapped and paired reads 57458 ...
[M::mem_process_seqs] Processed 1001 reads in 0.806 CPU sec, 0.104 real sec
[M::mem_process_seqs] Processed 1001 reads in 0.686 CPU sec, 0.107 real sec
[M::mem_process_seqs] Processed 1001 reads in 0.875 CPU sec, 0.119 real sec
[M::mem_process_seqs] Processed 1001 reads in 0.708 CPU sec, 0.091 real sec
28574 [main] INFO main.java.edu.mit.compbio.bisulfitehic.mapping.Bhmem  - Processing reads 61000 ...
28574 [main] INFO main.java.edu.mit.compbio.bisulfitehic.mapping.Bhmem  - Unique mapped and paired reads 59444 ...
28577 [main] INFO main.java.edu.mit.compbio.bisulfitehic.mapping.Bhmem  - Processing reads 62000 ...
28577 [main] INFO main.java.edu.mit.compbio.bisulfitehic.mapping.Bhmem  - Unique mapped and paired reads 59444 ...
[M::mem_process_seqs] Processed 1001 reads in 0.773 CPU sec, 0.098 real sec
[M::mem_process_seqs] Processed 1001 reads in 0.671 CPU sec, 0.092 real sec
[M::mem_process_seqs] Processed 1001 reads in 0.756 CPU sec, 0.165 real sec
[M::mem_process_seqs] Processed 1001 reads in 0.774 CPU sec, 0.138 real sec
29198 [main] INFO main.java.edu.mit.compbio.bisulfitehic.mapping.Bhmem  - Processing reads 63000 ...
29198 [main] INFO main.java.edu.mit.compbio.bisulfitehic.mapping.Bhmem  - Unique mapped and paired reads 61434 ...
29201 [main] INFO main.java.edu.mit.compbio.bisulfitehic.mapping.Bhmem  - Processing reads 64000 ...
29201 [main] INFO main.java.edu.mit.compbio.bisulfitehic.mapping.Bhmem  - Unique mapped and paired reads 61434 ...
[M::mem_process_seqs] Processed 1001 reads in 0.777 CPU sec, 0.102 real sec
[M::mem_process_seqs] Processed 1001 reads in 0.672 CPU sec, 0.085 real sec
[M::mem_process_seqs] Processed 1001 reads in 0.824 CPU sec, 0.122 real sec
[M::mem_process_seqs] Processed 1001 reads in 0.762 CPU sec, 0.098 real sec
29735 [main] INFO main.java.edu.mit.compbio.bisulfitehic.mapping.Bhmem  - Processing reads 65000 ...
29735 [main] INFO main.java.edu.mit.compbio.bisulfitehic.mapping.Bhmem  - Unique mapped and paired reads 63416 ...
29738 [main] INFO main.java.edu.mit.compbio.bisulfitehic.mapping.Bhmem  - Processing reads 66000 ...
29738 [main] INFO main.java.edu.mit.compbio.bisulfitehic.mapping.Bhmem  - Unique mapped and paired reads 63416 ...
[M::mem_process_seqs] Processed 1001 reads in 0.710 CPU sec, 0.133 real sec
[M::mem_process_seqs] Processed 1001 reads in 0.727 CPU sec, 0.098 real sec
[M::mem_process_seqs] Processed 1001 reads in 0.788 CPU sec, 0.121 real sec
[M::mem_process_seqs] Processed 1001 reads in 0.739 CPU sec, 0.122 real sec
30338 [main] INFO main.java.edu.mit.compbio.bisulfitehic.mapping.Bhmem  - Processing reads 67000 ...
30338 [main] INFO main.java.edu.mit.compbio.bisulfitehic.mapping.Bhmem  - Unique mapped and paired reads 65400 ...
30341 [main] INFO main.java.edu.mit.compbio.bisulfitehic.mapping.Bhmem  - Processing reads 68000 ...
30341 [main] INFO main.java.edu.mit.compbio.bisulfitehic.mapping.Bhmem  - Unique mapped and paired reads 65400 ...
[M::mem_process_seqs] Processed 1001 reads in 0.696 CPU sec, 0.089 real sec
[M::mem_process_seqs] Processed 1001 reads in 0.628 CPU sec, 0.107 real sec
[M::mem_process_seqs] Processed 1001 reads in 0.724 CPU sec, 0.094 real sec
[M::mem_process_seqs] Processed 1001 reads in 0.681 CPU sec, 0.088 real sec
30846 [main] INFO main.java.edu.mit.compbio.bisulfitehic.mapping.Bhmem  - Processing reads 69000 ...
30846 [main] INFO main.java.edu.mit.compbio.bisulfitehic.mapping.Bhmem  - Unique mapped and paired reads 67378 ...
30849 [main] INFO main.java.edu.mit.compbio.bisulfitehic.mapping.Bhmem  - Processing reads 70000 ...
30849 [main] INFO main.java.edu.mit.compbio.bisulfitehic.mapping.Bhmem  - Unique mapped and paired reads 67378 ...
[M::mem_process_seqs] Processed 1001 reads in 0.777 CPU sec, 0.100 real sec
[M::mem_process_seqs] Processed 1001 reads in 0.711 CPU sec, 0.110 real sec
[M::mem_process_seqs] Processed 1001 reads in 0.747 CPU sec, 0.113 real sec
[M::mem_process_seqs] Processed 1001 reads in 0.786 CPU sec, 0.114 real sec
31415 [main] INFO main.java.edu.mit.compbio.bisulfitehic.mapping.Bhmem  - Processing reads 71000 ...
31415 [main] INFO main.java.edu.mit.compbio.bisulfitehic.mapping.Bhmem  - Unique mapped and paired reads 69364 ...
31418 [main] INFO main.java.edu.mit.compbio.bisulfitehic.mapping.Bhmem  - Processing reads 72000 ...
31418 [main] INFO main.java.edu.mit.compbio.bisulfitehic.mapping.Bhmem  - Unique mapped and paired reads 69364 ...
[M::mem_process_seqs] Processed 1001 reads in 0.740 CPU sec, 0.094 real sec
[M::mem_process_seqs] Processed 1001 reads in 0.678 CPU sec, 0.101 real sec
[M::mem_process_seqs] Processed 1001 reads in 0.822 CPU sec, 0.123 real sec
[M::mem_process_seqs] Processed 1001 reads in 0.789 CPU sec, 0.102 real sec
31967 [main] INFO main.java.edu.mit.compbio.bisulfitehic.mapping.Bhmem  - Processing reads 73000 ...
31967 [main] INFO main.java.edu.mit.compbio.bisulfitehic.mapping.Bhmem  - Unique mapped and paired reads 71344 ...
31970 [main] INFO main.java.edu.mit.compbio.bisulfitehic.mapping.Bhmem  - Processing reads 74000 ...
31970 [main] INFO main.java.edu.mit.compbio.bisulfitehic.mapping.Bhmem  - Unique mapped and paired reads 71344 ...
[M::mem_process_seqs] Processed 1001 reads in 0.706 CPU sec, 0.106 real sec
[M::mem_process_seqs] Processed 1001 reads in 0.628 CPU sec, 0.082 real sec
[M::mem_process_seqs] Processed 1001 reads in 0.751 CPU sec, 0.096 real sec
[M::mem_process_seqs] Processed 1001 reads in 0.716 CPU sec, 0.093 real sec
32477 [main] INFO main.java.edu.mit.compbio.bisulfitehic.mapping.Bhmem  - Processing reads 75000 ...
32477 [main] INFO main.java.edu.mit.compbio.bisulfitehic.mapping.Bhmem  - Unique mapped and paired reads 73322 ...
32480 [main] INFO main.java.edu.mit.compbio.bisulfitehic.mapping.Bhmem  - Processing reads 76000 ...
32480 [main] INFO main.java.edu.mit.compbio.bisulfitehic.mapping.Bhmem  - Unique mapped and paired reads 73322 ...
[M::mem_process_seqs] Processed 1001 reads in 0.739 CPU sec, 0.114 real sec
[M::mem_process_seqs] Processed 1001 reads in 0.644 CPU sec, 0.081 real sec
[M::mem_process_seqs] Processed 1001 reads in 0.807 CPU sec, 0.130 real sec
[M::mem_process_seqs] Processed 1001 reads in 0.813 CPU sec, 0.121 real sec
33049 [main] INFO main.java.edu.mit.compbio.bisulfitehic.mapping.Bhmem  - Processing reads 77000 ...
33049 [main] INFO main.java.edu.mit.compbio.bisulfitehic.mapping.Bhmem  - Unique mapped and paired reads 75304 ...
33052 [main] INFO main.java.edu.mit.compbio.bisulfitehic.mapping.Bhmem  - Processing reads 78000 ...
33052 [main] INFO main.java.edu.mit.compbio.bisulfitehic.mapping.Bhmem  - Unique mapped and paired reads 75304 ...
[M::mem_process_seqs] Processed 1001 reads in 0.708 CPU sec, 0.129 real sec
[M::mem_process_seqs] Processed 1001 reads in 0.661 CPU sec, 0.099 real sec
[M::mem_process_seqs] Processed 1001 reads in 0.780 CPU sec, 0.107 real sec
[M::mem_process_seqs] Processed 1001 reads in 0.742 CPU sec, 0.100 real sec
33615 [main] INFO main.java.edu.mit.compbio.bisulfitehic.mapping.Bhmem  - Processing reads 79000 ...
33615 [main] INFO main.java.edu.mit.compbio.bisulfitehic.mapping.Bhmem  - Unique mapped and paired reads 77282 ...
33618 [main] INFO main.java.edu.mit.compbio.bisulfitehic.mapping.Bhmem  - Processing reads 80000 ...
33618 [main] INFO main.java.edu.mit.compbio.bisulfitehic.mapping.Bhmem  - Unique mapped and paired reads 77282 ...
[M::mem_process_seqs] Processed 1001 reads in 0.729 CPU sec, 0.098 real sec
[M::mem_process_seqs] Processed 1001 reads in 0.641 CPU sec, 0.087 real sec
[M::mem_process_seqs] Processed 1001 reads in 0.754 CPU sec, 0.097 real sec
[M::mem_process_seqs] Processed 1001 reads in 0.697 CPU sec, 0.099 real sec
34117 [main] INFO main.java.edu.mit.compbio.bisulfitehic.mapping.Bhmem  - Processing reads 81000 ...
34117 [main] INFO main.java.edu.mit.compbio.bisulfitehic.mapping.Bhmem  - Unique mapped and paired reads 79262 ...
34120 [main] INFO main.java.edu.mit.compbio.bisulfitehic.mapping.Bhmem  - Processing reads 82000 ...
34120 [main] INFO main.java.edu.mit.compbio.bisulfitehic.mapping.Bhmem  - Unique mapped and paired reads 79262 ...
[M::mem_process_seqs] Processed 1001 reads in 0.708 CPU sec, 0.108 real sec
[M::mem_process_seqs] Processed 1001 reads in 0.738 CPU sec, 0.106 real sec
[M::mem_process_seqs] Processed 1001 reads in 0.777 CPU sec, 0.106 real sec
[M::mem_process_seqs] Processed 1001 reads in 0.750 CPU sec, 0.095 real sec
34658 [main] INFO main.java.edu.mit.compbio.bisulfitehic.mapping.Bhmem  - Processing reads 83000 ...
34658 [main] INFO main.java.edu.mit.compbio.bisulfitehic.mapping.Bhmem  - Unique mapped and paired reads 81250 ...
34661 [main] INFO main.java.edu.mit.compbio.bisulfitehic.mapping.Bhmem  - Processing reads 84000 ...
34661 [main] INFO main.java.edu.mit.compbio.bisulfitehic.mapping.Bhmem  - Unique mapped and paired reads 81250 ...
[M::mem_process_seqs] Processed 1001 reads in 0.733 CPU sec, 0.097 real sec
[M::mem_process_seqs] Processed 1001 reads in 0.696 CPU sec, 0.107 real sec
[M::mem_process_seqs] Processed 1001 reads in 0.787 CPU sec, 0.105 real sec
[M::mem_process_seqs] Processed 1001 reads in 0.757 CPU sec, 0.111 real sec
35211 [main] INFO main.java.edu.mit.compbio.bisulfitehic.mapping.Bhmem  - Processing reads 85000 ...
35211 [main] INFO main.java.edu.mit.compbio.bisulfitehic.mapping.Bhmem  - Unique mapped and paired reads 83232 ...
35214 [main] INFO main.java.edu.mit.compbio.bisulfitehic.mapping.Bhmem  - Processing reads 86000 ...
35214 [main] INFO main.java.edu.mit.compbio.bisulfitehic.mapping.Bhmem  - Unique mapped and paired reads 83232 ...
[M::mem_process_seqs] Processed 1001 reads in 0.697 CPU sec, 0.234 real sec
[M::mem_process_seqs] Processed 1001 reads in 0.686 CPU sec, 0.230 real sec
[M::mem_process_seqs] Processed 1001 reads in 0.770 CPU sec, 0.262 real sec
[M::mem_process_seqs] Processed 1001 reads in 0.826 CPU sec, 0.148 real sec
36224 [main] INFO main.java.edu.mit.compbio.bisulfitehic.mapping.Bhmem  - Processing reads 87000 ...
36224 [main] INFO main.java.edu.mit.compbio.bisulfitehic.mapping.Bhmem  - Unique mapped and paired reads 85216 ...
36227 [main] INFO main.java.edu.mit.compbio.bisulfitehic.mapping.Bhmem  - Processing reads 88000 ...
36227 [main] INFO main.java.edu.mit.compbio.bisulfitehic.mapping.Bhmem  - Unique mapped and paired reads 85216 ...
[M::mem_process_seqs] Processed 1001 reads in 0.752 CPU sec, 0.100 real sec
[M::mem_process_seqs] Processed 1001 reads in 0.639 CPU sec, 0.110 real sec
[M::mem_process_seqs] Processed 1001 reads in 0.823 CPU sec, 0.131 real sec
[M::mem_process_seqs] Processed 1001 reads in 0.743 CPU sec, 0.095 real sec
36785 [main] INFO main.java.edu.mit.compbio.bisulfitehic.mapping.Bhmem  - Processing reads 89000 ...
36785 [main] INFO main.java.edu.mit.compbio.bisulfitehic.mapping.Bhmem  - Unique mapped and paired reads 87190 ...
36787 [main] INFO main.java.edu.mit.compbio.bisulfitehic.mapping.Bhmem  - Processing reads 90000 ...
36787 [main] INFO main.java.edu.mit.compbio.bisulfitehic.mapping.Bhmem  - Unique mapped and paired reads 87190 ...
[M::mem_process_seqs] Processed 1001 reads in 0.760 CPU sec, 0.116 real sec
[M::mem_process_seqs] Processed 1001 reads in 0.727 CPU sec, 0.099 real sec
[M::mem_process_seqs] Processed 1001 reads in 0.813 CPU sec, 0.109 real sec
[M::mem_process_seqs] Processed 1001 reads in 0.763 CPU sec, 0.117 real sec
37356 [main] INFO main.java.edu.mit.compbio.bisulfitehic.mapping.Bhmem  - Processing reads 91000 ...
37356 [main] INFO main.java.edu.mit.compbio.bisulfitehic.mapping.Bhmem  - Unique mapped and paired reads 89176 ...
37359 [main] INFO main.java.edu.mit.compbio.bisulfitehic.mapping.Bhmem  - Processing reads 92000 ...
37359 [main] INFO main.java.edu.mit.compbio.bisulfitehic.mapping.Bhmem  - Unique mapped and paired reads 89176 ...
[M::mem_process_seqs] Processed 1001 reads in 0.756 CPU sec, 0.097 real sec
[M::mem_process_seqs] Processed 1001 reads in 0.701 CPU sec, 0.118 real sec
[M::mem_process_seqs] Processed 1001 reads in 0.851 CPU sec, 0.114 real sec
[M::mem_process_seqs] Processed 1001 reads in 0.827 CPU sec, 0.105 real sec
37924 [main] INFO main.java.edu.mit.compbio.bisulfitehic.mapping.Bhmem  - Processing reads 93000 ...
37924 [main] INFO main.java.edu.mit.compbio.bisulfitehic.mapping.Bhmem  - Unique mapped and paired reads 91150 ...
37927 [main] INFO main.java.edu.mit.compbio.bisulfitehic.mapping.Bhmem  - Processing reads 94000 ...
37927 [main] INFO main.java.edu.mit.compbio.bisulfitehic.mapping.Bhmem  - Unique mapped and paired reads 91150 ...
[M::mem_process_seqs] Processed 1001 reads in 0.662 CPU sec, 0.132 real sec
[M::mem_process_seqs] Processed 1001 reads in 0.695 CPU sec, 0.099 real sec
[M::mem_process_seqs] Processed 1001 reads in 0.788 CPU sec, 0.104 real sec
[M::mem_process_seqs] Processed 1001 reads in 0.720 CPU sec, 0.121 real sec
38505 [main] INFO main.java.edu.mit.compbio.bisulfitehic.mapping.Bhmem  - Processing reads 95000 ...
38505 [main] INFO main.java.edu.mit.compbio.bisulfitehic.mapping.Bhmem  - Unique mapped and paired reads 93138 ...
38508 [main] INFO main.java.edu.mit.compbio.bisulfitehic.mapping.Bhmem  - Processing reads 96000 ...
38508 [main] INFO main.java.edu.mit.compbio.bisulfitehic.mapping.Bhmem  - Unique mapped and paired reads 93138 ...
[M::mem_process_seqs] Processed 1001 reads in 0.701 CPU sec, 0.117 real sec
[M::mem_process_seqs] Processed 1001 reads in 0.668 CPU sec, 0.096 real sec
[M::mem_process_seqs] Processed 1001 reads in 0.806 CPU sec, 0.108 real sec
[M::mem_process_seqs] Processed 1001 reads in 0.708 CPU sec, 0.091 real sec
39049 [main] INFO main.java.edu.mit.compbio.bisulfitehic.mapping.Bhmem  - Processing reads 97000 ...
39049 [main] INFO main.java.edu.mit.compbio.bisulfitehic.mapping.Bhmem  - Unique mapped and paired reads 95130 ...
39053 [main] INFO main.java.edu.mit.compbio.bisulfitehic.mapping.Bhmem  - Processing reads 98000 ...
39053 [main] INFO main.java.edu.mit.compbio.bisulfitehic.mapping.Bhmem  - Unique mapped and paired reads 95130 ...
[M::mem_process_seqs] Processed 1001 reads in 0.736 CPU sec, 0.103 real sec
[M::mem_process_seqs] Processed 1001 reads in 0.638 CPU sec, 0.083 real sec
[M::mem_process_seqs] Processed 1001 reads in 0.731 CPU sec, 0.133 real sec
[M::mem_process_seqs] Processed 1001 reads in 0.703 CPU sec, 0.090 real sec
39584 [main] INFO main.java.edu.mit.compbio.bisulfitehic.mapping.Bhmem  - Processing reads 99000 ...
39584 [main] INFO main.java.edu.mit.compbio.bisulfitehic.mapping.Bhmem  - Unique mapped and paired reads 97114 ...
39587 [main] INFO main.java.edu.mit.compbio.bisulfitehic.mapping.Bhmem  - Processing reads 100000 ...
39587 [main] INFO main.java.edu.mit.compbio.bisulfitehic.mapping.Bhmem  - Unique mapped and paired reads 97114 ...
[M::mem_process_seqs] Processed 1001 reads in 0.775 CPU sec, 0.114 real sec
[M::mem_process_seqs] Processed 1001 reads in 0.744 CPU sec, 0.111 real sec
[M::mem_process_seqs] Processed 1001 reads in 0.860 CPU sec, 0.117 real sec
[M::mem_process_seqs] Processed 1001 reads in 0.813 CPU sec, 0.147 real sec
40206 [main] INFO main.java.edu.mit.compbio.bisulfitehic.mapping.Bhmem  - Processing reads 101000 ...
40206 [main] INFO main.java.edu.mit.compbio.bisulfitehic.mapping.Bhmem  - Unique mapped and paired reads 99098 ...
40209 [main] INFO main.java.edu.mit.compbio.bisulfitehic.mapping.Bhmem  - Processing reads 102000 ...
40210 [main] INFO main.java.edu.mit.compbio.bisulfitehic.mapping.Bhmem  - Unique mapped and paired reads 99098 ...
[M::mem_process_seqs] Processed 1001 reads in 0.789 CPU sec, 0.106 real sec
[M::mem_process_seqs] Processed 1001 reads in 0.728 CPU sec, 0.094 real sec
[M::mem_process_seqs] Processed 1001 reads in 0.887 CPU sec, 0.124 real sec
[M::mem_process_seqs] Processed 1001 reads in 0.791 CPU sec, 0.108 real sec
40766 [main] INFO main.java.edu.mit.compbio.bisulfitehic.mapping.Bhmem  - Processing reads 103000 ...
40766 [main] INFO main.java.edu.mit.compbio.bisulfitehic.mapping.Bhmem  - Unique mapped and paired reads 101080 ...
40769 [main] INFO main.java.edu.mit.compbio.bisulfitehic.mapping.Bhmem  - Processing reads 104000 ...
40769 [main] INFO main.java.edu.mit.compbio.bisulfitehic.mapping.Bhmem  - Unique mapped and paired reads 101080 ...
[M::mem_process_seqs] Processed 1001 reads in 0.733 CPU sec, 0.134 real sec
[M::mem_process_seqs] Processed 1001 reads in 0.728 CPU sec, 0.094 real sec
[M::mem_process_seqs] Processed 1001 reads in 0.864 CPU sec, 0.116 real sec
[M::mem_process_seqs] Processed 1001 reads in 0.918 CPU sec, 0.116 real sec
41358 [main] INFO main.java.edu.mit.compbio.bisulfitehic.mapping.Bhmem  - Processing reads 105000 ...
41359 [main] INFO main.java.edu.mit.compbio.bisulfitehic.mapping.Bhmem  - Unique mapped and paired reads 103062 ...
41362 [main] INFO main.java.edu.mit.compbio.bisulfitehic.mapping.Bhmem  - Processing reads 106000 ...
41362 [main] INFO main.java.edu.mit.compbio.bisulfitehic.mapping.Bhmem  - Unique mapped and paired reads 103062 ...
[M::mem_process_seqs] Processed 1001 reads in 0.763 CPU sec, 0.110 real sec
[M::mem_process_seqs] Processed 1001 reads in 0.713 CPU sec, 0.100 real sec
[M::mem_process_seqs] Processed 1001 reads in 0.775 CPU sec, 0.157 real sec
[M::mem_process_seqs] Processed 1001 reads in 0.812 CPU sec, 0.105 real sec
41963 [main] INFO main.java.edu.mit.compbio.bisulfitehic.mapping.Bhmem  - Processing reads 107000 ...
41964 [main] INFO main.java.edu.mit.compbio.bisulfitehic.mapping.Bhmem  - Unique mapped and paired reads 105048 ...
41966 [main] INFO main.java.edu.mit.compbio.bisulfitehic.mapping.Bhmem  - Processing reads 108000 ...
41966 [main] INFO main.java.edu.mit.compbio.bisulfitehic.mapping.Bhmem  - Unique mapped and paired reads 105048 ...
[M::mem_process_seqs] Processed 1001 reads in 0.738 CPU sec, 0.098 real sec
[M::mem_process_seqs] Processed 1001 reads in 0.704 CPU sec, 0.121 real sec
[M::mem_process_seqs] Processed 1001 reads in 0.752 CPU sec, 0.132 real sec
[M::mem_process_seqs] Processed 1001 reads in 0.777 CPU sec, 0.107 real sec
42558 [main] INFO main.java.edu.mit.compbio.bisulfitehic.mapping.Bhmem  - Processing reads 109000 ...
42558 [main] INFO main.java.edu.mit.compbio.bisulfitehic.mapping.Bhmem  - Unique mapped and paired reads 107034 ...
42561 [main] INFO main.java.edu.mit.compbio.bisulfitehic.mapping.Bhmem  - Processing reads 110000 ...
42561 [main] INFO main.java.edu.mit.compbio.bisulfitehic.mapping.Bhmem  - Unique mapped and paired reads 107034 ...
[M::mem_process_seqs] Processed 1001 reads in 0.744 CPU sec, 0.143 real sec
[M::mem_process_seqs] Processed 1001 reads in 0.623 CPU sec, 0.092 real sec
[M::mem_process_seqs] Processed 1001 reads in 0.819 CPU sec, 0.108 real sec
[M::mem_process_seqs] Processed 1001 reads in 0.705 CPU sec, 0.091 real sec
43120 [main] INFO main.java.edu.mit.compbio.bisulfitehic.mapping.Bhmem  - Processing reads 111000 ...
43120 [main] INFO main.java.edu.mit.compbio.bisulfitehic.mapping.Bhmem  - Unique mapped and paired reads 109022 ...
43123 [main] INFO main.java.edu.mit.compbio.bisulfitehic.mapping.Bhmem  - Processing reads 112000 ...
43123 [main] INFO main.java.edu.mit.compbio.bisulfitehic.mapping.Bhmem  - Unique mapped and paired reads 109022 ...
[M::mem_process_seqs] Processed 1001 reads in 0.725 CPU sec, 0.095 real sec
[M::mem_process_seqs] Processed 1001 reads in 0.678 CPU sec, 0.121 real sec
[M::mem_process_seqs] Processed 1001 reads in 0.783 CPU sec, 0.113 real sec
[M::mem_process_seqs] Processed 1001 reads in 0.752 CPU sec, 0.095 real sec
43675 [main] INFO main.java.edu.mit.compbio.bisulfitehic.mapping.Bhmem  - Processing reads 113000 ...
43675 [main] INFO main.java.edu.mit.compbio.bisulfitehic.mapping.Bhmem  - Unique mapped and paired reads 111002 ...
43678 [main] INFO main.java.edu.mit.compbio.bisulfitehic.mapping.Bhmem  - Processing reads 114000 ...
43678 [main] INFO main.java.edu.mit.compbio.bisulfitehic.mapping.Bhmem  - Unique mapped and paired reads 111002 ...
[M::mem_process_seqs] Processed 1001 reads in 0.795 CPU sec, 0.103 real sec
[M::mem_process_seqs] Processed 1001 reads in 0.699 CPU sec, 0.104 real sec
[M::mem_process_seqs] Processed 1001 reads in 0.872 CPU sec, 0.122 real sec
[M::mem_process_seqs] Processed 1001 reads in 0.815 CPU sec, 0.106 real sec
44246 [main] INFO main.java.edu.mit.compbio.bisulfitehic.mapping.Bhmem  - Processing reads 115000 ...
44246 [main] INFO main.java.edu.mit.compbio.bisulfitehic.mapping.Bhmem  - Unique mapped and paired reads 112978 ...
44249 [main] INFO main.java.edu.mit.compbio.bisulfitehic.mapping.Bhmem  - Processing reads 116000 ...
44249 [main] INFO main.java.edu.mit.compbio.bisulfitehic.mapping.Bhmem  - Unique mapped and paired reads 112978 ...
[M::mem_process_seqs] Processed 1001 reads in 0.732 CPU sec, 0.125 real sec
[M::mem_process_seqs] Processed 1001 reads in 0.770 CPU sec, 0.202 real sec
[M::mem_process_seqs] Processed 1001 reads in 0.889 CPU sec, 0.139 real sec
[M::mem_process_seqs] Processed 1001 reads in 0.767 CPU sec, 0.100 real sec
44949 [main] INFO main.java.edu.mit.compbio.bisulfitehic.mapping.Bhmem  - Processing reads 117000 ...
44949 [main] INFO main.java.edu.mit.compbio.bisulfitehic.mapping.Bhmem  - Unique mapped and paired reads 114968 ...
44952 [main] INFO main.java.edu.mit.compbio.bisulfitehic.mapping.Bhmem  - Processing reads 118000 ...
44952 [main] INFO main.java.edu.mit.compbio.bisulfitehic.mapping.Bhmem  - Unique mapped and paired reads 114968 ...
[M::mem_process_seqs] Processed 1001 reads in 0.742 CPU sec, 0.104 real sec
[M::mem_process_seqs] Processed 1001 reads in 0.668 CPU sec, 0.087 real sec
[M::mem_process_seqs] Processed 1001 reads in 0.801 CPU sec, 0.141 real sec
[M::mem_process_seqs] Processed 1001 reads in 0.816 CPU sec, 0.107 real sec
45525 [main] INFO main.java.edu.mit.compbio.bisulfitehic.mapping.Bhmem  - Processing reads 119000 ...
45525 [main] INFO main.java.edu.mit.compbio.bisulfitehic.mapping.Bhmem  - Unique mapped and paired reads 116948 ...
45528 [main] INFO main.java.edu.mit.compbio.bisulfitehic.mapping.Bhmem  - Processing reads 120000 ...
45528 [main] INFO main.java.edu.mit.compbio.bisulfitehic.mapping.Bhmem  - Unique mapped and paired reads 116948 ...
[M::mem_process_seqs] Processed 1001 reads in 0.757 CPU sec, 0.118 real sec
[M::mem_process_seqs] Processed 1001 reads in 0.689 CPU sec, 0.091 real sec
[M::mem_process_seqs] Processed 1001 reads in 0.805 CPU sec, 0.142 real sec
[M::mem_process_seqs] Processed 1001 reads in 0.737 CPU sec, 0.126 real sec
46130 [main] INFO main.java.edu.mit.compbio.bisulfitehic.mapping.Bhmem  - Processing reads 121000 ...
46130 [main] INFO main.java.edu.mit.compbio.bisulfitehic.mapping.Bhmem  - Unique mapped and paired reads 118928 ...
46133 [main] INFO main.java.edu.mit.compbio.bisulfitehic.mapping.Bhmem  - Processing reads 122000 ...
46133 [main] INFO main.java.edu.mit.compbio.bisulfitehic.mapping.Bhmem  - Unique mapped and paired reads 118928 ...
[M::mem_process_seqs] Processed 1001 reads in 0.846 CPU sec, 0.121 real sec
[M::mem_process_seqs] Processed 1001 reads in 0.714 CPU sec, 0.108 real sec
[M::mem_process_seqs] Processed 1001 reads in 0.838 CPU sec, 0.122 real sec
[M::mem_process_seqs] Processed 1001 reads in 0.747 CPU sec, 0.109 real sec
46724 [main] INFO main.java.edu.mit.compbio.bisulfitehic.mapping.Bhmem  - Processing reads 123000 ...
46724 [main] INFO main.java.edu.mit.compbio.bisulfitehic.mapping.Bhmem  - Unique mapped and paired reads 120912 ...
46727 [main] INFO main.java.edu.mit.compbio.bisulfitehic.mapping.Bhmem  - Processing reads 124000 ...
46727 [main] INFO main.java.edu.mit.compbio.bisulfitehic.mapping.Bhmem  - Unique mapped and paired reads 120912 ...
[M::mem_process_seqs] Processed 1001 reads in 0.867 CPU sec, 0.124 real sec
[M::mem_process_seqs] Processed 1001 reads in 0.796 CPU sec, 0.121 real sec
[M::mem_process_seqs] Processed 1001 reads in 0.924 CPU sec, 0.133 real sec
[M::mem_process_seqs] Processed 1001 reads in 0.870 CPU sec, 0.120 real sec
47359 [main] INFO main.java.edu.mit.compbio.bisulfitehic.mapping.Bhmem  - Processing reads 125000 ...
47359 [main] INFO main.java.edu.mit.compbio.bisulfitehic.mapping.Bhmem  - Unique mapped and paired reads 122900 ...
47362 [main] INFO main.java.edu.mit.compbio.bisulfitehic.mapping.Bhmem  - Processing reads 126000 ...
47362 [main] INFO main.java.edu.mit.compbio.bisulfitehic.mapping.Bhmem  - Unique mapped and paired reads 122900 ...
[M::mem_process_seqs] Processed 1001 reads in 0.826 CPU sec, 0.106 real sec
[M::mem_process_seqs] Processed 1001 reads in 0.716 CPU sec, 0.105 real sec
[M::mem_process_seqs] Processed 1001 reads in 0.837 CPU sec, 0.129 real sec
[M::mem_process_seqs] Processed 1001 reads in 0.845 CPU sec, 0.113 real sec
47943 [main] INFO main.java.edu.mit.compbio.bisulfitehic.mapping.Bhmem  - Processing reads 127000 ...
47943 [main] INFO main.java.edu.mit.compbio.bisulfitehic.mapping.Bhmem  - Unique mapped and paired reads 124882 ...
47946 [main] INFO main.java.edu.mit.compbio.bisulfitehic.mapping.Bhmem  - Processing reads 128000 ...
47946 [main] INFO main.java.edu.mit.compbio.bisulfitehic.mapping.Bhmem  - Unique mapped and paired reads 124882 ...
[M::mem_process_seqs] Processed 1001 reads in 0.780 CPU sec, 0.108 real sec
[M::mem_process_seqs] Processed 1001 reads in 0.726 CPU sec, 0.093 real sec
[M::mem_process_seqs] Processed 1001 reads in 0.845 CPU sec, 0.109 real sec
[M::mem_process_seqs] Processed 1001 reads in 0.760 CPU sec, 0.112 real sec
48514 [main] INFO main.java.edu.mit.compbio.bisulfitehic.mapping.Bhmem  - Processing reads 129000 ...
48514 [main] INFO main.java.edu.mit.compbio.bisulfitehic.mapping.Bhmem  - Unique mapped and paired reads 126864 ...
48517 [main] INFO main.java.edu.mit.compbio.bisulfitehic.mapping.Bhmem  - Processing reads 130000 ...
48517 [main] INFO main.java.edu.mit.compbio.bisulfitehic.mapping.Bhmem  - Unique mapped and paired reads 126864 ...
[M::mem_process_seqs] Processed 1001 reads in 0.750 CPU sec, 0.112 real sec
[M::mem_process_seqs] Processed 1001 reads in 0.703 CPU sec, 0.094 real sec
[M::mem_process_seqs] Processed 1001 reads in 0.790 CPU sec, 0.120 real sec
[M::mem_process_seqs] Processed 1001 reads in 0.776 CPU sec, 0.101 real sec
49072 [main] INFO main.java.edu.mit.compbio.bisulfitehic.mapping.Bhmem  - Processing reads 131000 ...
49072 [main] INFO main.java.edu.mit.compbio.bisulfitehic.mapping.Bhmem  - Unique mapped and paired reads 128844 ...
49075 [main] INFO main.java.edu.mit.compbio.bisulfitehic.mapping.Bhmem  - Processing reads 132000 ...
49075 [main] INFO main.java.edu.mit.compbio.bisulfitehic.mapping.Bhmem  - Unique mapped and paired reads 128844 ...
[M::mem_process_seqs] Processed 1001 reads in 0.853 CPU sec, 0.113 real sec
[M::mem_process_seqs] Processed 1001 reads in 0.745 CPU sec, 0.101 real sec
[M::mem_process_seqs] Processed 1001 reads in 0.896 CPU sec, 0.114 real sec
[M::mem_process_seqs] Processed 1001 reads in 0.859 CPU sec, 0.126 real sec
49678 [main] INFO main.java.edu.mit.compbio.bisulfitehic.mapping.Bhmem  - Processing reads 133000 ...
49678 [main] INFO main.java.edu.mit.compbio.bisulfitehic.mapping.Bhmem  - Unique mapped and paired reads 130826 ...
49682 [main] INFO main.java.edu.mit.compbio.bisulfitehic.mapping.Bhmem  - Processing reads 134000 ...
49682 [main] INFO main.java.edu.mit.compbio.bisulfitehic.mapping.Bhmem  - Unique mapped and paired reads 130826 ...
[M::mem_process_seqs] Processed 1001 reads in 0.785 CPU sec, 0.100 real sec
[M::mem_process_seqs] Processed 1001 reads in 0.697 CPU sec, 0.102 real sec
[M::mem_process_seqs] Processed 1001 reads in 0.810 CPU sec, 0.118 real sec
[M::mem_process_seqs] Processed 1001 reads in 0.783 CPU sec, 0.127 real sec
50258 [main] INFO main.java.edu.mit.compbio.bisulfitehic.mapping.Bhmem  - Processing reads 135000 ...
50258 [main] INFO main.java.edu.mit.compbio.bisulfitehic.mapping.Bhmem  - Unique mapped and paired reads 132802 ...
50261 [main] INFO main.java.edu.mit.compbio.bisulfitehic.mapping.Bhmem  - Processing reads 136000 ...
50261 [main] INFO main.java.edu.mit.compbio.bisulfitehic.mapping.Bhmem  - Unique mapped and paired reads 132802 ...
[M::mem_process_seqs] Processed 1001 reads in 0.715 CPU sec, 0.130 real sec
[M::mem_process_seqs] Processed 1001 reads in 0.693 CPU sec, 0.100 real sec
[M::mem_process_seqs] Processed 1001 reads in 0.789 CPU sec, 0.112 real sec
[M::mem_process_seqs] Processed 1001 reads in 0.739 CPU sec, 0.097 real sec
50828 [main] INFO main.java.edu.mit.compbio.bisulfitehic.mapping.Bhmem  - Processing reads 137000 ...
50828 [main] INFO main.java.edu.mit.compbio.bisulfitehic.mapping.Bhmem  - Unique mapped and paired reads 134786 ...
50831 [main] INFO main.java.edu.mit.compbio.bisulfitehic.mapping.Bhmem  - Processing reads 138000 ...
50831 [main] INFO main.java.edu.mit.compbio.bisulfitehic.mapping.Bhmem  - Unique mapped and paired reads 134786 ...
[M::mem_process_seqs] Processed 1001 reads in 0.862 CPU sec, 0.150 real sec
[M::mem_process_seqs] Processed 1001 reads in 0.808 CPU sec, 0.131 real sec
[M::mem_process_seqs] Processed 1001 reads in 0.873 CPU sec, 0.113 real sec
[M::mem_process_seqs] Processed 1001 reads in 0.787 CPU sec, 0.116 real sec
51473 [main] INFO main.java.edu.mit.compbio.bisulfitehic.mapping.Bhmem  - Processing reads 139000 ...
51474 [main] INFO main.java.edu.mit.compbio.bisulfitehic.mapping.Bhmem  - Unique mapped and paired reads 136760 ...
51476 [main] INFO main.java.edu.mit.compbio.bisulfitehic.mapping.Bhmem  - Processing reads 140000 ...
51476 [main] INFO main.java.edu.mit.compbio.bisulfitehic.mapping.Bhmem  - Unique mapped and paired reads 136760 ...
[M::mem_process_seqs] Processed 1001 reads in 0.837 CPU sec, 0.123 real sec
[M::mem_process_seqs] Processed 1001 reads in 0.716 CPU sec, 0.116 real sec
[M::mem_process_seqs] Processed 1001 reads in 0.853 CPU sec, 0.115 real sec
[M::mem_process_seqs] Processed 1001 reads in 0.749 CPU sec, 0.143 real sec
52101 [main] INFO main.java.edu.mit.compbio.bisulfitehic.mapping.Bhmem  - Processing reads 141000 ...
52101 [main] INFO main.java.edu.mit.compbio.bisulfitehic.mapping.Bhmem  - Unique mapped and paired reads 138750 ...
52104 [main] INFO main.java.edu.mit.compbio.bisulfitehic.mapping.Bhmem  - Processing reads 142000 ...
52104 [main] INFO main.java.edu.mit.compbio.bisulfitehic.mapping.Bhmem  - Unique mapped and paired reads 138750 ...
[M::mem_process_seqs] Processed 1001 reads in 0.821 CPU sec, 0.110 real sec
[M::mem_process_seqs] Processed 1001 reads in 0.786 CPU sec, 0.114 real sec
[M::mem_process_seqs] Processed 1001 reads in 0.814 CPU sec, 0.117 real sec
[M::mem_process_seqs] Processed 1001 reads in 0.811 CPU sec, 0.104 real sec
52681 [main] INFO main.java.edu.mit.compbio.bisulfitehic.mapping.Bhmem  - Processing reads 143000 ...
52681 [main] INFO main.java.edu.mit.compbio.bisulfitehic.mapping.Bhmem  - Unique mapped and paired reads 140732 ...
52684 [main] INFO main.java.edu.mit.compbio.bisulfitehic.mapping.Bhmem  - Processing reads 144000 ...
52684 [main] INFO main.java.edu.mit.compbio.bisulfitehic.mapping.Bhmem  - Unique mapped and paired reads 140732 ...
[M::mem_process_seqs] Processed 1001 reads in 0.738 CPU sec, 0.109 real sec
[M::mem_process_seqs] Processed 1001 reads in 0.669 CPU sec, 0.106 real sec
[M::mem_process_seqs] Processed 1001 reads in 0.866 CPU sec, 0.109 real sec
[M::mem_process_seqs] Processed 1001 reads in 0.767 CPU sec, 0.108 real sec
53245 [main] INFO main.java.edu.mit.compbio.bisulfitehic.mapping.Bhmem  - Processing reads 145000 ...
53245 [main] INFO main.java.edu.mit.compbio.bisulfitehic.mapping.Bhmem  - Unique mapped and paired reads 142716 ...
53248 [main] INFO main.java.edu.mit.compbio.bisulfitehic.mapping.Bhmem  - Processing reads 146000 ...
53248 [main] INFO main.java.edu.mit.compbio.bisulfitehic.mapping.Bhmem  - Unique mapped and paired reads 142716 ...
[M::mem_process_seqs] Processed 1001 reads in 0.677 CPU sec, 0.098 real sec
[M::mem_process_seqs] Processed 1001 reads in 0.605 CPU sec, 0.077 real sec
[M::mem_process_seqs] Processed 1001 reads in 0.693 CPU sec, 0.093 real sec
[M::mem_process_seqs] Processed 1001 reads in 0.651 CPU sec, 0.098 real sec
53739 [main] INFO main.java.edu.mit.compbio.bisulfitehic.mapping.Bhmem  - Processing reads 147000 ...
53739 [main] INFO main.java.edu.mit.compbio.bisulfitehic.mapping.Bhmem  - Unique mapped and paired reads 144694 ...
53742 [main] INFO main.java.edu.mit.compbio.bisulfitehic.mapping.Bhmem  - Processing reads 148000 ...
53742 [main] INFO main.java.edu.mit.compbio.bisulfitehic.mapping.Bhmem  - Unique mapped and paired reads 144694 ...
[M::mem_process_seqs] Processed 1001 reads in 0.816 CPU sec, 0.109 real sec
[M::mem_process_seqs] Processed 1001 reads in 0.722 CPU sec, 0.105 real sec
[M::mem_process_seqs] Processed 1001 reads in 0.785 CPU sec, 0.119 real sec
[M::mem_process_seqs] Processed 1001 reads in 0.767 CPU sec, 0.118 real sec
54324 [main] INFO main.java.edu.mit.compbio.bisulfitehic.mapping.Bhmem  - Processing reads 149000 ...
54324 [main] INFO main.java.edu.mit.compbio.bisulfitehic.mapping.Bhmem  - Unique mapped and paired reads 146676 ...
54327 [main] INFO main.java.edu.mit.compbio.bisulfitehic.mapping.Bhmem  - Processing reads 150000 ...
54327 [main] INFO main.java.edu.mit.compbio.bisulfitehic.mapping.Bhmem  - Unique mapped and paired reads 146676 ...
[M::mem_process_seqs] Processed 1001 reads in 0.804 CPU sec, 0.102 real sec
[M::mem_process_seqs] Processed 1001 reads in 0.746 CPU sec, 0.113 real sec
[M::mem_process_seqs] Processed 1001 reads in 0.815 CPU sec, 0.109 real sec
[M::mem_process_seqs] Processed 1001 reads in 0.795 CPU sec, 0.101 real sec
54884 [main] INFO main.java.edu.mit.compbio.bisulfitehic.mapping.Bhmem  - Processing reads 151000 ...
54884 [main] INFO main.java.edu.mit.compbio.bisulfitehic.mapping.Bhmem  - Unique mapped and paired reads 148660 ...
54887 [main] INFO main.java.edu.mit.compbio.bisulfitehic.mapping.Bhmem  - Processing reads 152000 ...
54887 [main] INFO main.java.edu.mit.compbio.bisulfitehic.mapping.Bhmem  - Unique mapped and paired reads 148660 ...
[M::mem_process_seqs] Processed 1001 reads in 0.774 CPU sec, 0.102 real sec
[M::mem_process_seqs] Processed 1001 reads in 0.658 CPU sec, 0.096 real sec
[M::mem_process_seqs] Processed 1001 reads in 0.813 CPU sec, 0.104 real sec
[M::mem_process_seqs] Processed 1001 reads in 0.742 CPU sec, 0.095 real sec
55408 [main] INFO main.java.edu.mit.compbio.bisulfitehic.mapping.Bhmem  - Processing reads 153000 ...
55408 [main] INFO main.java.edu.mit.compbio.bisulfitehic.mapping.Bhmem  - Unique mapped and paired reads 150646 ...
55411 [main] INFO main.java.edu.mit.compbio.bisulfitehic.mapping.Bhmem  - Processing reads 154000 ...
55411 [main] INFO main.java.edu.mit.compbio.bisulfitehic.mapping.Bhmem  - Unique mapped and paired reads 150646 ...
[M::mem_process_seqs] Processed 1001 reads in 0.845 CPU sec, 0.108 real sec
[M::mem_process_seqs] Processed 1001 reads in 0.707 CPU sec, 0.102 real sec
[M::mem_process_seqs] Processed 1001 reads in 0.878 CPU sec, 0.118 real sec
[M::mem_process_seqs] Processed 1001 reads in 0.800 CPU sec, 0.102 real sec
55969 [main] INFO main.java.edu.mit.compbio.bisulfitehic.mapping.Bhmem  - Processing reads 155000 ...
55970 [main] INFO main.java.edu.mit.compbio.bisulfitehic.mapping.Bhmem  - Unique mapped and paired reads 152628 ...
55973 [main] INFO main.java.edu.mit.compbio.bisulfitehic.mapping.Bhmem  - Processing reads 156000 ...
55973 [main] INFO main.java.edu.mit.compbio.bisulfitehic.mapping.Bhmem  - Unique mapped and paired reads 152628 ...
[M::mem_process_seqs] Processed 1001 reads in 0.764 CPU sec, 0.097 real sec
[M::mem_process_seqs] Processed 1001 reads in 0.667 CPU sec, 0.096 real sec
[M::mem_process_seqs] Processed 1001 reads in 0.766 CPU sec, 0.115 real sec
[M::mem_process_seqs] Processed 1001 reads in 0.762 CPU sec, 0.103 real sec
56507 [main] INFO main.java.edu.mit.compbio.bisulfitehic.mapping.Bhmem  - Processing reads 157000 ...
56507 [main] INFO main.java.edu.mit.compbio.bisulfitehic.mapping.Bhmem  - Unique mapped and paired reads 154610 ...
56510 [main] INFO main.java.edu.mit.compbio.bisulfitehic.mapping.Bhmem  - Processing reads 158000 ...
56510 [main] INFO main.java.edu.mit.compbio.bisulfitehic.mapping.Bhmem  - Unique mapped and paired reads 154610 ...
[M::mem_process_seqs] Processed 1001 reads in 0.787 CPU sec, 0.114 real sec
[M::mem_process_seqs] Processed 1001 reads in 0.713 CPU sec, 0.106 real sec
[M::mem_process_seqs] Processed 1001 reads in 0.785 CPU sec, 0.104 real sec
[M::mem_process_seqs] Processed 1001 reads in 0.723 CPU sec, 0.106 real sec
57068 [main] INFO main.java.edu.mit.compbio.bisulfitehic.mapping.Bhmem  - Processing reads 159000 ...
57068 [main] INFO main.java.edu.mit.compbio.bisulfitehic.mapping.Bhmem  - Unique mapped and paired reads 156590 ...
57071 [main] INFO main.java.edu.mit.compbio.bisulfitehic.mapping.Bhmem  - Processing reads 160000 ...
57071 [main] INFO main.java.edu.mit.compbio.bisulfitehic.mapping.Bhmem  - Unique mapped and paired reads 156590 ...
[M::mem_process_seqs] Processed 1001 reads in 0.795 CPU sec, 0.131 real sec
[M::mem_process_seqs] Processed 1001 reads in 0.673 CPU sec, 0.113 real sec
[M::mem_process_seqs] Processed 1001 reads in 0.804 CPU sec, 0.123 real sec
[M::mem_process_seqs] Processed 1001 reads in 0.748 CPU sec, 0.110 real sec
57678 [main] INFO main.java.edu.mit.compbio.bisulfitehic.mapping.Bhmem  - Processing reads 161000 ...
57678 [main] INFO main.java.edu.mit.compbio.bisulfitehic.mapping.Bhmem  - Unique mapped and paired reads 158568 ...
57681 [main] INFO main.java.edu.mit.compbio.bisulfitehic.mapping.Bhmem  - Processing reads 162000 ...
57681 [main] INFO main.java.edu.mit.compbio.bisulfitehic.mapping.Bhmem  - Unique mapped and paired reads 158568 ...
[M::mem_process_seqs] Processed 1001 reads in 1.137 CPU sec, 0.178 real sec
[M::mem_process_seqs] Processed 1001 reads in 1.076 CPU sec, 0.136 real sec
[M::mem_process_seqs] Processed 1001 reads in 0.716 CPU sec, 0.125 real sec
[M::mem_process_seqs] Processed 1001 reads in 0.637 CPU sec, 0.083 real sec
58355 [main] INFO main.java.edu.mit.compbio.bisulfitehic.mapping.Bhmem  - Processing reads 163000 ...
58355 [main] INFO main.java.edu.mit.compbio.bisulfitehic.mapping.Bhmem  - Unique mapped and paired reads 160538 ...
58358 [main] INFO main.java.edu.mit.compbio.bisulfitehic.mapping.Bhmem  - Processing reads 164000 ...
58358 [main] INFO main.java.edu.mit.compbio.bisulfitehic.mapping.Bhmem  - Unique mapped and paired reads 160538 ...
[M::mem_process_seqs] Processed 1001 reads in 1.195 CPU sec, 0.178 real sec
[M::mem_process_seqs] Processed 1001 reads in 1.164 CPU sec, 0.156 real sec
[M::mem_process_seqs] Processed 1001 reads in 0.609 CPU sec, 0.094 real sec
[M::mem_process_seqs] Processed 1001 reads in 0.508 CPU sec, 0.071 real sec
59016 [main] INFO main.java.edu.mit.compbio.bisulfitehic.mapping.Bhmem  - Processing reads 165000 ...
59016 [main] INFO main.java.edu.mit.compbio.bisulfitehic.mapping.Bhmem  - Unique mapped and paired reads 162508 ...
59019 [main] INFO main.java.edu.mit.compbio.bisulfitehic.mapping.Bhmem  - Processing reads 166000 ...
59019 [main] INFO main.java.edu.mit.compbio.bisulfitehic.mapping.Bhmem  - Unique mapped and paired reads 162508 ...
[M::mem_process_seqs] Processed 1001 reads in 0.891 CPU sec, 0.144 real sec
[M::mem_process_seqs] Processed 1001 reads in 0.823 CPU sec, 0.104 real sec
[M::mem_process_seqs] Processed 1001 reads in 0.744 CPU sec, 0.130 real sec
[M::mem_process_seqs] Processed 1001 reads in 0.715 CPU sec, 0.096 real sec
59647 [main] INFO main.java.edu.mit.compbio.bisulfitehic.mapping.Bhmem  - Processing reads 167000 ...
59647 [main] INFO main.java.edu.mit.compbio.bisulfitehic.mapping.Bhmem  - Unique mapped and paired reads 164494 ...
59650 [main] INFO main.java.edu.mit.compbio.bisulfitehic.mapping.Bhmem  - Processing reads 168000 ...
59650 [main] INFO main.java.edu.mit.compbio.bisulfitehic.mapping.Bhmem  - Unique mapped and paired reads 164494 ...
[M::mem_process_seqs] Processed 1001 reads in 0.763 CPU sec, 0.097 real sec
[M::mem_process_seqs] Processed 1001 reads in 0.717 CPU sec, 0.096 real sec
[M::mem_process_seqs] Processed 1001 reads in 0.790 CPU sec, 0.123 real sec
[M::mem_process_seqs] Processed 1001 reads in 0.836 CPU sec, 0.121 real sec
60216 [main] INFO main.java.edu.mit.compbio.bisulfitehic.mapping.Bhmem  - Processing reads 169000 ...
60216 [main] INFO main.java.edu.mit.compbio.bisulfitehic.mapping.Bhmem  - Unique mapped and paired reads 166482 ...
60219 [main] INFO main.java.edu.mit.compbio.bisulfitehic.mapping.Bhmem  - Processing reads 170000 ...
60219 [main] INFO main.java.edu.mit.compbio.bisulfitehic.mapping.Bhmem  - Unique mapped and paired reads 166482 ...
[M::mem_process_seqs] Processed 1001 reads in 0.733 CPU sec, 0.126 real sec
[M::mem_process_seqs] Processed 1001 reads in 0.697 CPU sec, 0.095 real sec
[M::mem_process_seqs] Processed 1001 reads in 0.796 CPU sec, 0.104 real sec
[M::mem_process_seqs] Processed 1001 reads in 0.790 CPU sec, 0.109 real sec
60786 [main] INFO main.java.edu.mit.compbio.bisulfitehic.mapping.Bhmem  - Processing reads 171000 ...
60786 [main] INFO main.java.edu.mit.compbio.bisulfitehic.mapping.Bhmem  - Unique mapped and paired reads 168454 ...
60789 [main] INFO main.java.edu.mit.compbio.bisulfitehic.mapping.Bhmem  - Processing reads 172000 ...
60789 [main] INFO main.java.edu.mit.compbio.bisulfitehic.mapping.Bhmem  - Unique mapped and paired reads 168454 ...
[M::mem_process_seqs] Processed 1001 reads in 0.780 CPU sec, 0.099 real sec
[M::mem_process_seqs] Processed 1001 reads in 0.753 CPU sec, 0.101 real sec
[M::mem_process_seqs] Processed 1001 reads in 0.839 CPU sec, 0.110 real sec
[M::mem_process_seqs] Processed 1001 reads in 0.775 CPU sec, 0.100 real sec
61328 [main] INFO main.java.edu.mit.compbio.bisulfitehic.mapping.Bhmem  - Processing reads 173000 ...
61328 [main] INFO main.java.edu.mit.compbio.bisulfitehic.mapping.Bhmem  - Unique mapped and paired reads 170432 ...
61331 [main] INFO main.java.edu.mit.compbio.bisulfitehic.mapping.Bhmem  - Processing reads 174000 ...
61331 [main] INFO main.java.edu.mit.compbio.bisulfitehic.mapping.Bhmem  - Unique mapped and paired reads 170432 ...
[M::mem_process_seqs] Processed 1001 reads in 0.761 CPU sec, 0.110 real sec
[M::mem_process_seqs] Processed 1001 reads in 0.704 CPU sec, 0.117 real sec
[M::mem_process_seqs] Processed 1001 reads in 0.817 CPU sec, 0.103 real sec
[M::mem_process_seqs] Processed 1001 reads in 0.748 CPU sec, 0.095 real sec
61885 [main] INFO main.java.edu.mit.compbio.bisulfitehic.mapping.Bhmem  - Processing reads 175000 ...
61885 [main] INFO main.java.edu.mit.compbio.bisulfitehic.mapping.Bhmem  - Unique mapped and paired reads 172410 ...
61888 [main] INFO main.java.edu.mit.compbio.bisulfitehic.mapping.Bhmem  - Processing reads 176000 ...
61888 [main] INFO main.java.edu.mit.compbio.bisulfitehic.mapping.Bhmem  - Unique mapped and paired reads 172410 ...
[M::mem_process_seqs] Processed 1001 reads in 0.790 CPU sec, 0.104 real sec
[M::mem_process_seqs] Processed 1001 reads in 0.674 CPU sec, 0.097 real sec
[M::mem_process_seqs] Processed 1001 reads in 0.841 CPU sec, 0.124 real sec
[M::mem_process_seqs] Processed 1001 reads in 0.801 CPU sec, 0.122 real sec
62466 [main] INFO main.java.edu.mit.compbio.bisulfitehic.mapping.Bhmem  - Processing reads 177000 ...
62466 [main] INFO main.java.edu.mit.compbio.bisulfitehic.mapping.Bhmem  - Unique mapped and paired reads 174402 ...
62469 [main] INFO main.java.edu.mit.compbio.bisulfitehic.mapping.Bhmem  - Processing reads 178000 ...
62469 [main] INFO main.java.edu.mit.compbio.bisulfitehic.mapping.Bhmem  - Unique mapped and paired reads 174402 ...
[M::mem_process_seqs] Processed 1001 reads in 0.806 CPU sec, 0.133 real sec
[M::mem_process_seqs] Processed 1001 reads in 0.748 CPU sec, 0.128 real sec
[M::mem_process_seqs] Processed 1001 reads in 0.907 CPU sec, 0.127 real sec
[M::mem_process_seqs] Processed 1001 reads in 0.812 CPU sec, 0.105 real sec
63101 [main] INFO main.java.edu.mit.compbio.bisulfitehic.mapping.Bhmem  - Processing reads 179000 ...
63101 [main] INFO main.java.edu.mit.compbio.bisulfitehic.mapping.Bhmem  - Unique mapped and paired reads 176384 ...
63104 [main] INFO main.java.edu.mit.compbio.bisulfitehic.mapping.Bhmem  - Processing reads 180000 ...
63104 [main] INFO main.java.edu.mit.compbio.bisulfitehic.mapping.Bhmem  - Unique mapped and paired reads 176384 ...
[M::mem_process_seqs] Processed 1001 reads in 0.758 CPU sec, 0.147 real sec
[M::mem_process_seqs] Processed 1001 reads in 0.737 CPU sec, 0.094 real sec
[M::mem_process_seqs] Processed 1001 reads in 0.832 CPU sec, 0.111 real sec
[M::mem_process_seqs] Processed 1001 reads in 0.819 CPU sec, 0.110 real sec
63697 [main] INFO main.java.edu.mit.compbio.bisulfitehic.mapping.Bhmem  - Processing reads 181000 ...
63697 [main] INFO main.java.edu.mit.compbio.bisulfitehic.mapping.Bhmem  - Unique mapped and paired reads 178370 ...
63700 [main] INFO main.java.edu.mit.compbio.bisulfitehic.mapping.Bhmem  - Processing reads 182000 ...
63700 [main] INFO main.java.edu.mit.compbio.bisulfitehic.mapping.Bhmem  - Unique mapped and paired reads 178370 ...
[M::mem_process_seqs] Processed 1001 reads in 0.762 CPU sec, 0.109 real sec
[M::mem_process_seqs] Processed 1001 reads in 0.733 CPU sec, 0.093 real sec
[M::mem_process_seqs] Processed 1001 reads in 0.800 CPU sec, 0.126 real sec
[M::mem_process_seqs] Processed 1001 reads in 0.914 CPU sec, 0.126 real sec
64288 [main] INFO main.java.edu.mit.compbio.bisulfitehic.mapping.Bhmem  - Processing reads 183000 ...
64289 [main] INFO main.java.edu.mit.compbio.bisulfitehic.mapping.Bhmem  - Unique mapped and paired reads 180358 ...
64291 [main] INFO main.java.edu.mit.compbio.bisulfitehic.mapping.Bhmem  - Processing reads 184000 ...
64292 [main] INFO main.java.edu.mit.compbio.bisulfitehic.mapping.Bhmem  - Unique mapped and paired reads 180358 ...
[M::mem_process_seqs] Processed 1001 reads in 1.123 CPU sec, 0.155 real sec
[M::mem_process_seqs] Processed 1001 reads in 1.083 CPU sec, 0.149 real sec
[M::mem_process_seqs] Processed 1001 reads in 0.683 CPU sec, 0.089 real sec
[M::mem_process_seqs] Processed 1001 reads in 0.606 CPU sec, 0.107 real sec
64946 [main] INFO main.java.edu.mit.compbio.bisulfitehic.mapping.Bhmem  - Processing reads 185000 ...
64946 [main] INFO main.java.edu.mit.compbio.bisulfitehic.mapping.Bhmem  - Unique mapped and paired reads 182342 ...
64949 [main] INFO main.java.edu.mit.compbio.bisulfitehic.mapping.Bhmem  - Processing reads 186000 ...
64949 [main] INFO main.java.edu.mit.compbio.bisulfitehic.mapping.Bhmem  - Unique mapped and paired reads 182342 ...
[M::mem_process_seqs] Processed 1001 reads in 1.160 CPU sec, 0.148 real sec
[M::mem_process_seqs] Processed 1001 reads in 1.123 CPU sec, 0.145 real sec
[M::mem_process_seqs] Processed 1001 reads in 0.653 CPU sec, 0.130 real sec
[M::mem_process_seqs] Processed 1001 reads in 0.630 CPU sec, 0.114 real sec
65651 [main] INFO main.java.edu.mit.compbio.bisulfitehic.mapping.Bhmem  - Processing reads 187000 ...
65651 [main] INFO main.java.edu.mit.compbio.bisulfitehic.mapping.Bhmem  - Unique mapped and paired reads 184298 ...
65654 [main] INFO main.java.edu.mit.compbio.bisulfitehic.mapping.Bhmem  - Processing reads 188000 ...
65654 [main] INFO main.java.edu.mit.compbio.bisulfitehic.mapping.Bhmem  - Unique mapped and paired reads 184298 ...
[M::mem_process_seqs] Processed 1001 reads in 0.911 CPU sec, 0.160 real sec
[M::mem_process_seqs] Processed 1001 reads in 0.929 CPU sec, 0.127 real sec
[M::mem_process_seqs] Processed 1001 reads in 0.765 CPU sec, 0.124 real sec
[M::mem_process_seqs] Processed 1001 reads in 0.709 CPU sec, 0.110 real sec
66317 [main] INFO main.java.edu.mit.compbio.bisulfitehic.mapping.Bhmem  - Processing reads 189000 ...
66317 [main] INFO main.java.edu.mit.compbio.bisulfitehic.mapping.Bhmem  - Unique mapped and paired reads 186266 ...
66320 [main] INFO main.java.edu.mit.compbio.bisulfitehic.mapping.Bhmem  - Processing reads 190000 ...
66320 [main] INFO main.java.edu.mit.compbio.bisulfitehic.mapping.Bhmem  - Unique mapped and paired reads 186266 ...
[M::mem_process_seqs] Processed 1001 reads in 0.817 CPU sec, 0.121 real sec
[M::mem_process_seqs] Processed 1001 reads in 0.723 CPU sec, 0.094 real sec
[M::mem_process_seqs] Processed 1001 reads in 0.885 CPU sec, 0.113 real sec
[M::mem_process_seqs] Processed 1001 reads in 0.792 CPU sec, 0.117 real sec
66896 [main] INFO main.java.edu.mit.compbio.bisulfitehic.mapping.Bhmem  - Processing reads 191000 ...
66896 [main] INFO main.java.edu.mit.compbio.bisulfitehic.mapping.Bhmem  - Unique mapped and paired reads 188260 ...
66899 [main] INFO main.java.edu.mit.compbio.bisulfitehic.mapping.Bhmem  - Processing reads 192000 ...
66899 [main] INFO main.java.edu.mit.compbio.bisulfitehic.mapping.Bhmem  - Unique mapped and paired reads 188260 ...
[M::mem_process_seqs] Processed 1001 reads in 0.755 CPU sec, 0.098 real sec
[M::mem_process_seqs] Processed 1001 reads in 0.683 CPU sec, 0.100 real sec
[M::mem_process_seqs] Processed 1001 reads in 0.823 CPU sec, 0.128 real sec
[M::mem_process_seqs] Processed 1001 reads in 0.757 CPU sec, 0.097 real sec
67454 [main] INFO main.java.edu.mit.compbio.bisulfitehic.mapping.Bhmem  - Processing reads 193000 ...
67454 [main] INFO main.java.edu.mit.compbio.bisulfitehic.mapping.Bhmem  - Unique mapped and paired reads 190242 ...
67457 [main] INFO main.java.edu.mit.compbio.bisulfitehic.mapping.Bhmem  - Processing reads 194000 ...
67457 [main] INFO main.java.edu.mit.compbio.bisulfitehic.mapping.Bhmem  - Unique mapped and paired reads 190242 ...
[M::mem_process_seqs] Processed 1001 reads in 0.764 CPU sec, 0.113 real sec
[M::mem_process_seqs] Processed 1001 reads in 0.680 CPU sec, 0.122 real sec
[M::mem_process_seqs] Processed 1001 reads in 0.827 CPU sec, 0.112 real sec
[M::mem_process_seqs] Processed 1001 reads in 0.780 CPU sec, 0.107 real sec
68040 [main] INFO main.java.edu.mit.compbio.bisulfitehic.mapping.Bhmem  - Processing reads 195000 ...
68040 [main] INFO main.java.edu.mit.compbio.bisulfitehic.mapping.Bhmem  - Unique mapped and paired reads 192218 ...
68044 [main] INFO main.java.edu.mit.compbio.bisulfitehic.mapping.Bhmem  - Processing reads 196000 ...
68044 [main] INFO main.java.edu.mit.compbio.bisulfitehic.mapping.Bhmem  - Unique mapped and paired reads 192218 ...
[M::mem_process_seqs] Processed 1001 reads in 0.731 CPU sec, 0.099 real sec
[M::mem_process_seqs] Processed 1001 reads in 0.690 CPU sec, 0.090 real sec
[M::mem_process_seqs] Processed 1001 reads in 0.737 CPU sec, 0.113 real sec
[M::mem_process_seqs] Processed 1001 reads in 0.735 CPU sec, 0.094 real sec
68569 [main] INFO main.java.edu.mit.compbio.bisulfitehic.mapping.Bhmem  - Processing reads 197000 ...
68569 [main] INFO main.java.edu.mit.compbio.bisulfitehic.mapping.Bhmem  - Unique mapped and paired reads 194194 ...
68572 [main] INFO main.java.edu.mit.compbio.bisulfitehic.mapping.Bhmem  - Processing reads 198000 ...
68572 [main] INFO main.java.edu.mit.compbio.bisulfitehic.mapping.Bhmem  - Unique mapped and paired reads 194194 ...
[M::mem_process_seqs] Processed 1001 reads in 0.770 CPU sec, 0.116 real sec
[M::mem_process_seqs] Processed 1001 reads in 0.688 CPU sec, 0.088 real sec
[M::mem_process_seqs] Processed 1001 reads in 0.794 CPU sec, 0.133 real sec
[M::mem_process_seqs] Processed 1001 reads in 0.762 CPU sec, 0.098 real sec
69134 [main] INFO main.java.edu.mit.compbio.bisulfitehic.mapping.Bhmem  - Processing reads 199000 ...
69134 [main] INFO main.java.edu.mit.compbio.bisulfitehic.mapping.Bhmem  - Unique mapped and paired reads 196180 ...
69137 [main] INFO main.java.edu.mit.compbio.bisulfitehic.mapping.Bhmem  - Processing reads 200000 ...
69137 [main] INFO main.java.edu.mit.compbio.bisulfitehic.mapping.Bhmem  - Unique mapped and paired reads 196180 ...
[M::mem_process_seqs] Processed 1001 reads in 0.718 CPU sec, 0.118 real sec
[M::mem_process_seqs] Processed 1001 reads in 0.665 CPU sec, 0.085 real sec
[M::mem_process_seqs] Processed 1001 reads in 0.802 CPU sec, 0.116 real sec
[M::mem_process_seqs] Processed 1001 reads in 0.763 CPU sec, 0.126 real sec
69714 [main] INFO main.java.edu.mit.compbio.bisulfitehic.mapping.Bhmem  - Processing reads 201000 ...
69714 [main] INFO main.java.edu.mit.compbio.bisulfitehic.mapping.Bhmem  - Unique mapped and paired reads 198160 ...
69717 [main] INFO main.java.edu.mit.compbio.bisulfitehic.mapping.Bhmem  - Processing reads 202000 ...
69717 [main] INFO main.java.edu.mit.compbio.bisulfitehic.mapping.Bhmem  - Unique mapped and paired reads 198160 ...
[M::mem_process_seqs] Processed 1001 reads in 0.728 CPU sec, 0.124 real sec
[M::mem_process_seqs] Processed 1001 reads in 0.744 CPU sec, 0.110 real sec
[M::mem_process_seqs] Processed 1001 reads in 0.784 CPU sec, 0.107 real sec
[M::mem_process_seqs] Processed 1001 reads in 0.748 CPU sec, 0.100 real sec
70286 [main] INFO main.java.edu.mit.compbio.bisulfitehic.mapping.Bhmem  - Processing reads 203000 ...
70286 [main] INFO main.java.edu.mit.compbio.bisulfitehic.mapping.Bhmem  - Unique mapped and paired reads 200140 ...
70289 [main] INFO main.java.edu.mit.compbio.bisulfitehic.mapping.Bhmem  - Processing reads 204000 ...
70289 [main] INFO main.java.edu.mit.compbio.bisulfitehic.mapping.Bhmem  - Unique mapped and paired reads 200140 ...
[M::mem_process_seqs] Processed 1001 reads in 0.777 CPU sec, 0.108 real sec
[M::mem_process_seqs] Processed 1001 reads in 0.685 CPU sec, 0.087 real sec
[M::mem_process_seqs] Processed 1001 reads in 0.775 CPU sec, 0.131 real sec
[M::mem_process_seqs] Processed 1001 reads in 0.742 CPU sec, 0.108 real sec
70856 [main] INFO main.java.edu.mit.compbio.bisulfitehic.mapping.Bhmem  - Processing reads 205000 ...
70856 [main] INFO main.java.edu.mit.compbio.bisulfitehic.mapping.Bhmem  - Unique mapped and paired reads 202128 ...
70859 [main] INFO main.java.edu.mit.compbio.bisulfitehic.mapping.Bhmem  - Processing reads 206000 ...
70859 [main] INFO main.java.edu.mit.compbio.bisulfitehic.mapping.Bhmem  - Unique mapped and paired reads 202128 ...
[M::mem_process_seqs] Processed 1001 reads in 0.769 CPU sec, 0.140 real sec
[M::mem_process_seqs] Processed 1001 reads in 0.709 CPU sec, 0.095 real sec
[M::mem_process_seqs] Processed 1001 reads in 0.778 CPU sec, 0.119 real sec
[M::mem_process_seqs] Processed 1001 reads in 0.807 CPU sec, 0.147 real sec
71494 [main] INFO main.java.edu.mit.compbio.bisulfitehic.mapping.Bhmem  - Processing reads 207000 ...
71494 [main] INFO main.java.edu.mit.compbio.bisulfitehic.mapping.Bhmem  - Unique mapped and paired reads 204104 ...
71496 [main] INFO main.java.edu.mit.compbio.bisulfitehic.mapping.Bhmem  - Processing reads 208000 ...
71496 [main] INFO main.java.edu.mit.compbio.bisulfitehic.mapping.Bhmem  - Unique mapped and paired reads 204104 ...
[M::mem_process_seqs] Processed 1001 reads in 0.703 CPU sec, 0.118 real sec
[M::mem_process_seqs] Processed 1001 reads in 0.634 CPU sec, 0.128 real sec
[M::mem_process_seqs] Processed 1001 reads in 0.696 CPU sec, 0.132 real sec
[M::mem_process_seqs] Processed 1001 reads in 0.710 CPU sec, 0.104 real sec
72106 [main] INFO main.java.edu.mit.compbio.bisulfitehic.mapping.Bhmem  - Processing reads 209000 ...
72106 [main] INFO main.java.edu.mit.compbio.bisulfitehic.mapping.Bhmem  - Unique mapped and paired reads 206092 ...
72109 [main] INFO main.java.edu.mit.compbio.bisulfitehic.mapping.Bhmem  - Processing reads 210000 ...
72109 [main] INFO main.java.edu.mit.compbio.bisulfitehic.mapping.Bhmem  - Unique mapped and paired reads 206092 ...
[M::mem_process_seqs] Processed 1001 reads in 0.809 CPU sec, 0.104 real sec
[M::mem_process_seqs] Processed 1001 reads in 0.667 CPU sec, 0.109 real sec
[M::mem_process_seqs] Processed 1001 reads in 0.838 CPU sec, 0.124 real sec
[M::mem_process_seqs] Processed 1001 reads in 0.822 CPU sec, 0.116 real sec
72700 [main] INFO main.java.edu.mit.compbio.bisulfitehic.mapping.Bhmem  - Processing reads 211000 ...
72700 [main] INFO main.java.edu.mit.compbio.bisulfitehic.mapping.Bhmem  - Unique mapped and paired reads 208066 ...
72703 [main] INFO main.java.edu.mit.compbio.bisulfitehic.mapping.Bhmem  - Processing reads 212000 ...
72703 [main] INFO main.java.edu.mit.compbio.bisulfitehic.mapping.Bhmem  - Unique mapped and paired reads 208066 ...
[M::mem_process_seqs] Processed 1001 reads in 0.792 CPU sec, 0.106 real sec
[M::mem_process_seqs] Processed 1001 reads in 0.669 CPU sec, 0.111 real sec
[M::mem_process_seqs] Processed 1001 reads in 0.757 CPU sec, 0.103 real sec
[M::mem_process_seqs] Processed 1001 reads in 0.763 CPU sec, 0.105 real sec
73258 [main] INFO main.java.edu.mit.compbio.bisulfitehic.mapping.Bhmem  - Processing reads 213000 ...
73258 [main] INFO main.java.edu.mit.compbio.bisulfitehic.mapping.Bhmem  - Unique mapped and paired reads 210046 ...
73261 [main] INFO main.java.edu.mit.compbio.bisulfitehic.mapping.Bhmem  - Processing reads 214000 ...
73261 [main] INFO main.java.edu.mit.compbio.bisulfitehic.mapping.Bhmem  - Unique mapped and paired reads 210046 ...
[M::mem_process_seqs] Processed 1001 reads in 0.750 CPU sec, 0.109 real sec
[M::mem_process_seqs] Processed 1001 reads in 0.722 CPU sec, 0.094 real sec
[M::mem_process_seqs] Processed 1001 reads in 0.728 CPU sec, 0.124 real sec
[M::mem_process_seqs] Processed 1001 reads in 0.752 CPU sec, 0.098 real sec
73820 [main] INFO main.java.edu.mit.compbio.bisulfitehic.mapping.Bhmem  - Processing reads 215000 ...
73820 [main] INFO main.java.edu.mit.compbio.bisulfitehic.mapping.Bhmem  - Unique mapped and paired reads 212016 ...
73823 [main] INFO main.java.edu.mit.compbio.bisulfitehic.mapping.Bhmem  - Processing reads 216000 ...
73823 [main] INFO main.java.edu.mit.compbio.bisulfitehic.mapping.Bhmem  - Unique mapped and paired reads 212016 ...
[M::mem_process_seqs] Processed 1001 reads in 0.703 CPU sec, 0.124 real sec
[M::mem_process_seqs] Processed 1001 reads in 0.664 CPU sec, 0.125 real sec
[M::mem_process_seqs] Processed 1001 reads in 0.793 CPU sec, 0.111 real sec
[M::mem_process_seqs] Processed 1001 reads in 0.824 CPU sec, 0.124 real sec
74447 [main] INFO main.java.edu.mit.compbio.bisulfitehic.mapping.Bhmem  - Processing reads 217000 ...
74447 [main] INFO main.java.edu.mit.compbio.bisulfitehic.mapping.Bhmem  - Unique mapped and paired reads 214008 ...
74450 [main] INFO main.java.edu.mit.compbio.bisulfitehic.mapping.Bhmem  - Processing reads 218000 ...
74451 [main] INFO main.java.edu.mit.compbio.bisulfitehic.mapping.Bhmem  - Unique mapped and paired reads 214008 ...
[M::mem_process_seqs] Processed 1001 reads in 0.770 CPU sec, 0.103 real sec
[M::mem_process_seqs] Processed 1001 reads in 0.691 CPU sec, 0.088 real sec
[M::mem_process_seqs] Processed 1001 reads in 0.818 CPU sec, 0.127 real sec
[M::mem_process_seqs] Processed 1001 reads in 0.778 CPU sec, 0.106 real sec
75005 [main] INFO main.java.edu.mit.compbio.bisulfitehic.mapping.Bhmem  - Processing reads 219000 ...
75005 [main] INFO main.java.edu.mit.compbio.bisulfitehic.mapping.Bhmem  - Unique mapped and paired reads 215998 ...
75008 [main] INFO main.java.edu.mit.compbio.bisulfitehic.mapping.Bhmem  - Processing reads 220000 ...
75008 [main] INFO main.java.edu.mit.compbio.bisulfitehic.mapping.Bhmem  - Unique mapped and paired reads 215998 ...
[M::mem_process_seqs] Processed 1001 reads in 0.785 CPU sec, 0.103 real sec
[M::mem_process_seqs] Processed 1001 reads in 0.710 CPU sec, 0.104 real sec
[M::mem_process_seqs] Processed 1001 reads in 0.823 CPU sec, 0.107 real sec
[M::mem_process_seqs] Processed 1001 reads in 0.789 CPU sec, 0.117 real sec
75572 [main] INFO main.java.edu.mit.compbio.bisulfitehic.mapping.Bhmem  - Processing reads 221000 ...
75572 [main] INFO main.java.edu.mit.compbio.bisulfitehic.mapping.Bhmem  - Unique mapped and paired reads 217972 ...
75575 [main] INFO main.java.edu.mit.compbio.bisulfitehic.mapping.Bhmem  - Processing reads 222000 ...
75575 [main] INFO main.java.edu.mit.compbio.bisulfitehic.mapping.Bhmem  - Unique mapped and paired reads 217972 ...
[M::mem_process_seqs] Processed 1001 reads in 0.827 CPU sec, 0.108 real sec
[M::mem_process_seqs] Processed 1001 reads in 0.808 CPU sec, 0.118 real sec
[M::mem_process_seqs] Processed 1001 reads in 0.893 CPU sec, 0.172 real sec
[M::mem_process_seqs] Processed 1001 reads in 0.842 CPU sec, 0.114 real sec
76247 [main] INFO main.java.edu.mit.compbio.bisulfitehic.mapping.Bhmem  - Processing reads 223000 ...
76247 [main] INFO main.java.edu.mit.compbio.bisulfitehic.mapping.Bhmem  - Unique mapped and paired reads 219964 ...
76250 [main] INFO main.java.edu.mit.compbio.bisulfitehic.mapping.Bhmem  - Processing reads 224000 ...
76250 [main] INFO main.java.edu.mit.compbio.bisulfitehic.mapping.Bhmem  - Unique mapped and paired reads 219964 ...
[M::mem_process_seqs] Processed 1001 reads in 0.688 CPU sec, 0.100 real sec
[M::mem_process_seqs] Processed 1001 reads in 0.721 CPU sec, 0.115 real sec
[M::mem_process_seqs] Processed 1001 reads in 0.766 CPU sec, 0.099 real sec
[M::mem_process_seqs] Processed 1001 reads in 0.798 CPU sec, 0.122 real sec
76819 [main] INFO main.java.edu.mit.compbio.bisulfitehic.mapping.Bhmem  - Processing reads 225000 ...
76819 [main] INFO main.java.edu.mit.compbio.bisulfitehic.mapping.Bhmem  - Unique mapped and paired reads 221954 ...
76822 [main] INFO main.java.edu.mit.compbio.bisulfitehic.mapping.Bhmem  - Processing reads 226000 ...
76822 [main] INFO main.java.edu.mit.compbio.bisulfitehic.mapping.Bhmem  - Unique mapped and paired reads 221954 ...
[M::mem_process_seqs] Processed 1001 reads in 0.952 CPU sec, 0.123 real sec
[M::mem_process_seqs] Processed 1001 reads in 0.839 CPU sec, 0.107 real sec
[M::mem_process_seqs] Processed 1001 reads in 0.768 CPU sec, 0.123 real sec
[M::mem_process_seqs] Processed 1001 reads in 0.791 CPU sec, 0.104 real sec
77427 [main] INFO main.java.edu.mit.compbio.bisulfitehic.mapping.Bhmem  - Processing reads 227000 ...
77427 [main] INFO main.java.edu.mit.compbio.bisulfitehic.mapping.Bhmem  - Unique mapped and paired reads 223936 ...
77430 [main] INFO main.java.edu.mit.compbio.bisulfitehic.mapping.Bhmem  - Processing reads 228000 ...
77430 [main] INFO main.java.edu.mit.compbio.bisulfitehic.mapping.Bhmem  - Unique mapped and paired reads 223936 ...
[M::mem_process_seqs] Processed 1001 reads in 1.232 CPU sec, 0.156 real sec
[M::mem_process_seqs] Processed 1001 reads in 1.109 CPU sec, 0.140 real sec
[M::mem_process_seqs] Processed 1001 reads in 0.686 CPU sec, 0.087 real sec
[M::mem_process_seqs] Processed 1001 reads in 0.586 CPU sec, 0.081 real sec
78059 [main] INFO main.java.edu.mit.compbio.bisulfitehic.mapping.Bhmem  - Processing reads 229000 ...
78059 [main] INFO main.java.edu.mit.compbio.bisulfitehic.mapping.Bhmem  - Unique mapped and paired reads 225912 ...
78062 [main] INFO main.java.edu.mit.compbio.bisulfitehic.mapping.Bhmem  - Processing reads 230000 ...
78062 [main] INFO main.java.edu.mit.compbio.bisulfitehic.mapping.Bhmem  - Unique mapped and paired reads 225912 ...
[M::mem_process_seqs] Processed 1001 reads in 1.083 CPU sec, 0.157 real sec
[M::mem_process_seqs] Processed 1001 reads in 1.017 CPU sec, 0.132 real sec
[M::mem_process_seqs] Processed 1001 reads in 0.729 CPU sec, 0.118 real sec
[M::mem_process_seqs] Processed 1001 reads in 0.667 CPU sec, 0.085 real sec
78712 [main] INFO main.java.edu.mit.compbio.bisulfitehic.mapping.Bhmem  - Processing reads 231000 ...
78712 [main] INFO main.java.edu.mit.compbio.bisulfitehic.mapping.Bhmem  - Unique mapped and paired reads 227868 ...
78715 [main] INFO main.java.edu.mit.compbio.bisulfitehic.mapping.Bhmem  - Processing reads 232000 ...
78715 [main] INFO main.java.edu.mit.compbio.bisulfitehic.mapping.Bhmem  - Unique mapped and paired reads 227868 ...
[M::mem_process_seqs] Processed 1001 reads in 0.794 CPU sec, 0.114 real sec
[M::mem_process_seqs] Processed 1001 reads in 0.740 CPU sec, 0.101 real sec
[M::mem_process_seqs] Processed 1001 reads in 0.774 CPU sec, 0.140 real sec
[M::mem_process_seqs] Processed 1001 reads in 0.791 CPU sec, 0.111 real sec
79316 [main] INFO main.java.edu.mit.compbio.bisulfitehic.mapping.Bhmem  - Processing reads 233000 ...
79316 [main] INFO main.java.edu.mit.compbio.bisulfitehic.mapping.Bhmem  - Unique mapped and paired reads 229862 ...
79319 [main] INFO main.java.edu.mit.compbio.bisulfitehic.mapping.Bhmem  - Processing reads 234000 ...
79319 [main] INFO main.java.edu.mit.compbio.bisulfitehic.mapping.Bhmem  - Unique mapped and paired reads 229862 ...
[M::mem_process_seqs] Processed 1001 reads in 0.775 CPU sec, 0.101 real sec
[M::mem_process_seqs] Processed 1001 reads in 0.711 CPU sec, 0.102 real sec
[M::mem_process_seqs] Processed 1001 reads in 0.829 CPU sec, 0.118 real sec
[M::mem_process_seqs] Processed 1001 reads in 0.826 CPU sec, 0.110 real sec
79891 [main] INFO main.java.edu.mit.compbio.bisulfitehic.mapping.Bhmem  - Processing reads 235000 ...
79891 [main] INFO main.java.edu.mit.compbio.bisulfitehic.mapping.Bhmem  - Unique mapped and paired reads 231852 ...
79894 [main] INFO main.java.edu.mit.compbio.bisulfitehic.mapping.Bhmem  - Processing reads 236000 ...
79894 [main] INFO main.java.edu.mit.compbio.bisulfitehic.mapping.Bhmem  - Unique mapped and paired reads 231852 ...
[M::mem_process_seqs] Processed 1001 reads in 0.796 CPU sec, 0.123 real sec
[M::mem_process_seqs] Processed 1001 reads in 0.747 CPU sec, 0.095 real sec
[M::mem_process_seqs] Processed 1001 reads in 0.780 CPU sec, 0.120 real sec
[M::mem_process_seqs] Processed 1001 reads in 0.800 CPU sec, 0.108 real sec
80477 [main] INFO main.java.edu.mit.compbio.bisulfitehic.mapping.Bhmem  - Processing reads 237000 ...
80477 [main] INFO main.java.edu.mit.compbio.bisulfitehic.mapping.Bhmem  - Unique mapped and paired reads 233832 ...
80480 [main] INFO main.java.edu.mit.compbio.bisulfitehic.mapping.Bhmem  - Processing reads 238000 ...
80480 [main] INFO main.java.edu.mit.compbio.bisulfitehic.mapping.Bhmem  - Unique mapped and paired reads 233832 ...
[M::mem_process_seqs] Processed 1001 reads in 0.796 CPU sec, 0.136 real sec
[M::mem_process_seqs] Processed 1001 reads in 0.698 CPU sec, 0.090 real sec
[M::mem_process_seqs] Processed 1001 reads in 0.812 CPU sec, 0.107 real sec
[M::mem_process_seqs] Processed 1001 reads in 0.759 CPU sec, 0.108 real sec
81051 [main] INFO main.java.edu.mit.compbio.bisulfitehic.mapping.Bhmem  - Processing reads 239000 ...
81051 [main] INFO main.java.edu.mit.compbio.bisulfitehic.mapping.Bhmem  - Unique mapped and paired reads 235814 ...
81054 [main] INFO main.java.edu.mit.compbio.bisulfitehic.mapping.Bhmem  - Processing reads 240000 ...
81054 [main] INFO main.java.edu.mit.compbio.bisulfitehic.mapping.Bhmem  - Unique mapped and paired reads 235814 ...
[M::mem_process_seqs] Processed 1001 reads in 0.797 CPU sec, 0.107 real sec
[M::mem_process_seqs] Processed 1001 reads in 0.680 CPU sec, 0.117 real sec
[M::mem_process_seqs] Processed 1001 reads in 0.820 CPU sec, 0.105 real sec
[M::mem_process_seqs] Processed 1001 reads in 0.788 CPU sec, 0.101 real sec
81621 [main] INFO main.java.edu.mit.compbio.bisulfitehic.mapping.Bhmem  - Processing reads 241000 ...
81621 [main] INFO main.java.edu.mit.compbio.bisulfitehic.mapping.Bhmem  - Unique mapped and paired reads 237784 ...
81624 [main] INFO main.java.edu.mit.compbio.bisulfitehic.mapping.Bhmem  - Processing reads 242000 ...
81624 [main] INFO main.java.edu.mit.compbio.bisulfitehic.mapping.Bhmem  - Unique mapped and paired reads 237784 ...
[M::mem_process_seqs] Processed 1001 reads in 0.766 CPU sec, 0.107 real sec
[M::mem_process_seqs] Processed 1001 reads in 0.684 CPU sec, 0.093 real sec
[M::mem_process_seqs] Processed 1001 reads in 0.861 CPU sec, 0.127 real sec
[M::mem_process_seqs] Processed 1001 reads in 0.810 CPU sec, 0.105 real sec
82193 [main] INFO main.java.edu.mit.compbio.bisulfitehic.mapping.Bhmem  - Processing reads 243000 ...
82193 [main] INFO main.java.edu.mit.compbio.bisulfitehic.mapping.Bhmem  - Unique mapped and paired reads 239768 ...
82196 [main] INFO main.java.edu.mit.compbio.bisulfitehic.mapping.Bhmem  - Processing reads 244000 ...
82196 [main] INFO main.java.edu.mit.compbio.bisulfitehic.mapping.Bhmem  - Unique mapped and paired reads 239768 ...
[M::mem_process_seqs] Processed 1001 reads in 0.834 CPU sec, 0.106 real sec
[M::mem_process_seqs] Processed 1001 reads in 0.716 CPU sec, 0.105 real sec
[M::mem_process_seqs] Processed 1001 reads in 0.904 CPU sec, 0.120 real sec
[M::mem_process_seqs] Processed 1001 reads in 0.868 CPU sec, 0.110 real sec
82782 [main] INFO main.java.edu.mit.compbio.bisulfitehic.mapping.Bhmem  - Processing reads 245000 ...
82782 [main] INFO main.java.edu.mit.compbio.bisulfitehic.mapping.Bhmem  - Unique mapped and paired reads 241752 ...
82786 [main] INFO main.java.edu.mit.compbio.bisulfitehic.mapping.Bhmem  - Processing reads 246000 ...
82786 [main] INFO main.java.edu.mit.compbio.bisulfitehic.mapping.Bhmem  - Unique mapped and paired reads 241752 ...
[M::mem_process_seqs] Processed 1001 reads in 1.133 CPU sec, 0.144 real sec
[M::mem_process_seqs] Processed 1001 reads in 0.999 CPU sec, 0.146 real sec
[M::mem_process_seqs] Processed 1001 reads in 0.763 CPU sec, 0.125 real sec
[M::mem_process_seqs] Processed 1001 reads in 0.748 CPU sec, 0.102 real sec
83462 [main] INFO main.java.edu.mit.compbio.bisulfitehic.mapping.Bhmem  - Processing reads 247000 ...
83462 [main] INFO main.java.edu.mit.compbio.bisulfitehic.mapping.Bhmem  - Unique mapped and paired reads 243730 ...
83465 [main] INFO main.java.edu.mit.compbio.bisulfitehic.mapping.Bhmem  - Processing reads 248000 ...
83465 [main] INFO main.java.edu.mit.compbio.bisulfitehic.mapping.Bhmem  - Unique mapped and paired reads 243730 ...
[M::mem_process_seqs] Processed 1001 reads in 1.285 CPU sec, 0.276 real sec
[M::mem_process_seqs] Processed 1001 reads in 1.152 CPU sec, 0.181 real sec
[M::mem_process_seqs] Processed 1001 reads in 0.689 CPU sec, 0.088 real sec
[M::mem_process_seqs] Processed 1001 reads in 0.630 CPU sec, 0.081 real sec
84267 [main] INFO main.java.edu.mit.compbio.bisulfitehic.mapping.Bhmem  - Processing reads 249000 ...
84267 [main] INFO main.java.edu.mit.compbio.bisulfitehic.mapping.Bhmem  - Unique mapped and paired reads 245704 ...
84270 [main] INFO main.java.edu.mit.compbio.bisulfitehic.mapping.Bhmem  - Processing reads 250000 ...
84270 [main] INFO main.java.edu.mit.compbio.bisulfitehic.mapping.Bhmem  - Unique mapped and paired reads 245704 ...
[M::mem_process_seqs] Processed 1001 reads in 0.968 CPU sec, 0.148 real sec
[M::mem_process_seqs] Processed 1001 reads in 0.921 CPU sec, 0.123 real sec
[M::mem_process_seqs] Processed 1001 reads in 0.725 CPU sec, 0.096 real sec
[M::mem_process_seqs] Processed 1001 reads in 0.744 CPU sec, 0.108 real sec
84896 [main] INFO main.java.edu.mit.compbio.bisulfitehic.mapping.Bhmem  - Processing reads 251000 ...
84896 [main] INFO main.java.edu.mit.compbio.bisulfitehic.mapping.Bhmem  - Unique mapped and paired reads 247684 ...
84899 [main] INFO main.java.edu.mit.compbio.bisulfitehic.mapping.Bhmem  - Processing reads 252000 ...
84899 [main] INFO main.java.edu.mit.compbio.bisulfitehic.mapping.Bhmem  - Unique mapped and paired reads 247684 ...
[M::mem_process_seqs] Processed 1001 reads in 0.817 CPU sec, 0.110 real sec
[M::mem_process_seqs] Processed 1001 reads in 0.709 CPU sec, 0.127 real sec
[M::mem_process_seqs] Processed 1001 reads in 0.840 CPU sec, 0.114 real sec
[M::mem_process_seqs] Processed 1001 reads in 0.870 CPU sec, 0.161 real sec
85555 [main] INFO main.java.edu.mit.compbio.bisulfitehic.mapping.Bhmem  - Processing reads 253000 ...
85555 [main] INFO main.java.edu.mit.compbio.bisulfitehic.mapping.Bhmem  - Unique mapped and paired reads 249664 ...
85558 [main] INFO main.java.edu.mit.compbio.bisulfitehic.mapping.Bhmem  - Processing reads 254000 ...
85558 [main] INFO main.java.edu.mit.compbio.bisulfitehic.mapping.Bhmem  - Unique mapped and paired reads 249664 ...
[M::mem_process_seqs] Processed 1001 reads in 0.780 CPU sec, 0.100 real sec
[M::mem_process_seqs] Processed 1001 reads in 0.723 CPU sec, 0.116 real sec
[M::mem_process_seqs] Processed 1001 reads in 0.879 CPU sec, 0.114 real sec
[M::mem_process_seqs] Processed 1001 reads in 0.926 CPU sec, 0.129 real sec
86168 [main] INFO main.java.edu.mit.compbio.bisulfitehic.mapping.Bhmem  - Processing reads 255000 ...
86168 [main] INFO main.java.edu.mit.compbio.bisulfitehic.mapping.Bhmem  - Unique mapped and paired reads 251646 ...
86171 [main] INFO main.java.edu.mit.compbio.bisulfitehic.mapping.Bhmem  - Processing reads 256000 ...
86171 [main] INFO main.java.edu.mit.compbio.bisulfitehic.mapping.Bhmem  - Unique mapped and paired reads 251646 ...
[M::mem_process_seqs] Processed 1001 reads in 0.758 CPU sec, 0.104 real sec
[M::mem_process_seqs] Processed 1001 reads in 0.667 CPU sec, 0.106 real sec
[M::mem_process_seqs] Processed 1001 reads in 0.834 CPU sec, 0.107 real sec
[M::mem_process_seqs] Processed 1001 reads in 0.825 CPU sec, 0.105 real sec
86740 [main] INFO main.java.edu.mit.compbio.bisulfitehic.mapping.Bhmem  - Processing reads 257000 ...
86740 [main] INFO main.java.edu.mit.compbio.bisulfitehic.mapping.Bhmem  - Unique mapped and paired reads 253636 ...
86743 [main] INFO main.java.edu.mit.compbio.bisulfitehic.mapping.Bhmem  - Processing reads 258000 ...
86743 [main] INFO main.java.edu.mit.compbio.bisulfitehic.mapping.Bhmem  - Unique mapped and paired reads 253636 ...
[M::mem_process_seqs] Processed 1001 reads in 0.776 CPU sec, 0.099 real sec
[M::mem_process_seqs] Processed 1001 reads in 0.725 CPU sec, 0.105 real sec
[M::mem_process_seqs] Processed 1001 reads in 0.852 CPU sec, 0.123 real sec
[M::mem_process_seqs] Processed 1001 reads in 0.840 CPU sec, 0.111 real sec
87321 [main] INFO main.java.edu.mit.compbio.bisulfitehic.mapping.Bhmem  - Processing reads 259000 ...
87321 [main] INFO main.java.edu.mit.compbio.bisulfitehic.mapping.Bhmem  - Unique mapped and paired reads 255618 ...
87324 [main] INFO main.java.edu.mit.compbio.bisulfitehic.mapping.Bhmem  - Processing reads 260000 ...
87324 [main] INFO main.java.edu.mit.compbio.bisulfitehic.mapping.Bhmem  - Unique mapped and paired reads 255618 ...
[M::mem_process_seqs] Processed 1001 reads in 0.698 CPU sec, 0.107 real sec
[M::mem_process_seqs] Processed 1001 reads in 0.644 CPU sec, 0.082 real sec
[M::mem_process_seqs] Processed 1001 reads in 0.764 CPU sec, 0.107 real sec
[M::mem_process_seqs] Processed 1001 reads in 0.766 CPU sec, 0.107 real sec
87858 [main] INFO main.java.edu.mit.compbio.bisulfitehic.mapping.Bhmem  - Processing reads 261000 ...
87858 [main] INFO main.java.edu.mit.compbio.bisulfitehic.mapping.Bhmem  - Unique mapped and paired reads 257588 ...
87861 [main] INFO main.java.edu.mit.compbio.bisulfitehic.mapping.Bhmem  - Processing reads 262000 ...
87861 [main] INFO main.java.edu.mit.compbio.bisulfitehic.mapping.Bhmem  - Unique mapped and paired reads 257588 ...
[M::mem_process_seqs] Processed 1001 reads in 0.634 CPU sec, 0.092 real sec
[M::mem_process_seqs] Processed 1001 reads in 0.595 CPU sec, 0.088 real sec
[M::mem_process_seqs] Processed 1001 reads in 0.834 CPU sec, 0.117 real sec
[M::mem_process_seqs] Processed 1001 reads in 0.718 CPU sec, 0.094 real sec
88374 [main] INFO main.java.edu.mit.compbio.bisulfitehic.mapping.Bhmem  - Processing reads 263000 ...
88374 [main] INFO main.java.edu.mit.compbio.bisulfitehic.mapping.Bhmem  - Unique mapped and paired reads 259562 ...
88377 [main] INFO main.java.edu.mit.compbio.bisulfitehic.mapping.Bhmem  - Processing reads 264000 ...
88377 [main] INFO main.java.edu.mit.compbio.bisulfitehic.mapping.Bhmem  - Unique mapped and paired reads 259562 ...
[M::mem_process_seqs] Processed 1001 reads in 0.644 CPU sec, 0.093 real sec
[M::mem_process_seqs] Processed 1001 reads in 0.569 CPU sec, 0.074 real sec
[M::mem_process_seqs] Processed 1001 reads in 0.689 CPU sec, 0.092 real sec
[M::mem_process_seqs] Processed 1001 reads in 0.661 CPU sec, 0.086 real sec
88835 [main] INFO main.java.edu.mit.compbio.bisulfitehic.mapping.Bhmem  - Processing reads 265000 ...
88835 [main] INFO main.java.edu.mit.compbio.bisulfitehic.mapping.Bhmem  - Unique mapped and paired reads 261544 ...
88838 [main] INFO main.java.edu.mit.compbio.bisulfitehic.mapping.Bhmem  - Processing reads 266000 ...
88838 [main] INFO main.java.edu.mit.compbio.bisulfitehic.mapping.Bhmem  - Unique mapped and paired reads 261544 ...
[M::mem_process_seqs] Processed 1001 reads in 0.664 CPU sec, 0.096 real sec
[M::mem_process_seqs] Processed 1001 reads in 0.590 CPU sec, 0.082 real sec
[M::mem_process_seqs] Processed 1001 reads in 0.730 CPU sec, 0.102 real sec
[M::mem_process_seqs] Processed 1001 reads in 0.643 CPU sec, 0.086 real sec
89326 [main] INFO main.java.edu.mit.compbio.bisulfitehic.mapping.Bhmem  - Processing reads 267000 ...
89326 [main] INFO main.java.edu.mit.compbio.bisulfitehic.mapping.Bhmem  - Unique mapped and paired reads 263514 ...
89329 [main] INFO main.java.edu.mit.compbio.bisulfitehic.mapping.Bhmem  - Processing reads 268000 ...
89329 [main] INFO main.java.edu.mit.compbio.bisulfitehic.mapping.Bhmem  - Unique mapped and paired reads 263514 ...
[M::mem_process_seqs] Processed 1001 reads in 0.674 CPU sec, 0.110 real sec
[M::mem_process_seqs] Processed 1001 reads in 0.616 CPU sec, 0.085 real sec
[M::mem_process_seqs] Processed 1001 reads in 0.827 CPU sec, 0.116 real sec
[M::mem_process_seqs] Processed 1001 reads in 0.707 CPU sec, 0.093 real sec
89858 [main] INFO main.java.edu.mit.compbio.bisulfitehic.mapping.Bhmem  - Processing reads 269000 ...
89858 [main] INFO main.java.edu.mit.compbio.bisulfitehic.mapping.Bhmem  - Unique mapped and paired reads 265492 ...
89861 [main] INFO main.java.edu.mit.compbio.bisulfitehic.mapping.Bhmem  - Processing reads 270000 ...
89861 [main] INFO main.java.edu.mit.compbio.bisulfitehic.mapping.Bhmem  - Unique mapped and paired reads 265492 ...
[M::mem_process_seqs] Processed 1001 reads in 0.732 CPU sec, 0.102 real sec
[M::mem_process_seqs] Processed 1001 reads in 0.617 CPU sec, 0.097 real sec
[M::mem_process_seqs] Processed 1001 reads in 0.726 CPU sec, 0.093 real sec
[M::mem_process_seqs] Processed 1001 reads in 0.700 CPU sec, 0.089 real sec
90363 [main] INFO main.java.edu.mit.compbio.bisulfitehic.mapping.Bhmem  - Processing reads 271000 ...
90363 [main] INFO main.java.edu.mit.compbio.bisulfitehic.mapping.Bhmem  - Unique mapped and paired reads 267464 ...
90366 [main] INFO main.java.edu.mit.compbio.bisulfitehic.mapping.Bhmem  - Processing reads 272000 ...
90366 [main] INFO main.java.edu.mit.compbio.bisulfitehic.mapping.Bhmem  - Unique mapped and paired reads 267464 ...
[M::mem_process_seqs] Processed 1001 reads in 0.739 CPU sec, 0.093 real sec
[M::mem_process_seqs] Processed 1001 reads in 0.671 CPU sec, 0.110 real sec
[M::mem_process_seqs] Processed 1001 reads in 0.759 CPU sec, 0.097 real sec
[M::mem_process_seqs] Processed 1001 reads in 0.708 CPU sec, 0.093 real sec
90881 [main] INFO main.java.edu.mit.compbio.bisulfitehic.mapping.Bhmem  - Processing reads 273000 ...
90881 [main] INFO main.java.edu.mit.compbio.bisulfitehic.mapping.Bhmem  - Unique mapped and paired reads 269454 ...
90884 [main] INFO main.java.edu.mit.compbio.bisulfitehic.mapping.Bhmem  - Processing reads 274000 ...
90884 [main] INFO main.java.edu.mit.compbio.bisulfitehic.mapping.Bhmem  - Unique mapped and paired reads 269454 ...
[M::mem_process_seqs] Processed 1001 reads in 0.701 CPU sec, 0.090 real sec
[M::mem_process_seqs] Processed 1001 reads in 0.628 CPU sec, 0.092 real sec
[M::mem_process_seqs] Processed 1001 reads in 0.767 CPU sec, 0.100 real sec
[M::mem_process_seqs] Processed 1001 reads in 0.714 CPU sec, 0.092 real sec
91384 [main] INFO main.java.edu.mit.compbio.bisulfitehic.mapping.Bhmem  - Processing reads 275000 ...
91384 [main] INFO main.java.edu.mit.compbio.bisulfitehic.mapping.Bhmem  - Unique mapped and paired reads 271438 ...
91387 [main] INFO main.java.edu.mit.compbio.bisulfitehic.mapping.Bhmem  - Processing reads 276000 ...
91387 [main] INFO main.java.edu.mit.compbio.bisulfitehic.mapping.Bhmem  - Unique mapped and paired reads 271438 ...
[M::mem_process_seqs] Processed 1001 reads in 0.693 CPU sec, 0.094 real sec
[M::mem_process_seqs] Processed 1001 reads in 0.613 CPU sec, 0.093 real sec
[M::mem_process_seqs] Processed 1001 reads in 0.764 CPU sec, 0.096 real sec
[M::mem_process_seqs] Processed 1001 reads in 0.688 CPU sec, 0.088 real sec
91884 [main] INFO main.java.edu.mit.compbio.bisulfitehic.mapping.Bhmem  - Processing reads 277000 ...
91885 [main] INFO main.java.edu.mit.compbio.bisulfitehic.mapping.Bhmem  - Unique mapped and paired reads 273414 ...
91887 [main] INFO main.java.edu.mit.compbio.bisulfitehic.mapping.Bhmem  - Processing reads 278000 ...
91887 [main] INFO main.java.edu.mit.compbio.bisulfitehic.mapping.Bhmem  - Unique mapped and paired reads 273414 ...
[M::mem_process_seqs] Processed 1001 reads in 0.695 CPU sec, 0.091 real sec
[M::mem_process_seqs] Processed 1001 reads in 0.579 CPU sec, 0.076 real sec
[M::mem_process_seqs] Processed 1001 reads in 0.751 CPU sec, 0.122 real sec
[M::mem_process_seqs] Processed 1001 reads in 0.705 CPU sec, 0.100 real sec
92404 [main] INFO main.java.edu.mit.compbio.bisulfitehic.mapping.Bhmem  - Processing reads 279000 ...
92404 [main] INFO main.java.edu.mit.compbio.bisulfitehic.mapping.Bhmem  - Unique mapped and paired reads 275402 ...
92407 [main] INFO main.java.edu.mit.compbio.bisulfitehic.mapping.Bhmem  - Processing reads 280000 ...
92407 [main] INFO main.java.edu.mit.compbio.bisulfitehic.mapping.Bhmem  - Unique mapped and paired reads 275402 ...
[M::mem_process_seqs] Processed 1001 reads in 0.695 CPU sec, 0.096 real sec
[M::mem_process_seqs] Processed 1001 reads in 0.650 CPU sec, 0.094 real sec
[M::mem_process_seqs] Processed 1001 reads in 0.771 CPU sec, 0.101 real sec
[M::mem_process_seqs] Processed 1001 reads in 0.701 CPU sec, 0.113 real sec
92935 [main] INFO main.java.edu.mit.compbio.bisulfitehic.mapping.Bhmem  - Processing reads 281000 ...
92935 [main] INFO main.java.edu.mit.compbio.bisulfitehic.mapping.Bhmem  - Unique mapped and paired reads 277392 ...
92938 [main] INFO main.java.edu.mit.compbio.bisulfitehic.mapping.Bhmem  - Processing reads 282000 ...
92938 [main] INFO main.java.edu.mit.compbio.bisulfitehic.mapping.Bhmem  - Unique mapped and paired reads 277392 ...
[M::mem_process_seqs] Processed 1001 reads in 0.690 CPU sec, 0.100 real sec
[M::mem_process_seqs] Processed 1001 reads in 0.632 CPU sec, 0.105 real sec
[M::mem_process_seqs] Processed 1001 reads in 0.754 CPU sec, 0.096 real sec
[M::mem_process_seqs] Processed 1001 reads in 0.759 CPU sec, 0.112 real sec
93517 [main] INFO main.java.edu.mit.compbio.bisulfitehic.mapping.Bhmem  - Processing reads 283000 ...
93517 [main] INFO main.java.edu.mit.compbio.bisulfitehic.mapping.Bhmem  - Unique mapped and paired reads 279372 ...
93520 [main] INFO main.java.edu.mit.compbio.bisulfitehic.mapping.Bhmem  - Processing reads 284000 ...
93520 [main] INFO main.java.edu.mit.compbio.bisulfitehic.mapping.Bhmem  - Unique mapped and paired reads 279372 ...
[M::mem_process_seqs] Processed 1001 reads in 0.679 CPU sec, 0.086 real sec
[M::mem_process_seqs] Processed 1001 reads in 0.622 CPU sec, 0.081 real sec
[M::mem_process_seqs] Processed 1001 reads in 0.675 CPU sec, 0.104 real sec
[M::mem_process_seqs] Processed 1001 reads in 0.700 CPU sec, 0.090 real sec
94006 [main] INFO main.java.edu.mit.compbio.bisulfitehic.mapping.Bhmem  - Processing reads 285000 ...
94006 [main] INFO main.java.edu.mit.compbio.bisulfitehic.mapping.Bhmem  - Unique mapped and paired reads 281346 ...
94008 [main] INFO main.java.edu.mit.compbio.bisulfitehic.mapping.Bhmem  - Processing reads 286000 ...
94008 [main] INFO main.java.edu.mit.compbio.bisulfitehic.mapping.Bhmem  - Unique mapped and paired reads 281346 ...
[M::mem_process_seqs] Processed 1001 reads in 0.622 CPU sec, 0.090 real sec
[M::mem_process_seqs] Processed 1001 reads in 0.616 CPU sec, 0.085 real sec
[M::mem_process_seqs] Processed 1001 reads in 0.771 CPU sec, 0.137 real sec
[M::mem_process_seqs] Processed 1001 reads in 0.701 CPU sec, 0.101 real sec
94543 [main] INFO main.java.edu.mit.compbio.bisulfitehic.mapping.Bhmem  - Processing reads 287000 ...
94543 [main] INFO main.java.edu.mit.compbio.bisulfitehic.mapping.Bhmem  - Unique mapped and paired reads 283328 ...
94546 [main] INFO main.java.edu.mit.compbio.bisulfitehic.mapping.Bhmem  - Processing reads 288000 ...
94546 [main] INFO main.java.edu.mit.compbio.bisulfitehic.mapping.Bhmem  - Unique mapped and paired reads 283328 ...
[M::mem_process_seqs] Processed 1001 reads in 0.753 CPU sec, 0.096 real sec
[M::mem_process_seqs] Processed 1001 reads in 0.635 CPU sec, 0.083 real sec
[M::mem_process_seqs] Processed 1001 reads in 0.806 CPU sec, 0.114 real sec
[M::mem_process_seqs] Processed 1001 reads in 0.734 CPU sec, 0.101 real sec
95065 [main] INFO main.java.edu.mit.compbio.bisulfitehic.mapping.Bhmem  - Processing reads 289000 ...
95065 [main] INFO main.java.edu.mit.compbio.bisulfitehic.mapping.Bhmem  - Unique mapped and paired reads 285304 ...
95068 [main] INFO main.java.edu.mit.compbio.bisulfitehic.mapping.Bhmem  - Processing reads 290000 ...
95068 [main] INFO main.java.edu.mit.compbio.bisulfitehic.mapping.Bhmem  - Unique mapped and paired reads 285304 ...
[M::mem_process_seqs] Processed 1001 reads in 0.749 CPU sec, 0.159 real sec
[M::mem_process_seqs] Processed 1001 reads in 0.736 CPU sec, 0.247 real sec
[M::mem_process_seqs] Processed 1001 reads in 0.864 CPU sec, 0.289 real sec
[M::mem_process_seqs] Processed 1001 reads in 0.838 CPU sec, 0.273 real sec
96191 [main] INFO main.java.edu.mit.compbio.bisulfitehic.mapping.Bhmem  - Processing reads 291000 ...
96191 [main] INFO main.java.edu.mit.compbio.bisulfitehic.mapping.Bhmem  - Unique mapped and paired reads 287294 ...
96194 [main] INFO main.java.edu.mit.compbio.bisulfitehic.mapping.Bhmem  - Processing reads 292000 ...
96194 [main] INFO main.java.edu.mit.compbio.bisulfitehic.mapping.Bhmem  - Unique mapped and paired reads 287294 ...
[M::mem_process_seqs] Processed 1001 reads in 0.817 CPU sec, 0.130 real sec
[M::mem_process_seqs] Processed 1001 reads in 0.760 CPU sec, 0.096 real sec
[M::mem_process_seqs] Processed 1001 reads in 0.855 CPU sec, 0.112 real sec
[M::mem_process_seqs] Processed 1001 reads in 0.876 CPU sec, 0.128 real sec
96800 [main] INFO main.java.edu.mit.compbio.bisulfitehic.mapping.Bhmem  - Processing reads 293000 ...
96800 [main] INFO main.java.edu.mit.compbio.bisulfitehic.mapping.Bhmem  - Unique mapped and paired reads 289272 ...
96803 [main] INFO main.java.edu.mit.compbio.bisulfitehic.mapping.Bhmem  - Processing reads 294000 ...
96803 [main] INFO main.java.edu.mit.compbio.bisulfitehic.mapping.Bhmem  - Unique mapped and paired reads 289272 ...
[M::mem_process_seqs] Processed 1001 reads in 0.750 CPU sec, 0.095 real sec
[M::mem_process_seqs] Processed 1001 reads in 0.656 CPU sec, 0.095 real sec
[M::mem_process_seqs] Processed 1001 reads in 0.821 CPU sec, 0.112 real sec
[M::mem_process_seqs] Processed 1001 reads in 0.761 CPU sec, 0.097 real sec
97330 [main] INFO main.java.edu.mit.compbio.bisulfitehic.mapping.Bhmem  - Processing reads 295000 ...
97330 [main] INFO main.java.edu.mit.compbio.bisulfitehic.mapping.Bhmem  - Unique mapped and paired reads 291262 ...
97333 [main] INFO main.java.edu.mit.compbio.bisulfitehic.mapping.Bhmem  - Processing reads 296000 ...
97333 [main] INFO main.java.edu.mit.compbio.bisulfitehic.mapping.Bhmem  - Unique mapped and paired reads 291262 ...
[M::mem_process_seqs] Processed 1001 reads in 0.683 CPU sec, 0.088 real sec
[M::mem_process_seqs] Processed 1001 reads in 0.614 CPU sec, 0.080 real sec
[M::mem_process_seqs] Processed 1001 reads in 0.788 CPU sec, 0.103 real sec
[M::mem_process_seqs] Processed 1001 reads in 0.732 CPU sec, 0.106 real sec
97833 [main] INFO main.java.edu.mit.compbio.bisulfitehic.mapping.Bhmem  - Processing reads 297000 ...
97833 [main] INFO main.java.edu.mit.compbio.bisulfitehic.mapping.Bhmem  - Unique mapped and paired reads 293236 ...
97836 [main] INFO main.java.edu.mit.compbio.bisulfitehic.mapping.Bhmem  - Processing reads 298000 ...
97836 [main] INFO main.java.edu.mit.compbio.bisulfitehic.mapping.Bhmem  - Unique mapped and paired reads 293236 ...
[M::mem_process_seqs] Processed 1001 reads in 0.722 CPU sec, 0.099 real sec
[M::mem_process_seqs] Processed 1001 reads in 0.618 CPU sec, 0.090 real sec
[M::mem_process_seqs] Processed 1001 reads in 0.697 CPU sec, 0.102 real sec
[M::mem_process_seqs] Processed 1001 reads in 0.706 CPU sec, 0.090 real sec
98344 [main] INFO main.java.edu.mit.compbio.bisulfitehic.mapping.Bhmem  - Processing reads 299000 ...
98344 [main] INFO main.java.edu.mit.compbio.bisulfitehic.mapping.Bhmem  - Unique mapped and paired reads 295212 ...
98347 [main] INFO main.java.edu.mit.compbio.bisulfitehic.mapping.Bhmem  - Processing reads 300000 ...
98347 [main] INFO main.java.edu.mit.compbio.bisulfitehic.mapping.Bhmem  - Unique mapped and paired reads 295212 ...
[M::mem_process_seqs] Processed 1001 reads in 0.725 CPU sec, 0.096 real sec
[M::mem_process_seqs] Processed 1001 reads in 0.598 CPU sec, 0.104 real sec
[M::mem_process_seqs] Processed 1001 reads in 0.756 CPU sec, 0.109 real sec
[M::mem_process_seqs] Processed 1001 reads in 0.724 CPU sec, 0.096 real sec
98887 [main] INFO main.java.edu.mit.compbio.bisulfitehic.mapping.Bhmem  - Processing reads 301000 ...
98887 [main] INFO main.java.edu.mit.compbio.bisulfitehic.mapping.Bhmem  - Unique mapped and paired reads 297194 ...
98890 [main] INFO main.java.edu.mit.compbio.bisulfitehic.mapping.Bhmem  - Processing reads 302000 ...
98890 [main] INFO main.java.edu.mit.compbio.bisulfitehic.mapping.Bhmem  - Unique mapped and paired reads 297194 ...
[M::mem_process_seqs] Processed 1001 reads in 0.725 CPU sec, 0.093 real sec
[M::mem_process_seqs] Processed 1001 reads in 0.639 CPU sec, 0.081 real sec
[M::mem_process_seqs] Processed 1001 reads in 0.764 CPU sec, 0.097 real sec
[M::mem_process_seqs] Processed 1001 reads in 0.750 CPU sec, 0.108 real sec
99396 [main] INFO main.java.edu.mit.compbio.bisulfitehic.mapping.Bhmem  - Processing reads 303000 ...
99396 [main] INFO main.java.edu.mit.compbio.bisulfitehic.mapping.Bhmem  - Unique mapped and paired reads 299170 ...
99399 [main] INFO main.java.edu.mit.compbio.bisulfitehic.mapping.Bhmem  - Processing reads 304000 ...
99399 [main] INFO main.java.edu.mit.compbio.bisulfitehic.mapping.Bhmem  - Unique mapped and paired reads 299170 ...
[M::mem_process_seqs] Processed 1001 reads in 0.743 CPU sec, 0.110 real sec
[M::mem_process_seqs] Processed 1001 reads in 0.698 CPU sec, 0.089 real sec
[M::mem_process_seqs] Processed 1001 reads in 0.739 CPU sec, 0.094 real sec
[M::mem_process_seqs] Processed 1001 reads in 0.732 CPU sec, 0.094 real sec
99912 [main] INFO main.java.edu.mit.compbio.bisulfitehic.mapping.Bhmem  - Processing reads 305000 ...
99912 [main] INFO main.java.edu.mit.compbio.bisulfitehic.mapping.Bhmem  - Unique mapped and paired reads 301160 ...
99915 [main] INFO main.java.edu.mit.compbio.bisulfitehic.mapping.Bhmem  - Processing reads 306000 ...
99915 [main] INFO main.java.edu.mit.compbio.bisulfitehic.mapping.Bhmem  - Unique mapped and paired reads 301160 ...
[M::mem_process_seqs] Processed 1001 reads in 0.706 CPU sec, 0.090 real sec
[M::mem_process_seqs] Processed 1001 reads in 0.614 CPU sec, 0.091 real sec
[M::mem_process_seqs] Processed 1001 reads in 0.715 CPU sec, 0.118 real sec
[M::mem_process_seqs] Processed 1001 reads in 0.739 CPU sec, 0.098 real sec
100439 [main] INFO main.java.edu.mit.compbio.bisulfitehic.mapping.Bhmem  - Processing reads 307000 ...
100439 [main] INFO main.java.edu.mit.compbio.bisulfitehic.mapping.Bhmem  - Unique mapped and paired reads 303150 ...
100442 [main] INFO main.java.edu.mit.compbio.bisulfitehic.mapping.Bhmem  - Processing reads 308000 ...
100442 [main] INFO main.java.edu.mit.compbio.bisulfitehic.mapping.Bhmem  - Unique mapped and paired reads 303150 ...
[M::mem_process_seqs] Processed 1001 reads in 0.860 CPU sec, 0.144 real sec
[M::mem_process_seqs] Processed 1001 reads in 0.860 CPU sec, 0.109 real sec
[M::mem_process_seqs] Processed 1001 reads in 0.644 CPU sec, 0.090 real sec
[M::mem_process_seqs] Processed 1001 reads in 0.609 CPU sec, 0.089 real sec
101009 [main] INFO main.java.edu.mit.compbio.bisulfitehic.mapping.Bhmem  - Processing reads 309000 ...
101009 [main] INFO main.java.edu.mit.compbio.bisulfitehic.mapping.Bhmem  - Unique mapped and paired reads 305126 ...
101012 [main] INFO main.java.edu.mit.compbio.bisulfitehic.mapping.Bhmem  - Processing reads 310000 ...
101012 [main] INFO main.java.edu.mit.compbio.bisulfitehic.mapping.Bhmem  - Unique mapped and paired reads 305126 ...
[M::mem_process_seqs] Processed 1001 reads in 1.146 CPU sec, 0.165 real sec
[M::mem_process_seqs] Processed 1001 reads in 1.100 CPU sec, 0.139 real sec
[M::mem_process_seqs] Processed 1001 reads in 0.653 CPU sec, 0.100 real sec
[M::mem_process_seqs] Processed 1001 reads in 0.562 CPU sec, 0.081 real sec
101655 [main] INFO main.java.edu.mit.compbio.bisulfitehic.mapping.Bhmem  - Processing reads 311000 ...
101655 [main] INFO main.java.edu.mit.compbio.bisulfitehic.mapping.Bhmem  - Unique mapped and paired reads 307108 ...
101658 [main] INFO main.java.edu.mit.compbio.bisulfitehic.mapping.Bhmem  - Processing reads 312000 ...
101658 [main] INFO main.java.edu.mit.compbio.bisulfitehic.mapping.Bhmem  - Unique mapped and paired reads 307108 ...
[M::mem_process_seqs] Processed 1001 reads in 0.902 CPU sec, 0.174 real sec
[M::mem_process_seqs] Processed 1001 reads in 0.861 CPU sec, 0.135 real sec
[M::mem_process_seqs] Processed 1001 reads in 0.746 CPU sec, 0.113 real sec
[M::mem_process_seqs] Processed 1001 reads in 0.639 CPU sec, 0.084 real sec
102312 [main] INFO main.java.edu.mit.compbio.bisulfitehic.mapping.Bhmem  - Processing reads 313000 ...
102312 [main] INFO main.java.edu.mit.compbio.bisulfitehic.mapping.Bhmem  - Unique mapped and paired reads 309090 ...
102315 [main] INFO main.java.edu.mit.compbio.bisulfitehic.mapping.Bhmem  - Processing reads 314000 ...
102315 [main] INFO main.java.edu.mit.compbio.bisulfitehic.mapping.Bhmem  - Unique mapped and paired reads 309090 ...
[M::mem_process_seqs] Processed 1001 reads in 0.736 CPU sec, 0.094 real sec
[M::mem_process_seqs] Processed 1001 reads in 0.701 CPU sec, 0.098 real sec
[M::mem_process_seqs] Processed 1001 reads in 0.834 CPU sec, 0.146 real sec
[M::mem_process_seqs] Processed 1001 reads in 0.820 CPU sec, 0.119 real sec
102898 [main] INFO main.java.edu.mit.compbio.bisulfitehic.mapping.Bhmem  - Processing reads 315000 ...
102898 [main] INFO main.java.edu.mit.compbio.bisulfitehic.mapping.Bhmem  - Unique mapped and paired reads 311066 ...
102901 [main] INFO main.java.edu.mit.compbio.bisulfitehic.mapping.Bhmem  - Processing reads 316000 ...
102901 [main] INFO main.java.edu.mit.compbio.bisulfitehic.mapping.Bhmem  - Unique mapped and paired reads 311066 ...
[M::mem_process_seqs] Processed 1001 reads in 0.755 CPU sec, 0.098 real sec
[M::mem_process_seqs] Processed 1001 reads in 0.662 CPU sec, 0.113 real sec
[M::mem_process_seqs] Processed 1001 reads in 0.775 CPU sec, 0.121 real sec
[M::mem_process_seqs] Processed 1001 reads in 0.761 CPU sec, 0.098 real sec
103457 [main] INFO main.java.edu.mit.compbio.bisulfitehic.mapping.Bhmem  - Processing reads 317000 ...
103457 [main] INFO main.java.edu.mit.compbio.bisulfitehic.mapping.Bhmem  - Unique mapped and paired reads 313050 ...
103459 [main] INFO main.java.edu.mit.compbio.bisulfitehic.mapping.Bhmem  - Processing reads 318000 ...
103460 [main] INFO main.java.edu.mit.compbio.bisulfitehic.mapping.Bhmem  - Unique mapped and paired reads 313050 ...
[M::mem_process_seqs] Processed 1001 reads in 0.755 CPU sec, 0.109 real sec
[M::mem_process_seqs] Processed 1001 reads in 0.677 CPU sec, 0.099 real sec
[M::mem_process_seqs] Processed 1001 reads in 0.802 CPU sec, 0.127 real sec
[M::mem_process_seqs] Processed 1001 reads in 0.739 CPU sec, 0.095 real sec
104020 [main] INFO main.java.edu.mit.compbio.bisulfitehic.mapping.Bhmem  - Processing reads 319000 ...
104020 [main] INFO main.java.edu.mit.compbio.bisulfitehic.mapping.Bhmem  - Unique mapped and paired reads 315028 ...
104023 [main] INFO main.java.edu.mit.compbio.bisulfitehic.mapping.Bhmem  - Processing reads 320000 ...
104023 [main] INFO main.java.edu.mit.compbio.bisulfitehic.mapping.Bhmem  - Unique mapped and paired reads 315028 ...
[M::mem_process_seqs] Processed 1001 reads in 0.737 CPU sec, 0.097 real sec
[M::mem_process_seqs] Processed 1001 reads in 0.653 CPU sec, 0.084 real sec
[M::mem_process_seqs] Processed 1001 reads in 0.764 CPU sec, 0.099 real sec
[M::mem_process_seqs] Processed 1001 reads in 0.742 CPU sec, 0.110 real sec
104542 [main] INFO main.java.edu.mit.compbio.bisulfitehic.mapping.Bhmem  - Processing reads 321000 ...
104542 [main] INFO main.java.edu.mit.compbio.bisulfitehic.mapping.Bhmem  - Unique mapped and paired reads 317008 ...
104545 [main] INFO main.java.edu.mit.compbio.bisulfitehic.mapping.Bhmem  - Processing reads 322000 ...
104546 [main] INFO main.java.edu.mit.compbio.bisulfitehic.mapping.Bhmem  - Unique mapped and paired reads 317008 ...
[M::mem_process_seqs] Processed 1001 reads in 0.731 CPU sec, 0.112 real sec
[M::mem_process_seqs] Processed 1001 reads in 0.689 CPU sec, 0.087 real sec
[M::mem_process_seqs] Processed 1001 reads in 0.742 CPU sec, 0.123 real sec
[M::mem_process_seqs] Processed 1001 reads in 0.765 CPU sec, 0.113 real sec
105107 [main] INFO main.java.edu.mit.compbio.bisulfitehic.mapping.Bhmem  - Processing reads 323000 ...
105107 [main] INFO main.java.edu.mit.compbio.bisulfitehic.mapping.Bhmem  - Unique mapped and paired reads 318976 ...
105110 [main] INFO main.java.edu.mit.compbio.bisulfitehic.mapping.Bhmem  - Processing reads 324000 ...
105110 [main] INFO main.java.edu.mit.compbio.bisulfitehic.mapping.Bhmem  - Unique mapped and paired reads 318976 ...
[M::mem_process_seqs] Processed 1001 reads in 0.716 CPU sec, 0.104 real sec
[M::mem_process_seqs] Processed 1001 reads in 0.624 CPU sec, 0.091 real sec
[M::mem_process_seqs] Processed 1001 reads in 0.785 CPU sec, 0.120 real sec
[M::mem_process_seqs] Processed 1001 reads in 0.766 CPU sec, 0.098 real sec
105653 [main] INFO main.java.edu.mit.compbio.bisulfitehic.mapping.Bhmem  - Processing reads 325000 ...
105653 [main] INFO main.java.edu.mit.compbio.bisulfitehic.mapping.Bhmem  - Unique mapped and paired reads 320960 ...
105656 [main] INFO main.java.edu.mit.compbio.bisulfitehic.mapping.Bhmem  - Processing reads 326000 ...
105656 [main] INFO main.java.edu.mit.compbio.bisulfitehic.mapping.Bhmem  - Unique mapped and paired reads 320960 ...
[M::mem_process_seqs] Processed 1001 reads in 0.684 CPU sec, 0.099 real sec
[M::mem_process_seqs] Processed 1001 reads in 0.639 CPU sec, 0.087 real sec
[M::mem_process_seqs] Processed 1001 reads in 0.689 CPU sec, 0.100 real sec
[M::mem_process_seqs] Processed 1001 reads in 0.687 CPU sec, 0.091 real sec
106157 [main] INFO main.java.edu.mit.compbio.bisulfitehic.mapping.Bhmem  - Processing reads 327000 ...
106157 [main] INFO main.java.edu.mit.compbio.bisulfitehic.mapping.Bhmem  - Unique mapped and paired reads 322940 ...
106160 [main] INFO main.java.edu.mit.compbio.bisulfitehic.mapping.Bhmem  - Processing reads 328000 ...
106160 [main] INFO main.java.edu.mit.compbio.bisulfitehic.mapping.Bhmem  - Unique mapped and paired reads 322940 ...
[M::mem_process_seqs] Processed 1001 reads in 0.730 CPU sec, 0.096 real sec
[M::mem_process_seqs] Processed 1001 reads in 0.617 CPU sec, 0.114 real sec
[M::mem_process_seqs] Processed 1001 reads in 0.801 CPU sec, 0.124 real sec
[M::mem_process_seqs] Processed 1001 reads in 0.748 CPU sec, 0.108 real sec
106729 [main] INFO main.java.edu.mit.compbio.bisulfitehic.mapping.Bhmem  - Processing reads 329000 ...
106729 [main] INFO main.java.edu.mit.compbio.bisulfitehic.mapping.Bhmem  - Unique mapped and paired reads 324914 ...
106732 [main] INFO main.java.edu.mit.compbio.bisulfitehic.mapping.Bhmem  - Processing reads 330000 ...
106732 [main] INFO main.java.edu.mit.compbio.bisulfitehic.mapping.Bhmem  - Unique mapped and paired reads 324914 ...
[M::mem_process_seqs] Processed 1001 reads in 0.721 CPU sec, 0.105 real sec
[M::mem_process_seqs] Processed 1001 reads in 0.659 CPU sec, 0.114 real sec
[M::mem_process_seqs] Processed 1001 reads in 0.782 CPU sec, 0.139 real sec
[M::mem_process_seqs] Processed 1001 reads in 0.753 CPU sec, 0.096 real sec
107310 [main] INFO main.java.edu.mit.compbio.bisulfitehic.mapping.Bhmem  - Processing reads 331000 ...
107310 [main] INFO main.java.edu.mit.compbio.bisulfitehic.mapping.Bhmem  - Unique mapped and paired reads 326904 ...
107313 [main] INFO main.java.edu.mit.compbio.bisulfitehic.mapping.Bhmem  - Processing reads 332000 ...
107313 [main] INFO main.java.edu.mit.compbio.bisulfitehic.mapping.Bhmem  - Unique mapped and paired reads 326904 ...
[M::mem_process_seqs] Processed 1001 reads in 0.728 CPU sec, 0.135 real sec
[M::mem_process_seqs] Processed 1001 reads in 0.763 CPU sec, 0.108 real sec
[M::mem_process_seqs] Processed 1001 reads in 0.770 CPU sec, 0.115 real sec
[M::mem_process_seqs] Processed 1001 reads in 0.786 CPU sec, 0.100 real sec
107900 [main] INFO main.java.edu.mit.compbio.bisulfitehic.mapping.Bhmem  - Processing reads 333000 ...
107900 [main] INFO main.java.edu.mit.compbio.bisulfitehic.mapping.Bhmem  - Unique mapped and paired reads 328892 ...
107904 [main] INFO main.java.edu.mit.compbio.bisulfitehic.mapping.Bhmem  - Processing reads 334000 ...
107904 [main] INFO main.java.edu.mit.compbio.bisulfitehic.mapping.Bhmem  - Unique mapped and paired reads 328892 ...
[M::mem_process_seqs] Processed 1001 reads in 0.704 CPU sec, 0.091 real sec
[M::mem_process_seqs] Processed 1001 reads in 0.620 CPU sec, 0.081 real sec
[M::mem_process_seqs] Processed 1001 reads in 0.755 CPU sec, 0.120 real sec
[M::mem_process_seqs] Processed 1001 reads in 0.711 CPU sec, 0.096 real sec
108415 [main] INFO main.java.edu.mit.compbio.bisulfitehic.mapping.Bhmem  - Processing reads 335000 ...
108415 [main] INFO main.java.edu.mit.compbio.bisulfitehic.mapping.Bhmem  - Unique mapped and paired reads 330874 ...
108417 [main] INFO main.java.edu.mit.compbio.bisulfitehic.mapping.Bhmem  - Processing reads 336000 ...
108418 [main] INFO main.java.edu.mit.compbio.bisulfitehic.mapping.Bhmem  - Unique mapped and paired reads 330874 ...
[M::mem_process_seqs] Processed 1001 reads in 0.682 CPU sec, 0.103 real sec
[M::mem_process_seqs] Processed 1001 reads in 0.640 CPU sec, 0.087 real sec
[M::mem_process_seqs] Processed 1001 reads in 0.764 CPU sec, 0.097 real sec
[M::mem_process_seqs] Processed 1001 reads in 0.775 CPU sec, 0.103 real sec
108937 [main] INFO main.java.edu.mit.compbio.bisulfitehic.mapping.Bhmem  - Processing reads 337000 ...
108937 [main] INFO main.java.edu.mit.compbio.bisulfitehic.mapping.Bhmem  - Unique mapped and paired reads 332854 ...
108940 [main] INFO main.java.edu.mit.compbio.bisulfitehic.mapping.Bhmem  - Processing reads 338000 ...
108940 [main] INFO main.java.edu.mit.compbio.bisulfitehic.mapping.Bhmem  - Unique mapped and paired reads 332854 ...
[M::mem_process_seqs] Processed 1001 reads in 0.763 CPU sec, 0.110 real sec
[M::mem_process_seqs] Processed 1001 reads in 0.699 CPU sec, 0.098 real sec
[M::mem_process_seqs] Processed 1001 reads in 0.838 CPU sec, 0.107 real sec
[M::mem_process_seqs] Processed 1001 reads in 0.770 CPU sec, 0.104 real sec
109493 [main] INFO main.java.edu.mit.compbio.bisulfitehic.mapping.Bhmem  - Processing reads 339000 ...
109493 [main] INFO main.java.edu.mit.compbio.bisulfitehic.mapping.Bhmem  - Unique mapped and paired reads 334834 ...
109496 [main] INFO main.java.edu.mit.compbio.bisulfitehic.mapping.Bhmem  - Processing reads 340000 ...
109496 [main] INFO main.java.edu.mit.compbio.bisulfitehic.mapping.Bhmem  - Unique mapped and paired reads 334834 ...
[M::mem_process_seqs] Processed 1001 reads in 0.729 CPU sec, 0.107 real sec
[M::mem_process_seqs] Processed 1001 reads in 0.700 CPU sec, 0.089 real sec
[M::mem_process_seqs] Processed 1001 reads in 0.835 CPU sec, 0.123 real sec
[M::mem_process_seqs] Processed 1001 reads in 0.803 CPU sec, 0.102 real sec
110048 [main] INFO main.java.edu.mit.compbio.bisulfitehic.mapping.Bhmem  - Processing reads 341000 ...
110048 [main] INFO main.java.edu.mit.compbio.bisulfitehic.mapping.Bhmem  - Unique mapped and paired reads 336824 ...
110051 [main] INFO main.java.edu.mit.compbio.bisulfitehic.mapping.Bhmem  - Processing reads 342000 ...
110051 [main] INFO main.java.edu.mit.compbio.bisulfitehic.mapping.Bhmem  - Unique mapped and paired reads 336824 ...
[M::mem_process_seqs] Processed 1001 reads in 0.727 CPU sec, 0.093 real sec
[M::mem_process_seqs] Processed 1001 reads in 0.631 CPU sec, 0.081 real sec
[M::mem_process_seqs] Processed 1001 reads in 0.758 CPU sec, 0.099 real sec
[M::mem_process_seqs] Processed 1001 reads in 0.738 CPU sec, 0.096 real sec
110552 [main] INFO main.java.edu.mit.compbio.bisulfitehic.mapping.Bhmem  - Processing reads 343000 ...
110552 [main] INFO main.java.edu.mit.compbio.bisulfitehic.mapping.Bhmem  - Unique mapped and paired reads 338802 ...
110555 [main] INFO main.java.edu.mit.compbio.bisulfitehic.mapping.Bhmem  - Processing reads 344000 ...
110555 [main] INFO main.java.edu.mit.compbio.bisulfitehic.mapping.Bhmem  - Unique mapped and paired reads 338802 ...
[M::mem_process_seqs] Processed 1001 reads in 0.806 CPU sec, 0.121 real sec
[M::mem_process_seqs] Processed 1001 reads in 0.735 CPU sec, 0.105 real sec
[M::mem_process_seqs] Processed 1001 reads in 0.799 CPU sec, 0.105 real sec
[M::mem_process_seqs] Processed 1001 reads in 0.791 CPU sec, 0.112 real sec
111134 [main] INFO main.java.edu.mit.compbio.bisulfitehic.mapping.Bhmem  - Processing reads 345000 ...
111135 [main] INFO main.java.edu.mit.compbio.bisulfitehic.mapping.Bhmem  - Unique mapped and paired reads 340796 ...
111137 [main] INFO main.java.edu.mit.compbio.bisulfitehic.mapping.Bhmem  - Processing reads 346000 ...
111137 [main] INFO main.java.edu.mit.compbio.bisulfitehic.mapping.Bhmem  - Unique mapped and paired reads 340796 ...
[M::mem_process_seqs] Processed 1001 reads in 0.721 CPU sec, 0.105 real sec
[M::mem_process_seqs] Processed 1001 reads in 0.647 CPU sec, 0.102 real sec
[M::mem_process_seqs] Processed 1001 reads in 0.760 CPU sec, 0.105 real sec
[M::mem_process_seqs] Processed 1001 reads in 0.678 CPU sec, 0.104 real sec
111678 [main] INFO main.java.edu.mit.compbio.bisulfitehic.mapping.Bhmem  - Processing reads 347000 ...
111678 [main] INFO main.java.edu.mit.compbio.bisulfitehic.mapping.Bhmem  - Unique mapped and paired reads 342772 ...
111681 [main] INFO main.java.edu.mit.compbio.bisulfitehic.mapping.Bhmem  - Processing reads 348000 ...
111681 [main] INFO main.java.edu.mit.compbio.bisulfitehic.mapping.Bhmem  - Unique mapped and paired reads 342772 ...
[M::mem_process_seqs] Processed 1001 reads in 0.709 CPU sec, 0.104 real sec
[M::mem_process_seqs] Processed 1001 reads in 0.630 CPU sec, 0.093 real sec
[M::mem_process_seqs] Processed 1001 reads in 0.791 CPU sec, 0.101 real sec
[M::mem_process_seqs] Processed 1001 reads in 0.732 CPU sec, 0.103 real sec
112219 [main] INFO main.java.edu.mit.compbio.bisulfitehic.mapping.Bhmem  - Processing reads 349000 ...
112219 [main] INFO main.java.edu.mit.compbio.bisulfitehic.mapping.Bhmem  - Unique mapped and paired reads 344764 ...
112222 [main] INFO main.java.edu.mit.compbio.bisulfitehic.mapping.Bhmem  - Processing reads 350000 ...
112222 [main] INFO main.java.edu.mit.compbio.bisulfitehic.mapping.Bhmem  - Unique mapped and paired reads 344764 ...
[M::mem_process_seqs] Processed 1001 reads in 0.713 CPU sec, 0.093 real sec
[M::mem_process_seqs] Processed 1001 reads in 0.656 CPU sec, 0.086 real sec
[M::mem_process_seqs] Processed 1001 reads in 0.765 CPU sec, 0.118 real sec
[M::mem_process_seqs] Processed 1001 reads in 0.753 CPU sec, 0.100 real sec
112749 [main] INFO main.java.edu.mit.compbio.bisulfitehic.mapping.Bhmem  - Processing reads 351000 ...
112749 [main] INFO main.java.edu.mit.compbio.bisulfitehic.mapping.Bhmem  - Unique mapped and paired reads 346740 ...
112752 [main] INFO main.java.edu.mit.compbio.bisulfitehic.mapping.Bhmem  - Processing reads 352000 ...
112752 [main] INFO main.java.edu.mit.compbio.bisulfitehic.mapping.Bhmem  - Unique mapped and paired reads 346740 ...
[M::mem_process_seqs] Processed 1001 reads in 0.741 CPU sec, 0.104 real sec
[M::mem_process_seqs] Processed 1001 reads in 0.655 CPU sec, 0.084 real sec
[M::mem_process_seqs] Processed 1001 reads in 0.756 CPU sec, 0.099 real sec
[M::mem_process_seqs] Processed 1001 reads in 0.796 CPU sec, 0.106 real sec
113271 [main] INFO main.java.edu.mit.compbio.bisulfitehic.mapping.Bhmem  - Processing reads 353000 ...
113271 [main] INFO main.java.edu.mit.compbio.bisulfitehic.mapping.Bhmem  - Unique mapped and paired reads 348712 ...
113274 [main] INFO main.java.edu.mit.compbio.bisulfitehic.mapping.Bhmem  - Processing reads 354000 ...
113274 [main] INFO main.java.edu.mit.compbio.bisulfitehic.mapping.Bhmem  - Unique mapped and paired reads 348712 ...
[M::mem_process_seqs] Processed 1001 reads in 0.742 CPU sec, 0.095 real sec
[M::mem_process_seqs] Processed 1001 reads in 0.662 CPU sec, 0.145 real sec
[M::mem_process_seqs] Processed 1001 reads in 0.794 CPU sec, 0.121 real sec
[M::mem_process_seqs] Processed 1001 reads in 0.786 CPU sec, 0.101 real sec
113867 [main] INFO main.java.edu.mit.compbio.bisulfitehic.mapping.Bhmem  - Processing reads 355000 ...
113867 [main] INFO main.java.edu.mit.compbio.bisulfitehic.mapping.Bhmem  - Unique mapped and paired reads 350686 ...
113870 [main] INFO main.java.edu.mit.compbio.bisulfitehic.mapping.Bhmem  - Processing reads 356000 ...
113870 [main] INFO main.java.edu.mit.compbio.bisulfitehic.mapping.Bhmem  - Unique mapped and paired reads 350686 ...
[M::mem_process_seqs] Processed 1001 reads in 0.756 CPU sec, 0.111 real sec
[M::mem_process_seqs] Processed 1001 reads in 0.743 CPU sec, 0.095 real sec
[M::mem_process_seqs] Processed 1001 reads in 0.797 CPU sec, 0.103 real sec
[M::mem_process_seqs] Processed 1001 reads in 0.740 CPU sec, 0.146 real sec
114452 [main] INFO main.java.edu.mit.compbio.bisulfitehic.mapping.Bhmem  - Processing reads 357000 ...
114452 [main] INFO main.java.edu.mit.compbio.bisulfitehic.mapping.Bhmem  - Unique mapped and paired reads 352668 ...
114455 [main] INFO main.java.edu.mit.compbio.bisulfitehic.mapping.Bhmem  - Processing reads 358000 ...
114455 [main] INFO main.java.edu.mit.compbio.bisulfitehic.mapping.Bhmem  - Unique mapped and paired reads 352668 ...
[M::mem_process_seqs] Processed 1001 reads in 0.715 CPU sec, 0.093 real sec
[M::mem_process_seqs] Processed 1001 reads in 0.632 CPU sec, 0.082 real sec
[M::mem_process_seqs] Processed 1001 reads in 0.753 CPU sec, 0.101 real sec
[M::mem_process_seqs] Processed 1001 reads in 0.717 CPU sec, 0.093 real sec
114948 [main] INFO main.java.edu.mit.compbio.bisulfitehic.mapping.Bhmem  - Processing reads 359000 ...
114948 [main] INFO main.java.edu.mit.compbio.bisulfitehic.mapping.Bhmem  - Unique mapped and paired reads 354648 ...
114951 [main] INFO main.java.edu.mit.compbio.bisulfitehic.mapping.Bhmem  - Processing reads 360000 ...
114951 [main] INFO main.java.edu.mit.compbio.bisulfitehic.mapping.Bhmem  - Unique mapped and paired reads 354648 ...
[M::mem_process_seqs] Processed 1001 reads in 0.737 CPU sec, 0.094 real sec
[M::mem_process_seqs] Processed 1001 reads in 0.674 CPU sec, 0.088 real sec
[M::mem_process_seqs] Processed 1001 reads in 0.798 CPU sec, 0.111 real sec
[M::mem_process_seqs] Processed 1001 reads in 0.734 CPU sec, 0.106 real sec
115480 [main] INFO main.java.edu.mit.compbio.bisulfitehic.mapping.Bhmem  - Processing reads 361000 ...
115480 [main] INFO main.java.edu.mit.compbio.bisulfitehic.mapping.Bhmem  - Unique mapped and paired reads 356646 ...
115483 [main] INFO main.java.edu.mit.compbio.bisulfitehic.mapping.Bhmem  - Processing reads 362000 ...
115483 [main] INFO main.java.edu.mit.compbio.bisulfitehic.mapping.Bhmem  - Unique mapped and paired reads 356646 ...
[M::mem_process_seqs] Processed 1001 reads in 0.694 CPU sec, 0.089 real sec
[M::mem_process_seqs] Processed 1001 reads in 0.651 CPU sec, 0.091 real sec
[M::mem_process_seqs] Processed 1001 reads in 0.685 CPU sec, 0.109 real sec
[M::mem_process_seqs] Processed 1001 reads in 0.696 CPU sec, 0.118 real sec
116010 [main] INFO main.java.edu.mit.compbio.bisulfitehic.mapping.Bhmem  - Processing reads 363000 ...
116010 [main] INFO main.java.edu.mit.compbio.bisulfitehic.mapping.Bhmem  - Unique mapped and paired reads 358630 ...
116013 [main] INFO main.java.edu.mit.compbio.bisulfitehic.mapping.Bhmem  - Processing reads 364000 ...
116013 [main] INFO main.java.edu.mit.compbio.bisulfitehic.mapping.Bhmem  - Unique mapped and paired reads 358630 ...
[M::mem_process_seqs] Processed 1001 reads in 0.820 CPU sec, 0.128 real sec
[M::mem_process_seqs] Processed 1001 reads in 0.742 CPU sec, 0.095 real sec
[M::mem_process_seqs] Processed 1001 reads in 0.781 CPU sec, 0.100 real sec
[M::mem_process_seqs] Processed 1001 reads in 0.800 CPU sec, 0.101 real sec
116562 [main] INFO main.java.edu.mit.compbio.bisulfitehic.mapping.Bhmem  - Processing reads 365000 ...
116562 [main] INFO main.java.edu.mit.compbio.bisulfitehic.mapping.Bhmem  - Unique mapped and paired reads 360622 ...
116565 [main] INFO main.java.edu.mit.compbio.bisulfitehic.mapping.Bhmem  - Processing reads 366000 ...
116565 [main] INFO main.java.edu.mit.compbio.bisulfitehic.mapping.Bhmem  - Unique mapped and paired reads 360622 ...
[M::mem_process_seqs] Processed 1001 reads in 0.711 CPU sec, 0.091 real sec
[M::mem_process_seqs] Processed 1001 reads in 0.622 CPU sec, 0.080 real sec
[M::mem_process_seqs] Processed 1001 reads in 0.729 CPU sec, 0.145 real sec
[M::mem_process_seqs] Processed 1001 reads in 0.759 CPU sec, 0.104 real sec
117107 [main] INFO main.java.edu.mit.compbio.bisulfitehic.mapping.Bhmem  - Processing reads 367000 ...
117107 [main] INFO main.java.edu.mit.compbio.bisulfitehic.mapping.Bhmem  - Unique mapped and paired reads 362600 ...
117110 [main] INFO main.java.edu.mit.compbio.bisulfitehic.mapping.Bhmem  - Processing reads 368000 ...
117110 [main] INFO main.java.edu.mit.compbio.bisulfitehic.mapping.Bhmem  - Unique mapped and paired reads 362600 ...
[M::mem_process_seqs] Processed 1001 reads in 0.692 CPU sec, 0.094 real sec
[M::mem_process_seqs] Processed 1001 reads in 0.599 CPU sec, 0.086 real sec
[M::mem_process_seqs] Processed 1001 reads in 0.723 CPU sec, 0.107 real sec
[M::mem_process_seqs] Processed 1001 reads in 0.700 CPU sec, 0.102 real sec
117627 [main] INFO main.java.edu.mit.compbio.bisulfitehic.mapping.Bhmem  - Processing reads 369000 ...
117627 [main] INFO main.java.edu.mit.compbio.bisulfitehic.mapping.Bhmem  - Unique mapped and paired reads 364580 ...
117630 [main] INFO main.java.edu.mit.compbio.bisulfitehic.mapping.Bhmem  - Processing reads 370000 ...
117630 [main] INFO main.java.edu.mit.compbio.bisulfitehic.mapping.Bhmem  - Unique mapped and paired reads 364580 ...
[M::mem_process_seqs] Processed 1001 reads in 0.790 CPU sec, 0.104 real sec
[M::mem_process_seqs] Processed 1001 reads in 0.713 CPU sec, 0.093 real sec
[M::mem_process_seqs] Processed 1001 reads in 0.857 CPU sec, 0.109 real sec
[M::mem_process_seqs] Processed 1001 reads in 0.838 CPU sec, 0.107 real sec
118172 [main] INFO main.java.edu.mit.compbio.bisulfitehic.mapping.Bhmem  - Processing reads 371000 ...
118172 [main] INFO main.java.edu.mit.compbio.bisulfitehic.mapping.Bhmem  - Unique mapped and paired reads 366560 ...
118175 [main] INFO main.java.edu.mit.compbio.bisulfitehic.mapping.Bhmem  - Processing reads 372000 ...
118175 [main] INFO main.java.edu.mit.compbio.bisulfitehic.mapping.Bhmem  - Unique mapped and paired reads 366560 ...
[M::mem_process_seqs] Processed 1001 reads in 0.687 CPU sec, 0.121 real sec
[M::mem_process_seqs] Processed 1001 reads in 0.695 CPU sec, 0.102 real sec
[M::mem_process_seqs] Processed 1001 reads in 0.780 CPU sec, 0.147 real sec
[M::mem_process_seqs] Processed 1001 reads in 0.787 CPU sec, 0.115 real sec
118788 [main] INFO main.java.edu.mit.compbio.bisulfitehic.mapping.Bhmem  - Processing reads 373000 ...
118788 [main] INFO main.java.edu.mit.compbio.bisulfitehic.mapping.Bhmem  - Unique mapped and paired reads 368542 ...
118791 [main] INFO main.java.edu.mit.compbio.bisulfitehic.mapping.Bhmem  - Processing reads 374000 ...
118791 [main] INFO main.java.edu.mit.compbio.bisulfitehic.mapping.Bhmem  - Unique mapped and paired reads 368542 ...
[M::mem_process_seqs] Processed 1001 reads in 0.712 CPU sec, 0.093 real sec
[M::mem_process_seqs] Processed 1001 reads in 0.747 CPU sec, 0.140 real sec
[M::mem_process_seqs] Processed 1001 reads in 0.796 CPU sec, 0.122 real sec
[M::mem_process_seqs] Processed 1001 reads in 0.711 CPU sec, 0.103 real sec
119378 [main] INFO main.java.edu.mit.compbio.bisulfitehic.mapping.Bhmem  - Processing reads 375000 ...
119378 [main] INFO main.java.edu.mit.compbio.bisulfitehic.mapping.Bhmem  - Unique mapped and paired reads 370524 ...
119381 [main] INFO main.java.edu.mit.compbio.bisulfitehic.mapping.Bhmem  - Processing reads 376000 ...
119381 [main] INFO main.java.edu.mit.compbio.bisulfitehic.mapping.Bhmem  - Unique mapped and paired reads 370524 ...
[M::mem_process_seqs] Processed 1001 reads in 0.744 CPU sec, 0.116 real sec
[M::mem_process_seqs] Processed 1001 reads in 0.717 CPU sec, 0.117 real sec
[M::mem_process_seqs] Processed 1001 reads in 0.801 CPU sec, 0.116 real sec
[M::mem_process_seqs] Processed 1001 reads in 0.782 CPU sec, 0.099 real sec
119955 [main] INFO main.java.edu.mit.compbio.bisulfitehic.mapping.Bhmem  - Processing reads 377000 ...
119955 [main] INFO main.java.edu.mit.compbio.bisulfitehic.mapping.Bhmem  - Unique mapped and paired reads 372510 ...
119958 [main] INFO main.java.edu.mit.compbio.bisulfitehic.mapping.Bhmem  - Processing reads 378000 ...
119958 [main] INFO main.java.edu.mit.compbio.bisulfitehic.mapping.Bhmem  - Unique mapped and paired reads 372510 ...
[M::mem_process_seqs] Processed 1001 reads in 0.812 CPU sec, 0.104 real sec
[M::mem_process_seqs] Processed 1001 reads in 0.711 CPU sec, 0.092 real sec
[M::mem_process_seqs] Processed 1001 reads in 0.836 CPU sec, 0.106 real sec
[M::mem_process_seqs] Processed 1001 reads in 0.782 CPU sec, 0.105 real sec
120493 [main] INFO main.java.edu.mit.compbio.bisulfitehic.mapping.Bhmem  - Processing reads 379000 ...
120493 [main] INFO main.java.edu.mit.compbio.bisulfitehic.mapping.Bhmem  - Unique mapped and paired reads 374498 ...
120496 [main] INFO main.java.edu.mit.compbio.bisulfitehic.mapping.Bhmem  - Processing reads 380000 ...
120496 [main] INFO main.java.edu.mit.compbio.bisulfitehic.mapping.Bhmem  - Unique mapped and paired reads 374498 ...
[M::mem_process_seqs] Processed 1001 reads in 0.733 CPU sec, 0.117 real sec
[M::mem_process_seqs] Processed 1001 reads in 0.678 CPU sec, 0.088 real sec
[M::mem_process_seqs] Processed 1001 reads in 0.763 CPU sec, 0.098 real sec
[M::mem_process_seqs] Processed 1001 reads in 0.785 CPU sec, 0.099 real sec
121028 [main] INFO main.java.edu.mit.compbio.bisulfitehic.mapping.Bhmem  - Processing reads 381000 ...
121028 [main] INFO main.java.edu.mit.compbio.bisulfitehic.mapping.Bhmem  - Unique mapped and paired reads 376484 ...
121031 [main] INFO main.java.edu.mit.compbio.bisulfitehic.mapping.Bhmem  - Processing reads 382000 ...
121031 [main] INFO main.java.edu.mit.compbio.bisulfitehic.mapping.Bhmem  - Unique mapped and paired reads 376484 ...
[M::mem_process_seqs] Processed 1001 reads in 0.716 CPU sec, 0.104 real sec
[M::mem_process_seqs] Processed 1001 reads in 0.678 CPU sec, 0.091 real sec
[M::mem_process_seqs] Processed 1001 reads in 0.772 CPU sec, 0.101 real sec
[M::mem_process_seqs] Processed 1001 reads in 0.697 CPU sec, 0.090 real sec
121543 [main] INFO main.java.edu.mit.compbio.bisulfitehic.mapping.Bhmem  - Processing reads 383000 ...
121543 [main] INFO main.java.edu.mit.compbio.bisulfitehic.mapping.Bhmem  - Unique mapped and paired reads 378468 ...
121546 [main] INFO main.java.edu.mit.compbio.bisulfitehic.mapping.Bhmem  - Processing reads 384000 ...
121546 [main] INFO main.java.edu.mit.compbio.bisulfitehic.mapping.Bhmem  - Unique mapped and paired reads 378468 ...
[M::mem_process_seqs] Processed 1001 reads in 0.707 CPU sec, 0.105 real sec
[M::mem_process_seqs] Processed 1001 reads in 0.649 CPU sec, 0.094 real sec
[M::mem_process_seqs] Processed 1001 reads in 0.805 CPU sec, 0.114 real sec
[M::mem_process_seqs] Processed 1001 reads in 0.730 CPU sec, 0.110 real sec
122095 [main] INFO main.java.edu.mit.compbio.bisulfitehic.mapping.Bhmem  - Processing reads 385000 ...
122095 [main] INFO main.java.edu.mit.compbio.bisulfitehic.mapping.Bhmem  - Unique mapped and paired reads 380448 ...
122098 [main] INFO main.java.edu.mit.compbio.bisulfitehic.mapping.Bhmem  - Processing reads 386000 ...
122098 [main] INFO main.java.edu.mit.compbio.bisulfitehic.mapping.Bhmem  - Unique mapped and paired reads 380448 ...
[M::mem_process_seqs] Processed 1001 reads in 0.748 CPU sec, 0.108 real sec
[M::mem_process_seqs] Processed 1001 reads in 0.658 CPU sec, 0.087 real sec
[M::mem_process_seqs] Processed 1001 reads in 0.778 CPU sec, 0.116 real sec
[M::mem_process_seqs] Processed 1001 reads in 0.777 CPU sec, 0.125 real sec
122661 [main] INFO main.java.edu.mit.compbio.bisulfitehic.mapping.Bhmem  - Processing reads 387000 ...
122661 [main] INFO main.java.edu.mit.compbio.bisulfitehic.mapping.Bhmem  - Unique mapped and paired reads 382424 ...
122664 [main] INFO main.java.edu.mit.compbio.bisulfitehic.mapping.Bhmem  - Processing reads 388000 ...
122664 [main] INFO main.java.edu.mit.compbio.bisulfitehic.mapping.Bhmem  - Unique mapped and paired reads 382424 ...
[M::mem_process_seqs] Processed 1001 reads in 0.724 CPU sec, 0.092 real sec
[M::mem_process_seqs] Processed 1001 reads in 0.649 CPU sec, 0.094 real sec
[M::mem_process_seqs] Processed 1001 reads in 0.770 CPU sec, 0.117 real sec
[M::mem_process_seqs] Processed 1001 reads in 0.761 CPU sec, 0.097 real sec
123189 [main] INFO main.java.edu.mit.compbio.bisulfitehic.mapping.Bhmem  - Processing reads 389000 ...
123189 [main] INFO main.java.edu.mit.compbio.bisulfitehic.mapping.Bhmem  - Unique mapped and paired reads 384408 ...
123192 [main] INFO main.java.edu.mit.compbio.bisulfitehic.mapping.Bhmem  - Processing reads 390000 ...
123192 [main] INFO main.java.edu.mit.compbio.bisulfitehic.mapping.Bhmem  - Unique mapped and paired reads 384408 ...
[M::mem_process_seqs] Processed 1001 reads in 0.730 CPU sec, 0.116 real sec
[M::mem_process_seqs] Processed 1001 reads in 0.721 CPU sec, 0.098 real sec
[M::mem_process_seqs] Processed 1001 reads in 0.881 CPU sec, 0.116 real sec
[M::mem_process_seqs] Processed 1001 reads in 0.892 CPU sec, 0.172 real sec
123828 [main] INFO main.java.edu.mit.compbio.bisulfitehic.mapping.Bhmem  - Processing reads 391000 ...
123828 [main] INFO main.java.edu.mit.compbio.bisulfitehic.mapping.Bhmem  - Unique mapped and paired reads 386380 ...
123831 [main] INFO main.java.edu.mit.compbio.bisulfitehic.mapping.Bhmem  - Processing reads 392000 ...
123831 [main] INFO main.java.edu.mit.compbio.bisulfitehic.mapping.Bhmem  - Unique mapped and paired reads 386380 ...
[M::mem_process_seqs] Processed 1001 reads in 0.855 CPU sec, 0.109 real sec
[M::mem_process_seqs] Processed 1001 reads in 0.724 CPU sec, 0.097 real sec
[M::mem_process_seqs] Processed 1001 reads in 0.811 CPU sec, 0.116 real sec
[M::mem_process_seqs] Processed 1001 reads in 0.860 CPU sec, 0.122 real sec
124412 [main] INFO main.java.edu.mit.compbio.bisulfitehic.mapping.Bhmem  - Processing reads 393000 ...
124412 [main] INFO main.java.edu.mit.compbio.bisulfitehic.mapping.Bhmem  - Unique mapped and paired reads 388370 ...
124415 [main] INFO main.java.edu.mit.compbio.bisulfitehic.mapping.Bhmem  - Processing reads 394000 ...
124415 [main] INFO main.java.edu.mit.compbio.bisulfitehic.mapping.Bhmem  - Unique mapped and paired reads 388370 ...
[M::mem_process_seqs] Processed 1001 reads in 0.747 CPU sec, 0.097 real sec
[M::mem_process_seqs] Processed 1001 reads in 0.710 CPU sec, 0.138 real sec
[M::mem_process_seqs] Processed 1001 reads in 0.791 CPU sec, 0.115 real sec
[M::mem_process_seqs] Processed 1001 reads in 0.797 CPU sec, 0.103 real sec
125005 [main] INFO main.java.edu.mit.compbio.bisulfitehic.mapping.Bhmem  - Processing reads 395000 ...
125005 [main] INFO main.java.edu.mit.compbio.bisulfitehic.mapping.Bhmem  - Unique mapped and paired reads 390348 ...
125008 [main] INFO main.java.edu.mit.compbio.bisulfitehic.mapping.Bhmem  - Processing reads 396000 ...
125008 [main] INFO main.java.edu.mit.compbio.bisulfitehic.mapping.Bhmem  - Unique mapped and paired reads 390348 ...
[M::mem_process_seqs] Processed 1001 reads in 0.750 CPU sec, 0.109 real sec
[M::mem_process_seqs] Processed 1001 reads in 0.706 CPU sec, 0.148 real sec
[M::mem_process_seqs] Processed 1001 reads in 0.833 CPU sec, 0.136 real sec
[M::mem_process_seqs] Processed 1001 reads in 0.778 CPU sec, 0.103 real sec
125655 [main] INFO main.java.edu.mit.compbio.bisulfitehic.mapping.Bhmem  - Processing reads 397000 ...
125656 [main] INFO main.java.edu.mit.compbio.bisulfitehic.mapping.Bhmem  - Unique mapped and paired reads 392338 ...
125658 [main] INFO main.java.edu.mit.compbio.bisulfitehic.mapping.Bhmem  - Processing reads 398000 ...
125658 [main] INFO main.java.edu.mit.compbio.bisulfitehic.mapping.Bhmem  - Unique mapped and paired reads 392338 ...
[M::mem_process_seqs] Processed 1001 reads in 0.772 CPU sec, 0.102 real sec
[M::mem_process_seqs] Processed 1001 reads in 0.722 CPU sec, 0.092 real sec
[M::mem_process_seqs] Processed 1001 reads in 0.811 CPU sec, 0.105 real sec
[M::mem_process_seqs] Processed 1001 reads in 0.792 CPU sec, 0.112 real sec
126200 [main] INFO main.java.edu.mit.compbio.bisulfitehic.mapping.Bhmem  - Processing reads 399000 ...
126200 [main] INFO main.java.edu.mit.compbio.bisulfitehic.mapping.Bhmem  - Unique mapped and paired reads 394312 ...
126202 [main] INFO main.java.edu.mit.compbio.bisulfitehic.mapping.Bhmem  - Processing reads 400000 ...
126202 [main] INFO main.java.edu.mit.compbio.bisulfitehic.mapping.Bhmem  - Unique mapped and paired reads 394312 ...
[M::mem_process_seqs] Processed 1001 reads in 0.761 CPU sec, 0.097 real sec
[M::mem_process_seqs] Processed 1001 reads in 0.667 CPU sec, 0.098 real sec
[M::mem_process_seqs] Processed 1001 reads in 0.818 CPU sec, 0.118 real sec
[M::mem_process_seqs] Processed 1001 reads in 0.762 CPU sec, 0.099 real sec
126751 [main] INFO main.java.edu.mit.compbio.bisulfitehic.mapping.Bhmem  - Processing reads 401000 ...
126751 [main] INFO main.java.edu.mit.compbio.bisulfitehic.mapping.Bhmem  - Unique mapped and paired reads 396300 ...
126753 [main] INFO main.java.edu.mit.compbio.bisulfitehic.mapping.Bhmem  - Processing reads 402000 ...
126753 [main] INFO main.java.edu.mit.compbio.bisulfitehic.mapping.Bhmem  - Unique mapped and paired reads 396300 ...
[M::mem_process_seqs] Processed 1001 reads in 0.743 CPU sec, 0.097 real sec
[M::mem_process_seqs] Processed 1001 reads in 0.695 CPU sec, 0.091 real sec
[M::mem_process_seqs] Processed 1001 reads in 0.774 CPU sec, 0.112 real sec
[M::mem_process_seqs] Processed 1001 reads in 0.742 CPU sec, 0.094 real sec
127278 [main] INFO main.java.edu.mit.compbio.bisulfitehic.mapping.Bhmem  - Processing reads 403000 ...
127278 [main] INFO main.java.edu.mit.compbio.bisulfitehic.mapping.Bhmem  - Unique mapped and paired reads 398282 ...
127281 [main] INFO main.java.edu.mit.compbio.bisulfitehic.mapping.Bhmem  - Processing reads 404000 ...
127281 [main] INFO main.java.edu.mit.compbio.bisulfitehic.mapping.Bhmem  - Unique mapped and paired reads 398282 ...
[M::mem_process_seqs] Processed 1001 reads in 0.798 CPU sec, 0.118 real sec
[M::mem_process_seqs] Processed 1001 reads in 0.721 CPU sec, 0.103 real sec
[M::mem_process_seqs] Processed 1001 reads in 0.795 CPU sec, 0.101 real sec
[M::mem_process_seqs] Processed 1001 reads in 0.810 CPU sec, 0.105 real sec
127844 [main] INFO main.java.edu.mit.compbio.bisulfitehic.mapping.Bhmem  - Processing reads 405000 ...
127844 [main] INFO main.java.edu.mit.compbio.bisulfitehic.mapping.Bhmem  - Unique mapped and paired reads 400276 ...
127847 [main] INFO main.java.edu.mit.compbio.bisulfitehic.mapping.Bhmem  - Processing reads 406000 ...
127847 [main] INFO main.java.edu.mit.compbio.bisulfitehic.mapping.Bhmem  - Unique mapped and paired reads 400276 ...
[M::mem_process_seqs] Processed 1001 reads in 0.775 CPU sec, 0.099 real sec
[M::mem_process_seqs] Processed 1001 reads in 0.684 CPU sec, 0.133 real sec
[M::mem_process_seqs] Processed 1001 reads in 0.851 CPU sec, 0.116 real sec
[M::mem_process_seqs] Processed 1001 reads in 0.780 CPU sec, 0.099 real sec
128433 [main] INFO main.java.edu.mit.compbio.bisulfitehic.mapping.Bhmem  - Processing reads 407000 ...
128433 [main] INFO main.java.edu.mit.compbio.bisulfitehic.mapping.Bhmem  - Unique mapped and paired reads 402262 ...
128436 [main] INFO main.java.edu.mit.compbio.bisulfitehic.mapping.Bhmem  - Processing reads 408000 ...
128436 [main] INFO main.java.edu.mit.compbio.bisulfitehic.mapping.Bhmem  - Unique mapped and paired reads 402262 ...
[M::mem_process_seqs] Processed 1001 reads in 0.890 CPU sec, 0.150 real sec
[M::mem_process_seqs] Processed 1001 reads in 0.883 CPU sec, 0.129 real sec
[M::mem_process_seqs] Processed 1001 reads in 0.704 CPU sec, 0.117 real sec
[M::mem_process_seqs] Processed 1001 reads in 0.653 CPU sec, 0.109 real sec
129083 [main] INFO main.java.edu.mit.compbio.bisulfitehic.mapping.Bhmem  - Processing reads 409000 ...
129083 [main] INFO main.java.edu.mit.compbio.bisulfitehic.mapping.Bhmem  - Unique mapped and paired reads 404244 ...
129086 [main] INFO main.java.edu.mit.compbio.bisulfitehic.mapping.Bhmem  - Processing reads 410000 ...
129086 [main] INFO main.java.edu.mit.compbio.bisulfitehic.mapping.Bhmem  - Unique mapped and paired reads 404244 ...
[M::mem_process_seqs] Processed 1001 reads in 1.176 CPU sec, 0.186 real sec
[M::mem_process_seqs] Processed 1001 reads in 1.109 CPU sec, 0.141 real sec
[M::mem_process_seqs] Processed 1001 reads in 0.662 CPU sec, 0.098 real sec
[M::mem_process_seqs] Processed 1001 reads in 0.594 CPU sec, 0.078 real sec
129752 [main] INFO main.java.edu.mit.compbio.bisulfitehic.mapping.Bhmem  - Processing reads 411000 ...
129753 [main] INFO main.java.edu.mit.compbio.bisulfitehic.mapping.Bhmem  - Unique mapped and paired reads 406228 ...
129755 [main] INFO main.java.edu.mit.compbio.bisulfitehic.mapping.Bhmem  - Processing reads 412000 ...
129755 [main] INFO main.java.edu.mit.compbio.bisulfitehic.mapping.Bhmem  - Unique mapped and paired reads 406228 ...
[M::mem_process_seqs] Processed 1001 reads in 1.133 CPU sec, 0.158 real sec
[M::mem_process_seqs] Processed 1001 reads in 1.019 CPU sec, 0.140 real sec
[M::mem_process_seqs] Processed 1001 reads in 0.678 CPU sec, 0.092 real sec
[M::mem_process_seqs] Processed 1001 reads in 0.593 CPU sec, 0.076 real sec
130371 [main] INFO main.java.edu.mit.compbio.bisulfitehic.mapping.Bhmem  - Processing reads 413000 ...
130371 [main] INFO main.java.edu.mit.compbio.bisulfitehic.mapping.Bhmem  - Unique mapped and paired reads 408200 ...
130374 [main] INFO main.java.edu.mit.compbio.bisulfitehic.mapping.Bhmem  - Processing reads 414000 ...
130374 [main] INFO main.java.edu.mit.compbio.bisulfitehic.mapping.Bhmem  - Unique mapped and paired reads 408200 ...
[M::mem_process_seqs] Processed 1001 reads in 0.730 CPU sec, 0.119 real sec
[M::mem_process_seqs] Processed 1001 reads in 0.756 CPU sec, 0.107 real sec
[M::mem_process_seqs] Processed 1001 reads in 0.879 CPU sec, 0.137 real sec
[M::mem_process_seqs] Processed 1001 reads in 0.825 CPU sec, 0.120 real sec
130990 [main] INFO main.java.edu.mit.compbio.bisulfitehic.mapping.Bhmem  - Processing reads 415000 ...
130990 [main] INFO main.java.edu.mit.compbio.bisulfitehic.mapping.Bhmem  - Unique mapped and paired reads 410186 ...
130993 [main] INFO main.java.edu.mit.compbio.bisulfitehic.mapping.Bhmem  - Processing reads 416000 ...
130993 [main] INFO main.java.edu.mit.compbio.bisulfitehic.mapping.Bhmem  - Unique mapped and paired reads 410186 ...
[M::mem_process_seqs] Processed 1001 reads in 0.755 CPU sec, 0.110 real sec
[M::mem_process_seqs] Processed 1001 reads in 0.666 CPU sec, 0.088 real sec
[M::mem_process_seqs] Processed 1001 reads in 0.877 CPU sec, 0.154 real sec
[M::mem_process_seqs] Processed 1001 reads in 0.775 CPU sec, 0.105 real sec
131584 [main] INFO main.java.edu.mit.compbio.bisulfitehic.mapping.Bhmem  - Processing reads 417000 ...
131584 [main] INFO main.java.edu.mit.compbio.bisulfitehic.mapping.Bhmem  - Unique mapped and paired reads 412170 ...
131587 [main] INFO main.java.edu.mit.compbio.bisulfitehic.mapping.Bhmem  - Processing reads 418000 ...
131587 [main] INFO main.java.edu.mit.compbio.bisulfitehic.mapping.Bhmem  - Unique mapped and paired reads 412170 ...
[M::mem_process_seqs] Processed 1001 reads in 0.747 CPU sec, 0.150 real sec
[M::mem_process_seqs] Processed 1001 reads in 0.749 CPU sec, 0.124 real sec
[M::mem_process_seqs] Processed 1001 reads in 0.817 CPU sec, 0.108 real sec
[M::mem_process_seqs] Processed 1001 reads in 0.802 CPU sec, 0.108 real sec
132210 [main] INFO main.java.edu.mit.compbio.bisulfitehic.mapping.Bhmem  - Processing reads 419000 ...
132210 [main] INFO main.java.edu.mit.compbio.bisulfitehic.mapping.Bhmem  - Unique mapped and paired reads 414144 ...
132214 [main] INFO main.java.edu.mit.compbio.bisulfitehic.mapping.Bhmem  - Processing reads 420000 ...
132214 [main] INFO main.java.edu.mit.compbio.bisulfitehic.mapping.Bhmem  - Unique mapped and paired reads 414144 ...
[M::mem_process_seqs] Processed 1001 reads in 0.817 CPU sec, 0.104 real sec
[M::mem_process_seqs] Processed 1001 reads in 0.691 CPU sec, 0.100 real sec
[M::mem_process_seqs] Processed 1001 reads in 0.803 CPU sec, 0.111 real sec
[M::mem_process_seqs] Processed 1001 reads in 0.762 CPU sec, 0.098 real sec
132756 [main] INFO main.java.edu.mit.compbio.bisulfitehic.mapping.Bhmem  - Processing reads 421000 ...
132756 [main] INFO main.java.edu.mit.compbio.bisulfitehic.mapping.Bhmem  - Unique mapped and paired reads 416130 ...
132759 [main] INFO main.java.edu.mit.compbio.bisulfitehic.mapping.Bhmem  - Processing reads 422000 ...
132759 [main] INFO main.java.edu.mit.compbio.bisulfitehic.mapping.Bhmem  - Unique mapped and paired reads 416130 ...
[M::mem_process_seqs] Processed 1001 reads in 0.712 CPU sec, 0.126 real sec
[M::mem_process_seqs] Processed 1001 reads in 0.691 CPU sec, 0.094 real sec
[M::mem_process_seqs] Processed 1001 reads in 0.888 CPU sec, 0.114 real sec
[M::mem_process_seqs] Processed 1001 reads in 0.829 CPU sec, 0.118 real sec
133336 [main] INFO main.java.edu.mit.compbio.bisulfitehic.mapping.Bhmem  - Processing reads 423000 ...
133336 [main] INFO main.java.edu.mit.compbio.bisulfitehic.mapping.Bhmem  - Unique mapped and paired reads 418120 ...
133339 [main] INFO main.java.edu.mit.compbio.bisulfitehic.mapping.Bhmem  - Processing reads 424000 ...
133339 [main] INFO main.java.edu.mit.compbio.bisulfitehic.mapping.Bhmem  - Unique mapped and paired reads 418120 ...
[M::mem_process_seqs] Processed 1001 reads in 0.758 CPU sec, 0.104 real sec
[M::mem_process_seqs] Processed 1001 reads in 0.750 CPU sec, 0.118 real sec
[M::mem_process_seqs] Processed 1001 reads in 0.845 CPU sec, 0.141 real sec
[M::mem_process_seqs] Processed 1001 reads in 0.869 CPU sec, 0.150 real sec
133992 [main] INFO main.java.edu.mit.compbio.bisulfitehic.mapping.Bhmem  - Processing reads 425000 ...
133992 [main] INFO main.java.edu.mit.compbio.bisulfitehic.mapping.Bhmem  - Unique mapped and paired reads 420104 ...
133995 [main] INFO main.java.edu.mit.compbio.bisulfitehic.mapping.Bhmem  - Processing reads 426000 ...
133995 [main] INFO main.java.edu.mit.compbio.bisulfitehic.mapping.Bhmem  - Unique mapped and paired reads 420104 ...
[M::mem_process_seqs] Processed 1001 reads in 0.845 CPU sec, 0.124 real sec
[M::mem_process_seqs] Processed 1001 reads in 0.762 CPU sec, 0.105 real sec
[M::mem_process_seqs] Processed 1001 reads in 0.898 CPU sec, 0.126 real sec
[M::mem_process_seqs] Processed 1001 reads in 0.823 CPU sec, 0.106 real sec
134583 [main] INFO main.java.edu.mit.compbio.bisulfitehic.mapping.Bhmem  - Processing reads 427000 ...
134584 [main] INFO main.java.edu.mit.compbio.bisulfitehic.mapping.Bhmem  - Unique mapped and paired reads 422098 ...
134586 [main] INFO main.java.edu.mit.compbio.bisulfitehic.mapping.Bhmem  - Processing reads 428000 ...
134586 [main] INFO main.java.edu.mit.compbio.bisulfitehic.mapping.Bhmem  - Unique mapped and paired reads 422098 ...
[M::mem_process_seqs] Processed 1001 reads in 0.827 CPU sec, 0.119 real sec
[M::mem_process_seqs] Processed 1001 reads in 0.741 CPU sec, 0.101 real sec
[M::mem_process_seqs] Processed 1001 reads in 0.888 CPU sec, 0.114 real sec
[M::mem_process_seqs] Processed 1001 reads in 0.836 CPU sec, 0.121 real sec
135174 [main] INFO main.java.edu.mit.compbio.bisulfitehic.mapping.Bhmem  - Processing reads 429000 ...
135174 [main] INFO main.java.edu.mit.compbio.bisulfitehic.mapping.Bhmem  - Unique mapped and paired reads 424078 ...
135177 [main] INFO main.java.edu.mit.compbio.bisulfitehic.mapping.Bhmem  - Processing reads 430000 ...
135177 [main] INFO main.java.edu.mit.compbio.bisulfitehic.mapping.Bhmem  - Unique mapped and paired reads 424078 ...
[M::mem_process_seqs] Processed 1001 reads in 0.726 CPU sec, 0.120 real sec
[M::mem_process_seqs] Processed 1001 reads in 0.679 CPU sec, 0.087 real sec
[M::mem_process_seqs] Processed 1001 reads in 0.779 CPU sec, 0.112 real sec
[M::mem_process_seqs] Processed 1001 reads in 0.757 CPU sec, 0.120 real sec
135745 [main] INFO main.java.edu.mit.compbio.bisulfitehic.mapping.Bhmem  - Processing reads 431000 ...
135745 [main] INFO main.java.edu.mit.compbio.bisulfitehic.mapping.Bhmem  - Unique mapped and paired reads 426054 ...
135748 [main] INFO main.java.edu.mit.compbio.bisulfitehic.mapping.Bhmem  - Processing reads 432000 ...
135748 [main] INFO main.java.edu.mit.compbio.bisulfitehic.mapping.Bhmem  - Unique mapped and paired reads 426054 ...
[M::mem_process_seqs] Processed 1001 reads in 0.700 CPU sec, 0.139 real sec
[M::mem_process_seqs] Processed 1001 reads in 0.686 CPU sec, 0.116 real sec
[M::mem_process_seqs] Processed 1001 reads in 0.807 CPU sec, 0.125 real sec
[M::mem_process_seqs] Processed 1001 reads in 0.791 CPU sec, 0.115 real sec
136371 [main] INFO main.java.edu.mit.compbio.bisulfitehic.mapping.Bhmem  - Processing reads 433000 ...
136371 [main] INFO main.java.edu.mit.compbio.bisulfitehic.mapping.Bhmem  - Unique mapped and paired reads 428048 ...
136373 [main] INFO main.java.edu.mit.compbio.bisulfitehic.mapping.Bhmem  - Processing reads 434000 ...
136373 [main] INFO main.java.edu.mit.compbio.bisulfitehic.mapping.Bhmem  - Unique mapped and paired reads 428048 ...
[M::mem_process_seqs] Processed 1001 reads in 0.671 CPU sec, 0.139 real sec
[M::mem_process_seqs] Processed 1001 reads in 0.745 CPU sec, 0.100 real sec
[M::mem_process_seqs] Processed 1001 reads in 0.784 CPU sec, 0.114 real sec
[M::mem_process_seqs] Processed 1001 reads in 0.735 CPU sec, 0.096 real sec
136951 [main] INFO main.java.edu.mit.compbio.bisulfitehic.mapping.Bhmem  - Processing reads 435000 ...
136951 [main] INFO main.java.edu.mit.compbio.bisulfitehic.mapping.Bhmem  - Unique mapped and paired reads 430022 ...
136954 [main] INFO main.java.edu.mit.compbio.bisulfitehic.mapping.Bhmem  - Processing reads 436000 ...
136954 [main] INFO main.java.edu.mit.compbio.bisulfitehic.mapping.Bhmem  - Unique mapped and paired reads 430022 ...
[M::mem_process_seqs] Processed 1001 reads in 0.732 CPU sec, 0.137 real sec
[M::mem_process_seqs] Processed 1001 reads in 0.695 CPU sec, 0.111 real sec
[M::mem_process_seqs] Processed 1001 reads in 0.831 CPU sec, 0.116 real sec
[M::mem_process_seqs] Processed 1001 reads in 0.853 CPU sec, 0.110 real sec
137561 [main] INFO main.java.edu.mit.compbio.bisulfitehic.mapping.Bhmem  - Processing reads 437000 ...
137561 [main] INFO main.java.edu.mit.compbio.bisulfitehic.mapping.Bhmem  - Unique mapped and paired reads 432008 ...
137564 [main] INFO main.java.edu.mit.compbio.bisulfitehic.mapping.Bhmem  - Processing reads 438000 ...
137564 [main] INFO main.java.edu.mit.compbio.bisulfitehic.mapping.Bhmem  - Unique mapped and paired reads 432008 ...
[M::mem_process_seqs] Processed 1001 reads in 0.786 CPU sec, 0.149 real sec
[M::mem_process_seqs] Processed 1001 reads in 0.678 CPU sec, 0.086 real sec
[M::mem_process_seqs] Processed 1001 reads in 0.804 CPU sec, 0.102 real sec
[M::mem_process_seqs] Processed 1001 reads in 0.756 CPU sec, 0.127 real sec
138155 [main] INFO main.java.edu.mit.compbio.bisulfitehic.mapping.Bhmem  - Processing reads 439000 ...
138155 [main] INFO main.java.edu.mit.compbio.bisulfitehic.mapping.Bhmem  - Unique mapped and paired reads 433986 ...
138158 [main] INFO main.java.edu.mit.compbio.bisulfitehic.mapping.Bhmem  - Processing reads 440000 ...
138158 [main] INFO main.java.edu.mit.compbio.bisulfitehic.mapping.Bhmem  - Unique mapped and paired reads 433986 ...
[M::mem_process_seqs] Processed 1001 reads in 0.759 CPU sec, 0.098 real sec
[M::mem_process_seqs] Processed 1001 reads in 0.676 CPU sec, 0.087 real sec
[M::mem_process_seqs] Processed 1001 reads in 0.797 CPU sec, 0.103 real sec
[M::mem_process_seqs] Processed 1001 reads in 0.776 CPU sec, 0.102 real sec
138679 [main] INFO main.java.edu.mit.compbio.bisulfitehic.mapping.Bhmem  - Processing reads 441000 ...
138679 [main] INFO main.java.edu.mit.compbio.bisulfitehic.mapping.Bhmem  - Unique mapped and paired reads 435966 ...
138681 [main] INFO main.java.edu.mit.compbio.bisulfitehic.mapping.Bhmem  - Processing reads 442000 ...
138682 [main] INFO main.java.edu.mit.compbio.bisulfitehic.mapping.Bhmem  - Unique mapped and paired reads 435966 ...
[M::mem_process_seqs] Processed 1001 reads in 0.767 CPU sec, 0.098 real sec
[M::mem_process_seqs] Processed 1001 reads in 0.722 CPU sec, 0.095 real sec
[M::mem_process_seqs] Processed 1001 reads in 0.826 CPU sec, 0.123 real sec
[M::mem_process_seqs] Processed 1001 reads in 0.812 CPU sec, 0.109 real sec
139239 [main] INFO main.java.edu.mit.compbio.bisulfitehic.mapping.Bhmem  - Processing reads 443000 ...
139239 [main] INFO main.java.edu.mit.compbio.bisulfitehic.mapping.Bhmem  - Unique mapped and paired reads 437946 ...
139242 [main] INFO main.java.edu.mit.compbio.bisulfitehic.mapping.Bhmem  - Processing reads 444000 ...
139242 [main] INFO main.java.edu.mit.compbio.bisulfitehic.mapping.Bhmem  - Unique mapped and paired reads 437946 ...
[M::mem_process_seqs] Processed 1001 reads in 0.817 CPU sec, 0.103 real sec
[M::mem_process_seqs] Processed 1001 reads in 0.714 CPU sec, 0.096 real sec
[M::mem_process_seqs] Processed 1001 reads in 0.848 CPU sec, 0.129 real sec
[M::mem_process_seqs] Processed 1001 reads in 0.798 CPU sec, 0.101 real sec
139806 [main] INFO main.java.edu.mit.compbio.bisulfitehic.mapping.Bhmem  - Processing reads 445000 ...
139806 [main] INFO main.java.edu.mit.compbio.bisulfitehic.mapping.Bhmem  - Unique mapped and paired reads 439932 ...
139809 [main] INFO main.java.edu.mit.compbio.bisulfitehic.mapping.Bhmem  - Processing reads 446000 ...
139809 [main] INFO main.java.edu.mit.compbio.bisulfitehic.mapping.Bhmem  - Unique mapped and paired reads 439932 ...
[M::mem_process_seqs] Processed 1001 reads in 0.708 CPU sec, 0.121 real sec
[M::mem_process_seqs] Processed 1001 reads in 0.648 CPU sec, 0.096 real sec
[M::mem_process_seqs] Processed 1001 reads in 0.763 CPU sec, 0.101 real sec
[M::mem_process_seqs] Processed 1001 reads in 0.664 CPU sec, 0.098 real sec
140351 [main] INFO main.java.edu.mit.compbio.bisulfitehic.mapping.Bhmem  - Processing reads 447000 ...
140351 [main] INFO main.java.edu.mit.compbio.bisulfitehic.mapping.Bhmem  - Unique mapped and paired reads 441924 ...
140354 [main] INFO main.java.edu.mit.compbio.bisulfitehic.mapping.Bhmem  - Processing reads 448000 ...
140354 [main] INFO main.java.edu.mit.compbio.bisulfitehic.mapping.Bhmem  - Unique mapped and paired reads 441924 ...
[M::mem_process_seqs] Processed 1001 reads in 0.831 CPU sec, 0.107 real sec
[M::mem_process_seqs] Processed 1001 reads in 0.706 CPU sec, 0.101 real sec
[M::mem_process_seqs] Processed 1001 reads in 0.814 CPU sec, 0.136 real sec
[M::mem_process_seqs] Processed 1001 reads in 0.785 CPU sec, 0.102 real sec
140933 [main] INFO main.java.edu.mit.compbio.bisulfitehic.mapping.Bhmem  - Processing reads 449000 ...
140933 [main] INFO main.java.edu.mit.compbio.bisulfitehic.mapping.Bhmem  - Unique mapped and paired reads 443918 ...
140936 [main] INFO main.java.edu.mit.compbio.bisulfitehic.mapping.Bhmem  - Processing reads 450000 ...
140936 [main] INFO main.java.edu.mit.compbio.bisulfitehic.mapping.Bhmem  - Unique mapped and paired reads 443918 ...
[M::mem_process_seqs] Processed 1001 reads in 0.755 CPU sec, 0.107 real sec
[M::mem_process_seqs] Processed 1001 reads in 0.711 CPU sec, 0.091 real sec
[M::mem_process_seqs] Processed 1001 reads in 0.721 CPU sec, 0.114 real sec
[M::mem_process_seqs] Processed 1001 reads in 0.750 CPU sec, 0.095 real sec
141476 [main] INFO main.java.edu.mit.compbio.bisulfitehic.mapping.Bhmem  - Processing reads 451000 ...
141476 [main] INFO main.java.edu.mit.compbio.bisulfitehic.mapping.Bhmem  - Unique mapped and paired reads 445900 ...
141479 [main] INFO main.java.edu.mit.compbio.bisulfitehic.mapping.Bhmem  - Processing reads 452000 ...
141479 [main] INFO main.java.edu.mit.compbio.bisulfitehic.mapping.Bhmem  - Unique mapped and paired reads 445900 ...
[M::mem_process_seqs] Processed 1001 reads in 0.762 CPU sec, 0.130 real sec
[M::mem_process_seqs] Processed 1001 reads in 0.745 CPU sec, 0.104 real sec
[M::mem_process_seqs] Processed 1001 reads in 0.819 CPU sec, 0.104 real sec
[M::mem_process_seqs] Processed 1001 reads in 0.803 CPU sec, 0.107 real sec
142056 [main] INFO main.java.edu.mit.compbio.bisulfitehic.mapping.Bhmem  - Processing reads 453000 ...
142056 [main] INFO main.java.edu.mit.compbio.bisulfitehic.mapping.Bhmem  - Unique mapped and paired reads 447888 ...
142059 [main] INFO main.java.edu.mit.compbio.bisulfitehic.mapping.Bhmem  - Processing reads 454000 ...
142059 [main] INFO main.java.edu.mit.compbio.bisulfitehic.mapping.Bhmem  - Unique mapped and paired reads 447888 ...
[M::mem_process_seqs] Processed 1001 reads in 0.812 CPU sec, 0.105 real sec
[M::mem_process_seqs] Processed 1001 reads in 0.761 CPU sec, 0.134 real sec
[M::mem_process_seqs] Processed 1001 reads in 0.870 CPU sec, 0.116 real sec
[M::mem_process_seqs] Processed 1001 reads in 0.873 CPU sec, 0.129 real sec
142673 [main] INFO main.java.edu.mit.compbio.bisulfitehic.mapping.Bhmem  - Processing reads 455000 ...
142673 [main] INFO main.java.edu.mit.compbio.bisulfitehic.mapping.Bhmem  - Unique mapped and paired reads 449864 ...
142677 [main] INFO main.java.edu.mit.compbio.bisulfitehic.mapping.Bhmem  - Processing reads 456000 ...
142677 [main] INFO main.java.edu.mit.compbio.bisulfitehic.mapping.Bhmem  - Unique mapped and paired reads 449864 ...
[M::mem_process_seqs] Processed 1001 reads in 0.757 CPU sec, 0.098 real sec
[M::mem_process_seqs] Processed 1001 reads in 0.723 CPU sec, 0.132 real sec
[M::mem_process_seqs] Processed 1001 reads in 0.831 CPU sec, 0.107 real sec
[M::mem_process_seqs] Processed 1001 reads in 0.801 CPU sec, 0.109 real sec
143258 [main] INFO main.java.edu.mit.compbio.bisulfitehic.mapping.Bhmem  - Processing reads 457000 ...
143258 [main] INFO main.java.edu.mit.compbio.bisulfitehic.mapping.Bhmem  - Unique mapped and paired reads 451858 ...
143261 [main] INFO main.java.edu.mit.compbio.bisulfitehic.mapping.Bhmem  - Processing reads 458000 ...
143261 [main] INFO main.java.edu.mit.compbio.bisulfitehic.mapping.Bhmem  - Unique mapped and paired reads 451858 ...
[M::mem_process_seqs] Processed 1001 reads in 0.715 CPU sec, 0.105 real sec
[M::mem_process_seqs] Processed 1001 reads in 0.654 CPU sec, 0.091 real sec
[M::mem_process_seqs] Processed 1001 reads in 0.772 CPU sec, 0.135 real sec
[M::mem_process_seqs] Processed 1001 reads in 0.751 CPU sec, 0.097 real sec
143820 [main] INFO main.java.edu.mit.compbio.bisulfitehic.mapping.Bhmem  - Processing reads 459000 ...
143820 [main] INFO main.java.edu.mit.compbio.bisulfitehic.mapping.Bhmem  - Unique mapped and paired reads 453836 ...
143823 [main] INFO main.java.edu.mit.compbio.bisulfitehic.mapping.Bhmem  - Processing reads 460000 ...
143823 [main] INFO main.java.edu.mit.compbio.bisulfitehic.mapping.Bhmem  - Unique mapped and paired reads 453836 ...
[M::mem_process_seqs] Processed 1001 reads in 0.740 CPU sec, 0.100 real sec
[M::mem_process_seqs] Processed 1001 reads in 0.707 CPU sec, 0.108 real sec
[M::mem_process_seqs] Processed 1001 reads in 0.785 CPU sec, 0.132 real sec
[M::mem_process_seqs] Processed 1001 reads in 0.826 CPU sec, 0.105 real sec
144396 [main] INFO main.java.edu.mit.compbio.bisulfitehic.mapping.Bhmem  - Processing reads 461000 ...
144396 [main] INFO main.java.edu.mit.compbio.bisulfitehic.mapping.Bhmem  - Unique mapped and paired reads 455820 ...
144399 [main] INFO main.java.edu.mit.compbio.bisulfitehic.mapping.Bhmem  - Processing reads 462000 ...
144399 [main] INFO main.java.edu.mit.compbio.bisulfitehic.mapping.Bhmem  - Unique mapped and paired reads 455820 ...
[M::mem_process_seqs] Processed 1001 reads in 0.703 CPU sec, 0.132 real sec
[M::mem_process_seqs] Processed 1001 reads in 0.740 CPU sec, 0.106 real sec
[M::mem_process_seqs] Processed 1001 reads in 0.768 CPU sec, 0.111 real sec
[M::mem_process_seqs] Processed 1001 reads in 0.774 CPU sec, 0.122 real sec
145001 [main] INFO main.java.edu.mit.compbio.bisulfitehic.mapping.Bhmem  - Processing reads 463000 ...
145001 [main] INFO main.java.edu.mit.compbio.bisulfitehic.mapping.Bhmem  - Unique mapped and paired reads 457808 ...
145004 [main] INFO main.java.edu.mit.compbio.bisulfitehic.mapping.Bhmem  - Processing reads 464000 ...
145004 [main] INFO main.java.edu.mit.compbio.bisulfitehic.mapping.Bhmem  - Unique mapped and paired reads 457808 ...
[M::mem_process_seqs] Processed 1001 reads in 0.739 CPU sec, 0.109 real sec
[M::mem_process_seqs] Processed 1001 reads in 0.720 CPU sec, 0.101 real sec
[M::mem_process_seqs] Processed 1001 reads in 0.767 CPU sec, 0.098 real sec
[M::mem_process_seqs] Processed 1001 reads in 0.764 CPU sec, 0.100 real sec
145547 [main] INFO main.java.edu.mit.compbio.bisulfitehic.mapping.Bhmem  - Processing reads 465000 ...
145547 [main] INFO main.java.edu.mit.compbio.bisulfitehic.mapping.Bhmem  - Unique mapped and paired reads 459786 ...
145549 [main] INFO main.java.edu.mit.compbio.bisulfitehic.mapping.Bhmem  - Processing reads 466000 ...
145549 [main] INFO main.java.edu.mit.compbio.bisulfitehic.mapping.Bhmem  - Unique mapped and paired reads 459786 ...
[M::mem_process_seqs] Processed 1001 reads in 0.734 CPU sec, 0.108 real sec
[M::mem_process_seqs] Processed 1001 reads in 0.714 CPU sec, 0.112 real sec
[M::mem_process_seqs] Processed 1001 reads in 0.794 CPU sec, 0.121 real sec
[M::mem_process_seqs] Processed 1001 reads in 0.767 CPU sec, 0.098 real sec
146123 [main] INFO main.java.edu.mit.compbio.bisulfitehic.mapping.Bhmem  - Processing reads 467000 ...
146123 [main] INFO main.java.edu.mit.compbio.bisulfitehic.mapping.Bhmem  - Unique mapped and paired reads 461774 ...
146126 [main] INFO main.java.edu.mit.compbio.bisulfitehic.mapping.Bhmem  - Processing reads 468000 ...
146126 [main] INFO main.java.edu.mit.compbio.bisulfitehic.mapping.Bhmem  - Unique mapped and paired reads 461774 ...
[M::mem_process_seqs] Processed 1001 reads in 0.756 CPU sec, 0.098 real sec
[M::mem_process_seqs] Processed 1001 reads in 0.669 CPU sec, 0.088 real sec
[M::mem_process_seqs] Processed 1001 reads in 0.819 CPU sec, 0.131 real sec
[M::mem_process_seqs] Processed 1001 reads in 0.783 CPU sec, 0.117 real sec
146691 [main] INFO main.java.edu.mit.compbio.bisulfitehic.mapping.Bhmem  - Processing reads 469000 ...
146691 [main] INFO main.java.edu.mit.compbio.bisulfitehic.mapping.Bhmem  - Unique mapped and paired reads 463762 ...
146694 [main] INFO main.java.edu.mit.compbio.bisulfitehic.mapping.Bhmem  - Processing reads 470000 ...
146694 [main] INFO main.java.edu.mit.compbio.bisulfitehic.mapping.Bhmem  - Unique mapped and paired reads 463762 ...
[M::mem_process_seqs] Processed 1001 reads in 0.888 CPU sec, 0.153 real sec
[M::mem_process_seqs] Processed 1001 reads in 0.772 CPU sec, 0.156 real sec
[M::mem_process_seqs] Processed 1001 reads in 0.661 CPU sec, 0.131 real sec
[M::mem_process_seqs] Processed 1001 reads in 0.758 CPU sec, 0.102 real sec
147371 [main] INFO main.java.edu.mit.compbio.bisulfitehic.mapping.Bhmem  - Processing reads 471000 ...
147371 [main] INFO main.java.edu.mit.compbio.bisulfitehic.mapping.Bhmem  - Unique mapped and paired reads 465744 ...
147374 [main] INFO main.java.edu.mit.compbio.bisulfitehic.mapping.Bhmem  - Processing reads 472000 ...
147374 [main] INFO main.java.edu.mit.compbio.bisulfitehic.mapping.Bhmem  - Unique mapped and paired reads 465744 ...
[M::mem_process_seqs] Processed 1001 reads in 1.209 CPU sec, 0.153 real sec
[M::mem_process_seqs] Processed 1001 reads in 1.123 CPU sec, 0.144 real sec
[M::mem_process_seqs] Processed 1001 reads in 0.680 CPU sec, 0.099 real sec
[M::mem_process_seqs] Processed 1001 reads in 0.580 CPU sec, 0.105 real sec
148040 [main] INFO main.java.edu.mit.compbio.bisulfitehic.mapping.Bhmem  - Processing reads 473000 ...
148040 [main] INFO main.java.edu.mit.compbio.bisulfitehic.mapping.Bhmem  - Unique mapped and paired reads 467694 ...
148043 [main] INFO main.java.edu.mit.compbio.bisulfitehic.mapping.Bhmem  - Processing reads 474000 ...
148044 [main] INFO main.java.edu.mit.compbio.bisulfitehic.mapping.Bhmem  - Unique mapped and paired reads 467694 ...
[M::mem_process_seqs] Processed 1001 reads in 1.208 CPU sec, 0.153 real sec
[M::mem_process_seqs] Processed 1001 reads in 1.144 CPU sec, 0.157 real sec
[M::mem_process_seqs] Processed 1001 reads in 0.695 CPU sec, 0.093 real sec
[M::mem_process_seqs] Processed 1001 reads in 0.629 CPU sec, 0.092 real sec
148701 [main] INFO main.java.edu.mit.compbio.bisulfitehic.mapping.Bhmem  - Processing reads 475000 ...
148701 [main] INFO main.java.edu.mit.compbio.bisulfitehic.mapping.Bhmem  - Unique mapped and paired reads 469672 ...
148704 [main] INFO main.java.edu.mit.compbio.bisulfitehic.mapping.Bhmem  - Processing reads 476000 ...
148704 [main] INFO main.java.edu.mit.compbio.bisulfitehic.mapping.Bhmem  - Unique mapped and paired reads 469672 ...
[M::mem_process_seqs] Processed 1001 reads in 0.746 CPU sec, 0.099 real sec
[M::mem_process_seqs] Processed 1001 reads in 0.681 CPU sec, 0.089 real sec
[M::mem_process_seqs] Processed 1001 reads in 0.820 CPU sec, 0.109 real sec
[M::mem_process_seqs] Processed 1001 reads in 0.785 CPU sec, 0.100 real sec
149234 [main] INFO main.java.edu.mit.compbio.bisulfitehic.mapping.Bhmem  - Processing reads 477000 ...
149234 [main] INFO main.java.edu.mit.compbio.bisulfitehic.mapping.Bhmem  - Unique mapped and paired reads 471658 ...
149237 [main] INFO main.java.edu.mit.compbio.bisulfitehic.mapping.Bhmem  - Processing reads 478000 ...
149237 [main] INFO main.java.edu.mit.compbio.bisulfitehic.mapping.Bhmem  - Unique mapped and paired reads 471658 ...
[M::mem_process_seqs] Processed 1001 reads in 0.722 CPU sec, 0.120 real sec
[M::mem_process_seqs] Processed 1001 reads in 0.678 CPU sec, 0.086 real sec
[M::mem_process_seqs] Processed 1001 reads in 0.697 CPU sec, 0.127 real sec
[M::mem_process_seqs] Processed 1001 reads in 0.749 CPU sec, 0.102 real sec
149806 [main] INFO main.java.edu.mit.compbio.bisulfitehic.mapping.Bhmem  - Processing reads 479000 ...
149806 [main] INFO main.java.edu.mit.compbio.bisulfitehic.mapping.Bhmem  - Unique mapped and paired reads 473644 ...
149809 [main] INFO main.java.edu.mit.compbio.bisulfitehic.mapping.Bhmem  - Processing reads 480000 ...
149809 [main] INFO main.java.edu.mit.compbio.bisulfitehic.mapping.Bhmem  - Unique mapped and paired reads 473644 ...
[M::mem_process_seqs] Processed 1001 reads in 0.731 CPU sec, 0.095 real sec
[M::mem_process_seqs] Processed 1001 reads in 0.685 CPU sec, 0.110 real sec
[M::mem_process_seqs] Processed 1001 reads in 0.764 CPU sec, 0.100 real sec
[M::mem_process_seqs] Processed 1001 reads in 0.784 CPU sec, 0.116 real sec
150362 [main] INFO main.java.edu.mit.compbio.bisulfitehic.mapping.Bhmem  - Processing reads 481000 ...
150362 [main] INFO main.java.edu.mit.compbio.bisulfitehic.mapping.Bhmem  - Unique mapped and paired reads 475620 ...
150365 [main] INFO main.java.edu.mit.compbio.bisulfitehic.mapping.Bhmem  - Processing reads 482000 ...
150365 [main] INFO main.java.edu.mit.compbio.bisulfitehic.mapping.Bhmem  - Unique mapped and paired reads 475620 ...
[M::mem_process_seqs] Processed 1001 reads in 1.142 CPU sec, 0.145 real sec
[M::mem_process_seqs] Processed 1001 reads in 1.068 CPU sec, 0.153 real sec
[M::mem_process_seqs] Processed 1001 reads in 0.594 CPU sec, 0.086 real sec
[M::mem_process_seqs] Processed 1001 reads in 0.563 CPU sec, 0.074 real sec
150983 [main] INFO main.java.edu.mit.compbio.bisulfitehic.mapping.Bhmem  - Processing reads 483000 ...
150983 [main] INFO main.java.edu.mit.compbio.bisulfitehic.mapping.Bhmem  - Unique mapped and paired reads 477588 ...
150986 [main] INFO main.java.edu.mit.compbio.bisulfitehic.mapping.Bhmem  - Processing reads 484000 ...
150986 [main] INFO main.java.edu.mit.compbio.bisulfitehic.mapping.Bhmem  - Unique mapped and paired reads 477588 ...
[M::mem_process_seqs] Processed 1001 reads in 1.172 CPU sec, 0.148 real sec
[M::mem_process_seqs] Processed 1001 reads in 1.093 CPU sec, 0.157 real sec
[M::mem_process_seqs] Processed 1001 reads in 0.632 CPU sec, 0.088 real sec
[M::mem_process_seqs] Processed 1001 reads in 0.594 CPU sec, 0.091 real sec
151636 [main] INFO main.java.edu.mit.compbio.bisulfitehic.mapping.Bhmem  - Processing reads 485000 ...
151636 [main] INFO main.java.edu.mit.compbio.bisulfitehic.mapping.Bhmem  - Unique mapped and paired reads 479566 ...
151639 [main] INFO main.java.edu.mit.compbio.bisulfitehic.mapping.Bhmem  - Processing reads 486000 ...
151639 [main] INFO main.java.edu.mit.compbio.bisulfitehic.mapping.Bhmem  - Unique mapped and paired reads 479566 ...
[M::mem_process_seqs] Processed 1001 reads in 0.864 CPU sec, 0.111 real sec
[M::mem_process_seqs] Processed 1001 reads in 0.811 CPU sec, 0.108 real sec
[M::mem_process_seqs] Processed 1001 reads in 0.796 CPU sec, 0.110 real sec
[M::mem_process_seqs] Processed 1001 reads in 0.727 CPU sec, 0.092 real sec
152200 [main] INFO main.java.edu.mit.compbio.bisulfitehic.mapping.Bhmem  - Processing reads 487000 ...
152200 [main] INFO main.java.edu.mit.compbio.bisulfitehic.mapping.Bhmem  - Unique mapped and paired reads 481542 ...
152203 [main] INFO main.java.edu.mit.compbio.bisulfitehic.mapping.Bhmem  - Processing reads 488000 ...
152203 [main] INFO main.java.edu.mit.compbio.bisulfitehic.mapping.Bhmem  - Unique mapped and paired reads 481542 ...
[M::mem_process_seqs] Processed 1001 reads in 0.788 CPU sec, 0.113 real sec
[M::mem_process_seqs] Processed 1001 reads in 0.710 CPU sec, 0.089 real sec
[M::mem_process_seqs] Processed 1001 reads in 0.763 CPU sec, 0.114 real sec
[M::mem_process_seqs] Processed 1001 reads in 0.808 CPU sec, 0.104 real sec
152766 [main] INFO main.java.edu.mit.compbio.bisulfitehic.mapping.Bhmem  - Processing reads 489000 ...
152766 [main] INFO main.java.edu.mit.compbio.bisulfitehic.mapping.Bhmem  - Unique mapped and paired reads 483526 ...
152769 [main] INFO main.java.edu.mit.compbio.bisulfitehic.mapping.Bhmem  - Processing reads 490000 ...
152769 [main] INFO main.java.edu.mit.compbio.bisulfitehic.mapping.Bhmem  - Unique mapped and paired reads 483526 ...
[M::mem_process_seqs] Processed 1001 reads in 0.786 CPU sec, 0.114 real sec
[M::mem_process_seqs] Processed 1001 reads in 0.694 CPU sec, 0.088 real sec
[M::mem_process_seqs] Processed 1001 reads in 0.770 CPU sec, 0.117 real sec
[M::mem_process_seqs] Processed 1001 reads in 0.810 CPU sec, 0.123 real sec
153349 [main] INFO main.java.edu.mit.compbio.bisulfitehic.mapping.Bhmem  - Processing reads 491000 ...
153349 [main] INFO main.java.edu.mit.compbio.bisulfitehic.mapping.Bhmem  - Unique mapped and paired reads 485508 ...
153352 [main] INFO main.java.edu.mit.compbio.bisulfitehic.mapping.Bhmem  - Processing reads 492000 ...
153352 [main] INFO main.java.edu.mit.compbio.bisulfitehic.mapping.Bhmem  - Unique mapped and paired reads 485508 ...
[M::mem_process_seqs] Processed 1001 reads in 0.788 CPU sec, 0.102 real sec
[M::mem_process_seqs] Processed 1001 reads in 0.734 CPU sec, 0.122 real sec
[M::mem_process_seqs] Processed 1001 reads in 0.841 CPU sec, 0.125 real sec
[M::mem_process_seqs] Processed 1001 reads in 0.830 CPU sec, 0.115 real sec
153959 [main] INFO main.java.edu.mit.compbio.bisulfitehic.mapping.Bhmem  - Processing reads 493000 ...
153959 [main] INFO main.java.edu.mit.compbio.bisulfitehic.mapping.Bhmem  - Unique mapped and paired reads 487494 ...
153962 [main] INFO main.java.edu.mit.compbio.bisulfitehic.mapping.Bhmem  - Processing reads 494000 ...
153962 [main] INFO main.java.edu.mit.compbio.bisulfitehic.mapping.Bhmem  - Unique mapped and paired reads 487494 ...
[M::mem_process_seqs] Processed 1001 reads in 0.788 CPU sec, 0.135 real sec
[M::mem_process_seqs] Processed 1001 reads in 0.810 CPU sec, 0.118 real sec
[M::mem_process_seqs] Processed 1001 reads in 0.876 CPU sec, 0.113 real sec
[M::mem_process_seqs] Processed 1001 reads in 0.877 CPU sec, 0.124 real sec
154598 [main] INFO main.java.edu.mit.compbio.bisulfitehic.mapping.Bhmem  - Processing reads 495000 ...
154598 [main] INFO main.java.edu.mit.compbio.bisulfitehic.mapping.Bhmem  - Unique mapped and paired reads 489476 ...
154601 [main] INFO main.java.edu.mit.compbio.bisulfitehic.mapping.Bhmem  - Processing reads 496000 ...
154601 [main] INFO main.java.edu.mit.compbio.bisulfitehic.mapping.Bhmem  - Unique mapped and paired reads 489476 ...
[M::mem_process_seqs] Processed 1001 reads in 0.799 CPU sec, 0.117 real sec
[M::mem_process_seqs] Processed 1001 reads in 0.721 CPU sec, 0.106 real sec
[M::mem_process_seqs] Processed 1001 reads in 0.872 CPU sec, 0.110 real sec
[M::mem_process_seqs] Processed 1001 reads in 0.763 CPU sec, 0.131 real sec
155234 [main] INFO main.java.edu.mit.compbio.bisulfitehic.mapping.Bhmem  - Processing reads 497000 ...
155235 [main] INFO main.java.edu.mit.compbio.bisulfitehic.mapping.Bhmem  - Unique mapped and paired reads 491458 ...
155237 [main] INFO main.java.edu.mit.compbio.bisulfitehic.mapping.Bhmem  - Processing reads 498000 ...
155237 [main] INFO main.java.edu.mit.compbio.bisulfitehic.mapping.Bhmem  - Unique mapped and paired reads 491458 ...
[M::mem_process_seqs] Processed 1001 reads in 0.763 CPU sec, 0.138 real sec
[M::mem_process_seqs] Processed 1001 reads in 0.726 CPU sec, 0.243 real sec
[M::mem_process_seqs] Processed 1001 reads in 0.816 CPU sec, 0.278 real sec
[M::mem_process_seqs] Processed 1001 reads in 0.817 CPU sec, 0.240 real sec
156280 [main] INFO main.java.edu.mit.compbio.bisulfitehic.mapping.Bhmem  - Processing reads 499000 ...
156280 [main] INFO main.java.edu.mit.compbio.bisulfitehic.mapping.Bhmem  - Unique mapped and paired reads 493426 ...
156283 [main] INFO main.java.edu.mit.compbio.bisulfitehic.mapping.Bhmem  - Processing reads 500000 ...
156283 [main] INFO main.java.edu.mit.compbio.bisulfitehic.mapping.Bhmem  - Unique mapped and paired reads 493426 ...
[M::mem_process_seqs] Processed 1001 reads in 0.786 CPU sec, 0.101 real sec
[M::mem_process_seqs] Processed 1001 reads in 0.685 CPU sec, 0.099 real sec
[M::mem_process_seqs] Processed 1001 reads in 0.796 CPU sec, 0.120 real sec
[M::mem_process_seqs] Processed 1001 reads in 0.772 CPU sec, 0.112 real sec
156851 [main] INFO main.java.edu.mit.compbio.bisulfitehic.mapping.Bhmem  - Processing reads 501000 ...
156851 [main] INFO main.java.edu.mit.compbio.bisulfitehic.mapping.Bhmem  - Unique mapped and paired reads 495412 ...
156854 [main] INFO main.java.edu.mit.compbio.bisulfitehic.mapping.Bhmem  - Processing reads 502000 ...
156854 [main] INFO main.java.edu.mit.compbio.bisulfitehic.mapping.Bhmem  - Unique mapped and paired reads 495412 ...
[M::mem_process_seqs] Processed 1001 reads in 0.850 CPU sec, 0.110 real sec
[M::mem_process_seqs] Processed 1001 reads in 0.737 CPU sec, 0.095 real sec
[M::mem_process_seqs] Processed 1001 reads in 0.817 CPU sec, 0.134 real sec
[M::mem_process_seqs] Processed 1001 reads in 0.820 CPU sec, 0.104 real sec
157434 [main] INFO main.java.edu.mit.compbio.bisulfitehic.mapping.Bhmem  - Processing reads 503000 ...
157434 [main] INFO main.java.edu.mit.compbio.bisulfitehic.mapping.Bhmem  - Unique mapped and paired reads 497384 ...
157437 [main] INFO main.java.edu.mit.compbio.bisulfitehic.mapping.Bhmem  - Processing reads 504000 ...
157437 [main] INFO main.java.edu.mit.compbio.bisulfitehic.mapping.Bhmem  - Unique mapped and paired reads 497384 ...
[M::mem_process_seqs] Processed 1001 reads in 0.801 CPU sec, 0.116 real sec
[M::mem_process_seqs] Processed 1001 reads in 0.709 CPU sec, 0.089 real sec
[M::mem_process_seqs] Processed 1001 reads in 0.823 CPU sec, 0.120 real sec
[M::mem_process_seqs] Processed 1001 reads in 0.861 CPU sec, 0.122 real sec
158028 [main] INFO main.java.edu.mit.compbio.bisulfitehic.mapping.Bhmem  - Processing reads 505000 ...
158028 [main] INFO main.java.edu.mit.compbio.bisulfitehic.mapping.Bhmem  - Unique mapped and paired reads 499368 ...
158031 [main] INFO main.java.edu.mit.compbio.bisulfitehic.mapping.Bhmem  - Processing reads 506000 ...
158031 [main] INFO main.java.edu.mit.compbio.bisulfitehic.mapping.Bhmem  - Unique mapped and paired reads 499368 ...
[M::mem_process_seqs] Processed 1001 reads in 0.772 CPU sec, 0.100 real sec
[M::mem_process_seqs] Processed 1001 reads in 0.707 CPU sec, 0.101 real sec
[M::mem_process_seqs] Processed 1001 reads in 0.848 CPU sec, 0.122 real sec
[M::mem_process_seqs] Processed 1001 reads in 0.879 CPU sec, 0.112 real sec
158606 [main] INFO main.java.edu.mit.compbio.bisulfitehic.mapping.Bhmem  - Processing reads 507000 ...
158606 [main] INFO main.java.edu.mit.compbio.bisulfitehic.mapping.Bhmem  - Unique mapped and paired reads 501364 ...
158609 [main] INFO main.java.edu.mit.compbio.bisulfitehic.mapping.Bhmem  - Processing reads 508000 ...
158609 [main] INFO main.java.edu.mit.compbio.bisulfitehic.mapping.Bhmem  - Unique mapped and paired reads 501364 ...
[M::mem_process_seqs] Processed 1001 reads in 0.796 CPU sec, 0.102 real sec
[M::mem_process_seqs] Processed 1001 reads in 0.758 CPU sec, 0.096 real sec
[M::mem_process_seqs] Processed 1001 reads in 0.854 CPU sec, 0.124 real sec
[M::mem_process_seqs] Processed 1001 reads in 0.885 CPU sec, 0.122 real sec
159200 [main] INFO main.java.edu.mit.compbio.bisulfitehic.mapping.Bhmem  - Processing reads 509000 ...
159200 [main] INFO main.java.edu.mit.compbio.bisulfitehic.mapping.Bhmem  - Unique mapped and paired reads 503358 ...
159203 [main] INFO main.java.edu.mit.compbio.bisulfitehic.mapping.Bhmem  - Processing reads 510000 ...
159203 [main] INFO main.java.edu.mit.compbio.bisulfitehic.mapping.Bhmem  - Unique mapped and paired reads 503358 ...
[M::mem_process_seqs] Processed 1001 reads in 0.783 CPU sec, 0.114 real sec
[M::mem_process_seqs] Processed 1001 reads in 0.826 CPU sec, 0.108 real sec
[M::mem_process_seqs] Processed 1001 reads in 0.880 CPU sec, 0.136 real sec
[M::mem_process_seqs] Processed 1001 reads in 0.833 CPU sec, 0.110 real sec
159855 [main] INFO main.java.edu.mit.compbio.bisulfitehic.mapping.Bhmem  - Processing reads 511000 ...
159855 [main] INFO main.java.edu.mit.compbio.bisulfitehic.mapping.Bhmem  - Unique mapped and paired reads 505334 ...
159858 [main] INFO main.java.edu.mit.compbio.bisulfitehic.mapping.Bhmem  - Processing reads 512000 ...
159858 [main] INFO main.java.edu.mit.compbio.bisulfitehic.mapping.Bhmem  - Unique mapped and paired reads 505334 ...
[M::mem_process_seqs] Processed 1001 reads in 0.818 CPU sec, 0.106 real sec
[M::mem_process_seqs] Processed 1001 reads in 0.705 CPU sec, 0.102 real sec
[M::mem_process_seqs] Processed 1001 reads in 0.874 CPU sec, 0.117 real sec
[M::mem_process_seqs] Processed 1001 reads in 0.872 CPU sec, 0.145 real sec
160464 [main] INFO main.java.edu.mit.compbio.bisulfitehic.mapping.Bhmem  - Processing reads 513000 ...
160464 [main] INFO main.java.edu.mit.compbio.bisulfitehic.mapping.Bhmem  - Unique mapped and paired reads 507322 ...
160467 [main] INFO main.java.edu.mit.compbio.bisulfitehic.mapping.Bhmem  - Processing reads 514000 ...
160467 [main] INFO main.java.edu.mit.compbio.bisulfitehic.mapping.Bhmem  - Unique mapped and paired reads 507322 ...
[M::mem_process_seqs] Processed 1001 reads in 0.785 CPU sec, 0.114 real sec
[M::mem_process_seqs] Processed 1001 reads in 0.755 CPU sec, 0.115 real sec
[M::mem_process_seqs] Processed 1001 reads in 0.812 CPU sec, 0.106 real sec
[M::mem_process_seqs] Processed 1001 reads in 0.797 CPU sec, 0.102 real sec
161043 [main] INFO main.java.edu.mit.compbio.bisulfitehic.mapping.Bhmem  - Processing reads 515000 ...
161043 [main] INFO main.java.edu.mit.compbio.bisulfitehic.mapping.Bhmem  - Unique mapped and paired reads 509296 ...
161047 [main] INFO main.java.edu.mit.compbio.bisulfitehic.mapping.Bhmem  - Processing reads 516000 ...
161047 [main] INFO main.java.edu.mit.compbio.bisulfitehic.mapping.Bhmem  - Unique mapped and paired reads 509296 ...
[M::mem_process_seqs] Processed 1001 reads in 0.769 CPU sec, 0.116 real sec
[M::mem_process_seqs] Processed 1001 reads in 0.740 CPU sec, 0.107 real sec
[M::mem_process_seqs] Processed 1001 reads in 0.878 CPU sec, 0.112 real sec
[M::mem_process_seqs] Processed 1001 reads in 0.891 CPU sec, 0.114 real sec
161643 [main] INFO main.java.edu.mit.compbio.bisulfitehic.mapping.Bhmem  - Processing reads 517000 ...
161643 [main] INFO main.java.edu.mit.compbio.bisulfitehic.mapping.Bhmem  - Unique mapped and paired reads 511274 ...
161646 [main] INFO main.java.edu.mit.compbio.bisulfitehic.mapping.Bhmem  - Processing reads 518000 ...
161646 [main] INFO main.java.edu.mit.compbio.bisulfitehic.mapping.Bhmem  - Unique mapped and paired reads 511274 ...
[M::mem_process_seqs] Processed 1001 reads in 0.797 CPU sec, 0.163 real sec
[M::mem_process_seqs] Processed 1001 reads in 0.791 CPU sec, 0.113 real sec
[M::mem_process_seqs] Processed 1001 reads in 0.913 CPU sec, 0.119 real sec
[M::mem_process_seqs] Processed 1001 reads in 0.919 CPU sec, 0.120 real sec
162308 [main] INFO main.java.edu.mit.compbio.bisulfitehic.mapping.Bhmem  - Processing reads 519000 ...
162308 [main] INFO main.java.edu.mit.compbio.bisulfitehic.mapping.Bhmem  - Unique mapped and paired reads 513256 ...
162311 [main] INFO main.java.edu.mit.compbio.bisulfitehic.mapping.Bhmem  - Processing reads 520000 ...
162311 [main] INFO main.java.edu.mit.compbio.bisulfitehic.mapping.Bhmem  - Unique mapped and paired reads 513256 ...
[M::mem_process_seqs] Processed 1001 reads in 0.824 CPU sec, 0.104 real sec
[M::mem_process_seqs] Processed 1001 reads in 0.741 CPU sec, 0.095 real sec
[M::mem_process_seqs] Processed 1001 reads in 0.903 CPU sec, 0.126 real sec
[M::mem_process_seqs] Processed 1001 reads in 0.985 CPU sec, 0.125 real sec
162907 [main] INFO main.java.edu.mit.compbio.bisulfitehic.mapping.Bhmem  - Processing reads 521000 ...
162907 [main] INFO main.java.edu.mit.compbio.bisulfitehic.mapping.Bhmem  - Unique mapped and paired reads 515240 ...
162910 [main] INFO main.java.edu.mit.compbio.bisulfitehic.mapping.Bhmem  - Processing reads 522000 ...
162910 [main] INFO main.java.edu.mit.compbio.bisulfitehic.mapping.Bhmem  - Unique mapped and paired reads 515240 ...
[M::mem_process_seqs] Processed 1001 reads in 0.863 CPU sec, 0.111 real sec
[M::mem_process_seqs] Processed 1001 reads in 0.783 CPU sec, 0.103 real sec
[M::mem_process_seqs] Processed 1001 reads in 0.961 CPU sec, 0.168 real sec
[M::mem_process_seqs] Processed 1001 reads in 0.975 CPU sec, 0.143 real sec
163671 [main] INFO main.java.edu.mit.compbio.bisulfitehic.mapping.Bhmem  - Processing reads 523000 ...
163671 [main] INFO main.java.edu.mit.compbio.bisulfitehic.mapping.Bhmem  - Unique mapped and paired reads 517222 ...
163674 [main] INFO main.java.edu.mit.compbio.bisulfitehic.mapping.Bhmem  - Processing reads 524000 ...
163674 [main] INFO main.java.edu.mit.compbio.bisulfitehic.mapping.Bhmem  - Unique mapped and paired reads 517222 ...
[M::mem_process_seqs] Processed 1001 reads in 0.818 CPU sec, 0.108 real sec
[M::mem_process_seqs] Processed 1001 reads in 0.747 CPU sec, 0.104 real sec
[M::mem_process_seqs] Processed 1001 reads in 0.911 CPU sec, 0.119 real sec
[M::mem_process_seqs] Processed 1001 reads in 0.929 CPU sec, 0.118 real sec
164274 [main] INFO main.java.edu.mit.compbio.bisulfitehic.mapping.Bhmem  - Processing reads 525000 ...
164274 [main] INFO main.java.edu.mit.compbio.bisulfitehic.mapping.Bhmem  - Unique mapped and paired reads 519202 ...
164277 [main] INFO main.java.edu.mit.compbio.bisulfitehic.mapping.Bhmem  - Processing reads 526000 ...
164277 [main] INFO main.java.edu.mit.compbio.bisulfitehic.mapping.Bhmem  - Unique mapped and paired reads 519202 ...
[M::mem_process_seqs] Processed 1001 reads in 0.699 CPU sec, 0.102 real sec
[M::mem_process_seqs] Processed 1001 reads in 0.648 CPU sec, 0.100 real sec
[M::mem_process_seqs] Processed 1001 reads in 0.797 CPU sec, 0.118 real sec
[M::mem_process_seqs] Processed 1001 reads in 0.762 CPU sec, 0.098 real sec
164819 [main] INFO main.java.edu.mit.compbio.bisulfitehic.mapping.Bhmem  - Processing reads 527000 ...
164819 [main] INFO main.java.edu.mit.compbio.bisulfitehic.mapping.Bhmem  - Unique mapped and paired reads 521182 ...
164823 [main] INFO main.java.edu.mit.compbio.bisulfitehic.mapping.Bhmem  - Processing reads 528000 ...
164823 [main] INFO main.java.edu.mit.compbio.bisulfitehic.mapping.Bhmem  - Unique mapped and paired reads 521182 ...
[M::mem_process_seqs] Processed 1001 reads in 0.694 CPU sec, 0.094 real sec
[M::mem_process_seqs] Processed 1001 reads in 0.600 CPU sec, 0.076 real sec
[M::mem_process_seqs] Processed 1001 reads in 0.729 CPU sec, 0.093 real sec
[M::mem_process_seqs] Processed 1001 reads in 0.735 CPU sec, 0.133 real sec
165338 [main] INFO main.java.edu.mit.compbio.bisulfitehic.mapping.Bhmem  - Processing reads 529000 ...
165338 [main] INFO main.java.edu.mit.compbio.bisulfitehic.mapping.Bhmem  - Unique mapped and paired reads 523166 ...
165341 [main] INFO main.java.edu.mit.compbio.bisulfitehic.mapping.Bhmem  - Processing reads 530000 ...
165341 [main] INFO main.java.edu.mit.compbio.bisulfitehic.mapping.Bhmem  - Unique mapped and paired reads 523166 ...
[M::mem_process_seqs] Processed 1001 reads in 0.639 CPU sec, 0.122 real sec
[M::mem_process_seqs] Processed 1001 reads in 0.588 CPU sec, 0.109 real sec
[M::mem_process_seqs] Processed 1001 reads in 0.728 CPU sec, 0.120 real sec
[M::mem_process_seqs] Processed 1001 reads in 0.734 CPU sec, 0.109 real sec
165922 [main] INFO main.java.edu.mit.compbio.bisulfitehic.mapping.Bhmem  - Processing reads 531000 ...
165922 [main] INFO main.java.edu.mit.compbio.bisulfitehic.mapping.Bhmem  - Unique mapped and paired reads 525146 ...
165925 [main] INFO main.java.edu.mit.compbio.bisulfitehic.mapping.Bhmem  - Processing reads 532000 ...
165925 [main] INFO main.java.edu.mit.compbio.bisulfitehic.mapping.Bhmem  - Unique mapped and paired reads 525146 ...
[M::mem_process_seqs] Processed 1001 reads in 0.704 CPU sec, 0.093 real sec
[M::mem_process_seqs] Processed 1001 reads in 0.611 CPU sec, 0.086 real sec
[M::mem_process_seqs] Processed 1001 reads in 0.673 CPU sec, 0.089 real sec
[M::mem_process_seqs] Processed 1001 reads in 0.625 CPU sec, 0.092 real sec
166405 [main] INFO main.java.edu.mit.compbio.bisulfitehic.mapping.Bhmem  - Processing reads 533000 ...
166405 [main] INFO main.java.edu.mit.compbio.bisulfitehic.mapping.Bhmem  - Unique mapped and paired reads 527134 ...
166408 [main] INFO main.java.edu.mit.compbio.bisulfitehic.mapping.Bhmem  - Processing reads 534000 ...
166408 [main] INFO main.java.edu.mit.compbio.bisulfitehic.mapping.Bhmem  - Unique mapped and paired reads 527134 ...
[M::mem_process_seqs] Processed 1001 reads in 0.655 CPU sec, 0.084 real sec
[M::mem_process_seqs] Processed 1001 reads in 0.560 CPU sec, 0.075 real sec
[M::mem_process_seqs] Processed 1001 reads in 0.726 CPU sec, 0.094 real sec
[M::mem_process_seqs] Processed 1001 reads in 0.654 CPU sec, 0.096 real sec
166877 [main] INFO main.java.edu.mit.compbio.bisulfitehic.mapping.Bhmem  - Processing reads 535000 ...
166877 [main] INFO main.java.edu.mit.compbio.bisulfitehic.mapping.Bhmem  - Unique mapped and paired reads 529120 ...
166880 [main] INFO main.java.edu.mit.compbio.bisulfitehic.mapping.Bhmem  - Processing reads 536000 ...
166880 [main] INFO main.java.edu.mit.compbio.bisulfitehic.mapping.Bhmem  - Unique mapped and paired reads 529120 ...
[M::mem_process_seqs] Processed 1001 reads in 0.676 CPU sec, 0.115 real sec
[M::mem_process_seqs] Processed 1001 reads in 0.644 CPU sec, 0.113 real sec
[M::mem_process_seqs] Processed 1001 reads in 0.709 CPU sec, 0.105 real sec
[M::mem_process_seqs] Processed 1001 reads in 0.687 CPU sec, 0.119 real sec
167451 [main] INFO main.java.edu.mit.compbio.bisulfitehic.mapping.Bhmem  - Processing reads 537000 ...
167451 [main] INFO main.java.edu.mit.compbio.bisulfitehic.mapping.Bhmem  - Unique mapped and paired reads 531092 ...
167454 [main] INFO main.java.edu.mit.compbio.bisulfitehic.mapping.Bhmem  - Processing reads 538000 ...
167454 [main] INFO main.java.edu.mit.compbio.bisulfitehic.mapping.Bhmem  - Unique mapped and paired reads 531092 ...
[M::mem_process_seqs] Processed 1001 reads in 0.686 CPU sec, 0.100 real sec
[M::mem_process_seqs] Processed 1001 reads in 0.595 CPU sec, 0.102 real sec
[M::mem_process_seqs] Processed 1001 reads in 0.750 CPU sec, 0.101 real sec
[M::mem_process_seqs] Processed 1001 reads in 0.716 CPU sec, 0.099 real sec
167980 [main] INFO main.java.edu.mit.compbio.bisulfitehic.mapping.Bhmem  - Processing reads 539000 ...
167980 [main] INFO main.java.edu.mit.compbio.bisulfitehic.mapping.Bhmem  - Unique mapped and paired reads 533068 ...
167983 [main] INFO main.java.edu.mit.compbio.bisulfitehic.mapping.Bhmem  - Processing reads 540000 ...
167983 [main] INFO main.java.edu.mit.compbio.bisulfitehic.mapping.Bhmem  - Unique mapped and paired reads 533068 ...
[M::mem_process_seqs] Processed 1001 reads in 0.711 CPU sec, 0.091 real sec
[M::mem_process_seqs] Processed 1001 reads in 0.633 CPU sec, 0.094 real sec
[M::mem_process_seqs] Processed 1001 reads in 0.755 CPU sec, 0.099 real sec
[M::mem_process_seqs] Processed 1001 reads in 0.746 CPU sec, 0.101 real sec
168489 [main] INFO main.java.edu.mit.compbio.bisulfitehic.mapping.Bhmem  - Processing reads 541000 ...
168489 [main] INFO main.java.edu.mit.compbio.bisulfitehic.mapping.Bhmem  - Unique mapped and paired reads 535044 ...
168492 [main] INFO main.java.edu.mit.compbio.bisulfitehic.mapping.Bhmem  - Processing reads 542000 ...
168492 [main] INFO main.java.edu.mit.compbio.bisulfitehic.mapping.Bhmem  - Unique mapped and paired reads 535044 ...
[M::mem_process_seqs] Processed 1001 reads in 0.753 CPU sec, 0.106 real sec
[M::mem_process_seqs] Processed 1001 reads in 0.639 CPU sec, 0.081 real sec
[M::mem_process_seqs] Processed 1001 reads in 0.799 CPU sec, 0.130 real sec
[M::mem_process_seqs] Processed 1001 reads in 0.755 CPU sec, 0.118 real sec
169055 [main] INFO main.java.edu.mit.compbio.bisulfitehic.mapping.Bhmem  - Processing reads 543000 ...
169055 [main] INFO main.java.edu.mit.compbio.bisulfitehic.mapping.Bhmem  - Unique mapped and paired reads 537024 ...
169058 [main] INFO main.java.edu.mit.compbio.bisulfitehic.mapping.Bhmem  - Processing reads 544000 ...
169058 [main] INFO main.java.edu.mit.compbio.bisulfitehic.mapping.Bhmem  - Unique mapped and paired reads 537024 ...
[M::mem_process_seqs] Processed 1001 reads in 0.694 CPU sec, 0.089 real sec
[M::mem_process_seqs] Processed 1001 reads in 0.612 CPU sec, 0.078 real sec
[M::mem_process_seqs] Processed 1001 reads in 0.712 CPU sec, 0.094 real sec
[M::mem_process_seqs] Processed 1001 reads in 0.700 CPU sec, 0.113 real sec
169551 [main] INFO main.java.edu.mit.compbio.bisulfitehic.mapping.Bhmem  - Processing reads 545000 ...
169551 [main] INFO main.java.edu.mit.compbio.bisulfitehic.mapping.Bhmem  - Unique mapped and paired reads 539010 ...
169554 [main] INFO main.java.edu.mit.compbio.bisulfitehic.mapping.Bhmem  - Processing reads 546000 ...
169554 [main] INFO main.java.edu.mit.compbio.bisulfitehic.mapping.Bhmem  - Unique mapped and paired reads 539010 ...
[M::mem_process_seqs] Processed 1001 reads in 0.722 CPU sec, 0.097 real sec
[M::mem_process_seqs] Processed 1001 reads in 0.626 CPU sec, 0.091 real sec
[M::mem_process_seqs] Processed 1001 reads in 0.751 CPU sec, 0.111 real sec
[M::mem_process_seqs] Processed 1001 reads in 0.726 CPU sec, 0.107 real sec
170082 [main] INFO main.java.edu.mit.compbio.bisulfitehic.mapping.Bhmem  - Processing reads 547000 ...
170082 [main] INFO main.java.edu.mit.compbio.bisulfitehic.mapping.Bhmem  - Unique mapped and paired reads 540994 ...
170085 [main] INFO main.java.edu.mit.compbio.bisulfitehic.mapping.Bhmem  - Processing reads 548000 ...
170085 [main] INFO main.java.edu.mit.compbio.bisulfitehic.mapping.Bhmem  - Unique mapped and paired reads 540994 ...
[M::mem_process_seqs] Processed 1001 reads in 0.750 CPU sec, 0.097 real sec
[M::mem_process_seqs] Processed 1001 reads in 0.653 CPU sec, 0.085 real sec
[M::mem_process_seqs] Processed 1001 reads in 0.842 CPU sec, 0.109 real sec
[M::mem_process_seqs] Processed 1001 reads in 0.767 CPU sec, 0.141 real sec
170641 [main] INFO main.java.edu.mit.compbio.bisulfitehic.mapping.Bhmem  - Processing reads 549000 ...
170641 [main] INFO main.java.edu.mit.compbio.bisulfitehic.mapping.Bhmem  - Unique mapped and paired reads 542964 ...
170644 [main] INFO main.java.edu.mit.compbio.bisulfitehic.mapping.Bhmem  - Processing reads 550000 ...
170644 [main] INFO main.java.edu.mit.compbio.bisulfitehic.mapping.Bhmem  - Unique mapped and paired reads 542964 ...
[M::mem_process_seqs] Processed 1001 reads in 0.729 CPU sec, 0.093 real sec
[M::mem_process_seqs] Processed 1001 reads in 0.634 CPU sec, 0.110 real sec
[M::mem_process_seqs] Processed 1001 reads in 0.731 CPU sec, 0.110 real sec
[M::mem_process_seqs] Processed 1001 reads in 0.709 CPU sec, 0.094 real sec
171179 [main] INFO main.java.edu.mit.compbio.bisulfitehic.mapping.Bhmem  - Processing reads 551000 ...
171179 [main] INFO main.java.edu.mit.compbio.bisulfitehic.mapping.Bhmem  - Unique mapped and paired reads 544940 ...
171182 [main] INFO main.java.edu.mit.compbio.bisulfitehic.mapping.Bhmem  - Processing reads 552000 ...
171182 [main] INFO main.java.edu.mit.compbio.bisulfitehic.mapping.Bhmem  - Unique mapped and paired reads 544940 ...
[M::mem_process_seqs] Processed 1001 reads in 0.667 CPU sec, 0.122 real sec
[M::mem_process_seqs] Processed 1001 reads in 0.657 CPU sec, 0.086 real sec
[M::mem_process_seqs] Processed 1001 reads in 0.775 CPU sec, 0.104 real sec
[M::mem_process_seqs] Processed 1001 reads in 0.730 CPU sec, 0.093 real sec
171711 [main] INFO main.java.edu.mit.compbio.bisulfitehic.mapping.Bhmem  - Processing reads 553000 ...
171711 [main] INFO main.java.edu.mit.compbio.bisulfitehic.mapping.Bhmem  - Unique mapped and paired reads 546906 ...
171714 [main] INFO main.java.edu.mit.compbio.bisulfitehic.mapping.Bhmem  - Processing reads 554000 ...
171714 [main] INFO main.java.edu.mit.compbio.bisulfitehic.mapping.Bhmem  - Unique mapped and paired reads 546906 ...
[M::mem_process_seqs] Processed 1001 reads in 0.729 CPU sec, 0.108 real sec
[M::mem_process_seqs] Processed 1001 reads in 0.725 CPU sec, 0.095 real sec
[M::mem_process_seqs] Processed 1001 reads in 0.788 CPU sec, 0.100 real sec
[M::mem_process_seqs] Processed 1001 reads in 0.869 CPU sec, 0.156 real sec
172304 [main] INFO main.java.edu.mit.compbio.bisulfitehic.mapping.Bhmem  - Processing reads 555000 ...
172304 [main] INFO main.java.edu.mit.compbio.bisulfitehic.mapping.Bhmem  - Unique mapped and paired reads 548898 ...
172307 [main] INFO main.java.edu.mit.compbio.bisulfitehic.mapping.Bhmem  - Processing reads 556000 ...
172307 [main] INFO main.java.edu.mit.compbio.bisulfitehic.mapping.Bhmem  - Unique mapped and paired reads 548898 ...
[M::mem_process_seqs] Processed 1001 reads in 0.839 CPU sec, 0.136 real sec
[M::mem_process_seqs] Processed 1001 reads in 0.708 CPU sec, 0.122 real sec
[M::mem_process_seqs] Processed 1001 reads in 0.867 CPU sec, 0.118 real sec
[M::mem_process_seqs] Processed 1001 reads in 0.851 CPU sec, 0.129 real sec
172951 [main] INFO main.java.edu.mit.compbio.bisulfitehic.mapping.Bhmem  - Processing reads 557000 ...
172951 [main] INFO main.java.edu.mit.compbio.bisulfitehic.mapping.Bhmem  - Unique mapped and paired reads 550886 ...
172954 [main] INFO main.java.edu.mit.compbio.bisulfitehic.mapping.Bhmem  - Processing reads 558000 ...
172954 [main] INFO main.java.edu.mit.compbio.bisulfitehic.mapping.Bhmem  - Unique mapped and paired reads 550886 ...
[M::mem_process_seqs] Processed 1001 reads in 0.824 CPU sec, 0.104 real sec
[M::mem_process_seqs] Processed 1001 reads in 0.768 CPU sec, 0.101 real sec
[M::mem_process_seqs] Processed 1001 reads in 0.877 CPU sec, 0.129 real sec
[M::mem_process_seqs] Processed 1001 reads in 0.836 CPU sec, 0.122 real sec
173545 [main] INFO main.java.edu.mit.compbio.bisulfitehic.mapping.Bhmem  - Processing reads 559000 ...
173545 [main] INFO main.java.edu.mit.compbio.bisulfitehic.mapping.Bhmem  - Unique mapped and paired reads 552868 ...
173548 [main] INFO main.java.edu.mit.compbio.bisulfitehic.mapping.Bhmem  - Processing reads 560000 ...
173548 [main] INFO main.java.edu.mit.compbio.bisulfitehic.mapping.Bhmem  - Unique mapped and paired reads 552868 ...
[M::mem_process_seqs] Processed 1001 reads in 0.780 CPU sec, 0.104 real sec
[M::mem_process_seqs] Processed 1001 reads in 0.704 CPU sec, 0.103 real sec
[M::mem_process_seqs] Processed 1001 reads in 0.823 CPU sec, 0.123 real sec
[M::mem_process_seqs] Processed 1001 reads in 0.832 CPU sec, 0.128 real sec
174143 [main] INFO main.java.edu.mit.compbio.bisulfitehic.mapping.Bhmem  - Processing reads 561000 ...
174143 [main] INFO main.java.edu.mit.compbio.bisulfitehic.mapping.Bhmem  - Unique mapped and paired reads 554856 ...
174146 [main] INFO main.java.edu.mit.compbio.bisulfitehic.mapping.Bhmem  - Processing reads 562000 ...
174147 [main] INFO main.java.edu.mit.compbio.bisulfitehic.mapping.Bhmem  - Unique mapped and paired reads 554856 ...
[M::mem_process_seqs] Processed 1001 reads in 0.775 CPU sec, 0.117 real sec
[M::mem_process_seqs] Processed 1001 reads in 0.697 CPU sec, 0.102 real sec
[M::mem_process_seqs] Processed 1001 reads in 0.858 CPU sec, 0.123 real sec
[M::mem_process_seqs] Processed 1001 reads in 0.760 CPU sec, 0.111 real sec
174759 [main] INFO main.java.edu.mit.compbio.bisulfitehic.mapping.Bhmem  - Processing reads 563000 ...
174759 [main] INFO main.java.edu.mit.compbio.bisulfitehic.mapping.Bhmem  - Unique mapped and paired reads 556850 ...
174762 [main] INFO main.java.edu.mit.compbio.bisulfitehic.mapping.Bhmem  - Processing reads 564000 ...
174762 [main] INFO main.java.edu.mit.compbio.bisulfitehic.mapping.Bhmem  - Unique mapped and paired reads 556850 ...
[M::mem_process_seqs] Processed 1001 reads in 0.726 CPU sec, 0.106 real sec
[M::mem_process_seqs] Processed 1001 reads in 0.683 CPU sec, 0.115 real sec
[M::mem_process_seqs] Processed 1001 reads in 0.770 CPU sec, 0.105 real sec
[M::mem_process_seqs] Processed 1001 reads in 0.739 CPU sec, 0.122 real sec
175337 [main] INFO main.java.edu.mit.compbio.bisulfitehic.mapping.Bhmem  - Processing reads 565000 ...
175337 [main] INFO main.java.edu.mit.compbio.bisulfitehic.mapping.Bhmem  - Unique mapped and paired reads 558834 ...
175340 [main] INFO main.java.edu.mit.compbio.bisulfitehic.mapping.Bhmem  - Processing reads 566000 ...
175340 [main] INFO main.java.edu.mit.compbio.bisulfitehic.mapping.Bhmem  - Unique mapped and paired reads 558834 ...
[M::mem_process_seqs] Processed 1001 reads in 0.696 CPU sec, 0.090 real sec
[M::mem_process_seqs] Processed 1001 reads in 0.658 CPU sec, 0.111 real sec
[M::mem_process_seqs] Processed 1001 reads in 0.809 CPU sec, 0.116 real sec
[M::mem_process_seqs] Processed 1001 reads in 0.848 CPU sec, 0.114 real sec
175897 [main] INFO main.java.edu.mit.compbio.bisulfitehic.mapping.Bhmem  - Processing reads 567000 ...
175897 [main] INFO main.java.edu.mit.compbio.bisulfitehic.mapping.Bhmem  - Unique mapped and paired reads 560812 ...
175899 [main] INFO main.java.edu.mit.compbio.bisulfitehic.mapping.Bhmem  - Processing reads 568000 ...
175899 [main] INFO main.java.edu.mit.compbio.bisulfitehic.mapping.Bhmem  - Unique mapped and paired reads 560812 ...
[M::mem_process_seqs] Processed 1001 reads in 0.690 CPU sec, 0.088 real sec
[M::mem_process_seqs] Processed 1001 reads in 0.572 CPU sec, 0.074 real sec
[M::mem_process_seqs] Processed 1001 reads in 0.718 CPU sec, 0.107 real sec
[M::mem_process_seqs] Processed 1001 reads in 0.652 CPU sec, 0.086 real sec
176378 [main] INFO main.java.edu.mit.compbio.bisulfitehic.mapping.Bhmem  - Processing reads 569000 ...
176378 [main] INFO main.java.edu.mit.compbio.bisulfitehic.mapping.Bhmem  - Unique mapped and paired reads 562790 ...
176381 [main] INFO main.java.edu.mit.compbio.bisulfitehic.mapping.Bhmem  - Processing reads 570000 ...
176381 [main] INFO main.java.edu.mit.compbio.bisulfitehic.mapping.Bhmem  - Unique mapped and paired reads 562790 ...
[M::mem_process_seqs] Processed 1001 reads in 0.711 CPU sec, 0.090 real sec
[M::mem_process_seqs] Processed 1001 reads in 0.689 CPU sec, 0.100 real sec
[M::mem_process_seqs] Processed 1001 reads in 0.774 CPU sec, 0.114 real sec
[M::mem_process_seqs] Processed 1001 reads in 0.730 CPU sec, 0.093 real sec
176897 [main] INFO main.java.edu.mit.compbio.bisulfitehic.mapping.Bhmem  - Processing reads 571000 ...
176897 [main] INFO main.java.edu.mit.compbio.bisulfitehic.mapping.Bhmem  - Unique mapped and paired reads 564774 ...
176899 [main] INFO main.java.edu.mit.compbio.bisulfitehic.mapping.Bhmem  - Processing reads 572000 ...
176900 [main] INFO main.java.edu.mit.compbio.bisulfitehic.mapping.Bhmem  - Unique mapped and paired reads 564774 ...
[M::mem_process_seqs] Processed 1001 reads in 0.698 CPU sec, 0.090 real sec
[M::mem_process_seqs] Processed 1001 reads in 0.581 CPU sec, 0.086 real sec
[M::mem_process_seqs] Processed 1001 reads in 0.778 CPU sec, 0.107 real sec
[M::mem_process_seqs] Processed 1001 reads in 0.730 CPU sec, 0.125 real sec
177425 [main] INFO main.java.edu.mit.compbio.bisulfitehic.mapping.Bhmem  - Processing reads 573000 ...
177425 [main] INFO main.java.edu.mit.compbio.bisulfitehic.mapping.Bhmem  - Unique mapped and paired reads 566760 ...
177428 [main] INFO main.java.edu.mit.compbio.bisulfitehic.mapping.Bhmem  - Processing reads 574000 ...
177428 [main] INFO main.java.edu.mit.compbio.bisulfitehic.mapping.Bhmem  - Unique mapped and paired reads 566760 ...
[M::mem_process_seqs] Processed 1001 reads in 0.684 CPU sec, 0.089 real sec
[M::mem_process_seqs] Processed 1001 reads in 0.618 CPU sec, 0.089 real sec
[M::mem_process_seqs] Processed 1001 reads in 0.687 CPU sec, 0.089 real sec
[M::mem_process_seqs] Processed 1001 reads in 0.675 CPU sec, 0.099 real sec
177919 [main] INFO main.java.edu.mit.compbio.bisulfitehic.mapping.Bhmem  - Processing reads 575000 ...
177919 [main] INFO main.java.edu.mit.compbio.bisulfitehic.mapping.Bhmem  - Unique mapped and paired reads 568752 ...
177922 [main] INFO main.java.edu.mit.compbio.bisulfitehic.mapping.Bhmem  - Processing reads 576000 ...
177922 [main] INFO main.java.edu.mit.compbio.bisulfitehic.mapping.Bhmem  - Unique mapped and paired reads 568752 ...
[M::mem_process_seqs] Processed 1001 reads in 0.703 CPU sec, 0.118 real sec
[M::mem_process_seqs] Processed 1001 reads in 0.667 CPU sec, 0.095 real sec
[M::mem_process_seqs] Processed 1001 reads in 0.840 CPU sec, 0.124 real sec
[M::mem_process_seqs] Processed 1001 reads in 0.779 CPU sec, 0.115 real sec
178513 [main] INFO main.java.edu.mit.compbio.bisulfitehic.mapping.Bhmem  - Processing reads 577000 ...
178513 [main] INFO main.java.edu.mit.compbio.bisulfitehic.mapping.Bhmem  - Unique mapped and paired reads 570734 ...
178516 [main] INFO main.java.edu.mit.compbio.bisulfitehic.mapping.Bhmem  - Processing reads 578000 ...
178516 [main] INFO main.java.edu.mit.compbio.bisulfitehic.mapping.Bhmem  - Unique mapped and paired reads 570734 ...
[M::mem_process_seqs] Processed 1001 reads in 0.655 CPU sec, 0.094 real sec
[M::mem_process_seqs] Processed 1001 reads in 0.613 CPU sec, 0.088 real sec
[M::mem_process_seqs] Processed 1001 reads in 0.706 CPU sec, 0.099 real sec
[M::mem_process_seqs] Processed 1001 reads in 0.717 CPU sec, 0.127 real sec
179050 [main] INFO main.java.edu.mit.compbio.bisulfitehic.mapping.Bhmem  - Processing reads 579000 ...
179051 [main] INFO main.java.edu.mit.compbio.bisulfitehic.mapping.Bhmem  - Unique mapped and paired reads 572710 ...
179053 [main] INFO main.java.edu.mit.compbio.bisulfitehic.mapping.Bhmem  - Processing reads 580000 ...
179053 [main] INFO main.java.edu.mit.compbio.bisulfitehic.mapping.Bhmem  - Unique mapped and paired reads 572710 ...
[M::mem_process_seqs] Processed 1001 reads in 0.633 CPU sec, 0.106 real sec
[M::mem_process_seqs] Processed 1001 reads in 0.611 CPU sec, 0.104 real sec
[M::mem_process_seqs] Processed 1001 reads in 0.763 CPU sec, 0.097 real sec
[M::mem_process_seqs] Processed 1001 reads in 0.679 CPU sec, 0.100 real sec
179580 [main] INFO main.java.edu.mit.compbio.bisulfitehic.mapping.Bhmem  - Processing reads 581000 ...
179580 [main] INFO main.java.edu.mit.compbio.bisulfitehic.mapping.Bhmem  - Unique mapped and paired reads 574684 ...
179583 [main] INFO main.java.edu.mit.compbio.bisulfitehic.mapping.Bhmem  - Processing reads 582000 ...
179583 [main] INFO main.java.edu.mit.compbio.bisulfitehic.mapping.Bhmem  - Unique mapped and paired reads 574684 ...
[M::mem_process_seqs] Processed 1001 reads in 0.687 CPU sec, 0.103 real sec
[M::mem_process_seqs] Processed 1001 reads in 0.640 CPU sec, 0.093 real sec
[M::mem_process_seqs] Processed 1001 reads in 0.744 CPU sec, 0.131 real sec
[M::mem_process_seqs] Processed 1001 reads in 0.727 CPU sec, 0.092 real sec
180125 [main] INFO main.java.edu.mit.compbio.bisulfitehic.mapping.Bhmem  - Processing reads 583000 ...
180125 [main] INFO main.java.edu.mit.compbio.bisulfitehic.mapping.Bhmem  - Unique mapped and paired reads 576660 ...
180128 [main] INFO main.java.edu.mit.compbio.bisulfitehic.mapping.Bhmem  - Processing reads 584000 ...
180128 [main] INFO main.java.edu.mit.compbio.bisulfitehic.mapping.Bhmem  - Unique mapped and paired reads 576660 ...
[M::mem_process_seqs] Processed 1001 reads in 0.710 CPU sec, 0.106 real sec
[M::mem_process_seqs] Processed 1001 reads in 0.675 CPU sec, 0.086 real sec
[M::mem_process_seqs] Processed 1001 reads in 0.809 CPU sec, 0.134 real sec
[M::mem_process_seqs] Processed 1001 reads in 0.780 CPU sec, 0.100 real sec
180679 [main] INFO main.java.edu.mit.compbio.bisulfitehic.mapping.Bhmem  - Processing reads 585000 ...
180679 [main] INFO main.java.edu.mit.compbio.bisulfitehic.mapping.Bhmem  - Unique mapped and paired reads 578636 ...
180682 [main] INFO main.java.edu.mit.compbio.bisulfitehic.mapping.Bhmem  - Processing reads 586000 ...
180682 [main] INFO main.java.edu.mit.compbio.bisulfitehic.mapping.Bhmem  - Unique mapped and paired reads 578636 ...
[M::mem_process_seqs] Processed 1001 reads in 0.746 CPU sec, 0.108 real sec
[M::mem_process_seqs] Processed 1001 reads in 0.608 CPU sec, 0.078 real sec
[M::mem_process_seqs] Processed 1001 reads in 0.762 CPU sec, 0.104 real sec
[M::mem_process_seqs] Processed 1001 reads in 0.686 CPU sec, 0.089 real sec
181187 [main] INFO main.java.edu.mit.compbio.bisulfitehic.mapping.Bhmem  - Processing reads 587000 ...
181187 [main] INFO main.java.edu.mit.compbio.bisulfitehic.mapping.Bhmem  - Unique mapped and paired reads 580612 ...
181190 [main] INFO main.java.edu.mit.compbio.bisulfitehic.mapping.Bhmem  - Processing reads 588000 ...
181190 [main] INFO main.java.edu.mit.compbio.bisulfitehic.mapping.Bhmem  - Unique mapped and paired reads 580612 ...
[M::mem_process_seqs] Processed 1001 reads in 0.690 CPU sec, 0.101 real sec
[M::mem_process_seqs] Processed 1001 reads in 0.666 CPU sec, 0.087 real sec
[M::mem_process_seqs] Processed 1001 reads in 0.737 CPU sec, 0.107 real sec
[M::mem_process_seqs] Processed 1001 reads in 0.749 CPU sec, 0.109 real sec
181716 [main] INFO main.java.edu.mit.compbio.bisulfitehic.mapping.Bhmem  - Processing reads 589000 ...
181716 [main] INFO main.java.edu.mit.compbio.bisulfitehic.mapping.Bhmem  - Unique mapped and paired reads 582596 ...
181719 [main] INFO main.java.edu.mit.compbio.bisulfitehic.mapping.Bhmem  - Processing reads 590000 ...
181719 [main] INFO main.java.edu.mit.compbio.bisulfitehic.mapping.Bhmem  - Unique mapped and paired reads 582596 ...
[M::mem_process_seqs] Processed 1001 reads in 0.722 CPU sec, 0.111 real sec
[M::mem_process_seqs] Processed 1001 reads in 0.628 CPU sec, 0.083 real sec
[M::mem_process_seqs] Processed 1001 reads in 0.721 CPU sec, 0.091 real sec
[M::mem_process_seqs] Processed 1001 reads in 0.710 CPU sec, 0.124 real sec
182248 [main] INFO main.java.edu.mit.compbio.bisulfitehic.mapping.Bhmem  - Processing reads 591000 ...
182248 [main] INFO main.java.edu.mit.compbio.bisulfitehic.mapping.Bhmem  - Unique mapped and paired reads 584574 ...
182250 [main] INFO main.java.edu.mit.compbio.bisulfitehic.mapping.Bhmem  - Processing reads 592000 ...
182250 [main] INFO main.java.edu.mit.compbio.bisulfitehic.mapping.Bhmem  - Unique mapped and paired reads 584574 ...
[M::mem_process_seqs] Processed 1001 reads in 0.701 CPU sec, 0.091 real sec
[M::mem_process_seqs] Processed 1001 reads in 0.629 CPU sec, 0.109 real sec
[M::mem_process_seqs] Processed 1001 reads in 0.754 CPU sec, 0.096 real sec
[M::mem_process_seqs] Processed 1001 reads in 0.706 CPU sec, 0.093 real sec
182763 [main] INFO main.java.edu.mit.compbio.bisulfitehic.mapping.Bhmem  - Processing reads 593000 ...
182763 [main] INFO main.java.edu.mit.compbio.bisulfitehic.mapping.Bhmem  - Unique mapped and paired reads 586552 ...
182766 [main] INFO main.java.edu.mit.compbio.bisulfitehic.mapping.Bhmem  - Processing reads 594000 ...
182766 [main] INFO main.java.edu.mit.compbio.bisulfitehic.mapping.Bhmem  - Unique mapped and paired reads 586552 ...
[M::mem_process_seqs] Processed 1001 reads in 0.739 CPU sec, 0.097 real sec
[M::mem_process_seqs] Processed 1001 reads in 0.625 CPU sec, 0.082 real sec
[M::mem_process_seqs] Processed 1001 reads in 0.765 CPU sec, 0.100 real sec
[M::mem_process_seqs] Processed 1001 reads in 0.729 CPU sec, 0.101 real sec
183275 [main] INFO main.java.edu.mit.compbio.bisulfitehic.mapping.Bhmem  - Processing reads 595000 ...
183275 [main] INFO main.java.edu.mit.compbio.bisulfitehic.mapping.Bhmem  - Unique mapped and paired reads 588536 ...
183278 [main] INFO main.java.edu.mit.compbio.bisulfitehic.mapping.Bhmem  - Processing reads 596000 ...
183278 [main] INFO main.java.edu.mit.compbio.bisulfitehic.mapping.Bhmem  - Unique mapped and paired reads 588536 ...
[M::mem_process_seqs] Processed 1001 reads in 0.720 CPU sec, 0.092 real sec
[M::mem_process_seqs] Processed 1001 reads in 0.648 CPU sec, 0.114 real sec
[M::mem_process_seqs] Processed 1001 reads in 0.783 CPU sec, 0.114 real sec
[M::mem_process_seqs] Processed 1001 reads in 0.702 CPU sec, 0.090 real sec
183814 [main] INFO main.java.edu.mit.compbio.bisulfitehic.mapping.Bhmem  - Processing reads 597000 ...
183814 [main] INFO main.java.edu.mit.compbio.bisulfitehic.mapping.Bhmem  - Unique mapped and paired reads 590510 ...
183817 [main] INFO main.java.edu.mit.compbio.bisulfitehic.mapping.Bhmem  - Processing reads 598000 ...
183817 [main] INFO main.java.edu.mit.compbio.bisulfitehic.mapping.Bhmem  - Unique mapped and paired reads 590510 ...
[M::mem_process_seqs] Processed 1001 reads in 0.753 CPU sec, 0.123 real sec
[M::mem_process_seqs] Processed 1001 reads in 0.698 CPU sec, 0.112 real sec
[M::mem_process_seqs] Processed 1001 reads in 0.859 CPU sec, 0.121 real sec
[M::mem_process_seqs] Processed 1001 reads in 0.764 CPU sec, 0.097 real sec
184398 [main] INFO main.java.edu.mit.compbio.bisulfitehic.mapping.Bhmem  - Processing reads 599000 ...
184398 [main] INFO main.java.edu.mit.compbio.bisulfitehic.mapping.Bhmem  - Unique mapped and paired reads 592492 ...
184401 [main] INFO main.java.edu.mit.compbio.bisulfitehic.mapping.Bhmem  - Processing reads 600000 ...
184401 [main] INFO main.java.edu.mit.compbio.bisulfitehic.mapping.Bhmem  - Unique mapped and paired reads 592492 ...
[M::mem_process_seqs] Processed 1001 reads in 0.742 CPU sec, 0.095 real sec
[M::mem_process_seqs] Processed 1001 reads in 0.659 CPU sec, 0.085 real sec
[M::mem_process_seqs] Processed 1001 reads in 0.758 CPU sec, 0.126 real sec
[M::mem_process_seqs] Processed 1001 reads in 0.789 CPU sec, 0.105 real sec
184938 [main] INFO main.java.edu.mit.compbio.bisulfitehic.mapping.Bhmem  - Processing reads 601000 ...
184938 [main] INFO main.java.edu.mit.compbio.bisulfitehic.mapping.Bhmem  - Unique mapped and paired reads 594480 ...
184941 [main] INFO main.java.edu.mit.compbio.bisulfitehic.mapping.Bhmem  - Processing reads 602000 ...
184941 [main] INFO main.java.edu.mit.compbio.bisulfitehic.mapping.Bhmem  - Unique mapped and paired reads 594480 ...
[M::mem_process_seqs] Processed 1001 reads in 0.716 CPU sec, 0.107 real sec
[M::mem_process_seqs] Processed 1001 reads in 0.638 CPU sec, 0.097 real sec
[M::mem_process_seqs] Processed 1001 reads in 0.763 CPU sec, 0.153 real sec
[M::mem_process_seqs] Processed 1001 reads in 0.730 CPU sec, 0.114 real sec
185540 [main] INFO main.java.edu.mit.compbio.bisulfitehic.mapping.Bhmem  - Processing reads 603000 ...
185540 [main] INFO main.java.edu.mit.compbio.bisulfitehic.mapping.Bhmem  - Unique mapped and paired reads 596470 ...
185543 [main] INFO main.java.edu.mit.compbio.bisulfitehic.mapping.Bhmem  - Processing reads 604000 ...
185543 [main] INFO main.java.edu.mit.compbio.bisulfitehic.mapping.Bhmem  - Unique mapped and paired reads 596470 ...
[M::mem_process_seqs] Processed 1001 reads in 0.758 CPU sec, 0.116 real sec
[M::mem_process_seqs] Processed 1001 reads in 0.721 CPU sec, 0.105 real sec
[M::mem_process_seqs] Processed 1001 reads in 0.815 CPU sec, 0.105 real sec
[M::mem_process_seqs] Processed 1001 reads in 0.818 CPU sec, 0.138 real sec
186134 [main] INFO main.java.edu.mit.compbio.bisulfitehic.mapping.Bhmem  - Processing reads 605000 ...
186134 [main] INFO main.java.edu.mit.compbio.bisulfitehic.mapping.Bhmem  - Unique mapped and paired reads 598452 ...
186137 [main] INFO main.java.edu.mit.compbio.bisulfitehic.mapping.Bhmem  - Processing reads 606000 ...
186137 [main] INFO main.java.edu.mit.compbio.bisulfitehic.mapping.Bhmem  - Unique mapped and paired reads 598452 ...
[M::mem_process_seqs] Processed 1001 reads in 0.740 CPU sec, 0.108 real sec
[M::mem_process_seqs] Processed 1001 reads in 0.674 CPU sec, 0.086 real sec
[M::mem_process_seqs] Processed 1001 reads in 0.777 CPU sec, 0.112 real sec
[M::mem_process_seqs] Processed 1001 reads in 0.788 CPU sec, 0.134 real sec
186702 [main] INFO main.java.edu.mit.compbio.bisulfitehic.mapping.Bhmem  - Processing reads 607000 ...
186702 [main] INFO main.java.edu.mit.compbio.bisulfitehic.mapping.Bhmem  - Unique mapped and paired reads 600430 ...
186705 [main] INFO main.java.edu.mit.compbio.bisulfitehic.mapping.Bhmem  - Processing reads 608000 ...
186705 [main] INFO main.java.edu.mit.compbio.bisulfitehic.mapping.Bhmem  - Unique mapped and paired reads 600430 ...
[M::mem_process_seqs] Processed 1001 reads in 0.709 CPU sec, 0.091 real sec
[M::mem_process_seqs] Processed 1001 reads in 0.638 CPU sec, 0.092 real sec
[M::mem_process_seqs] Processed 1001 reads in 0.728 CPU sec, 0.094 real sec
[M::mem_process_seqs] Processed 1001 reads in 0.719 CPU sec, 0.107 real sec
187216 [main] INFO main.java.edu.mit.compbio.bisulfitehic.mapping.Bhmem  - Processing reads 609000 ...
187216 [main] INFO main.java.edu.mit.compbio.bisulfitehic.mapping.Bhmem  - Unique mapped and paired reads 602412 ...
187219 [main] INFO main.java.edu.mit.compbio.bisulfitehic.mapping.Bhmem  - Processing reads 610000 ...
187219 [main] INFO main.java.edu.mit.compbio.bisulfitehic.mapping.Bhmem  - Unique mapped and paired reads 602412 ...
[M::mem_process_seqs] Processed 1001 reads in 0.725 CPU sec, 0.098 real sec
[M::mem_process_seqs] Processed 1001 reads in 0.631 CPU sec, 0.111 real sec
[M::mem_process_seqs] Processed 1001 reads in 0.772 CPU sec, 0.099 real sec
[M::mem_process_seqs] Processed 1001 reads in 0.717 CPU sec, 0.092 real sec
187740 [main] INFO main.java.edu.mit.compbio.bisulfitehic.mapping.Bhmem  - Processing reads 611000 ...
187740 [main] INFO main.java.edu.mit.compbio.bisulfitehic.mapping.Bhmem  - Unique mapped and paired reads 604384 ...
187743 [main] INFO main.java.edu.mit.compbio.bisulfitehic.mapping.Bhmem  - Processing reads 612000 ...
187743 [main] INFO main.java.edu.mit.compbio.bisulfitehic.mapping.Bhmem  - Unique mapped and paired reads 604384 ...
[M::mem_process_seqs] Processed 1001 reads in 0.769 CPU sec, 0.105 real sec
[M::mem_process_seqs] Processed 1001 reads in 0.663 CPU sec, 0.085 real sec
[M::mem_process_seqs] Processed 1001 reads in 0.805 CPU sec, 0.128 real sec
[M::mem_process_seqs] Processed 1001 reads in 0.843 CPU sec, 0.123 real sec
188313 [main] INFO main.java.edu.mit.compbio.bisulfitehic.mapping.Bhmem  - Processing reads 613000 ...
188313 [main] INFO main.java.edu.mit.compbio.bisulfitehic.mapping.Bhmem  - Unique mapped and paired reads 606360 ...
188316 [main] INFO main.java.edu.mit.compbio.bisulfitehic.mapping.Bhmem  - Processing reads 614000 ...
188316 [main] INFO main.java.edu.mit.compbio.bisulfitehic.mapping.Bhmem  - Unique mapped and paired reads 606360 ...
[M::mem_process_seqs] Processed 1001 reads in 0.723 CPU sec, 0.120 real sec
[M::mem_process_seqs] Processed 1001 reads in 0.644 CPU sec, 0.084 real sec
[M::mem_process_seqs] Processed 1001 reads in 0.822 CPU sec, 0.107 real sec
[M::mem_process_seqs] Processed 1001 reads in 0.718 CPU sec, 0.091 real sec
188841 [main] INFO main.java.edu.mit.compbio.bisulfitehic.mapping.Bhmem  - Processing reads 615000 ...
188841 [main] INFO main.java.edu.mit.compbio.bisulfitehic.mapping.Bhmem  - Unique mapped and paired reads 608350 ...
188844 [main] INFO main.java.edu.mit.compbio.bisulfitehic.mapping.Bhmem  - Processing reads 616000 ...
188844 [main] INFO main.java.edu.mit.compbio.bisulfitehic.mapping.Bhmem  - Unique mapped and paired reads 608350 ...
[M::mem_process_seqs] Processed 1001 reads in 0.748 CPU sec, 0.108 real sec
[M::mem_process_seqs] Processed 1001 reads in 0.685 CPU sec, 0.126 real sec
[M::mem_process_seqs] Processed 1001 reads in 0.790 CPU sec, 0.110 real sec
[M::mem_process_seqs] Processed 1001 reads in 0.757 CPU sec, 0.104 real sec
189419 [main] INFO main.java.edu.mit.compbio.bisulfitehic.mapping.Bhmem  - Processing reads 617000 ...
189419 [main] INFO main.java.edu.mit.compbio.bisulfitehic.mapping.Bhmem  - Unique mapped and paired reads 610326 ...
189422 [main] INFO main.java.edu.mit.compbio.bisulfitehic.mapping.Bhmem  - Processing reads 618000 ...
189422 [main] INFO main.java.edu.mit.compbio.bisulfitehic.mapping.Bhmem  - Unique mapped and paired reads 610326 ...
[M::mem_process_seqs] Processed 1001 reads in 0.710 CPU sec, 0.123 real sec
[M::mem_process_seqs] Processed 1001 reads in 0.629 CPU sec, 0.080 real sec
[M::mem_process_seqs] Processed 1001 reads in 0.788 CPU sec, 0.100 real sec
[M::mem_process_seqs] Processed 1001 reads in 0.722 CPU sec, 0.097 real sec
189947 [main] INFO main.java.edu.mit.compbio.bisulfitehic.mapping.Bhmem  - Processing reads 619000 ...
189947 [main] INFO main.java.edu.mit.compbio.bisulfitehic.mapping.Bhmem  - Unique mapped and paired reads 612298 ...
189951 [main] INFO main.java.edu.mit.compbio.bisulfitehic.mapping.Bhmem  - Processing reads 620000 ...
189951 [main] INFO main.java.edu.mit.compbio.bisulfitehic.mapping.Bhmem  - Unique mapped and paired reads 612298 ...
[M::mem_process_seqs] Processed 1001 reads in 0.762 CPU sec, 0.111 real sec
[M::mem_process_seqs] Processed 1001 reads in 0.696 CPU sec, 0.119 real sec
[M::mem_process_seqs] Processed 1001 reads in 0.835 CPU sec, 0.106 real sec
[M::mem_process_seqs] Processed 1001 reads in 0.795 CPU sec, 0.110 real sec
190566 [main] INFO main.java.edu.mit.compbio.bisulfitehic.mapping.Bhmem  - Processing reads 621000 ...
190566 [main] INFO main.java.edu.mit.compbio.bisulfitehic.mapping.Bhmem  - Unique mapped and paired reads 614278 ...
190569 [main] INFO main.java.edu.mit.compbio.bisulfitehic.mapping.Bhmem  - Processing reads 622000 ...
190569 [main] INFO main.java.edu.mit.compbio.bisulfitehic.mapping.Bhmem  - Unique mapped and paired reads 614278 ...
[M::mem_process_seqs] Processed 1001 reads in 0.779 CPU sec, 0.126 real sec
[M::mem_process_seqs] Processed 1001 reads in 0.755 CPU sec, 0.101 real sec
[M::mem_process_seqs] Processed 1001 reads in 0.832 CPU sec, 0.107 real sec
[M::mem_process_seqs] Processed 1001 reads in 0.820 CPU sec, 0.106 real sec
191142 [main] INFO main.java.edu.mit.compbio.bisulfitehic.mapping.Bhmem  - Processing reads 623000 ...
191142 [main] INFO main.java.edu.mit.compbio.bisulfitehic.mapping.Bhmem  - Unique mapped and paired reads 616260 ...
191145 [main] INFO main.java.edu.mit.compbio.bisulfitehic.mapping.Bhmem  - Processing reads 624000 ...
191145 [main] INFO main.java.edu.mit.compbio.bisulfitehic.mapping.Bhmem  - Unique mapped and paired reads 616260 ...
[M::mem_process_seqs] Processed 1001 reads in 0.797 CPU sec, 0.101 real sec
[M::mem_process_seqs] Processed 1001 reads in 0.682 CPU sec, 0.089 real sec
[M::mem_process_seqs] Processed 1001 reads in 0.796 CPU sec, 0.101 real sec
[M::mem_process_seqs] Processed 1001 reads in 0.726 CPU sec, 0.097 real sec
191661 [main] INFO main.java.edu.mit.compbio.bisulfitehic.mapping.Bhmem  - Processing reads 625000 ...
191661 [main] INFO main.java.edu.mit.compbio.bisulfitehic.mapping.Bhmem  - Unique mapped and paired reads 618240 ...
191664 [main] INFO main.java.edu.mit.compbio.bisulfitehic.mapping.Bhmem  - Processing reads 626000 ...
191664 [main] INFO main.java.edu.mit.compbio.bisulfitehic.mapping.Bhmem  - Unique mapped and paired reads 618240 ...
[M::mem_process_seqs] Processed 1001 reads in 0.712 CPU sec, 0.144 real sec
[M::mem_process_seqs] Processed 1001 reads in 0.702 CPU sec, 0.110 real sec
[M::mem_process_seqs] Processed 1001 reads in 0.781 CPU sec, 0.103 real sec
[M::mem_process_seqs] Processed 1001 reads in 0.742 CPU sec, 0.130 real sec
192279 [main] INFO main.java.edu.mit.compbio.bisulfitehic.mapping.Bhmem  - Processing reads 627000 ...
192279 [main] INFO main.java.edu.mit.compbio.bisulfitehic.mapping.Bhmem  - Unique mapped and paired reads 620230 ...
192282 [main] INFO main.java.edu.mit.compbio.bisulfitehic.mapping.Bhmem  - Processing reads 628000 ...
192282 [main] INFO main.java.edu.mit.compbio.bisulfitehic.mapping.Bhmem  - Unique mapped and paired reads 620230 ...
[M::mem_process_seqs] Processed 1001 reads in 0.741 CPU sec, 0.108 real sec
[M::mem_process_seqs] Processed 1001 reads in 0.681 CPU sec, 0.092 real sec
[M::mem_process_seqs] Processed 1001 reads in 0.729 CPU sec, 0.110 real sec
[M::mem_process_seqs] Processed 1001 reads in 0.750 CPU sec, 0.108 real sec
192822 [main] INFO main.java.edu.mit.compbio.bisulfitehic.mapping.Bhmem  - Processing reads 629000 ...
192822 [main] INFO main.java.edu.mit.compbio.bisulfitehic.mapping.Bhmem  - Unique mapped and paired reads 622214 ...
192825 [main] INFO main.java.edu.mit.compbio.bisulfitehic.mapping.Bhmem  - Processing reads 630000 ...
192825 [main] INFO main.java.edu.mit.compbio.bisulfitehic.mapping.Bhmem  - Unique mapped and paired reads 622214 ...
[M::mem_process_seqs] Processed 1001 reads in 0.712 CPU sec, 0.104 real sec
[M::mem_process_seqs] Processed 1001 reads in 0.676 CPU sec, 0.086 real sec
[M::mem_process_seqs] Processed 1001 reads in 0.755 CPU sec, 0.100 real sec
[M::mem_process_seqs] Processed 1001 reads in 0.737 CPU sec, 0.107 real sec
193353 [main] INFO main.java.edu.mit.compbio.bisulfitehic.mapping.Bhmem  - Processing reads 631000 ...
193353 [main] INFO main.java.edu.mit.compbio.bisulfitehic.mapping.Bhmem  - Unique mapped and paired reads 624188 ...
193356 [main] INFO main.java.edu.mit.compbio.bisulfitehic.mapping.Bhmem  - Processing reads 632000 ...
193356 [main] INFO main.java.edu.mit.compbio.bisulfitehic.mapping.Bhmem  - Unique mapped and paired reads 624188 ...
[M::mem_process_seqs] Processed 1001 reads in 0.694 CPU sec, 0.092 real sec
[M::mem_process_seqs] Processed 1001 reads in 0.659 CPU sec, 0.097 real sec
[M::mem_process_seqs] Processed 1001 reads in 0.704 CPU sec, 0.098 real sec
[M::mem_process_seqs] Processed 1001 reads in 0.711 CPU sec, 0.102 real sec
193869 [main] INFO main.java.edu.mit.compbio.bisulfitehic.mapping.Bhmem  - Processing reads 633000 ...
193869 [main] INFO main.java.edu.mit.compbio.bisulfitehic.mapping.Bhmem  - Unique mapped and paired reads 626162 ...
193872 [main] INFO main.java.edu.mit.compbio.bisulfitehic.mapping.Bhmem  - Processing reads 634000 ...
193872 [main] INFO main.java.edu.mit.compbio.bisulfitehic.mapping.Bhmem  - Unique mapped and paired reads 626162 ...
[M::mem_process_seqs] Processed 1001 reads in 0.763 CPU sec, 0.112 real sec
[M::mem_process_seqs] Processed 1001 reads in 0.644 CPU sec, 0.111 real sec
[M::mem_process_seqs] Processed 1001 reads in 0.730 CPU sec, 0.095 real sec
[M::mem_process_seqs] Processed 1001 reads in 0.709 CPU sec, 0.090 real sec
194407 [main] INFO main.java.edu.mit.compbio.bisulfitehic.mapping.Bhmem  - Processing reads 635000 ...
194407 [main] INFO main.java.edu.mit.compbio.bisulfitehic.mapping.Bhmem  - Unique mapped and paired reads 628150 ...
194410 [main] INFO main.java.edu.mit.compbio.bisulfitehic.mapping.Bhmem  - Processing reads 636000 ...
194410 [main] INFO main.java.edu.mit.compbio.bisulfitehic.mapping.Bhmem  - Unique mapped and paired reads 628150 ...
[M::mem_process_seqs] Processed 1001 reads in 0.709 CPU sec, 0.110 real sec
[M::mem_process_seqs] Processed 1001 reads in 0.629 CPU sec, 0.081 real sec
[M::mem_process_seqs] Processed 1001 reads in 0.744 CPU sec, 0.113 real sec
[M::mem_process_seqs] Processed 1001 reads in 0.716 CPU sec, 0.092 real sec
194932 [main] INFO main.java.edu.mit.compbio.bisulfitehic.mapping.Bhmem  - Processing reads 637000 ...
194932 [main] INFO main.java.edu.mit.compbio.bisulfitehic.mapping.Bhmem  - Unique mapped and paired reads 630136 ...
194935 [main] INFO main.java.edu.mit.compbio.bisulfitehic.mapping.Bhmem  - Processing reads 638000 ...
194935 [main] INFO main.java.edu.mit.compbio.bisulfitehic.mapping.Bhmem  - Unique mapped and paired reads 630136 ...
[M::mem_process_seqs] Processed 1001 reads in 0.691 CPU sec, 0.123 real sec
[M::mem_process_seqs] Processed 1001 reads in 0.679 CPU sec, 0.086 real sec
[M::mem_process_seqs] Processed 1001 reads in 0.770 CPU sec, 0.122 real sec
[M::mem_process_seqs] Processed 1001 reads in 0.770 CPU sec, 0.128 real sec
195520 [main] INFO main.java.edu.mit.compbio.bisulfitehic.mapping.Bhmem  - Processing reads 639000 ...
195520 [main] INFO main.java.edu.mit.compbio.bisulfitehic.mapping.Bhmem  - Unique mapped and paired reads 632116 ...
195524 [main] INFO main.java.edu.mit.compbio.bisulfitehic.mapping.Bhmem  - Processing reads 640000 ...
195524 [main] INFO main.java.edu.mit.compbio.bisulfitehic.mapping.Bhmem  - Unique mapped and paired reads 632116 ...
[M::mem_process_seqs] Processed 1001 reads in 0.787 CPU sec, 0.102 real sec
[M::mem_process_seqs] Processed 1001 reads in 0.704 CPU sec, 0.096 real sec
[M::mem_process_seqs] Processed 1001 reads in 0.850 CPU sec, 0.132 real sec
[M::mem_process_seqs] Processed 1001 reads in 0.818 CPU sec, 0.144 real sec
196128 [main] INFO main.java.edu.mit.compbio.bisulfitehic.mapping.Bhmem  - Processing reads 641000 ...
196128 [main] INFO main.java.edu.mit.compbio.bisulfitehic.mapping.Bhmem  - Unique mapped and paired reads 634094 ...
196131 [main] INFO main.java.edu.mit.compbio.bisulfitehic.mapping.Bhmem  - Processing reads 642000 ...
196131 [main] INFO main.java.edu.mit.compbio.bisulfitehic.mapping.Bhmem  - Unique mapped and paired reads 634094 ...
[M::mem_process_seqs] Processed 1001 reads in 0.726 CPU sec, 0.097 real sec
[M::mem_process_seqs] Processed 1001 reads in 0.632 CPU sec, 0.113 real sec
[M::mem_process_seqs] Processed 1001 reads in 0.768 CPU sec, 0.111 real sec
[M::mem_process_seqs] Processed 1001 reads in 0.737 CPU sec, 0.094 real sec
196673 [main] INFO main.java.edu.mit.compbio.bisulfitehic.mapping.Bhmem  - Processing reads 643000 ...
196673 [main] INFO main.java.edu.mit.compbio.bisulfitehic.mapping.Bhmem  - Unique mapped and paired reads 636066 ...
196676 [main] INFO main.java.edu.mit.compbio.bisulfitehic.mapping.Bhmem  - Processing reads 644000 ...
196676 [main] INFO main.java.edu.mit.compbio.bisulfitehic.mapping.Bhmem  - Unique mapped and paired reads 636066 ...
[M::mem_process_seqs] Processed 1001 reads in 0.755 CPU sec, 0.103 real sec
[M::mem_process_seqs] Processed 1001 reads in 0.687 CPU sec, 0.088 real sec
[M::mem_process_seqs] Processed 1001 reads in 0.750 CPU sec, 0.118 real sec
[M::mem_process_seqs] Processed 1001 reads in 0.796 CPU sec, 0.117 real sec
197230 [main] INFO main.java.edu.mit.compbio.bisulfitehic.mapping.Bhmem  - Processing reads 645000 ...
197230 [main] INFO main.java.edu.mit.compbio.bisulfitehic.mapping.Bhmem  - Unique mapped and paired reads 638054 ...
197234 [main] INFO main.java.edu.mit.compbio.bisulfitehic.mapping.Bhmem  - Processing reads 646000 ...
197234 [main] INFO main.java.edu.mit.compbio.bisulfitehic.mapping.Bhmem  - Unique mapped and paired reads 638054 ...
[M::mem_process_seqs] Processed 1001 reads in 0.783 CPU sec, 0.124 real sec
[M::mem_process_seqs] Processed 1001 reads in 0.772 CPU sec, 0.106 real sec
[M::mem_process_seqs] Processed 1001 reads in 0.814 CPU sec, 0.106 real sec
[M::mem_process_seqs] Processed 1001 reads in 0.826 CPU sec, 0.130 real sec
197833 [main] INFO main.java.edu.mit.compbio.bisulfitehic.mapping.Bhmem  - Processing reads 647000 ...
197833 [main] INFO main.java.edu.mit.compbio.bisulfitehic.mapping.Bhmem  - Unique mapped and paired reads 640044 ...
197836 [main] INFO main.java.edu.mit.compbio.bisulfitehic.mapping.Bhmem  - Processing reads 648000 ...
197836 [main] INFO main.java.edu.mit.compbio.bisulfitehic.mapping.Bhmem  - Unique mapped and paired reads 640044 ...
[M::mem_process_seqs] Processed 1001 reads in 0.731 CPU sec, 0.126 real sec
[M::mem_process_seqs] Processed 1001 reads in 0.712 CPU sec, 0.104 real sec
[M::mem_process_seqs] Processed 1001 reads in 0.851 CPU sec, 0.110 real sec
[M::mem_process_seqs] Processed 1001 reads in 0.780 CPU sec, 0.108 real sec
198415 [main] INFO main.java.edu.mit.compbio.bisulfitehic.mapping.Bhmem  - Processing reads 649000 ...
198415 [main] INFO main.java.edu.mit.compbio.bisulfitehic.mapping.Bhmem  - Unique mapped and paired reads 642028 ...
198418 [main] INFO main.java.edu.mit.compbio.bisulfitehic.mapping.Bhmem  - Processing reads 650000 ...
198418 [main] INFO main.java.edu.mit.compbio.bisulfitehic.mapping.Bhmem  - Unique mapped and paired reads 642028 ...
[M::mem_process_seqs] Processed 1001 reads in 0.715 CPU sec, 0.091 real sec
[M::mem_process_seqs] Processed 1001 reads in 0.622 CPU sec, 0.079 real sec
[M::mem_process_seqs] Processed 1001 reads in 0.781 CPU sec, 0.131 real sec
[M::mem_process_seqs] Processed 1001 reads in 0.782 CPU sec, 0.113 real sec
198954 [main] INFO main.java.edu.mit.compbio.bisulfitehic.mapping.Bhmem  - Processing reads 651000 ...
198954 [main] INFO main.java.edu.mit.compbio.bisulfitehic.mapping.Bhmem  - Unique mapped and paired reads 644000 ...
198958 [main] INFO main.java.edu.mit.compbio.bisulfitehic.mapping.Bhmem  - Processing reads 652000 ...
198958 [main] INFO main.java.edu.mit.compbio.bisulfitehic.mapping.Bhmem  - Unique mapped and paired reads 644000 ...
[M::mem_process_seqs] Processed 1001 reads in 0.763 CPU sec, 0.097 real sec
[M::mem_process_seqs] Processed 1001 reads in 0.701 CPU sec, 0.090 real sec
[M::mem_process_seqs] Processed 1001 reads in 0.748 CPU sec, 0.097 real sec
[M::mem_process_seqs] Processed 1001 reads in 0.763 CPU sec, 0.103 real sec
199474 [main] INFO main.java.edu.mit.compbio.bisulfitehic.mapping.Bhmem  - Processing reads 653000 ...
199474 [main] INFO main.java.edu.mit.compbio.bisulfitehic.mapping.Bhmem  - Unique mapped and paired reads 645986 ...
199477 [main] INFO main.java.edu.mit.compbio.bisulfitehic.mapping.Bhmem  - Processing reads 654000 ...
199477 [main] INFO main.java.edu.mit.compbio.bisulfitehic.mapping.Bhmem  - Unique mapped and paired reads 645986 ...
[M::mem_process_seqs] Processed 1001 reads in 0.807 CPU sec, 0.108 real sec
[M::mem_process_seqs] Processed 1001 reads in 0.686 CPU sec, 0.094 real sec
[M::mem_process_seqs] Processed 1001 reads in 0.787 CPU sec, 0.099 real sec
[M::mem_process_seqs] Processed 1001 reads in 0.776 CPU sec, 0.101 real sec
200008 [main] INFO main.java.edu.mit.compbio.bisulfitehic.mapping.Bhmem  - Processing reads 655000 ...
200008 [main] INFO main.java.edu.mit.compbio.bisulfitehic.mapping.Bhmem  - Unique mapped and paired reads 647966 ...
200011 [main] INFO main.java.edu.mit.compbio.bisulfitehic.mapping.Bhmem  - Processing reads 656000 ...
200011 [main] INFO main.java.edu.mit.compbio.bisulfitehic.mapping.Bhmem  - Unique mapped and paired reads 647966 ...
[M::mem_process_seqs] Processed 1001 reads in 0.727 CPU sec, 0.092 real sec
[M::mem_process_seqs] Processed 1001 reads in 0.648 CPU sec, 0.088 real sec
[M::mem_process_seqs] Processed 1001 reads in 0.758 CPU sec, 0.097 real sec
[M::mem_process_seqs] Processed 1001 reads in 0.682 CPU sec, 0.100 real sec
200519 [main] INFO main.java.edu.mit.compbio.bisulfitehic.mapping.Bhmem  - Processing reads 657000 ...
200519 [main] INFO main.java.edu.mit.compbio.bisulfitehic.mapping.Bhmem  - Unique mapped and paired reads 649942 ...
200522 [main] INFO main.java.edu.mit.compbio.bisulfitehic.mapping.Bhmem  - Processing reads 658000 ...
200522 [main] INFO main.java.edu.mit.compbio.bisulfitehic.mapping.Bhmem  - Unique mapped and paired reads 649942 ...
[M::mem_process_seqs] Processed 1001 reads in 0.822 CPU sec, 0.105 real sec
[M::mem_process_seqs] Processed 1001 reads in 0.720 CPU sec, 0.092 real sec
[M::mem_process_seqs] Processed 1001 reads in 0.807 CPU sec, 0.106 real sec
[M::mem_process_seqs] Processed 1001 reads in 0.778 CPU sec, 0.103 real sec
201059 [main] INFO main.java.edu.mit.compbio.bisulfitehic.mapping.Bhmem  - Processing reads 659000 ...
201059 [main] INFO main.java.edu.mit.compbio.bisulfitehic.mapping.Bhmem  - Unique mapped and paired reads 651918 ...
201062 [main] INFO main.java.edu.mit.compbio.bisulfitehic.mapping.Bhmem  - Processing reads 660000 ...
201062 [main] INFO main.java.edu.mit.compbio.bisulfitehic.mapping.Bhmem  - Unique mapped and paired reads 651918 ...
[M::mem_process_seqs] Processed 1001 reads in 0.844 CPU sec, 0.135 real sec
[M::mem_process_seqs] Processed 1001 reads in 0.783 CPU sec, 0.120 real sec
[M::mem_process_seqs] Processed 1001 reads in 0.860 CPU sec, 0.124 real sec
[M::mem_process_seqs] Processed 1001 reads in 0.826 CPU sec, 0.107 real sec
201679 [main] INFO main.java.edu.mit.compbio.bisulfitehic.mapping.Bhmem  - Processing reads 661000 ...
201679 [main] INFO main.java.edu.mit.compbio.bisulfitehic.mapping.Bhmem  - Unique mapped and paired reads 653908 ...
201681 [main] INFO main.java.edu.mit.compbio.bisulfitehic.mapping.Bhmem  - Processing reads 662000 ...
201681 [main] INFO main.java.edu.mit.compbio.bisulfitehic.mapping.Bhmem  - Unique mapped and paired reads 653908 ...
[M::mem_process_seqs] Processed 1001 reads in 0.788 CPU sec, 0.258 real sec
[M::mem_process_seqs] Processed 1001 reads in 0.802 CPU sec, 0.134 real sec
[M::mem_process_seqs] Processed 1001 reads in 0.915 CPU sec, 0.120 real sec
[M::mem_process_seqs] Processed 1001 reads in 0.887 CPU sec, 0.120 real sec
202454 [main] INFO main.java.edu.mit.compbio.bisulfitehic.mapping.Bhmem  - Processing reads 663000 ...
202454 [main] INFO main.java.edu.mit.compbio.bisulfitehic.mapping.Bhmem  - Unique mapped and paired reads 655886 ...
202456 [main] INFO main.java.edu.mit.compbio.bisulfitehic.mapping.Bhmem  - Processing reads 664000 ...
202456 [main] INFO main.java.edu.mit.compbio.bisulfitehic.mapping.Bhmem  - Unique mapped and paired reads 655886 ...
[M::mem_process_seqs] Processed 1001 reads in 0.756 CPU sec, 0.116 real sec
[M::mem_process_seqs] Processed 1001 reads in 0.719 CPU sec, 0.104 real sec
[M::mem_process_seqs] Processed 1001 reads in 0.817 CPU sec, 0.104 real sec
[M::mem_process_seqs] Processed 1001 reads in 0.829 CPU sec, 0.151 real sec
203059 [main] INFO main.java.edu.mit.compbio.bisulfitehic.mapping.Bhmem  - Processing reads 665000 ...
203059 [main] INFO main.java.edu.mit.compbio.bisulfitehic.mapping.Bhmem  - Unique mapped and paired reads 657874 ...
203062 [main] INFO main.java.edu.mit.compbio.bisulfitehic.mapping.Bhmem  - Processing reads 666000 ...
203062 [main] INFO main.java.edu.mit.compbio.bisulfitehic.mapping.Bhmem  - Unique mapped and paired reads 657874 ...
[M::mem_process_seqs] Processed 1001 reads in 0.756 CPU sec, 0.101 real sec
[M::mem_process_seqs] Processed 1001 reads in 0.690 CPU sec, 0.104 real sec
[M::mem_process_seqs] Processed 1001 reads in 0.807 CPU sec, 0.120 real sec
[M::mem_process_seqs] Processed 1001 reads in 0.741 CPU sec, 0.131 real sec
203654 [main] INFO main.java.edu.mit.compbio.bisulfitehic.mapping.Bhmem  - Processing reads 667000 ...
203654 [main] INFO main.java.edu.mit.compbio.bisulfitehic.mapping.Bhmem  - Unique mapped and paired reads 659862 ...
203657 [main] INFO main.java.edu.mit.compbio.bisulfitehic.mapping.Bhmem  - Processing reads 668000 ...
203657 [main] INFO main.java.edu.mit.compbio.bisulfitehic.mapping.Bhmem  - Unique mapped and paired reads 659862 ...
[M::mem_process_seqs] Processed 1001 reads in 0.788 CPU sec, 0.101 real sec
[M::mem_process_seqs] Processed 1001 reads in 0.747 CPU sec, 0.116 real sec
[M::mem_process_seqs] Processed 1001 reads in 0.818 CPU sec, 0.113 real sec
[M::mem_process_seqs] Processed 1001 reads in 0.865 CPU sec, 0.195 real sec
204313 [main] INFO main.java.edu.mit.compbio.bisulfitehic.mapping.Bhmem  - Processing reads 669000 ...
204313 [main] INFO main.java.edu.mit.compbio.bisulfitehic.mapping.Bhmem  - Unique mapped and paired reads 661840 ...
204316 [main] INFO main.java.edu.mit.compbio.bisulfitehic.mapping.Bhmem  - Processing reads 670000 ...
204316 [main] INFO main.java.edu.mit.compbio.bisulfitehic.mapping.Bhmem  - Unique mapped and paired reads 661840 ...
[M::mem_process_seqs] Processed 1001 reads in 0.763 CPU sec, 0.106 real sec
[M::mem_process_seqs] Processed 1001 reads in 0.696 CPU sec, 0.089 real sec
[M::mem_process_seqs] Processed 1001 reads in 0.850 CPU sec, 0.135 real sec
[M::mem_process_seqs] Processed 1001 reads in 0.867 CPU sec, 0.115 real sec
204891 [main] INFO main.java.edu.mit.compbio.bisulfitehic.mapping.Bhmem  - Processing reads 671000 ...
204891 [main] INFO main.java.edu.mit.compbio.bisulfitehic.mapping.Bhmem  - Unique mapped and paired reads 663830 ...
204894 [main] INFO main.java.edu.mit.compbio.bisulfitehic.mapping.Bhmem  - Processing reads 672000 ...
204894 [main] INFO main.java.edu.mit.compbio.bisulfitehic.mapping.Bhmem  - Unique mapped and paired reads 663830 ...
[M::mem_process_seqs] Processed 1001 reads in 0.748 CPU sec, 0.108 real sec
[M::mem_process_seqs] Processed 1001 reads in 0.695 CPU sec, 0.089 real sec
[M::mem_process_seqs] Processed 1001 reads in 0.738 CPU sec, 0.094 real sec
[M::mem_process_seqs] Processed 1001 reads in 0.748 CPU sec, 0.095 real sec
205407 [main] INFO main.java.edu.mit.compbio.bisulfitehic.mapping.Bhmem  - Processing reads 673000 ...
205407 [main] INFO main.java.edu.mit.compbio.bisulfitehic.mapping.Bhmem  - Unique mapped and paired reads 665820 ...
205410 [main] INFO main.java.edu.mit.compbio.bisulfitehic.mapping.Bhmem  - Processing reads 674000 ...
205410 [main] INFO main.java.edu.mit.compbio.bisulfitehic.mapping.Bhmem  - Unique mapped and paired reads 665820 ...
[M::mem_process_seqs] Processed 1001 reads in 0.751 CPU sec, 0.098 real sec
[M::mem_process_seqs] Processed 1001 reads in 0.672 CPU sec, 0.100 real sec
[M::mem_process_seqs] Processed 1001 reads in 0.789 CPU sec, 0.120 real sec
[M::mem_process_seqs] Processed 1001 reads in 0.729 CPU sec, 0.106 real sec
205960 [main] INFO main.java.edu.mit.compbio.bisulfitehic.mapping.Bhmem  - Processing reads 675000 ...
205960 [main] INFO main.java.edu.mit.compbio.bisulfitehic.mapping.Bhmem  - Unique mapped and paired reads 667812 ...
205963 [main] INFO main.java.edu.mit.compbio.bisulfitehic.mapping.Bhmem  - Processing reads 676000 ...
205963 [main] INFO main.java.edu.mit.compbio.bisulfitehic.mapping.Bhmem  - Unique mapped and paired reads 667812 ...
[M::mem_process_seqs] Processed 1001 reads in 0.725 CPU sec, 0.092 real sec
[M::mem_process_seqs] Processed 1001 reads in 0.618 CPU sec, 0.089 real sec
[M::mem_process_seqs] Processed 1001 reads in 0.795 CPU sec, 0.114 real sec
[M::mem_process_seqs] Processed 1001 reads in 0.768 CPU sec, 0.101 real sec
206488 [main] INFO main.java.edu.mit.compbio.bisulfitehic.mapping.Bhmem  - Processing reads 677000 ...
206488 [main] INFO main.java.edu.mit.compbio.bisulfitehic.mapping.Bhmem  - Unique mapped and paired reads 669790 ...
206491 [main] INFO main.java.edu.mit.compbio.bisulfitehic.mapping.Bhmem  - Processing reads 678000 ...
206491 [main] INFO main.java.edu.mit.compbio.bisulfitehic.mapping.Bhmem  - Unique mapped and paired reads 669790 ...
[M::mem_process_seqs] Processed 1001 reads in 0.801 CPU sec, 0.118 real sec
[M::mem_process_seqs] Processed 1001 reads in 0.710 CPU sec, 0.113 real sec
[M::mem_process_seqs] Processed 1001 reads in 0.805 CPU sec, 0.116 real sec
[M::mem_process_seqs] Processed 1001 reads in 0.861 CPU sec, 0.141 real sec
207113 [main] INFO main.java.edu.mit.compbio.bisulfitehic.mapping.Bhmem  - Processing reads 679000 ...
207113 [main] INFO main.java.edu.mit.compbio.bisulfitehic.mapping.Bhmem  - Unique mapped and paired reads 671780 ...
207116 [main] INFO main.java.edu.mit.compbio.bisulfitehic.mapping.Bhmem  - Processing reads 680000 ...
207116 [main] INFO main.java.edu.mit.compbio.bisulfitehic.mapping.Bhmem  - Unique mapped and paired reads 671780 ...
[M::mem_process_seqs] Processed 1001 reads in 0.793 CPU sec, 0.105 real sec
[M::mem_process_seqs] Processed 1001 reads in 0.715 CPU sec, 0.092 real sec
[M::mem_process_seqs] Processed 1001 reads in 0.779 CPU sec, 0.112 real sec
[M::mem_process_seqs] Processed 1001 reads in 0.760 CPU sec, 0.121 real sec
207676 [main] INFO main.java.edu.mit.compbio.bisulfitehic.mapping.Bhmem  - Processing reads 681000 ...
207676 [main] INFO main.java.edu.mit.compbio.bisulfitehic.mapping.Bhmem  - Unique mapped and paired reads 673762 ...
207679 [main] INFO main.java.edu.mit.compbio.bisulfitehic.mapping.Bhmem  - Processing reads 682000 ...
207679 [main] INFO main.java.edu.mit.compbio.bisulfitehic.mapping.Bhmem  - Unique mapped and paired reads 673762 ...
[M::mem_process_seqs] Processed 1001 reads in 0.745 CPU sec, 0.095 real sec
[M::mem_process_seqs] Processed 1001 reads in 0.750 CPU sec, 0.113 real sec
[M::mem_process_seqs] Processed 1001 reads in 0.812 CPU sec, 0.104 real sec
[M::mem_process_seqs] Processed 1001 reads in 0.790 CPU sec, 0.100 real sec
208217 [main] INFO main.java.edu.mit.compbio.bisulfitehic.mapping.Bhmem  - Processing reads 683000 ...
208217 [main] INFO main.java.edu.mit.compbio.bisulfitehic.mapping.Bhmem  - Unique mapped and paired reads 675744 ...
208220 [main] INFO main.java.edu.mit.compbio.bisulfitehic.mapping.Bhmem  - Processing reads 684000 ...
208220 [main] INFO main.java.edu.mit.compbio.bisulfitehic.mapping.Bhmem  - Unique mapped and paired reads 675744 ...
[M::mem_process_seqs] Processed 1001 reads in 0.770 CPU sec, 0.098 real sec
[M::mem_process_seqs] Processed 1001 reads in 0.681 CPU sec, 0.100 real sec
[M::mem_process_seqs] Processed 1001 reads in 0.795 CPU sec, 0.115 real sec
[M::mem_process_seqs] Processed 1001 reads in 0.800 CPU sec, 0.104 real sec
208767 [main] INFO main.java.edu.mit.compbio.bisulfitehic.mapping.Bhmem  - Processing reads 685000 ...
208767 [main] INFO main.java.edu.mit.compbio.bisulfitehic.mapping.Bhmem  - Unique mapped and paired reads 677730 ...
208770 [main] INFO main.java.edu.mit.compbio.bisulfitehic.mapping.Bhmem  - Processing reads 686000 ...
208770 [main] INFO main.java.edu.mit.compbio.bisulfitehic.mapping.Bhmem  - Unique mapped and paired reads 677730 ...
[M::mem_process_seqs] Processed 1001 reads in 0.720 CPU sec, 0.135 real sec
[M::mem_process_seqs] Processed 1001 reads in 0.695 CPU sec, 0.106 real sec
[M::mem_process_seqs] Processed 1001 reads in 0.730 CPU sec, 0.097 real sec
[M::mem_process_seqs] Processed 1001 reads in 0.750 CPU sec, 0.133 real sec
209366 [main] INFO main.java.edu.mit.compbio.bisulfitehic.mapping.Bhmem  - Processing reads 687000 ...
209366 [main] INFO main.java.edu.mit.compbio.bisulfitehic.mapping.Bhmem  - Unique mapped and paired reads 679718 ...
209369 [main] INFO main.java.edu.mit.compbio.bisulfitehic.mapping.Bhmem  - Processing reads 688000 ...
209369 [main] INFO main.java.edu.mit.compbio.bisulfitehic.mapping.Bhmem  - Unique mapped and paired reads 679718 ...
[M::mem_process_seqs] Processed 1001 reads in 0.781 CPU sec, 0.110 real sec
[M::mem_process_seqs] Processed 1001 reads in 0.717 CPU sec, 0.107 real sec
[M::mem_process_seqs] Processed 1001 reads in 0.787 CPU sec, 0.116 real sec
[M::mem_process_seqs] Processed 1001 reads in 0.805 CPU sec, 0.128 real sec
209959 [main] INFO main.java.edu.mit.compbio.bisulfitehic.mapping.Bhmem  - Processing reads 689000 ...
209959 [main] INFO main.java.edu.mit.compbio.bisulfitehic.mapping.Bhmem  - Unique mapped and paired reads 681696 ...
209962 [main] INFO main.java.edu.mit.compbio.bisulfitehic.mapping.Bhmem  - Processing reads 690000 ...
209962 [main] INFO main.java.edu.mit.compbio.bisulfitehic.mapping.Bhmem  - Unique mapped and paired reads 681696 ...
[M::mem_process_seqs] Processed 1001 reads in 0.720 CPU sec, 0.104 real sec
[M::mem_process_seqs] Processed 1001 reads in 0.675 CPU sec, 0.091 real sec
[M::mem_process_seqs] Processed 1001 reads in 0.814 CPU sec, 0.110 real sec
[M::mem_process_seqs] Processed 1001 reads in 0.774 CPU sec, 0.113 real sec
210506 [main] INFO main.java.edu.mit.compbio.bisulfitehic.mapping.Bhmem  - Processing reads 691000 ...
210506 [main] INFO main.java.edu.mit.compbio.bisulfitehic.mapping.Bhmem  - Unique mapped and paired reads 683682 ...
210509 [main] INFO main.java.edu.mit.compbio.bisulfitehic.mapping.Bhmem  - Processing reads 692000 ...
210509 [main] INFO main.java.edu.mit.compbio.bisulfitehic.mapping.Bhmem  - Unique mapped and paired reads 683682 ...
[M::mem_process_seqs] Processed 1001 reads in 0.739 CPU sec, 0.107 real sec
[M::mem_process_seqs] Processed 1001 reads in 0.684 CPU sec, 0.110 real sec
[M::mem_process_seqs] Processed 1001 reads in 0.775 CPU sec, 0.098 real sec
[M::mem_process_seqs] Processed 1001 reads in 0.781 CPU sec, 0.099 real sec
211049 [main] INFO main.java.edu.mit.compbio.bisulfitehic.mapping.Bhmem  - Processing reads 693000 ...
211049 [main] INFO main.java.edu.mit.compbio.bisulfitehic.mapping.Bhmem  - Unique mapped and paired reads 685664 ...
211052 [main] INFO main.java.edu.mit.compbio.bisulfitehic.mapping.Bhmem  - Processing reads 694000 ...
211052 [main] INFO main.java.edu.mit.compbio.bisulfitehic.mapping.Bhmem  - Unique mapped and paired reads 685664 ...
[M::mem_process_seqs] Processed 1001 reads in 0.745 CPU sec, 0.095 real sec
[M::mem_process_seqs] Processed 1001 reads in 0.714 CPU sec, 0.093 real sec
[M::mem_process_seqs] Processed 1001 reads in 0.763 CPU sec, 0.097 real sec
[M::mem_process_seqs] Processed 1001 reads in 0.777 CPU sec, 0.100 real sec
211568 [main] INFO main.java.edu.mit.compbio.bisulfitehic.mapping.Bhmem  - Processing reads 695000 ...
211568 [main] INFO main.java.edu.mit.compbio.bisulfitehic.mapping.Bhmem  - Unique mapped and paired reads 687660 ...
211571 [main] INFO main.java.edu.mit.compbio.bisulfitehic.mapping.Bhmem  - Processing reads 696000 ...
211571 [main] INFO main.java.edu.mit.compbio.bisulfitehic.mapping.Bhmem  - Unique mapped and paired reads 687660 ...
[M::mem_process_seqs] Processed 1001 reads in 0.777 CPU sec, 0.099 real sec
[M::mem_process_seqs] Processed 1001 reads in 0.689 CPU sec, 0.094 real sec
[M::mem_process_seqs] Processed 1001 reads in 0.743 CPU sec, 0.095 real sec
[M::mem_process_seqs] Processed 1001 reads in 0.723 CPU sec, 0.105 real sec
212105 [main] INFO main.java.edu.mit.compbio.bisulfitehic.mapping.Bhmem  - Processing reads 697000 ...
212105 [main] INFO main.java.edu.mit.compbio.bisulfitehic.mapping.Bhmem  - Unique mapped and paired reads 689644 ...
212108 [main] INFO main.java.edu.mit.compbio.bisulfitehic.mapping.Bhmem  - Processing reads 698000 ...
212108 [main] INFO main.java.edu.mit.compbio.bisulfitehic.mapping.Bhmem  - Unique mapped and paired reads 689644 ...
[M::mem_process_seqs] Processed 1001 reads in 0.770 CPU sec, 0.101 real sec
[M::mem_process_seqs] Processed 1001 reads in 0.688 CPU sec, 0.089 real sec
[M::mem_process_seqs] Processed 1001 reads in 0.793 CPU sec, 0.116 real sec
[M::mem_process_seqs] Processed 1001 reads in 0.811 CPU sec, 0.108 real sec
212653 [main] INFO main.java.edu.mit.compbio.bisulfitehic.mapping.Bhmem  - Processing reads 699000 ...
212653 [main] INFO main.java.edu.mit.compbio.bisulfitehic.mapping.Bhmem  - Unique mapped and paired reads 691628 ...
212656 [main] INFO main.java.edu.mit.compbio.bisulfitehic.mapping.Bhmem  - Processing reads 700000 ...
212656 [main] INFO main.java.edu.mit.compbio.bisulfitehic.mapping.Bhmem  - Unique mapped and paired reads 691628 ...
[M::mem_process_seqs] Processed 1001 reads in 0.788 CPU sec, 0.100 real sec
[M::mem_process_seqs] Processed 1001 reads in 0.697 CPU sec, 0.101 real sec
[M::mem_process_seqs] Processed 1001 reads in 0.777 CPU sec, 0.125 real sec
[M::mem_process_seqs] Processed 1001 reads in 0.749 CPU sec, 0.129 real sec
213236 [main] INFO main.java.edu.mit.compbio.bisulfitehic.mapping.Bhmem  - Processing reads 701000 ...
213236 [main] INFO main.java.edu.mit.compbio.bisulfitehic.mapping.Bhmem  - Unique mapped and paired reads 693604 ...
213239 [main] INFO main.java.edu.mit.compbio.bisulfitehic.mapping.Bhmem  - Processing reads 702000 ...
213239 [main] INFO main.java.edu.mit.compbio.bisulfitehic.mapping.Bhmem  - Unique mapped and paired reads 693604 ...
[M::mem_process_seqs] Processed 1001 reads in 0.721 CPU sec, 0.103 real sec
[M::mem_process_seqs] Processed 1001 reads in 0.648 CPU sec, 0.112 real sec
[M::mem_process_seqs] Processed 1001 reads in 0.752 CPU sec, 0.121 real sec
[M::mem_process_seqs] Processed 1001 reads in 0.745 CPU sec, 0.095 real sec
213799 [main] INFO main.java.edu.mit.compbio.bisulfitehic.mapping.Bhmem  - Processing reads 703000 ...
213799 [main] INFO main.java.edu.mit.compbio.bisulfitehic.mapping.Bhmem  - Unique mapped and paired reads 695592 ...
213802 [main] INFO main.java.edu.mit.compbio.bisulfitehic.mapping.Bhmem  - Processing reads 704000 ...
213802 [main] INFO main.java.edu.mit.compbio.bisulfitehic.mapping.Bhmem  - Unique mapped and paired reads 695592 ...
[M::mem_process_seqs] Processed 1001 reads in 0.788 CPU sec, 0.107 real sec
[M::mem_process_seqs] Processed 1001 reads in 0.662 CPU sec, 0.096 real sec
[M::mem_process_seqs] Processed 1001 reads in 0.784 CPU sec, 0.102 real sec
[M::mem_process_seqs] Processed 1001 reads in 0.741 CPU sec, 0.141 real sec
214379 [main] INFO main.java.edu.mit.compbio.bisulfitehic.mapping.Bhmem  - Processing reads 705000 ...
214379 [main] INFO main.java.edu.mit.compbio.bisulfitehic.mapping.Bhmem  - Unique mapped and paired reads 697588 ...
214382 [main] INFO main.java.edu.mit.compbio.bisulfitehic.mapping.Bhmem  - Processing reads 706000 ...
214382 [main] INFO main.java.edu.mit.compbio.bisulfitehic.mapping.Bhmem  - Unique mapped and paired reads 697588 ...
[M::mem_process_seqs] Processed 1001 reads in 0.849 CPU sec, 0.124 real sec
[M::mem_process_seqs] Processed 1001 reads in 0.747 CPU sec, 0.094 real sec
[M::mem_process_seqs] Processed 1001 reads in 0.866 CPU sec, 0.114 real sec
[M::mem_process_seqs] Processed 1001 reads in 0.793 CPU sec, 0.124 real sec
214969 [main] INFO main.java.edu.mit.compbio.bisulfitehic.mapping.Bhmem  - Processing reads 707000 ...
214969 [main] INFO main.java.edu.mit.compbio.bisulfitehic.mapping.Bhmem  - Unique mapped and paired reads 699566 ...
214972 [main] INFO main.java.edu.mit.compbio.bisulfitehic.mapping.Bhmem  - Processing reads 708000 ...
214972 [main] INFO main.java.edu.mit.compbio.bisulfitehic.mapping.Bhmem  - Unique mapped and paired reads 699566 ...
[M::mem_process_seqs] Processed 1001 reads in 0.778 CPU sec, 0.100 real sec
[M::mem_process_seqs] Processed 1001 reads in 0.694 CPU sec, 0.121 real sec
[M::mem_process_seqs] Processed 1001 reads in 0.827 CPU sec, 0.108 real sec
[M::mem_process_seqs] Processed 1001 reads in 0.687 CPU sec, 0.141 real sec
215571 [main] INFO main.java.edu.mit.compbio.bisulfitehic.mapping.Bhmem  - Processing reads 709000 ...
215571 [main] INFO main.java.edu.mit.compbio.bisulfitehic.mapping.Bhmem  - Unique mapped and paired reads 701540 ...
215616 [main] INFO main.java.edu.mit.compbio.bisulfitehic.mapping.Bhmem  - Processing reads 710000 ...
215616 [main] INFO main.java.edu.mit.compbio.bisulfitehic.mapping.Bhmem  - Unique mapped and paired reads 701540 ...
[M::mem_process_seqs] Processed 1001 reads in 0.734 CPU sec, 0.154 real sec
[M::mem_process_seqs] Processed 1001 reads in 0.669 CPU sec, 0.135 real sec
[M::mem_process_seqs] Processed 1001 reads in 0.778 CPU sec, 0.157 real sec
[M::mem_process_seqs] Processed 1001 reads in 0.759 CPU sec, 0.153 real sec
216357 [main] INFO main.java.edu.mit.compbio.bisulfitehic.mapping.Bhmem  - Processing reads 711000 ...
216357 [main] INFO main.java.edu.mit.compbio.bisulfitehic.mapping.Bhmem  - Unique mapped and paired reads 703516 ...
216360 [main] INFO main.java.edu.mit.compbio.bisulfitehic.mapping.Bhmem  - Processing reads 712000 ...
216360 [main] INFO main.java.edu.mit.compbio.bisulfitehic.mapping.Bhmem  - Unique mapped and paired reads 703516 ...
[M::mem_process_seqs] Processed 1001 reads in 0.717 CPU sec, 0.129 real sec
[M::mem_process_seqs] Processed 1001 reads in 0.740 CPU sec, 0.104 real sec
[M::mem_process_seqs] Processed 1001 reads in 0.788 CPU sec, 0.101 real sec
[M::mem_process_seqs] Processed 1001 reads in 0.759 CPU sec, 0.156 real sec
216976 [main] INFO main.java.edu.mit.compbio.bisulfitehic.mapping.Bhmem  - Processing reads 713000 ...
216976 [main] INFO main.java.edu.mit.compbio.bisulfitehic.mapping.Bhmem  - Unique mapped and paired reads 705500 ...
216979 [main] INFO main.java.edu.mit.compbio.bisulfitehic.mapping.Bhmem  - Processing reads 714000 ...
216979 [main] INFO main.java.edu.mit.compbio.bisulfitehic.mapping.Bhmem  - Unique mapped and paired reads 705500 ...
[M::mem_process_seqs] Processed 1001 reads in 0.739 CPU sec, 0.110 real sec
[M::mem_process_seqs] Processed 1001 reads in 0.715 CPU sec, 0.115 real sec
[M::mem_process_seqs] Processed 1001 reads in 0.811 CPU sec, 0.134 real sec
[M::mem_process_seqs] Processed 1001 reads in 0.807 CPU sec, 0.124 real sec
217601 [main] INFO main.java.edu.mit.compbio.bisulfitehic.mapping.Bhmem  - Processing reads 715000 ...
217601 [main] INFO main.java.edu.mit.compbio.bisulfitehic.mapping.Bhmem  - Unique mapped and paired reads 707492 ...
217604 [main] INFO main.java.edu.mit.compbio.bisulfitehic.mapping.Bhmem  - Processing reads 716000 ...
217604 [main] INFO main.java.edu.mit.compbio.bisulfitehic.mapping.Bhmem  - Unique mapped and paired reads 707492 ...
[M::mem_process_seqs] Processed 1001 reads in 0.747 CPU sec, 0.109 real sec
[M::mem_process_seqs] Processed 1001 reads in 0.632 CPU sec, 0.110 real sec
[M::mem_process_seqs] Processed 1001 reads in 0.785 CPU sec, 0.139 real sec
[M::mem_process_seqs] Processed 1001 reads in 0.735 CPU sec, 0.123 real sec
218218 [main] INFO main.java.edu.mit.compbio.bisulfitehic.mapping.Bhmem  - Processing reads 717000 ...
218218 [main] INFO main.java.edu.mit.compbio.bisulfitehic.mapping.Bhmem  - Unique mapped and paired reads 709478 ...
218221 [main] INFO main.java.edu.mit.compbio.bisulfitehic.mapping.Bhmem  - Processing reads 718000 ...
218221 [main] INFO main.java.edu.mit.compbio.bisulfitehic.mapping.Bhmem  - Unique mapped and paired reads 709478 ...
[M::mem_process_seqs] Processed 1001 reads in 0.788 CPU sec, 0.107 real sec
[M::mem_process_seqs] Processed 1001 reads in 0.677 CPU sec, 0.088 real sec
[M::mem_process_seqs] Processed 1001 reads in 0.787 CPU sec, 0.122 real sec
[M::mem_process_seqs] Processed 1001 reads in 0.773 CPU sec, 0.098 real sec
218763 [main] INFO main.java.edu.mit.compbio.bisulfitehic.mapping.Bhmem  - Processing reads 719000 ...
218763 [main] INFO main.java.edu.mit.compbio.bisulfitehic.mapping.Bhmem  - Unique mapped and paired reads 711454 ...
218766 [main] INFO main.java.edu.mit.compbio.bisulfitehic.mapping.Bhmem  - Processing reads 720000 ...
218766 [main] INFO main.java.edu.mit.compbio.bisulfitehic.mapping.Bhmem  - Unique mapped and paired reads 711454 ...
[M::mem_process_seqs] Processed 1001 reads in 0.708 CPU sec, 0.093 real sec
[M::mem_process_seqs] Processed 1001 reads in 0.667 CPU sec, 0.086 real sec
[M::mem_process_seqs] Processed 1001 reads in 0.722 CPU sec, 0.125 real sec
[M::mem_process_seqs] Processed 1001 reads in 0.778 CPU sec, 0.099 real sec
219298 [main] INFO main.java.edu.mit.compbio.bisulfitehic.mapping.Bhmem  - Processing reads 721000 ...
219298 [main] INFO main.java.edu.mit.compbio.bisulfitehic.mapping.Bhmem  - Unique mapped and paired reads 713430 ...
219301 [main] INFO main.java.edu.mit.compbio.bisulfitehic.mapping.Bhmem  - Processing reads 722000 ...
219301 [main] INFO main.java.edu.mit.compbio.bisulfitehic.mapping.Bhmem  - Unique mapped and paired reads 713430 ...
[M::mem_process_seqs] Processed 1001 reads in 0.804 CPU sec, 0.103 real sec
[M::mem_process_seqs] Processed 1001 reads in 0.725 CPU sec, 0.095 real sec
[M::mem_process_seqs] Processed 1001 reads in 0.850 CPU sec, 0.111 real sec
[M::mem_process_seqs] Processed 1001 reads in 0.801 CPU sec, 0.103 real sec
219850 [main] INFO main.java.edu.mit.compbio.bisulfitehic.mapping.Bhmem  - Processing reads 723000 ...
219851 [main] INFO main.java.edu.mit.compbio.bisulfitehic.mapping.Bhmem  - Unique mapped and paired reads 715408 ...
219853 [main] INFO main.java.edu.mit.compbio.bisulfitehic.mapping.Bhmem  - Processing reads 724000 ...
219854 [main] INFO main.java.edu.mit.compbio.bisulfitehic.mapping.Bhmem  - Unique mapped and paired reads 715408 ...
[M::mem_process_seqs] Processed 1001 reads in 0.744 CPU sec, 0.099 real sec
[M::mem_process_seqs] Processed 1001 reads in 0.592 CPU sec, 0.080 real sec
[M::mem_process_seqs] Processed 1001 reads in 0.777 CPU sec, 0.121 real sec
[M::mem_process_seqs] Processed 1001 reads in 0.722 CPU sec, 0.095 real sec
220377 [main] INFO main.java.edu.mit.compbio.bisulfitehic.mapping.Bhmem  - Processing reads 725000 ...
220377 [main] INFO main.java.edu.mit.compbio.bisulfitehic.mapping.Bhmem  - Unique mapped and paired reads 717394 ...
220380 [main] INFO main.java.edu.mit.compbio.bisulfitehic.mapping.Bhmem  - Processing reads 726000 ...
220380 [main] INFO main.java.edu.mit.compbio.bisulfitehic.mapping.Bhmem  - Unique mapped and paired reads 717394 ...
[M::mem_process_seqs] Processed 1001 reads in 0.680 CPU sec, 0.140 real sec
[M::mem_process_seqs] Processed 1001 reads in 0.666 CPU sec, 0.105 real sec
[M::mem_process_seqs] Processed 1001 reads in 0.715 CPU sec, 0.104 real sec
[M::mem_process_seqs] Processed 1001 reads in 0.716 CPU sec, 0.095 real sec
220949 [main] INFO main.java.edu.mit.compbio.bisulfitehic.mapping.Bhmem  - Processing reads 727000 ...
220949 [main] INFO main.java.edu.mit.compbio.bisulfitehic.mapping.Bhmem  - Unique mapped and paired reads 719368 ...
220952 [main] INFO main.java.edu.mit.compbio.bisulfitehic.mapping.Bhmem  - Processing reads 728000 ...
220952 [main] INFO main.java.edu.mit.compbio.bisulfitehic.mapping.Bhmem  - Unique mapped and paired reads 719368 ...
[M::mem_process_seqs] Processed 1001 reads in 0.817 CPU sec, 0.117 real sec
[M::mem_process_seqs] Processed 1001 reads in 0.682 CPU sec, 0.102 real sec
[M::mem_process_seqs] Processed 1001 reads in 0.809 CPU sec, 0.117 real sec
[M::mem_process_seqs] Processed 1001 reads in 0.799 CPU sec, 0.116 real sec
221581 [main] INFO main.java.edu.mit.compbio.bisulfitehic.mapping.Bhmem  - Processing reads 729000 ...
221581 [main] INFO main.java.edu.mit.compbio.bisulfitehic.mapping.Bhmem  - Unique mapped and paired reads 721352 ...
221585 [main] INFO main.java.edu.mit.compbio.bisulfitehic.mapping.Bhmem  - Processing reads 730000 ...
221585 [main] INFO main.java.edu.mit.compbio.bisulfitehic.mapping.Bhmem  - Unique mapped and paired reads 721352 ...
[M::mem_process_seqs] Processed 1001 reads in 0.669 CPU sec, 0.136 real sec
[M::mem_process_seqs] Processed 1001 reads in 0.637 CPU sec, 0.117 real sec
[M::mem_process_seqs] Processed 1001 reads in 0.852 CPU sec, 0.117 real sec
[M::mem_process_seqs] Processed 1001 reads in 0.804 CPU sec, 0.118 real sec
222203 [main] INFO main.java.edu.mit.compbio.bisulfitehic.mapping.Bhmem  - Processing reads 731000 ...
222203 [main] INFO main.java.edu.mit.compbio.bisulfitehic.mapping.Bhmem  - Unique mapped and paired reads 723326 ...
222206 [main] INFO main.java.edu.mit.compbio.bisulfitehic.mapping.Bhmem  - Processing reads 732000 ...
222206 [main] INFO main.java.edu.mit.compbio.bisulfitehic.mapping.Bhmem  - Unique mapped and paired reads 723326 ...
[M::mem_process_seqs] Processed 1001 reads in 0.756 CPU sec, 0.096 real sec
[M::mem_process_seqs] Processed 1001 reads in 0.684 CPU sec, 0.087 real sec
[M::mem_process_seqs] Processed 1001 reads in 0.724 CPU sec, 0.096 real sec
[M::mem_process_seqs] Processed 1001 reads in 0.752 CPU sec, 0.143 real sec
222765 [main] INFO main.java.edu.mit.compbio.bisulfitehic.mapping.Bhmem  - Processing reads 733000 ...
222765 [main] INFO main.java.edu.mit.compbio.bisulfitehic.mapping.Bhmem  - Unique mapped and paired reads 725306 ...
222768 [main] INFO main.java.edu.mit.compbio.bisulfitehic.mapping.Bhmem  - Processing reads 734000 ...
222768 [main] INFO main.java.edu.mit.compbio.bisulfitehic.mapping.Bhmem  - Unique mapped and paired reads 725306 ...
[M::mem_process_seqs] Processed 1001 reads in 0.746 CPU sec, 0.135 real sec
[M::mem_process_seqs] Processed 1001 reads in 0.693 CPU sec, 0.089 real sec
[M::mem_process_seqs] Processed 1001 reads in 0.884 CPU sec, 0.135 real sec
[M::mem_process_seqs] Processed 1001 reads in 0.806 CPU sec, 0.109 real sec
223367 [main] INFO main.java.edu.mit.compbio.bisulfitehic.mapping.Bhmem  - Processing reads 735000 ...
223367 [main] INFO main.java.edu.mit.compbio.bisulfitehic.mapping.Bhmem  - Unique mapped and paired reads 727286 ...
223370 [main] INFO main.java.edu.mit.compbio.bisulfitehic.mapping.Bhmem  - Processing reads 736000 ...
223370 [main] INFO main.java.edu.mit.compbio.bisulfitehic.mapping.Bhmem  - Unique mapped and paired reads 727286 ...
[M::mem_process_seqs] Processed 1001 reads in 0.797 CPU sec, 0.102 real sec
[M::mem_process_seqs] Processed 1001 reads in 0.695 CPU sec, 0.095 real sec
[M::mem_process_seqs] Processed 1001 reads in 0.860 CPU sec, 0.110 real sec
[M::mem_process_seqs] Processed 1001 reads in 0.821 CPU sec, 0.105 real sec
223913 [main] INFO main.java.edu.mit.compbio.bisulfitehic.mapping.Bhmem  - Processing reads 737000 ...
223913 [main] INFO main.java.edu.mit.compbio.bisulfitehic.mapping.Bhmem  - Unique mapped and paired reads 729258 ...
223916 [main] INFO main.java.edu.mit.compbio.bisulfitehic.mapping.Bhmem  - Processing reads 738000 ...
223916 [main] INFO main.java.edu.mit.compbio.bisulfitehic.mapping.Bhmem  - Unique mapped and paired reads 729258 ...
[M::mem_process_seqs] Processed 1001 reads in 0.761 CPU sec, 0.098 real sec
[M::mem_process_seqs] Processed 1001 reads in 0.712 CPU sec, 0.099 real sec
[M::mem_process_seqs] Processed 1001 reads in 0.802 CPU sec, 0.102 real sec
[M::mem_process_seqs] Processed 1001 reads in 0.774 CPU sec, 0.101 real sec
224454 [main] INFO main.java.edu.mit.compbio.bisulfitehic.mapping.Bhmem  - Processing reads 739000 ...
224454 [main] INFO main.java.edu.mit.compbio.bisulfitehic.mapping.Bhmem  - Unique mapped and paired reads 731238 ...
224457 [main] INFO main.java.edu.mit.compbio.bisulfitehic.mapping.Bhmem  - Processing reads 740000 ...
224457 [main] INFO main.java.edu.mit.compbio.bisulfitehic.mapping.Bhmem  - Unique mapped and paired reads 731238 ...
[M::mem_process_seqs] Processed 1001 reads in 0.780 CPU sec, 0.100 real sec
[M::mem_process_seqs] Processed 1001 reads in 0.697 CPU sec, 0.101 real sec
[M::mem_process_seqs] Processed 1001 reads in 0.818 CPU sec, 0.112 real sec
[M::mem_process_seqs] Processed 1001 reads in 0.826 CPU sec, 0.110 real sec
225013 [main] INFO main.java.edu.mit.compbio.bisulfitehic.mapping.Bhmem  - Processing reads 741000 ...
225013 [main] INFO main.java.edu.mit.compbio.bisulfitehic.mapping.Bhmem  - Unique mapped and paired reads 733226 ...
225016 [main] INFO main.java.edu.mit.compbio.bisulfitehic.mapping.Bhmem  - Processing reads 742000 ...
225016 [main] INFO main.java.edu.mit.compbio.bisulfitehic.mapping.Bhmem  - Unique mapped and paired reads 733226 ...
[M::mem_process_seqs] Processed 1001 reads in 0.798 CPU sec, 0.102 real sec
[M::mem_process_seqs] Processed 1001 reads in 0.656 CPU sec, 0.084 real sec
[M::mem_process_seqs] Processed 1001 reads in 0.922 CPU sec, 0.134 real sec
[M::mem_process_seqs] Processed 1001 reads in 0.794 CPU sec, 0.139 real sec
225604 [main] INFO main.java.edu.mit.compbio.bisulfitehic.mapping.Bhmem  - Processing reads 743000 ...
225604 [main] INFO main.java.edu.mit.compbio.bisulfitehic.mapping.Bhmem  - Unique mapped and paired reads 735210 ...
225607 [main] INFO main.java.edu.mit.compbio.bisulfitehic.mapping.Bhmem  - Processing reads 744000 ...
225607 [main] INFO main.java.edu.mit.compbio.bisulfitehic.mapping.Bhmem  - Unique mapped and paired reads 735210 ...
[M::mem_process_seqs] Processed 1001 reads in 0.736 CPU sec, 0.111 real sec
[M::mem_process_seqs] Processed 1001 reads in 0.666 CPU sec, 0.087 real sec
[M::mem_process_seqs] Processed 1001 reads in 0.808 CPU sec, 0.115 real sec
[M::mem_process_seqs] Processed 1001 reads in 0.826 CPU sec, 0.132 real sec
226183 [main] INFO main.java.edu.mit.compbio.bisulfitehic.mapping.Bhmem  - Processing reads 745000 ...
226183 [main] INFO main.java.edu.mit.compbio.bisulfitehic.mapping.Bhmem  - Unique mapped and paired reads 737202 ...
226186 [main] INFO main.java.edu.mit.compbio.bisulfitehic.mapping.Bhmem  - Processing reads 746000 ...
226186 [main] INFO main.java.edu.mit.compbio.bisulfitehic.mapping.Bhmem  - Unique mapped and paired reads 737202 ...
[M::mem_process_seqs] Processed 1001 reads in 0.771 CPU sec, 0.098 real sec
[M::mem_process_seqs] Processed 1001 reads in 0.630 CPU sec, 0.105 real sec
[M::mem_process_seqs] Processed 1001 reads in 0.805 CPU sec, 0.102 real sec
[M::mem_process_seqs] Processed 1001 reads in 0.750 CPU sec, 0.110 real sec
226736 [main] INFO main.java.edu.mit.compbio.bisulfitehic.mapping.Bhmem  - Processing reads 747000 ...
226736 [main] INFO main.java.edu.mit.compbio.bisulfitehic.mapping.Bhmem  - Unique mapped and paired reads 739188 ...
226739 [main] INFO main.java.edu.mit.compbio.bisulfitehic.mapping.Bhmem  - Processing reads 748000 ...
226739 [main] INFO main.java.edu.mit.compbio.bisulfitehic.mapping.Bhmem  - Unique mapped and paired reads 739188 ...
[M::mem_process_seqs] Processed 1001 reads in 0.768 CPU sec, 0.098 real sec
[M::mem_process_seqs] Processed 1001 reads in 0.720 CPU sec, 0.092 real sec
[M::mem_process_seqs] Processed 1001 reads in 0.766 CPU sec, 0.110 real sec
[M::mem_process_seqs] Processed 1001 reads in 0.796 CPU sec, 0.110 real sec
227286 [main] INFO main.java.edu.mit.compbio.bisulfitehic.mapping.Bhmem  - Processing reads 749000 ...
227286 [main] INFO main.java.edu.mit.compbio.bisulfitehic.mapping.Bhmem  - Unique mapped and paired reads 741164 ...
227290 [main] INFO main.java.edu.mit.compbio.bisulfitehic.mapping.Bhmem  - Processing reads 750000 ...
227290 [main] INFO main.java.edu.mit.compbio.bisulfitehic.mapping.Bhmem  - Unique mapped and paired reads 741164 ...
[M::mem_process_seqs] Processed 1001 reads in 0.782 CPU sec, 0.131 real sec
[M::mem_process_seqs] Processed 1001 reads in 0.739 CPU sec, 0.095 real sec
[M::mem_process_seqs] Processed 1001 reads in 0.793 CPU sec, 0.116 real sec
[M::mem_process_seqs] Processed 1001 reads in 0.791 CPU sec, 0.119 real sec
227886 [main] INFO main.java.edu.mit.compbio.bisulfitehic.mapping.Bhmem  - Processing reads 751000 ...
227886 [main] INFO main.java.edu.mit.compbio.bisulfitehic.mapping.Bhmem  - Unique mapped and paired reads 743146 ...
227889 [main] INFO main.java.edu.mit.compbio.bisulfitehic.mapping.Bhmem  - Processing reads 752000 ...
227889 [main] INFO main.java.edu.mit.compbio.bisulfitehic.mapping.Bhmem  - Unique mapped and paired reads 743146 ...
[M::mem_process_seqs] Processed 1001 reads in 0.769 CPU sec, 0.133 real sec
[M::mem_process_seqs] Processed 1001 reads in 0.841 CPU sec, 0.126 real sec
[M::mem_process_seqs] Processed 1001 reads in 0.822 CPU sec, 0.108 real sec
[M::mem_process_seqs] Processed 1001 reads in 0.775 CPU sec, 0.105 real sec
228503 [main] INFO main.java.edu.mit.compbio.bisulfitehic.mapping.Bhmem  - Processing reads 753000 ...
228503 [main] INFO main.java.edu.mit.compbio.bisulfitehic.mapping.Bhmem  - Unique mapped and paired reads 745128 ...
228506 [main] INFO main.java.edu.mit.compbio.bisulfitehic.mapping.Bhmem  - Processing reads 754000 ...
228506 [main] INFO main.java.edu.mit.compbio.bisulfitehic.mapping.Bhmem  - Unique mapped and paired reads 745128 ...
[M::mem_process_seqs] Processed 1001 reads in 0.758 CPU sec, 0.097 real sec
[M::mem_process_seqs] Processed 1001 reads in 0.662 CPU sec, 0.104 real sec
[M::mem_process_seqs] Processed 1001 reads in 0.762 CPU sec, 0.111 real sec
[M::mem_process_seqs] Processed 1001 reads in 0.733 CPU sec, 0.093 real sec
229042 [main] INFO main.java.edu.mit.compbio.bisulfitehic.mapping.Bhmem  - Processing reads 755000 ...
229043 [main] INFO main.java.edu.mit.compbio.bisulfitehic.mapping.Bhmem  - Unique mapped and paired reads 747106 ...
229045 [main] INFO main.java.edu.mit.compbio.bisulfitehic.mapping.Bhmem  - Processing reads 756000 ...
229046 [main] INFO main.java.edu.mit.compbio.bisulfitehic.mapping.Bhmem  - Unique mapped and paired reads 747106 ...
[M::mem_process_seqs] Processed 1001 reads in 0.828 CPU sec, 0.132 real sec
[M::mem_process_seqs] Processed 1001 reads in 0.738 CPU sec, 0.123 real sec
[M::mem_process_seqs] Processed 1001 reads in 0.942 CPU sec, 0.119 real sec
[M::mem_process_seqs] Processed 1001 reads in 0.873 CPU sec, 0.112 real sec
229669 [main] INFO main.java.edu.mit.compbio.bisulfitehic.mapping.Bhmem  - Processing reads 757000 ...
229669 [main] INFO main.java.edu.mit.compbio.bisulfitehic.mapping.Bhmem  - Unique mapped and paired reads 749096 ...
229672 [main] INFO main.java.edu.mit.compbio.bisulfitehic.mapping.Bhmem  - Processing reads 758000 ...
229672 [main] INFO main.java.edu.mit.compbio.bisulfitehic.mapping.Bhmem  - Unique mapped and paired reads 749096 ...
[M::mem_process_seqs] Processed 1001 reads in 0.801 CPU sec, 0.109 real sec
[M::mem_process_seqs] Processed 1001 reads in 0.655 CPU sec, 0.084 real sec
[M::mem_process_seqs] Processed 1001 reads in 0.805 CPU sec, 0.103 real sec
[M::mem_process_seqs] Processed 1001 reads in 0.816 CPU sec, 0.104 real sec
230204 [main] INFO main.java.edu.mit.compbio.bisulfitehic.mapping.Bhmem  - Processing reads 759000 ...
230204 [main] INFO main.java.edu.mit.compbio.bisulfitehic.mapping.Bhmem  - Unique mapped and paired reads 751072 ...
230207 [main] INFO main.java.edu.mit.compbio.bisulfitehic.mapping.Bhmem  - Processing reads 760000 ...
230207 [main] INFO main.java.edu.mit.compbio.bisulfitehic.mapping.Bhmem  - Unique mapped and paired reads 751072 ...
[M::mem_process_seqs] Processed 1001 reads in 0.753 CPU sec, 0.108 real sec
[M::mem_process_seqs] Processed 1001 reads in 0.678 CPU sec, 0.086 real sec
[M::mem_process_seqs] Processed 1001 reads in 0.793 CPU sec, 0.113 real sec
[M::mem_process_seqs] Processed 1001 reads in 0.794 CPU sec, 0.106 real sec
230750 [main] INFO main.java.edu.mit.compbio.bisulfitehic.mapping.Bhmem  - Processing reads 761000 ...
230750 [main] INFO main.java.edu.mit.compbio.bisulfitehic.mapping.Bhmem  - Unique mapped and paired reads 753064 ...
230753 [main] INFO main.java.edu.mit.compbio.bisulfitehic.mapping.Bhmem  - Processing reads 762000 ...
230753 [main] INFO main.java.edu.mit.compbio.bisulfitehic.mapping.Bhmem  - Unique mapped and paired reads 753064 ...
[M::mem_process_seqs] Processed 1001 reads in 0.844 CPU sec, 0.109 real sec
[M::mem_process_seqs] Processed 1001 reads in 0.756 CPU sec, 0.111 real sec
[M::mem_process_seqs] Processed 1001 reads in 0.893 CPU sec, 0.130 real sec
[M::mem_process_seqs] Processed 1001 reads in 0.816 CPU sec, 0.109 real sec
231357 [main] INFO main.java.edu.mit.compbio.bisulfitehic.mapping.Bhmem  - Processing reads 763000 ...
231357 [main] INFO main.java.edu.mit.compbio.bisulfitehic.mapping.Bhmem  - Unique mapped and paired reads 755046 ...
231360 [main] INFO main.java.edu.mit.compbio.bisulfitehic.mapping.Bhmem  - Processing reads 764000 ...
231360 [main] INFO main.java.edu.mit.compbio.bisulfitehic.mapping.Bhmem  - Unique mapped and paired reads 755046 ...
[M::mem_process_seqs] Processed 1001 reads in 0.759 CPU sec, 0.100 real sec
[M::mem_process_seqs] Processed 1001 reads in 0.650 CPU sec, 0.124 real sec
[M::mem_process_seqs] Processed 1001 reads in 0.857 CPU sec, 0.112 real sec
[M::mem_process_seqs] Processed 1001 reads in 0.799 CPU sec, 0.115 real sec
231944 [main] INFO main.java.edu.mit.compbio.bisulfitehic.mapping.Bhmem  - Processing reads 765000 ...
231944 [main] INFO main.java.edu.mit.compbio.bisulfitehic.mapping.Bhmem  - Unique mapped and paired reads 757038 ...
231947 [main] INFO main.java.edu.mit.compbio.bisulfitehic.mapping.Bhmem  - Processing reads 766000 ...
231947 [main] INFO main.java.edu.mit.compbio.bisulfitehic.mapping.Bhmem  - Unique mapped and paired reads 757038 ...
[M::mem_process_seqs] Processed 1001 reads in 0.785 CPU sec, 0.101 real sec
[M::mem_process_seqs] Processed 1001 reads in 0.725 CPU sec, 0.101 real sec
[M::mem_process_seqs] Processed 1001 reads in 0.866 CPU sec, 0.125 real sec
[M::mem_process_seqs] Processed 1001 reads in 0.882 CPU sec, 0.125 real sec
232538 [main] INFO main.java.edu.mit.compbio.bisulfitehic.mapping.Bhmem  - Processing reads 767000 ...
232538 [main] INFO main.java.edu.mit.compbio.bisulfitehic.mapping.Bhmem  - Unique mapped and paired reads 759010 ...
232541 [main] INFO main.java.edu.mit.compbio.bisulfitehic.mapping.Bhmem  - Processing reads 768000 ...
232542 [main] INFO main.java.edu.mit.compbio.bisulfitehic.mapping.Bhmem  - Unique mapped and paired reads 759010 ...
[M::mem_process_seqs] Processed 1001 reads in 0.850 CPU sec, 0.128 real sec
[M::mem_process_seqs] Processed 1001 reads in 0.756 CPU sec, 0.096 real sec
[M::mem_process_seqs] Processed 1001 reads in 0.871 CPU sec, 0.152 real sec
[M::mem_process_seqs] Processed 1001 reads in 0.939 CPU sec, 0.135 real sec
233194 [main] INFO main.java.edu.mit.compbio.bisulfitehic.mapping.Bhmem  - Processing reads 769000 ...
233194 [main] INFO main.java.edu.mit.compbio.bisulfitehic.mapping.Bhmem  - Unique mapped and paired reads 760994 ...
233197 [main] INFO main.java.edu.mit.compbio.bisulfitehic.mapping.Bhmem  - Processing reads 770000 ...
233197 [main] INFO main.java.edu.mit.compbio.bisulfitehic.mapping.Bhmem  - Unique mapped and paired reads 760994 ...
[M::mem_process_seqs] Processed 1001 reads in 0.812 CPU sec, 0.106 real sec
[M::mem_process_seqs] Processed 1001 reads in 0.730 CPU sec, 0.093 real sec
[M::mem_process_seqs] Processed 1001 reads in 0.842 CPU sec, 0.112 real sec
[M::mem_process_seqs] Processed 1001 reads in 0.836 CPU sec, 0.133 real sec
233784 [main] INFO main.java.edu.mit.compbio.bisulfitehic.mapping.Bhmem  - Processing reads 771000 ...
233784 [main] INFO main.java.edu.mit.compbio.bisulfitehic.mapping.Bhmem  - Unique mapped and paired reads 762970 ...
233787 [main] INFO main.java.edu.mit.compbio.bisulfitehic.mapping.Bhmem  - Processing reads 772000 ...
233787 [main] INFO main.java.edu.mit.compbio.bisulfitehic.mapping.Bhmem  - Unique mapped and paired reads 762970 ...
[M::mem_process_seqs] Processed 1001 reads in 0.856 CPU sec, 0.140 real sec
[M::mem_process_seqs] Processed 1001 reads in 0.820 CPU sec, 0.115 real sec
[M::mem_process_seqs] Processed 1001 reads in 0.888 CPU sec, 0.113 real sec
[M::mem_process_seqs] Processed 1001 reads in 0.879 CPU sec, 0.150 real sec
234460 [main] INFO main.java.edu.mit.compbio.bisulfitehic.mapping.Bhmem  - Processing reads 773000 ...
234460 [main] INFO main.java.edu.mit.compbio.bisulfitehic.mapping.Bhmem  - Unique mapped and paired reads 764966 ...
234463 [main] INFO main.java.edu.mit.compbio.bisulfitehic.mapping.Bhmem  - Processing reads 774000 ...
234463 [main] INFO main.java.edu.mit.compbio.bisulfitehic.mapping.Bhmem  - Unique mapped and paired reads 764966 ...
[M::mem_process_seqs] Processed 1001 reads in 0.786 CPU sec, 0.120 real sec
[M::mem_process_seqs] Processed 1001 reads in 0.757 CPU sec, 0.105 real sec
[M::mem_process_seqs] Processed 1001 reads in 0.819 CPU sec, 0.109 real sec
[M::mem_process_seqs] Processed 1001 reads in 0.845 CPU sec, 0.107 real sec
235052 [main] INFO main.java.edu.mit.compbio.bisulfitehic.mapping.Bhmem  - Processing reads 775000 ...
235052 [main] INFO main.java.edu.mit.compbio.bisulfitehic.mapping.Bhmem  - Unique mapped and paired reads 766960 ...
235057 [main] INFO main.java.edu.mit.compbio.bisulfitehic.mapping.Bhmem  - Processing reads 776000 ...
235057 [main] INFO main.java.edu.mit.compbio.bisulfitehic.mapping.Bhmem  - Unique mapped and paired reads 766960 ...
[M::mem_process_seqs] Processed 1001 reads in 0.743 CPU sec, 0.095 real sec
[M::mem_process_seqs] Processed 1001 reads in 0.605 CPU sec, 0.084 real sec
[M::mem_process_seqs] Processed 1001 reads in 0.784 CPU sec, 0.100 real sec
[M::mem_process_seqs] Processed 1001 reads in 0.713 CPU sec, 0.091 real sec
235556 [main] INFO main.java.edu.mit.compbio.bisulfitehic.mapping.Bhmem  - Processing reads 777000 ...
235557 [main] INFO main.java.edu.mit.compbio.bisulfitehic.mapping.Bhmem  - Unique mapped and paired reads 768936 ...
235560 [main] INFO main.java.edu.mit.compbio.bisulfitehic.mapping.Bhmem  - Processing reads 778000 ...
235560 [main] INFO main.java.edu.mit.compbio.bisulfitehic.mapping.Bhmem  - Unique mapped and paired reads 768936 ...
[M::mem_process_seqs] Processed 1001 reads in 0.677 CPU sec, 0.087 real sec
[M::mem_process_seqs] Processed 1001 reads in 0.578 CPU sec, 0.084 real sec
[M::mem_process_seqs] Processed 1001 reads in 0.827 CPU sec, 0.163 real sec
[M::mem_process_seqs] Processed 1001 reads in 0.699 CPU sec, 0.089 real sec
236118 [main] INFO main.java.edu.mit.compbio.bisulfitehic.mapping.Bhmem  - Processing reads 779000 ...
236118 [main] INFO main.java.edu.mit.compbio.bisulfitehic.mapping.Bhmem  - Unique mapped and paired reads 770912 ...
236120 [main] INFO main.java.edu.mit.compbio.bisulfitehic.mapping.Bhmem  - Processing reads 780000 ...
236120 [main] INFO main.java.edu.mit.compbio.bisulfitehic.mapping.Bhmem  - Unique mapped and paired reads 770912 ...
[M::mem_process_seqs] Processed 1001 reads in 0.682 CPU sec, 0.102 real sec
[M::mem_process_seqs] Processed 1001 reads in 0.670 CPU sec, 0.086 real sec
[M::mem_process_seqs] Processed 1001 reads in 0.754 CPU sec, 0.105 real sec
[M::mem_process_seqs] Processed 1001 reads in 0.785 CPU sec, 0.105 real sec
236641 [main] INFO main.java.edu.mit.compbio.bisulfitehic.mapping.Bhmem  - Processing reads 781000 ...
236641 [main] INFO main.java.edu.mit.compbio.bisulfitehic.mapping.Bhmem  - Unique mapped and paired reads 772876 ...
236644 [main] INFO main.java.edu.mit.compbio.bisulfitehic.mapping.Bhmem  - Processing reads 782000 ...
236644 [main] INFO main.java.edu.mit.compbio.bisulfitehic.mapping.Bhmem  - Unique mapped and paired reads 772876 ...
[M::mem_process_seqs] Processed 1001 reads in 0.715 CPU sec, 0.090 real sec
[M::mem_process_seqs] Processed 1001 reads in 0.644 CPU sec, 0.107 real sec
[M::mem_process_seqs] Processed 1001 reads in 0.746 CPU sec, 0.097 real sec
[M::mem_process_seqs] Processed 1001 reads in 0.725 CPU sec, 0.093 real sec
237155 [main] INFO main.java.edu.mit.compbio.bisulfitehic.mapping.Bhmem  - Processing reads 783000 ...
237155 [main] INFO main.java.edu.mit.compbio.bisulfitehic.mapping.Bhmem  - Unique mapped and paired reads 774860 ...
237158 [main] INFO main.java.edu.mit.compbio.bisulfitehic.mapping.Bhmem  - Processing reads 784000 ...
237158 [main] INFO main.java.edu.mit.compbio.bisulfitehic.mapping.Bhmem  - Unique mapped and paired reads 774860 ...
[M::mem_process_seqs] Processed 1001 reads in 0.806 CPU sec, 0.121 real sec
[M::mem_process_seqs] Processed 1001 reads in 0.687 CPU sec, 0.088 real sec
[M::mem_process_seqs] Processed 1001 reads in 0.843 CPU sec, 0.107 real sec
[M::mem_process_seqs] Processed 1001 reads in 0.786 CPU sec, 0.100 real sec
237703 [main] INFO main.java.edu.mit.compbio.bisulfitehic.mapping.Bhmem  - Processing reads 785000 ...
237703 [main] INFO main.java.edu.mit.compbio.bisulfitehic.mapping.Bhmem  - Unique mapped and paired reads 776846 ...
237706 [main] INFO main.java.edu.mit.compbio.bisulfitehic.mapping.Bhmem  - Processing reads 786000 ...
237706 [main] INFO main.java.edu.mit.compbio.bisulfitehic.mapping.Bhmem  - Unique mapped and paired reads 776846 ...
[M::mem_process_seqs] Processed 1001 reads in 0.637 CPU sec, 0.082 real sec
[M::mem_process_seqs] Processed 1001 reads in 0.610 CPU sec, 0.089 real sec
[M::mem_process_seqs] Processed 1001 reads in 0.705 CPU sec, 0.091 real sec
[M::mem_process_seqs] Processed 1001 reads in 0.655 CPU sec, 0.085 real sec
238173 [main] INFO main.java.edu.mit.compbio.bisulfitehic.mapping.Bhmem  - Processing reads 787000 ...
238173 [main] INFO main.java.edu.mit.compbio.bisulfitehic.mapping.Bhmem  - Unique mapped and paired reads 778828 ...
238176 [main] INFO main.java.edu.mit.compbio.bisulfitehic.mapping.Bhmem  - Processing reads 788000 ...
238176 [main] INFO main.java.edu.mit.compbio.bisulfitehic.mapping.Bhmem  - Unique mapped and paired reads 778828 ...
[M::mem_process_seqs] Processed 1001 reads in 0.675 CPU sec, 0.102 real sec
[M::mem_process_seqs] Processed 1001 reads in 0.585 CPU sec, 0.103 real sec
[M::mem_process_seqs] Processed 1001 reads in 0.775 CPU sec, 0.134 real sec
[M::mem_process_seqs] Processed 1001 reads in 0.675 CPU sec, 0.089 real sec
238723 [main] INFO main.java.edu.mit.compbio.bisulfitehic.mapping.Bhmem  - Processing reads 789000 ...
238723 [main] INFO main.java.edu.mit.compbio.bisulfitehic.mapping.Bhmem  - Unique mapped and paired reads 780802 ...
238726 [main] INFO main.java.edu.mit.compbio.bisulfitehic.mapping.Bhmem  - Processing reads 790000 ...
238726 [main] INFO main.java.edu.mit.compbio.bisulfitehic.mapping.Bhmem  - Unique mapped and paired reads 780802 ...
[M::mem_process_seqs] Processed 1001 reads in 0.673 CPU sec, 0.098 real sec
[M::mem_process_seqs] Processed 1001 reads in 0.599 CPU sec, 0.086 real sec
[M::mem_process_seqs] Processed 1001 reads in 0.784 CPU sec, 0.170 real sec
[M::mem_process_seqs] Processed 1001 reads in 0.692 CPU sec, 0.091 real sec
239296 [main] INFO main.java.edu.mit.compbio.bisulfitehic.mapping.Bhmem  - Processing reads 791000 ...
239296 [main] INFO main.java.edu.mit.compbio.bisulfitehic.mapping.Bhmem  - Unique mapped and paired reads 782786 ...
239299 [main] INFO main.java.edu.mit.compbio.bisulfitehic.mapping.Bhmem  - Processing reads 792000 ...
239299 [main] INFO main.java.edu.mit.compbio.bisulfitehic.mapping.Bhmem  - Unique mapped and paired reads 782786 ...
[M::mem_process_seqs] Processed 1001 reads in 0.700 CPU sec, 0.089 real sec
[M::mem_process_seqs] Processed 1001 reads in 0.638 CPU sec, 0.087 real sec
[M::mem_process_seqs] Processed 1001 reads in 0.744 CPU sec, 0.109 real sec
[M::mem_process_seqs] Processed 1001 reads in 0.689 CPU sec, 0.100 real sec
239802 [main] INFO main.java.edu.mit.compbio.bisulfitehic.mapping.Bhmem  - Processing reads 793000 ...
239802 [main] INFO main.java.edu.mit.compbio.bisulfitehic.mapping.Bhmem  - Unique mapped and paired reads 784770 ...
239805 [main] INFO main.java.edu.mit.compbio.bisulfitehic.mapping.Bhmem  - Processing reads 794000 ...
239805 [main] INFO main.java.edu.mit.compbio.bisulfitehic.mapping.Bhmem  - Unique mapped and paired reads 784770 ...
[M::mem_process_seqs] Processed 1001 reads in 0.683 CPU sec, 0.103 real sec
[M::mem_process_seqs] Processed 1001 reads in 0.606 CPU sec, 0.101 real sec
[M::mem_process_seqs] Processed 1001 reads in 0.747 CPU sec, 0.121 real sec
[M::mem_process_seqs] Processed 1001 reads in 0.725 CPU sec, 0.097 real sec
240351 [main] INFO main.java.edu.mit.compbio.bisulfitehic.mapping.Bhmem  - Processing reads 795000 ...
240351 [main] INFO main.java.edu.mit.compbio.bisulfitehic.mapping.Bhmem  - Unique mapped and paired reads 786746 ...
240380 [main] INFO main.java.edu.mit.compbio.bisulfitehic.mapping.Bhmem  - Processing reads 796000 ...
240380 [main] INFO main.java.edu.mit.compbio.bisulfitehic.mapping.Bhmem  - Unique mapped and paired reads 786746 ...
[M::mem_process_seqs] Processed 1001 reads in 0.668 CPU sec, 0.086 real sec
[M::mem_process_seqs] Processed 1001 reads in 0.573 CPU sec, 0.084 real sec
[M::mem_process_seqs] Processed 1001 reads in 0.689 CPU sec, 0.088 real sec
[M::mem_process_seqs] Processed 1001 reads in 0.639 CPU sec, 0.110 real sec
240869 [main] INFO main.java.edu.mit.compbio.bisulfitehic.mapping.Bhmem  - Processing reads 797000 ...
240869 [main] INFO main.java.edu.mit.compbio.bisulfitehic.mapping.Bhmem  - Unique mapped and paired reads 788724 ...
240872 [main] INFO main.java.edu.mit.compbio.bisulfitehic.mapping.Bhmem  - Processing reads 798000 ...
240872 [main] INFO main.java.edu.mit.compbio.bisulfitehic.mapping.Bhmem  - Unique mapped and paired reads 788724 ...
[M::mem_process_seqs] Processed 1001 reads in 0.689 CPU sec, 0.094 real sec
[M::mem_process_seqs] Processed 1001 reads in 0.636 CPU sec, 0.116 real sec
[M::mem_process_seqs] Processed 1001 reads in 0.711 CPU sec, 0.096 real sec
[M::mem_process_seqs] Processed 1001 reads in 0.702 CPU sec, 0.106 real sec
241424 [main] INFO main.java.edu.mit.compbio.bisulfitehic.mapping.Bhmem  - Processing reads 799000 ...
241424 [main] INFO main.java.edu.mit.compbio.bisulfitehic.mapping.Bhmem  - Unique mapped and paired reads 790704 ...
241428 [main] INFO main.java.edu.mit.compbio.bisulfitehic.mapping.Bhmem  - Processing reads 800000 ...
241428 [main] INFO main.java.edu.mit.compbio.bisulfitehic.mapping.Bhmem  - Unique mapped and paired reads 790704 ...
[M::mem_process_seqs] Processed 1001 reads in 0.727 CPU sec, 0.097 real sec
[M::mem_process_seqs] Processed 1001 reads in 0.662 CPU sec, 0.089 real sec
[M::mem_process_seqs] Processed 1001 reads in 0.733 CPU sec, 0.097 real sec
[M::mem_process_seqs] Processed 1001 reads in 0.714 CPU sec, 0.093 real sec
241924 [main] INFO main.java.edu.mit.compbio.bisulfitehic.mapping.Bhmem  - Processing reads 801000 ...
241924 [main] INFO main.java.edu.mit.compbio.bisulfitehic.mapping.Bhmem  - Unique mapped and paired reads 792694 ...
241927 [main] INFO main.java.edu.mit.compbio.bisulfitehic.mapping.Bhmem  - Processing reads 802000 ...
241927 [main] INFO main.java.edu.mit.compbio.bisulfitehic.mapping.Bhmem  - Unique mapped and paired reads 792694 ...
[M::mem_process_seqs] Processed 1001 reads in 0.658 CPU sec, 0.118 real sec
[M::mem_process_seqs] Processed 1001 reads in 0.662 CPU sec, 0.088 real sec
[M::mem_process_seqs] Processed 1001 reads in 0.720 CPU sec, 0.093 real sec
[M::mem_process_seqs] Processed 1001 reads in 0.700 CPU sec, 0.093 real sec
242446 [main] INFO main.java.edu.mit.compbio.bisulfitehic.mapping.Bhmem  - Processing reads 803000 ...
242446 [main] INFO main.java.edu.mit.compbio.bisulfitehic.mapping.Bhmem  - Unique mapped and paired reads 794678 ...
242449 [main] INFO main.java.edu.mit.compbio.bisulfitehic.mapping.Bhmem  - Processing reads 804000 ...
242449 [main] INFO main.java.edu.mit.compbio.bisulfitehic.mapping.Bhmem  - Unique mapped and paired reads 794678 ...
[M::mem_process_seqs] Processed 1001 reads in 0.642 CPU sec, 0.108 real sec
[M::mem_process_seqs] Processed 1001 reads in 0.606 CPU sec, 0.104 real sec
[M::mem_process_seqs] Processed 1001 reads in 0.729 CPU sec, 0.101 real sec
[M::mem_process_seqs] Processed 1001 reads in 0.635 CPU sec, 0.093 real sec
242977 [main] INFO main.java.edu.mit.compbio.bisulfitehic.mapping.Bhmem  - Processing reads 805000 ...
242977 [main] INFO main.java.edu.mit.compbio.bisulfitehic.mapping.Bhmem  - Unique mapped and paired reads 796660 ...
242980 [main] INFO main.java.edu.mit.compbio.bisulfitehic.mapping.Bhmem  - Processing reads 806000 ...
242980 [main] INFO main.java.edu.mit.compbio.bisulfitehic.mapping.Bhmem  - Unique mapped and paired reads 796660 ...
[M::mem_process_seqs] Processed 1001 reads in 0.756 CPU sec, 0.097 real sec
[M::mem_process_seqs] Processed 1001 reads in 0.738 CPU sec, 0.095 real sec
[M::mem_process_seqs] Processed 1001 reads in 0.762 CPU sec, 0.097 real sec
[M::mem_process_seqs] Processed 1001 reads in 0.757 CPU sec, 0.109 real sec
243505 [main] INFO main.java.edu.mit.compbio.bisulfitehic.mapping.Bhmem  - Processing reads 807000 ...
243505 [main] INFO main.java.edu.mit.compbio.bisulfitehic.mapping.Bhmem  - Unique mapped and paired reads 798638 ...
243508 [main] INFO main.java.edu.mit.compbio.bisulfitehic.mapping.Bhmem  - Processing reads 808000 ...
243508 [main] INFO main.java.edu.mit.compbio.bisulfitehic.mapping.Bhmem  - Unique mapped and paired reads 798638 ...
[M::mem_process_seqs] Processed 1001 reads in 0.732 CPU sec, 0.134 real sec
[M::mem_process_seqs] Processed 1001 reads in 0.704 CPU sec, 0.091 real sec
[M::mem_process_seqs] Processed 1001 reads in 0.747 CPU sec, 0.123 real sec
[M::mem_process_seqs] Processed 1001 reads in 0.749 CPU sec, 0.098 real sec
244081 [main] INFO main.java.edu.mit.compbio.bisulfitehic.mapping.Bhmem  - Processing reads 809000 ...
244081 [main] INFO main.java.edu.mit.compbio.bisulfitehic.mapping.Bhmem  - Unique mapped and paired reads 800624 ...
244084 [main] INFO main.java.edu.mit.compbio.bisulfitehic.mapping.Bhmem  - Processing reads 810000 ...
244084 [main] INFO main.java.edu.mit.compbio.bisulfitehic.mapping.Bhmem  - Unique mapped and paired reads 800624 ...
[M::mem_process_seqs] Processed 1001 reads in 0.707 CPU sec, 0.118 real sec
[M::mem_process_seqs] Processed 1001 reads in 0.658 CPU sec, 0.084 real sec
[M::mem_process_seqs] Processed 1001 reads in 0.776 CPU sec, 0.100 real sec
[M::mem_process_seqs] Processed 1001 reads in 0.762 CPU sec, 0.117 real sec
244629 [main] INFO main.java.edu.mit.compbio.bisulfitehic.mapping.Bhmem  - Processing reads 811000 ...
244629 [main] INFO main.java.edu.mit.compbio.bisulfitehic.mapping.Bhmem  - Unique mapped and paired reads 802614 ...
244632 [main] INFO main.java.edu.mit.compbio.bisulfitehic.mapping.Bhmem  - Processing reads 812000 ...
244632 [main] INFO main.java.edu.mit.compbio.bisulfitehic.mapping.Bhmem  - Unique mapped and paired reads 802614 ...
[M::mem_process_seqs] Processed 1001 reads in 0.674 CPU sec, 0.113 real sec
[M::mem_process_seqs] Processed 1001 reads in 0.674 CPU sec, 0.101 real sec
[M::mem_process_seqs] Processed 1001 reads in 0.734 CPU sec, 0.094 real sec
[M::mem_process_seqs] Processed 1001 reads in 0.715 CPU sec, 0.091 real sec
245158 [main] INFO main.java.edu.mit.compbio.bisulfitehic.mapping.Bhmem  - Processing reads 813000 ...
245158 [main] INFO main.java.edu.mit.compbio.bisulfitehic.mapping.Bhmem  - Unique mapped and paired reads 804594 ...
245161 [main] INFO main.java.edu.mit.compbio.bisulfitehic.mapping.Bhmem  - Processing reads 814000 ...
245161 [main] INFO main.java.edu.mit.compbio.bisulfitehic.mapping.Bhmem  - Unique mapped and paired reads 804594 ...
[M::mem_process_seqs] Processed 1001 reads in 0.712 CPU sec, 0.112 real sec
[M::mem_process_seqs] Processed 1001 reads in 0.651 CPU sec, 0.108 real sec
[M::mem_process_seqs] Processed 1001 reads in 0.758 CPU sec, 0.101 real sec
[M::mem_process_seqs] Processed 1001 reads in 0.780 CPU sec, 0.101 real sec
245710 [main] INFO main.java.edu.mit.compbio.bisulfitehic.mapping.Bhmem  - Processing reads 815000 ...
245710 [main] INFO main.java.edu.mit.compbio.bisulfitehic.mapping.Bhmem  - Unique mapped and paired reads 806570 ...
245713 [main] INFO main.java.edu.mit.compbio.bisulfitehic.mapping.Bhmem  - Processing reads 816000 ...
245713 [main] INFO main.java.edu.mit.compbio.bisulfitehic.mapping.Bhmem  - Unique mapped and paired reads 806570 ...
[M::mem_process_seqs] Processed 1001 reads in 0.760 CPU sec, 0.107 real sec
[M::mem_process_seqs] Processed 1001 reads in 0.655 CPU sec, 0.091 real sec
[M::mem_process_seqs] Processed 1001 reads in 0.808 CPU sec, 0.116 real sec
[M::mem_process_seqs] Processed 1001 reads in 0.767 CPU sec, 0.099 real sec
246256 [main] INFO main.java.edu.mit.compbio.bisulfitehic.mapping.Bhmem  - Processing reads 817000 ...
246256 [main] INFO main.java.edu.mit.compbio.bisulfitehic.mapping.Bhmem  - Unique mapped and paired reads 808556 ...
246259 [main] INFO main.java.edu.mit.compbio.bisulfitehic.mapping.Bhmem  - Processing reads 818000 ...
246259 [main] INFO main.java.edu.mit.compbio.bisulfitehic.mapping.Bhmem  - Unique mapped and paired reads 808556 ...
[M::mem_process_seqs] Processed 1001 reads in 0.669 CPU sec, 0.086 real sec
[M::mem_process_seqs] Processed 1001 reads in 0.635 CPU sec, 0.096 real sec
[M::mem_process_seqs] Processed 1001 reads in 0.703 CPU sec, 0.122 real sec
[M::mem_process_seqs] Processed 1001 reads in 0.744 CPU sec, 0.099 real sec
246785 [main] INFO main.java.edu.mit.compbio.bisulfitehic.mapping.Bhmem  - Processing reads 819000 ...
246785 [main] INFO main.java.edu.mit.compbio.bisulfitehic.mapping.Bhmem  - Unique mapped and paired reads 810538 ...
246788 [main] INFO main.java.edu.mit.compbio.bisulfitehic.mapping.Bhmem  - Processing reads 820000 ...
246788 [main] INFO main.java.edu.mit.compbio.bisulfitehic.mapping.Bhmem  - Unique mapped and paired reads 810538 ...
[M::mem_process_seqs] Processed 1001 reads in 0.664 CPU sec, 0.088 real sec
[M::mem_process_seqs] Processed 1001 reads in 0.595 CPU sec, 0.087 real sec
[M::mem_process_seqs] Processed 1001 reads in 0.693 CPU sec, 0.101 real sec
[M::mem_process_seqs] Processed 1001 reads in 0.644 CPU sec, 0.110 real sec
247316 [main] INFO main.java.edu.mit.compbio.bisulfitehic.mapping.Bhmem  - Processing reads 821000 ...
247316 [main] INFO main.java.edu.mit.compbio.bisulfitehic.mapping.Bhmem  - Unique mapped and paired reads 812526 ...
247319 [main] INFO main.java.edu.mit.compbio.bisulfitehic.mapping.Bhmem  - Processing reads 822000 ...
247319 [main] INFO main.java.edu.mit.compbio.bisulfitehic.mapping.Bhmem  - Unique mapped and paired reads 812526 ...
[M::mem_process_seqs] Processed 1001 reads in 0.655 CPU sec, 0.087 real sec
[M::mem_process_seqs] Processed 1001 reads in 0.609 CPU sec, 0.103 real sec
[M::mem_process_seqs] Processed 1001 reads in 0.722 CPU sec, 0.091 real sec
[M::mem_process_seqs] Processed 1001 reads in 0.656 CPU sec, 0.100 real sec
247819 [main] INFO main.java.edu.mit.compbio.bisulfitehic.mapping.Bhmem  - Processing reads 823000 ...
247819 [main] INFO main.java.edu.mit.compbio.bisulfitehic.mapping.Bhmem  - Unique mapped and paired reads 814508 ...
247822 [main] INFO main.java.edu.mit.compbio.bisulfitehic.mapping.Bhmem  - Processing reads 824000 ...
247822 [main] INFO main.java.edu.mit.compbio.bisulfitehic.mapping.Bhmem  - Unique mapped and paired reads 814508 ...
[M::mem_process_seqs] Processed 1001 reads in 0.729 CPU sec, 0.102 real sec
[M::mem_process_seqs] Processed 1001 reads in 0.618 CPU sec, 0.090 real sec
[M::mem_process_seqs] Processed 1001 reads in 0.728 CPU sec, 0.154 real sec
[M::mem_process_seqs] Processed 1001 reads in 0.752 CPU sec, 0.105 real sec
248404 [main] INFO main.java.edu.mit.compbio.bisulfitehic.mapping.Bhmem  - Processing reads 825000 ...
248404 [main] INFO main.java.edu.mit.compbio.bisulfitehic.mapping.Bhmem  - Unique mapped and paired reads 816484 ...
248407 [main] INFO main.java.edu.mit.compbio.bisulfitehic.mapping.Bhmem  - Processing reads 826000 ...
248407 [main] INFO main.java.edu.mit.compbio.bisulfitehic.mapping.Bhmem  - Unique mapped and paired reads 816484 ...
[M::mem_process_seqs] Processed 1001 reads in 0.789 CPU sec, 0.104 real sec
[M::mem_process_seqs] Processed 1001 reads in 0.702 CPU sec, 0.098 real sec
[M::mem_process_seqs] Processed 1001 reads in 0.802 CPU sec, 0.102 real sec
[M::mem_process_seqs] Processed 1001 reads in 0.753 CPU sec, 0.097 real sec
248941 [main] INFO main.java.edu.mit.compbio.bisulfitehic.mapping.Bhmem  - Processing reads 827000 ...
248942 [main] INFO main.java.edu.mit.compbio.bisulfitehic.mapping.Bhmem  - Unique mapped and paired reads 818470 ...
248944 [main] INFO main.java.edu.mit.compbio.bisulfitehic.mapping.Bhmem  - Processing reads 828000 ...
248945 [main] INFO main.java.edu.mit.compbio.bisulfitehic.mapping.Bhmem  - Unique mapped and paired reads 818470 ...
[M::mem_process_seqs] Processed 1001 reads in 0.769 CPU sec, 0.098 real sec
[M::mem_process_seqs] Processed 1001 reads in 0.636 CPU sec, 0.083 real sec
[M::mem_process_seqs] Processed 1001 reads in 0.700 CPU sec, 0.093 real sec
[M::mem_process_seqs] Processed 1001 reads in 0.676 CPU sec, 0.135 real sec
249525 [main] INFO main.java.edu.mit.compbio.bisulfitehic.mapping.Bhmem  - Processing reads 829000 ...
249525 [main] INFO main.java.edu.mit.compbio.bisulfitehic.mapping.Bhmem  - Unique mapped and paired reads 820454 ...
249533 [main] INFO main.java.edu.mit.compbio.bisulfitehic.mapping.Bhmem  - Processing reads 830000 ...
249533 [main] INFO main.java.edu.mit.compbio.bisulfitehic.mapping.Bhmem  - Unique mapped and paired reads 820454 ...
[M::mem_process_seqs] Processed 1001 reads in 0.694 CPU sec, 0.117 real sec
[M::mem_process_seqs] Processed 1001 reads in 0.630 CPU sec, 0.111 real sec
[M::mem_process_seqs] Processed 1001 reads in 0.837 CPU sec, 0.135 real sec
[M::mem_process_seqs] Processed 1001 reads in 0.742 CPU sec, 0.112 real sec
250131 [main] INFO main.java.edu.mit.compbio.bisulfitehic.mapping.Bhmem  - Processing reads 831000 ...
250131 [main] INFO main.java.edu.mit.compbio.bisulfitehic.mapping.Bhmem  - Unique mapped and paired reads 822438 ...
250134 [main] INFO main.java.edu.mit.compbio.bisulfitehic.mapping.Bhmem  - Processing reads 832000 ...
250134 [main] INFO main.java.edu.mit.compbio.bisulfitehic.mapping.Bhmem  - Unique mapped and paired reads 822438 ...
[M::mem_process_seqs] Processed 1001 reads in 0.749 CPU sec, 0.095 real sec
[M::mem_process_seqs] Processed 1001 reads in 0.705 CPU sec, 0.098 real sec
[M::mem_process_seqs] Processed 1001 reads in 0.876 CPU sec, 0.125 real sec
[M::mem_process_seqs] Processed 1001 reads in 0.773 CPU sec, 0.111 real sec
250708 [main] INFO main.java.edu.mit.compbio.bisulfitehic.mapping.Bhmem  - Processing reads 833000 ...
250708 [main] INFO main.java.edu.mit.compbio.bisulfitehic.mapping.Bhmem  - Unique mapped and paired reads 824420 ...
250711 [main] INFO main.java.edu.mit.compbio.bisulfitehic.mapping.Bhmem  - Processing reads 834000 ...
250711 [main] INFO main.java.edu.mit.compbio.bisulfitehic.mapping.Bhmem  - Unique mapped and paired reads 824420 ...
[M::mem_process_seqs] Processed 1001 reads in 0.665 CPU sec, 0.096 real sec
[M::mem_process_seqs] Processed 1001 reads in 0.581 CPU sec, 0.124 real sec
[M::mem_process_seqs] Processed 1001 reads in 0.741 CPU sec, 0.112 real sec
[M::mem_process_seqs] Processed 1001 reads in 0.701 CPU sec, 0.120 real sec
251295 [main] INFO main.java.edu.mit.compbio.bisulfitehic.mapping.Bhmem  - Processing reads 835000 ...
251295 [main] INFO main.java.edu.mit.compbio.bisulfitehic.mapping.Bhmem  - Unique mapped and paired reads 826398 ...
251298 [main] INFO main.java.edu.mit.compbio.bisulfitehic.mapping.Bhmem  - Processing reads 836000 ...
251298 [main] INFO main.java.edu.mit.compbio.bisulfitehic.mapping.Bhmem  - Unique mapped and paired reads 826398 ...
[M::mem_process_seqs] Processed 1001 reads in 0.686 CPU sec, 0.137 real sec
[M::mem_process_seqs] Processed 1001 reads in 0.739 CPU sec, 0.107 real sec
[M::mem_process_seqs] Processed 1001 reads in 0.850 CPU sec, 0.118 real sec
[M::mem_process_seqs] Processed 1001 reads in 0.798 CPU sec, 0.163 real sec
251950 [main] INFO main.java.edu.mit.compbio.bisulfitehic.mapping.Bhmem  - Processing reads 837000 ...
251950 [main] INFO main.java.edu.mit.compbio.bisulfitehic.mapping.Bhmem  - Unique mapped and paired reads 828386 ...
251953 [main] INFO main.java.edu.mit.compbio.bisulfitehic.mapping.Bhmem  - Processing reads 838000 ...
251953 [main] INFO main.java.edu.mit.compbio.bisulfitehic.mapping.Bhmem  - Unique mapped and paired reads 828386 ...
[M::mem_process_seqs] Processed 1001 reads in 0.752 CPU sec, 0.095 real sec
[M::mem_process_seqs] Processed 1001 reads in 0.622 CPU sec, 0.079 real sec
[M::mem_process_seqs] Processed 1001 reads in 0.730 CPU sec, 0.106 real sec
[M::mem_process_seqs] Processed 1001 reads in 0.692 CPU sec, 0.103 real sec
252456 [main] INFO main.java.edu.mit.compbio.bisulfitehic.mapping.Bhmem  - Processing reads 839000 ...
252456 [main] INFO main.java.edu.mit.compbio.bisulfitehic.mapping.Bhmem  - Unique mapped and paired reads 830356 ...
252459 [main] INFO main.java.edu.mit.compbio.bisulfitehic.mapping.Bhmem  - Processing reads 840000 ...
252459 [main] INFO main.java.edu.mit.compbio.bisulfitehic.mapping.Bhmem  - Unique mapped and paired reads 830356 ...
[M::mem_process_seqs] Processed 1001 reads in 0.702 CPU sec, 0.102 real sec
[M::mem_process_seqs] Processed 1001 reads in 0.612 CPU sec, 0.102 real sec
[M::mem_process_seqs] Processed 1001 reads in 0.760 CPU sec, 0.131 real sec
[M::mem_process_seqs] Processed 1001 reads in 0.794 CPU sec, 0.108 real sec
253029 [main] INFO main.java.edu.mit.compbio.bisulfitehic.mapping.Bhmem  - Processing reads 841000 ...
253029 [main] INFO main.java.edu.mit.compbio.bisulfitehic.mapping.Bhmem  - Unique mapped and paired reads 832332 ...
253032 [main] INFO main.java.edu.mit.compbio.bisulfitehic.mapping.Bhmem  - Processing reads 842000 ...
253032 [main] INFO main.java.edu.mit.compbio.bisulfitehic.mapping.Bhmem  - Unique mapped and paired reads 832332 ...
[M::mem_process_seqs] Processed 1001 reads in 0.742 CPU sec, 0.095 real sec
[M::mem_process_seqs] Processed 1001 reads in 0.644 CPU sec, 0.084 real sec
[M::mem_process_seqs] Processed 1001 reads in 0.744 CPU sec, 0.148 real sec
[M::mem_process_seqs] Processed 1001 reads in 0.710 CPU sec, 0.119 real sec
253605 [main] INFO main.java.edu.mit.compbio.bisulfitehic.mapping.Bhmem  - Processing reads 843000 ...
253605 [main] INFO main.java.edu.mit.compbio.bisulfitehic.mapping.Bhmem  - Unique mapped and paired reads 834314 ...
253607 [main] INFO main.java.edu.mit.compbio.bisulfitehic.mapping.Bhmem  - Processing reads 844000 ...
253607 [main] INFO main.java.edu.mit.compbio.bisulfitehic.mapping.Bhmem  - Unique mapped and paired reads 834314 ...
[M::mem_process_seqs] Processed 1001 reads in 0.662 CPU sec, 0.085 real sec
[M::mem_process_seqs] Processed 1001 reads in 0.535 CPU sec, 0.107 real sec
[M::mem_process_seqs] Processed 1001 reads in 0.710 CPU sec, 0.093 real sec
[M::mem_process_seqs] Processed 1001 reads in 0.650 CPU sec, 0.088 real sec
254109 [main] INFO main.java.edu.mit.compbio.bisulfitehic.mapping.Bhmem  - Processing reads 845000 ...
254109 [main] INFO main.java.edu.mit.compbio.bisulfitehic.mapping.Bhmem  - Unique mapped and paired reads 836296 ...
254111 [main] INFO main.java.edu.mit.compbio.bisulfitehic.mapping.Bhmem  - Processing reads 846000 ...
254111 [main] INFO main.java.edu.mit.compbio.bisulfitehic.mapping.Bhmem  - Unique mapped and paired reads 836296 ...
[M::mem_process_seqs] Processed 1001 reads in 0.768 CPU sec, 0.097 real sec
[M::mem_process_seqs] Processed 1001 reads in 0.631 CPU sec, 0.083 real sec
[M::mem_process_seqs] Processed 1001 reads in 0.836 CPU sec, 0.127 real sec
[M::mem_process_seqs] Processed 1001 reads in 0.833 CPU sec, 0.120 real sec
254666 [main] INFO main.java.edu.mit.compbio.bisulfitehic.mapping.Bhmem  - Processing reads 847000 ...
254666 [main] INFO main.java.edu.mit.compbio.bisulfitehic.mapping.Bhmem  - Unique mapped and paired reads 838284 ...
254668 [main] INFO main.java.edu.mit.compbio.bisulfitehic.mapping.Bhmem  - Processing reads 848000 ...
254668 [main] INFO main.java.edu.mit.compbio.bisulfitehic.mapping.Bhmem  - Unique mapped and paired reads 838284 ...
[M::mem_process_seqs] Processed 1001 reads in 0.745 CPU sec, 0.110 real sec
[M::mem_process_seqs] Processed 1001 reads in 0.653 CPU sec, 0.111 real sec
[M::mem_process_seqs] Processed 1001 reads in 0.767 CPU sec, 0.135 real sec
[M::mem_process_seqs] Processed 1001 reads in 0.837 CPU sec, 0.107 real sec
255256 [main] INFO main.java.edu.mit.compbio.bisulfitehic.mapping.Bhmem  - Processing reads 849000 ...
255256 [main] INFO main.java.edu.mit.compbio.bisulfitehic.mapping.Bhmem  - Unique mapped and paired reads 840270 ...
255259 [main] INFO main.java.edu.mit.compbio.bisulfitehic.mapping.Bhmem  - Processing reads 850000 ...
255259 [main] INFO main.java.edu.mit.compbio.bisulfitehic.mapping.Bhmem  - Unique mapped and paired reads 840270 ...
[M::mem_process_seqs] Processed 1001 reads in 0.768 CPU sec, 0.099 real sec
[M::mem_process_seqs] Processed 1001 reads in 0.722 CPU sec, 0.103 real sec
[M::mem_process_seqs] Processed 1001 reads in 0.797 CPU sec, 0.136 real sec
[M::mem_process_seqs] Processed 1001 reads in 0.804 CPU sec, 0.102 real sec
255827 [main] INFO main.java.edu.mit.compbio.bisulfitehic.mapping.Bhmem  - Processing reads 851000 ...
255828 [main] INFO main.java.edu.mit.compbio.bisulfitehic.mapping.Bhmem  - Unique mapped and paired reads 842250 ...
255830 [main] INFO main.java.edu.mit.compbio.bisulfitehic.mapping.Bhmem  - Processing reads 852000 ...
255830 [main] INFO main.java.edu.mit.compbio.bisulfitehic.mapping.Bhmem  - Unique mapped and paired reads 842250 ...
[M::mem_process_seqs] Processed 1001 reads in 0.739 CPU sec, 0.094 real sec
[M::mem_process_seqs] Processed 1001 reads in 0.699 CPU sec, 0.092 real sec
[M::mem_process_seqs] Processed 1001 reads in 0.816 CPU sec, 0.119 real sec
[M::mem_process_seqs] Processed 1001 reads in 0.759 CPU sec, 0.123 real sec
256383 [main] INFO main.java.edu.mit.compbio.bisulfitehic.mapping.Bhmem  - Processing reads 853000 ...
256384 [main] INFO main.java.edu.mit.compbio.bisulfitehic.mapping.Bhmem  - Unique mapped and paired reads 844230 ...
256386 [main] INFO main.java.edu.mit.compbio.bisulfitehic.mapping.Bhmem  - Processing reads 854000 ...
256386 [main] INFO main.java.edu.mit.compbio.bisulfitehic.mapping.Bhmem  - Unique mapped and paired reads 844230 ...
[M::mem_process_seqs] Processed 1001 reads in 0.777 CPU sec, 0.131 real sec
[M::mem_process_seqs] Processed 1001 reads in 0.745 CPU sec, 0.105 real sec
[M::mem_process_seqs] Processed 1001 reads in 0.785 CPU sec, 0.107 real sec
[M::mem_process_seqs] Processed 1001 reads in 0.776 CPU sec, 0.130 real sec
256993 [main] INFO main.java.edu.mit.compbio.bisulfitehic.mapping.Bhmem  - Processing reads 855000 ...
256993 [main] INFO main.java.edu.mit.compbio.bisulfitehic.mapping.Bhmem  - Unique mapped and paired reads 846218 ...
256996 [main] INFO main.java.edu.mit.compbio.bisulfitehic.mapping.Bhmem  - Processing reads 856000 ...
256996 [main] INFO main.java.edu.mit.compbio.bisulfitehic.mapping.Bhmem  - Unique mapped and paired reads 846218 ...
[M::mem_process_seqs] Processed 1001 reads in 0.799 CPU sec, 0.104 real sec
[M::mem_process_seqs] Processed 1001 reads in 0.789 CPU sec, 0.120 real sec
[M::mem_process_seqs] Processed 1001 reads in 0.865 CPU sec, 0.163 real sec
[M::mem_process_seqs] Processed 1001 reads in 0.872 CPU sec, 0.134 real sec
257648 [main] INFO main.java.edu.mit.compbio.bisulfitehic.mapping.Bhmem  - Processing reads 857000 ...
257648 [main] INFO main.java.edu.mit.compbio.bisulfitehic.mapping.Bhmem  - Unique mapped and paired reads 848198 ...
257651 [main] INFO main.java.edu.mit.compbio.bisulfitehic.mapping.Bhmem  - Processing reads 858000 ...
257651 [main] INFO main.java.edu.mit.compbio.bisulfitehic.mapping.Bhmem  - Unique mapped and paired reads 848198 ...
[M::mem_process_seqs] Processed 1001 reads in 0.716 CPU sec, 0.092 real sec
[M::mem_process_seqs] Processed 1001 reads in 0.621 CPU sec, 0.090 real sec
[M::mem_process_seqs] Processed 1001 reads in 0.739 CPU sec, 0.112 real sec
[M::mem_process_seqs] Processed 1001 reads in 0.720 CPU sec, 0.096 real sec
258166 [main] INFO main.java.edu.mit.compbio.bisulfitehic.mapping.Bhmem  - Processing reads 859000 ...
258166 [main] INFO main.java.edu.mit.compbio.bisulfitehic.mapping.Bhmem  - Unique mapped and paired reads 850186 ...
258169 [main] INFO main.java.edu.mit.compbio.bisulfitehic.mapping.Bhmem  - Processing reads 860000 ...
258169 [main] INFO main.java.edu.mit.compbio.bisulfitehic.mapping.Bhmem  - Unique mapped and paired reads 850186 ...
[M::mem_process_seqs] Processed 1001 reads in 0.719 CPU sec, 0.107 real sec
[M::mem_process_seqs] Processed 1001 reads in 0.651 CPU sec, 0.084 real sec
[M::mem_process_seqs] Processed 1001 reads in 0.732 CPU sec, 0.105 real sec
[M::mem_process_seqs] Processed 1001 reads in 0.775 CPU sec, 0.110 real sec
258697 [main] INFO main.java.edu.mit.compbio.bisulfitehic.mapping.Bhmem  - Processing reads 861000 ...
258697 [main] INFO main.java.edu.mit.compbio.bisulfitehic.mapping.Bhmem  - Unique mapped and paired reads 852170 ...
258700 [main] INFO main.java.edu.mit.compbio.bisulfitehic.mapping.Bhmem  - Processing reads 862000 ...
258700 [main] INFO main.java.edu.mit.compbio.bisulfitehic.mapping.Bhmem  - Unique mapped and paired reads 852170 ...
[M::mem_process_seqs] Processed 1001 reads in 0.691 CPU sec, 0.117 real sec
[M::mem_process_seqs] Processed 1001 reads in 0.684 CPU sec, 0.110 real sec
[M::mem_process_seqs] Processed 1001 reads in 0.807 CPU sec, 0.107 real sec
[M::mem_process_seqs] Processed 1001 reads in 0.773 CPU sec, 0.113 real sec
259280 [main] INFO main.java.edu.mit.compbio.bisulfitehic.mapping.Bhmem  - Processing reads 863000 ...
259280 [main] INFO main.java.edu.mit.compbio.bisulfitehic.mapping.Bhmem  - Unique mapped and paired reads 854142 ...
259283 [main] INFO main.java.edu.mit.compbio.bisulfitehic.mapping.Bhmem  - Processing reads 864000 ...
259283 [main] INFO main.java.edu.mit.compbio.bisulfitehic.mapping.Bhmem  - Unique mapped and paired reads 854142 ...
[M::mem_process_seqs] Processed 1001 reads in 0.702 CPU sec, 0.128 real sec
[M::mem_process_seqs] Processed 1001 reads in 0.621 CPU sec, 0.079 real sec
[M::mem_process_seqs] Processed 1001 reads in 0.712 CPU sec, 0.091 real sec
[M::mem_process_seqs] Processed 1001 reads in 0.694 CPU sec, 0.089 real sec
259793 [main] INFO main.java.edu.mit.compbio.bisulfitehic.mapping.Bhmem  - Processing reads 865000 ...
259794 [main] INFO main.java.edu.mit.compbio.bisulfitehic.mapping.Bhmem  - Unique mapped and paired reads 856124 ...
259796 [main] INFO main.java.edu.mit.compbio.bisulfitehic.mapping.Bhmem  - Processing reads 866000 ...
259796 [main] INFO main.java.edu.mit.compbio.bisulfitehic.mapping.Bhmem  - Unique mapped and paired reads 856124 ...
[M::mem_process_seqs] Processed 1001 reads in 0.732 CPU sec, 0.146 real sec
[M::mem_process_seqs] Processed 1001 reads in 0.728 CPU sec, 0.105 real sec
[M::mem_process_seqs] Processed 1001 reads in 0.834 CPU sec, 0.120 real sec
[M::mem_process_seqs] Processed 1001 reads in 0.778 CPU sec, 0.100 real sec
260400 [main] INFO main.java.edu.mit.compbio.bisulfitehic.mapping.Bhmem  - Processing reads 867000 ...
260400 [main] INFO main.java.edu.mit.compbio.bisulfitehic.mapping.Bhmem  - Unique mapped and paired reads 858100 ...
260403 [main] INFO main.java.edu.mit.compbio.bisulfitehic.mapping.Bhmem  - Processing reads 868000 ...
260403 [main] INFO main.java.edu.mit.compbio.bisulfitehic.mapping.Bhmem  - Unique mapped and paired reads 858100 ...
[M::mem_process_seqs] Processed 1001 reads in 0.737 CPU sec, 0.106 real sec
[M::mem_process_seqs] Processed 1001 reads in 0.677 CPU sec, 0.087 real sec
[M::mem_process_seqs] Processed 1001 reads in 0.825 CPU sec, 0.118 real sec
[M::mem_process_seqs] Processed 1001 reads in 0.744 CPU sec, 0.108 real sec
260950 [main] INFO main.java.edu.mit.compbio.bisulfitehic.mapping.Bhmem  - Processing reads 869000 ...
260950 [main] INFO main.java.edu.mit.compbio.bisulfitehic.mapping.Bhmem  - Unique mapped and paired reads 860074 ...
260953 [main] INFO main.java.edu.mit.compbio.bisulfitehic.mapping.Bhmem  - Processing reads 870000 ...
260953 [main] INFO main.java.edu.mit.compbio.bisulfitehic.mapping.Bhmem  - Unique mapped and paired reads 860074 ...
[M::mem_process_seqs] Processed 1001 reads in 0.746 CPU sec, 0.107 real sec
[M::mem_process_seqs] Processed 1001 reads in 0.654 CPU sec, 0.085 real sec
[M::mem_process_seqs] Processed 1001 reads in 0.783 CPU sec, 0.106 real sec
[M::mem_process_seqs] Processed 1001 reads in 0.774 CPU sec, 0.143 real sec
261524 [main] INFO main.java.edu.mit.compbio.bisulfitehic.mapping.Bhmem  - Processing reads 871000 ...
261524 [main] INFO main.java.edu.mit.compbio.bisulfitehic.mapping.Bhmem  - Unique mapped and paired reads 862064 ...
261527 [main] INFO main.java.edu.mit.compbio.bisulfitehic.mapping.Bhmem  - Processing reads 872000 ...
261527 [main] INFO main.java.edu.mit.compbio.bisulfitehic.mapping.Bhmem  - Unique mapped and paired reads 862064 ...
[M::mem_process_seqs] Processed 1001 reads in 0.738 CPU sec, 0.094 real sec
[M::mem_process_seqs] Processed 1001 reads in 0.643 CPU sec, 0.083 real sec
[M::mem_process_seqs] Processed 1001 reads in 0.779 CPU sec, 0.114 real sec
[M::mem_process_seqs] Processed 1001 reads in 0.722 CPU sec, 0.104 real sec
262046 [main] INFO main.java.edu.mit.compbio.bisulfitehic.mapping.Bhmem  - Processing reads 873000 ...
262046 [main] INFO main.java.edu.mit.compbio.bisulfitehic.mapping.Bhmem  - Unique mapped and paired reads 864028 ...
262049 [main] INFO main.java.edu.mit.compbio.bisulfitehic.mapping.Bhmem  - Processing reads 874000 ...
262049 [main] INFO main.java.edu.mit.compbio.bisulfitehic.mapping.Bhmem  - Unique mapped and paired reads 864028 ...
[M::mem_process_seqs] Processed 1001 reads in 0.761 CPU sec, 0.097 real sec
[M::mem_process_seqs] Processed 1001 reads in 0.661 CPU sec, 0.085 real sec
[M::mem_process_seqs] Processed 1001 reads in 0.805 CPU sec, 0.103 real sec
[M::mem_process_seqs] Processed 1001 reads in 0.741 CPU sec, 0.098 real sec
262559 [main] INFO main.java.edu.mit.compbio.bisulfitehic.mapping.Bhmem  - Processing reads 875000 ...
262559 [main] INFO main.java.edu.mit.compbio.bisulfitehic.mapping.Bhmem  - Unique mapped and paired reads 866018 ...
262562 [main] INFO main.java.edu.mit.compbio.bisulfitehic.mapping.Bhmem  - Processing reads 876000 ...
262562 [main] INFO main.java.edu.mit.compbio.bisulfitehic.mapping.Bhmem  - Unique mapped and paired reads 866018 ...
[M::mem_process_seqs] Processed 1001 reads in 0.749 CPU sec, 0.107 real sec
[M::mem_process_seqs] Processed 1001 reads in 0.731 CPU sec, 0.127 real sec
[M::mem_process_seqs] Processed 1001 reads in 0.817 CPU sec, 0.117 real sec
[M::mem_process_seqs] Processed 1001 reads in 0.740 CPU sec, 0.099 real sec
263144 [main] INFO main.java.edu.mit.compbio.bisulfitehic.mapping.Bhmem  - Processing reads 877000 ...
263144 [main] INFO main.java.edu.mit.compbio.bisulfitehic.mapping.Bhmem  - Unique mapped and paired reads 868000 ...
263147 [main] INFO main.java.edu.mit.compbio.bisulfitehic.mapping.Bhmem  - Processing reads 878000 ...
263147 [main] INFO main.java.edu.mit.compbio.bisulfitehic.mapping.Bhmem  - Unique mapped and paired reads 868000 ...
[M::mem_process_seqs] Processed 1001 reads in 0.689 CPU sec, 0.142 real sec
[M::mem_process_seqs] Processed 1001 reads in 0.697 CPU sec, 0.104 real sec
[M::mem_process_seqs] Processed 1001 reads in 0.802 CPU sec, 0.105 real sec
[M::mem_process_seqs] Processed 1001 reads in 0.722 CPU sec, 0.105 real sec
263730 [main] INFO main.java.edu.mit.compbio.bisulfitehic.mapping.Bhmem  - Processing reads 879000 ...
263730 [main] INFO main.java.edu.mit.compbio.bisulfitehic.mapping.Bhmem  - Unique mapped and paired reads 869986 ...
263733 [main] INFO main.java.edu.mit.compbio.bisulfitehic.mapping.Bhmem  - Processing reads 880000 ...
263733 [main] INFO main.java.edu.mit.compbio.bisulfitehic.mapping.Bhmem  - Unique mapped and paired reads 869986 ...
[M::mem_process_seqs] Processed 1001 reads in 0.742 CPU sec, 0.095 real sec
[M::mem_process_seqs] Processed 1001 reads in 0.687 CPU sec, 0.089 real sec
[M::mem_process_seqs] Processed 1001 reads in 0.745 CPU sec, 0.095 real sec
[M::mem_process_seqs] Processed 1001 reads in 0.728 CPU sec, 0.095 real sec
264237 [main] INFO main.java.edu.mit.compbio.bisulfitehic.mapping.Bhmem  - Processing reads 881000 ...
264237 [main] INFO main.java.edu.mit.compbio.bisulfitehic.mapping.Bhmem  - Unique mapped and paired reads 871976 ...
264241 [main] INFO main.java.edu.mit.compbio.bisulfitehic.mapping.Bhmem  - Processing reads 882000 ...
264241 [main] INFO main.java.edu.mit.compbio.bisulfitehic.mapping.Bhmem  - Unique mapped and paired reads 871976 ...
[M::mem_process_seqs] Processed 1001 reads in 0.748 CPU sec, 0.095 real sec
[M::mem_process_seqs] Processed 1001 reads in 0.646 CPU sec, 0.086 real sec
[M::mem_process_seqs] Processed 1001 reads in 0.769 CPU sec, 0.153 real sec
[M::mem_process_seqs] Processed 1001 reads in 0.765 CPU sec, 0.097 real sec
264807 [main] INFO main.java.edu.mit.compbio.bisulfitehic.mapping.Bhmem  - Processing reads 883000 ...
264807 [main] INFO main.java.edu.mit.compbio.bisulfitehic.mapping.Bhmem  - Unique mapped and paired reads 873962 ...
264810 [main] INFO main.java.edu.mit.compbio.bisulfitehic.mapping.Bhmem  - Processing reads 884000 ...
264810 [main] INFO main.java.edu.mit.compbio.bisulfitehic.mapping.Bhmem  - Unique mapped and paired reads 873962 ...
[M::mem_process_seqs] Processed 1001 reads in 0.757 CPU sec, 0.104 real sec
[M::mem_process_seqs] Processed 1001 reads in 0.678 CPU sec, 0.088 real sec
[M::mem_process_seqs] Processed 1001 reads in 0.755 CPU sec, 0.110 real sec
[M::mem_process_seqs] Processed 1001 reads in 0.790 CPU sec, 0.100 real sec
265345 [main] INFO main.java.edu.mit.compbio.bisulfitehic.mapping.Bhmem  - Processing reads 885000 ...
265345 [main] INFO main.java.edu.mit.compbio.bisulfitehic.mapping.Bhmem  - Unique mapped and paired reads 875942 ...
265348 [main] INFO main.java.edu.mit.compbio.bisulfitehic.mapping.Bhmem  - Processing reads 886000 ...
265348 [main] INFO main.java.edu.mit.compbio.bisulfitehic.mapping.Bhmem  - Unique mapped and paired reads 875942 ...
[M::mem_process_seqs] Processed 1001 reads in 0.753 CPU sec, 0.095 real sec
[M::mem_process_seqs] Processed 1001 reads in 0.670 CPU sec, 0.096 real sec
[M::mem_process_seqs] Processed 1001 reads in 0.770 CPU sec, 0.099 real sec
[M::mem_process_seqs] Processed 1001 reads in 0.779 CPU sec, 0.107 real sec
265875 [main] INFO main.java.edu.mit.compbio.bisulfitehic.mapping.Bhmem  - Processing reads 887000 ...
265875 [main] INFO main.java.edu.mit.compbio.bisulfitehic.mapping.Bhmem  - Unique mapped and paired reads 877920 ...
265878 [main] INFO main.java.edu.mit.compbio.bisulfitehic.mapping.Bhmem  - Processing reads 888000 ...
265878 [main] INFO main.java.edu.mit.compbio.bisulfitehic.mapping.Bhmem  - Unique mapped and paired reads 877920 ...
[M::mem_process_seqs] Processed 1001 reads in 0.760 CPU sec, 0.111 real sec
[M::mem_process_seqs] Processed 1001 reads in 0.724 CPU sec, 0.106 real sec
[M::mem_process_seqs] Processed 1001 reads in 0.833 CPU sec, 0.106 real sec
[M::mem_process_seqs] Processed 1001 reads in 0.773 CPU sec, 0.112 real sec
266445 [main] INFO main.java.edu.mit.compbio.bisulfitehic.mapping.Bhmem  - Processing reads 889000 ...
266445 [main] INFO main.java.edu.mit.compbio.bisulfitehic.mapping.Bhmem  - Unique mapped and paired reads 879918 ...
266448 [main] INFO main.java.edu.mit.compbio.bisulfitehic.mapping.Bhmem  - Processing reads 890000 ...
266448 [main] INFO main.java.edu.mit.compbio.bisulfitehic.mapping.Bhmem  - Unique mapped and paired reads 879918 ...
[M::mem_process_seqs] Processed 1001 reads in 0.780 CPU sec, 0.107 real sec
[M::mem_process_seqs] Processed 1001 reads in 0.676 CPU sec, 0.088 real sec
[M::mem_process_seqs] Processed 1001 reads in 0.751 CPU sec, 0.150 real sec
[M::mem_process_seqs] Processed 1001 reads in 0.771 CPU sec, 0.143 real sec
267069 [main] INFO main.java.edu.mit.compbio.bisulfitehic.mapping.Bhmem  - Processing reads 891000 ...
267069 [main] INFO main.java.edu.mit.compbio.bisulfitehic.mapping.Bhmem  - Unique mapped and paired reads 881900 ...
267073 [main] INFO main.java.edu.mit.compbio.bisulfitehic.mapping.Bhmem  - Processing reads 892000 ...
267073 [main] INFO main.java.edu.mit.compbio.bisulfitehic.mapping.Bhmem  - Unique mapped and paired reads 881900 ...
[M::mem_process_seqs] Processed 1001 reads in 0.783 CPU sec, 0.100 real sec
[M::mem_process_seqs] Processed 1001 reads in 0.713 CPU sec, 0.101 real sec
[M::mem_process_seqs] Processed 1001 reads in 0.763 CPU sec, 0.158 real sec
[M::mem_process_seqs] Processed 1001 reads in 0.752 CPU sec, 0.151 real sec
267710 [main] INFO main.java.edu.mit.compbio.bisulfitehic.mapping.Bhmem  - Processing reads 893000 ...
267710 [main] INFO main.java.edu.mit.compbio.bisulfitehic.mapping.Bhmem  - Unique mapped and paired reads 883892 ...
267713 [main] INFO main.java.edu.mit.compbio.bisulfitehic.mapping.Bhmem  - Processing reads 894000 ...
267713 [main] INFO main.java.edu.mit.compbio.bisulfitehic.mapping.Bhmem  - Unique mapped and paired reads 883892 ...
[M::mem_process_seqs] Processed 1001 reads in 0.759 CPU sec, 0.098 real sec
[M::mem_process_seqs] Processed 1001 reads in 0.658 CPU sec, 0.085 real sec
[M::mem_process_seqs] Processed 1001 reads in 0.789 CPU sec, 0.107 real sec
[M::mem_process_seqs] Processed 1001 reads in 0.798 CPU sec, 0.103 real sec
268233 [main] INFO main.java.edu.mit.compbio.bisulfitehic.mapping.Bhmem  - Processing reads 895000 ...
268233 [main] INFO main.java.edu.mit.compbio.bisulfitehic.mapping.Bhmem  - Unique mapped and paired reads 885864 ...
268236 [main] INFO main.java.edu.mit.compbio.bisulfitehic.mapping.Bhmem  - Processing reads 896000 ...
268236 [main] INFO main.java.edu.mit.compbio.bisulfitehic.mapping.Bhmem  - Unique mapped and paired reads 885864 ...
[M::mem_process_seqs] Processed 1001 reads in 0.792 CPU sec, 0.104 real sec
[M::mem_process_seqs] Processed 1001 reads in 0.711 CPU sec, 0.092 real sec
[M::mem_process_seqs] Processed 1001 reads in 0.803 CPU sec, 0.106 real sec
[M::mem_process_seqs] Processed 1001 reads in 0.756 CPU sec, 0.098 real sec
268762 [main] INFO main.java.edu.mit.compbio.bisulfitehic.mapping.Bhmem  - Processing reads 897000 ...
268762 [main] INFO main.java.edu.mit.compbio.bisulfitehic.mapping.Bhmem  - Unique mapped and paired reads 887854 ...
268766 [main] INFO main.java.edu.mit.compbio.bisulfitehic.mapping.Bhmem  - Processing reads 898000 ...
268766 [main] INFO main.java.edu.mit.compbio.bisulfitehic.mapping.Bhmem  - Unique mapped and paired reads 887854 ...
[M::mem_process_seqs] Processed 1001 reads in 0.751 CPU sec, 0.150 real sec
[M::mem_process_seqs] Processed 1001 reads in 0.779 CPU sec, 0.104 real sec
[M::mem_process_seqs] Processed 1001 reads in 0.868 CPU sec, 0.111 real sec
[M::mem_process_seqs] Processed 1001 reads in 0.811 CPU sec, 0.103 real sec
269370 [main] INFO main.java.edu.mit.compbio.bisulfitehic.mapping.Bhmem  - Processing reads 899000 ...
269370 [main] INFO main.java.edu.mit.compbio.bisulfitehic.mapping.Bhmem  - Unique mapped and paired reads 889832 ...
269373 [main] INFO main.java.edu.mit.compbio.bisulfitehic.mapping.Bhmem  - Processing reads 900000 ...
269373 [main] INFO main.java.edu.mit.compbio.bisulfitehic.mapping.Bhmem  - Unique mapped and paired reads 889832 ...
[M::mem_process_seqs] Processed 1001 reads in 0.773 CPU sec, 0.132 real sec
[M::mem_process_seqs] Processed 1001 reads in 0.668 CPU sec, 0.086 real sec
[M::mem_process_seqs] Processed 1001 reads in 0.849 CPU sec, 0.123 real sec
[M::mem_process_seqs] Processed 1001 reads in 0.749 CPU sec, 0.112 real sec
269947 [main] INFO main.java.edu.mit.compbio.bisulfitehic.mapping.Bhmem  - Processing reads 901000 ...
269947 [main] INFO main.java.edu.mit.compbio.bisulfitehic.mapping.Bhmem  - Unique mapped and paired reads 891812 ...
269950 [main] INFO main.java.edu.mit.compbio.bisulfitehic.mapping.Bhmem  - Processing reads 902000 ...
269950 [main] INFO main.java.edu.mit.compbio.bisulfitehic.mapping.Bhmem  - Unique mapped and paired reads 891812 ...
[M::mem_process_seqs] Processed 1001 reads in 0.728 CPU sec, 0.109 real sec
[M::mem_process_seqs] Processed 1001 reads in 0.641 CPU sec, 0.092 real sec
[M::mem_process_seqs] Processed 1001 reads in 0.789 CPU sec, 0.100 real sec
[M::mem_process_seqs] Processed 1001 reads in 0.715 CPU sec, 0.110 real sec
270491 [main] INFO main.java.edu.mit.compbio.bisulfitehic.mapping.Bhmem  - Processing reads 903000 ...
270491 [main] INFO main.java.edu.mit.compbio.bisulfitehic.mapping.Bhmem  - Unique mapped and paired reads 893796 ...
270494 [main] INFO main.java.edu.mit.compbio.bisulfitehic.mapping.Bhmem  - Processing reads 904000 ...
270494 [main] INFO main.java.edu.mit.compbio.bisulfitehic.mapping.Bhmem  - Unique mapped and paired reads 893796 ...
[M::mem_process_seqs] Processed 1001 reads in 0.706 CPU sec, 0.099 real sec
[M::mem_process_seqs] Processed 1001 reads in 0.682 CPU sec, 0.100 real sec
[M::mem_process_seqs] Processed 1001 reads in 0.789 CPU sec, 0.119 real sec
[M::mem_process_seqs] Processed 1001 reads in 0.704 CPU sec, 0.097 real sec
271033 [main] INFO main.java.edu.mit.compbio.bisulfitehic.mapping.Bhmem  - Processing reads 905000 ...
271033 [main] INFO main.java.edu.mit.compbio.bisulfitehic.mapping.Bhmem  - Unique mapped and paired reads 895782 ...
271036 [main] INFO main.java.edu.mit.compbio.bisulfitehic.mapping.Bhmem  - Processing reads 906000 ...
271036 [main] INFO main.java.edu.mit.compbio.bisulfitehic.mapping.Bhmem  - Unique mapped and paired reads 895782 ...
[M::mem_process_seqs] Processed 1001 reads in 0.717 CPU sec, 0.121 real sec
[M::mem_process_seqs] Processed 1001 reads in 0.680 CPU sec, 0.110 real sec
[M::mem_process_seqs] Processed 1001 reads in 0.742 CPU sec, 0.108 real sec
[M::mem_process_seqs] Processed 1001 reads in 0.751 CPU sec, 0.099 real sec
271600 [main] INFO main.java.edu.mit.compbio.bisulfitehic.mapping.Bhmem  - Processing reads 907000 ...
271600 [main] INFO main.java.edu.mit.compbio.bisulfitehic.mapping.Bhmem  - Unique mapped and paired reads 897764 ...
271603 [main] INFO main.java.edu.mit.compbio.bisulfitehic.mapping.Bhmem  - Processing reads 908000 ...
271603 [main] INFO main.java.edu.mit.compbio.bisulfitehic.mapping.Bhmem  - Unique mapped and paired reads 897764 ...
[M::mem_process_seqs] Processed 1001 reads in 0.710 CPU sec, 0.123 real sec
[M::mem_process_seqs] Processed 1001 reads in 0.669 CPU sec, 0.086 real sec
[M::mem_process_seqs] Processed 1001 reads in 0.723 CPU sec, 0.144 real sec
[M::mem_process_seqs] Processed 1001 reads in 0.764 CPU sec, 0.114 real sec
272200 [main] INFO main.java.edu.mit.compbio.bisulfitehic.mapping.Bhmem  - Processing reads 909000 ...
272200 [main] INFO main.java.edu.mit.compbio.bisulfitehic.mapping.Bhmem  - Unique mapped and paired reads 899746 ...
272203 [main] INFO main.java.edu.mit.compbio.bisulfitehic.mapping.Bhmem  - Processing reads 910000 ...
272203 [main] INFO main.java.edu.mit.compbio.bisulfitehic.mapping.Bhmem  - Unique mapped and paired reads 899746 ...
[M::mem_process_seqs] Processed 1001 reads in 0.721 CPU sec, 0.106 real sec
[M::mem_process_seqs] Processed 1001 reads in 0.702 CPU sec, 0.106 real sec
[M::mem_process_seqs] Processed 1001 reads in 0.759 CPU sec, 0.100 real sec
[M::mem_process_seqs] Processed 1001 reads in 0.803 CPU sec, 0.127 real sec
272769 [main] INFO main.java.edu.mit.compbio.bisulfitehic.mapping.Bhmem  - Processing reads 911000 ...
272769 [main] INFO main.java.edu.mit.compbio.bisulfitehic.mapping.Bhmem  - Unique mapped and paired reads 901724 ...
272772 [main] INFO main.java.edu.mit.compbio.bisulfitehic.mapping.Bhmem  - Processing reads 912000 ...
272772 [main] INFO main.java.edu.mit.compbio.bisulfitehic.mapping.Bhmem  - Unique mapped and paired reads 901724 ...
[M::mem_process_seqs] Processed 1001 reads in 0.747 CPU sec, 0.095 real sec
[M::mem_process_seqs] Processed 1001 reads in 0.689 CPU sec, 0.101 real sec
[M::mem_process_seqs] Processed 1001 reads in 0.825 CPU sec, 0.120 real sec
[M::mem_process_seqs] Processed 1001 reads in 0.801 CPU sec, 0.110 real sec
273343 [main] INFO main.java.edu.mit.compbio.bisulfitehic.mapping.Bhmem  - Processing reads 913000 ...
273343 [main] INFO main.java.edu.mit.compbio.bisulfitehic.mapping.Bhmem  - Unique mapped and paired reads 903714 ...
273346 [main] INFO main.java.edu.mit.compbio.bisulfitehic.mapping.Bhmem  - Processing reads 914000 ...
273346 [main] INFO main.java.edu.mit.compbio.bisulfitehic.mapping.Bhmem  - Unique mapped and paired reads 903714 ...
[M::mem_process_seqs] Processed 1001 reads in 0.782 CPU sec, 0.138 real sec
[M::mem_process_seqs] Processed 1001 reads in 0.763 CPU sec, 0.111 real sec
[M::mem_process_seqs] Processed 1001 reads in 0.839 CPU sec, 0.109 real sec
[M::mem_process_seqs] Processed 1001 reads in 0.803 CPU sec, 0.102 real sec
273937 [main] INFO main.java.edu.mit.compbio.bisulfitehic.mapping.Bhmem  - Processing reads 915000 ...
273937 [main] INFO main.java.edu.mit.compbio.bisulfitehic.mapping.Bhmem  - Unique mapped and paired reads 905698 ...
273940 [main] INFO main.java.edu.mit.compbio.bisulfitehic.mapping.Bhmem  - Processing reads 916000 ...
273940 [main] INFO main.java.edu.mit.compbio.bisulfitehic.mapping.Bhmem  - Unique mapped and paired reads 905698 ...
[M::mem_process_seqs] Processed 1001 reads in 0.758 CPU sec, 0.098 real sec
[M::mem_process_seqs] Processed 1001 reads in 0.677 CPU sec, 0.086 real sec
[M::mem_process_seqs] Processed 1001 reads in 0.782 CPU sec, 0.105 real sec
[M::mem_process_seqs] Processed 1001 reads in 0.780 CPU sec, 0.103 real sec
274460 [main] INFO main.java.edu.mit.compbio.bisulfitehic.mapping.Bhmem  - Processing reads 917000 ...
274460 [main] INFO main.java.edu.mit.compbio.bisulfitehic.mapping.Bhmem  - Unique mapped and paired reads 907680 ...
274463 [main] INFO main.java.edu.mit.compbio.bisulfitehic.mapping.Bhmem  - Processing reads 918000 ...
274463 [main] INFO main.java.edu.mit.compbio.bisulfitehic.mapping.Bhmem  - Unique mapped and paired reads 907680 ...
[M::mem_process_seqs] Processed 1001 reads in 0.748 CPU sec, 0.095 real sec
[M::mem_process_seqs] Processed 1001 reads in 0.660 CPU sec, 0.084 real sec
[M::mem_process_seqs] Processed 1001 reads in 0.818 CPU sec, 0.118 real sec
[M::mem_process_seqs] Processed 1001 reads in 0.808 CPU sec, 0.129 real sec
275019 [main] INFO main.java.edu.mit.compbio.bisulfitehic.mapping.Bhmem  - Processing reads 919000 ...
275019 [main] INFO main.java.edu.mit.compbio.bisulfitehic.mapping.Bhmem  - Unique mapped and paired reads 909662 ...
275022 [main] INFO main.java.edu.mit.compbio.bisulfitehic.mapping.Bhmem  - Processing reads 920000 ...
275022 [main] INFO main.java.edu.mit.compbio.bisulfitehic.mapping.Bhmem  - Unique mapped and paired reads 909662 ...
[M::mem_process_seqs] Processed 1001 reads in 0.727 CPU sec, 0.093 real sec
[M::mem_process_seqs] Processed 1001 reads in 0.652 CPU sec, 0.084 real sec
[M::mem_process_seqs] Processed 1001 reads in 0.781 CPU sec, 0.115 real sec
[M::mem_process_seqs] Processed 1001 reads in 0.714 CPU sec, 0.239 real sec
275709 [main] INFO main.java.edu.mit.compbio.bisulfitehic.mapping.Bhmem  - Processing reads 921000 ...
275709 [main] INFO main.java.edu.mit.compbio.bisulfitehic.mapping.Bhmem  - Unique mapped and paired reads 911646 ...
275712 [main] INFO main.java.edu.mit.compbio.bisulfitehic.mapping.Bhmem  - Processing reads 922000 ...
275712 [main] INFO main.java.edu.mit.compbio.bisulfitehic.mapping.Bhmem  - Unique mapped and paired reads 911646 ...
[M::mem_process_seqs] Processed 1001 reads in 0.720 CPU sec, 0.241 real sec
[M::mem_process_seqs] Processed 1001 reads in 0.722 CPU sec, 0.242 real sec
[M::mem_process_seqs] Processed 1001 reads in 0.761 CPU sec, 0.100 real sec
[M::mem_process_seqs] Processed 1001 reads in 0.782 CPU sec, 0.143 real sec
276592 [main] INFO main.java.edu.mit.compbio.bisulfitehic.mapping.Bhmem  - Processing reads 923000 ...
276592 [main] INFO main.java.edu.mit.compbio.bisulfitehic.mapping.Bhmem  - Unique mapped and paired reads 913640 ...
276595 [main] INFO main.java.edu.mit.compbio.bisulfitehic.mapping.Bhmem  - Processing reads 924000 ...
276595 [main] INFO main.java.edu.mit.compbio.bisulfitehic.mapping.Bhmem  - Unique mapped and paired reads 913640 ...
[M::mem_process_seqs] Processed 1001 reads in 0.761 CPU sec, 0.102 real sec
[M::mem_process_seqs] Processed 1001 reads in 0.726 CPU sec, 0.101 real sec
[M::mem_process_seqs] Processed 1001 reads in 0.802 CPU sec, 0.112 real sec
[M::mem_process_seqs] Processed 1001 reads in 0.772 CPU sec, 0.112 real sec
277150 [main] INFO main.java.edu.mit.compbio.bisulfitehic.mapping.Bhmem  - Processing reads 925000 ...
277150 [main] INFO main.java.edu.mit.compbio.bisulfitehic.mapping.Bhmem  - Unique mapped and paired reads 915622 ...
277153 [main] INFO main.java.edu.mit.compbio.bisulfitehic.mapping.Bhmem  - Processing reads 926000 ...
277153 [main] INFO main.java.edu.mit.compbio.bisulfitehic.mapping.Bhmem  - Unique mapped and paired reads 915622 ...
[M::mem_process_seqs] Processed 1001 reads in 0.766 CPU sec, 0.111 real sec
[M::mem_process_seqs] Processed 1001 reads in 0.688 CPU sec, 0.096 real sec
[M::mem_process_seqs] Processed 1001 reads in 0.770 CPU sec, 0.108 real sec
[M::mem_process_seqs] Processed 1001 reads in 0.801 CPU sec, 0.105 real sec
277703 [main] INFO main.java.edu.mit.compbio.bisulfitehic.mapping.Bhmem  - Processing reads 927000 ...
277703 [main] INFO main.java.edu.mit.compbio.bisulfitehic.mapping.Bhmem  - Unique mapped and paired reads 917606 ...
277706 [main] INFO main.java.edu.mit.compbio.bisulfitehic.mapping.Bhmem  - Processing reads 928000 ...
277706 [main] INFO main.java.edu.mit.compbio.bisulfitehic.mapping.Bhmem  - Unique mapped and paired reads 917606 ...
[M::mem_process_seqs] Processed 1001 reads in 0.776 CPU sec, 0.104 real sec
[M::mem_process_seqs] Processed 1001 reads in 0.664 CPU sec, 0.085 real sec
[M::mem_process_seqs] Processed 1001 reads in 0.793 CPU sec, 0.119 real sec
[M::mem_process_seqs] Processed 1001 reads in 0.762 CPU sec, 0.107 real sec
278247 [main] INFO main.java.edu.mit.compbio.bisulfitehic.mapping.Bhmem  - Processing reads 929000 ...
278247 [main] INFO main.java.edu.mit.compbio.bisulfitehic.mapping.Bhmem  - Unique mapped and paired reads 919574 ...
278250 [main] INFO main.java.edu.mit.compbio.bisulfitehic.mapping.Bhmem  - Processing reads 930000 ...
278250 [main] INFO main.java.edu.mit.compbio.bisulfitehic.mapping.Bhmem  - Unique mapped and paired reads 919574 ...
[M::mem_process_seqs] Processed 1001 reads in 0.726 CPU sec, 0.112 real sec
[M::mem_process_seqs] Processed 1001 reads in 0.690 CPU sec, 0.101 real sec
[M::mem_process_seqs] Processed 1001 reads in 0.789 CPU sec, 0.121 real sec
[M::mem_process_seqs] Processed 1001 reads in 0.802 CPU sec, 0.109 real sec
278823 [main] INFO main.java.edu.mit.compbio.bisulfitehic.mapping.Bhmem  - Processing reads 931000 ...
278823 [main] INFO main.java.edu.mit.compbio.bisulfitehic.mapping.Bhmem  - Unique mapped and paired reads 921566 ...
278826 [main] INFO main.java.edu.mit.compbio.bisulfitehic.mapping.Bhmem  - Processing reads 932000 ...
278826 [main] INFO main.java.edu.mit.compbio.bisulfitehic.mapping.Bhmem  - Unique mapped and paired reads 921566 ...
[M::mem_process_seqs] Processed 1001 reads in 0.792 CPU sec, 0.102 real sec
[M::mem_process_seqs] Processed 1001 reads in 0.794 CPU sec, 0.173 real sec
[M::mem_process_seqs] Processed 1001 reads in 0.862 CPU sec, 0.147 real sec
[M::mem_process_seqs] Processed 1001 reads in 0.858 CPU sec, 0.108 real sec
279485 [main] INFO main.java.edu.mit.compbio.bisulfitehic.mapping.Bhmem  - Processing reads 933000 ...
279485 [main] INFO main.java.edu.mit.compbio.bisulfitehic.mapping.Bhmem  - Unique mapped and paired reads 923546 ...
279488 [main] INFO main.java.edu.mit.compbio.bisulfitehic.mapping.Bhmem  - Processing reads 934000 ...
279488 [main] INFO main.java.edu.mit.compbio.bisulfitehic.mapping.Bhmem  - Unique mapped and paired reads 923546 ...
[M::mem_process_seqs] Processed 1001 reads in 0.804 CPU sec, 0.130 real sec
[M::mem_process_seqs] Processed 1001 reads in 0.712 CPU sec, 0.092 real sec
[M::mem_process_seqs] Processed 1001 reads in 0.788 CPU sec, 0.137 real sec
[M::mem_process_seqs] Processed 1001 reads in 0.853 CPU sec, 0.123 real sec
280105 [main] INFO main.java.edu.mit.compbio.bisulfitehic.mapping.Bhmem  - Processing reads 935000 ...
280105 [main] INFO main.java.edu.mit.compbio.bisulfitehic.mapping.Bhmem  - Unique mapped and paired reads 925538 ...
280109 [main] INFO main.java.edu.mit.compbio.bisulfitehic.mapping.Bhmem  - Processing reads 936000 ...
280109 [main] INFO main.java.edu.mit.compbio.bisulfitehic.mapping.Bhmem  - Unique mapped and paired reads 925538 ...
[M::mem_process_seqs] Processed 1001 reads in 0.696 CPU sec, 0.130 real sec
[M::mem_process_seqs] Processed 1001 reads in 0.643 CPU sec, 0.093 real sec
[M::mem_process_seqs] Processed 1001 reads in 0.757 CPU sec, 0.104 real sec
[M::mem_process_seqs] Processed 1001 reads in 0.739 CPU sec, 0.096 real sec
280660 [main] INFO main.java.edu.mit.compbio.bisulfitehic.mapping.Bhmem  - Processing reads 937000 ...
280660 [main] INFO main.java.edu.mit.compbio.bisulfitehic.mapping.Bhmem  - Unique mapped and paired reads 927522 ...
280663 [main] INFO main.java.edu.mit.compbio.bisulfitehic.mapping.Bhmem  - Processing reads 938000 ...
280663 [main] INFO main.java.edu.mit.compbio.bisulfitehic.mapping.Bhmem  - Unique mapped and paired reads 927522 ...
[M::mem_process_seqs] Processed 1001 reads in 0.686 CPU sec, 0.100 real sec
[M::mem_process_seqs] Processed 1001 reads in 0.693 CPU sec, 0.092 real sec
[M::mem_process_seqs] Processed 1001 reads in 0.745 CPU sec, 0.108 real sec
[M::mem_process_seqs] Processed 1001 reads in 0.714 CPU sec, 0.104 real sec
281193 [main] INFO main.java.edu.mit.compbio.bisulfitehic.mapping.Bhmem  - Processing reads 939000 ...
281193 [main] INFO main.java.edu.mit.compbio.bisulfitehic.mapping.Bhmem  - Unique mapped and paired reads 929504 ...
281196 [main] INFO main.java.edu.mit.compbio.bisulfitehic.mapping.Bhmem  - Processing reads 940000 ...
281196 [main] INFO main.java.edu.mit.compbio.bisulfitehic.mapping.Bhmem  - Unique mapped and paired reads 929504 ...
[M::mem_process_seqs] Processed 1001 reads in 0.746 CPU sec, 0.111 real sec
[M::mem_process_seqs] Processed 1001 reads in 0.693 CPU sec, 0.091 real sec
[M::mem_process_seqs] Processed 1001 reads in 0.771 CPU sec, 0.104 real sec
[M::mem_process_seqs] Processed 1001 reads in 0.732 CPU sec, 0.134 real sec
281766 [main] INFO main.java.edu.mit.compbio.bisulfitehic.mapping.Bhmem  - Processing reads 941000 ...
281766 [main] INFO main.java.edu.mit.compbio.bisulfitehic.mapping.Bhmem  - Unique mapped and paired reads 931474 ...
281769 [main] INFO main.java.edu.mit.compbio.bisulfitehic.mapping.Bhmem  - Processing reads 942000 ...
281769 [main] INFO main.java.edu.mit.compbio.bisulfitehic.mapping.Bhmem  - Unique mapped and paired reads 931474 ...
[M::mem_process_seqs] Processed 1001 reads in 0.781 CPU sec, 0.101 real sec
[M::mem_process_seqs] Processed 1001 reads in 0.807 CPU sec, 0.120 real sec
[M::mem_process_seqs] Processed 1001 reads in 0.838 CPU sec, 0.107 real sec
[M::mem_process_seqs] Processed 1001 reads in 0.906 CPU sec, 0.118 real sec
282346 [main] INFO main.java.edu.mit.compbio.bisulfitehic.mapping.Bhmem  - Processing reads 943000 ...
282346 [main] INFO main.java.edu.mit.compbio.bisulfitehic.mapping.Bhmem  - Unique mapped and paired reads 933466 ...
282349 [main] INFO main.java.edu.mit.compbio.bisulfitehic.mapping.Bhmem  - Processing reads 944000 ...
282349 [main] INFO main.java.edu.mit.compbio.bisulfitehic.mapping.Bhmem  - Unique mapped and paired reads 933466 ...
[M::mem_process_seqs] Processed 1001 reads in 0.700 CPU sec, 0.124 real sec
[M::mem_process_seqs] Processed 1001 reads in 0.721 CPU sec, 0.092 real sec
[M::mem_process_seqs] Processed 1001 reads in 0.780 CPU sec, 0.107 real sec
[M::mem_process_seqs] Processed 1001 reads in 0.803 CPU sec, 0.120 real sec
282920 [main] INFO main.java.edu.mit.compbio.bisulfitehic.mapping.Bhmem  - Processing reads 945000 ...
282920 [main] INFO main.java.edu.mit.compbio.bisulfitehic.mapping.Bhmem  - Unique mapped and paired reads 935448 ...
282923 [main] INFO main.java.edu.mit.compbio.bisulfitehic.mapping.Bhmem  - Processing reads 946000 ...
282923 [main] INFO main.java.edu.mit.compbio.bisulfitehic.mapping.Bhmem  - Unique mapped and paired reads 935448 ...
[M::mem_process_seqs] Processed 1001 reads in 0.801 CPU sec, 0.136 real sec
[M::mem_process_seqs] Processed 1001 reads in 0.750 CPU sec, 0.098 real sec
[M::mem_process_seqs] Processed 1001 reads in 0.806 CPU sec, 0.111 real sec
[M::mem_process_seqs] Processed 1001 reads in 0.829 CPU sec, 0.113 real sec
283511 [main] INFO main.java.edu.mit.compbio.bisulfitehic.mapping.Bhmem  - Processing reads 947000 ...
283511 [main] INFO main.java.edu.mit.compbio.bisulfitehic.mapping.Bhmem  - Unique mapped and paired reads 937424 ...
283514 [main] INFO main.java.edu.mit.compbio.bisulfitehic.mapping.Bhmem  - Processing reads 948000 ...
283514 [main] INFO main.java.edu.mit.compbio.bisulfitehic.mapping.Bhmem  - Unique mapped and paired reads 937424 ...
[M::mem_process_seqs] Processed 1001 reads in 0.759 CPU sec, 0.123 real sec
[M::mem_process_seqs] Processed 1001 reads in 0.691 CPU sec, 0.100 real sec
[M::mem_process_seqs] Processed 1001 reads in 0.827 CPU sec, 0.109 real sec
[M::mem_process_seqs] Processed 1001 reads in 0.732 CPU sec, 0.130 real sec
284106 [main] INFO main.java.edu.mit.compbio.bisulfitehic.mapping.Bhmem  - Processing reads 949000 ...
284106 [main] INFO main.java.edu.mit.compbio.bisulfitehic.mapping.Bhmem  - Unique mapped and paired reads 939410 ...
284109 [main] INFO main.java.edu.mit.compbio.bisulfitehic.mapping.Bhmem  - Processing reads 950000 ...
284109 [main] INFO main.java.edu.mit.compbio.bisulfitehic.mapping.Bhmem  - Unique mapped and paired reads 939410 ...
[M::mem_process_seqs] Processed 1001 reads in 0.726 CPU sec, 0.110 real sec
[M::mem_process_seqs] Processed 1001 reads in 0.717 CPU sec, 0.103 real sec
[M::mem_process_seqs] Processed 1001 reads in 0.763 CPU sec, 0.097 real sec
[M::mem_process_seqs] Processed 1001 reads in 0.726 CPU sec, 0.109 real sec
284656 [main] INFO main.java.edu.mit.compbio.bisulfitehic.mapping.Bhmem  - Processing reads 951000 ...
284656 [main] INFO main.java.edu.mit.compbio.bisulfitehic.mapping.Bhmem  - Unique mapped and paired reads 941388 ...
284659 [main] INFO main.java.edu.mit.compbio.bisulfitehic.mapping.Bhmem  - Processing reads 952000 ...
284659 [main] INFO main.java.edu.mit.compbio.bisulfitehic.mapping.Bhmem  - Unique mapped and paired reads 941388 ...
[M::mem_process_seqs] Processed 1001 reads in 0.773 CPU sec, 0.112 real sec
[M::mem_process_seqs] Processed 1001 reads in 0.735 CPU sec, 0.115 real sec
[M::mem_process_seqs] Processed 1001 reads in 0.895 CPU sec, 0.132 real sec
[M::mem_process_seqs] Processed 1001 reads in 0.810 CPU sec, 0.112 real sec
285262 [main] INFO main.java.edu.mit.compbio.bisulfitehic.mapping.Bhmem  - Processing reads 953000 ...
285262 [main] INFO main.java.edu.mit.compbio.bisulfitehic.mapping.Bhmem  - Unique mapped and paired reads 943378 ...
285265 [main] INFO main.java.edu.mit.compbio.bisulfitehic.mapping.Bhmem  - Processing reads 954000 ...
285265 [main] INFO main.java.edu.mit.compbio.bisulfitehic.mapping.Bhmem  - Unique mapped and paired reads 943378 ...
[M::mem_process_seqs] Processed 1001 reads in 0.694 CPU sec, 0.130 real sec
[M::mem_process_seqs] Processed 1001 reads in 0.715 CPU sec, 0.105 real sec
[M::mem_process_seqs] Processed 1001 reads in 0.801 CPU sec, 0.107 real sec
[M::mem_process_seqs] Processed 1001 reads in 0.773 CPU sec, 0.116 real sec
285857 [main] INFO main.java.edu.mit.compbio.bisulfitehic.mapping.Bhmem  - Processing reads 955000 ...
285857 [main] INFO main.java.edu.mit.compbio.bisulfitehic.mapping.Bhmem  - Unique mapped and paired reads 945366 ...
285860 [main] INFO main.java.edu.mit.compbio.bisulfitehic.mapping.Bhmem  - Processing reads 956000 ...
285860 [main] INFO main.java.edu.mit.compbio.bisulfitehic.mapping.Bhmem  - Unique mapped and paired reads 945366 ...
[M::mem_process_seqs] Processed 1001 reads in 0.808 CPU sec, 0.110 real sec
[M::mem_process_seqs] Processed 1001 reads in 0.719 CPU sec, 0.091 real sec
[M::mem_process_seqs] Processed 1001 reads in 0.808 CPU sec, 0.105 real sec
[M::mem_process_seqs] Processed 1001 reads in 0.790 CPU sec, 0.101 real sec
286395 [main] INFO main.java.edu.mit.compbio.bisulfitehic.mapping.Bhmem  - Processing reads 957000 ...
286395 [main] INFO main.java.edu.mit.compbio.bisulfitehic.mapping.Bhmem  - Unique mapped and paired reads 947352 ...
286398 [main] INFO main.java.edu.mit.compbio.bisulfitehic.mapping.Bhmem  - Processing reads 958000 ...
286398 [main] INFO main.java.edu.mit.compbio.bisulfitehic.mapping.Bhmem  - Unique mapped and paired reads 947352 ...
[M::mem_process_seqs] Processed 1001 reads in 0.838 CPU sec, 0.120 real sec
[M::mem_process_seqs] Processed 1001 reads in 0.741 CPU sec, 0.096 real sec
[M::mem_process_seqs] Processed 1001 reads in 0.856 CPU sec, 0.118 real sec
[M::mem_process_seqs] Processed 1001 reads in 0.773 CPU sec, 0.098 real sec
286970 [main] INFO main.java.edu.mit.compbio.bisulfitehic.mapping.Bhmem  - Processing reads 959000 ...
286970 [main] INFO main.java.edu.mit.compbio.bisulfitehic.mapping.Bhmem  - Unique mapped and paired reads 949328 ...
286973 [main] INFO main.java.edu.mit.compbio.bisulfitehic.mapping.Bhmem  - Processing reads 960000 ...
286973 [main] INFO main.java.edu.mit.compbio.bisulfitehic.mapping.Bhmem  - Unique mapped and paired reads 949328 ...
[M::mem_process_seqs] Processed 1001 reads in 0.792 CPU sec, 0.116 real sec
[M::mem_process_seqs] Processed 1001 reads in 0.729 CPU sec, 0.093 real sec
[M::mem_process_seqs] Processed 1001 reads in 0.857 CPU sec, 0.116 real sec
[M::mem_process_seqs] Processed 1001 reads in 0.839 CPU sec, 0.110 real sec
287541 [main] INFO main.java.edu.mit.compbio.bisulfitehic.mapping.Bhmem  - Processing reads 961000 ...
287541 [main] INFO main.java.edu.mit.compbio.bisulfitehic.mapping.Bhmem  - Unique mapped and paired reads 951308 ...
287544 [main] INFO main.java.edu.mit.compbio.bisulfitehic.mapping.Bhmem  - Processing reads 962000 ...
287544 [main] INFO main.java.edu.mit.compbio.bisulfitehic.mapping.Bhmem  - Unique mapped and paired reads 951308 ...
[M::mem_process_seqs] Processed 1001 reads in 0.780 CPU sec, 0.100 real sec
[M::mem_process_seqs] Processed 1001 reads in 0.739 CPU sec, 0.108 real sec
[M::mem_process_seqs] Processed 1001 reads in 0.858 CPU sec, 0.115 real sec
[M::mem_process_seqs] Processed 1001 reads in 0.822 CPU sec, 0.106 real sec
288107 [main] INFO main.java.edu.mit.compbio.bisulfitehic.mapping.Bhmem  - Processing reads 963000 ...
288107 [main] INFO main.java.edu.mit.compbio.bisulfitehic.mapping.Bhmem  - Unique mapped and paired reads 953286 ...
288110 [main] INFO main.java.edu.mit.compbio.bisulfitehic.mapping.Bhmem  - Processing reads 964000 ...
288110 [main] INFO main.java.edu.mit.compbio.bisulfitehic.mapping.Bhmem  - Unique mapped and paired reads 953286 ...
[M::mem_process_seqs] Processed 1001 reads in 0.815 CPU sec, 0.106 real sec
[M::mem_process_seqs] Processed 1001 reads in 0.740 CPU sec, 0.106 real sec
[M::mem_process_seqs] Processed 1001 reads in 0.851 CPU sec, 0.114 real sec
[M::mem_process_seqs] Processed 1001 reads in 0.805 CPU sec, 0.102 real sec
288671 [main] INFO main.java.edu.mit.compbio.bisulfitehic.mapping.Bhmem  - Processing reads 965000 ...
288671 [main] INFO main.java.edu.mit.compbio.bisulfitehic.mapping.Bhmem  - Unique mapped and paired reads 955266 ...
288674 [main] INFO main.java.edu.mit.compbio.bisulfitehic.mapping.Bhmem  - Processing reads 966000 ...
288674 [main] INFO main.java.edu.mit.compbio.bisulfitehic.mapping.Bhmem  - Unique mapped and paired reads 955266 ...
[M::mem_process_seqs] Processed 1001 reads in 0.771 CPU sec, 0.116 real sec
[M::mem_process_seqs] Processed 1001 reads in 0.745 CPU sec, 0.095 real sec
[M::mem_process_seqs] Processed 1001 reads in 0.830 CPU sec, 0.119 real sec
[M::mem_process_seqs] Processed 1001 reads in 0.818 CPU sec, 0.122 real sec
289259 [main] INFO main.java.edu.mit.compbio.bisulfitehic.mapping.Bhmem  - Processing reads 967000 ...
289259 [main] INFO main.java.edu.mit.compbio.bisulfitehic.mapping.Bhmem  - Unique mapped and paired reads 957252 ...
289262 [main] INFO main.java.edu.mit.compbio.bisulfitehic.mapping.Bhmem  - Processing reads 968000 ...
289262 [main] INFO main.java.edu.mit.compbio.bisulfitehic.mapping.Bhmem  - Unique mapped and paired reads 957252 ...
[M::mem_process_seqs] Processed 1001 reads in 0.755 CPU sec, 0.114 real sec
[M::mem_process_seqs] Processed 1001 reads in 0.714 CPU sec, 0.102 real sec
[M::mem_process_seqs] Processed 1001 reads in 0.784 CPU sec, 0.138 real sec
[M::mem_process_seqs] Processed 1001 reads in 0.847 CPU sec, 0.127 real sec
289876 [main] INFO main.java.edu.mit.compbio.bisulfitehic.mapping.Bhmem  - Processing reads 969000 ...
289876 [main] INFO main.java.edu.mit.compbio.bisulfitehic.mapping.Bhmem  - Unique mapped and paired reads 959226 ...
289879 [main] INFO main.java.edu.mit.compbio.bisulfitehic.mapping.Bhmem  - Processing reads 970000 ...
289879 [main] INFO main.java.edu.mit.compbio.bisulfitehic.mapping.Bhmem  - Unique mapped and paired reads 959226 ...
[M::mem_process_seqs] Processed 1001 reads in 0.761 CPU sec, 0.116 real sec
[M::mem_process_seqs] Processed 1001 reads in 0.742 CPU sec, 0.095 real sec
[M::mem_process_seqs] Processed 1001 reads in 0.819 CPU sec, 0.103 real sec
[M::mem_process_seqs] Processed 1001 reads in 0.819 CPU sec, 0.138 real sec
290465 [main] INFO main.java.edu.mit.compbio.bisulfitehic.mapping.Bhmem  - Processing reads 971000 ...
290465 [main] INFO main.java.edu.mit.compbio.bisulfitehic.mapping.Bhmem  - Unique mapped and paired reads 961208 ...
290469 [main] INFO main.java.edu.mit.compbio.bisulfitehic.mapping.Bhmem  - Processing reads 972000 ...
290469 [main] INFO main.java.edu.mit.compbio.bisulfitehic.mapping.Bhmem  - Unique mapped and paired reads 961208 ...
[M::mem_process_seqs] Processed 1001 reads in 0.716 CPU sec, 0.091 real sec
[M::mem_process_seqs] Processed 1001 reads in 0.635 CPU sec, 0.113 real sec
[M::mem_process_seqs] Processed 1001 reads in 0.845 CPU sec, 0.117 real sec
[M::mem_process_seqs] Processed 1001 reads in 0.749 CPU sec, 0.099 real sec
291015 [main] INFO main.java.edu.mit.compbio.bisulfitehic.mapping.Bhmem  - Processing reads 973000 ...
291015 [main] INFO main.java.edu.mit.compbio.bisulfitehic.mapping.Bhmem  - Unique mapped and paired reads 963194 ...
291018 [main] INFO main.java.edu.mit.compbio.bisulfitehic.mapping.Bhmem  - Processing reads 974000 ...
291018 [main] INFO main.java.edu.mit.compbio.bisulfitehic.mapping.Bhmem  - Unique mapped and paired reads 963194 ...
[M::mem_process_seqs] Processed 1001 reads in 0.777 CPU sec, 0.113 real sec
[M::mem_process_seqs] Processed 1001 reads in 0.716 CPU sec, 0.091 real sec
[M::mem_process_seqs] Processed 1001 reads in 0.816 CPU sec, 0.122 real sec
[M::mem_process_seqs] Processed 1001 reads in 0.813 CPU sec, 0.135 real sec
291615 [main] INFO main.java.edu.mit.compbio.bisulfitehic.mapping.Bhmem  - Processing reads 975000 ...
291615 [main] INFO main.java.edu.mit.compbio.bisulfitehic.mapping.Bhmem  - Unique mapped and paired reads 965178 ...
291618 [main] INFO main.java.edu.mit.compbio.bisulfitehic.mapping.Bhmem  - Processing reads 976000 ...
291618 [main] INFO main.java.edu.mit.compbio.bisulfitehic.mapping.Bhmem  - Unique mapped and paired reads 965178 ...
[M::mem_process_seqs] Processed 1001 reads in 0.808 CPU sec, 0.102 real sec
[M::mem_process_seqs] Processed 1001 reads in 0.663 CPU sec, 0.084 real sec
[M::mem_process_seqs] Processed 1001 reads in 0.797 CPU sec, 0.101 real sec
[M::mem_process_seqs] Processed 1001 reads in 0.754 CPU sec, 0.095 real sec
292132 [main] INFO main.java.edu.mit.compbio.bisulfitehic.mapping.Bhmem  - Processing reads 977000 ...
292132 [main] INFO main.java.edu.mit.compbio.bisulfitehic.mapping.Bhmem  - Unique mapped and paired reads 967158 ...
292135 [main] INFO main.java.edu.mit.compbio.bisulfitehic.mapping.Bhmem  - Processing reads 978000 ...
292135 [main] INFO main.java.edu.mit.compbio.bisulfitehic.mapping.Bhmem  - Unique mapped and paired reads 967158 ...
[M::mem_process_seqs] Processed 1001 reads in 0.794 CPU sec, 0.100 real sec
[M::mem_process_seqs] Processed 1001 reads in 0.706 CPU sec, 0.090 real sec
[M::mem_process_seqs] Processed 1001 reads in 0.833 CPU sec, 0.126 real sec
[M::mem_process_seqs] Processed 1001 reads in 0.809 CPU sec, 0.104 real sec
292686 [main] INFO main.java.edu.mit.compbio.bisulfitehic.mapping.Bhmem  - Processing reads 979000 ...
292686 [main] INFO main.java.edu.mit.compbio.bisulfitehic.mapping.Bhmem  - Unique mapped and paired reads 969148 ...
292689 [main] INFO main.java.edu.mit.compbio.bisulfitehic.mapping.Bhmem  - Processing reads 980000 ...
292689 [main] INFO main.java.edu.mit.compbio.bisulfitehic.mapping.Bhmem  - Unique mapped and paired reads 969148 ...
[M::mem_process_seqs] Processed 1001 reads in 0.786 CPU sec, 0.116 real sec
[M::mem_process_seqs] Processed 1001 reads in 0.760 CPU sec, 0.100 real sec
[M::mem_process_seqs] Processed 1001 reads in 0.829 CPU sec, 0.125 real sec
[M::mem_process_seqs] Processed 1001 reads in 0.891 CPU sec, 0.125 real sec
293286 [main] INFO main.java.edu.mit.compbio.bisulfitehic.mapping.Bhmem  - Processing reads 981000 ...
293286 [main] INFO main.java.edu.mit.compbio.bisulfitehic.mapping.Bhmem  - Unique mapped and paired reads 971124 ...
293289 [main] INFO main.java.edu.mit.compbio.bisulfitehic.mapping.Bhmem  - Processing reads 982000 ...
293289 [main] INFO main.java.edu.mit.compbio.bisulfitehic.mapping.Bhmem  - Unique mapped and paired reads 971124 ...
[M::mem_process_seqs] Processed 1001 reads in 0.771 CPU sec, 0.114 real sec
[M::mem_process_seqs] Processed 1001 reads in 0.734 CPU sec, 0.112 real sec
[M::mem_process_seqs] Processed 1001 reads in 0.818 CPU sec, 0.112 real sec
[M::mem_process_seqs] Processed 1001 reads in 0.799 CPU sec, 0.115 real sec
293869 [main] INFO main.java.edu.mit.compbio.bisulfitehic.mapping.Bhmem  - Processing reads 983000 ...
293869 [main] INFO main.java.edu.mit.compbio.bisulfitehic.mapping.Bhmem  - Unique mapped and paired reads 973088 ...
293872 [main] INFO main.java.edu.mit.compbio.bisulfitehic.mapping.Bhmem  - Processing reads 984000 ...
293872 [main] INFO main.java.edu.mit.compbio.bisulfitehic.mapping.Bhmem  - Unique mapped and paired reads 973088 ...
[M::mem_process_seqs] Processed 1001 reads in 0.802 CPU sec, 0.108 real sec
[M::mem_process_seqs] Processed 1001 reads in 0.730 CPU sec, 0.134 real sec
[M::mem_process_seqs] Processed 1001 reads in 0.811 CPU sec, 0.127 real sec
[M::mem_process_seqs] Processed 1001 reads in 0.802 CPU sec, 0.102 real sec
294476 [main] INFO main.java.edu.mit.compbio.bisulfitehic.mapping.Bhmem  - Processing reads 985000 ...
294476 [main] INFO main.java.edu.mit.compbio.bisulfitehic.mapping.Bhmem  - Unique mapped and paired reads 975066 ...
294479 [main] INFO main.java.edu.mit.compbio.bisulfitehic.mapping.Bhmem  - Processing reads 986000 ...
294479 [main] INFO main.java.edu.mit.compbio.bisulfitehic.mapping.Bhmem  - Unique mapped and paired reads 975066 ...
[M::mem_process_seqs] Processed 1001 reads in 0.718 CPU sec, 0.120 real sec
[M::mem_process_seqs] Processed 1001 reads in 0.690 CPU sec, 0.090 real sec
[M::mem_process_seqs] Processed 1001 reads in 0.789 CPU sec, 0.133 real sec
[M::mem_process_seqs] Processed 1001 reads in 0.729 CPU sec, 0.112 real sec
295079 [main] INFO main.java.edu.mit.compbio.bisulfitehic.mapping.Bhmem  - Processing reads 987000 ...
295079 [main] INFO main.java.edu.mit.compbio.bisulfitehic.mapping.Bhmem  - Unique mapped and paired reads 977046 ...
295082 [main] INFO main.java.edu.mit.compbio.bisulfitehic.mapping.Bhmem  - Processing reads 988000 ...
295082 [main] INFO main.java.edu.mit.compbio.bisulfitehic.mapping.Bhmem  - Unique mapped and paired reads 977046 ...
[M::mem_process_seqs] Processed 1001 reads in 0.770 CPU sec, 0.100 real sec
[M::mem_process_seqs] Processed 1001 reads in 0.670 CPU sec, 0.085 real sec
[M::mem_process_seqs] Processed 1001 reads in 0.769 CPU sec, 0.098 real sec
[M::mem_process_seqs] Processed 1001 reads in 0.715 CPU sec, 0.104 real sec
295602 [main] INFO main.java.edu.mit.compbio.bisulfitehic.mapping.Bhmem  - Processing reads 989000 ...
295602 [main] INFO main.java.edu.mit.compbio.bisulfitehic.mapping.Bhmem  - Unique mapped and paired reads 979034 ...
295605 [main] INFO main.java.edu.mit.compbio.bisulfitehic.mapping.Bhmem  - Processing reads 990000 ...
295605 [main] INFO main.java.edu.mit.compbio.bisulfitehic.mapping.Bhmem  - Unique mapped and paired reads 979034 ...
[M::mem_process_seqs] Processed 1001 reads in 0.823 CPU sec, 0.107 real sec
[M::mem_process_seqs] Processed 1001 reads in 0.762 CPU sec, 0.117 real sec
[M::mem_process_seqs] Processed 1001 reads in 0.881 CPU sec, 0.129 real sec
[M::mem_process_seqs] Processed 1001 reads in 0.880 CPU sec, 0.132 real sec
296223 [main] INFO main.java.edu.mit.compbio.bisulfitehic.mapping.Bhmem  - Processing reads 991000 ...
296223 [main] INFO main.java.edu.mit.compbio.bisulfitehic.mapping.Bhmem  - Unique mapped and paired reads 981010 ...
296226 [main] INFO main.java.edu.mit.compbio.bisulfitehic.mapping.Bhmem  - Processing reads 992000 ...
296226 [main] INFO main.java.edu.mit.compbio.bisulfitehic.mapping.Bhmem  - Unique mapped and paired reads 981010 ...
[M::mem_process_seqs] Processed 1001 reads in 0.822 CPU sec, 0.105 real sec
[M::mem_process_seqs] Processed 1001 reads in 0.720 CPU sec, 0.127 real sec
[M::mem_process_seqs] Processed 1001 reads in 0.878 CPU sec, 0.111 real sec
[M::mem_process_seqs] Processed 1001 reads in 0.791 CPU sec, 0.108 real sec
296811 [main] INFO main.java.edu.mit.compbio.bisulfitehic.mapping.Bhmem  - Processing reads 993000 ...
296811 [main] INFO main.java.edu.mit.compbio.bisulfitehic.mapping.Bhmem  - Unique mapped and paired reads 982996 ...
296814 [main] INFO main.java.edu.mit.compbio.bisulfitehic.mapping.Bhmem  - Processing reads 994000 ...
296814 [main] INFO main.java.edu.mit.compbio.bisulfitehic.mapping.Bhmem  - Unique mapped and paired reads 982996 ...
[M::mem_process_seqs] Processed 1001 reads in 0.793 CPU sec, 0.101 real sec
[M::mem_process_seqs] Processed 1001 reads in 0.743 CPU sec, 0.102 real sec
[M::mem_process_seqs] Processed 1001 reads in 0.769 CPU sec, 0.130 real sec
[M::mem_process_seqs] Processed 1001 reads in 0.803 CPU sec, 0.101 real sec
297383 [main] INFO main.java.edu.mit.compbio.bisulfitehic.mapping.Bhmem  - Processing reads 995000 ...
297383 [main] INFO main.java.edu.mit.compbio.bisulfitehic.mapping.Bhmem  - Unique mapped and paired reads 984972 ...
297386 [main] INFO main.java.edu.mit.compbio.bisulfitehic.mapping.Bhmem  - Processing reads 996000 ...
297386 [main] INFO main.java.edu.mit.compbio.bisulfitehic.mapping.Bhmem  - Unique mapped and paired reads 984972 ...
[M::mem_process_seqs] Processed 1001 reads in 0.759 CPU sec, 0.134 real sec
[M::mem_process_seqs] Processed 1001 reads in 0.782 CPU sec, 0.100 real sec
[M::mem_process_seqs] Processed 1001 reads in 0.851 CPU sec, 0.116 real sec
[M::mem_process_seqs] Processed 1001 reads in 0.871 CPU sec, 0.121 real sec
297997 [main] INFO main.java.edu.mit.compbio.bisulfitehic.mapping.Bhmem  - Processing reads 997000 ...
297997 [main] INFO main.java.edu.mit.compbio.bisulfitehic.mapping.Bhmem  - Unique mapped and paired reads 986960 ...
298000 [main] INFO main.java.edu.mit.compbio.bisulfitehic.mapping.Bhmem  - Processing reads 998000 ...
298000 [main] INFO main.java.edu.mit.compbio.bisulfitehic.mapping.Bhmem  - Unique mapped and paired reads 986960 ...
[M::mem_process_seqs] Processed 1001 reads in 0.770 CPU sec, 0.110 real sec
[M::mem_process_seqs] Processed 1001 reads in 0.665 CPU sec, 0.089 real sec
[M::mem_process_seqs] Processed 1001 reads in 0.763 CPU sec, 0.108 real sec
[M::mem_process_seqs] Processed 1001 reads in 0.771 CPU sec, 0.115 real sec
298549 [main] INFO main.java.edu.mit.compbio.bisulfitehic.mapping.Bhmem  - Processing reads 999000 ...
298549 [main] INFO main.java.edu.mit.compbio.bisulfitehic.mapping.Bhmem  - Unique mapped and paired reads 988956 ...
298552 [main] INFO main.java.edu.mit.compbio.bisulfitehic.mapping.Bhmem  - Processing reads 1000000 ...
298552 [main] INFO main.java.edu.mit.compbio.bisulfitehic.mapping.Bhmem  - Unique mapped and paired reads 988956 ...
298555 [main] INFO main.java.edu.mit.compbio.bisulfitehic.mapping.Bhmem  - Processing reads 1001000 ...
298555 [main] INFO main.java.edu.mit.compbio.bisulfitehic.mapping.Bhmem  - Unique mapped and paired reads 988956 ...
[M::mem_process_seqs] Processed 1001 reads in 0.771 CPU sec, 0.111 real sec
[M::mem_process_seqs] Processed 1001 reads in 0.704 CPU sec, 0.095 real sec
[M::mem_process_seqs] Processed 1001 reads in 0.823 CPU sec, 0.105 real sec
[M::mem_process_seqs] Processed 1001 reads in 0.780 CPU sec, 0.116 real sec
299131 [main] INFO main.java.edu.mit.compbio.bisulfitehic.mapping.Bhmem  - Processing reads 1002000 ...
299131 [main] INFO main.java.edu.mit.compbio.bisulfitehic.mapping.Bhmem  - Unique mapped and paired reads 990934 ...
299134 [main] INFO main.java.edu.mit.compbio.bisulfitehic.mapping.Bhmem  - Processing reads 1003000 ...
299134 [main] INFO main.java.edu.mit.compbio.bisulfitehic.mapping.Bhmem  - Unique mapped and paired reads 990934 ...
[M::mem_process_seqs] Processed 1001 reads in 0.804 CPU sec, 0.102 real sec
[M::mem_process_seqs] Processed 1001 reads in 0.739 CPU sec, 0.105 real sec
[M::mem_process_seqs] Processed 1001 reads in 0.856 CPU sec, 0.113 real sec
[M::mem_process_seqs] Processed 1001 reads in 0.806 CPU sec, 0.114 real sec
299703 [main] INFO main.java.edu.mit.compbio.bisulfitehic.mapping.Bhmem  - Processing reads 1004000 ...
299703 [main] INFO main.java.edu.mit.compbio.bisulfitehic.mapping.Bhmem  - Unique mapped and paired reads 992916 ...
299706 [main] INFO main.java.edu.mit.compbio.bisulfitehic.mapping.Bhmem  - Processing reads 1005000 ...
299706 [main] INFO main.java.edu.mit.compbio.bisulfitehic.mapping.Bhmem  - Unique mapped and paired reads 992916 ...
[M::mem_process_seqs] Processed 1001 reads in 0.749 CPU sec, 0.115 real sec
[M::mem_process_seqs] Processed 1001 reads in 0.673 CPU sec, 0.111 real sec
[M::mem_process_seqs] Processed 1001 reads in 0.855 CPU sec, 0.126 real sec
[M::mem_process_seqs] Processed 1001 reads in 0.853 CPU sec, 0.115 real sec
300306 [main] INFO main.java.edu.mit.compbio.bisulfitehic.mapping.Bhmem  - Processing reads 1006000 ...
300306 [main] INFO main.java.edu.mit.compbio.bisulfitehic.mapping.Bhmem  - Unique mapped and paired reads 994896 ...
300309 [main] INFO main.java.edu.mit.compbio.bisulfitehic.mapping.Bhmem  - Processing reads 1007000 ...
300309 [main] INFO main.java.edu.mit.compbio.bisulfitehic.mapping.Bhmem  - Unique mapped and paired reads 994896 ...
[M::mem_process_seqs] Processed 1001 reads in 0.750 CPU sec, 0.095 real sec
[M::mem_process_seqs] Processed 1001 reads in 0.680 CPU sec, 0.087 real sec
[M::mem_process_seqs] Processed 1001 reads in 0.808 CPU sec, 0.127 real sec
[M::mem_process_seqs] Processed 1001 reads in 0.766 CPU sec, 0.102 real sec
300861 [main] INFO main.java.edu.mit.compbio.bisulfitehic.mapping.Bhmem  - Processing reads 1008000 ...
300861 [main] INFO main.java.edu.mit.compbio.bisulfitehic.mapping.Bhmem  - Unique mapped and paired reads 996878 ...
300864 [main] INFO main.java.edu.mit.compbio.bisulfitehic.mapping.Bhmem  - Processing reads 1009000 ...
300864 [main] INFO main.java.edu.mit.compbio.bisulfitehic.mapping.Bhmem  - Unique mapped and paired reads 996878 ...
[M::mem_process_seqs] Processed 1001 reads in 0.770 CPU sec, 0.098 real sec
[M::mem_process_seqs] Processed 1001 reads in 0.705 CPU sec, 0.090 real sec
[M::mem_process_seqs] Processed 1001 reads in 0.798 CPU sec, 0.108 real sec
[M::mem_process_seqs] Processed 1001 reads in 0.761 CPU sec, 0.099 real sec
301391 [main] INFO main.java.edu.mit.compbio.bisulfitehic.mapping.Bhmem  - Processing reads 1010000 ...
301391 [main] INFO main.java.edu.mit.compbio.bisulfitehic.mapping.Bhmem  - Unique mapped and paired reads 998864 ...
301394 [main] INFO main.java.edu.mit.compbio.bisulfitehic.mapping.Bhmem  - Processing reads 1011000 ...
301394 [main] INFO main.java.edu.mit.compbio.bisulfitehic.mapping.Bhmem  - Unique mapped and paired reads 998864 ...
[M::mem_process_seqs] Processed 1001 reads in 0.781 CPU sec, 0.099 real sec
[M::mem_process_seqs] Processed 1001 reads in 0.666 CPU sec, 0.089 real sec
[M::mem_process_seqs] Processed 1001 reads in 0.807 CPU sec, 0.104 real sec
[M::mem_process_seqs] Processed 1001 reads in 0.770 CPU sec, 0.102 real sec
301923 [main] INFO main.java.edu.mit.compbio.bisulfitehic.mapping.Bhmem  - Processing reads 1012000 ...
301923 [main] INFO main.java.edu.mit.compbio.bisulfitehic.mapping.Bhmem  - Unique mapped and paired reads 1000850 ...
301926 [main] INFO main.java.edu.mit.compbio.bisulfitehic.mapping.Bhmem  - Processing reads 1013000 ...
301926 [main] INFO main.java.edu.mit.compbio.bisulfitehic.mapping.Bhmem  - Unique mapped and paired reads 1000850 ...
[M::mem_process_seqs] Processed 1001 reads in 0.772 CPU sec, 0.119 real sec
[M::mem_process_seqs] Processed 1001 reads in 0.759 CPU sec, 0.109 real sec
[M::mem_process_seqs] Processed 1001 reads in 0.882 CPU sec, 0.112 real sec
[M::mem_process_seqs] Processed 1001 reads in 0.915 CPU sec, 0.122 real sec
302535 [main] INFO main.java.edu.mit.compbio.bisulfitehic.mapping.Bhmem  - Processing reads 1014000 ...
302535 [main] INFO main.java.edu.mit.compbio.bisulfitehic.mapping.Bhmem  - Unique mapped and paired reads 1002842 ...
302538 [main] INFO main.java.edu.mit.compbio.bisulfitehic.mapping.Bhmem  - Processing reads 1015000 ...
302538 [main] INFO main.java.edu.mit.compbio.bisulfitehic.mapping.Bhmem  - Unique mapped and paired reads 1002842 ...
[M::mem_process_seqs] Processed 1001 reads in 0.795 CPU sec, 0.119 real sec
[M::mem_process_seqs] Processed 1001 reads in 0.701 CPU sec, 0.092 real sec
[M::mem_process_seqs] Processed 1001 reads in 0.785 CPU sec, 0.115 real sec
[M::mem_process_seqs] Processed 1001 reads in 0.775 CPU sec, 0.106 real sec
303114 [main] INFO main.java.edu.mit.compbio.bisulfitehic.mapping.Bhmem  - Processing reads 1016000 ...
303114 [main] INFO main.java.edu.mit.compbio.bisulfitehic.mapping.Bhmem  - Unique mapped and paired reads 1004830 ...
303117 [main] INFO main.java.edu.mit.compbio.bisulfitehic.mapping.Bhmem  - Processing reads 1017000 ...
303117 [main] INFO main.java.edu.mit.compbio.bisulfitehic.mapping.Bhmem  - Unique mapped and paired reads 1004830 ...
[M::mem_process_seqs] Processed 1001 reads in 0.805 CPU sec, 0.127 real sec
[M::mem_process_seqs] Processed 1001 reads in 0.760 CPU sec, 0.101 real sec
[M::mem_process_seqs] Processed 1001 reads in 0.849 CPU sec, 0.113 real sec
[M::mem_process_seqs] Processed 1001 reads in 0.871 CPU sec, 0.112 real sec
303714 [main] INFO main.java.edu.mit.compbio.bisulfitehic.mapping.Bhmem  - Processing reads 1018000 ...
303714 [main] INFO main.java.edu.mit.compbio.bisulfitehic.mapping.Bhmem  - Unique mapped and paired reads 1006804 ...
303717 [main] INFO main.java.edu.mit.compbio.bisulfitehic.mapping.Bhmem  - Processing reads 1019000 ...
303717 [main] INFO main.java.edu.mit.compbio.bisulfitehic.mapping.Bhmem  - Unique mapped and paired reads 1006804 ...
[M::mem_process_seqs] Processed 1001 reads in 0.759 CPU sec, 0.132 real sec
[M::mem_process_seqs] Processed 1001 reads in 0.697 CPU sec, 0.089 real sec
[M::mem_process_seqs] Processed 1001 reads in 0.767 CPU sec, 0.113 real sec
[M::mem_process_seqs] Processed 1001 reads in 0.723 CPU sec, 0.134 real sec
304322 [main] INFO main.java.edu.mit.compbio.bisulfitehic.mapping.Bhmem  - Processing reads 1020000 ...
304322 [main] INFO main.java.edu.mit.compbio.bisulfitehic.mapping.Bhmem  - Unique mapped and paired reads 1008788 ...
304325 [main] INFO main.java.edu.mit.compbio.bisulfitehic.mapping.Bhmem  - Processing reads 1021000 ...
304325 [main] INFO main.java.edu.mit.compbio.bisulfitehic.mapping.Bhmem  - Unique mapped and paired reads 1008788 ...
[M::mem_process_seqs] Processed 1001 reads in 0.775 CPU sec, 0.098 real sec
[M::mem_process_seqs] Processed 1001 reads in 0.665 CPU sec, 0.094 real sec
[M::mem_process_seqs] Processed 1001 reads in 0.802 CPU sec, 0.112 real sec
[M::mem_process_seqs] Processed 1001 reads in 0.782 CPU sec, 0.112 real sec
304882 [main] INFO main.java.edu.mit.compbio.bisulfitehic.mapping.Bhmem  - Processing reads 1022000 ...
304882 [main] INFO main.java.edu.mit.compbio.bisulfitehic.mapping.Bhmem  - Unique mapped and paired reads 1010774 ...
304885 [main] INFO main.java.edu.mit.compbio.bisulfitehic.mapping.Bhmem  - Processing reads 1023000 ...
304885 [main] INFO main.java.edu.mit.compbio.bisulfitehic.mapping.Bhmem  - Unique mapped and paired reads 1010774 ...
[M::mem_process_seqs] Processed 1001 reads in 0.782 CPU sec, 0.114 real sec
[M::mem_process_seqs] Processed 1001 reads in 0.742 CPU sec, 0.106 real sec
[M::mem_process_seqs] Processed 1001 reads in 0.873 CPU sec, 0.111 real sec
[M::mem_process_seqs] Processed 1001 reads in 0.784 CPU sec, 0.120 real sec
305477 [main] INFO main.java.edu.mit.compbio.bisulfitehic.mapping.Bhmem  - Processing reads 1024000 ...
305477 [main] INFO main.java.edu.mit.compbio.bisulfitehic.mapping.Bhmem  - Unique mapped and paired reads 1012760 ...
305480 [main] INFO main.java.edu.mit.compbio.bisulfitehic.mapping.Bhmem  - Processing reads 1025000 ...
305480 [main] INFO main.java.edu.mit.compbio.bisulfitehic.mapping.Bhmem  - Unique mapped and paired reads 1012760 ...
[M::mem_process_seqs] Processed 1001 reads in 0.874 CPU sec, 0.125 real sec
[M::mem_process_seqs] Processed 1001 reads in 0.822 CPU sec, 0.106 real sec
[M::mem_process_seqs] Processed 1001 reads in 0.979 CPU sec, 0.142 real sec
[M::mem_process_seqs] Processed 1001 reads in 1.003 CPU sec, 0.145 real sec
306147 [main] INFO main.java.edu.mit.compbio.bisulfitehic.mapping.Bhmem  - Processing reads 1026000 ...
306147 [main] INFO main.java.edu.mit.compbio.bisulfitehic.mapping.Bhmem  - Unique mapped and paired reads 1014742 ...
306150 [main] INFO main.java.edu.mit.compbio.bisulfitehic.mapping.Bhmem  - Processing reads 1027000 ...
306150 [main] INFO main.java.edu.mit.compbio.bisulfitehic.mapping.Bhmem  - Unique mapped and paired reads 1014742 ...
[M::mem_process_seqs] Processed 1001 reads in 0.913 CPU sec, 0.117 real sec
[M::mem_process_seqs] Processed 1001 reads in 0.881 CPU sec, 0.114 real sec
[M::mem_process_seqs] Processed 1001 reads in 1.026 CPU sec, 0.139 real sec
[M::mem_process_seqs] Processed 1001 reads in 1.048 CPU sec, 0.152 real sec
306824 [main] INFO main.java.edu.mit.compbio.bisulfitehic.mapping.Bhmem  - Processing reads 1028000 ...
306824 [main] INFO main.java.edu.mit.compbio.bisulfitehic.mapping.Bhmem  - Unique mapped and paired reads 1016710 ...
306827 [main] INFO main.java.edu.mit.compbio.bisulfitehic.mapping.Bhmem  - Processing reads 1029000 ...
306828 [main] INFO main.java.edu.mit.compbio.bisulfitehic.mapping.Bhmem  - Unique mapped and paired reads 1016710 ...
[M::mem_process_seqs] Processed 1001 reads in 0.840 CPU sec, 0.108 real sec
[M::mem_process_seqs] Processed 1001 reads in 0.761 CPU sec, 0.101 real sec
[M::mem_process_seqs] Processed 1001 reads in 0.998 CPU sec, 0.146 real sec
[M::mem_process_seqs] Processed 1001 reads in 0.944 CPU sec, 0.139 real sec
307470 [main] INFO main.java.edu.mit.compbio.bisulfitehic.mapping.Bhmem  - Processing reads 1030000 ...
307470 [main] INFO main.java.edu.mit.compbio.bisulfitehic.mapping.Bhmem  - Unique mapped and paired reads 1018690 ...
307473 [main] INFO main.java.edu.mit.compbio.bisulfitehic.mapping.Bhmem  - Processing reads 1031000 ...
307473 [main] INFO main.java.edu.mit.compbio.bisulfitehic.mapping.Bhmem  - Unique mapped and paired reads 1018690 ...
[M::mem_process_seqs] Processed 1001 reads in 0.862 CPU sec, 0.114 real sec
[M::mem_process_seqs] Processed 1001 reads in 0.808 CPU sec, 0.103 real sec
[M::mem_process_seqs] Processed 1001 reads in 0.979 CPU sec, 0.126 real sec
[M::mem_process_seqs] Processed 1001 reads in 1.020 CPU sec, 0.130 real sec
[M::mem_process_seqs] Processed 328 reads in 0.322 CPU sec, 0.043 real sec
[M::mem_process_seqs] Processed 328 reads in 0.247 CPU sec, 0.036 real sec
[M::mem_process_seqs] Processed 328 reads in 0.328 CPU sec, 0.043 real sec
[M::mem_process_seqs] Processed 328 reads in 0.311 CPU sec, 0.045 real sec
308337 [main] INFO main.java.edu.mit.compbio.bisulfitehic.mapping.Bhmem  - 1031686 reads in total
308340 [main] INFO main.java.edu.mit.compbio.bisulfitehic.mapping.Bhmem  - Unique Mapped and paired 1021322 reads (99.00%)
308340 [main] INFO main.java.edu.mit.compbio.bisulfitehic.mapping.Bhmem  - Bhmem's running time is: 308.38 secs, 5.14 mins, 0.09 hours
