0 [main] INFO main.java.edu.mit.compbio.bisulfitehic.mapping.Bhmem  - Parsing input -enzymeList bed file ...
[M::bwa_idx_load_from_disk] read 0 ALT contigs
[M::bwa_idx_load_from_disk] read 0 ALT contigs
19181 [main] INFO main.java.edu.mit.compbio.bisulfitehic.mapping.Bhmem  - Processing reads 1000 ...
19182 [main] INFO main.java.edu.mit.compbio.bisulfitehic.mapping.Bhmem  - Unique mapped and paired reads 0 ...
19190 [main] INFO main.java.edu.mit.compbio.bisulfitehic.mapping.Bhmem  - Processing reads 2000 ...
19190 [main] INFO main.java.edu.mit.compbio.bisulfitehic.mapping.Bhmem  - Unique mapped and paired reads 0 ...
[M::mem_process_seqs] Processed 1001 reads in 0.704 CPU sec, 0.089 real sec
[M::mem_process_seqs] Processed 1001 reads in 0.617 CPU sec, 0.081 real sec
[M::mem_process_seqs] Processed 1001 reads in 0.698 CPU sec, 0.088 real sec
[M::mem_process_seqs] Processed 1001 reads in 0.689 CPU sec, 0.095 real sec
19907 [main] INFO main.java.edu.mit.compbio.bisulfitehic.mapping.Bhmem  - Processing reads 3000 ...
19907 [main] INFO main.java.edu.mit.compbio.bisulfitehic.mapping.Bhmem  - Unique mapped and paired reads 1980 ...
19911 [main] INFO main.java.edu.mit.compbio.bisulfitehic.mapping.Bhmem  - Processing reads 4000 ...
19911 [main] INFO main.java.edu.mit.compbio.bisulfitehic.mapping.Bhmem  - Unique mapped and paired reads 1980 ...
[M::mem_process_seqs] Processed 1001 reads in 0.850 CPU sec, 0.117 real sec
[M::mem_process_seqs] Processed 1001 reads in 0.770 CPU sec, 0.099 real sec
[M::mem_process_seqs] Processed 1001 reads in 0.775 CPU sec, 0.102 real sec
[M::mem_process_seqs] Processed 1001 reads in 0.718 CPU sec, 0.093 real sec
20506 [main] INFO main.java.edu.mit.compbio.bisulfitehic.mapping.Bhmem  - Processing reads 5000 ...
20506 [main] INFO main.java.edu.mit.compbio.bisulfitehic.mapping.Bhmem  - Unique mapped and paired reads 3956 ...
20509 [main] INFO main.java.edu.mit.compbio.bisulfitehic.mapping.Bhmem  - Processing reads 6000 ...
20509 [main] INFO main.java.edu.mit.compbio.bisulfitehic.mapping.Bhmem  - Unique mapped and paired reads 3956 ...
[M::mem_process_seqs] Processed 1001 reads in 0.848 CPU sec, 0.109 real sec
[M::mem_process_seqs] Processed 1001 reads in 0.887 CPU sec, 0.126 real sec
[M::mem_process_seqs] Processed 1001 reads in 0.845 CPU sec, 0.108 real sec
[M::mem_process_seqs] Processed 1001 reads in 0.697 CPU sec, 0.089 real sec
21079 [main] INFO main.java.edu.mit.compbio.bisulfitehic.mapping.Bhmem  - Processing reads 7000 ...
21079 [main] INFO main.java.edu.mit.compbio.bisulfitehic.mapping.Bhmem  - Unique mapped and paired reads 5930 ...
21082 [main] INFO main.java.edu.mit.compbio.bisulfitehic.mapping.Bhmem  - Processing reads 8000 ...
21082 [main] INFO main.java.edu.mit.compbio.bisulfitehic.mapping.Bhmem  - Unique mapped and paired reads 5930 ...
[M::mem_process_seqs] Processed 1001 reads in 0.752 CPU sec, 0.096 real sec
[M::mem_process_seqs] Processed 1001 reads in 0.651 CPU sec, 0.084 real sec
[M::mem_process_seqs] Processed 1001 reads in 0.733 CPU sec, 0.093 real sec
[M::mem_process_seqs] Processed 1001 reads in 0.752 CPU sec, 0.095 real sec
21583 [main] INFO main.java.edu.mit.compbio.bisulfitehic.mapping.Bhmem  - Processing reads 9000 ...
21583 [main] INFO main.java.edu.mit.compbio.bisulfitehic.mapping.Bhmem  - Unique mapped and paired reads 7928 ...
21586 [main] INFO main.java.edu.mit.compbio.bisulfitehic.mapping.Bhmem  - Processing reads 10000 ...
21586 [main] INFO main.java.edu.mit.compbio.bisulfitehic.mapping.Bhmem  - Unique mapped and paired reads 7928 ...
[M::mem_process_seqs] Processed 1001 reads in 0.863 CPU sec, 0.110 real sec
[M::mem_process_seqs] Processed 1001 reads in 0.635 CPU sec, 0.082 real sec
[M::mem_process_seqs] Processed 1001 reads in 0.823 CPU sec, 0.103 real sec
[M::mem_process_seqs] Processed 1001 reads in 0.659 CPU sec, 0.083 real sec
22098 [main] INFO main.java.edu.mit.compbio.bisulfitehic.mapping.Bhmem  - Processing reads 11000 ...
22099 [main] INFO main.java.edu.mit.compbio.bisulfitehic.mapping.Bhmem  - Unique mapped and paired reads 9912 ...
22104 [main] INFO main.java.edu.mit.compbio.bisulfitehic.mapping.Bhmem  - Processing reads 12000 ...
22104 [main] INFO main.java.edu.mit.compbio.bisulfitehic.mapping.Bhmem  - Unique mapped and paired reads 9912 ...
[M::mem_process_seqs] Processed 1001 reads in 0.656 CPU sec, 0.083 real sec
[M::mem_process_seqs] Processed 1001 reads in 0.577 CPU sec, 0.073 real sec
[M::mem_process_seqs] Processed 1001 reads in 0.656 CPU sec, 0.090 real sec
[M::mem_process_seqs] Processed 1001 reads in 0.654 CPU sec, 0.083 real sec
22561 [main] INFO main.java.edu.mit.compbio.bisulfitehic.mapping.Bhmem  - Processing reads 13000 ...
22561 [main] INFO main.java.edu.mit.compbio.bisulfitehic.mapping.Bhmem  - Unique mapped and paired reads 11904 ...
22564 [main] INFO main.java.edu.mit.compbio.bisulfitehic.mapping.Bhmem  - Processing reads 14000 ...
22564 [main] INFO main.java.edu.mit.compbio.bisulfitehic.mapping.Bhmem  - Unique mapped and paired reads 11904 ...
[M::mem_process_seqs] Processed 1001 reads in 0.646 CPU sec, 0.083 real sec
[M::mem_process_seqs] Processed 1001 reads in 0.542 CPU sec, 0.070 real sec
[M::mem_process_seqs] Processed 1001 reads in 0.640 CPU sec, 0.081 real sec
[M::mem_process_seqs] Processed 1001 reads in 0.597 CPU sec, 0.077 real sec
23003 [main] INFO main.java.edu.mit.compbio.bisulfitehic.mapping.Bhmem  - Processing reads 15000 ...
23003 [main] INFO main.java.edu.mit.compbio.bisulfitehic.mapping.Bhmem  - Unique mapped and paired reads 13880 ...
23006 [main] INFO main.java.edu.mit.compbio.bisulfitehic.mapping.Bhmem  - Processing reads 16000 ...
23006 [main] INFO main.java.edu.mit.compbio.bisulfitehic.mapping.Bhmem  - Unique mapped and paired reads 13880 ...
[M::mem_process_seqs] Processed 1001 reads in 0.665 CPU sec, 0.084 real sec
[M::mem_process_seqs] Processed 1001 reads in 0.569 CPU sec, 0.073 real sec
[M::mem_process_seqs] Processed 1001 reads in 0.703 CPU sec, 0.090 real sec
[M::mem_process_seqs] Processed 1001 reads in 0.708 CPU sec, 0.091 real sec
23482 [main] INFO main.java.edu.mit.compbio.bisulfitehic.mapping.Bhmem  - Processing reads 17000 ...
23482 [main] INFO main.java.edu.mit.compbio.bisulfitehic.mapping.Bhmem  - Unique mapped and paired reads 15862 ...
23485 [main] INFO main.java.edu.mit.compbio.bisulfitehic.mapping.Bhmem  - Processing reads 18000 ...
23485 [main] INFO main.java.edu.mit.compbio.bisulfitehic.mapping.Bhmem  - Unique mapped and paired reads 15862 ...
[M::mem_process_seqs] Processed 1001 reads in 0.646 CPU sec, 0.082 real sec
[M::mem_process_seqs] Processed 1001 reads in 0.613 CPU sec, 0.077 real sec
[M::mem_process_seqs] Processed 1001 reads in 0.671 CPU sec, 0.090 real sec
[M::mem_process_seqs] Processed 1001 reads in 0.691 CPU sec, 0.087 real sec
23952 [main] INFO main.java.edu.mit.compbio.bisulfitehic.mapping.Bhmem  - Processing reads 19000 ...
23952 [main] INFO main.java.edu.mit.compbio.bisulfitehic.mapping.Bhmem  - Unique mapped and paired reads 17846 ...
23955 [main] INFO main.java.edu.mit.compbio.bisulfitehic.mapping.Bhmem  - Processing reads 20000 ...
23955 [main] INFO main.java.edu.mit.compbio.bisulfitehic.mapping.Bhmem  - Unique mapped and paired reads 17846 ...
[M::mem_process_seqs] Processed 1001 reads in 0.677 CPU sec, 0.089 real sec
[M::mem_process_seqs] Processed 1001 reads in 0.543 CPU sec, 0.070 real sec
[M::mem_process_seqs] Processed 1001 reads in 0.681 CPU sec, 0.086 real sec
[M::mem_process_seqs] Processed 1001 reads in 0.636 CPU sec, 0.081 real sec
24410 [main] INFO main.java.edu.mit.compbio.bisulfitehic.mapping.Bhmem  - Processing reads 21000 ...
24410 [main] INFO main.java.edu.mit.compbio.bisulfitehic.mapping.Bhmem  - Unique mapped and paired reads 19826 ...
24413 [main] INFO main.java.edu.mit.compbio.bisulfitehic.mapping.Bhmem  - Processing reads 22000 ...
24413 [main] INFO main.java.edu.mit.compbio.bisulfitehic.mapping.Bhmem  - Unique mapped and paired reads 19826 ...
[M::mem_process_seqs] Processed 1001 reads in 0.626 CPU sec, 0.081 real sec
[M::mem_process_seqs] Processed 1001 reads in 0.564 CPU sec, 0.072 real sec
[M::mem_process_seqs] Processed 1001 reads in 0.686 CPU sec, 0.092 real sec
[M::mem_process_seqs] Processed 1001 reads in 0.664 CPU sec, 0.088 real sec
24870 [main] INFO main.java.edu.mit.compbio.bisulfitehic.mapping.Bhmem  - Processing reads 23000 ...
24870 [main] INFO main.java.edu.mit.compbio.bisulfitehic.mapping.Bhmem  - Unique mapped and paired reads 21800 ...
24873 [main] INFO main.java.edu.mit.compbio.bisulfitehic.mapping.Bhmem  - Processing reads 24000 ...
24873 [main] INFO main.java.edu.mit.compbio.bisulfitehic.mapping.Bhmem  - Unique mapped and paired reads 21800 ...
[M::mem_process_seqs] Processed 1001 reads in 0.711 CPU sec, 0.092 real sec
[M::mem_process_seqs] Processed 1001 reads in 0.658 CPU sec, 0.083 real sec
[M::mem_process_seqs] Processed 1001 reads in 0.731 CPU sec, 0.095 real sec
[M::mem_process_seqs] Processed 1001 reads in 0.723 CPU sec, 0.091 real sec
25367 [main] INFO main.java.edu.mit.compbio.bisulfitehic.mapping.Bhmem  - Processing reads 25000 ...
25367 [main] INFO main.java.edu.mit.compbio.bisulfitehic.mapping.Bhmem  - Unique mapped and paired reads 23786 ...
25370 [main] INFO main.java.edu.mit.compbio.bisulfitehic.mapping.Bhmem  - Processing reads 26000 ...
25370 [main] INFO main.java.edu.mit.compbio.bisulfitehic.mapping.Bhmem  - Unique mapped and paired reads 23786 ...
[M::mem_process_seqs] Processed 1001 reads in 0.702 CPU sec, 0.091 real sec
[M::mem_process_seqs] Processed 1001 reads in 0.719 CPU sec, 0.106 real sec
[M::mem_process_seqs] Processed 1001 reads in 0.840 CPU sec, 0.124 real sec
[M::mem_process_seqs] Processed 1001 reads in 0.796 CPU sec, 0.103 real sec
25930 [main] INFO main.java.edu.mit.compbio.bisulfitehic.mapping.Bhmem  - Processing reads 27000 ...
25930 [main] INFO main.java.edu.mit.compbio.bisulfitehic.mapping.Bhmem  - Unique mapped and paired reads 25778 ...
25933 [main] INFO main.java.edu.mit.compbio.bisulfitehic.mapping.Bhmem  - Processing reads 28000 ...
25933 [main] INFO main.java.edu.mit.compbio.bisulfitehic.mapping.Bhmem  - Unique mapped and paired reads 25778 ...
[M::mem_process_seqs] Processed 1001 reads in 0.695 CPU sec, 0.090 real sec
[M::mem_process_seqs] Processed 1001 reads in 0.581 CPU sec, 0.073 real sec
[M::mem_process_seqs] Processed 1001 reads in 0.747 CPU sec, 0.100 real sec
[M::mem_process_seqs] Processed 1001 reads in 0.721 CPU sec, 0.091 real sec
26417 [main] INFO main.java.edu.mit.compbio.bisulfitehic.mapping.Bhmem  - Processing reads 29000 ...
26417 [main] INFO main.java.edu.mit.compbio.bisulfitehic.mapping.Bhmem  - Unique mapped and paired reads 27764 ...
26420 [main] INFO main.java.edu.mit.compbio.bisulfitehic.mapping.Bhmem  - Processing reads 30000 ...
26420 [main] INFO main.java.edu.mit.compbio.bisulfitehic.mapping.Bhmem  - Unique mapped and paired reads 27764 ...
[M::mem_process_seqs] Processed 1001 reads in 0.666 CPU sec, 0.087 real sec
[M::mem_process_seqs] Processed 1001 reads in 0.580 CPU sec, 0.074 real sec
[M::mem_process_seqs] Processed 1001 reads in 0.675 CPU sec, 0.086 real sec
[M::mem_process_seqs] Processed 1001 reads in 0.663 CPU sec, 0.085 real sec
26880 [main] INFO main.java.edu.mit.compbio.bisulfitehic.mapping.Bhmem  - Processing reads 31000 ...
26880 [main] INFO main.java.edu.mit.compbio.bisulfitehic.mapping.Bhmem  - Unique mapped and paired reads 29748 ...
26883 [main] INFO main.java.edu.mit.compbio.bisulfitehic.mapping.Bhmem  - Processing reads 32000 ...
26883 [main] INFO main.java.edu.mit.compbio.bisulfitehic.mapping.Bhmem  - Unique mapped and paired reads 29748 ...
[M::mem_process_seqs] Processed 1001 reads in 0.632 CPU sec, 0.080 real sec
[M::mem_process_seqs] Processed 1001 reads in 0.594 CPU sec, 0.079 real sec
[M::mem_process_seqs] Processed 1001 reads in 0.663 CPU sec, 0.084 real sec
[M::mem_process_seqs] Processed 1001 reads in 0.642 CPU sec, 0.081 real sec
27331 [main] INFO main.java.edu.mit.compbio.bisulfitehic.mapping.Bhmem  - Processing reads 33000 ...
27331 [main] INFO main.java.edu.mit.compbio.bisulfitehic.mapping.Bhmem  - Unique mapped and paired reads 31732 ...
27334 [main] INFO main.java.edu.mit.compbio.bisulfitehic.mapping.Bhmem  - Processing reads 34000 ...
27334 [main] INFO main.java.edu.mit.compbio.bisulfitehic.mapping.Bhmem  - Unique mapped and paired reads 31732 ...
[M::mem_process_seqs] Processed 1001 reads in 0.684 CPU sec, 0.088 real sec
[M::mem_process_seqs] Processed 1001 reads in 0.574 CPU sec, 0.073 real sec
[M::mem_process_seqs] Processed 1001 reads in 0.717 CPU sec, 0.091 real sec
[M::mem_process_seqs] Processed 1001 reads in 0.679 CPU sec, 0.086 real sec
27799 [main] INFO main.java.edu.mit.compbio.bisulfitehic.mapping.Bhmem  - Processing reads 35000 ...
27799 [main] INFO main.java.edu.mit.compbio.bisulfitehic.mapping.Bhmem  - Unique mapped and paired reads 33720 ...
27802 [main] INFO main.java.edu.mit.compbio.bisulfitehic.mapping.Bhmem  - Processing reads 36000 ...
27802 [main] INFO main.java.edu.mit.compbio.bisulfitehic.mapping.Bhmem  - Unique mapped and paired reads 33720 ...
[M::mem_process_seqs] Processed 1001 reads in 0.729 CPU sec, 0.093 real sec
[M::mem_process_seqs] Processed 1001 reads in 0.648 CPU sec, 0.083 real sec
[M::mem_process_seqs] Processed 1001 reads in 0.737 CPU sec, 0.094 real sec
[M::mem_process_seqs] Processed 1001 reads in 0.739 CPU sec, 0.095 real sec
28298 [main] INFO main.java.edu.mit.compbio.bisulfitehic.mapping.Bhmem  - Processing reads 37000 ...
28298 [main] INFO main.java.edu.mit.compbio.bisulfitehic.mapping.Bhmem  - Unique mapped and paired reads 35708 ...
28301 [main] INFO main.java.edu.mit.compbio.bisulfitehic.mapping.Bhmem  - Processing reads 38000 ...
28301 [main] INFO main.java.edu.mit.compbio.bisulfitehic.mapping.Bhmem  - Unique mapped and paired reads 35708 ...
[M::mem_process_seqs] Processed 1001 reads in 0.679 CPU sec, 0.087 real sec
[M::mem_process_seqs] Processed 1001 reads in 0.605 CPU sec, 0.078 real sec
[M::mem_process_seqs] Processed 1001 reads in 0.755 CPU sec, 0.105 real sec
[M::mem_process_seqs] Processed 1001 reads in 0.787 CPU sec, 0.107 real sec
28810 [main] INFO main.java.edu.mit.compbio.bisulfitehic.mapping.Bhmem  - Processing reads 39000 ...
28810 [main] INFO main.java.edu.mit.compbio.bisulfitehic.mapping.Bhmem  - Unique mapped and paired reads 37694 ...
28813 [main] INFO main.java.edu.mit.compbio.bisulfitehic.mapping.Bhmem  - Processing reads 40000 ...
28813 [main] INFO main.java.edu.mit.compbio.bisulfitehic.mapping.Bhmem  - Unique mapped and paired reads 37694 ...
[M::mem_process_seqs] Processed 1001 reads in 0.737 CPU sec, 0.095 real sec
[M::mem_process_seqs] Processed 1001 reads in 0.688 CPU sec, 0.095 real sec
[M::mem_process_seqs] Processed 1001 reads in 0.873 CPU sec, 0.121 real sec
[M::mem_process_seqs] Processed 1001 reads in 0.829 CPU sec, 0.107 real sec
29363 [main] INFO main.java.edu.mit.compbio.bisulfitehic.mapping.Bhmem  - Processing reads 41000 ...
29363 [main] INFO main.java.edu.mit.compbio.bisulfitehic.mapping.Bhmem  - Unique mapped and paired reads 39674 ...
29366 [main] INFO main.java.edu.mit.compbio.bisulfitehic.mapping.Bhmem  - Processing reads 42000 ...
29366 [main] INFO main.java.edu.mit.compbio.bisulfitehic.mapping.Bhmem  - Unique mapped and paired reads 39674 ...
[M::mem_process_seqs] Processed 1001 reads in 0.689 CPU sec, 0.088 real sec
[M::mem_process_seqs] Processed 1001 reads in 0.598 CPU sec, 0.076 real sec
[M::mem_process_seqs] Processed 1001 reads in 0.737 CPU sec, 0.103 real sec
[M::mem_process_seqs] Processed 1001 reads in 0.794 CPU sec, 0.101 real sec
29866 [main] INFO main.java.edu.mit.compbio.bisulfitehic.mapping.Bhmem  - Processing reads 43000 ...
29866 [main] INFO main.java.edu.mit.compbio.bisulfitehic.mapping.Bhmem  - Unique mapped and paired reads 41664 ...
29869 [main] INFO main.java.edu.mit.compbio.bisulfitehic.mapping.Bhmem  - Processing reads 44000 ...
29869 [main] INFO main.java.edu.mit.compbio.bisulfitehic.mapping.Bhmem  - Unique mapped and paired reads 41664 ...
[M::mem_process_seqs] Processed 1001 reads in 0.741 CPU sec, 0.094 real sec
[M::mem_process_seqs] Processed 1001 reads in 0.650 CPU sec, 0.083 real sec
[M::mem_process_seqs] Processed 1001 reads in 0.742 CPU sec, 0.094 real sec
[M::mem_process_seqs] Processed 1001 reads in 0.781 CPU sec, 0.099 real sec
30372 [main] INFO main.java.edu.mit.compbio.bisulfitehic.mapping.Bhmem  - Processing reads 45000 ...
30372 [main] INFO main.java.edu.mit.compbio.bisulfitehic.mapping.Bhmem  - Unique mapped and paired reads 43652 ...
30375 [main] INFO main.java.edu.mit.compbio.bisulfitehic.mapping.Bhmem  - Processing reads 46000 ...
30375 [main] INFO main.java.edu.mit.compbio.bisulfitehic.mapping.Bhmem  - Unique mapped and paired reads 43652 ...
[M::mem_process_seqs] Processed 1001 reads in 0.835 CPU sec, 0.106 real sec
[M::mem_process_seqs] Processed 1001 reads in 0.696 CPU sec, 0.088 real sec
[M::mem_process_seqs] Processed 1001 reads in 0.793 CPU sec, 0.100 real sec
[M::mem_process_seqs] Processed 1001 reads in 0.727 CPU sec, 0.093 real sec
30899 [main] INFO main.java.edu.mit.compbio.bisulfitehic.mapping.Bhmem  - Processing reads 47000 ...
30899 [main] INFO main.java.edu.mit.compbio.bisulfitehic.mapping.Bhmem  - Unique mapped and paired reads 45634 ...
30902 [main] INFO main.java.edu.mit.compbio.bisulfitehic.mapping.Bhmem  - Processing reads 48000 ...
30902 [main] INFO main.java.edu.mit.compbio.bisulfitehic.mapping.Bhmem  - Unique mapped and paired reads 45634 ...
[M::mem_process_seqs] Processed 1001 reads in 0.776 CPU sec, 0.101 real sec
[M::mem_process_seqs] Processed 1001 reads in 0.666 CPU sec, 0.087 real sec
[M::mem_process_seqs] Processed 1001 reads in 0.811 CPU sec, 0.111 real sec
[M::mem_process_seqs] Processed 1001 reads in 0.806 CPU sec, 0.103 real sec
31445 [main] INFO main.java.edu.mit.compbio.bisulfitehic.mapping.Bhmem  - Processing reads 49000 ...
31446 [main] INFO main.java.edu.mit.compbio.bisulfitehic.mapping.Bhmem  - Unique mapped and paired reads 47610 ...
31448 [main] INFO main.java.edu.mit.compbio.bisulfitehic.mapping.Bhmem  - Processing reads 50000 ...
31449 [main] INFO main.java.edu.mit.compbio.bisulfitehic.mapping.Bhmem  - Unique mapped and paired reads 47610 ...
[M::mem_process_seqs] Processed 1001 reads in 0.921 CPU sec, 0.116 real sec
[M::mem_process_seqs] Processed 1001 reads in 0.777 CPU sec, 0.106 real sec
[M::mem_process_seqs] Processed 1001 reads in 1.021 CPU sec, 0.134 real sec
[M::mem_process_seqs] Processed 1001 reads in 0.832 CPU sec, 0.107 real sec
32066 [main] INFO main.java.edu.mit.compbio.bisulfitehic.mapping.Bhmem  - Processing reads 51000 ...
32066 [main] INFO main.java.edu.mit.compbio.bisulfitehic.mapping.Bhmem  - Unique mapped and paired reads 49602 ...
32069 [main] INFO main.java.edu.mit.compbio.bisulfitehic.mapping.Bhmem  - Processing reads 52000 ...
32069 [main] INFO main.java.edu.mit.compbio.bisulfitehic.mapping.Bhmem  - Unique mapped and paired reads 49602 ...
[M::mem_process_seqs] Processed 1001 reads in 0.918 CPU sec, 0.116 real sec
[M::mem_process_seqs] Processed 1001 reads in 0.747 CPU sec, 0.094 real sec
[M::mem_process_seqs] Processed 1001 reads in 0.837 CPU sec, 0.107 real sec
[M::mem_process_seqs] Processed 1001 reads in 0.849 CPU sec, 0.116 real sec
32644 [main] INFO main.java.edu.mit.compbio.bisulfitehic.mapping.Bhmem  - Processing reads 53000 ...
32644 [main] INFO main.java.edu.mit.compbio.bisulfitehic.mapping.Bhmem  - Unique mapped and paired reads 51592 ...
32647 [main] INFO main.java.edu.mit.compbio.bisulfitehic.mapping.Bhmem  - Processing reads 54000 ...
32647 [main] INFO main.java.edu.mit.compbio.bisulfitehic.mapping.Bhmem  - Unique mapped and paired reads 51592 ...
[M::mem_process_seqs] Processed 1001 reads in 0.753 CPU sec, 0.096 real sec
[M::mem_process_seqs] Processed 1001 reads in 0.671 CPU sec, 0.088 real sec
[M::mem_process_seqs] Processed 1001 reads in 0.796 CPU sec, 0.101 real sec
[M::mem_process_seqs] Processed 1001 reads in 0.795 CPU sec, 0.102 real sec
33170 [main] INFO main.java.edu.mit.compbio.bisulfitehic.mapping.Bhmem  - Processing reads 55000 ...
33170 [main] INFO main.java.edu.mit.compbio.bisulfitehic.mapping.Bhmem  - Unique mapped and paired reads 53580 ...
33173 [main] INFO main.java.edu.mit.compbio.bisulfitehic.mapping.Bhmem  - Processing reads 56000 ...
33173 [main] INFO main.java.edu.mit.compbio.bisulfitehic.mapping.Bhmem  - Unique mapped and paired reads 53580 ...
[M::mem_process_seqs] Processed 1001 reads in 0.786 CPU sec, 0.100 real sec
[M::mem_process_seqs] Processed 1001 reads in 0.682 CPU sec, 0.086 real sec
[M::mem_process_seqs] Processed 1001 reads in 0.770 CPU sec, 0.099 real sec
[M::mem_process_seqs] Processed 1001 reads in 0.760 CPU sec, 0.099 real sec
33693 [main] INFO main.java.edu.mit.compbio.bisulfitehic.mapping.Bhmem  - Processing reads 57000 ...
33693 [main] INFO main.java.edu.mit.compbio.bisulfitehic.mapping.Bhmem  - Unique mapped and paired reads 55570 ...
33697 [main] INFO main.java.edu.mit.compbio.bisulfitehic.mapping.Bhmem  - Processing reads 58000 ...
33697 [main] INFO main.java.edu.mit.compbio.bisulfitehic.mapping.Bhmem  - Unique mapped and paired reads 55570 ...
[M::mem_process_seqs] Processed 1001 reads in 0.677 CPU sec, 0.086 real sec
[M::mem_process_seqs] Processed 1001 reads in 0.598 CPU sec, 0.081 real sec
[M::mem_process_seqs] Processed 1001 reads in 0.752 CPU sec, 0.098 real sec
[M::mem_process_seqs] Processed 1001 reads in 0.653 CPU sec, 0.084 real sec
34172 [main] INFO main.java.edu.mit.compbio.bisulfitehic.mapping.Bhmem  - Processing reads 59000 ...
34172 [main] INFO main.java.edu.mit.compbio.bisulfitehic.mapping.Bhmem  - Unique mapped and paired reads 57544 ...
34175 [main] INFO main.java.edu.mit.compbio.bisulfitehic.mapping.Bhmem  - Processing reads 60000 ...
34175 [main] INFO main.java.edu.mit.compbio.bisulfitehic.mapping.Bhmem  - Unique mapped and paired reads 57544 ...
[M::mem_process_seqs] Processed 1001 reads in 0.757 CPU sec, 0.096 real sec
[M::mem_process_seqs] Processed 1001 reads in 0.640 CPU sec, 0.081 real sec
[M::mem_process_seqs] Processed 1001 reads in 0.783 CPU sec, 0.100 real sec
[M::mem_process_seqs] Processed 1001 reads in 0.671 CPU sec, 0.086 real sec
34666 [main] INFO main.java.edu.mit.compbio.bisulfitehic.mapping.Bhmem  - Processing reads 61000 ...
34666 [main] INFO main.java.edu.mit.compbio.bisulfitehic.mapping.Bhmem  - Unique mapped and paired reads 59528 ...
34669 [main] INFO main.java.edu.mit.compbio.bisulfitehic.mapping.Bhmem  - Processing reads 62000 ...
34669 [main] INFO main.java.edu.mit.compbio.bisulfitehic.mapping.Bhmem  - Unique mapped and paired reads 59528 ...
[M::mem_process_seqs] Processed 1001 reads in 0.649 CPU sec, 0.082 real sec
[M::mem_process_seqs] Processed 1001 reads in 0.602 CPU sec, 0.078 real sec
[M::mem_process_seqs] Processed 1001 reads in 0.665 CPU sec, 0.084 real sec
[M::mem_process_seqs] Processed 1001 reads in 0.668 CPU sec, 0.085 real sec
35121 [main] INFO main.java.edu.mit.compbio.bisulfitehic.mapping.Bhmem  - Processing reads 63000 ...
35121 [main] INFO main.java.edu.mit.compbio.bisulfitehic.mapping.Bhmem  - Unique mapped and paired reads 61512 ...
35124 [main] INFO main.java.edu.mit.compbio.bisulfitehic.mapping.Bhmem  - Processing reads 64000 ...
35124 [main] INFO main.java.edu.mit.compbio.bisulfitehic.mapping.Bhmem  - Unique mapped and paired reads 61512 ...
[M::mem_process_seqs] Processed 1001 reads in 0.739 CPU sec, 0.093 real sec
[M::mem_process_seqs] Processed 1001 reads in 0.642 CPU sec, 0.083 real sec
[M::mem_process_seqs] Processed 1001 reads in 0.750 CPU sec, 0.099 real sec
[M::mem_process_seqs] Processed 1001 reads in 0.687 CPU sec, 0.089 real sec
35617 [main] INFO main.java.edu.mit.compbio.bisulfitehic.mapping.Bhmem  - Processing reads 65000 ...
35617 [main] INFO main.java.edu.mit.compbio.bisulfitehic.mapping.Bhmem  - Unique mapped and paired reads 63492 ...
35620 [main] INFO main.java.edu.mit.compbio.bisulfitehic.mapping.Bhmem  - Processing reads 66000 ...
35620 [main] INFO main.java.edu.mit.compbio.bisulfitehic.mapping.Bhmem  - Unique mapped and paired reads 63492 ...
[M::mem_process_seqs] Processed 1001 reads in 0.717 CPU sec, 0.093 real sec
[M::mem_process_seqs] Processed 1001 reads in 0.622 CPU sec, 0.079 real sec
[M::mem_process_seqs] Processed 1001 reads in 0.728 CPU sec, 0.092 real sec
[M::mem_process_seqs] Processed 1001 reads in 0.704 CPU sec, 0.090 real sec
36108 [main] INFO main.java.edu.mit.compbio.bisulfitehic.mapping.Bhmem  - Processing reads 67000 ...
36108 [main] INFO main.java.edu.mit.compbio.bisulfitehic.mapping.Bhmem  - Unique mapped and paired reads 65474 ...
36111 [main] INFO main.java.edu.mit.compbio.bisulfitehic.mapping.Bhmem  - Processing reads 68000 ...
36111 [main] INFO main.java.edu.mit.compbio.bisulfitehic.mapping.Bhmem  - Unique mapped and paired reads 65474 ...
[M::mem_process_seqs] Processed 1001 reads in 0.680 CPU sec, 0.088 real sec
[M::mem_process_seqs] Processed 1001 reads in 0.608 CPU sec, 0.086 real sec
[M::mem_process_seqs] Processed 1001 reads in 0.802 CPU sec, 0.112 real sec
[M::mem_process_seqs] Processed 1001 reads in 0.721 CPU sec, 0.093 real sec
36621 [main] INFO main.java.edu.mit.compbio.bisulfitehic.mapping.Bhmem  - Processing reads 69000 ...
36621 [main] INFO main.java.edu.mit.compbio.bisulfitehic.mapping.Bhmem  - Unique mapped and paired reads 67452 ...
36624 [main] INFO main.java.edu.mit.compbio.bisulfitehic.mapping.Bhmem  - Processing reads 70000 ...
36624 [main] INFO main.java.edu.mit.compbio.bisulfitehic.mapping.Bhmem  - Unique mapped and paired reads 67452 ...
[M::mem_process_seqs] Processed 1001 reads in 0.691 CPU sec, 0.093 real sec
[M::mem_process_seqs] Processed 1001 reads in 0.639 CPU sec, 0.090 real sec
[M::mem_process_seqs] Processed 1001 reads in 0.714 CPU sec, 0.092 real sec
[M::mem_process_seqs] Processed 1001 reads in 0.671 CPU sec, 0.086 real sec
37118 [main] INFO main.java.edu.mit.compbio.bisulfitehic.mapping.Bhmem  - Processing reads 71000 ...
37118 [main] INFO main.java.edu.mit.compbio.bisulfitehic.mapping.Bhmem  - Unique mapped and paired reads 69436 ...
37121 [main] INFO main.java.edu.mit.compbio.bisulfitehic.mapping.Bhmem  - Processing reads 72000 ...
37121 [main] INFO main.java.edu.mit.compbio.bisulfitehic.mapping.Bhmem  - Unique mapped and paired reads 69436 ...
[M::mem_process_seqs] Processed 1001 reads in 0.705 CPU sec, 0.090 real sec
[M::mem_process_seqs] Processed 1001 reads in 0.626 CPU sec, 0.079 real sec
[M::mem_process_seqs] Processed 1001 reads in 0.719 CPU sec, 0.096 real sec
[M::mem_process_seqs] Processed 1001 reads in 0.740 CPU sec, 0.098 real sec
37620 [main] INFO main.java.edu.mit.compbio.bisulfitehic.mapping.Bhmem  - Processing reads 73000 ...
37620 [main] INFO main.java.edu.mit.compbio.bisulfitehic.mapping.Bhmem  - Unique mapped and paired reads 71416 ...
37623 [main] INFO main.java.edu.mit.compbio.bisulfitehic.mapping.Bhmem  - Processing reads 74000 ...
37623 [main] INFO main.java.edu.mit.compbio.bisulfitehic.mapping.Bhmem  - Unique mapped and paired reads 71416 ...
[M::mem_process_seqs] Processed 1001 reads in 0.703 CPU sec, 0.089 real sec
[M::mem_process_seqs] Processed 1001 reads in 0.654 CPU sec, 0.084 real sec
[M::mem_process_seqs] Processed 1001 reads in 0.761 CPU sec, 0.104 real sec
[M::mem_process_seqs] Processed 1001 reads in 0.744 CPU sec, 0.096 real sec
38131 [main] INFO main.java.edu.mit.compbio.bisulfitehic.mapping.Bhmem  - Processing reads 75000 ...
38131 [main] INFO main.java.edu.mit.compbio.bisulfitehic.mapping.Bhmem  - Unique mapped and paired reads 73400 ...
38134 [main] INFO main.java.edu.mit.compbio.bisulfitehic.mapping.Bhmem  - Processing reads 76000 ...
38134 [main] INFO main.java.edu.mit.compbio.bisulfitehic.mapping.Bhmem  - Unique mapped and paired reads 73400 ...
[M::mem_process_seqs] Processed 1001 reads in 0.686 CPU sec, 0.087 real sec
[M::mem_process_seqs] Processed 1001 reads in 0.609 CPU sec, 0.081 real sec
[M::mem_process_seqs] Processed 1001 reads in 0.716 CPU sec, 0.090 real sec
[M::mem_process_seqs] Processed 1001 reads in 0.710 CPU sec, 0.096 real sec
38621 [main] INFO main.java.edu.mit.compbio.bisulfitehic.mapping.Bhmem  - Processing reads 77000 ...
38621 [main] INFO main.java.edu.mit.compbio.bisulfitehic.mapping.Bhmem  - Unique mapped and paired reads 75378 ...
38624 [main] INFO main.java.edu.mit.compbio.bisulfitehic.mapping.Bhmem  - Processing reads 78000 ...
38624 [main] INFO main.java.edu.mit.compbio.bisulfitehic.mapping.Bhmem  - Unique mapped and paired reads 75378 ...
[M::mem_process_seqs] Processed 1001 reads in 0.686 CPU sec, 0.087 real sec
[M::mem_process_seqs] Processed 1001 reads in 0.606 CPU sec, 0.077 real sec
[M::mem_process_seqs] Processed 1001 reads in 0.697 CPU sec, 0.090 real sec
[M::mem_process_seqs] Processed 1001 reads in 0.700 CPU sec, 0.089 real sec
39097 [main] INFO main.java.edu.mit.compbio.bisulfitehic.mapping.Bhmem  - Processing reads 79000 ...
39097 [main] INFO main.java.edu.mit.compbio.bisulfitehic.mapping.Bhmem  - Unique mapped and paired reads 77354 ...
39100 [main] INFO main.java.edu.mit.compbio.bisulfitehic.mapping.Bhmem  - Processing reads 80000 ...
39100 [main] INFO main.java.edu.mit.compbio.bisulfitehic.mapping.Bhmem  - Unique mapped and paired reads 77354 ...
[M::mem_process_seqs] Processed 1001 reads in 0.720 CPU sec, 0.091 real sec
[M::mem_process_seqs] Processed 1001 reads in 0.620 CPU sec, 0.086 real sec
[M::mem_process_seqs] Processed 1001 reads in 0.773 CPU sec, 0.113 real sec
[M::mem_process_seqs] Processed 1001 reads in 0.771 CPU sec, 0.108 real sec
39633 [main] INFO main.java.edu.mit.compbio.bisulfitehic.mapping.Bhmem  - Processing reads 81000 ...
39633 [main] INFO main.java.edu.mit.compbio.bisulfitehic.mapping.Bhmem  - Unique mapped and paired reads 79336 ...
39636 [main] INFO main.java.edu.mit.compbio.bisulfitehic.mapping.Bhmem  - Processing reads 82000 ...
39636 [main] INFO main.java.edu.mit.compbio.bisulfitehic.mapping.Bhmem  - Unique mapped and paired reads 79336 ...
[M::mem_process_seqs] Processed 1001 reads in 0.665 CPU sec, 0.085 real sec
[M::mem_process_seqs] Processed 1001 reads in 0.605 CPU sec, 0.077 real sec
[M::mem_process_seqs] Processed 1001 reads in 0.695 CPU sec, 0.094 real sec
[M::mem_process_seqs] Processed 1001 reads in 0.683 CPU sec, 0.087 real sec
40106 [main] INFO main.java.edu.mit.compbio.bisulfitehic.mapping.Bhmem  - Processing reads 83000 ...
40106 [main] INFO main.java.edu.mit.compbio.bisulfitehic.mapping.Bhmem  - Unique mapped and paired reads 81324 ...
40109 [main] INFO main.java.edu.mit.compbio.bisulfitehic.mapping.Bhmem  - Processing reads 84000 ...
40109 [main] INFO main.java.edu.mit.compbio.bisulfitehic.mapping.Bhmem  - Unique mapped and paired reads 81324 ...
[M::mem_process_seqs] Processed 1001 reads in 0.724 CPU sec, 0.092 real sec
[M::mem_process_seqs] Processed 1001 reads in 0.656 CPU sec, 0.085 real sec
[M::mem_process_seqs] Processed 1001 reads in 0.755 CPU sec, 0.097 real sec
[M::mem_process_seqs] Processed 1001 reads in 0.725 CPU sec, 0.092 real sec
40609 [main] INFO main.java.edu.mit.compbio.bisulfitehic.mapping.Bhmem  - Processing reads 85000 ...
40609 [main] INFO main.java.edu.mit.compbio.bisulfitehic.mapping.Bhmem  - Unique mapped and paired reads 83304 ...
40612 [main] INFO main.java.edu.mit.compbio.bisulfitehic.mapping.Bhmem  - Processing reads 86000 ...
40612 [main] INFO main.java.edu.mit.compbio.bisulfitehic.mapping.Bhmem  - Unique mapped and paired reads 83304 ...
[M::mem_process_seqs] Processed 1001 reads in 0.708 CPU sec, 0.092 real sec
[M::mem_process_seqs] Processed 1001 reads in 0.624 CPU sec, 0.079 real sec
[M::mem_process_seqs] Processed 1001 reads in 0.677 CPU sec, 0.087 real sec
[M::mem_process_seqs] Processed 1001 reads in 0.667 CPU sec, 0.088 real sec
41087 [main] INFO main.java.edu.mit.compbio.bisulfitehic.mapping.Bhmem  - Processing reads 87000 ...
41087 [main] INFO main.java.edu.mit.compbio.bisulfitehic.mapping.Bhmem  - Unique mapped and paired reads 85282 ...
41090 [main] INFO main.java.edu.mit.compbio.bisulfitehic.mapping.Bhmem  - Processing reads 88000 ...
41090 [main] INFO main.java.edu.mit.compbio.bisulfitehic.mapping.Bhmem  - Unique mapped and paired reads 85282 ...
[M::mem_process_seqs] Processed 1001 reads in 0.693 CPU sec, 0.089 real sec
[M::mem_process_seqs] Processed 1001 reads in 0.630 CPU sec, 0.080 real sec
[M::mem_process_seqs] Processed 1001 reads in 0.754 CPU sec, 0.095 real sec
[M::mem_process_seqs] Processed 1001 reads in 0.763 CPU sec, 0.098 real sec
41584 [main] INFO main.java.edu.mit.compbio.bisulfitehic.mapping.Bhmem  - Processing reads 89000 ...
41584 [main] INFO main.java.edu.mit.compbio.bisulfitehic.mapping.Bhmem  - Unique mapped and paired reads 87260 ...
41587 [main] INFO main.java.edu.mit.compbio.bisulfitehic.mapping.Bhmem  - Processing reads 90000 ...
41587 [main] INFO main.java.edu.mit.compbio.bisulfitehic.mapping.Bhmem  - Unique mapped and paired reads 87260 ...
[M::mem_process_seqs] Processed 1001 reads in 0.674 CPU sec, 0.085 real sec
[M::mem_process_seqs] Processed 1001 reads in 0.585 CPU sec, 0.075 real sec
[M::mem_process_seqs] Processed 1001 reads in 0.666 CPU sec, 0.085 real sec
[M::mem_process_seqs] Processed 1001 reads in 0.673 CPU sec, 0.085 real sec
42048 [main] INFO main.java.edu.mit.compbio.bisulfitehic.mapping.Bhmem  - Processing reads 91000 ...
42048 [main] INFO main.java.edu.mit.compbio.bisulfitehic.mapping.Bhmem  - Unique mapped and paired reads 89242 ...
42051 [main] INFO main.java.edu.mit.compbio.bisulfitehic.mapping.Bhmem  - Processing reads 92000 ...
42051 [main] INFO main.java.edu.mit.compbio.bisulfitehic.mapping.Bhmem  - Unique mapped and paired reads 89242 ...
[M::mem_process_seqs] Processed 1001 reads in 0.684 CPU sec, 0.086 real sec
[M::mem_process_seqs] Processed 1001 reads in 0.643 CPU sec, 0.084 real sec
[M::mem_process_seqs] Processed 1001 reads in 0.750 CPU sec, 0.105 real sec
[M::mem_process_seqs] Processed 1001 reads in 0.785 CPU sec, 0.108 real sec
42570 [main] INFO main.java.edu.mit.compbio.bisulfitehic.mapping.Bhmem  - Processing reads 93000 ...
42570 [main] INFO main.java.edu.mit.compbio.bisulfitehic.mapping.Bhmem  - Unique mapped and paired reads 91220 ...
42573 [main] INFO main.java.edu.mit.compbio.bisulfitehic.mapping.Bhmem  - Processing reads 94000 ...
42573 [main] INFO main.java.edu.mit.compbio.bisulfitehic.mapping.Bhmem  - Unique mapped and paired reads 91220 ...
[M::mem_process_seqs] Processed 1001 reads in 0.685 CPU sec, 0.086 real sec
[M::mem_process_seqs] Processed 1001 reads in 0.571 CPU sec, 0.077 real sec
[M::mem_process_seqs] Processed 1001 reads in 0.744 CPU sec, 0.094 real sec
[M::mem_process_seqs] Processed 1001 reads in 0.708 CPU sec, 0.090 real sec
43053 [main] INFO main.java.edu.mit.compbio.bisulfitehic.mapping.Bhmem  - Processing reads 95000 ...
43053 [main] INFO main.java.edu.mit.compbio.bisulfitehic.mapping.Bhmem  - Unique mapped and paired reads 93206 ...
43056 [main] INFO main.java.edu.mit.compbio.bisulfitehic.mapping.Bhmem  - Processing reads 96000 ...
43056 [main] INFO main.java.edu.mit.compbio.bisulfitehic.mapping.Bhmem  - Unique mapped and paired reads 93206 ...
[M::mem_process_seqs] Processed 1001 reads in 0.694 CPU sec, 0.088 real sec
[M::mem_process_seqs] Processed 1001 reads in 0.623 CPU sec, 0.085 real sec
[M::mem_process_seqs] Processed 1001 reads in 0.724 CPU sec, 0.092 real sec
[M::mem_process_seqs] Processed 1001 reads in 0.729 CPU sec, 0.093 real sec
43548 [main] INFO main.java.edu.mit.compbio.bisulfitehic.mapping.Bhmem  - Processing reads 97000 ...
43548 [main] INFO main.java.edu.mit.compbio.bisulfitehic.mapping.Bhmem  - Unique mapped and paired reads 95194 ...
43551 [main] INFO main.java.edu.mit.compbio.bisulfitehic.mapping.Bhmem  - Processing reads 98000 ...
43551 [main] INFO main.java.edu.mit.compbio.bisulfitehic.mapping.Bhmem  - Unique mapped and paired reads 95194 ...
[M::mem_process_seqs] Processed 1001 reads in 0.669 CPU sec, 0.087 real sec
[M::mem_process_seqs] Processed 1001 reads in 0.622 CPU sec, 0.081 real sec
[M::mem_process_seqs] Processed 1001 reads in 0.720 CPU sec, 0.093 real sec
[M::mem_process_seqs] Processed 1001 reads in 0.700 CPU sec, 0.089 real sec
44030 [main] INFO main.java.edu.mit.compbio.bisulfitehic.mapping.Bhmem  - Processing reads 99000 ...
44030 [main] INFO main.java.edu.mit.compbio.bisulfitehic.mapping.Bhmem  - Unique mapped and paired reads 97182 ...
44033 [main] INFO main.java.edu.mit.compbio.bisulfitehic.mapping.Bhmem  - Processing reads 100000 ...
44033 [main] INFO main.java.edu.mit.compbio.bisulfitehic.mapping.Bhmem  - Unique mapped and paired reads 97182 ...
[M::mem_process_seqs] Processed 1001 reads in 0.713 CPU sec, 0.090 real sec
[M::mem_process_seqs] Processed 1001 reads in 0.660 CPU sec, 0.083 real sec
[M::mem_process_seqs] Processed 1001 reads in 0.794 CPU sec, 0.106 real sec
[M::mem_process_seqs] Processed 1001 reads in 0.787 CPU sec, 0.102 real sec
44548 [main] INFO main.java.edu.mit.compbio.bisulfitehic.mapping.Bhmem  - Processing reads 101000 ...
44548 [main] INFO main.java.edu.mit.compbio.bisulfitehic.mapping.Bhmem  - Unique mapped and paired reads 99170 ...
44551 [main] INFO main.java.edu.mit.compbio.bisulfitehic.mapping.Bhmem  - Processing reads 102000 ...
44551 [main] INFO main.java.edu.mit.compbio.bisulfitehic.mapping.Bhmem  - Unique mapped and paired reads 99170 ...
[M::mem_process_seqs] Processed 1001 reads in 0.670 CPU sec, 0.086 real sec
[M::mem_process_seqs] Processed 1001 reads in 0.571 CPU sec, 0.072 real sec
[M::mem_process_seqs] Processed 1001 reads in 0.669 CPU sec, 0.085 real sec
[M::mem_process_seqs] Processed 1001 reads in 0.661 CPU sec, 0.084 real sec
45007 [main] INFO main.java.edu.mit.compbio.bisulfitehic.mapping.Bhmem  - Processing reads 103000 ...
45007 [main] INFO main.java.edu.mit.compbio.bisulfitehic.mapping.Bhmem  - Unique mapped and paired reads 101156 ...
45010 [main] INFO main.java.edu.mit.compbio.bisulfitehic.mapping.Bhmem  - Processing reads 104000 ...
45011 [main] INFO main.java.edu.mit.compbio.bisulfitehic.mapping.Bhmem  - Unique mapped and paired reads 101156 ...
[M::mem_process_seqs] Processed 1001 reads in 0.714 CPU sec, 0.092 real sec
[M::mem_process_seqs] Processed 1001 reads in 0.652 CPU sec, 0.083 real sec
[M::mem_process_seqs] Processed 1001 reads in 0.730 CPU sec, 0.092 real sec
[M::mem_process_seqs] Processed 1001 reads in 0.753 CPU sec, 0.096 real sec
45563 [main] INFO main.java.edu.mit.compbio.bisulfitehic.mapping.Bhmem  - Processing reads 105000 ...
45563 [main] INFO main.java.edu.mit.compbio.bisulfitehic.mapping.Bhmem  - Unique mapped and paired reads 103144 ...
45569 [main] INFO main.java.edu.mit.compbio.bisulfitehic.mapping.Bhmem  - Processing reads 106000 ...
45569 [main] INFO main.java.edu.mit.compbio.bisulfitehic.mapping.Bhmem  - Unique mapped and paired reads 103144 ...
[M::mem_process_seqs] Processed 1001 reads in 0.671 CPU sec, 0.087 real sec
[M::mem_process_seqs] Processed 1001 reads in 0.593 CPU sec, 0.075 real sec
[M::mem_process_seqs] Processed 1001 reads in 0.674 CPU sec, 0.088 real sec
[M::mem_process_seqs] Processed 1001 reads in 0.699 CPU sec, 0.091 real sec
46039 [main] INFO main.java.edu.mit.compbio.bisulfitehic.mapping.Bhmem  - Processing reads 107000 ...
46039 [main] INFO main.java.edu.mit.compbio.bisulfitehic.mapping.Bhmem  - Unique mapped and paired reads 105134 ...
46042 [main] INFO main.java.edu.mit.compbio.bisulfitehic.mapping.Bhmem  - Processing reads 108000 ...
46042 [main] INFO main.java.edu.mit.compbio.bisulfitehic.mapping.Bhmem  - Unique mapped and paired reads 105134 ...
[M::mem_process_seqs] Processed 1001 reads in 0.679 CPU sec, 0.090 real sec
[M::mem_process_seqs] Processed 1001 reads in 0.614 CPU sec, 0.084 real sec
[M::mem_process_seqs] Processed 1001 reads in 0.740 CPU sec, 0.094 real sec
[M::mem_process_seqs] Processed 1001 reads in 0.700 CPU sec, 0.092 real sec
46532 [main] INFO main.java.edu.mit.compbio.bisulfitehic.mapping.Bhmem  - Processing reads 109000 ...
46532 [main] INFO main.java.edu.mit.compbio.bisulfitehic.mapping.Bhmem  - Unique mapped and paired reads 107130 ...
46535 [main] INFO main.java.edu.mit.compbio.bisulfitehic.mapping.Bhmem  - Processing reads 110000 ...
46535 [main] INFO main.java.edu.mit.compbio.bisulfitehic.mapping.Bhmem  - Unique mapped and paired reads 107130 ...
[M::mem_process_seqs] Processed 1001 reads in 0.771 CPU sec, 0.097 real sec
[M::mem_process_seqs] Processed 1001 reads in 0.657 CPU sec, 0.083 real sec
[M::mem_process_seqs] Processed 1001 reads in 0.747 CPU sec, 0.102 real sec
[M::mem_process_seqs] Processed 1001 reads in 0.785 CPU sec, 0.101 real sec
47052 [main] INFO main.java.edu.mit.compbio.bisulfitehic.mapping.Bhmem  - Processing reads 111000 ...
47052 [main] INFO main.java.edu.mit.compbio.bisulfitehic.mapping.Bhmem  - Unique mapped and paired reads 109124 ...
47055 [main] INFO main.java.edu.mit.compbio.bisulfitehic.mapping.Bhmem  - Processing reads 112000 ...
47055 [main] INFO main.java.edu.mit.compbio.bisulfitehic.mapping.Bhmem  - Unique mapped and paired reads 109124 ...
[M::mem_process_seqs] Processed 1001 reads in 0.715 CPU sec, 0.092 real sec
[M::mem_process_seqs] Processed 1001 reads in 0.667 CPU sec, 0.086 real sec
[M::mem_process_seqs] Processed 1001 reads in 0.731 CPU sec, 0.094 real sec
[M::mem_process_seqs] Processed 1001 reads in 0.729 CPU sec, 0.094 real sec
47557 [main] INFO main.java.edu.mit.compbio.bisulfitehic.mapping.Bhmem  - Processing reads 113000 ...
47557 [main] INFO main.java.edu.mit.compbio.bisulfitehic.mapping.Bhmem  - Unique mapped and paired reads 111114 ...
47560 [main] INFO main.java.edu.mit.compbio.bisulfitehic.mapping.Bhmem  - Processing reads 114000 ...
47560 [main] INFO main.java.edu.mit.compbio.bisulfitehic.mapping.Bhmem  - Unique mapped and paired reads 111114 ...
[M::mem_process_seqs] Processed 1001 reads in 0.715 CPU sec, 0.091 real sec
[M::mem_process_seqs] Processed 1001 reads in 0.646 CPU sec, 0.082 real sec
[M::mem_process_seqs] Processed 1001 reads in 0.788 CPU sec, 0.101 real sec
[M::mem_process_seqs] Processed 1001 reads in 0.802 CPU sec, 0.104 real sec
48068 [main] INFO main.java.edu.mit.compbio.bisulfitehic.mapping.Bhmem  - Processing reads 115000 ...
48068 [main] INFO main.java.edu.mit.compbio.bisulfitehic.mapping.Bhmem  - Unique mapped and paired reads 113092 ...
48071 [main] INFO main.java.edu.mit.compbio.bisulfitehic.mapping.Bhmem  - Processing reads 116000 ...
48071 [main] INFO main.java.edu.mit.compbio.bisulfitehic.mapping.Bhmem  - Unique mapped and paired reads 113092 ...
[M::mem_process_seqs] Processed 1001 reads in 0.720 CPU sec, 0.091 real sec
[M::mem_process_seqs] Processed 1001 reads in 0.567 CPU sec, 0.072 real sec
[M::mem_process_seqs] Processed 1001 reads in 0.716 CPU sec, 0.099 real sec
[M::mem_process_seqs] Processed 1001 reads in 0.713 CPU sec, 0.095 real sec
48560 [main] INFO main.java.edu.mit.compbio.bisulfitehic.mapping.Bhmem  - Processing reads 117000 ...
48561 [main] INFO main.java.edu.mit.compbio.bisulfitehic.mapping.Bhmem  - Unique mapped and paired reads 115072 ...
48564 [main] INFO main.java.edu.mit.compbio.bisulfitehic.mapping.Bhmem  - Processing reads 118000 ...
48564 [main] INFO main.java.edu.mit.compbio.bisulfitehic.mapping.Bhmem  - Unique mapped and paired reads 115072 ...
[M::mem_process_seqs] Processed 1001 reads in 0.712 CPU sec, 0.092 real sec
[M::mem_process_seqs] Processed 1001 reads in 0.621 CPU sec, 0.079 real sec
[M::mem_process_seqs] Processed 1001 reads in 0.768 CPU sec, 0.098 real sec
[M::mem_process_seqs] Processed 1001 reads in 0.715 CPU sec, 0.092 real sec
49059 [main] INFO main.java.edu.mit.compbio.bisulfitehic.mapping.Bhmem  - Processing reads 119000 ...
49059 [main] INFO main.java.edu.mit.compbio.bisulfitehic.mapping.Bhmem  - Unique mapped and paired reads 117054 ...
49062 [main] INFO main.java.edu.mit.compbio.bisulfitehic.mapping.Bhmem  - Processing reads 120000 ...
49062 [main] INFO main.java.edu.mit.compbio.bisulfitehic.mapping.Bhmem  - Unique mapped and paired reads 117054 ...
[M::mem_process_seqs] Processed 1001 reads in 0.741 CPU sec, 0.095 real sec
[M::mem_process_seqs] Processed 1001 reads in 0.592 CPU sec, 0.075 real sec
[M::mem_process_seqs] Processed 1001 reads in 0.767 CPU sec, 0.100 real sec
[M::mem_process_seqs] Processed 1001 reads in 0.658 CPU sec, 0.086 real sec
49552 [main] INFO main.java.edu.mit.compbio.bisulfitehic.mapping.Bhmem  - Processing reads 121000 ...
49552 [main] INFO main.java.edu.mit.compbio.bisulfitehic.mapping.Bhmem  - Unique mapped and paired reads 119038 ...
49555 [main] INFO main.java.edu.mit.compbio.bisulfitehic.mapping.Bhmem  - Processing reads 122000 ...
49555 [main] INFO main.java.edu.mit.compbio.bisulfitehic.mapping.Bhmem  - Unique mapped and paired reads 119038 ...
[M::mem_process_seqs] Processed 1001 reads in 0.745 CPU sec, 0.095 real sec
[M::mem_process_seqs] Processed 1001 reads in 0.596 CPU sec, 0.075 real sec
[M::mem_process_seqs] Processed 1001 reads in 0.722 CPU sec, 0.091 real sec
[M::mem_process_seqs] Processed 1001 reads in 0.704 CPU sec, 0.096 real sec
50047 [main] INFO main.java.edu.mit.compbio.bisulfitehic.mapping.Bhmem  - Processing reads 123000 ...
50047 [main] INFO main.java.edu.mit.compbio.bisulfitehic.mapping.Bhmem  - Unique mapped and paired reads 121022 ...
50050 [main] INFO main.java.edu.mit.compbio.bisulfitehic.mapping.Bhmem  - Processing reads 124000 ...
50050 [main] INFO main.java.edu.mit.compbio.bisulfitehic.mapping.Bhmem  - Unique mapped and paired reads 121022 ...
[M::mem_process_seqs] Processed 1001 reads in 0.672 CPU sec, 0.086 real sec
[M::mem_process_seqs] Processed 1001 reads in 0.601 CPU sec, 0.076 real sec
[M::mem_process_seqs] Processed 1001 reads in 0.699 CPU sec, 0.093 real sec
[M::mem_process_seqs] Processed 1001 reads in 0.709 CPU sec, 0.091 real sec
50527 [main] INFO main.java.edu.mit.compbio.bisulfitehic.mapping.Bhmem  - Processing reads 125000 ...
50527 [main] INFO main.java.edu.mit.compbio.bisulfitehic.mapping.Bhmem  - Unique mapped and paired reads 123012 ...
50530 [main] INFO main.java.edu.mit.compbio.bisulfitehic.mapping.Bhmem  - Processing reads 126000 ...
50530 [main] INFO main.java.edu.mit.compbio.bisulfitehic.mapping.Bhmem  - Unique mapped and paired reads 123012 ...
[M::mem_process_seqs] Processed 1001 reads in 0.714 CPU sec, 0.091 real sec
[M::mem_process_seqs] Processed 1001 reads in 0.655 CPU sec, 0.084 real sec
[M::mem_process_seqs] Processed 1001 reads in 0.745 CPU sec, 0.096 real sec
[M::mem_process_seqs] Processed 1001 reads in 0.756 CPU sec, 0.099 real sec
51033 [main] INFO main.java.edu.mit.compbio.bisulfitehic.mapping.Bhmem  - Processing reads 127000 ...
51033 [main] INFO main.java.edu.mit.compbio.bisulfitehic.mapping.Bhmem  - Unique mapped and paired reads 124994 ...
51036 [main] INFO main.java.edu.mit.compbio.bisulfitehic.mapping.Bhmem  - Processing reads 128000 ...
51036 [main] INFO main.java.edu.mit.compbio.bisulfitehic.mapping.Bhmem  - Unique mapped and paired reads 124994 ...
[M::mem_process_seqs] Processed 1001 reads in 0.713 CPU sec, 0.091 real sec
[M::mem_process_seqs] Processed 1001 reads in 0.608 CPU sec, 0.085 real sec
[M::mem_process_seqs] Processed 1001 reads in 0.770 CPU sec, 0.100 real sec
[M::mem_process_seqs] Processed 1001 reads in 0.721 CPU sec, 0.096 real sec
51543 [main] INFO main.java.edu.mit.compbio.bisulfitehic.mapping.Bhmem  - Processing reads 129000 ...
51543 [main] INFO main.java.edu.mit.compbio.bisulfitehic.mapping.Bhmem  - Unique mapped and paired reads 126964 ...
51546 [main] INFO main.java.edu.mit.compbio.bisulfitehic.mapping.Bhmem  - Processing reads 130000 ...
51546 [main] INFO main.java.edu.mit.compbio.bisulfitehic.mapping.Bhmem  - Unique mapped and paired reads 126964 ...
[M::mem_process_seqs] Processed 1001 reads in 0.707 CPU sec, 0.091 real sec
[M::mem_process_seqs] Processed 1001 reads in 0.654 CPU sec, 0.083 real sec
[M::mem_process_seqs] Processed 1001 reads in 0.675 CPU sec, 0.085 real sec
[M::mem_process_seqs] Processed 1001 reads in 0.684 CPU sec, 0.088 real sec
52024 [main] INFO main.java.edu.mit.compbio.bisulfitehic.mapping.Bhmem  - Processing reads 131000 ...
52024 [main] INFO main.java.edu.mit.compbio.bisulfitehic.mapping.Bhmem  - Unique mapped and paired reads 128942 ...
52027 [main] INFO main.java.edu.mit.compbio.bisulfitehic.mapping.Bhmem  - Processing reads 132000 ...
52027 [main] INFO main.java.edu.mit.compbio.bisulfitehic.mapping.Bhmem  - Unique mapped and paired reads 128942 ...
[M::mem_process_seqs] Processed 1001 reads in 0.682 CPU sec, 0.088 real sec
[M::mem_process_seqs] Processed 1001 reads in 0.603 CPU sec, 0.081 real sec
[M::mem_process_seqs] Processed 1001 reads in 0.735 CPU sec, 0.097 real sec
[M::mem_process_seqs] Processed 1001 reads in 0.702 CPU sec, 0.090 real sec
52511 [main] INFO main.java.edu.mit.compbio.bisulfitehic.mapping.Bhmem  - Processing reads 133000 ...
52511 [main] INFO main.java.edu.mit.compbio.bisulfitehic.mapping.Bhmem  - Unique mapped and paired reads 130928 ...
52514 [main] INFO main.java.edu.mit.compbio.bisulfitehic.mapping.Bhmem  - Processing reads 134000 ...
52514 [main] INFO main.java.edu.mit.compbio.bisulfitehic.mapping.Bhmem  - Unique mapped and paired reads 130928 ...
[M::mem_process_seqs] Processed 1001 reads in 0.734 CPU sec, 0.096 real sec
[M::mem_process_seqs] Processed 1001 reads in 0.607 CPU sec, 0.078 real sec
[M::mem_process_seqs] Processed 1001 reads in 0.713 CPU sec, 0.092 real sec
[M::mem_process_seqs] Processed 1001 reads in 0.738 CPU sec, 0.095 real sec
53009 [main] INFO main.java.edu.mit.compbio.bisulfitehic.mapping.Bhmem  - Processing reads 135000 ...
53009 [main] INFO main.java.edu.mit.compbio.bisulfitehic.mapping.Bhmem  - Unique mapped and paired reads 132924 ...
53012 [main] INFO main.java.edu.mit.compbio.bisulfitehic.mapping.Bhmem  - Processing reads 136000 ...
53012 [main] INFO main.java.edu.mit.compbio.bisulfitehic.mapping.Bhmem  - Unique mapped and paired reads 132924 ...
[M::mem_process_seqs] Processed 1001 reads in 0.748 CPU sec, 0.096 real sec
[M::mem_process_seqs] Processed 1001 reads in 0.650 CPU sec, 0.082 real sec
[M::mem_process_seqs] Processed 1001 reads in 0.738 CPU sec, 0.099 real sec
[M::mem_process_seqs] Processed 1001 reads in 0.736 CPU sec, 0.095 real sec
53526 [main] INFO main.java.edu.mit.compbio.bisulfitehic.mapping.Bhmem  - Processing reads 137000 ...
53526 [main] INFO main.java.edu.mit.compbio.bisulfitehic.mapping.Bhmem  - Unique mapped and paired reads 134912 ...
53529 [main] INFO main.java.edu.mit.compbio.bisulfitehic.mapping.Bhmem  - Processing reads 138000 ...
53529 [main] INFO main.java.edu.mit.compbio.bisulfitehic.mapping.Bhmem  - Unique mapped and paired reads 134912 ...
[M::mem_process_seqs] Processed 1001 reads in 0.732 CPU sec, 0.094 real sec
[M::mem_process_seqs] Processed 1001 reads in 0.623 CPU sec, 0.081 real sec
[M::mem_process_seqs] Processed 1001 reads in 0.712 CPU sec, 0.093 real sec
[M::mem_process_seqs] Processed 1001 reads in 0.732 CPU sec, 0.093 real sec
54020 [main] INFO main.java.edu.mit.compbio.bisulfitehic.mapping.Bhmem  - Processing reads 139000 ...
54020 [main] INFO main.java.edu.mit.compbio.bisulfitehic.mapping.Bhmem  - Unique mapped and paired reads 136892 ...
54023 [main] INFO main.java.edu.mit.compbio.bisulfitehic.mapping.Bhmem  - Processing reads 140000 ...
54023 [main] INFO main.java.edu.mit.compbio.bisulfitehic.mapping.Bhmem  - Unique mapped and paired reads 136892 ...
[M::mem_process_seqs] Processed 1001 reads in 0.688 CPU sec, 0.087 real sec
[M::mem_process_seqs] Processed 1001 reads in 0.628 CPU sec, 0.080 real sec
[M::mem_process_seqs] Processed 1001 reads in 0.720 CPU sec, 0.093 real sec
[M::mem_process_seqs] Processed 1001 reads in 0.682 CPU sec, 0.086 real sec
54502 [main] INFO main.java.edu.mit.compbio.bisulfitehic.mapping.Bhmem  - Processing reads 141000 ...
54502 [main] INFO main.java.edu.mit.compbio.bisulfitehic.mapping.Bhmem  - Unique mapped and paired reads 138868 ...
54505 [main] INFO main.java.edu.mit.compbio.bisulfitehic.mapping.Bhmem  - Processing reads 142000 ...
54505 [main] INFO main.java.edu.mit.compbio.bisulfitehic.mapping.Bhmem  - Unique mapped and paired reads 138868 ...
[M::mem_process_seqs] Processed 1001 reads in 0.660 CPU sec, 0.084 real sec
[M::mem_process_seqs] Processed 1001 reads in 0.619 CPU sec, 0.078 real sec
[M::mem_process_seqs] Processed 1001 reads in 0.679 CPU sec, 0.086 real sec
[M::mem_process_seqs] Processed 1001 reads in 0.721 CPU sec, 0.091 real sec
54972 [main] INFO main.java.edu.mit.compbio.bisulfitehic.mapping.Bhmem  - Processing reads 143000 ...
54972 [main] INFO main.java.edu.mit.compbio.bisulfitehic.mapping.Bhmem  - Unique mapped and paired reads 140858 ...
54975 [main] INFO main.java.edu.mit.compbio.bisulfitehic.mapping.Bhmem  - Processing reads 144000 ...
54975 [main] INFO main.java.edu.mit.compbio.bisulfitehic.mapping.Bhmem  - Unique mapped and paired reads 140858 ...
[M::mem_process_seqs] Processed 1001 reads in 0.731 CPU sec, 0.106 real sec
[M::mem_process_seqs] Processed 1001 reads in 0.680 CPU sec, 0.089 real sec
[M::mem_process_seqs] Processed 1001 reads in 0.773 CPU sec, 0.112 real sec
[M::mem_process_seqs] Processed 1001 reads in 0.768 CPU sec, 0.097 real sec
55518 [main] INFO main.java.edu.mit.compbio.bisulfitehic.mapping.Bhmem  - Processing reads 145000 ...
55518 [main] INFO main.java.edu.mit.compbio.bisulfitehic.mapping.Bhmem  - Unique mapped and paired reads 142852 ...
55521 [main] INFO main.java.edu.mit.compbio.bisulfitehic.mapping.Bhmem  - Processing reads 146000 ...
55521 [main] INFO main.java.edu.mit.compbio.bisulfitehic.mapping.Bhmem  - Unique mapped and paired reads 142852 ...
[M::mem_process_seqs] Processed 1001 reads in 0.772 CPU sec, 0.108 real sec
[M::mem_process_seqs] Processed 1001 reads in 0.666 CPU sec, 0.085 real sec
[M::mem_process_seqs] Processed 1001 reads in 0.719 CPU sec, 0.098 real sec
[M::mem_process_seqs] Processed 1001 reads in 0.678 CPU sec, 0.089 real sec
56037 [main] INFO main.java.edu.mit.compbio.bisulfitehic.mapping.Bhmem  - Processing reads 147000 ...
56037 [main] INFO main.java.edu.mit.compbio.bisulfitehic.mapping.Bhmem  - Unique mapped and paired reads 144836 ...
56040 [main] INFO main.java.edu.mit.compbio.bisulfitehic.mapping.Bhmem  - Processing reads 148000 ...
56040 [main] INFO main.java.edu.mit.compbio.bisulfitehic.mapping.Bhmem  - Unique mapped and paired reads 144836 ...
[M::mem_process_seqs] Processed 1001 reads in 0.772 CPU sec, 0.105 real sec
[M::mem_process_seqs] Processed 1001 reads in 0.661 CPU sec, 0.084 real sec
[M::mem_process_seqs] Processed 1001 reads in 0.784 CPU sec, 0.105 real sec
[M::mem_process_seqs] Processed 1001 reads in 0.748 CPU sec, 0.095 real sec
56563 [main] INFO main.java.edu.mit.compbio.bisulfitehic.mapping.Bhmem  - Processing reads 149000 ...
56563 [main] INFO main.java.edu.mit.compbio.bisulfitehic.mapping.Bhmem  - Unique mapped and paired reads 146818 ...
56566 [main] INFO main.java.edu.mit.compbio.bisulfitehic.mapping.Bhmem  - Processing reads 150000 ...
56566 [main] INFO main.java.edu.mit.compbio.bisulfitehic.mapping.Bhmem  - Unique mapped and paired reads 146818 ...
[M::mem_process_seqs] Processed 1001 reads in 0.742 CPU sec, 0.094 real sec
[M::mem_process_seqs] Processed 1001 reads in 0.660 CPU sec, 0.083 real sec
[M::mem_process_seqs] Processed 1001 reads in 0.719 CPU sec, 0.090 real sec
[M::mem_process_seqs] Processed 1001 reads in 0.733 CPU sec, 0.093 real sec
57053 [main] INFO main.java.edu.mit.compbio.bisulfitehic.mapping.Bhmem  - Processing reads 151000 ...
57053 [main] INFO main.java.edu.mit.compbio.bisulfitehic.mapping.Bhmem  - Unique mapped and paired reads 148806 ...
57056 [main] INFO main.java.edu.mit.compbio.bisulfitehic.mapping.Bhmem  - Processing reads 152000 ...
57056 [main] INFO main.java.edu.mit.compbio.bisulfitehic.mapping.Bhmem  - Unique mapped and paired reads 148806 ...
[M::mem_process_seqs] Processed 1001 reads in 0.694 CPU sec, 0.089 real sec
[M::mem_process_seqs] Processed 1001 reads in 0.617 CPU sec, 0.078 real sec
[M::mem_process_seqs] Processed 1001 reads in 0.741 CPU sec, 0.098 real sec
[M::mem_process_seqs] Processed 1001 reads in 0.702 CPU sec, 0.095 real sec
57551 [main] INFO main.java.edu.mit.compbio.bisulfitehic.mapping.Bhmem  - Processing reads 153000 ...
57551 [main] INFO main.java.edu.mit.compbio.bisulfitehic.mapping.Bhmem  - Unique mapped and paired reads 150788 ...
57554 [main] INFO main.java.edu.mit.compbio.bisulfitehic.mapping.Bhmem  - Processing reads 154000 ...
57554 [main] INFO main.java.edu.mit.compbio.bisulfitehic.mapping.Bhmem  - Unique mapped and paired reads 150788 ...
[M::mem_process_seqs] Processed 1001 reads in 0.729 CPU sec, 0.093 real sec
[M::mem_process_seqs] Processed 1001 reads in 0.618 CPU sec, 0.079 real sec
[M::mem_process_seqs] Processed 1001 reads in 0.742 CPU sec, 0.094 real sec
[M::mem_process_seqs] Processed 1001 reads in 0.662 CPU sec, 0.087 real sec
58035 [main] INFO main.java.edu.mit.compbio.bisulfitehic.mapping.Bhmem  - Processing reads 155000 ...
58035 [main] INFO main.java.edu.mit.compbio.bisulfitehic.mapping.Bhmem  - Unique mapped and paired reads 152770 ...
58039 [main] INFO main.java.edu.mit.compbio.bisulfitehic.mapping.Bhmem  - Processing reads 156000 ...
58039 [main] INFO main.java.edu.mit.compbio.bisulfitehic.mapping.Bhmem  - Unique mapped and paired reads 152770 ...
[M::mem_process_seqs] Processed 1001 reads in 0.735 CPU sec, 0.094 real sec
[M::mem_process_seqs] Processed 1001 reads in 0.663 CPU sec, 0.087 real sec
[M::mem_process_seqs] Processed 1001 reads in 0.751 CPU sec, 0.102 real sec
[M::mem_process_seqs] Processed 1001 reads in 0.768 CPU sec, 0.103 real sec
58564 [main] INFO main.java.edu.mit.compbio.bisulfitehic.mapping.Bhmem  - Processing reads 157000 ...
58564 [main] INFO main.java.edu.mit.compbio.bisulfitehic.mapping.Bhmem  - Unique mapped and paired reads 154756 ...
58567 [main] INFO main.java.edu.mit.compbio.bisulfitehic.mapping.Bhmem  - Processing reads 158000 ...
58567 [main] INFO main.java.edu.mit.compbio.bisulfitehic.mapping.Bhmem  - Unique mapped and paired reads 154756 ...
[M::mem_process_seqs] Processed 1001 reads in 0.748 CPU sec, 0.095 real sec
[M::mem_process_seqs] Processed 1001 reads in 0.619 CPU sec, 0.078 real sec
[M::mem_process_seqs] Processed 1001 reads in 0.759 CPU sec, 0.100 real sec
[M::mem_process_seqs] Processed 1001 reads in 0.749 CPU sec, 0.099 real sec
59072 [main] INFO main.java.edu.mit.compbio.bisulfitehic.mapping.Bhmem  - Processing reads 159000 ...
59072 [main] INFO main.java.edu.mit.compbio.bisulfitehic.mapping.Bhmem  - Unique mapped and paired reads 156746 ...
59075 [main] INFO main.java.edu.mit.compbio.bisulfitehic.mapping.Bhmem  - Processing reads 160000 ...
59075 [main] INFO main.java.edu.mit.compbio.bisulfitehic.mapping.Bhmem  - Unique mapped and paired reads 156746 ...
[M::mem_process_seqs] Processed 1001 reads in 0.746 CPU sec, 0.096 real sec
[M::mem_process_seqs] Processed 1001 reads in 0.624 CPU sec, 0.080 real sec
[M::mem_process_seqs] Processed 1001 reads in 0.725 CPU sec, 0.108 real sec
[M::mem_process_seqs] Processed 1001 reads in 0.759 CPU sec, 0.096 real sec
59585 [main] INFO main.java.edu.mit.compbio.bisulfitehic.mapping.Bhmem  - Processing reads 161000 ...
59585 [main] INFO main.java.edu.mit.compbio.bisulfitehic.mapping.Bhmem  - Unique mapped and paired reads 158736 ...
59588 [main] INFO main.java.edu.mit.compbio.bisulfitehic.mapping.Bhmem  - Processing reads 162000 ...
59588 [main] INFO main.java.edu.mit.compbio.bisulfitehic.mapping.Bhmem  - Unique mapped and paired reads 158736 ...
[M::mem_process_seqs] Processed 1001 reads in 0.728 CPU sec, 0.094 real sec
[M::mem_process_seqs] Processed 1001 reads in 0.648 CPU sec, 0.082 real sec
[M::mem_process_seqs] Processed 1001 reads in 0.713 CPU sec, 0.096 real sec
[M::mem_process_seqs] Processed 1001 reads in 0.717 CPU sec, 0.091 real sec
60081 [main] INFO main.java.edu.mit.compbio.bisulfitehic.mapping.Bhmem  - Processing reads 163000 ...
60081 [main] INFO main.java.edu.mit.compbio.bisulfitehic.mapping.Bhmem  - Unique mapped and paired reads 160714 ...
60084 [main] INFO main.java.edu.mit.compbio.bisulfitehic.mapping.Bhmem  - Processing reads 164000 ...
60084 [main] INFO main.java.edu.mit.compbio.bisulfitehic.mapping.Bhmem  - Unique mapped and paired reads 160714 ...
[M::mem_process_seqs] Processed 1001 reads in 0.701 CPU sec, 0.092 real sec
[M::mem_process_seqs] Processed 1001 reads in 0.648 CPU sec, 0.084 real sec
[M::mem_process_seqs] Processed 1001 reads in 0.737 CPU sec, 0.098 real sec
[M::mem_process_seqs] Processed 1001 reads in 0.734 CPU sec, 0.094 real sec
60583 [main] INFO main.java.edu.mit.compbio.bisulfitehic.mapping.Bhmem  - Processing reads 165000 ...
60583 [main] INFO main.java.edu.mit.compbio.bisulfitehic.mapping.Bhmem  - Unique mapped and paired reads 162704 ...
60586 [main] INFO main.java.edu.mit.compbio.bisulfitehic.mapping.Bhmem  - Processing reads 166000 ...
60586 [main] INFO main.java.edu.mit.compbio.bisulfitehic.mapping.Bhmem  - Unique mapped and paired reads 162704 ...
[M::mem_process_seqs] Processed 1001 reads in 0.748 CPU sec, 0.095 real sec
[M::mem_process_seqs] Processed 1001 reads in 0.624 CPU sec, 0.079 real sec
[M::mem_process_seqs] Processed 1001 reads in 0.739 CPU sec, 0.097 real sec
[M::mem_process_seqs] Processed 1001 reads in 0.704 CPU sec, 0.090 real sec
61085 [main] INFO main.java.edu.mit.compbio.bisulfitehic.mapping.Bhmem  - Processing reads 167000 ...
61085 [main] INFO main.java.edu.mit.compbio.bisulfitehic.mapping.Bhmem  - Unique mapped and paired reads 164688 ...
61089 [main] INFO main.java.edu.mit.compbio.bisulfitehic.mapping.Bhmem  - Processing reads 168000 ...
61089 [main] INFO main.java.edu.mit.compbio.bisulfitehic.mapping.Bhmem  - Unique mapped and paired reads 164688 ...
[M::mem_process_seqs] Processed 1001 reads in 0.777 CPU sec, 0.099 real sec
[M::mem_process_seqs] Processed 1001 reads in 0.657 CPU sec, 0.084 real sec
[M::mem_process_seqs] Processed 1001 reads in 0.759 CPU sec, 0.101 real sec
[M::mem_process_seqs] Processed 1001 reads in 0.772 CPU sec, 0.108 real sec
61619 [main] INFO main.java.edu.mit.compbio.bisulfitehic.mapping.Bhmem  - Processing reads 169000 ...
61619 [main] INFO main.java.edu.mit.compbio.bisulfitehic.mapping.Bhmem  - Unique mapped and paired reads 166678 ...
61622 [main] INFO main.java.edu.mit.compbio.bisulfitehic.mapping.Bhmem  - Processing reads 170000 ...
61622 [main] INFO main.java.edu.mit.compbio.bisulfitehic.mapping.Bhmem  - Unique mapped and paired reads 166678 ...
[M::mem_process_seqs] Processed 1001 reads in 0.756 CPU sec, 0.096 real sec
[M::mem_process_seqs] Processed 1001 reads in 0.654 CPU sec, 0.083 real sec
[M::mem_process_seqs] Processed 1001 reads in 0.807 CPU sec, 0.104 real sec
[M::mem_process_seqs] Processed 1001 reads in 0.789 CPU sec, 0.103 real sec
62147 [main] INFO main.java.edu.mit.compbio.bisulfitehic.mapping.Bhmem  - Processing reads 171000 ...
62147 [main] INFO main.java.edu.mit.compbio.bisulfitehic.mapping.Bhmem  - Unique mapped and paired reads 168664 ...
62150 [main] INFO main.java.edu.mit.compbio.bisulfitehic.mapping.Bhmem  - Processing reads 172000 ...
62150 [main] INFO main.java.edu.mit.compbio.bisulfitehic.mapping.Bhmem  - Unique mapped and paired reads 168664 ...
[M::mem_process_seqs] Processed 1001 reads in 0.796 CPU sec, 0.101 real sec
[M::mem_process_seqs] Processed 1001 reads in 0.734 CPU sec, 0.095 real sec
[M::mem_process_seqs] Processed 1001 reads in 0.851 CPU sec, 0.110 real sec
[M::mem_process_seqs] Processed 1001 reads in 0.804 CPU sec, 0.107 real sec
62703 [main] INFO main.java.edu.mit.compbio.bisulfitehic.mapping.Bhmem  - Processing reads 173000 ...
62703 [main] INFO main.java.edu.mit.compbio.bisulfitehic.mapping.Bhmem  - Unique mapped and paired reads 170652 ...
62706 [main] INFO main.java.edu.mit.compbio.bisulfitehic.mapping.Bhmem  - Processing reads 174000 ...
62706 [main] INFO main.java.edu.mit.compbio.bisulfitehic.mapping.Bhmem  - Unique mapped and paired reads 170652 ...
[M::mem_process_seqs] Processed 1001 reads in 0.825 CPU sec, 0.106 real sec
[M::mem_process_seqs] Processed 1001 reads in 0.674 CPU sec, 0.086 real sec
[M::mem_process_seqs] Processed 1001 reads in 0.758 CPU sec, 0.096 real sec
[M::mem_process_seqs] Processed 1001 reads in 0.725 CPU sec, 0.094 real sec
63222 [main] INFO main.java.edu.mit.compbio.bisulfitehic.mapping.Bhmem  - Processing reads 175000 ...
63222 [main] INFO main.java.edu.mit.compbio.bisulfitehic.mapping.Bhmem  - Unique mapped and paired reads 172632 ...
63225 [main] INFO main.java.edu.mit.compbio.bisulfitehic.mapping.Bhmem  - Processing reads 176000 ...
63225 [main] INFO main.java.edu.mit.compbio.bisulfitehic.mapping.Bhmem  - Unique mapped and paired reads 172632 ...
[M::mem_process_seqs] Processed 1001 reads in 0.742 CPU sec, 0.098 real sec
[M::mem_process_seqs] Processed 1001 reads in 0.676 CPU sec, 0.089 real sec
[M::mem_process_seqs] Processed 1001 reads in 0.751 CPU sec, 0.098 real sec
[M::mem_process_seqs] Processed 1001 reads in 0.757 CPU sec, 0.099 real sec
63749 [main] INFO main.java.edu.mit.compbio.bisulfitehic.mapping.Bhmem  - Processing reads 177000 ...
63749 [main] INFO main.java.edu.mit.compbio.bisulfitehic.mapping.Bhmem  - Unique mapped and paired reads 174620 ...
63752 [main] INFO main.java.edu.mit.compbio.bisulfitehic.mapping.Bhmem  - Processing reads 178000 ...
63752 [main] INFO main.java.edu.mit.compbio.bisulfitehic.mapping.Bhmem  - Unique mapped and paired reads 174620 ...
[M::mem_process_seqs] Processed 1001 reads in 0.707 CPU sec, 0.091 real sec
[M::mem_process_seqs] Processed 1001 reads in 0.632 CPU sec, 0.080 real sec
[M::mem_process_seqs] Processed 1001 reads in 0.773 CPU sec, 0.103 real sec
[M::mem_process_seqs] Processed 1001 reads in 0.712 CPU sec, 0.090 real sec
64250 [main] INFO main.java.edu.mit.compbio.bisulfitehic.mapping.Bhmem  - Processing reads 179000 ...
64250 [main] INFO main.java.edu.mit.compbio.bisulfitehic.mapping.Bhmem  - Unique mapped and paired reads 176604 ...
64253 [main] INFO main.java.edu.mit.compbio.bisulfitehic.mapping.Bhmem  - Processing reads 180000 ...
64253 [main] INFO main.java.edu.mit.compbio.bisulfitehic.mapping.Bhmem  - Unique mapped and paired reads 176604 ...
[M::mem_process_seqs] Processed 1001 reads in 0.749 CPU sec, 0.095 real sec
[M::mem_process_seqs] Processed 1001 reads in 0.633 CPU sec, 0.080 real sec
[M::mem_process_seqs] Processed 1001 reads in 0.736 CPU sec, 0.094 real sec
[M::mem_process_seqs] Processed 1001 reads in 0.712 CPU sec, 0.090 real sec
64749 [main] INFO main.java.edu.mit.compbio.bisulfitehic.mapping.Bhmem  - Processing reads 181000 ...
64749 [main] INFO main.java.edu.mit.compbio.bisulfitehic.mapping.Bhmem  - Unique mapped and paired reads 178582 ...
64752 [main] INFO main.java.edu.mit.compbio.bisulfitehic.mapping.Bhmem  - Processing reads 182000 ...
64752 [main] INFO main.java.edu.mit.compbio.bisulfitehic.mapping.Bhmem  - Unique mapped and paired reads 178582 ...
[M::mem_process_seqs] Processed 1001 reads in 0.775 CPU sec, 0.103 real sec
[M::mem_process_seqs] Processed 1001 reads in 0.728 CPU sec, 0.095 real sec
[M::mem_process_seqs] Processed 1001 reads in 0.757 CPU sec, 0.096 real sec
[M::mem_process_seqs] Processed 1001 reads in 0.781 CPU sec, 0.100 real sec
65283 [main] INFO main.java.edu.mit.compbio.bisulfitehic.mapping.Bhmem  - Processing reads 183000 ...
65283 [main] INFO main.java.edu.mit.compbio.bisulfitehic.mapping.Bhmem  - Unique mapped and paired reads 180566 ...
65286 [main] INFO main.java.edu.mit.compbio.bisulfitehic.mapping.Bhmem  - Processing reads 184000 ...
65286 [main] INFO main.java.edu.mit.compbio.bisulfitehic.mapping.Bhmem  - Unique mapped and paired reads 180566 ...
[M::mem_process_seqs] Processed 1001 reads in 0.781 CPU sec, 0.112 real sec
[M::mem_process_seqs] Processed 1001 reads in 0.700 CPU sec, 0.091 real sec
[M::mem_process_seqs] Processed 1001 reads in 0.804 CPU sec, 0.102 real sec
[M::mem_process_seqs] Processed 1001 reads in 0.753 CPU sec, 0.096 real sec
65825 [main] INFO main.java.edu.mit.compbio.bisulfitehic.mapping.Bhmem  - Processing reads 185000 ...
65825 [main] INFO main.java.edu.mit.compbio.bisulfitehic.mapping.Bhmem  - Unique mapped and paired reads 182554 ...
65828 [main] INFO main.java.edu.mit.compbio.bisulfitehic.mapping.Bhmem  - Processing reads 186000 ...
65828 [main] INFO main.java.edu.mit.compbio.bisulfitehic.mapping.Bhmem  - Unique mapped and paired reads 182554 ...
[M::mem_process_seqs] Processed 1001 reads in 0.779 CPU sec, 0.102 real sec
[M::mem_process_seqs] Processed 1001 reads in 0.725 CPU sec, 0.093 real sec
[M::mem_process_seqs] Processed 1001 reads in 0.823 CPU sec, 0.106 real sec
[M::mem_process_seqs] Processed 1001 reads in 0.806 CPU sec, 0.111 real sec
66382 [main] INFO main.java.edu.mit.compbio.bisulfitehic.mapping.Bhmem  - Processing reads 187000 ...
66382 [main] INFO main.java.edu.mit.compbio.bisulfitehic.mapping.Bhmem  - Unique mapped and paired reads 184540 ...
66385 [main] INFO main.java.edu.mit.compbio.bisulfitehic.mapping.Bhmem  - Processing reads 188000 ...
66385 [main] INFO main.java.edu.mit.compbio.bisulfitehic.mapping.Bhmem  - Unique mapped and paired reads 184540 ...
[M::mem_process_seqs] Processed 1001 reads in 0.776 CPU sec, 0.098 real sec
[M::mem_process_seqs] Processed 1001 reads in 0.726 CPU sec, 0.098 real sec
[M::mem_process_seqs] Processed 1001 reads in 0.801 CPU sec, 0.104 real sec
[M::mem_process_seqs] Processed 1001 reads in 0.704 CPU sec, 0.089 real sec
66913 [main] INFO main.java.edu.mit.compbio.bisulfitehic.mapping.Bhmem  - Processing reads 189000 ...
66913 [main] INFO main.java.edu.mit.compbio.bisulfitehic.mapping.Bhmem  - Unique mapped and paired reads 186524 ...
66916 [main] INFO main.java.edu.mit.compbio.bisulfitehic.mapping.Bhmem  - Processing reads 190000 ...
66916 [main] INFO main.java.edu.mit.compbio.bisulfitehic.mapping.Bhmem  - Unique mapped and paired reads 186524 ...
[M::mem_process_seqs] Processed 1001 reads in 0.778 CPU sec, 0.103 real sec
[M::mem_process_seqs] Processed 1001 reads in 0.651 CPU sec, 0.082 real sec
[M::mem_process_seqs] Processed 1001 reads in 0.745 CPU sec, 0.103 real sec
[M::mem_process_seqs] Processed 1001 reads in 0.703 CPU sec, 0.089 real sec
67431 [main] INFO main.java.edu.mit.compbio.bisulfitehic.mapping.Bhmem  - Processing reads 191000 ...
67431 [main] INFO main.java.edu.mit.compbio.bisulfitehic.mapping.Bhmem  - Unique mapped and paired reads 188512 ...
67434 [main] INFO main.java.edu.mit.compbio.bisulfitehic.mapping.Bhmem  - Processing reads 192000 ...
67434 [main] INFO main.java.edu.mit.compbio.bisulfitehic.mapping.Bhmem  - Unique mapped and paired reads 188512 ...
[M::mem_process_seqs] Processed 1001 reads in 0.698 CPU sec, 0.088 real sec
[M::mem_process_seqs] Processed 1001 reads in 0.686 CPU sec, 0.088 real sec
[M::mem_process_seqs] Processed 1001 reads in 0.709 CPU sec, 0.089 real sec
[M::mem_process_seqs] Processed 1001 reads in 0.749 CPU sec, 0.095 real sec
67928 [main] INFO main.java.edu.mit.compbio.bisulfitehic.mapping.Bhmem  - Processing reads 193000 ...
67928 [main] INFO main.java.edu.mit.compbio.bisulfitehic.mapping.Bhmem  - Unique mapped and paired reads 190488 ...
67931 [main] INFO main.java.edu.mit.compbio.bisulfitehic.mapping.Bhmem  - Processing reads 194000 ...
67931 [main] INFO main.java.edu.mit.compbio.bisulfitehic.mapping.Bhmem  - Unique mapped and paired reads 190488 ...
[M::mem_process_seqs] Processed 1001 reads in 0.844 CPU sec, 0.111 real sec
[M::mem_process_seqs] Processed 1001 reads in 0.701 CPU sec, 0.089 real sec
[M::mem_process_seqs] Processed 1001 reads in 0.842 CPU sec, 0.107 real sec
[M::mem_process_seqs] Processed 1001 reads in 0.781 CPU sec, 0.100 real sec
68474 [main] INFO main.java.edu.mit.compbio.bisulfitehic.mapping.Bhmem  - Processing reads 195000 ...
68474 [main] INFO main.java.edu.mit.compbio.bisulfitehic.mapping.Bhmem  - Unique mapped and paired reads 192474 ...
68477 [main] INFO main.java.edu.mit.compbio.bisulfitehic.mapping.Bhmem  - Processing reads 196000 ...
68477 [main] INFO main.java.edu.mit.compbio.bisulfitehic.mapping.Bhmem  - Unique mapped and paired reads 192474 ...
[M::mem_process_seqs] Processed 1001 reads in 0.754 CPU sec, 0.100 real sec
[M::mem_process_seqs] Processed 1001 reads in 0.678 CPU sec, 0.087 real sec
[M::mem_process_seqs] Processed 1001 reads in 0.773 CPU sec, 0.099 real sec
[M::mem_process_seqs] Processed 1001 reads in 0.734 CPU sec, 0.092 real sec
68989 [main] INFO main.java.edu.mit.compbio.bisulfitehic.mapping.Bhmem  - Processing reads 197000 ...
68990 [main] INFO main.java.edu.mit.compbio.bisulfitehic.mapping.Bhmem  - Unique mapped and paired reads 194458 ...
68992 [main] INFO main.java.edu.mit.compbio.bisulfitehic.mapping.Bhmem  - Processing reads 198000 ...
68992 [main] INFO main.java.edu.mit.compbio.bisulfitehic.mapping.Bhmem  - Unique mapped and paired reads 194458 ...
[M::mem_process_seqs] Processed 1001 reads in 0.717 CPU sec, 0.091 real sec
[M::mem_process_seqs] Processed 1001 reads in 0.627 CPU sec, 0.080 real sec
[M::mem_process_seqs] Processed 1001 reads in 0.676 CPU sec, 0.086 real sec
[M::mem_process_seqs] Processed 1001 reads in 0.661 CPU sec, 0.088 real sec
69473 [main] INFO main.java.edu.mit.compbio.bisulfitehic.mapping.Bhmem  - Processing reads 199000 ...
69473 [main] INFO main.java.edu.mit.compbio.bisulfitehic.mapping.Bhmem  - Unique mapped and paired reads 196450 ...
69476 [main] INFO main.java.edu.mit.compbio.bisulfitehic.mapping.Bhmem  - Processing reads 200000 ...
69476 [main] INFO main.java.edu.mit.compbio.bisulfitehic.mapping.Bhmem  - Unique mapped and paired reads 196450 ...
[M::mem_process_seqs] Processed 1001 reads in 0.740 CPU sec, 0.094 real sec
[M::mem_process_seqs] Processed 1001 reads in 0.668 CPU sec, 0.084 real sec
[M::mem_process_seqs] Processed 1001 reads in 0.752 CPU sec, 0.095 real sec
[M::mem_process_seqs] Processed 1001 reads in 0.741 CPU sec, 0.098 real sec
69986 [main] INFO main.java.edu.mit.compbio.bisulfitehic.mapping.Bhmem  - Processing reads 201000 ...
69986 [main] INFO main.java.edu.mit.compbio.bisulfitehic.mapping.Bhmem  - Unique mapped and paired reads 198428 ...
69989 [main] INFO main.java.edu.mit.compbio.bisulfitehic.mapping.Bhmem  - Processing reads 202000 ...
69989 [main] INFO main.java.edu.mit.compbio.bisulfitehic.mapping.Bhmem  - Unique mapped and paired reads 198428 ...
[M::mem_process_seqs] Processed 1001 reads in 0.700 CPU sec, 0.088 real sec
[M::mem_process_seqs] Processed 1001 reads in 0.612 CPU sec, 0.079 real sec
[M::mem_process_seqs] Processed 1001 reads in 0.718 CPU sec, 0.092 real sec
[M::mem_process_seqs] Processed 1001 reads in 0.712 CPU sec, 0.091 real sec
70477 [main] INFO main.java.edu.mit.compbio.bisulfitehic.mapping.Bhmem  - Processing reads 203000 ...
70477 [main] INFO main.java.edu.mit.compbio.bisulfitehic.mapping.Bhmem  - Unique mapped and paired reads 200412 ...
70480 [main] INFO main.java.edu.mit.compbio.bisulfitehic.mapping.Bhmem  - Processing reads 204000 ...
70480 [main] INFO main.java.edu.mit.compbio.bisulfitehic.mapping.Bhmem  - Unique mapped and paired reads 200412 ...
[M::mem_process_seqs] Processed 1001 reads in 0.749 CPU sec, 0.095 real sec
[M::mem_process_seqs] Processed 1001 reads in 0.582 CPU sec, 0.076 real sec
[M::mem_process_seqs] Processed 1001 reads in 0.745 CPU sec, 0.094 real sec
[M::mem_process_seqs] Processed 1001 reads in 0.699 CPU sec, 0.099 real sec
70986 [main] INFO main.java.edu.mit.compbio.bisulfitehic.mapping.Bhmem  - Processing reads 205000 ...
70986 [main] INFO main.java.edu.mit.compbio.bisulfitehic.mapping.Bhmem  - Unique mapped and paired reads 202398 ...
70989 [main] INFO main.java.edu.mit.compbio.bisulfitehic.mapping.Bhmem  - Processing reads 206000 ...
70989 [main] INFO main.java.edu.mit.compbio.bisulfitehic.mapping.Bhmem  - Unique mapped and paired reads 202398 ...
[M::mem_process_seqs] Processed 1001 reads in 0.783 CPU sec, 0.101 real sec
[M::mem_process_seqs] Processed 1001 reads in 0.661 CPU sec, 0.088 real sec
[M::mem_process_seqs] Processed 1001 reads in 0.740 CPU sec, 0.097 real sec
[M::mem_process_seqs] Processed 1001 reads in 0.752 CPU sec, 0.102 real sec
71564 [main] INFO main.java.edu.mit.compbio.bisulfitehic.mapping.Bhmem  - Processing reads 207000 ...
71564 [main] INFO main.java.edu.mit.compbio.bisulfitehic.mapping.Bhmem  - Unique mapped and paired reads 204378 ...
71570 [main] INFO main.java.edu.mit.compbio.bisulfitehic.mapping.Bhmem  - Processing reads 208000 ...
71570 [main] INFO main.java.edu.mit.compbio.bisulfitehic.mapping.Bhmem  - Unique mapped and paired reads 204378 ...
[M::mem_process_seqs] Processed 1001 reads in 0.697 CPU sec, 0.088 real sec
[M::mem_process_seqs] Processed 1001 reads in 0.607 CPU sec, 0.077 real sec
[M::mem_process_seqs] Processed 1001 reads in 0.727 CPU sec, 0.101 real sec
[M::mem_process_seqs] Processed 1001 reads in 0.693 CPU sec, 0.090 real sec
72059 [main] INFO main.java.edu.mit.compbio.bisulfitehic.mapping.Bhmem  - Processing reads 209000 ...
72059 [main] INFO main.java.edu.mit.compbio.bisulfitehic.mapping.Bhmem  - Unique mapped and paired reads 206364 ...
72062 [main] INFO main.java.edu.mit.compbio.bisulfitehic.mapping.Bhmem  - Processing reads 210000 ...
72062 [main] INFO main.java.edu.mit.compbio.bisulfitehic.mapping.Bhmem  - Unique mapped and paired reads 206364 ...
[M::mem_process_seqs] Processed 1001 reads in 0.722 CPU sec, 0.091 real sec
[M::mem_process_seqs] Processed 1001 reads in 0.666 CPU sec, 0.086 real sec
[M::mem_process_seqs] Processed 1001 reads in 0.749 CPU sec, 0.096 real sec
[M::mem_process_seqs] Processed 1001 reads in 0.737 CPU sec, 0.099 real sec
72568 [main] INFO main.java.edu.mit.compbio.bisulfitehic.mapping.Bhmem  - Processing reads 211000 ...
72568 [main] INFO main.java.edu.mit.compbio.bisulfitehic.mapping.Bhmem  - Unique mapped and paired reads 208346 ...
72571 [main] INFO main.java.edu.mit.compbio.bisulfitehic.mapping.Bhmem  - Processing reads 212000 ...
72571 [main] INFO main.java.edu.mit.compbio.bisulfitehic.mapping.Bhmem  - Unique mapped and paired reads 208346 ...
[M::mem_process_seqs] Processed 1001 reads in 0.746 CPU sec, 0.095 real sec
[M::mem_process_seqs] Processed 1001 reads in 0.663 CPU sec, 0.084 real sec
[M::mem_process_seqs] Processed 1001 reads in 0.791 CPU sec, 0.101 real sec
[M::mem_process_seqs] Processed 1001 reads in 0.726 CPU sec, 0.092 real sec
73074 [main] INFO main.java.edu.mit.compbio.bisulfitehic.mapping.Bhmem  - Processing reads 213000 ...
73074 [main] INFO main.java.edu.mit.compbio.bisulfitehic.mapping.Bhmem  - Unique mapped and paired reads 210332 ...
73077 [main] INFO main.java.edu.mit.compbio.bisulfitehic.mapping.Bhmem  - Processing reads 214000 ...
73077 [main] INFO main.java.edu.mit.compbio.bisulfitehic.mapping.Bhmem  - Unique mapped and paired reads 210332 ...
[M::mem_process_seqs] Processed 1001 reads in 0.786 CPU sec, 0.100 real sec
[M::mem_process_seqs] Processed 1001 reads in 0.673 CPU sec, 0.092 real sec
[M::mem_process_seqs] Processed 1001 reads in 0.831 CPU sec, 0.105 real sec
[M::mem_process_seqs] Processed 1001 reads in 0.780 CPU sec, 0.101 real sec
73609 [main] INFO main.java.edu.mit.compbio.bisulfitehic.mapping.Bhmem  - Processing reads 215000 ...
73609 [main] INFO main.java.edu.mit.compbio.bisulfitehic.mapping.Bhmem  - Unique mapped and paired reads 212316 ...
73612 [main] INFO main.java.edu.mit.compbio.bisulfitehic.mapping.Bhmem  - Processing reads 216000 ...
73612 [main] INFO main.java.edu.mit.compbio.bisulfitehic.mapping.Bhmem  - Unique mapped and paired reads 212316 ...
[M::mem_process_seqs] Processed 1001 reads in 0.728 CPU sec, 0.097 real sec
[M::mem_process_seqs] Processed 1001 reads in 0.637 CPU sec, 0.082 real sec
[M::mem_process_seqs] Processed 1001 reads in 0.682 CPU sec, 0.087 real sec
[M::mem_process_seqs] Processed 1001 reads in 0.715 CPU sec, 0.092 real sec
74104 [main] INFO main.java.edu.mit.compbio.bisulfitehic.mapping.Bhmem  - Processing reads 217000 ...
74104 [main] INFO main.java.edu.mit.compbio.bisulfitehic.mapping.Bhmem  - Unique mapped and paired reads 214294 ...
74107 [main] INFO main.java.edu.mit.compbio.bisulfitehic.mapping.Bhmem  - Processing reads 218000 ...
74107 [main] INFO main.java.edu.mit.compbio.bisulfitehic.mapping.Bhmem  - Unique mapped and paired reads 214294 ...
[M::mem_process_seqs] Processed 1001 reads in 0.677 CPU sec, 0.086 real sec
[M::mem_process_seqs] Processed 1001 reads in 0.658 CPU sec, 0.089 real sec
[M::mem_process_seqs] Processed 1001 reads in 0.718 CPU sec, 0.094 real sec
[M::mem_process_seqs] Processed 1001 reads in 0.686 CPU sec, 0.086 real sec
74595 [main] INFO main.java.edu.mit.compbio.bisulfitehic.mapping.Bhmem  - Processing reads 219000 ...
74595 [main] INFO main.java.edu.mit.compbio.bisulfitehic.mapping.Bhmem  - Unique mapped and paired reads 216272 ...
74598 [main] INFO main.java.edu.mit.compbio.bisulfitehic.mapping.Bhmem  - Processing reads 220000 ...
74598 [main] INFO main.java.edu.mit.compbio.bisulfitehic.mapping.Bhmem  - Unique mapped and paired reads 216272 ...
[M::mem_process_seqs] Processed 1001 reads in 0.750 CPU sec, 0.096 real sec
[M::mem_process_seqs] Processed 1001 reads in 0.625 CPU sec, 0.080 real sec
[M::mem_process_seqs] Processed 1001 reads in 0.749 CPU sec, 0.099 real sec
[M::mem_process_seqs] Processed 1001 reads in 0.727 CPU sec, 0.092 real sec
75105 [main] INFO main.java.edu.mit.compbio.bisulfitehic.mapping.Bhmem  - Processing reads 221000 ...
75105 [main] INFO main.java.edu.mit.compbio.bisulfitehic.mapping.Bhmem  - Unique mapped and paired reads 218256 ...
75108 [main] INFO main.java.edu.mit.compbio.bisulfitehic.mapping.Bhmem  - Processing reads 222000 ...
75108 [main] INFO main.java.edu.mit.compbio.bisulfitehic.mapping.Bhmem  - Unique mapped and paired reads 218256 ...
[M::mem_process_seqs] Processed 1001 reads in 0.783 CPU sec, 0.101 real sec
[M::mem_process_seqs] Processed 1001 reads in 0.688 CPU sec, 0.092 real sec
[M::mem_process_seqs] Processed 1001 reads in 0.845 CPU sec, 0.107 real sec
[M::mem_process_seqs] Processed 1001 reads in 0.768 CPU sec, 0.108 real sec
75655 [main] INFO main.java.edu.mit.compbio.bisulfitehic.mapping.Bhmem  - Processing reads 223000 ...
75655 [main] INFO main.java.edu.mit.compbio.bisulfitehic.mapping.Bhmem  - Unique mapped and paired reads 220248 ...
75659 [main] INFO main.java.edu.mit.compbio.bisulfitehic.mapping.Bhmem  - Processing reads 224000 ...
75659 [main] INFO main.java.edu.mit.compbio.bisulfitehic.mapping.Bhmem  - Unique mapped and paired reads 220248 ...
[M::mem_process_seqs] Processed 1001 reads in 0.942 CPU sec, 0.119 real sec
[M::mem_process_seqs] Processed 1001 reads in 0.887 CPU sec, 0.112 real sec
[M::mem_process_seqs] Processed 1001 reads in 0.622 CPU sec, 0.078 real sec
[M::mem_process_seqs] Processed 1001 reads in 0.577 CPU sec, 0.074 real sec
76193 [main] INFO main.java.edu.mit.compbio.bisulfitehic.mapping.Bhmem  - Processing reads 225000 ...
76193 [main] INFO main.java.edu.mit.compbio.bisulfitehic.mapping.Bhmem  - Unique mapped and paired reads 222216 ...
76196 [main] INFO main.java.edu.mit.compbio.bisulfitehic.mapping.Bhmem  - Processing reads 226000 ...
76196 [main] INFO main.java.edu.mit.compbio.bisulfitehic.mapping.Bhmem  - Unique mapped and paired reads 222216 ...
[M::mem_process_seqs] Processed 1001 reads in 1.121 CPU sec, 0.141 real sec
[M::mem_process_seqs] Processed 1001 reads in 1.070 CPU sec, 0.135 real sec
[M::mem_process_seqs] Processed 1001 reads in 0.611 CPU sec, 0.082 real sec
[M::mem_process_seqs] Processed 1001 reads in 0.611 CPU sec, 0.078 real sec
76800 [main] INFO main.java.edu.mit.compbio.bisulfitehic.mapping.Bhmem  - Processing reads 227000 ...
76800 [main] INFO main.java.edu.mit.compbio.bisulfitehic.mapping.Bhmem  - Unique mapped and paired reads 224178 ...
76803 [main] INFO main.java.edu.mit.compbio.bisulfitehic.mapping.Bhmem  - Processing reads 228000 ...
76803 [main] INFO main.java.edu.mit.compbio.bisulfitehic.mapping.Bhmem  - Unique mapped and paired reads 224178 ...
[M::mem_process_seqs] Processed 1001 reads in 1.157 CPU sec, 0.146 real sec
[M::mem_process_seqs] Processed 1001 reads in 1.099 CPU sec, 0.139 real sec
[M::mem_process_seqs] Processed 1001 reads in 0.692 CPU sec, 0.090 real sec
[M::mem_process_seqs] Processed 1001 reads in 0.589 CPU sec, 0.076 real sec
77418 [main] INFO main.java.edu.mit.compbio.bisulfitehic.mapping.Bhmem  - Processing reads 229000 ...
77418 [main] INFO main.java.edu.mit.compbio.bisulfitehic.mapping.Bhmem  - Unique mapped and paired reads 226154 ...
77421 [main] INFO main.java.edu.mit.compbio.bisulfitehic.mapping.Bhmem  - Processing reads 230000 ...
77421 [main] INFO main.java.edu.mit.compbio.bisulfitehic.mapping.Bhmem  - Unique mapped and paired reads 226154 ...
[M::mem_process_seqs] Processed 1001 reads in 0.894 CPU sec, 0.113 real sec
[M::mem_process_seqs] Processed 1001 reads in 0.794 CPU sec, 0.100 real sec
[M::mem_process_seqs] Processed 1001 reads in 0.755 CPU sec, 0.096 real sec
[M::mem_process_seqs] Processed 1001 reads in 0.719 CPU sec, 0.092 real sec
77966 [main] INFO main.java.edu.mit.compbio.bisulfitehic.mapping.Bhmem  - Processing reads 231000 ...
77966 [main] INFO main.java.edu.mit.compbio.bisulfitehic.mapping.Bhmem  - Unique mapped and paired reads 228134 ...
77969 [main] INFO main.java.edu.mit.compbio.bisulfitehic.mapping.Bhmem  - Processing reads 232000 ...
77969 [main] INFO main.java.edu.mit.compbio.bisulfitehic.mapping.Bhmem  - Unique mapped and paired reads 228134 ...
[M::mem_process_seqs] Processed 1001 reads in 0.758 CPU sec, 0.096 real sec
[M::mem_process_seqs] Processed 1001 reads in 0.660 CPU sec, 0.085 real sec
[M::mem_process_seqs] Processed 1001 reads in 0.814 CPU sec, 0.105 real sec
[M::mem_process_seqs] Processed 1001 reads in 0.754 CPU sec, 0.096 real sec
78492 [main] INFO main.java.edu.mit.compbio.bisulfitehic.mapping.Bhmem  - Processing reads 233000 ...
78492 [main] INFO main.java.edu.mit.compbio.bisulfitehic.mapping.Bhmem  - Unique mapped and paired reads 230126 ...
78495 [main] INFO main.java.edu.mit.compbio.bisulfitehic.mapping.Bhmem  - Processing reads 234000 ...
78495 [main] INFO main.java.edu.mit.compbio.bisulfitehic.mapping.Bhmem  - Unique mapped and paired reads 230126 ...
[M::mem_process_seqs] Processed 1001 reads in 0.784 CPU sec, 0.100 real sec
[M::mem_process_seqs] Processed 1001 reads in 0.681 CPU sec, 0.087 real sec
[M::mem_process_seqs] Processed 1001 reads in 0.776 CPU sec, 0.099 real sec
[M::mem_process_seqs] Processed 1001 reads in 0.731 CPU sec, 0.093 real sec
79012 [main] INFO main.java.edu.mit.compbio.bisulfitehic.mapping.Bhmem  - Processing reads 235000 ...
79012 [main] INFO main.java.edu.mit.compbio.bisulfitehic.mapping.Bhmem  - Unique mapped and paired reads 232116 ...
79015 [main] INFO main.java.edu.mit.compbio.bisulfitehic.mapping.Bhmem  - Processing reads 236000 ...
79015 [main] INFO main.java.edu.mit.compbio.bisulfitehic.mapping.Bhmem  - Unique mapped and paired reads 232116 ...
[M::mem_process_seqs] Processed 1001 reads in 0.730 CPU sec, 0.093 real sec
[M::mem_process_seqs] Processed 1001 reads in 0.636 CPU sec, 0.084 real sec
[M::mem_process_seqs] Processed 1001 reads in 0.732 CPU sec, 0.101 real sec
[M::mem_process_seqs] Processed 1001 reads in 0.716 CPU sec, 0.091 real sec
79519 [main] INFO main.java.edu.mit.compbio.bisulfitehic.mapping.Bhmem  - Processing reads 237000 ...
79519 [main] INFO main.java.edu.mit.compbio.bisulfitehic.mapping.Bhmem  - Unique mapped and paired reads 234100 ...
79522 [main] INFO main.java.edu.mit.compbio.bisulfitehic.mapping.Bhmem  - Processing reads 238000 ...
79522 [main] INFO main.java.edu.mit.compbio.bisulfitehic.mapping.Bhmem  - Unique mapped and paired reads 234100 ...
[M::mem_process_seqs] Processed 1001 reads in 0.691 CPU sec, 0.088 real sec
[M::mem_process_seqs] Processed 1001 reads in 0.627 CPU sec, 0.080 real sec
[M::mem_process_seqs] Processed 1001 reads in 0.725 CPU sec, 0.092 real sec
[M::mem_process_seqs] Processed 1001 reads in 0.671 CPU sec, 0.085 real sec
80001 [main] INFO main.java.edu.mit.compbio.bisulfitehic.mapping.Bhmem  - Processing reads 239000 ...
80001 [main] INFO main.java.edu.mit.compbio.bisulfitehic.mapping.Bhmem  - Unique mapped and paired reads 236096 ...
80004 [main] INFO main.java.edu.mit.compbio.bisulfitehic.mapping.Bhmem  - Processing reads 240000 ...
80004 [main] INFO main.java.edu.mit.compbio.bisulfitehic.mapping.Bhmem  - Unique mapped and paired reads 236096 ...
[M::mem_process_seqs] Processed 1001 reads in 0.796 CPU sec, 0.102 real sec
[M::mem_process_seqs] Processed 1001 reads in 0.718 CPU sec, 0.091 real sec
[M::mem_process_seqs] Processed 1001 reads in 0.808 CPU sec, 0.104 real sec
[M::mem_process_seqs] Processed 1001 reads in 0.764 CPU sec, 0.098 real sec
80536 [main] INFO main.java.edu.mit.compbio.bisulfitehic.mapping.Bhmem  - Processing reads 241000 ...
80536 [main] INFO main.java.edu.mit.compbio.bisulfitehic.mapping.Bhmem  - Unique mapped and paired reads 238090 ...
80539 [main] INFO main.java.edu.mit.compbio.bisulfitehic.mapping.Bhmem  - Processing reads 242000 ...
80539 [main] INFO main.java.edu.mit.compbio.bisulfitehic.mapping.Bhmem  - Unique mapped and paired reads 238090 ...
[M::mem_process_seqs] Processed 1001 reads in 0.758 CPU sec, 0.097 real sec
[M::mem_process_seqs] Processed 1001 reads in 0.653 CPU sec, 0.083 real sec
[M::mem_process_seqs] Processed 1001 reads in 0.767 CPU sec, 0.100 real sec
[M::mem_process_seqs] Processed 1001 reads in 0.766 CPU sec, 0.099 real sec
81056 [main] INFO main.java.edu.mit.compbio.bisulfitehic.mapping.Bhmem  - Processing reads 243000 ...
81056 [main] INFO main.java.edu.mit.compbio.bisulfitehic.mapping.Bhmem  - Unique mapped and paired reads 240066 ...
81059 [main] INFO main.java.edu.mit.compbio.bisulfitehic.mapping.Bhmem  - Processing reads 244000 ...
81059 [main] INFO main.java.edu.mit.compbio.bisulfitehic.mapping.Bhmem  - Unique mapped and paired reads 240066 ...
[M::mem_process_seqs] Processed 1001 reads in 0.784 CPU sec, 0.110 real sec
[M::mem_process_seqs] Processed 1001 reads in 0.737 CPU sec, 0.094 real sec
[M::mem_process_seqs] Processed 1001 reads in 0.817 CPU sec, 0.105 real sec
[M::mem_process_seqs] Processed 1001 reads in 0.703 CPU sec, 0.089 real sec
81595 [main] INFO main.java.edu.mit.compbio.bisulfitehic.mapping.Bhmem  - Processing reads 245000 ...
81595 [main] INFO main.java.edu.mit.compbio.bisulfitehic.mapping.Bhmem  - Unique mapped and paired reads 242052 ...
81598 [main] INFO main.java.edu.mit.compbio.bisulfitehic.mapping.Bhmem  - Processing reads 246000 ...
81598 [main] INFO main.java.edu.mit.compbio.bisulfitehic.mapping.Bhmem  - Unique mapped and paired reads 242052 ...
[M::mem_process_seqs] Processed 1001 reads in 0.776 CPU sec, 0.098 real sec
[M::mem_process_seqs] Processed 1001 reads in 0.594 CPU sec, 0.075 real sec
[M::mem_process_seqs] Processed 1001 reads in 0.812 CPU sec, 0.104 real sec
[M::mem_process_seqs] Processed 1001 reads in 0.702 CPU sec, 0.088 real sec
82097 [main] INFO main.java.edu.mit.compbio.bisulfitehic.mapping.Bhmem  - Processing reads 247000 ...
82097 [main] INFO main.java.edu.mit.compbio.bisulfitehic.mapping.Bhmem  - Unique mapped and paired reads 244038 ...
82100 [main] INFO main.java.edu.mit.compbio.bisulfitehic.mapping.Bhmem  - Processing reads 248000 ...
82100 [main] INFO main.java.edu.mit.compbio.bisulfitehic.mapping.Bhmem  - Unique mapped and paired reads 244038 ...
[M::mem_process_seqs] Processed 1001 reads in 0.742 CPU sec, 0.095 real sec
[M::mem_process_seqs] Processed 1001 reads in 0.638 CPU sec, 0.081 real sec
[M::mem_process_seqs] Processed 1001 reads in 0.726 CPU sec, 0.093 real sec
[M::mem_process_seqs] Processed 1001 reads in 0.694 CPU sec, 0.088 real sec
82585 [main] INFO main.java.edu.mit.compbio.bisulfitehic.mapping.Bhmem  - Processing reads 249000 ...
82585 [main] INFO main.java.edu.mit.compbio.bisulfitehic.mapping.Bhmem  - Unique mapped and paired reads 246016 ...
82588 [main] INFO main.java.edu.mit.compbio.bisulfitehic.mapping.Bhmem  - Processing reads 250000 ...
82588 [main] INFO main.java.edu.mit.compbio.bisulfitehic.mapping.Bhmem  - Unique mapped and paired reads 246016 ...
[M::mem_process_seqs] Processed 1001 reads in 0.804 CPU sec, 0.106 real sec
[M::mem_process_seqs] Processed 1001 reads in 0.677 CPU sec, 0.087 real sec
[M::mem_process_seqs] Processed 1001 reads in 0.763 CPU sec, 0.096 real sec
[M::mem_process_seqs] Processed 1001 reads in 0.730 CPU sec, 0.093 real sec
83112 [main] INFO main.java.edu.mit.compbio.bisulfitehic.mapping.Bhmem  - Processing reads 251000 ...
83112 [main] INFO main.java.edu.mit.compbio.bisulfitehic.mapping.Bhmem  - Unique mapped and paired reads 247992 ...
83115 [main] INFO main.java.edu.mit.compbio.bisulfitehic.mapping.Bhmem  - Processing reads 252000 ...
83115 [main] INFO main.java.edu.mit.compbio.bisulfitehic.mapping.Bhmem  - Unique mapped and paired reads 247992 ...
[M::mem_process_seqs] Processed 1001 reads in 0.749 CPU sec, 0.103 real sec
[M::mem_process_seqs] Processed 1001 reads in 0.704 CPU sec, 0.090 real sec
[M::mem_process_seqs] Processed 1001 reads in 0.766 CPU sec, 0.098 real sec
[M::mem_process_seqs] Processed 1001 reads in 0.748 CPU sec, 0.095 real sec
83638 [main] INFO main.java.edu.mit.compbio.bisulfitehic.mapping.Bhmem  - Processing reads 253000 ...
83638 [main] INFO main.java.edu.mit.compbio.bisulfitehic.mapping.Bhmem  - Unique mapped and paired reads 249974 ...
83641 [main] INFO main.java.edu.mit.compbio.bisulfitehic.mapping.Bhmem  - Processing reads 254000 ...
83641 [main] INFO main.java.edu.mit.compbio.bisulfitehic.mapping.Bhmem  - Unique mapped and paired reads 249974 ...
[M::mem_process_seqs] Processed 1001 reads in 0.917 CPU sec, 0.116 real sec
[M::mem_process_seqs] Processed 1001 reads in 0.769 CPU sec, 0.097 real sec
[M::mem_process_seqs] Processed 1001 reads in 0.801 CPU sec, 0.113 real sec
[M::mem_process_seqs] Processed 1001 reads in 0.703 CPU sec, 0.090 real sec
84202 [main] INFO main.java.edu.mit.compbio.bisulfitehic.mapping.Bhmem  - Processing reads 255000 ...
84202 [main] INFO main.java.edu.mit.compbio.bisulfitehic.mapping.Bhmem  - Unique mapped and paired reads 251962 ...
84205 [main] INFO main.java.edu.mit.compbio.bisulfitehic.mapping.Bhmem  - Processing reads 256000 ...
84205 [main] INFO main.java.edu.mit.compbio.bisulfitehic.mapping.Bhmem  - Unique mapped and paired reads 251962 ...
[M::mem_process_seqs] Processed 1001 reads in 1.093 CPU sec, 0.138 real sec
[M::mem_process_seqs] Processed 1001 reads in 1.053 CPU sec, 0.134 real sec
[M::mem_process_seqs] Processed 1001 reads in 0.656 CPU sec, 0.085 real sec
[M::mem_process_seqs] Processed 1001 reads in 0.595 CPU sec, 0.076 real sec
84806 [main] INFO main.java.edu.mit.compbio.bisulfitehic.mapping.Bhmem  - Processing reads 257000 ...
84806 [main] INFO main.java.edu.mit.compbio.bisulfitehic.mapping.Bhmem  - Unique mapped and paired reads 253934 ...
84809 [main] INFO main.java.edu.mit.compbio.bisulfitehic.mapping.Bhmem  - Processing reads 258000 ...
84809 [main] INFO main.java.edu.mit.compbio.bisulfitehic.mapping.Bhmem  - Unique mapped and paired reads 253934 ...
[M::mem_process_seqs] Processed 1001 reads in 1.111 CPU sec, 0.140 real sec
[M::mem_process_seqs] Processed 1001 reads in 1.045 CPU sec, 0.132 real sec
[M::mem_process_seqs] Processed 1001 reads in 0.632 CPU sec, 0.082 real sec
[M::mem_process_seqs] Processed 1001 reads in 0.558 CPU sec, 0.072 real sec
85402 [main] INFO main.java.edu.mit.compbio.bisulfitehic.mapping.Bhmem  - Processing reads 259000 ...
85402 [main] INFO main.java.edu.mit.compbio.bisulfitehic.mapping.Bhmem  - Unique mapped and paired reads 255912 ...
85405 [main] INFO main.java.edu.mit.compbio.bisulfitehic.mapping.Bhmem  - Processing reads 260000 ...
85405 [main] INFO main.java.edu.mit.compbio.bisulfitehic.mapping.Bhmem  - Unique mapped and paired reads 255912 ...
[M::mem_process_seqs] Processed 1001 reads in 0.993 CPU sec, 0.126 real sec
[M::mem_process_seqs] Processed 1001 reads in 0.926 CPU sec, 0.117 real sec
[M::mem_process_seqs] Processed 1001 reads in 0.689 CPU sec, 0.088 real sec
[M::mem_process_seqs] Processed 1001 reads in 0.624 CPU sec, 0.080 real sec
85971 [main] INFO main.java.edu.mit.compbio.bisulfitehic.mapping.Bhmem  - Processing reads 261000 ...
85971 [main] INFO main.java.edu.mit.compbio.bisulfitehic.mapping.Bhmem  - Unique mapped and paired reads 257888 ...
85974 [main] INFO main.java.edu.mit.compbio.bisulfitehic.mapping.Bhmem  - Processing reads 262000 ...
85974 [main] INFO main.java.edu.mit.compbio.bisulfitehic.mapping.Bhmem  - Unique mapped and paired reads 257888 ...
[M::mem_process_seqs] Processed 1001 reads in 0.782 CPU sec, 0.099 real sec
[M::mem_process_seqs] Processed 1001 reads in 0.695 CPU sec, 0.088 real sec
[M::mem_process_seqs] Processed 1001 reads in 0.862 CPU sec, 0.110 real sec
[M::mem_process_seqs] Processed 1001 reads in 0.779 CPU sec, 0.098 real sec
86510 [main] INFO main.java.edu.mit.compbio.bisulfitehic.mapping.Bhmem  - Processing reads 263000 ...
86510 [main] INFO main.java.edu.mit.compbio.bisulfitehic.mapping.Bhmem  - Unique mapped and paired reads 259886 ...
86513 [main] INFO main.java.edu.mit.compbio.bisulfitehic.mapping.Bhmem  - Processing reads 264000 ...
86513 [main] INFO main.java.edu.mit.compbio.bisulfitehic.mapping.Bhmem  - Unique mapped and paired reads 259886 ...
[M::mem_process_seqs] Processed 1001 reads in 0.723 CPU sec, 0.092 real sec
[M::mem_process_seqs] Processed 1001 reads in 0.620 CPU sec, 0.079 real sec
[M::mem_process_seqs] Processed 1001 reads in 0.766 CPU sec, 0.100 real sec
[M::mem_process_seqs] Processed 1001 reads in 0.738 CPU sec, 0.094 real sec
87015 [main] INFO main.java.edu.mit.compbio.bisulfitehic.mapping.Bhmem  - Processing reads 265000 ...
87015 [main] INFO main.java.edu.mit.compbio.bisulfitehic.mapping.Bhmem  - Unique mapped and paired reads 261874 ...
87018 [main] INFO main.java.edu.mit.compbio.bisulfitehic.mapping.Bhmem  - Processing reads 266000 ...
87018 [main] INFO main.java.edu.mit.compbio.bisulfitehic.mapping.Bhmem  - Unique mapped and paired reads 261874 ...
[M::mem_process_seqs] Processed 1001 reads in 0.748 CPU sec, 0.096 real sec
[M::mem_process_seqs] Processed 1001 reads in 0.670 CPU sec, 0.085 real sec
[M::mem_process_seqs] Processed 1001 reads in 0.760 CPU sec, 0.096 real sec
[M::mem_process_seqs] Processed 1001 reads in 0.745 CPU sec, 0.096 real sec
87528 [main] INFO main.java.edu.mit.compbio.bisulfitehic.mapping.Bhmem  - Processing reads 267000 ...
87528 [main] INFO main.java.edu.mit.compbio.bisulfitehic.mapping.Bhmem  - Unique mapped and paired reads 263858 ...
87531 [main] INFO main.java.edu.mit.compbio.bisulfitehic.mapping.Bhmem  - Processing reads 268000 ...
87531 [main] INFO main.java.edu.mit.compbio.bisulfitehic.mapping.Bhmem  - Unique mapped and paired reads 263858 ...
[M::mem_process_seqs] Processed 1001 reads in 0.724 CPU sec, 0.093 real sec
[M::mem_process_seqs] Processed 1001 reads in 0.641 CPU sec, 0.084 real sec
[M::mem_process_seqs] Processed 1001 reads in 0.787 CPU sec, 0.100 real sec
[M::mem_process_seqs] Processed 1001 reads in 0.765 CPU sec, 0.098 real sec
88047 [main] INFO main.java.edu.mit.compbio.bisulfitehic.mapping.Bhmem  - Processing reads 269000 ...
88047 [main] INFO main.java.edu.mit.compbio.bisulfitehic.mapping.Bhmem  - Unique mapped and paired reads 265844 ...
88050 [main] INFO main.java.edu.mit.compbio.bisulfitehic.mapping.Bhmem  - Processing reads 270000 ...
88050 [main] INFO main.java.edu.mit.compbio.bisulfitehic.mapping.Bhmem  - Unique mapped and paired reads 265844 ...
[M::mem_process_seqs] Processed 1001 reads in 0.745 CPU sec, 0.095 real sec
[M::mem_process_seqs] Processed 1001 reads in 0.683 CPU sec, 0.086 real sec
[M::mem_process_seqs] Processed 1001 reads in 0.803 CPU sec, 0.108 real sec
[M::mem_process_seqs] Processed 1001 reads in 0.788 CPU sec, 0.101 real sec
88579 [main] INFO main.java.edu.mit.compbio.bisulfitehic.mapping.Bhmem  - Processing reads 271000 ...
88579 [main] INFO main.java.edu.mit.compbio.bisulfitehic.mapping.Bhmem  - Unique mapped and paired reads 267822 ...
88582 [main] INFO main.java.edu.mit.compbio.bisulfitehic.mapping.Bhmem  - Processing reads 272000 ...
88582 [main] INFO main.java.edu.mit.compbio.bisulfitehic.mapping.Bhmem  - Unique mapped and paired reads 267822 ...
[M::mem_process_seqs] Processed 1001 reads in 0.716 CPU sec, 0.093 real sec
[M::mem_process_seqs] Processed 1001 reads in 0.721 CPU sec, 0.097 real sec
[M::mem_process_seqs] Processed 1001 reads in 0.756 CPU sec, 0.096 real sec
[M::mem_process_seqs] Processed 1001 reads in 0.770 CPU sec, 0.107 real sec
89121 [main] INFO main.java.edu.mit.compbio.bisulfitehic.mapping.Bhmem  - Processing reads 273000 ...
89121 [main] INFO main.java.edu.mit.compbio.bisulfitehic.mapping.Bhmem  - Unique mapped and paired reads 269808 ...
89124 [main] INFO main.java.edu.mit.compbio.bisulfitehic.mapping.Bhmem  - Processing reads 274000 ...
89124 [main] INFO main.java.edu.mit.compbio.bisulfitehic.mapping.Bhmem  - Unique mapped and paired reads 269808 ...
[M::mem_process_seqs] Processed 1001 reads in 0.775 CPU sec, 0.111 real sec
[M::mem_process_seqs] Processed 1001 reads in 0.769 CPU sec, 0.099 real sec
[M::mem_process_seqs] Processed 1001 reads in 0.766 CPU sec, 0.101 real sec
[M::mem_process_seqs] Processed 1001 reads in 0.813 CPU sec, 0.107 real sec
89686 [main] INFO main.java.edu.mit.compbio.bisulfitehic.mapping.Bhmem  - Processing reads 275000 ...
89686 [main] INFO main.java.edu.mit.compbio.bisulfitehic.mapping.Bhmem  - Unique mapped and paired reads 271792 ...
89689 [main] INFO main.java.edu.mit.compbio.bisulfitehic.mapping.Bhmem  - Processing reads 276000 ...
89689 [main] INFO main.java.edu.mit.compbio.bisulfitehic.mapping.Bhmem  - Unique mapped and paired reads 271792 ...
[M::mem_process_seqs] Processed 1001 reads in 0.694 CPU sec, 0.088 real sec
[M::mem_process_seqs] Processed 1001 reads in 0.601 CPU sec, 0.078 real sec
[M::mem_process_seqs] Processed 1001 reads in 0.680 CPU sec, 0.086 real sec
[M::mem_process_seqs] Processed 1001 reads in 0.715 CPU sec, 0.091 real sec
90160 [main] INFO main.java.edu.mit.compbio.bisulfitehic.mapping.Bhmem  - Processing reads 277000 ...
90161 [main] INFO main.java.edu.mit.compbio.bisulfitehic.mapping.Bhmem  - Unique mapped and paired reads 273778 ...
90163 [main] INFO main.java.edu.mit.compbio.bisulfitehic.mapping.Bhmem  - Processing reads 278000 ...
90163 [main] INFO main.java.edu.mit.compbio.bisulfitehic.mapping.Bhmem  - Unique mapped and paired reads 273778 ...
[M::mem_process_seqs] Processed 1001 reads in 0.693 CPU sec, 0.088 real sec
[M::mem_process_seqs] Processed 1001 reads in 0.597 CPU sec, 0.075 real sec
[M::mem_process_seqs] Processed 1001 reads in 0.706 CPU sec, 0.090 real sec
[M::mem_process_seqs] Processed 1001 reads in 0.705 CPU sec, 0.090 real sec
90643 [main] INFO main.java.edu.mit.compbio.bisulfitehic.mapping.Bhmem  - Processing reads 279000 ...
90643 [main] INFO main.java.edu.mit.compbio.bisulfitehic.mapping.Bhmem  - Unique mapped and paired reads 275772 ...
90646 [main] INFO main.java.edu.mit.compbio.bisulfitehic.mapping.Bhmem  - Processing reads 280000 ...
90646 [main] INFO main.java.edu.mit.compbio.bisulfitehic.mapping.Bhmem  - Unique mapped and paired reads 275772 ...
[M::mem_process_seqs] Processed 1001 reads in 0.760 CPU sec, 0.098 real sec
[M::mem_process_seqs] Processed 1001 reads in 0.688 CPU sec, 0.101 real sec
[M::mem_process_seqs] Processed 1001 reads in 0.813 CPU sec, 0.103 real sec
[M::mem_process_seqs] Processed 1001 reads in 0.778 CPU sec, 0.109 real sec
91197 [main] INFO main.java.edu.mit.compbio.bisulfitehic.mapping.Bhmem  - Processing reads 281000 ...
91198 [main] INFO main.java.edu.mit.compbio.bisulfitehic.mapping.Bhmem  - Unique mapped and paired reads 277758 ...
91201 [main] INFO main.java.edu.mit.compbio.bisulfitehic.mapping.Bhmem  - Processing reads 282000 ...
91201 [main] INFO main.java.edu.mit.compbio.bisulfitehic.mapping.Bhmem  - Unique mapped and paired reads 277758 ...
[M::mem_process_seqs] Processed 1001 reads in 0.720 CPU sec, 0.095 real sec
[M::mem_process_seqs] Processed 1001 reads in 0.677 CPU sec, 0.087 real sec
[M::mem_process_seqs] Processed 1001 reads in 0.790 CPU sec, 0.100 real sec
[M::mem_process_seqs] Processed 1001 reads in 0.747 CPU sec, 0.095 real sec
91711 [main] INFO main.java.edu.mit.compbio.bisulfitehic.mapping.Bhmem  - Processing reads 283000 ...
91711 [main] INFO main.java.edu.mit.compbio.bisulfitehic.mapping.Bhmem  - Unique mapped and paired reads 279742 ...
91714 [main] INFO main.java.edu.mit.compbio.bisulfitehic.mapping.Bhmem  - Processing reads 284000 ...
91714 [main] INFO main.java.edu.mit.compbio.bisulfitehic.mapping.Bhmem  - Unique mapped and paired reads 279742 ...
[M::mem_process_seqs] Processed 1001 reads in 0.695 CPU sec, 0.089 real sec
[M::mem_process_seqs] Processed 1001 reads in 0.642 CPU sec, 0.084 real sec
[M::mem_process_seqs] Processed 1001 reads in 0.752 CPU sec, 0.096 real sec
[M::mem_process_seqs] Processed 1001 reads in 0.741 CPU sec, 0.096 real sec
92212 [main] INFO main.java.edu.mit.compbio.bisulfitehic.mapping.Bhmem  - Processing reads 285000 ...
92212 [main] INFO main.java.edu.mit.compbio.bisulfitehic.mapping.Bhmem  - Unique mapped and paired reads 281736 ...
92215 [main] INFO main.java.edu.mit.compbio.bisulfitehic.mapping.Bhmem  - Processing reads 286000 ...
92215 [main] INFO main.java.edu.mit.compbio.bisulfitehic.mapping.Bhmem  - Unique mapped and paired reads 281736 ...
[M::mem_process_seqs] Processed 1001 reads in 0.771 CPU sec, 0.106 real sec
[M::mem_process_seqs] Processed 1001 reads in 0.719 CPU sec, 0.097 real sec
[M::mem_process_seqs] Processed 1001 reads in 0.747 CPU sec, 0.104 real sec
[M::mem_process_seqs] Processed 1001 reads in 0.704 CPU sec, 0.089 real sec
92753 [main] INFO main.java.edu.mit.compbio.bisulfitehic.mapping.Bhmem  - Processing reads 287000 ...
92753 [main] INFO main.java.edu.mit.compbio.bisulfitehic.mapping.Bhmem  - Unique mapped and paired reads 283728 ...
92756 [main] INFO main.java.edu.mit.compbio.bisulfitehic.mapping.Bhmem  - Processing reads 288000 ...
92756 [main] INFO main.java.edu.mit.compbio.bisulfitehic.mapping.Bhmem  - Unique mapped and paired reads 283728 ...
[M::mem_process_seqs] Processed 1001 reads in 0.827 CPU sec, 0.106 real sec
[M::mem_process_seqs] Processed 1001 reads in 0.741 CPU sec, 0.097 real sec
[M::mem_process_seqs] Processed 1001 reads in 0.835 CPU sec, 0.108 real sec
[M::mem_process_seqs] Processed 1001 reads in 0.796 CPU sec, 0.104 real sec
93309 [main] INFO main.java.edu.mit.compbio.bisulfitehic.mapping.Bhmem  - Processing reads 289000 ...
93309 [main] INFO main.java.edu.mit.compbio.bisulfitehic.mapping.Bhmem  - Unique mapped and paired reads 285710 ...
93312 [main] INFO main.java.edu.mit.compbio.bisulfitehic.mapping.Bhmem  - Processing reads 290000 ...
93312 [main] INFO main.java.edu.mit.compbio.bisulfitehic.mapping.Bhmem  - Unique mapped and paired reads 285710 ...
[M::mem_process_seqs] Processed 1001 reads in 0.785 CPU sec, 0.100 real sec
[M::mem_process_seqs] Processed 1001 reads in 0.706 CPU sec, 0.091 real sec
[M::mem_process_seqs] Processed 1001 reads in 0.801 CPU sec, 0.111 real sec
[M::mem_process_seqs] Processed 1001 reads in 0.776 CPU sec, 0.101 real sec
93855 [main] INFO main.java.edu.mit.compbio.bisulfitehic.mapping.Bhmem  - Processing reads 291000 ...
93855 [main] INFO main.java.edu.mit.compbio.bisulfitehic.mapping.Bhmem  - Unique mapped and paired reads 287698 ...
93858 [main] INFO main.java.edu.mit.compbio.bisulfitehic.mapping.Bhmem  - Processing reads 292000 ...
93859 [main] INFO main.java.edu.mit.compbio.bisulfitehic.mapping.Bhmem  - Unique mapped and paired reads 287698 ...
[M::mem_process_seqs] Processed 1001 reads in 0.727 CPU sec, 0.097 real sec
[M::mem_process_seqs] Processed 1001 reads in 0.629 CPU sec, 0.083 real sec
[M::mem_process_seqs] Processed 1001 reads in 0.729 CPU sec, 0.093 real sec
[M::mem_process_seqs] Processed 1001 reads in 0.708 CPU sec, 0.091 real sec
94362 [main] INFO main.java.edu.mit.compbio.bisulfitehic.mapping.Bhmem  - Processing reads 293000 ...
94362 [main] INFO main.java.edu.mit.compbio.bisulfitehic.mapping.Bhmem  - Unique mapped and paired reads 289680 ...
94365 [main] INFO main.java.edu.mit.compbio.bisulfitehic.mapping.Bhmem  - Processing reads 294000 ...
94365 [main] INFO main.java.edu.mit.compbio.bisulfitehic.mapping.Bhmem  - Unique mapped and paired reads 289680 ...
[M::mem_process_seqs] Processed 1001 reads in 0.723 CPU sec, 0.092 real sec
[M::mem_process_seqs] Processed 1001 reads in 0.649 CPU sec, 0.082 real sec
[M::mem_process_seqs] Processed 1001 reads in 0.774 CPU sec, 0.098 real sec
[M::mem_process_seqs] Processed 1001 reads in 0.754 CPU sec, 0.096 real sec
94873 [main] INFO main.java.edu.mit.compbio.bisulfitehic.mapping.Bhmem  - Processing reads 295000 ...
94873 [main] INFO main.java.edu.mit.compbio.bisulfitehic.mapping.Bhmem  - Unique mapped and paired reads 291672 ...
94876 [main] INFO main.java.edu.mit.compbio.bisulfitehic.mapping.Bhmem  - Processing reads 296000 ...
94876 [main] INFO main.java.edu.mit.compbio.bisulfitehic.mapping.Bhmem  - Unique mapped and paired reads 291672 ...
[M::mem_process_seqs] Processed 1001 reads in 0.751 CPU sec, 0.095 real sec
[M::mem_process_seqs] Processed 1001 reads in 0.668 CPU sec, 0.085 real sec
[M::mem_process_seqs] Processed 1001 reads in 0.751 CPU sec, 0.095 real sec
[M::mem_process_seqs] Processed 1001 reads in 0.757 CPU sec, 0.096 real sec
95386 [main] INFO main.java.edu.mit.compbio.bisulfitehic.mapping.Bhmem  - Processing reads 297000 ...
95386 [main] INFO main.java.edu.mit.compbio.bisulfitehic.mapping.Bhmem  - Unique mapped and paired reads 293666 ...
95389 [main] INFO main.java.edu.mit.compbio.bisulfitehic.mapping.Bhmem  - Processing reads 298000 ...
95389 [main] INFO main.java.edu.mit.compbio.bisulfitehic.mapping.Bhmem  - Unique mapped and paired reads 293666 ...
[M::mem_process_seqs] Processed 1001 reads in 0.804 CPU sec, 0.102 real sec
[M::mem_process_seqs] Processed 1001 reads in 0.658 CPU sec, 0.088 real sec
[M::mem_process_seqs] Processed 1001 reads in 0.806 CPU sec, 0.105 real sec
[M::mem_process_seqs] Processed 1001 reads in 0.755 CPU sec, 0.095 real sec
95927 [main] INFO main.java.edu.mit.compbio.bisulfitehic.mapping.Bhmem  - Processing reads 299000 ...
95927 [main] INFO main.java.edu.mit.compbio.bisulfitehic.mapping.Bhmem  - Unique mapped and paired reads 295652 ...
95930 [main] INFO main.java.edu.mit.compbio.bisulfitehic.mapping.Bhmem  - Processing reads 300000 ...
95930 [main] INFO main.java.edu.mit.compbio.bisulfitehic.mapping.Bhmem  - Unique mapped and paired reads 295652 ...
[M::mem_process_seqs] Processed 1001 reads in 0.781 CPU sec, 0.099 real sec
[M::mem_process_seqs] Processed 1001 reads in 0.628 CPU sec, 0.080 real sec
[M::mem_process_seqs] Processed 1001 reads in 0.779 CPU sec, 0.099 real sec
[M::mem_process_seqs] Processed 1001 reads in 0.747 CPU sec, 0.096 real sec
96444 [main] INFO main.java.edu.mit.compbio.bisulfitehic.mapping.Bhmem  - Processing reads 301000 ...
96444 [main] INFO main.java.edu.mit.compbio.bisulfitehic.mapping.Bhmem  - Unique mapped and paired reads 297640 ...
96447 [main] INFO main.java.edu.mit.compbio.bisulfitehic.mapping.Bhmem  - Processing reads 302000 ...
96447 [main] INFO main.java.edu.mit.compbio.bisulfitehic.mapping.Bhmem  - Unique mapped and paired reads 297640 ...
[M::mem_process_seqs] Processed 1001 reads in 0.773 CPU sec, 0.100 real sec
[M::mem_process_seqs] Processed 1001 reads in 0.730 CPU sec, 0.094 real sec
[M::mem_process_seqs] Processed 1001 reads in 0.789 CPU sec, 0.104 real sec
[M::mem_process_seqs] Processed 1001 reads in 0.864 CPU sec, 0.113 real sec
97000 [main] INFO main.java.edu.mit.compbio.bisulfitehic.mapping.Bhmem  - Processing reads 303000 ...
97000 [main] INFO main.java.edu.mit.compbio.bisulfitehic.mapping.Bhmem  - Unique mapped and paired reads 299626 ...
97003 [main] INFO main.java.edu.mit.compbio.bisulfitehic.mapping.Bhmem  - Processing reads 304000 ...
97003 [main] INFO main.java.edu.mit.compbio.bisulfitehic.mapping.Bhmem  - Unique mapped and paired reads 299626 ...
[M::mem_process_seqs] Processed 1001 reads in 0.757 CPU sec, 0.097 real sec
[M::mem_process_seqs] Processed 1001 reads in 0.669 CPU sec, 0.086 real sec
[M::mem_process_seqs] Processed 1001 reads in 0.767 CPU sec, 0.096 real sec
[M::mem_process_seqs] Processed 1001 reads in 0.715 CPU sec, 0.095 real sec
97516 [main] INFO main.java.edu.mit.compbio.bisulfitehic.mapping.Bhmem  - Processing reads 305000 ...
97516 [main] INFO main.java.edu.mit.compbio.bisulfitehic.mapping.Bhmem  - Unique mapped and paired reads 301614 ...
97519 [main] INFO main.java.edu.mit.compbio.bisulfitehic.mapping.Bhmem  - Processing reads 306000 ...
97519 [main] INFO main.java.edu.mit.compbio.bisulfitehic.mapping.Bhmem  - Unique mapped and paired reads 301614 ...
[M::mem_process_seqs] Processed 1001 reads in 0.733 CPU sec, 0.093 real sec
[M::mem_process_seqs] Processed 1001 reads in 0.656 CPU sec, 0.089 real sec
[M::mem_process_seqs] Processed 1001 reads in 0.773 CPU sec, 0.099 real sec
[M::mem_process_seqs] Processed 1001 reads in 0.738 CPU sec, 0.095 real sec
98037 [main] INFO main.java.edu.mit.compbio.bisulfitehic.mapping.Bhmem  - Processing reads 307000 ...
98037 [main] INFO main.java.edu.mit.compbio.bisulfitehic.mapping.Bhmem  - Unique mapped and paired reads 303604 ...
98040 [main] INFO main.java.edu.mit.compbio.bisulfitehic.mapping.Bhmem  - Processing reads 308000 ...
98040 [main] INFO main.java.edu.mit.compbio.bisulfitehic.mapping.Bhmem  - Unique mapped and paired reads 303604 ...
[M::mem_process_seqs] Processed 1001 reads in 0.775 CPU sec, 0.099 real sec
[M::mem_process_seqs] Processed 1001 reads in 0.686 CPU sec, 0.092 real sec
[M::mem_process_seqs] Processed 1001 reads in 0.821 CPU sec, 0.105 real sec
[M::mem_process_seqs] Processed 1001 reads in 0.723 CPU sec, 0.093 real sec
98643 [main] INFO main.java.edu.mit.compbio.bisulfitehic.mapping.Bhmem  - Processing reads 309000 ...
98643 [main] INFO main.java.edu.mit.compbio.bisulfitehic.mapping.Bhmem  - Unique mapped and paired reads 305588 ...
98646 [main] INFO main.java.edu.mit.compbio.bisulfitehic.mapping.Bhmem  - Processing reads 310000 ...
98646 [main] INFO main.java.edu.mit.compbio.bisulfitehic.mapping.Bhmem  - Unique mapped and paired reads 305588 ...
[M::mem_process_seqs] Processed 1001 reads in 0.799 CPU sec, 0.104 real sec
[M::mem_process_seqs] Processed 1001 reads in 0.687 CPU sec, 0.090 real sec
[M::mem_process_seqs] Processed 1001 reads in 0.796 CPU sec, 0.101 real sec
[M::mem_process_seqs] Processed 1001 reads in 0.737 CPU sec, 0.097 real sec
99174 [main] INFO main.java.edu.mit.compbio.bisulfitehic.mapping.Bhmem  - Processing reads 311000 ...
99174 [main] INFO main.java.edu.mit.compbio.bisulfitehic.mapping.Bhmem  - Unique mapped and paired reads 307572 ...
99177 [main] INFO main.java.edu.mit.compbio.bisulfitehic.mapping.Bhmem  - Processing reads 312000 ...
99177 [main] INFO main.java.edu.mit.compbio.bisulfitehic.mapping.Bhmem  - Unique mapped and paired reads 307572 ...
[M::mem_process_seqs] Processed 1001 reads in 0.738 CPU sec, 0.094 real sec
[M::mem_process_seqs] Processed 1001 reads in 0.620 CPU sec, 0.079 real sec
[M::mem_process_seqs] Processed 1001 reads in 0.767 CPU sec, 0.098 real sec
[M::mem_process_seqs] Processed 1001 reads in 0.771 CPU sec, 0.097 real sec
99682 [main] INFO main.java.edu.mit.compbio.bisulfitehic.mapping.Bhmem  - Processing reads 313000 ...
99682 [main] INFO main.java.edu.mit.compbio.bisulfitehic.mapping.Bhmem  - Unique mapped and paired reads 309556 ...
99685 [main] INFO main.java.edu.mit.compbio.bisulfitehic.mapping.Bhmem  - Processing reads 314000 ...
99685 [main] INFO main.java.edu.mit.compbio.bisulfitehic.mapping.Bhmem  - Unique mapped and paired reads 309556 ...
[M::mem_process_seqs] Processed 1001 reads in 0.926 CPU sec, 0.117 real sec
[M::mem_process_seqs] Processed 1001 reads in 0.852 CPU sec, 0.110 real sec
[M::mem_process_seqs] Processed 1001 reads in 0.771 CPU sec, 0.106 real sec
[M::mem_process_seqs] Processed 1001 reads in 0.696 CPU sec, 0.088 real sec
100261 [main] INFO main.java.edu.mit.compbio.bisulfitehic.mapping.Bhmem  - Processing reads 315000 ...
100261 [main] INFO main.java.edu.mit.compbio.bisulfitehic.mapping.Bhmem  - Unique mapped and paired reads 311542 ...
100265 [main] INFO main.java.edu.mit.compbio.bisulfitehic.mapping.Bhmem  - Processing reads 316000 ...
100265 [main] INFO main.java.edu.mit.compbio.bisulfitehic.mapping.Bhmem  - Unique mapped and paired reads 311542 ...
[M::mem_process_seqs] Processed 1001 reads in 1.162 CPU sec, 0.149 real sec
[M::mem_process_seqs] Processed 1001 reads in 1.085 CPU sec, 0.138 real sec
[M::mem_process_seqs] Processed 1001 reads in 0.644 CPU sec, 0.086 real sec
[M::mem_process_seqs] Processed 1001 reads in 0.665 CPU sec, 0.085 real sec
100891 [main] INFO main.java.edu.mit.compbio.bisulfitehic.mapping.Bhmem  - Processing reads 317000 ...
100891 [main] INFO main.java.edu.mit.compbio.bisulfitehic.mapping.Bhmem  - Unique mapped and paired reads 313514 ...
100895 [main] INFO main.java.edu.mit.compbio.bisulfitehic.mapping.Bhmem  - Processing reads 318000 ...
100895 [main] INFO main.java.edu.mit.compbio.bisulfitehic.mapping.Bhmem  - Unique mapped and paired reads 313514 ...
[M::mem_process_seqs] Processed 1001 reads in 1.142 CPU sec, 0.144 real sec
[M::mem_process_seqs] Processed 1001 reads in 1.088 CPU sec, 0.137 real sec
[M::mem_process_seqs] Processed 1001 reads in 0.635 CPU sec, 0.080 real sec
[M::mem_process_seqs] Processed 1001 reads in 0.576 CPU sec, 0.076 real sec
101500 [main] INFO main.java.edu.mit.compbio.bisulfitehic.mapping.Bhmem  - Processing reads 319000 ...
101500 [main] INFO main.java.edu.mit.compbio.bisulfitehic.mapping.Bhmem  - Unique mapped and paired reads 315494 ...
101503 [main] INFO main.java.edu.mit.compbio.bisulfitehic.mapping.Bhmem  - Processing reads 320000 ...
101503 [main] INFO main.java.edu.mit.compbio.bisulfitehic.mapping.Bhmem  - Unique mapped and paired reads 315494 ...
[M::mem_process_seqs] Processed 1001 reads in 0.892 CPU sec, 0.114 real sec
[M::mem_process_seqs] Processed 1001 reads in 0.765 CPU sec, 0.097 real sec
[M::mem_process_seqs] Processed 1001 reads in 0.687 CPU sec, 0.089 real sec
[M::mem_process_seqs] Processed 1001 reads in 0.626 CPU sec, 0.080 real sec
102028 [main] INFO main.java.edu.mit.compbio.bisulfitehic.mapping.Bhmem  - Processing reads 321000 ...
102028 [main] INFO main.java.edu.mit.compbio.bisulfitehic.mapping.Bhmem  - Unique mapped and paired reads 317462 ...
102031 [main] INFO main.java.edu.mit.compbio.bisulfitehic.mapping.Bhmem  - Processing reads 322000 ...
102031 [main] INFO main.java.edu.mit.compbio.bisulfitehic.mapping.Bhmem  - Unique mapped and paired reads 317462 ...
[M::mem_process_seqs] Processed 1001 reads in 0.769 CPU sec, 0.099 real sec
[M::mem_process_seqs] Processed 1001 reads in 0.643 CPU sec, 0.082 real sec
[M::mem_process_seqs] Processed 1001 reads in 0.738 CPU sec, 0.094 real sec
[M::mem_process_seqs] Processed 1001 reads in 0.743 CPU sec, 0.095 real sec
102540 [main] INFO main.java.edu.mit.compbio.bisulfitehic.mapping.Bhmem  - Processing reads 323000 ...
102540 [main] INFO main.java.edu.mit.compbio.bisulfitehic.mapping.Bhmem  - Unique mapped and paired reads 319456 ...
102543 [main] INFO main.java.edu.mit.compbio.bisulfitehic.mapping.Bhmem  - Processing reads 324000 ...
102543 [main] INFO main.java.edu.mit.compbio.bisulfitehic.mapping.Bhmem  - Unique mapped and paired reads 319456 ...
[M::mem_process_seqs] Processed 1001 reads in 0.772 CPU sec, 0.098 real sec
[M::mem_process_seqs] Processed 1001 reads in 0.661 CPU sec, 0.084 real sec
[M::mem_process_seqs] Processed 1001 reads in 0.775 CPU sec, 0.099 real sec
[M::mem_process_seqs] Processed 1001 reads in 0.781 CPU sec, 0.099 real sec
103068 [main] INFO main.java.edu.mit.compbio.bisulfitehic.mapping.Bhmem  - Processing reads 325000 ...
103068 [main] INFO main.java.edu.mit.compbio.bisulfitehic.mapping.Bhmem  - Unique mapped and paired reads 321436 ...
103071 [main] INFO main.java.edu.mit.compbio.bisulfitehic.mapping.Bhmem  - Processing reads 326000 ...
103071 [main] INFO main.java.edu.mit.compbio.bisulfitehic.mapping.Bhmem  - Unique mapped and paired reads 321436 ...
[M::mem_process_seqs] Processed 1001 reads in 0.732 CPU sec, 0.094 real sec
[M::mem_process_seqs] Processed 1001 reads in 0.638 CPU sec, 0.083 real sec
[M::mem_process_seqs] Processed 1001 reads in 0.769 CPU sec, 0.097 real sec
[M::mem_process_seqs] Processed 1001 reads in 0.761 CPU sec, 0.097 real sec
103582 [main] INFO main.java.edu.mit.compbio.bisulfitehic.mapping.Bhmem  - Processing reads 327000 ...
103582 [main] INFO main.java.edu.mit.compbio.bisulfitehic.mapping.Bhmem  - Unique mapped and paired reads 323422 ...
103585 [main] INFO main.java.edu.mit.compbio.bisulfitehic.mapping.Bhmem  - Processing reads 328000 ...
103585 [main] INFO main.java.edu.mit.compbio.bisulfitehic.mapping.Bhmem  - Unique mapped and paired reads 323422 ...
[M::mem_process_seqs] Processed 1001 reads in 0.811 CPU sec, 0.104 real sec
[M::mem_process_seqs] Processed 1001 reads in 0.680 CPU sec, 0.089 real sec
[M::mem_process_seqs] Processed 1001 reads in 0.822 CPU sec, 0.104 real sec
[M::mem_process_seqs] Processed 1001 reads in 0.766 CPU sec, 0.097 real sec
104118 [main] INFO main.java.edu.mit.compbio.bisulfitehic.mapping.Bhmem  - Processing reads 329000 ...
104118 [main] INFO main.java.edu.mit.compbio.bisulfitehic.mapping.Bhmem  - Unique mapped and paired reads 325408 ...
104121 [main] INFO main.java.edu.mit.compbio.bisulfitehic.mapping.Bhmem  - Processing reads 330000 ...
104121 [main] INFO main.java.edu.mit.compbio.bisulfitehic.mapping.Bhmem  - Unique mapped and paired reads 325408 ...
[M::mem_process_seqs] Processed 1001 reads in 0.774 CPU sec, 0.098 real sec
[M::mem_process_seqs] Processed 1001 reads in 0.692 CPU sec, 0.088 real sec
[M::mem_process_seqs] Processed 1001 reads in 0.839 CPU sec, 0.111 real sec
[M::mem_process_seqs] Processed 1001 reads in 0.790 CPU sec, 0.100 real sec
104660 [main] INFO main.java.edu.mit.compbio.bisulfitehic.mapping.Bhmem  - Processing reads 331000 ...
104660 [main] INFO main.java.edu.mit.compbio.bisulfitehic.mapping.Bhmem  - Unique mapped and paired reads 327394 ...
104663 [main] INFO main.java.edu.mit.compbio.bisulfitehic.mapping.Bhmem  - Processing reads 332000 ...
104663 [main] INFO main.java.edu.mit.compbio.bisulfitehic.mapping.Bhmem  - Unique mapped and paired reads 327394 ...
[M::mem_process_seqs] Processed 1001 reads in 0.764 CPU sec, 0.096 real sec
[M::mem_process_seqs] Processed 1001 reads in 0.685 CPU sec, 0.086 real sec
[M::mem_process_seqs] Processed 1001 reads in 0.765 CPU sec, 0.099 real sec
[M::mem_process_seqs] Processed 1001 reads in 0.806 CPU sec, 0.101 real sec
105185 [main] INFO main.java.edu.mit.compbio.bisulfitehic.mapping.Bhmem  - Processing reads 333000 ...
105185 [main] INFO main.java.edu.mit.compbio.bisulfitehic.mapping.Bhmem  - Unique mapped and paired reads 329372 ...
105188 [main] INFO main.java.edu.mit.compbio.bisulfitehic.mapping.Bhmem  - Processing reads 334000 ...
105188 [main] INFO main.java.edu.mit.compbio.bisulfitehic.mapping.Bhmem  - Unique mapped and paired reads 329372 ...
[M::mem_process_seqs] Processed 1001 reads in 0.771 CPU sec, 0.099 real sec
[M::mem_process_seqs] Processed 1001 reads in 0.700 CPU sec, 0.090 real sec
[M::mem_process_seqs] Processed 1001 reads in 0.800 CPU sec, 0.108 real sec
[M::mem_process_seqs] Processed 1001 reads in 0.841 CPU sec, 0.107 real sec
105756 [main] INFO main.java.edu.mit.compbio.bisulfitehic.mapping.Bhmem  - Processing reads 335000 ...
105756 [main] INFO main.java.edu.mit.compbio.bisulfitehic.mapping.Bhmem  - Unique mapped and paired reads 331360 ...
105759 [main] INFO main.java.edu.mit.compbio.bisulfitehic.mapping.Bhmem  - Processing reads 336000 ...
105759 [main] INFO main.java.edu.mit.compbio.bisulfitehic.mapping.Bhmem  - Unique mapped and paired reads 331360 ...
[M::mem_process_seqs] Processed 1001 reads in 0.732 CPU sec, 0.094 real sec
[M::mem_process_seqs] Processed 1001 reads in 0.618 CPU sec, 0.079 real sec
[M::mem_process_seqs] Processed 1001 reads in 0.737 CPU sec, 0.093 real sec
[M::mem_process_seqs] Processed 1001 reads in 0.778 CPU sec, 0.099 real sec
106264 [main] INFO main.java.edu.mit.compbio.bisulfitehic.mapping.Bhmem  - Processing reads 337000 ...
106264 [main] INFO main.java.edu.mit.compbio.bisulfitehic.mapping.Bhmem  - Unique mapped and paired reads 333336 ...
106267 [main] INFO main.java.edu.mit.compbio.bisulfitehic.mapping.Bhmem  - Processing reads 338000 ...
106267 [main] INFO main.java.edu.mit.compbio.bisulfitehic.mapping.Bhmem  - Unique mapped and paired reads 333336 ...
[M::mem_process_seqs] Processed 1001 reads in 0.719 CPU sec, 0.093 real sec
[M::mem_process_seqs] Processed 1001 reads in 0.651 CPU sec, 0.085 real sec
[M::mem_process_seqs] Processed 1001 reads in 0.791 CPU sec, 0.101 real sec
[M::mem_process_seqs] Processed 1001 reads in 0.788 CPU sec, 0.108 real sec
106800 [main] INFO main.java.edu.mit.compbio.bisulfitehic.mapping.Bhmem  - Processing reads 339000 ...
106800 [main] INFO main.java.edu.mit.compbio.bisulfitehic.mapping.Bhmem  - Unique mapped and paired reads 335318 ...
106803 [main] INFO main.java.edu.mit.compbio.bisulfitehic.mapping.Bhmem  - Processing reads 340000 ...
106803 [main] INFO main.java.edu.mit.compbio.bisulfitehic.mapping.Bhmem  - Unique mapped and paired reads 335318 ...
[M::mem_process_seqs] Processed 1001 reads in 0.915 CPU sec, 0.116 real sec
[M::mem_process_seqs] Processed 1001 reads in 0.819 CPU sec, 0.103 real sec
[M::mem_process_seqs] Processed 1001 reads in 0.748 CPU sec, 0.098 real sec
[M::mem_process_seqs] Processed 1001 reads in 0.767 CPU sec, 0.100 real sec
107374 [main] INFO main.java.edu.mit.compbio.bisulfitehic.mapping.Bhmem  - Processing reads 341000 ...
107374 [main] INFO main.java.edu.mit.compbio.bisulfitehic.mapping.Bhmem  - Unique mapped and paired reads 337296 ...
107377 [main] INFO main.java.edu.mit.compbio.bisulfitehic.mapping.Bhmem  - Processing reads 342000 ...
107377 [main] INFO main.java.edu.mit.compbio.bisulfitehic.mapping.Bhmem  - Unique mapped and paired reads 337296 ...
[M::mem_process_seqs] Processed 1001 reads in 1.166 CPU sec, 0.147 real sec
[M::mem_process_seqs] Processed 1001 reads in 1.113 CPU sec, 0.140 real sec
[M::mem_process_seqs] Processed 1001 reads in 0.638 CPU sec, 0.081 real sec
[M::mem_process_seqs] Processed 1001 reads in 0.593 CPU sec, 0.075 real sec
107991 [main] INFO main.java.edu.mit.compbio.bisulfitehic.mapping.Bhmem  - Processing reads 343000 ...
107991 [main] INFO main.java.edu.mit.compbio.bisulfitehic.mapping.Bhmem  - Unique mapped and paired reads 339268 ...
107994 [main] INFO main.java.edu.mit.compbio.bisulfitehic.mapping.Bhmem  - Processing reads 344000 ...
107994 [main] INFO main.java.edu.mit.compbio.bisulfitehic.mapping.Bhmem  - Unique mapped and paired reads 339268 ...
[M::mem_process_seqs] Processed 1001 reads in 1.209 CPU sec, 0.152 real sec
[M::mem_process_seqs] Processed 1001 reads in 1.098 CPU sec, 0.138 real sec
[M::mem_process_seqs] Processed 1001 reads in 0.641 CPU sec, 0.083 real sec
[M::mem_process_seqs] Processed 1001 reads in 0.609 CPU sec, 0.080 real sec
108620 [main] INFO main.java.edu.mit.compbio.bisulfitehic.mapping.Bhmem  - Processing reads 345000 ...
108620 [main] INFO main.java.edu.mit.compbio.bisulfitehic.mapping.Bhmem  - Unique mapped and paired reads 341250 ...
108623 [main] INFO main.java.edu.mit.compbio.bisulfitehic.mapping.Bhmem  - Processing reads 346000 ...
108623 [main] INFO main.java.edu.mit.compbio.bisulfitehic.mapping.Bhmem  - Unique mapped and paired reads 341250 ...
[M::mem_process_seqs] Processed 1001 reads in 0.982 CPU sec, 0.126 real sec
[M::mem_process_seqs] Processed 1001 reads in 0.891 CPU sec, 0.113 real sec
[M::mem_process_seqs] Processed 1001 reads in 0.742 CPU sec, 0.101 real sec
[M::mem_process_seqs] Processed 1001 reads in 0.748 CPU sec, 0.096 real sec
109218 [main] INFO main.java.edu.mit.compbio.bisulfitehic.mapping.Bhmem  - Processing reads 347000 ...
109218 [main] INFO main.java.edu.mit.compbio.bisulfitehic.mapping.Bhmem  - Unique mapped and paired reads 343234 ...
109221 [main] INFO main.java.edu.mit.compbio.bisulfitehic.mapping.Bhmem  - Processing reads 348000 ...
109221 [main] INFO main.java.edu.mit.compbio.bisulfitehic.mapping.Bhmem  - Unique mapped and paired reads 343234 ...
[M::mem_process_seqs] Processed 1001 reads in 0.763 CPU sec, 0.097 real sec
[M::mem_process_seqs] Processed 1001 reads in 0.702 CPU sec, 0.089 real sec
[M::mem_process_seqs] Processed 1001 reads in 0.705 CPU sec, 0.089 real sec
[M::mem_process_seqs] Processed 1001 reads in 0.766 CPU sec, 0.097 real sec
109741 [main] INFO main.java.edu.mit.compbio.bisulfitehic.mapping.Bhmem  - Processing reads 349000 ...
109746 [main] INFO main.java.edu.mit.compbio.bisulfitehic.mapping.Bhmem  - Unique mapped and paired reads 345212 ...
109749 [main] INFO main.java.edu.mit.compbio.bisulfitehic.mapping.Bhmem  - Processing reads 350000 ...
109749 [main] INFO main.java.edu.mit.compbio.bisulfitehic.mapping.Bhmem  - Unique mapped and paired reads 345212 ...
[M::mem_process_seqs] Processed 1001 reads in 0.775 CPU sec, 0.105 real sec
[M::mem_process_seqs] Processed 1001 reads in 0.712 CPU sec, 0.091 real sec
[M::mem_process_seqs] Processed 1001 reads in 0.848 CPU sec, 0.107 real sec
[M::mem_process_seqs] Processed 1001 reads in 0.822 CPU sec, 0.103 real sec
110308 [main] INFO main.java.edu.mit.compbio.bisulfitehic.mapping.Bhmem  - Processing reads 351000 ...
110308 [main] INFO main.java.edu.mit.compbio.bisulfitehic.mapping.Bhmem  - Unique mapped and paired reads 347188 ...
110311 [main] INFO main.java.edu.mit.compbio.bisulfitehic.mapping.Bhmem  - Processing reads 352000 ...
110311 [main] INFO main.java.edu.mit.compbio.bisulfitehic.mapping.Bhmem  - Unique mapped and paired reads 347188 ...
[M::mem_process_seqs] Processed 1001 reads in 0.768 CPU sec, 0.107 real sec
[M::mem_process_seqs] Processed 1001 reads in 0.704 CPU sec, 0.092 real sec
[M::mem_process_seqs] Processed 1001 reads in 0.895 CPU sec, 0.122 real sec
[M::mem_process_seqs] Processed 1001 reads in 0.899 CPU sec, 0.115 real sec
110899 [main] INFO main.java.edu.mit.compbio.bisulfitehic.mapping.Bhmem  - Processing reads 353000 ...
110899 [main] INFO main.java.edu.mit.compbio.bisulfitehic.mapping.Bhmem  - Unique mapped and paired reads 349182 ...
110902 [main] INFO main.java.edu.mit.compbio.bisulfitehic.mapping.Bhmem  - Processing reads 354000 ...
110903 [main] INFO main.java.edu.mit.compbio.bisulfitehic.mapping.Bhmem  - Unique mapped and paired reads 349182 ...
[M::mem_process_seqs] Processed 1001 reads in 0.729 CPU sec, 0.093 real sec
[M::mem_process_seqs] Processed 1001 reads in 0.667 CPU sec, 0.091 real sec
[M::mem_process_seqs] Processed 1001 reads in 0.881 CPU sec, 0.111 real sec
[M::mem_process_seqs] Processed 1001 reads in 0.830 CPU sec, 0.113 real sec
111462 [main] INFO main.java.edu.mit.compbio.bisulfitehic.mapping.Bhmem  - Processing reads 355000 ...
111463 [main] INFO main.java.edu.mit.compbio.bisulfitehic.mapping.Bhmem  - Unique mapped and paired reads 351172 ...
111466 [main] INFO main.java.edu.mit.compbio.bisulfitehic.mapping.Bhmem  - Processing reads 356000 ...
111466 [main] INFO main.java.edu.mit.compbio.bisulfitehic.mapping.Bhmem  - Unique mapped and paired reads 351172 ...
[M::mem_process_seqs] Processed 1001 reads in 0.787 CPU sec, 0.101 real sec
[M::mem_process_seqs] Processed 1001 reads in 0.681 CPU sec, 0.087 real sec
[M::mem_process_seqs] Processed 1001 reads in 0.795 CPU sec, 0.101 real sec
[M::mem_process_seqs] Processed 1001 reads in 0.827 CPU sec, 0.105 real sec
112008 [main] INFO main.java.edu.mit.compbio.bisulfitehic.mapping.Bhmem  - Processing reads 357000 ...
112008 [main] INFO main.java.edu.mit.compbio.bisulfitehic.mapping.Bhmem  - Unique mapped and paired reads 353152 ...
112011 [main] INFO main.java.edu.mit.compbio.bisulfitehic.mapping.Bhmem  - Processing reads 358000 ...
112011 [main] INFO main.java.edu.mit.compbio.bisulfitehic.mapping.Bhmem  - Unique mapped and paired reads 353152 ...
[M::mem_process_seqs] Processed 1001 reads in 0.686 CPU sec, 0.088 real sec
[M::mem_process_seqs] Processed 1001 reads in 0.613 CPU sec, 0.078 real sec
[M::mem_process_seqs] Processed 1001 reads in 0.710 CPU sec, 0.089 real sec
[M::mem_process_seqs] Processed 1001 reads in 0.715 CPU sec, 0.092 real sec
112503 [main] INFO main.java.edu.mit.compbio.bisulfitehic.mapping.Bhmem  - Processing reads 359000 ...
112503 [main] INFO main.java.edu.mit.compbio.bisulfitehic.mapping.Bhmem  - Unique mapped and paired reads 355130 ...
112506 [main] INFO main.java.edu.mit.compbio.bisulfitehic.mapping.Bhmem  - Processing reads 360000 ...
112506 [main] INFO main.java.edu.mit.compbio.bisulfitehic.mapping.Bhmem  - Unique mapped and paired reads 355130 ...
[M::mem_process_seqs] Processed 1001 reads in 0.638 CPU sec, 0.081 real sec
[M::mem_process_seqs] Processed 1001 reads in 0.526 CPU sec, 0.068 real sec
[M::mem_process_seqs] Processed 1001 reads in 0.654 CPU sec, 0.083 real sec
[M::mem_process_seqs] Processed 1001 reads in 0.620 CPU sec, 0.080 real sec
112944 [main] INFO main.java.edu.mit.compbio.bisulfitehic.mapping.Bhmem  - Processing reads 361000 ...
112944 [main] INFO main.java.edu.mit.compbio.bisulfitehic.mapping.Bhmem  - Unique mapped and paired reads 357100 ...
112947 [main] INFO main.java.edu.mit.compbio.bisulfitehic.mapping.Bhmem  - Processing reads 362000 ...
112947 [main] INFO main.java.edu.mit.compbio.bisulfitehic.mapping.Bhmem  - Unique mapped and paired reads 357100 ...
[M::mem_process_seqs] Processed 1001 reads in 0.563 CPU sec, 0.071 real sec
[M::mem_process_seqs] Processed 1001 reads in 0.525 CPU sec, 0.072 real sec
[M::mem_process_seqs] Processed 1001 reads in 0.630 CPU sec, 0.082 real sec
[M::mem_process_seqs] Processed 1001 reads in 0.615 CPU sec, 0.078 real sec
113367 [main] INFO main.java.edu.mit.compbio.bisulfitehic.mapping.Bhmem  - Processing reads 363000 ...
113367 [main] INFO main.java.edu.mit.compbio.bisulfitehic.mapping.Bhmem  - Unique mapped and paired reads 359082 ...
113370 [main] INFO main.java.edu.mit.compbio.bisulfitehic.mapping.Bhmem  - Processing reads 364000 ...
113370 [main] INFO main.java.edu.mit.compbio.bisulfitehic.mapping.Bhmem  - Unique mapped and paired reads 359082 ...
[M::mem_process_seqs] Processed 1001 reads in 0.690 CPU sec, 0.095 real sec
[M::mem_process_seqs] Processed 1001 reads in 0.604 CPU sec, 0.076 real sec
[M::mem_process_seqs] Processed 1001 reads in 0.690 CPU sec, 0.087 real sec
[M::mem_process_seqs] Processed 1001 reads in 0.637 CPU sec, 0.081 real sec
113840 [main] INFO main.java.edu.mit.compbio.bisulfitehic.mapping.Bhmem  - Processing reads 365000 ...
113840 [main] INFO main.java.edu.mit.compbio.bisulfitehic.mapping.Bhmem  - Unique mapped and paired reads 361050 ...
113843 [main] INFO main.java.edu.mit.compbio.bisulfitehic.mapping.Bhmem  - Processing reads 366000 ...
113843 [main] INFO main.java.edu.mit.compbio.bisulfitehic.mapping.Bhmem  - Unique mapped and paired reads 361050 ...
[M::mem_process_seqs] Processed 1001 reads in 0.610 CPU sec, 0.078 real sec
[M::mem_process_seqs] Processed 1001 reads in 0.551 CPU sec, 0.071 real sec
[M::mem_process_seqs] Processed 1001 reads in 0.589 CPU sec, 0.074 real sec
[M::mem_process_seqs] Processed 1001 reads in 0.626 CPU sec, 0.079 real sec
114270 [main] INFO main.java.edu.mit.compbio.bisulfitehic.mapping.Bhmem  - Processing reads 367000 ...
114270 [main] INFO main.java.edu.mit.compbio.bisulfitehic.mapping.Bhmem  - Unique mapped and paired reads 363026 ...
114273 [main] INFO main.java.edu.mit.compbio.bisulfitehic.mapping.Bhmem  - Processing reads 368000 ...
114273 [main] INFO main.java.edu.mit.compbio.bisulfitehic.mapping.Bhmem  - Unique mapped and paired reads 363026 ...
[M::mem_process_seqs] Processed 1001 reads in 0.668 CPU sec, 0.085 real sec
[M::mem_process_seqs] Processed 1001 reads in 0.572 CPU sec, 0.074 real sec
[M::mem_process_seqs] Processed 1001 reads in 0.689 CPU sec, 0.092 real sec
[M::mem_process_seqs] Processed 1001 reads in 0.652 CPU sec, 0.083 real sec
114736 [main] INFO main.java.edu.mit.compbio.bisulfitehic.mapping.Bhmem  - Processing reads 369000 ...
114736 [main] INFO main.java.edu.mit.compbio.bisulfitehic.mapping.Bhmem  - Unique mapped and paired reads 365012 ...
114739 [main] INFO main.java.edu.mit.compbio.bisulfitehic.mapping.Bhmem  - Processing reads 370000 ...
114739 [main] INFO main.java.edu.mit.compbio.bisulfitehic.mapping.Bhmem  - Unique mapped and paired reads 365012 ...
[M::mem_process_seqs] Processed 1001 reads in 0.597 CPU sec, 0.078 real sec
[M::mem_process_seqs] Processed 1001 reads in 0.522 CPU sec, 0.067 real sec
[M::mem_process_seqs] Processed 1001 reads in 0.629 CPU sec, 0.091 real sec
[M::mem_process_seqs] Processed 1001 reads in 0.619 CPU sec, 0.079 real sec
115180 [main] INFO main.java.edu.mit.compbio.bisulfitehic.mapping.Bhmem  - Processing reads 371000 ...
115180 [main] INFO main.java.edu.mit.compbio.bisulfitehic.mapping.Bhmem  - Unique mapped and paired reads 366998 ...
115183 [main] INFO main.java.edu.mit.compbio.bisulfitehic.mapping.Bhmem  - Processing reads 372000 ...
115183 [main] INFO main.java.edu.mit.compbio.bisulfitehic.mapping.Bhmem  - Unique mapped and paired reads 366998 ...
[M::mem_process_seqs] Processed 1001 reads in 0.675 CPU sec, 0.086 real sec
[M::mem_process_seqs] Processed 1001 reads in 0.575 CPU sec, 0.073 real sec
[M::mem_process_seqs] Processed 1001 reads in 0.686 CPU sec, 0.093 real sec
[M::mem_process_seqs] Processed 1001 reads in 0.694 CPU sec, 0.090 real sec
115655 [main] INFO main.java.edu.mit.compbio.bisulfitehic.mapping.Bhmem  - Processing reads 373000 ...
115655 [main] INFO main.java.edu.mit.compbio.bisulfitehic.mapping.Bhmem  - Unique mapped and paired reads 368984 ...
115658 [main] INFO main.java.edu.mit.compbio.bisulfitehic.mapping.Bhmem  - Processing reads 374000 ...
115658 [main] INFO main.java.edu.mit.compbio.bisulfitehic.mapping.Bhmem  - Unique mapped and paired reads 368984 ...
[M::mem_process_seqs] Processed 1001 reads in 0.704 CPU sec, 0.089 real sec
[M::mem_process_seqs] Processed 1001 reads in 0.554 CPU sec, 0.070 real sec
[M::mem_process_seqs] Processed 1001 reads in 0.708 CPU sec, 0.090 real sec
[M::mem_process_seqs] Processed 1001 reads in 0.660 CPU sec, 0.087 real sec
116120 [main] INFO main.java.edu.mit.compbio.bisulfitehic.mapping.Bhmem  - Processing reads 375000 ...
116120 [main] INFO main.java.edu.mit.compbio.bisulfitehic.mapping.Bhmem  - Unique mapped and paired reads 370964 ...
116123 [main] INFO main.java.edu.mit.compbio.bisulfitehic.mapping.Bhmem  - Processing reads 376000 ...
116123 [main] INFO main.java.edu.mit.compbio.bisulfitehic.mapping.Bhmem  - Unique mapped and paired reads 370964 ...
[M::mem_process_seqs] Processed 1001 reads in 0.719 CPU sec, 0.094 real sec
[M::mem_process_seqs] Processed 1001 reads in 0.610 CPU sec, 0.080 real sec
[M::mem_process_seqs] Processed 1001 reads in 0.770 CPU sec, 0.100 real sec
[M::mem_process_seqs] Processed 1001 reads in 0.726 CPU sec, 0.094 real sec
116621 [main] INFO main.java.edu.mit.compbio.bisulfitehic.mapping.Bhmem  - Processing reads 377000 ...
116621 [main] INFO main.java.edu.mit.compbio.bisulfitehic.mapping.Bhmem  - Unique mapped and paired reads 372942 ...
116624 [main] INFO main.java.edu.mit.compbio.bisulfitehic.mapping.Bhmem  - Processing reads 378000 ...
116624 [main] INFO main.java.edu.mit.compbio.bisulfitehic.mapping.Bhmem  - Unique mapped and paired reads 372942 ...
[M::mem_process_seqs] Processed 1001 reads in 0.659 CPU sec, 0.083 real sec
[M::mem_process_seqs] Processed 1001 reads in 0.587 CPU sec, 0.076 real sec
[M::mem_process_seqs] Processed 1001 reads in 0.654 CPU sec, 0.083 real sec
[M::mem_process_seqs] Processed 1001 reads in 0.617 CPU sec, 0.083 real sec
117078 [main] INFO main.java.edu.mit.compbio.bisulfitehic.mapping.Bhmem  - Processing reads 379000 ...
117078 [main] INFO main.java.edu.mit.compbio.bisulfitehic.mapping.Bhmem  - Unique mapped and paired reads 374920 ...
117081 [main] INFO main.java.edu.mit.compbio.bisulfitehic.mapping.Bhmem  - Processing reads 380000 ...
117081 [main] INFO main.java.edu.mit.compbio.bisulfitehic.mapping.Bhmem  - Unique mapped and paired reads 374920 ...
[M::mem_process_seqs] Processed 1001 reads in 0.698 CPU sec, 0.088 real sec
[M::mem_process_seqs] Processed 1001 reads in 0.620 CPU sec, 0.078 real sec
[M::mem_process_seqs] Processed 1001 reads in 0.761 CPU sec, 0.096 real sec
[M::mem_process_seqs] Processed 1001 reads in 0.719 CPU sec, 0.093 real sec
117566 [main] INFO main.java.edu.mit.compbio.bisulfitehic.mapping.Bhmem  - Processing reads 381000 ...
117566 [main] INFO main.java.edu.mit.compbio.bisulfitehic.mapping.Bhmem  - Unique mapped and paired reads 376902 ...
117568 [main] INFO main.java.edu.mit.compbio.bisulfitehic.mapping.Bhmem  - Processing reads 382000 ...
117568 [main] INFO main.java.edu.mit.compbio.bisulfitehic.mapping.Bhmem  - Unique mapped and paired reads 376902 ...
[M::mem_process_seqs] Processed 1001 reads in 0.706 CPU sec, 0.092 real sec
[M::mem_process_seqs] Processed 1001 reads in 0.616 CPU sec, 0.082 real sec
[M::mem_process_seqs] Processed 1001 reads in 0.795 CPU sec, 0.102 real sec
[M::mem_process_seqs] Processed 1001 reads in 0.705 CPU sec, 0.089 real sec
118064 [main] INFO main.java.edu.mit.compbio.bisulfitehic.mapping.Bhmem  - Processing reads 383000 ...
118064 [main] INFO main.java.edu.mit.compbio.bisulfitehic.mapping.Bhmem  - Unique mapped and paired reads 378882 ...
118067 [main] INFO main.java.edu.mit.compbio.bisulfitehic.mapping.Bhmem  - Processing reads 384000 ...
118067 [main] INFO main.java.edu.mit.compbio.bisulfitehic.mapping.Bhmem  - Unique mapped and paired reads 378882 ...
[M::mem_process_seqs] Processed 1001 reads in 0.649 CPU sec, 0.089 real sec
[M::mem_process_seqs] Processed 1001 reads in 0.570 CPU sec, 0.073 real sec
[M::mem_process_seqs] Processed 1001 reads in 0.691 CPU sec, 0.094 real sec
[M::mem_process_seqs] Processed 1001 reads in 0.668 CPU sec, 0.084 real sec
118533 [main] INFO main.java.edu.mit.compbio.bisulfitehic.mapping.Bhmem  - Processing reads 385000 ...
118533 [main] INFO main.java.edu.mit.compbio.bisulfitehic.mapping.Bhmem  - Unique mapped and paired reads 380856 ...
118536 [main] INFO main.java.edu.mit.compbio.bisulfitehic.mapping.Bhmem  - Processing reads 386000 ...
118536 [main] INFO main.java.edu.mit.compbio.bisulfitehic.mapping.Bhmem  - Unique mapped and paired reads 380856 ...
[M::mem_process_seqs] Processed 1001 reads in 0.654 CPU sec, 0.084 real sec
[M::mem_process_seqs] Processed 1001 reads in 0.587 CPU sec, 0.078 real sec
[M::mem_process_seqs] Processed 1001 reads in 0.683 CPU sec, 0.086 real sec
[M::mem_process_seqs] Processed 1001 reads in 0.657 CPU sec, 0.087 real sec
119001 [main] INFO main.java.edu.mit.compbio.bisulfitehic.mapping.Bhmem  - Processing reads 387000 ...
119001 [main] INFO main.java.edu.mit.compbio.bisulfitehic.mapping.Bhmem  - Unique mapped and paired reads 382830 ...
119004 [main] INFO main.java.edu.mit.compbio.bisulfitehic.mapping.Bhmem  - Processing reads 388000 ...
119004 [main] INFO main.java.edu.mit.compbio.bisulfitehic.mapping.Bhmem  - Unique mapped and paired reads 382830 ...
[M::mem_process_seqs] Processed 1001 reads in 0.652 CPU sec, 0.083 real sec
[M::mem_process_seqs] Processed 1001 reads in 0.569 CPU sec, 0.077 real sec
[M::mem_process_seqs] Processed 1001 reads in 0.670 CPU sec, 0.085 real sec
[M::mem_process_seqs] Processed 1001 reads in 0.642 CPU sec, 0.088 real sec
119462 [main] INFO main.java.edu.mit.compbio.bisulfitehic.mapping.Bhmem  - Processing reads 389000 ...
119462 [main] INFO main.java.edu.mit.compbio.bisulfitehic.mapping.Bhmem  - Unique mapped and paired reads 384808 ...
119465 [main] INFO main.java.edu.mit.compbio.bisulfitehic.mapping.Bhmem  - Processing reads 390000 ...
119465 [main] INFO main.java.edu.mit.compbio.bisulfitehic.mapping.Bhmem  - Unique mapped and paired reads 384808 ...
[M::mem_process_seqs] Processed 1001 reads in 0.646 CPU sec, 0.084 real sec
[M::mem_process_seqs] Processed 1001 reads in 0.560 CPU sec, 0.073 real sec
[M::mem_process_seqs] Processed 1001 reads in 0.662 CPU sec, 0.086 real sec
[M::mem_process_seqs] Processed 1001 reads in 0.659 CPU sec, 0.084 real sec
119921 [main] INFO main.java.edu.mit.compbio.bisulfitehic.mapping.Bhmem  - Processing reads 391000 ...
119921 [main] INFO main.java.edu.mit.compbio.bisulfitehic.mapping.Bhmem  - Unique mapped and paired reads 386782 ...
119924 [main] INFO main.java.edu.mit.compbio.bisulfitehic.mapping.Bhmem  - Processing reads 392000 ...
119924 [main] INFO main.java.edu.mit.compbio.bisulfitehic.mapping.Bhmem  - Unique mapped and paired reads 386782 ...
[M::mem_process_seqs] Processed 1001 reads in 0.715 CPU sec, 0.110 real sec
[M::mem_process_seqs] Processed 1001 reads in 0.686 CPU sec, 0.089 real sec
[M::mem_process_seqs] Processed 1001 reads in 0.712 CPU sec, 0.090 real sec
[M::mem_process_seqs] Processed 1001 reads in 0.716 CPU sec, 0.092 real sec
120432 [main] INFO main.java.edu.mit.compbio.bisulfitehic.mapping.Bhmem  - Processing reads 393000 ...
120432 [main] INFO main.java.edu.mit.compbio.bisulfitehic.mapping.Bhmem  - Unique mapped and paired reads 388760 ...
120435 [main] INFO main.java.edu.mit.compbio.bisulfitehic.mapping.Bhmem  - Processing reads 394000 ...
120435 [main] INFO main.java.edu.mit.compbio.bisulfitehic.mapping.Bhmem  - Unique mapped and paired reads 388760 ...
[M::mem_process_seqs] Processed 1001 reads in 0.691 CPU sec, 0.091 real sec
[M::mem_process_seqs] Processed 1001 reads in 0.615 CPU sec, 0.078 real sec
[M::mem_process_seqs] Processed 1001 reads in 0.757 CPU sec, 0.101 real sec
[M::mem_process_seqs] Processed 1001 reads in 0.730 CPU sec, 0.093 real sec
120933 [main] INFO main.java.edu.mit.compbio.bisulfitehic.mapping.Bhmem  - Processing reads 395000 ...
120933 [main] INFO main.java.edu.mit.compbio.bisulfitehic.mapping.Bhmem  - Unique mapped and paired reads 390748 ...
120936 [main] INFO main.java.edu.mit.compbio.bisulfitehic.mapping.Bhmem  - Processing reads 396000 ...
120936 [main] INFO main.java.edu.mit.compbio.bisulfitehic.mapping.Bhmem  - Unique mapped and paired reads 390748 ...
[M::mem_process_seqs] Processed 1001 reads in 0.670 CPU sec, 0.089 real sec
[M::mem_process_seqs] Processed 1001 reads in 0.578 CPU sec, 0.073 real sec
[M::mem_process_seqs] Processed 1001 reads in 0.699 CPU sec, 0.088 real sec
[M::mem_process_seqs] Processed 1001 reads in 0.650 CPU sec, 0.086 real sec
121402 [main] INFO main.java.edu.mit.compbio.bisulfitehic.mapping.Bhmem  - Processing reads 397000 ...
121402 [main] INFO main.java.edu.mit.compbio.bisulfitehic.mapping.Bhmem  - Unique mapped and paired reads 392722 ...
121405 [main] INFO main.java.edu.mit.compbio.bisulfitehic.mapping.Bhmem  - Processing reads 398000 ...
121405 [main] INFO main.java.edu.mit.compbio.bisulfitehic.mapping.Bhmem  - Unique mapped and paired reads 392722 ...
[M::mem_process_seqs] Processed 1001 reads in 0.712 CPU sec, 0.092 real sec
[M::mem_process_seqs] Processed 1001 reads in 0.565 CPU sec, 0.075 real sec
[M::mem_process_seqs] Processed 1001 reads in 0.810 CPU sec, 0.107 real sec
[M::mem_process_seqs] Processed 1001 reads in 0.708 CPU sec, 0.091 real sec
121901 [main] INFO main.java.edu.mit.compbio.bisulfitehic.mapping.Bhmem  - Processing reads 399000 ...
121901 [main] INFO main.java.edu.mit.compbio.bisulfitehic.mapping.Bhmem  - Unique mapped and paired reads 394704 ...
121904 [main] INFO main.java.edu.mit.compbio.bisulfitehic.mapping.Bhmem  - Processing reads 400000 ...
121904 [main] INFO main.java.edu.mit.compbio.bisulfitehic.mapping.Bhmem  - Unique mapped and paired reads 394704 ...
[M::mem_process_seqs] Processed 1001 reads in 0.685 CPU sec, 0.089 real sec
[M::mem_process_seqs] Processed 1001 reads in 0.654 CPU sec, 0.084 real sec
[M::mem_process_seqs] Processed 1001 reads in 0.727 CPU sec, 0.093 real sec
[M::mem_process_seqs] Processed 1001 reads in 0.734 CPU sec, 0.098 real sec
122398 [main] INFO main.java.edu.mit.compbio.bisulfitehic.mapping.Bhmem  - Processing reads 401000 ...
122398 [main] INFO main.java.edu.mit.compbio.bisulfitehic.mapping.Bhmem  - Unique mapped and paired reads 396688 ...
122401 [main] INFO main.java.edu.mit.compbio.bisulfitehic.mapping.Bhmem  - Processing reads 402000 ...
122401 [main] INFO main.java.edu.mit.compbio.bisulfitehic.mapping.Bhmem  - Unique mapped and paired reads 396688 ...
[M::mem_process_seqs] Processed 1001 reads in 0.750 CPU sec, 0.095 real sec
[M::mem_process_seqs] Processed 1001 reads in 0.654 CPU sec, 0.082 real sec
[M::mem_process_seqs] Processed 1001 reads in 0.740 CPU sec, 0.093 real sec
[M::mem_process_seqs] Processed 1001 reads in 0.731 CPU sec, 0.093 real sec
122902 [main] INFO main.java.edu.mit.compbio.bisulfitehic.mapping.Bhmem  - Processing reads 403000 ...
122902 [main] INFO main.java.edu.mit.compbio.bisulfitehic.mapping.Bhmem  - Unique mapped and paired reads 398674 ...
122905 [main] INFO main.java.edu.mit.compbio.bisulfitehic.mapping.Bhmem  - Processing reads 404000 ...
122905 [main] INFO main.java.edu.mit.compbio.bisulfitehic.mapping.Bhmem  - Unique mapped and paired reads 398674 ...
[M::mem_process_seqs] Processed 1001 reads in 0.833 CPU sec, 0.106 real sec
[M::mem_process_seqs] Processed 1001 reads in 0.748 CPU sec, 0.095 real sec
[M::mem_process_seqs] Processed 1001 reads in 0.837 CPU sec, 0.107 real sec
[M::mem_process_seqs] Processed 1001 reads in 0.782 CPU sec, 0.099 real sec
123450 [main] INFO main.java.edu.mit.compbio.bisulfitehic.mapping.Bhmem  - Processing reads 405000 ...
123450 [main] INFO main.java.edu.mit.compbio.bisulfitehic.mapping.Bhmem  - Unique mapped and paired reads 400658 ...
123453 [main] INFO main.java.edu.mit.compbio.bisulfitehic.mapping.Bhmem  - Processing reads 406000 ...
123453 [main] INFO main.java.edu.mit.compbio.bisulfitehic.mapping.Bhmem  - Unique mapped and paired reads 400658 ...
[M::mem_process_seqs] Processed 1001 reads in 0.709 CPU sec, 0.090 real sec
[M::mem_process_seqs] Processed 1001 reads in 0.623 CPU sec, 0.080 real sec
[M::mem_process_seqs] Processed 1001 reads in 0.700 CPU sec, 0.088 real sec
[M::mem_process_seqs] Processed 1001 reads in 0.697 CPU sec, 0.092 real sec
124028 [main] INFO main.java.edu.mit.compbio.bisulfitehic.mapping.Bhmem  - Processing reads 407000 ...
124028 [main] INFO main.java.edu.mit.compbio.bisulfitehic.mapping.Bhmem  - Unique mapped and paired reads 402642 ...
124031 [main] INFO main.java.edu.mit.compbio.bisulfitehic.mapping.Bhmem  - Processing reads 408000 ...
124031 [main] INFO main.java.edu.mit.compbio.bisulfitehic.mapping.Bhmem  - Unique mapped and paired reads 402642 ...
[M::mem_process_seqs] Processed 1001 reads in 0.729 CPU sec, 0.095 real sec
[M::mem_process_seqs] Processed 1001 reads in 0.639 CPU sec, 0.085 real sec
[M::mem_process_seqs] Processed 1001 reads in 0.726 CPU sec, 0.091 real sec
[M::mem_process_seqs] Processed 1001 reads in 0.709 CPU sec, 0.089 real sec
124527 [main] INFO main.java.edu.mit.compbio.bisulfitehic.mapping.Bhmem  - Processing reads 409000 ...
124527 [main] INFO main.java.edu.mit.compbio.bisulfitehic.mapping.Bhmem  - Unique mapped and paired reads 404612 ...
124530 [main] INFO main.java.edu.mit.compbio.bisulfitehic.mapping.Bhmem  - Processing reads 410000 ...
124530 [main] INFO main.java.edu.mit.compbio.bisulfitehic.mapping.Bhmem  - Unique mapped and paired reads 404612 ...
[M::mem_process_seqs] Processed 1001 reads in 0.646 CPU sec, 0.083 real sec
[M::mem_process_seqs] Processed 1001 reads in 0.601 CPU sec, 0.079 real sec
[M::mem_process_seqs] Processed 1001 reads in 0.680 CPU sec, 0.086 real sec
[M::mem_process_seqs] Processed 1001 reads in 0.658 CPU sec, 0.083 real sec
124991 [main] INFO main.java.edu.mit.compbio.bisulfitehic.mapping.Bhmem  - Processing reads 411000 ...
124991 [main] INFO main.java.edu.mit.compbio.bisulfitehic.mapping.Bhmem  - Unique mapped and paired reads 406602 ...
124994 [main] INFO main.java.edu.mit.compbio.bisulfitehic.mapping.Bhmem  - Processing reads 412000 ...
124994 [main] INFO main.java.edu.mit.compbio.bisulfitehic.mapping.Bhmem  - Unique mapped and paired reads 406602 ...
[M::mem_process_seqs] Processed 1001 reads in 0.718 CPU sec, 0.093 real sec
[M::mem_process_seqs] Processed 1001 reads in 0.589 CPU sec, 0.074 real sec
[M::mem_process_seqs] Processed 1001 reads in 0.707 CPU sec, 0.093 real sec
[M::mem_process_seqs] Processed 1001 reads in 0.693 CPU sec, 0.093 real sec
125480 [main] INFO main.java.edu.mit.compbio.bisulfitehic.mapping.Bhmem  - Processing reads 413000 ...
125480 [main] INFO main.java.edu.mit.compbio.bisulfitehic.mapping.Bhmem  - Unique mapped and paired reads 408594 ...
125483 [main] INFO main.java.edu.mit.compbio.bisulfitehic.mapping.Bhmem  - Processing reads 414000 ...
125483 [main] INFO main.java.edu.mit.compbio.bisulfitehic.mapping.Bhmem  - Unique mapped and paired reads 408594 ...
[M::mem_process_seqs] Processed 1001 reads in 0.710 CPU sec, 0.092 real sec
[M::mem_process_seqs] Processed 1001 reads in 0.613 CPU sec, 0.082 real sec
[M::mem_process_seqs] Processed 1001 reads in 0.756 CPU sec, 0.098 real sec
[M::mem_process_seqs] Processed 1001 reads in 0.657 CPU sec, 0.083 real sec
125970 [main] INFO main.java.edu.mit.compbio.bisulfitehic.mapping.Bhmem  - Processing reads 415000 ...
125970 [main] INFO main.java.edu.mit.compbio.bisulfitehic.mapping.Bhmem  - Unique mapped and paired reads 410578 ...
125973 [main] INFO main.java.edu.mit.compbio.bisulfitehic.mapping.Bhmem  - Processing reads 416000 ...
125973 [main] INFO main.java.edu.mit.compbio.bisulfitehic.mapping.Bhmem  - Unique mapped and paired reads 410578 ...
[M::mem_process_seqs] Processed 1001 reads in 0.705 CPU sec, 0.089 real sec
[M::mem_process_seqs] Processed 1001 reads in 0.624 CPU sec, 0.080 real sec
[M::mem_process_seqs] Processed 1001 reads in 0.795 CPU sec, 0.109 real sec
[M::mem_process_seqs] Processed 1001 reads in 0.747 CPU sec, 0.098 real sec
126482 [main] INFO main.java.edu.mit.compbio.bisulfitehic.mapping.Bhmem  - Processing reads 417000 ...
126482 [main] INFO main.java.edu.mit.compbio.bisulfitehic.mapping.Bhmem  - Unique mapped and paired reads 412566 ...
126485 [main] INFO main.java.edu.mit.compbio.bisulfitehic.mapping.Bhmem  - Processing reads 418000 ...
126485 [main] INFO main.java.edu.mit.compbio.bisulfitehic.mapping.Bhmem  - Unique mapped and paired reads 412566 ...
[M::mem_process_seqs] Processed 1001 reads in 0.673 CPU sec, 0.086 real sec
[M::mem_process_seqs] Processed 1001 reads in 0.605 CPU sec, 0.077 real sec
[M::mem_process_seqs] Processed 1001 reads in 0.684 CPU sec, 0.091 real sec
[M::mem_process_seqs] Processed 1001 reads in 0.707 CPU sec, 0.090 real sec
126959 [main] INFO main.java.edu.mit.compbio.bisulfitehic.mapping.Bhmem  - Processing reads 419000 ...
126959 [main] INFO main.java.edu.mit.compbio.bisulfitehic.mapping.Bhmem  - Unique mapped and paired reads 414552 ...
126962 [main] INFO main.java.edu.mit.compbio.bisulfitehic.mapping.Bhmem  - Processing reads 420000 ...
126962 [main] INFO main.java.edu.mit.compbio.bisulfitehic.mapping.Bhmem  - Unique mapped and paired reads 414552 ...
[M::mem_process_seqs] Processed 1001 reads in 0.704 CPU sec, 0.093 real sec
[M::mem_process_seqs] Processed 1001 reads in 0.619 CPU sec, 0.079 real sec
[M::mem_process_seqs] Processed 1001 reads in 0.727 CPU sec, 0.093 real sec
[M::mem_process_seqs] Processed 1001 reads in 0.663 CPU sec, 0.085 real sec
127446 [main] INFO main.java.edu.mit.compbio.bisulfitehic.mapping.Bhmem  - Processing reads 421000 ...
127446 [main] INFO main.java.edu.mit.compbio.bisulfitehic.mapping.Bhmem  - Unique mapped and paired reads 416546 ...
127448 [main] INFO main.java.edu.mit.compbio.bisulfitehic.mapping.Bhmem  - Processing reads 422000 ...
127448 [main] INFO main.java.edu.mit.compbio.bisulfitehic.mapping.Bhmem  - Unique mapped and paired reads 416546 ...
[M::mem_process_seqs] Processed 1001 reads in 0.733 CPU sec, 0.095 real sec
[M::mem_process_seqs] Processed 1001 reads in 0.617 CPU sec, 0.080 real sec
[M::mem_process_seqs] Processed 1001 reads in 0.772 CPU sec, 0.102 real sec
[M::mem_process_seqs] Processed 1001 reads in 0.707 CPU sec, 0.090 real sec
127945 [main] INFO main.java.edu.mit.compbio.bisulfitehic.mapping.Bhmem  - Processing reads 423000 ...
127945 [main] INFO main.java.edu.mit.compbio.bisulfitehic.mapping.Bhmem  - Unique mapped and paired reads 418532 ...
127948 [main] INFO main.java.edu.mit.compbio.bisulfitehic.mapping.Bhmem  - Processing reads 424000 ...
127948 [main] INFO main.java.edu.mit.compbio.bisulfitehic.mapping.Bhmem  - Unique mapped and paired reads 418532 ...
[M::mem_process_seqs] Processed 1001 reads in 0.716 CPU sec, 0.093 real sec
[M::mem_process_seqs] Processed 1001 reads in 0.589 CPU sec, 0.075 real sec
[M::mem_process_seqs] Processed 1001 reads in 0.689 CPU sec, 0.090 real sec
[M::mem_process_seqs] Processed 1001 reads in 0.675 CPU sec, 0.085 real sec
128422 [main] INFO main.java.edu.mit.compbio.bisulfitehic.mapping.Bhmem  - Processing reads 425000 ...
128423 [main] INFO main.java.edu.mit.compbio.bisulfitehic.mapping.Bhmem  - Unique mapped and paired reads 420508 ...
128426 [main] INFO main.java.edu.mit.compbio.bisulfitehic.mapping.Bhmem  - Processing reads 426000 ...
128426 [main] INFO main.java.edu.mit.compbio.bisulfitehic.mapping.Bhmem  - Unique mapped and paired reads 420508 ...
[M::mem_process_seqs] Processed 1001 reads in 0.727 CPU sec, 0.094 real sec
[M::mem_process_seqs] Processed 1001 reads in 0.622 CPU sec, 0.080 real sec
[M::mem_process_seqs] Processed 1001 reads in 0.674 CPU sec, 0.085 real sec
[M::mem_process_seqs] Processed 1001 reads in 0.689 CPU sec, 0.087 real sec
128903 [main] INFO main.java.edu.mit.compbio.bisulfitehic.mapping.Bhmem  - Processing reads 427000 ...
128903 [main] INFO main.java.edu.mit.compbio.bisulfitehic.mapping.Bhmem  - Unique mapped and paired reads 422476 ...
128906 [main] INFO main.java.edu.mit.compbio.bisulfitehic.mapping.Bhmem  - Processing reads 428000 ...
128906 [main] INFO main.java.edu.mit.compbio.bisulfitehic.mapping.Bhmem  - Unique mapped and paired reads 422476 ...
[M::mem_process_seqs] Processed 1001 reads in 0.898 CPU sec, 0.113 real sec
[M::mem_process_seqs] Processed 1001 reads in 0.822 CPU sec, 0.104 real sec
[M::mem_process_seqs] Processed 1001 reads in 0.634 CPU sec, 0.080 real sec
[M::mem_process_seqs] Processed 1001 reads in 0.555 CPU sec, 0.070 real sec
129423 [main] INFO main.java.edu.mit.compbio.bisulfitehic.mapping.Bhmem  - Processing reads 429000 ...
129423 [main] INFO main.java.edu.mit.compbio.bisulfitehic.mapping.Bhmem  - Unique mapped and paired reads 424460 ...
129426 [main] INFO main.java.edu.mit.compbio.bisulfitehic.mapping.Bhmem  - Processing reads 430000 ...
129426 [main] INFO main.java.edu.mit.compbio.bisulfitehic.mapping.Bhmem  - Unique mapped and paired reads 424460 ...
[M::mem_process_seqs] Processed 1001 reads in 1.124 CPU sec, 0.142 real sec
[M::mem_process_seqs] Processed 1001 reads in 1.059 CPU sec, 0.135 real sec
[M::mem_process_seqs] Processed 1001 reads in 0.609 CPU sec, 0.080 real sec
[M::mem_process_seqs] Processed 1001 reads in 0.510 CPU sec, 0.065 real sec
130008 [main] INFO main.java.edu.mit.compbio.bisulfitehic.mapping.Bhmem  - Processing reads 431000 ...
130008 [main] INFO main.java.edu.mit.compbio.bisulfitehic.mapping.Bhmem  - Unique mapped and paired reads 426444 ...
130011 [main] INFO main.java.edu.mit.compbio.bisulfitehic.mapping.Bhmem  - Processing reads 432000 ...
130011 [main] INFO main.java.edu.mit.compbio.bisulfitehic.mapping.Bhmem  - Unique mapped and paired reads 426444 ...
[M::mem_process_seqs] Processed 1001 reads in 1.075 CPU sec, 0.137 real sec
[M::mem_process_seqs] Processed 1001 reads in 0.991 CPU sec, 0.125 real sec
[M::mem_process_seqs] Processed 1001 reads in 0.628 CPU sec, 0.081 real sec
[M::mem_process_seqs] Processed 1001 reads in 0.528 CPU sec, 0.073 real sec
130585 [main] INFO main.java.edu.mit.compbio.bisulfitehic.mapping.Bhmem  - Processing reads 433000 ...
130585 [main] INFO main.java.edu.mit.compbio.bisulfitehic.mapping.Bhmem  - Unique mapped and paired reads 428434 ...
130588 [main] INFO main.java.edu.mit.compbio.bisulfitehic.mapping.Bhmem  - Processing reads 434000 ...
130588 [main] INFO main.java.edu.mit.compbio.bisulfitehic.mapping.Bhmem  - Unique mapped and paired reads 428434 ...
[M::mem_process_seqs] Processed 1001 reads in 0.724 CPU sec, 0.094 real sec
[M::mem_process_seqs] Processed 1001 reads in 0.583 CPU sec, 0.075 real sec
[M::mem_process_seqs] Processed 1001 reads in 0.729 CPU sec, 0.093 real sec
[M::mem_process_seqs] Processed 1001 reads in 0.680 CPU sec, 0.086 real sec
131062 [main] INFO main.java.edu.mit.compbio.bisulfitehic.mapping.Bhmem  - Processing reads 435000 ...
131062 [main] INFO main.java.edu.mit.compbio.bisulfitehic.mapping.Bhmem  - Unique mapped and paired reads 430418 ...
131065 [main] INFO main.java.edu.mit.compbio.bisulfitehic.mapping.Bhmem  - Processing reads 436000 ...
131065 [main] INFO main.java.edu.mit.compbio.bisulfitehic.mapping.Bhmem  - Unique mapped and paired reads 430418 ...
[M::mem_process_seqs] Processed 1001 reads in 0.681 CPU sec, 0.086 real sec
[M::mem_process_seqs] Processed 1001 reads in 0.574 CPU sec, 0.072 real sec
[M::mem_process_seqs] Processed 1001 reads in 0.659 CPU sec, 0.083 real sec
[M::mem_process_seqs] Processed 1001 reads in 0.668 CPU sec, 0.084 real sec
131525 [main] INFO main.java.edu.mit.compbio.bisulfitehic.mapping.Bhmem  - Processing reads 437000 ...
131525 [main] INFO main.java.edu.mit.compbio.bisulfitehic.mapping.Bhmem  - Unique mapped and paired reads 432400 ...
131528 [main] INFO main.java.edu.mit.compbio.bisulfitehic.mapping.Bhmem  - Processing reads 438000 ...
131528 [main] INFO main.java.edu.mit.compbio.bisulfitehic.mapping.Bhmem  - Unique mapped and paired reads 432400 ...
[M::mem_process_seqs] Processed 1001 reads in 0.716 CPU sec, 0.090 real sec
[M::mem_process_seqs] Processed 1001 reads in 0.635 CPU sec, 0.081 real sec
[M::mem_process_seqs] Processed 1001 reads in 0.732 CPU sec, 0.093 real sec
[M::mem_process_seqs] Processed 1001 reads in 0.737 CPU sec, 0.098 real sec
132022 [main] INFO main.java.edu.mit.compbio.bisulfitehic.mapping.Bhmem  - Processing reads 439000 ...
132022 [main] INFO main.java.edu.mit.compbio.bisulfitehic.mapping.Bhmem  - Unique mapped and paired reads 434370 ...
132025 [main] INFO main.java.edu.mit.compbio.bisulfitehic.mapping.Bhmem  - Processing reads 440000 ...
132025 [main] INFO main.java.edu.mit.compbio.bisulfitehic.mapping.Bhmem  - Unique mapped and paired reads 434370 ...
[M::mem_process_seqs] Processed 1001 reads in 0.728 CPU sec, 0.093 real sec
[M::mem_process_seqs] Processed 1001 reads in 0.616 CPU sec, 0.079 real sec
[M::mem_process_seqs] Processed 1001 reads in 0.707 CPU sec, 0.092 real sec
[M::mem_process_seqs] Processed 1001 reads in 0.697 CPU sec, 0.091 real sec
132513 [main] INFO main.java.edu.mit.compbio.bisulfitehic.mapping.Bhmem  - Processing reads 441000 ...
132513 [main] INFO main.java.edu.mit.compbio.bisulfitehic.mapping.Bhmem  - Unique mapped and paired reads 436354 ...
132516 [main] INFO main.java.edu.mit.compbio.bisulfitehic.mapping.Bhmem  - Processing reads 442000 ...
132516 [main] INFO main.java.edu.mit.compbio.bisulfitehic.mapping.Bhmem  - Unique mapped and paired reads 436354 ...
[M::mem_process_seqs] Processed 1001 reads in 0.674 CPU sec, 0.085 real sec
[M::mem_process_seqs] Processed 1001 reads in 0.619 CPU sec, 0.078 real sec
[M::mem_process_seqs] Processed 1001 reads in 0.693 CPU sec, 0.087 real sec
[M::mem_process_seqs] Processed 1001 reads in 0.634 CPU sec, 0.080 real sec
133016 [main] INFO main.java.edu.mit.compbio.bisulfitehic.mapping.Bhmem  - Processing reads 443000 ...
133016 [main] INFO main.java.edu.mit.compbio.bisulfitehic.mapping.Bhmem  - Unique mapped and paired reads 438344 ...
133022 [main] INFO main.java.edu.mit.compbio.bisulfitehic.mapping.Bhmem  - Processing reads 444000 ...
133022 [main] INFO main.java.edu.mit.compbio.bisulfitehic.mapping.Bhmem  - Unique mapped and paired reads 438344 ...
[M::mem_process_seqs] Processed 1001 reads in 0.704 CPU sec, 0.090 real sec
[M::mem_process_seqs] Processed 1001 reads in 0.593 CPU sec, 0.075 real sec
[M::mem_process_seqs] Processed 1001 reads in 0.695 CPU sec, 0.088 real sec
[M::mem_process_seqs] Processed 1001 reads in 0.684 CPU sec, 0.087 real sec
133499 [main] INFO main.java.edu.mit.compbio.bisulfitehic.mapping.Bhmem  - Processing reads 445000 ...
133499 [main] INFO main.java.edu.mit.compbio.bisulfitehic.mapping.Bhmem  - Unique mapped and paired reads 440328 ...
133502 [main] INFO main.java.edu.mit.compbio.bisulfitehic.mapping.Bhmem  - Processing reads 446000 ...
133502 [main] INFO main.java.edu.mit.compbio.bisulfitehic.mapping.Bhmem  - Unique mapped and paired reads 440328 ...
[M::mem_process_seqs] Processed 1001 reads in 0.716 CPU sec, 0.092 real sec
[M::mem_process_seqs] Processed 1001 reads in 0.619 CPU sec, 0.082 real sec
[M::mem_process_seqs] Processed 1001 reads in 0.781 CPU sec, 0.107 real sec
[M::mem_process_seqs] Processed 1001 reads in 0.728 CPU sec, 0.101 real sec
134022 [main] INFO main.java.edu.mit.compbio.bisulfitehic.mapping.Bhmem  - Processing reads 447000 ...
134022 [main] INFO main.java.edu.mit.compbio.bisulfitehic.mapping.Bhmem  - Unique mapped and paired reads 442312 ...
134025 [main] INFO main.java.edu.mit.compbio.bisulfitehic.mapping.Bhmem  - Processing reads 448000 ...
134025 [main] INFO main.java.edu.mit.compbio.bisulfitehic.mapping.Bhmem  - Unique mapped and paired reads 442312 ...
[M::mem_process_seqs] Processed 1001 reads in 0.753 CPU sec, 0.095 real sec
[M::mem_process_seqs] Processed 1001 reads in 0.643 CPU sec, 0.084 real sec
[M::mem_process_seqs] Processed 1001 reads in 0.726 CPU sec, 0.092 real sec
[M::mem_process_seqs] Processed 1001 reads in 0.740 CPU sec, 0.093 real sec
134522 [main] INFO main.java.edu.mit.compbio.bisulfitehic.mapping.Bhmem  - Processing reads 449000 ...
134522 [main] INFO main.java.edu.mit.compbio.bisulfitehic.mapping.Bhmem  - Unique mapped and paired reads 444290 ...
134525 [main] INFO main.java.edu.mit.compbio.bisulfitehic.mapping.Bhmem  - Processing reads 450000 ...
134525 [main] INFO main.java.edu.mit.compbio.bisulfitehic.mapping.Bhmem  - Unique mapped and paired reads 444290 ...
[M::mem_process_seqs] Processed 1001 reads in 0.709 CPU sec, 0.090 real sec
[M::mem_process_seqs] Processed 1001 reads in 0.582 CPU sec, 0.073 real sec
[M::mem_process_seqs] Processed 1001 reads in 0.791 CPU sec, 0.108 real sec
[M::mem_process_seqs] Processed 1001 reads in 0.709 CPU sec, 0.089 real sec
135021 [main] INFO main.java.edu.mit.compbio.bisulfitehic.mapping.Bhmem  - Processing reads 451000 ...
135021 [main] INFO main.java.edu.mit.compbio.bisulfitehic.mapping.Bhmem  - Unique mapped and paired reads 446276 ...
135024 [main] INFO main.java.edu.mit.compbio.bisulfitehic.mapping.Bhmem  - Processing reads 452000 ...
135024 [main] INFO main.java.edu.mit.compbio.bisulfitehic.mapping.Bhmem  - Unique mapped and paired reads 446276 ...
[M::mem_process_seqs] Processed 1001 reads in 0.714 CPU sec, 0.091 real sec
[M::mem_process_seqs] Processed 1001 reads in 0.619 CPU sec, 0.078 real sec
[M::mem_process_seqs] Processed 1001 reads in 0.761 CPU sec, 0.098 real sec
[M::mem_process_seqs] Processed 1001 reads in 0.703 CPU sec, 0.089 real sec
135515 [main] INFO main.java.edu.mit.compbio.bisulfitehic.mapping.Bhmem  - Processing reads 453000 ...
135515 [main] INFO main.java.edu.mit.compbio.bisulfitehic.mapping.Bhmem  - Unique mapped and paired reads 448250 ...
135518 [main] INFO main.java.edu.mit.compbio.bisulfitehic.mapping.Bhmem  - Processing reads 454000 ...
135518 [main] INFO main.java.edu.mit.compbio.bisulfitehic.mapping.Bhmem  - Unique mapped and paired reads 448250 ...
[M::mem_process_seqs] Processed 1001 reads in 0.676 CPU sec, 0.087 real sec
[M::mem_process_seqs] Processed 1001 reads in 0.578 CPU sec, 0.074 real sec
[M::mem_process_seqs] Processed 1001 reads in 0.706 CPU sec, 0.094 real sec
[M::mem_process_seqs] Processed 1001 reads in 0.707 CPU sec, 0.094 real sec
135998 [main] INFO main.java.edu.mit.compbio.bisulfitehic.mapping.Bhmem  - Processing reads 455000 ...
135998 [main] INFO main.java.edu.mit.compbio.bisulfitehic.mapping.Bhmem  - Unique mapped and paired reads 450224 ...
136001 [main] INFO main.java.edu.mit.compbio.bisulfitehic.mapping.Bhmem  - Processing reads 456000 ...
136001 [main] INFO main.java.edu.mit.compbio.bisulfitehic.mapping.Bhmem  - Unique mapped and paired reads 450224 ...
[M::mem_process_seqs] Processed 1001 reads in 0.700 CPU sec, 0.088 real sec
[M::mem_process_seqs] Processed 1001 reads in 0.575 CPU sec, 0.074 real sec
[M::mem_process_seqs] Processed 1001 reads in 0.754 CPU sec, 0.096 real sec
[M::mem_process_seqs] Processed 1001 reads in 0.641 CPU sec, 0.082 real sec
136474 [main] INFO main.java.edu.mit.compbio.bisulfitehic.mapping.Bhmem  - Processing reads 457000 ...
136474 [main] INFO main.java.edu.mit.compbio.bisulfitehic.mapping.Bhmem  - Unique mapped and paired reads 452198 ...
136477 [main] INFO main.java.edu.mit.compbio.bisulfitehic.mapping.Bhmem  - Processing reads 458000 ...
136477 [main] INFO main.java.edu.mit.compbio.bisulfitehic.mapping.Bhmem  - Unique mapped and paired reads 452198 ...
[M::mem_process_seqs] Processed 1001 reads in 0.714 CPU sec, 0.099 real sec
[M::mem_process_seqs] Processed 1001 reads in 0.629 CPU sec, 0.082 real sec
[M::mem_process_seqs] Processed 1001 reads in 0.724 CPU sec, 0.092 real sec
[M::mem_process_seqs] Processed 1001 reads in 0.676 CPU sec, 0.093 real sec
136978 [main] INFO main.java.edu.mit.compbio.bisulfitehic.mapping.Bhmem  - Processing reads 459000 ...
136978 [main] INFO main.java.edu.mit.compbio.bisulfitehic.mapping.Bhmem  - Unique mapped and paired reads 454184 ...
136981 [main] INFO main.java.edu.mit.compbio.bisulfitehic.mapping.Bhmem  - Processing reads 460000 ...
136981 [main] INFO main.java.edu.mit.compbio.bisulfitehic.mapping.Bhmem  - Unique mapped and paired reads 454184 ...
[M::mem_process_seqs] Processed 1001 reads in 0.665 CPU sec, 0.088 real sec
[M::mem_process_seqs] Processed 1001 reads in 0.598 CPU sec, 0.077 real sec
[M::mem_process_seqs] Processed 1001 reads in 0.710 CPU sec, 0.099 real sec
[M::mem_process_seqs] Processed 1001 reads in 0.705 CPU sec, 0.091 real sec
137475 [main] INFO main.java.edu.mit.compbio.bisulfitehic.mapping.Bhmem  - Processing reads 461000 ...
137475 [main] INFO main.java.edu.mit.compbio.bisulfitehic.mapping.Bhmem  - Unique mapped and paired reads 456176 ...
137478 [main] INFO main.java.edu.mit.compbio.bisulfitehic.mapping.Bhmem  - Processing reads 462000 ...
137478 [main] INFO main.java.edu.mit.compbio.bisulfitehic.mapping.Bhmem  - Unique mapped and paired reads 456176 ...
[M::mem_process_seqs] Processed 1001 reads in 0.662 CPU sec, 0.085 real sec
[M::mem_process_seqs] Processed 1001 reads in 0.558 CPU sec, 0.071 real sec
[M::mem_process_seqs] Processed 1001 reads in 0.659 CPU sec, 0.085 real sec
[M::mem_process_seqs] Processed 1001 reads in 0.662 CPU sec, 0.088 real sec
137940 [main] INFO main.java.edu.mit.compbio.bisulfitehic.mapping.Bhmem  - Processing reads 463000 ...
137940 [main] INFO main.java.edu.mit.compbio.bisulfitehic.mapping.Bhmem  - Unique mapped and paired reads 458154 ...
137943 [main] INFO main.java.edu.mit.compbio.bisulfitehic.mapping.Bhmem  - Processing reads 464000 ...
137943 [main] INFO main.java.edu.mit.compbio.bisulfitehic.mapping.Bhmem  - Unique mapped and paired reads 458154 ...
[M::mem_process_seqs] Processed 1001 reads in 0.693 CPU sec, 0.089 real sec
[M::mem_process_seqs] Processed 1001 reads in 0.601 CPU sec, 0.087 real sec
[M::mem_process_seqs] Processed 1001 reads in 0.703 CPU sec, 0.093 real sec
[M::mem_process_seqs] Processed 1001 reads in 0.663 CPU sec, 0.086 real sec
138429 [main] INFO main.java.edu.mit.compbio.bisulfitehic.mapping.Bhmem  - Processing reads 465000 ...
138429 [main] INFO main.java.edu.mit.compbio.bisulfitehic.mapping.Bhmem  - Unique mapped and paired reads 460140 ...
138432 [main] INFO main.java.edu.mit.compbio.bisulfitehic.mapping.Bhmem  - Processing reads 466000 ...
138432 [main] INFO main.java.edu.mit.compbio.bisulfitehic.mapping.Bhmem  - Unique mapped and paired reads 460140 ...
[M::mem_process_seqs] Processed 1001 reads in 0.732 CPU sec, 0.093 real sec
[M::mem_process_seqs] Processed 1001 reads in 0.573 CPU sec, 0.073 real sec
[M::mem_process_seqs] Processed 1001 reads in 0.701 CPU sec, 0.091 real sec
[M::mem_process_seqs] Processed 1001 reads in 0.656 CPU sec, 0.083 real sec
138899 [main] INFO main.java.edu.mit.compbio.bisulfitehic.mapping.Bhmem  - Processing reads 467000 ...
138899 [main] INFO main.java.edu.mit.compbio.bisulfitehic.mapping.Bhmem  - Unique mapped and paired reads 462122 ...
138902 [main] INFO main.java.edu.mit.compbio.bisulfitehic.mapping.Bhmem  - Processing reads 468000 ...
138902 [main] INFO main.java.edu.mit.compbio.bisulfitehic.mapping.Bhmem  - Unique mapped and paired reads 462122 ...
[M::mem_process_seqs] Processed 1001 reads in 0.711 CPU sec, 0.095 real sec
[M::mem_process_seqs] Processed 1001 reads in 0.663 CPU sec, 0.086 real sec
[M::mem_process_seqs] Processed 1001 reads in 0.783 CPU sec, 0.100 real sec
[M::mem_process_seqs] Processed 1001 reads in 0.737 CPU sec, 0.096 real sec
139416 [main] INFO main.java.edu.mit.compbio.bisulfitehic.mapping.Bhmem  - Processing reads 469000 ...
139416 [main] INFO main.java.edu.mit.compbio.bisulfitehic.mapping.Bhmem  - Unique mapped and paired reads 464112 ...
139419 [main] INFO main.java.edu.mit.compbio.bisulfitehic.mapping.Bhmem  - Processing reads 470000 ...
139419 [main] INFO main.java.edu.mit.compbio.bisulfitehic.mapping.Bhmem  - Unique mapped and paired reads 464112 ...
[M::mem_process_seqs] Processed 1001 reads in 0.668 CPU sec, 0.085 real sec
[M::mem_process_seqs] Processed 1001 reads in 0.602 CPU sec, 0.077 real sec
[M::mem_process_seqs] Processed 1001 reads in 0.677 CPU sec, 0.085 real sec
[M::mem_process_seqs] Processed 1001 reads in 0.669 CPU sec, 0.086 real sec
139882 [main] INFO main.java.edu.mit.compbio.bisulfitehic.mapping.Bhmem  - Processing reads 471000 ...
139883 [main] INFO main.java.edu.mit.compbio.bisulfitehic.mapping.Bhmem  - Unique mapped and paired reads 466102 ...
139886 [main] INFO main.java.edu.mit.compbio.bisulfitehic.mapping.Bhmem  - Processing reads 472000 ...
139886 [main] INFO main.java.edu.mit.compbio.bisulfitehic.mapping.Bhmem  - Unique mapped and paired reads 466102 ...
[M::mem_process_seqs] Processed 1001 reads in 0.681 CPU sec, 0.091 real sec
[M::mem_process_seqs] Processed 1001 reads in 0.580 CPU sec, 0.074 real sec
[M::mem_process_seqs] Processed 1001 reads in 0.702 CPU sec, 0.089 real sec
[M::mem_process_seqs] Processed 1001 reads in 0.699 CPU sec, 0.088 real sec
140357 [main] INFO main.java.edu.mit.compbio.bisulfitehic.mapping.Bhmem  - Processing reads 473000 ...
140357 [main] INFO main.java.edu.mit.compbio.bisulfitehic.mapping.Bhmem  - Unique mapped and paired reads 468078 ...
140360 [main] INFO main.java.edu.mit.compbio.bisulfitehic.mapping.Bhmem  - Processing reads 474000 ...
140360 [main] INFO main.java.edu.mit.compbio.bisulfitehic.mapping.Bhmem  - Unique mapped and paired reads 468078 ...
[M::mem_process_seqs] Processed 1001 reads in 0.724 CPU sec, 0.092 real sec
[M::mem_process_seqs] Processed 1001 reads in 0.607 CPU sec, 0.077 real sec
[M::mem_process_seqs] Processed 1001 reads in 0.733 CPU sec, 0.092 real sec
[M::mem_process_seqs] Processed 1001 reads in 0.694 CPU sec, 0.088 real sec
140837 [main] INFO main.java.edu.mit.compbio.bisulfitehic.mapping.Bhmem  - Processing reads 475000 ...
140837 [main] INFO main.java.edu.mit.compbio.bisulfitehic.mapping.Bhmem  - Unique mapped and paired reads 470056 ...
140840 [main] INFO main.java.edu.mit.compbio.bisulfitehic.mapping.Bhmem  - Processing reads 476000 ...
140840 [main] INFO main.java.edu.mit.compbio.bisulfitehic.mapping.Bhmem  - Unique mapped and paired reads 470056 ...
[M::mem_process_seqs] Processed 1001 reads in 0.720 CPU sec, 0.091 real sec
[M::mem_process_seqs] Processed 1001 reads in 0.637 CPU sec, 0.083 real sec
[M::mem_process_seqs] Processed 1001 reads in 0.773 CPU sec, 0.098 real sec
[M::mem_process_seqs] Processed 1001 reads in 0.706 CPU sec, 0.092 real sec
141339 [main] INFO main.java.edu.mit.compbio.bisulfitehic.mapping.Bhmem  - Processing reads 477000 ...
141339 [main] INFO main.java.edu.mit.compbio.bisulfitehic.mapping.Bhmem  - Unique mapped and paired reads 472048 ...
141342 [main] INFO main.java.edu.mit.compbio.bisulfitehic.mapping.Bhmem  - Processing reads 478000 ...
141342 [main] INFO main.java.edu.mit.compbio.bisulfitehic.mapping.Bhmem  - Unique mapped and paired reads 472048 ...
[M::mem_process_seqs] Processed 1001 reads in 0.719 CPU sec, 0.100 real sec
[M::mem_process_seqs] Processed 1001 reads in 0.624 CPU sec, 0.079 real sec
[M::mem_process_seqs] Processed 1001 reads in 0.739 CPU sec, 0.104 real sec
[M::mem_process_seqs] Processed 1001 reads in 0.792 CPU sec, 0.105 real sec
141868 [main] INFO main.java.edu.mit.compbio.bisulfitehic.mapping.Bhmem  - Processing reads 479000 ...
141868 [main] INFO main.java.edu.mit.compbio.bisulfitehic.mapping.Bhmem  - Unique mapped and paired reads 474030 ...
141871 [main] INFO main.java.edu.mit.compbio.bisulfitehic.mapping.Bhmem  - Processing reads 480000 ...
141871 [main] INFO main.java.edu.mit.compbio.bisulfitehic.mapping.Bhmem  - Unique mapped and paired reads 474030 ...
[M::mem_process_seqs] Processed 1001 reads in 0.691 CPU sec, 0.088 real sec
[M::mem_process_seqs] Processed 1001 reads in 0.638 CPU sec, 0.081 real sec
[M::mem_process_seqs] Processed 1001 reads in 0.714 CPU sec, 0.091 real sec
[M::mem_process_seqs] Processed 1001 reads in 0.760 CPU sec, 0.096 real sec
142358 [main] INFO main.java.edu.mit.compbio.bisulfitehic.mapping.Bhmem  - Processing reads 481000 ...
142358 [main] INFO main.java.edu.mit.compbio.bisulfitehic.mapping.Bhmem  - Unique mapped and paired reads 476016 ...
142360 [main] INFO main.java.edu.mit.compbio.bisulfitehic.mapping.Bhmem  - Processing reads 482000 ...
142360 [main] INFO main.java.edu.mit.compbio.bisulfitehic.mapping.Bhmem  - Unique mapped and paired reads 476016 ...
[M::mem_process_seqs] Processed 1001 reads in 0.738 CPU sec, 0.096 real sec
[M::mem_process_seqs] Processed 1001 reads in 0.659 CPU sec, 0.101 real sec
[M::mem_process_seqs] Processed 1001 reads in 0.765 CPU sec, 0.102 real sec
[M::mem_process_seqs] Processed 1001 reads in 0.709 CPU sec, 0.092 real sec
142884 [main] INFO main.java.edu.mit.compbio.bisulfitehic.mapping.Bhmem  - Processing reads 483000 ...
142884 [main] INFO main.java.edu.mit.compbio.bisulfitehic.mapping.Bhmem  - Unique mapped and paired reads 478004 ...
142887 [main] INFO main.java.edu.mit.compbio.bisulfitehic.mapping.Bhmem  - Processing reads 484000 ...
142887 [main] INFO main.java.edu.mit.compbio.bisulfitehic.mapping.Bhmem  - Unique mapped and paired reads 478004 ...
[M::mem_process_seqs] Processed 1001 reads in 0.691 CPU sec, 0.089 real sec
[M::mem_process_seqs] Processed 1001 reads in 0.614 CPU sec, 0.079 real sec
[M::mem_process_seqs] Processed 1001 reads in 0.651 CPU sec, 0.083 real sec
[M::mem_process_seqs] Processed 1001 reads in 0.645 CPU sec, 0.083 real sec
143348 [main] INFO main.java.edu.mit.compbio.bisulfitehic.mapping.Bhmem  - Processing reads 485000 ...
143348 [main] INFO main.java.edu.mit.compbio.bisulfitehic.mapping.Bhmem  - Unique mapped and paired reads 479994 ...
143351 [main] INFO main.java.edu.mit.compbio.bisulfitehic.mapping.Bhmem  - Processing reads 486000 ...
143351 [main] INFO main.java.edu.mit.compbio.bisulfitehic.mapping.Bhmem  - Unique mapped and paired reads 479994 ...
[M::mem_process_seqs] Processed 1001 reads in 0.692 CPU sec, 0.088 real sec
[M::mem_process_seqs] Processed 1001 reads in 0.609 CPU sec, 0.079 real sec
[M::mem_process_seqs] Processed 1001 reads in 0.731 CPU sec, 0.093 real sec
[M::mem_process_seqs] Processed 1001 reads in 0.672 CPU sec, 0.088 real sec
143830 [main] INFO main.java.edu.mit.compbio.bisulfitehic.mapping.Bhmem  - Processing reads 487000 ...
143830 [main] INFO main.java.edu.mit.compbio.bisulfitehic.mapping.Bhmem  - Unique mapped and paired reads 481982 ...
143833 [main] INFO main.java.edu.mit.compbio.bisulfitehic.mapping.Bhmem  - Processing reads 488000 ...
143833 [main] INFO main.java.edu.mit.compbio.bisulfitehic.mapping.Bhmem  - Unique mapped and paired reads 481982 ...
[M::mem_process_seqs] Processed 1001 reads in 0.769 CPU sec, 0.101 real sec
[M::mem_process_seqs] Processed 1001 reads in 0.645 CPU sec, 0.082 real sec
[M::mem_process_seqs] Processed 1001 reads in 0.777 CPU sec, 0.098 real sec
[M::mem_process_seqs] Processed 1001 reads in 0.721 CPU sec, 0.094 real sec
144346 [main] INFO main.java.edu.mit.compbio.bisulfitehic.mapping.Bhmem  - Processing reads 489000 ...
144346 [main] INFO main.java.edu.mit.compbio.bisulfitehic.mapping.Bhmem  - Unique mapped and paired reads 483972 ...
144349 [main] INFO main.java.edu.mit.compbio.bisulfitehic.mapping.Bhmem  - Processing reads 490000 ...
144349 [main] INFO main.java.edu.mit.compbio.bisulfitehic.mapping.Bhmem  - Unique mapped and paired reads 483972 ...
[M::mem_process_seqs] Processed 1001 reads in 0.697 CPU sec, 0.088 real sec
[M::mem_process_seqs] Processed 1001 reads in 0.617 CPU sec, 0.079 real sec
[M::mem_process_seqs] Processed 1001 reads in 0.719 CPU sec, 0.091 real sec
[M::mem_process_seqs] Processed 1001 reads in 0.692 CPU sec, 0.093 real sec
144826 [main] INFO main.java.edu.mit.compbio.bisulfitehic.mapping.Bhmem  - Processing reads 491000 ...
144826 [main] INFO main.java.edu.mit.compbio.bisulfitehic.mapping.Bhmem  - Unique mapped and paired reads 485962 ...
144829 [main] INFO main.java.edu.mit.compbio.bisulfitehic.mapping.Bhmem  - Processing reads 492000 ...
144829 [main] INFO main.java.edu.mit.compbio.bisulfitehic.mapping.Bhmem  - Unique mapped and paired reads 485962 ...
[M::mem_process_seqs] Processed 1001 reads in 0.705 CPU sec, 0.090 real sec
[M::mem_process_seqs] Processed 1001 reads in 0.644 CPU sec, 0.083 real sec
[M::mem_process_seqs] Processed 1001 reads in 0.732 CPU sec, 0.092 real sec
[M::mem_process_seqs] Processed 1001 reads in 0.676 CPU sec, 0.086 real sec
145313 [main] INFO main.java.edu.mit.compbio.bisulfitehic.mapping.Bhmem  - Processing reads 493000 ...
145313 [main] INFO main.java.edu.mit.compbio.bisulfitehic.mapping.Bhmem  - Unique mapped and paired reads 487948 ...
145316 [main] INFO main.java.edu.mit.compbio.bisulfitehic.mapping.Bhmem  - Processing reads 494000 ...
145316 [main] INFO main.java.edu.mit.compbio.bisulfitehic.mapping.Bhmem  - Unique mapped and paired reads 487948 ...
[M::mem_process_seqs] Processed 1001 reads in 0.733 CPU sec, 0.093 real sec
[M::mem_process_seqs] Processed 1001 reads in 0.637 CPU sec, 0.089 real sec
[M::mem_process_seqs] Processed 1001 reads in 0.746 CPU sec, 0.095 real sec
[M::mem_process_seqs] Processed 1001 reads in 0.676 CPU sec, 0.086 real sec
145810 [main] INFO main.java.edu.mit.compbio.bisulfitehic.mapping.Bhmem  - Processing reads 495000 ...
145810 [main] INFO main.java.edu.mit.compbio.bisulfitehic.mapping.Bhmem  - Unique mapped and paired reads 489932 ...
145813 [main] INFO main.java.edu.mit.compbio.bisulfitehic.mapping.Bhmem  - Processing reads 496000 ...
145813 [main] INFO main.java.edu.mit.compbio.bisulfitehic.mapping.Bhmem  - Unique mapped and paired reads 489932 ...
[M::mem_process_seqs] Processed 1001 reads in 0.729 CPU sec, 0.095 real sec
[M::mem_process_seqs] Processed 1001 reads in 0.600 CPU sec, 0.078 real sec
[M::mem_process_seqs] Processed 1001 reads in 0.728 CPU sec, 0.095 real sec
[M::mem_process_seqs] Processed 1001 reads in 0.719 CPU sec, 0.096 real sec
146305 [main] INFO main.java.edu.mit.compbio.bisulfitehic.mapping.Bhmem  - Processing reads 497000 ...
146305 [main] INFO main.java.edu.mit.compbio.bisulfitehic.mapping.Bhmem  - Unique mapped and paired reads 491922 ...
146308 [main] INFO main.java.edu.mit.compbio.bisulfitehic.mapping.Bhmem  - Processing reads 498000 ...
146308 [main] INFO main.java.edu.mit.compbio.bisulfitehic.mapping.Bhmem  - Unique mapped and paired reads 491922 ...
[M::mem_process_seqs] Processed 1001 reads in 0.687 CPU sec, 0.088 real sec
[M::mem_process_seqs] Processed 1001 reads in 0.657 CPU sec, 0.083 real sec
[M::mem_process_seqs] Processed 1001 reads in 0.729 CPU sec, 0.094 real sec
[M::mem_process_seqs] Processed 1001 reads in 0.702 CPU sec, 0.091 real sec
146799 [main] INFO main.java.edu.mit.compbio.bisulfitehic.mapping.Bhmem  - Processing reads 499000 ...
146799 [main] INFO main.java.edu.mit.compbio.bisulfitehic.mapping.Bhmem  - Unique mapped and paired reads 493906 ...
146802 [main] INFO main.java.edu.mit.compbio.bisulfitehic.mapping.Bhmem  - Processing reads 500000 ...
146802 [main] INFO main.java.edu.mit.compbio.bisulfitehic.mapping.Bhmem  - Unique mapped and paired reads 493906 ...
[M::mem_process_seqs] Processed 1001 reads in 0.753 CPU sec, 0.097 real sec
[M::mem_process_seqs] Processed 1001 reads in 0.600 CPU sec, 0.078 real sec
[M::mem_process_seqs] Processed 1001 reads in 0.652 CPU sec, 0.083 real sec
[M::mem_process_seqs] Processed 1001 reads in 0.647 CPU sec, 0.082 real sec
147277 [main] INFO main.java.edu.mit.compbio.bisulfitehic.mapping.Bhmem  - Processing reads 501000 ...
147277 [main] INFO main.java.edu.mit.compbio.bisulfitehic.mapping.Bhmem  - Unique mapped and paired reads 495894 ...
147280 [main] INFO main.java.edu.mit.compbio.bisulfitehic.mapping.Bhmem  - Processing reads 502000 ...
147280 [main] INFO main.java.edu.mit.compbio.bisulfitehic.mapping.Bhmem  - Unique mapped and paired reads 495894 ...
[M::mem_process_seqs] Processed 1001 reads in 0.698 CPU sec, 0.092 real sec
[M::mem_process_seqs] Processed 1001 reads in 0.617 CPU sec, 0.083 real sec
[M::mem_process_seqs] Processed 1001 reads in 0.740 CPU sec, 0.105 real sec
[M::mem_process_seqs] Processed 1001 reads in 0.749 CPU sec, 0.098 real sec
147791 [main] INFO main.java.edu.mit.compbio.bisulfitehic.mapping.Bhmem  - Processing reads 503000 ...
147791 [main] INFO main.java.edu.mit.compbio.bisulfitehic.mapping.Bhmem  - Unique mapped and paired reads 497872 ...
147794 [main] INFO main.java.edu.mit.compbio.bisulfitehic.mapping.Bhmem  - Processing reads 504000 ...
147794 [main] INFO main.java.edu.mit.compbio.bisulfitehic.mapping.Bhmem  - Unique mapped and paired reads 497872 ...
[M::mem_process_seqs] Processed 1001 reads in 0.696 CPU sec, 0.088 real sec
[M::mem_process_seqs] Processed 1001 reads in 0.687 CPU sec, 0.094 real sec
[M::mem_process_seqs] Processed 1001 reads in 0.775 CPU sec, 0.098 real sec
[M::mem_process_seqs] Processed 1001 reads in 0.692 CPU sec, 0.088 real sec
148298 [main] INFO main.java.edu.mit.compbio.bisulfitehic.mapping.Bhmem  - Processing reads 505000 ...
148298 [main] INFO main.java.edu.mit.compbio.bisulfitehic.mapping.Bhmem  - Unique mapped and paired reads 499860 ...
148301 [main] INFO main.java.edu.mit.compbio.bisulfitehic.mapping.Bhmem  - Processing reads 506000 ...
148301 [main] INFO main.java.edu.mit.compbio.bisulfitehic.mapping.Bhmem  - Unique mapped and paired reads 499860 ...
[M::mem_process_seqs] Processed 1001 reads in 0.714 CPU sec, 0.099 real sec
[M::mem_process_seqs] Processed 1001 reads in 0.642 CPU sec, 0.082 real sec
[M::mem_process_seqs] Processed 1001 reads in 0.687 CPU sec, 0.088 real sec
[M::mem_process_seqs] Processed 1001 reads in 0.653 CPU sec, 0.083 real sec
148786 [main] INFO main.java.edu.mit.compbio.bisulfitehic.mapping.Bhmem  - Processing reads 507000 ...
148786 [main] INFO main.java.edu.mit.compbio.bisulfitehic.mapping.Bhmem  - Unique mapped and paired reads 501842 ...
148788 [main] INFO main.java.edu.mit.compbio.bisulfitehic.mapping.Bhmem  - Processing reads 508000 ...
148788 [main] INFO main.java.edu.mit.compbio.bisulfitehic.mapping.Bhmem  - Unique mapped and paired reads 501842 ...
[M::mem_process_seqs] Processed 1001 reads in 0.755 CPU sec, 0.098 real sec
[M::mem_process_seqs] Processed 1001 reads in 0.669 CPU sec, 0.085 real sec
[M::mem_process_seqs] Processed 1001 reads in 0.719 CPU sec, 0.091 real sec
[M::mem_process_seqs] Processed 1001 reads in 0.706 CPU sec, 0.094 real sec
149351 [main] INFO main.java.edu.mit.compbio.bisulfitehic.mapping.Bhmem  - Processing reads 509000 ...
149351 [main] INFO main.java.edu.mit.compbio.bisulfitehic.mapping.Bhmem  - Unique mapped and paired reads 503824 ...
149360 [main] INFO main.java.edu.mit.compbio.bisulfitehic.mapping.Bhmem  - Processing reads 510000 ...
149360 [main] INFO main.java.edu.mit.compbio.bisulfitehic.mapping.Bhmem  - Unique mapped and paired reads 503824 ...
[M::mem_process_seqs] Processed 1001 reads in 0.716 CPU sec, 0.090 real sec
[M::mem_process_seqs] Processed 1001 reads in 0.606 CPU sec, 0.077 real sec
[M::mem_process_seqs] Processed 1001 reads in 0.746 CPU sec, 0.099 real sec
[M::mem_process_seqs] Processed 1001 reads in 0.725 CPU sec, 0.093 real sec
149856 [main] INFO main.java.edu.mit.compbio.bisulfitehic.mapping.Bhmem  - Processing reads 511000 ...
149856 [main] INFO main.java.edu.mit.compbio.bisulfitehic.mapping.Bhmem  - Unique mapped and paired reads 505810 ...
149859 [main] INFO main.java.edu.mit.compbio.bisulfitehic.mapping.Bhmem  - Processing reads 512000 ...
149859 [main] INFO main.java.edu.mit.compbio.bisulfitehic.mapping.Bhmem  - Unique mapped and paired reads 505810 ...
[M::mem_process_seqs] Processed 1001 reads in 0.712 CPU sec, 0.090 real sec
[M::mem_process_seqs] Processed 1001 reads in 0.602 CPU sec, 0.076 real sec
[M::mem_process_seqs] Processed 1001 reads in 0.659 CPU sec, 0.084 real sec
[M::mem_process_seqs] Processed 1001 reads in 0.689 CPU sec, 0.087 real sec
150325 [main] INFO main.java.edu.mit.compbio.bisulfitehic.mapping.Bhmem  - Processing reads 513000 ...
150325 [main] INFO main.java.edu.mit.compbio.bisulfitehic.mapping.Bhmem  - Unique mapped and paired reads 507802 ...
150328 [main] INFO main.java.edu.mit.compbio.bisulfitehic.mapping.Bhmem  - Processing reads 514000 ...
150328 [main] INFO main.java.edu.mit.compbio.bisulfitehic.mapping.Bhmem  - Unique mapped and paired reads 507802 ...
[M::mem_process_seqs] Processed 1001 reads in 0.737 CPU sec, 0.094 real sec
[M::mem_process_seqs] Processed 1001 reads in 0.697 CPU sec, 0.090 real sec
[M::mem_process_seqs] Processed 1001 reads in 0.796 CPU sec, 0.100 real sec
[M::mem_process_seqs] Processed 1001 reads in 0.764 CPU sec, 0.107 real sec
150860 [main] INFO main.java.edu.mit.compbio.bisulfitehic.mapping.Bhmem  - Processing reads 515000 ...
150860 [main] INFO main.java.edu.mit.compbio.bisulfitehic.mapping.Bhmem  - Unique mapped and paired reads 509790 ...
150863 [main] INFO main.java.edu.mit.compbio.bisulfitehic.mapping.Bhmem  - Processing reads 516000 ...
150863 [main] INFO main.java.edu.mit.compbio.bisulfitehic.mapping.Bhmem  - Unique mapped and paired reads 509790 ...
[M::mem_process_seqs] Processed 1001 reads in 0.727 CPU sec, 0.092 real sec
[M::mem_process_seqs] Processed 1001 reads in 0.619 CPU sec, 0.079 real sec
[M::mem_process_seqs] Processed 1001 reads in 0.765 CPU sec, 0.098 real sec
[M::mem_process_seqs] Processed 1001 reads in 0.712 CPU sec, 0.090 real sec
151361 [main] INFO main.java.edu.mit.compbio.bisulfitehic.mapping.Bhmem  - Processing reads 517000 ...
151361 [main] INFO main.java.edu.mit.compbio.bisulfitehic.mapping.Bhmem  - Unique mapped and paired reads 511774 ...
151364 [main] INFO main.java.edu.mit.compbio.bisulfitehic.mapping.Bhmem  - Processing reads 518000 ...
151364 [main] INFO main.java.edu.mit.compbio.bisulfitehic.mapping.Bhmem  - Unique mapped and paired reads 511774 ...
[M::mem_process_seqs] Processed 1001 reads in 0.737 CPU sec, 0.093 real sec
[M::mem_process_seqs] Processed 1001 reads in 0.644 CPU sec, 0.082 real sec
[M::mem_process_seqs] Processed 1001 reads in 0.727 CPU sec, 0.097 real sec
[M::mem_process_seqs] Processed 1001 reads in 0.732 CPU sec, 0.093 real sec
151862 [main] INFO main.java.edu.mit.compbio.bisulfitehic.mapping.Bhmem  - Processing reads 519000 ...
151862 [main] INFO main.java.edu.mit.compbio.bisulfitehic.mapping.Bhmem  - Unique mapped and paired reads 513760 ...
151865 [main] INFO main.java.edu.mit.compbio.bisulfitehic.mapping.Bhmem  - Processing reads 520000 ...
151865 [main] INFO main.java.edu.mit.compbio.bisulfitehic.mapping.Bhmem  - Unique mapped and paired reads 513760 ...
[M::mem_process_seqs] Processed 1001 reads in 0.739 CPU sec, 0.095 real sec
[M::mem_process_seqs] Processed 1001 reads in 0.648 CPU sec, 0.082 real sec
[M::mem_process_seqs] Processed 1001 reads in 0.757 CPU sec, 0.096 real sec
[M::mem_process_seqs] Processed 1001 reads in 0.748 CPU sec, 0.099 real sec
152375 [main] INFO main.java.edu.mit.compbio.bisulfitehic.mapping.Bhmem  - Processing reads 521000 ...
152375 [main] INFO main.java.edu.mit.compbio.bisulfitehic.mapping.Bhmem  - Unique mapped and paired reads 515742 ...
152378 [main] INFO main.java.edu.mit.compbio.bisulfitehic.mapping.Bhmem  - Processing reads 522000 ...
152378 [main] INFO main.java.edu.mit.compbio.bisulfitehic.mapping.Bhmem  - Unique mapped and paired reads 515742 ...
[M::mem_process_seqs] Processed 1001 reads in 0.715 CPU sec, 0.094 real sec
[M::mem_process_seqs] Processed 1001 reads in 0.646 CPU sec, 0.085 real sec
[M::mem_process_seqs] Processed 1001 reads in 0.737 CPU sec, 0.098 real sec
[M::mem_process_seqs] Processed 1001 reads in 0.742 CPU sec, 0.094 real sec
152883 [main] INFO main.java.edu.mit.compbio.bisulfitehic.mapping.Bhmem  - Processing reads 523000 ...
152883 [main] INFO main.java.edu.mit.compbio.bisulfitehic.mapping.Bhmem  - Unique mapped and paired reads 517728 ...
152886 [main] INFO main.java.edu.mit.compbio.bisulfitehic.mapping.Bhmem  - Processing reads 524000 ...
152886 [main] INFO main.java.edu.mit.compbio.bisulfitehic.mapping.Bhmem  - Unique mapped and paired reads 517728 ...
[M::mem_process_seqs] Processed 1001 reads in 0.663 CPU sec, 0.086 real sec
[M::mem_process_seqs] Processed 1001 reads in 0.588 CPU sec, 0.075 real sec
[M::mem_process_seqs] Processed 1001 reads in 0.701 CPU sec, 0.089 real sec
[M::mem_process_seqs] Processed 1001 reads in 0.663 CPU sec, 0.086 real sec
153348 [main] INFO main.java.edu.mit.compbio.bisulfitehic.mapping.Bhmem  - Processing reads 525000 ...
153348 [main] INFO main.java.edu.mit.compbio.bisulfitehic.mapping.Bhmem  - Unique mapped and paired reads 519714 ...
153351 [main] INFO main.java.edu.mit.compbio.bisulfitehic.mapping.Bhmem  - Processing reads 526000 ...
153351 [main] INFO main.java.edu.mit.compbio.bisulfitehic.mapping.Bhmem  - Unique mapped and paired reads 519714 ...
[M::mem_process_seqs] Processed 1001 reads in 0.738 CPU sec, 0.093 real sec
[M::mem_process_seqs] Processed 1001 reads in 0.652 CPU sec, 0.083 real sec
[M::mem_process_seqs] Processed 1001 reads in 0.769 CPU sec, 0.098 real sec
[M::mem_process_seqs] Processed 1001 reads in 0.770 CPU sec, 0.103 real sec
153865 [main] INFO main.java.edu.mit.compbio.bisulfitehic.mapping.Bhmem  - Processing reads 527000 ...
153866 [main] INFO main.java.edu.mit.compbio.bisulfitehic.mapping.Bhmem  - Unique mapped and paired reads 521706 ...
153868 [main] INFO main.java.edu.mit.compbio.bisulfitehic.mapping.Bhmem  - Processing reads 528000 ...
153868 [main] INFO main.java.edu.mit.compbio.bisulfitehic.mapping.Bhmem  - Unique mapped and paired reads 521706 ...
[M::mem_process_seqs] Processed 1001 reads in 0.718 CPU sec, 0.091 real sec
[M::mem_process_seqs] Processed 1001 reads in 0.647 CPU sec, 0.089 real sec
[M::mem_process_seqs] Processed 1001 reads in 0.767 CPU sec, 0.101 real sec
[M::mem_process_seqs] Processed 1001 reads in 0.720 CPU sec, 0.101 real sec
154387 [main] INFO main.java.edu.mit.compbio.bisulfitehic.mapping.Bhmem  - Processing reads 529000 ...
154387 [main] INFO main.java.edu.mit.compbio.bisulfitehic.mapping.Bhmem  - Unique mapped and paired reads 523686 ...
154390 [main] INFO main.java.edu.mit.compbio.bisulfitehic.mapping.Bhmem  - Processing reads 530000 ...
154390 [main] INFO main.java.edu.mit.compbio.bisulfitehic.mapping.Bhmem  - Unique mapped and paired reads 523686 ...
[M::mem_process_seqs] Processed 1001 reads in 0.704 CPU sec, 0.089 real sec
[M::mem_process_seqs] Processed 1001 reads in 0.613 CPU sec, 0.078 real sec
[M::mem_process_seqs] Processed 1001 reads in 0.715 CPU sec, 0.090 real sec
[M::mem_process_seqs] Processed 1001 reads in 0.699 CPU sec, 0.089 real sec
154875 [main] INFO main.java.edu.mit.compbio.bisulfitehic.mapping.Bhmem  - Processing reads 531000 ...
154875 [main] INFO main.java.edu.mit.compbio.bisulfitehic.mapping.Bhmem  - Unique mapped and paired reads 525674 ...
154878 [main] INFO main.java.edu.mit.compbio.bisulfitehic.mapping.Bhmem  - Processing reads 532000 ...
154878 [main] INFO main.java.edu.mit.compbio.bisulfitehic.mapping.Bhmem  - Unique mapped and paired reads 525674 ...
[M::mem_process_seqs] Processed 1001 reads in 0.766 CPU sec, 0.100 real sec
[M::mem_process_seqs] Processed 1001 reads in 0.676 CPU sec, 0.088 real sec
[M::mem_process_seqs] Processed 1001 reads in 0.770 CPU sec, 0.098 real sec
[M::mem_process_seqs] Processed 1001 reads in 0.754 CPU sec, 0.095 real sec
155393 [main] INFO main.java.edu.mit.compbio.bisulfitehic.mapping.Bhmem  - Processing reads 533000 ...
155393 [main] INFO main.java.edu.mit.compbio.bisulfitehic.mapping.Bhmem  - Unique mapped and paired reads 527660 ...
155396 [main] INFO main.java.edu.mit.compbio.bisulfitehic.mapping.Bhmem  - Processing reads 534000 ...
155396 [main] INFO main.java.edu.mit.compbio.bisulfitehic.mapping.Bhmem  - Unique mapped and paired reads 527660 ...
[M::mem_process_seqs] Processed 1001 reads in 0.738 CPU sec, 0.093 real sec
[M::mem_process_seqs] Processed 1001 reads in 0.647 CPU sec, 0.088 real sec
[M::mem_process_seqs] Processed 1001 reads in 0.790 CPU sec, 0.107 real sec
[M::mem_process_seqs] Processed 1001 reads in 0.739 CPU sec, 0.093 real sec
155911 [main] INFO main.java.edu.mit.compbio.bisulfitehic.mapping.Bhmem  - Processing reads 535000 ...
155911 [main] INFO main.java.edu.mit.compbio.bisulfitehic.mapping.Bhmem  - Unique mapped and paired reads 529648 ...
155914 [main] INFO main.java.edu.mit.compbio.bisulfitehic.mapping.Bhmem  - Processing reads 536000 ...
155914 [main] INFO main.java.edu.mit.compbio.bisulfitehic.mapping.Bhmem  - Unique mapped and paired reads 529648 ...
[M::mem_process_seqs] Processed 1001 reads in 0.749 CPU sec, 0.095 real sec
[M::mem_process_seqs] Processed 1001 reads in 0.609 CPU sec, 0.077 real sec
[M::mem_process_seqs] Processed 1001 reads in 0.722 CPU sec, 0.098 real sec
[M::mem_process_seqs] Processed 1001 reads in 0.697 CPU sec, 0.089 real sec
156407 [main] INFO main.java.edu.mit.compbio.bisulfitehic.mapping.Bhmem  - Processing reads 537000 ...
156407 [main] INFO main.java.edu.mit.compbio.bisulfitehic.mapping.Bhmem  - Unique mapped and paired reads 531632 ...
156410 [main] INFO main.java.edu.mit.compbio.bisulfitehic.mapping.Bhmem  - Processing reads 538000 ...
156410 [main] INFO main.java.edu.mit.compbio.bisulfitehic.mapping.Bhmem  - Unique mapped and paired reads 531632 ...
[M::mem_process_seqs] Processed 1001 reads in 0.708 CPU sec, 0.090 real sec
[M::mem_process_seqs] Processed 1001 reads in 0.631 CPU sec, 0.080 real sec
[M::mem_process_seqs] Processed 1001 reads in 0.676 CPU sec, 0.088 real sec
[M::mem_process_seqs] Processed 1001 reads in 0.669 CPU sec, 0.085 real sec
156880 [main] INFO main.java.edu.mit.compbio.bisulfitehic.mapping.Bhmem  - Processing reads 539000 ...
156880 [main] INFO main.java.edu.mit.compbio.bisulfitehic.mapping.Bhmem  - Unique mapped and paired reads 533606 ...
156883 [main] INFO main.java.edu.mit.compbio.bisulfitehic.mapping.Bhmem  - Processing reads 540000 ...
156883 [main] INFO main.java.edu.mit.compbio.bisulfitehic.mapping.Bhmem  - Unique mapped and paired reads 533606 ...
[M::mem_process_seqs] Processed 1001 reads in 0.745 CPU sec, 0.095 real sec
[M::mem_process_seqs] Processed 1001 reads in 0.665 CPU sec, 0.096 real sec
[M::mem_process_seqs] Processed 1001 reads in 0.818 CPU sec, 0.105 real sec
[M::mem_process_seqs] Processed 1001 reads in 0.713 CPU sec, 0.092 real sec
157407 [main] INFO main.java.edu.mit.compbio.bisulfitehic.mapping.Bhmem  - Processing reads 541000 ...
157407 [main] INFO main.java.edu.mit.compbio.bisulfitehic.mapping.Bhmem  - Unique mapped and paired reads 535592 ...
157410 [main] INFO main.java.edu.mit.compbio.bisulfitehic.mapping.Bhmem  - Processing reads 542000 ...
157410 [main] INFO main.java.edu.mit.compbio.bisulfitehic.mapping.Bhmem  - Unique mapped and paired reads 535592 ...
[M::mem_process_seqs] Processed 1001 reads in 0.716 CPU sec, 0.092 real sec
[M::mem_process_seqs] Processed 1001 reads in 0.653 CPU sec, 0.082 real sec
[M::mem_process_seqs] Processed 1001 reads in 0.722 CPU sec, 0.093 real sec
[M::mem_process_seqs] Processed 1001 reads in 0.716 CPU sec, 0.097 real sec
157909 [main] INFO main.java.edu.mit.compbio.bisulfitehic.mapping.Bhmem  - Processing reads 543000 ...
157909 [main] INFO main.java.edu.mit.compbio.bisulfitehic.mapping.Bhmem  - Unique mapped and paired reads 537568 ...
157912 [main] INFO main.java.edu.mit.compbio.bisulfitehic.mapping.Bhmem  - Processing reads 544000 ...
157912 [main] INFO main.java.edu.mit.compbio.bisulfitehic.mapping.Bhmem  - Unique mapped and paired reads 537568 ...
[M::mem_process_seqs] Processed 1001 reads in 0.829 CPU sec, 0.105 real sec
[M::mem_process_seqs] Processed 1001 reads in 0.653 CPU sec, 0.083 real sec
[M::mem_process_seqs] Processed 1001 reads in 0.757 CPU sec, 0.096 real sec
[M::mem_process_seqs] Processed 1001 reads in 0.710 CPU sec, 0.090 real sec
158419 [main] INFO main.java.edu.mit.compbio.bisulfitehic.mapping.Bhmem  - Processing reads 545000 ...
158419 [main] INFO main.java.edu.mit.compbio.bisulfitehic.mapping.Bhmem  - Unique mapped and paired reads 539562 ...
158422 [main] INFO main.java.edu.mit.compbio.bisulfitehic.mapping.Bhmem  - Processing reads 546000 ...
158422 [main] INFO main.java.edu.mit.compbio.bisulfitehic.mapping.Bhmem  - Unique mapped and paired reads 539562 ...
[M::mem_process_seqs] Processed 1001 reads in 0.780 CPU sec, 0.099 real sec
[M::mem_process_seqs] Processed 1001 reads in 0.655 CPU sec, 0.083 real sec
[M::mem_process_seqs] Processed 1001 reads in 0.761 CPU sec, 0.104 real sec
[M::mem_process_seqs] Processed 1001 reads in 0.773 CPU sec, 0.105 real sec
158955 [main] INFO main.java.edu.mit.compbio.bisulfitehic.mapping.Bhmem  - Processing reads 547000 ...
158955 [main] INFO main.java.edu.mit.compbio.bisulfitehic.mapping.Bhmem  - Unique mapped and paired reads 541550 ...
158958 [main] INFO main.java.edu.mit.compbio.bisulfitehic.mapping.Bhmem  - Processing reads 548000 ...
158958 [main] INFO main.java.edu.mit.compbio.bisulfitehic.mapping.Bhmem  - Unique mapped and paired reads 541550 ...
[M::mem_process_seqs] Processed 1001 reads in 0.780 CPU sec, 0.102 real sec
[M::mem_process_seqs] Processed 1001 reads in 0.774 CPU sec, 0.100 real sec
[M::mem_process_seqs] Processed 1001 reads in 0.804 CPU sec, 0.103 real sec
[M::mem_process_seqs] Processed 1001 reads in 0.823 CPU sec, 0.104 real sec
159505 [main] INFO main.java.edu.mit.compbio.bisulfitehic.mapping.Bhmem  - Processing reads 549000 ...
159505 [main] INFO main.java.edu.mit.compbio.bisulfitehic.mapping.Bhmem  - Unique mapped and paired reads 543538 ...
159508 [main] INFO main.java.edu.mit.compbio.bisulfitehic.mapping.Bhmem  - Processing reads 550000 ...
159508 [main] INFO main.java.edu.mit.compbio.bisulfitehic.mapping.Bhmem  - Unique mapped and paired reads 543538 ...
[M::mem_process_seqs] Processed 1001 reads in 0.791 CPU sec, 0.101 real sec
[M::mem_process_seqs] Processed 1001 reads in 0.693 CPU sec, 0.088 real sec
[M::mem_process_seqs] Processed 1001 reads in 0.758 CPU sec, 0.097 real sec
[M::mem_process_seqs] Processed 1001 reads in 0.736 CPU sec, 0.097 real sec
160027 [main] INFO main.java.edu.mit.compbio.bisulfitehic.mapping.Bhmem  - Processing reads 551000 ...
160027 [main] INFO main.java.edu.mit.compbio.bisulfitehic.mapping.Bhmem  - Unique mapped and paired reads 545524 ...
160030 [main] INFO main.java.edu.mit.compbio.bisulfitehic.mapping.Bhmem  - Processing reads 552000 ...
160030 [main] INFO main.java.edu.mit.compbio.bisulfitehic.mapping.Bhmem  - Unique mapped and paired reads 545524 ...
[M::mem_process_seqs] Processed 1001 reads in 0.810 CPU sec, 0.103 real sec
[M::mem_process_seqs] Processed 1001 reads in 0.692 CPU sec, 0.088 real sec
[M::mem_process_seqs] Processed 1001 reads in 0.802 CPU sec, 0.103 real sec
[M::mem_process_seqs] Processed 1001 reads in 0.814 CPU sec, 0.104 real sec
160569 [main] INFO main.java.edu.mit.compbio.bisulfitehic.mapping.Bhmem  - Processing reads 553000 ...
160569 [main] INFO main.java.edu.mit.compbio.bisulfitehic.mapping.Bhmem  - Unique mapped and paired reads 547512 ...
160572 [main] INFO main.java.edu.mit.compbio.bisulfitehic.mapping.Bhmem  - Processing reads 554000 ...
160572 [main] INFO main.java.edu.mit.compbio.bisulfitehic.mapping.Bhmem  - Unique mapped and paired reads 547512 ...
[M::mem_process_seqs] Processed 1001 reads in 0.728 CPU sec, 0.093 real sec
[M::mem_process_seqs] Processed 1001 reads in 0.644 CPU sec, 0.081 real sec
[M::mem_process_seqs] Processed 1001 reads in 0.744 CPU sec, 0.095 real sec
[M::mem_process_seqs] Processed 1001 reads in 0.699 CPU sec, 0.088 real sec
161060 [main] INFO main.java.edu.mit.compbio.bisulfitehic.mapping.Bhmem  - Processing reads 555000 ...
161060 [main] INFO main.java.edu.mit.compbio.bisulfitehic.mapping.Bhmem  - Unique mapped and paired reads 549490 ...
161063 [main] INFO main.java.edu.mit.compbio.bisulfitehic.mapping.Bhmem  - Processing reads 556000 ...
161063 [main] INFO main.java.edu.mit.compbio.bisulfitehic.mapping.Bhmem  - Unique mapped and paired reads 549490 ...
[M::mem_process_seqs] Processed 1001 reads in 0.691 CPU sec, 0.087 real sec
[M::mem_process_seqs] Processed 1001 reads in 0.665 CPU sec, 0.085 real sec
[M::mem_process_seqs] Processed 1001 reads in 0.798 CPU sec, 0.102 real sec
[M::mem_process_seqs] Processed 1001 reads in 0.761 CPU sec, 0.097 real sec
161565 [main] INFO main.java.edu.mit.compbio.bisulfitehic.mapping.Bhmem  - Processing reads 557000 ...
161565 [main] INFO main.java.edu.mit.compbio.bisulfitehic.mapping.Bhmem  - Unique mapped and paired reads 551482 ...
161568 [main] INFO main.java.edu.mit.compbio.bisulfitehic.mapping.Bhmem  - Processing reads 558000 ...
161568 [main] INFO main.java.edu.mit.compbio.bisulfitehic.mapping.Bhmem  - Unique mapped and paired reads 551482 ...
[M::mem_process_seqs] Processed 1001 reads in 0.766 CPU sec, 0.097 real sec
[M::mem_process_seqs] Processed 1001 reads in 0.614 CPU sec, 0.078 real sec
[M::mem_process_seqs] Processed 1001 reads in 0.828 CPU sec, 0.110 real sec
[M::mem_process_seqs] Processed 1001 reads in 0.739 CPU sec, 0.093 real sec
162079 [main] INFO main.java.edu.mit.compbio.bisulfitehic.mapping.Bhmem  - Processing reads 559000 ...
162079 [main] INFO main.java.edu.mit.compbio.bisulfitehic.mapping.Bhmem  - Unique mapped and paired reads 553472 ...
162082 [main] INFO main.java.edu.mit.compbio.bisulfitehic.mapping.Bhmem  - Processing reads 560000 ...
162082 [main] INFO main.java.edu.mit.compbio.bisulfitehic.mapping.Bhmem  - Unique mapped and paired reads 553472 ...
[M::mem_process_seqs] Processed 1001 reads in 0.745 CPU sec, 0.095 real sec
[M::mem_process_seqs] Processed 1001 reads in 0.690 CPU sec, 0.088 real sec
[M::mem_process_seqs] Processed 1001 reads in 0.742 CPU sec, 0.094 real sec
[M::mem_process_seqs] Processed 1001 reads in 0.729 CPU sec, 0.092 real sec
162584 [main] INFO main.java.edu.mit.compbio.bisulfitehic.mapping.Bhmem  - Processing reads 561000 ...
162584 [main] INFO main.java.edu.mit.compbio.bisulfitehic.mapping.Bhmem  - Unique mapped and paired reads 555462 ...
162587 [main] INFO main.java.edu.mit.compbio.bisulfitehic.mapping.Bhmem  - Processing reads 562000 ...
162587 [main] INFO main.java.edu.mit.compbio.bisulfitehic.mapping.Bhmem  - Unique mapped and paired reads 555462 ...
[M::mem_process_seqs] Processed 1001 reads in 0.731 CPU sec, 0.092 real sec
[M::mem_process_seqs] Processed 1001 reads in 0.653 CPU sec, 0.083 real sec
[M::mem_process_seqs] Processed 1001 reads in 0.722 CPU sec, 0.091 real sec
[M::mem_process_seqs] Processed 1001 reads in 0.730 CPU sec, 0.093 real sec
163085 [main] INFO main.java.edu.mit.compbio.bisulfitehic.mapping.Bhmem  - Processing reads 563000 ...
163085 [main] INFO main.java.edu.mit.compbio.bisulfitehic.mapping.Bhmem  - Unique mapped and paired reads 557460 ...
163088 [main] INFO main.java.edu.mit.compbio.bisulfitehic.mapping.Bhmem  - Processing reads 564000 ...
163088 [main] INFO main.java.edu.mit.compbio.bisulfitehic.mapping.Bhmem  - Unique mapped and paired reads 557460 ...
[M::mem_process_seqs] Processed 1001 reads in 0.735 CPU sec, 0.093 real sec
[M::mem_process_seqs] Processed 1001 reads in 0.695 CPU sec, 0.090 real sec
[M::mem_process_seqs] Processed 1001 reads in 0.749 CPU sec, 0.097 real sec
[M::mem_process_seqs] Processed 1001 reads in 0.768 CPU sec, 0.101 real sec
163603 [main] INFO main.java.edu.mit.compbio.bisulfitehic.mapping.Bhmem  - Processing reads 565000 ...
163603 [main] INFO main.java.edu.mit.compbio.bisulfitehic.mapping.Bhmem  - Unique mapped and paired reads 559456 ...
163606 [main] INFO main.java.edu.mit.compbio.bisulfitehic.mapping.Bhmem  - Processing reads 566000 ...
163606 [main] INFO main.java.edu.mit.compbio.bisulfitehic.mapping.Bhmem  - Unique mapped and paired reads 559456 ...
[M::mem_process_seqs] Processed 1001 reads in 0.693 CPU sec, 0.088 real sec
[M::mem_process_seqs] Processed 1001 reads in 0.633 CPU sec, 0.082 real sec
[M::mem_process_seqs] Processed 1001 reads in 0.770 CPU sec, 0.108 real sec
[M::mem_process_seqs] Processed 1001 reads in 0.767 CPU sec, 0.100 real sec
164121 [main] INFO main.java.edu.mit.compbio.bisulfitehic.mapping.Bhmem  - Processing reads 567000 ...
164121 [main] INFO main.java.edu.mit.compbio.bisulfitehic.mapping.Bhmem  - Unique mapped and paired reads 561444 ...
164124 [main] INFO main.java.edu.mit.compbio.bisulfitehic.mapping.Bhmem  - Processing reads 568000 ...
164124 [main] INFO main.java.edu.mit.compbio.bisulfitehic.mapping.Bhmem  - Unique mapped and paired reads 561444 ...
[M::mem_process_seqs] Processed 1001 reads in 1.035 CPU sec, 0.131 real sec
[M::mem_process_seqs] Processed 1001 reads in 0.960 CPU sec, 0.121 real sec
[M::mem_process_seqs] Processed 1001 reads in 0.746 CPU sec, 0.102 real sec
[M::mem_process_seqs] Processed 1001 reads in 0.697 CPU sec, 0.089 real sec
164722 [main] INFO main.java.edu.mit.compbio.bisulfitehic.mapping.Bhmem  - Processing reads 569000 ...
164722 [main] INFO main.java.edu.mit.compbio.bisulfitehic.mapping.Bhmem  - Unique mapped and paired reads 563428 ...
164725 [main] INFO main.java.edu.mit.compbio.bisulfitehic.mapping.Bhmem  - Processing reads 570000 ...
164725 [main] INFO main.java.edu.mit.compbio.bisulfitehic.mapping.Bhmem  - Unique mapped and paired reads 563428 ...
[M::mem_process_seqs] Processed 1001 reads in 1.194 CPU sec, 0.151 real sec
[M::mem_process_seqs] Processed 1001 reads in 1.091 CPU sec, 0.138 real sec
[M::mem_process_seqs] Processed 1001 reads in 0.658 CPU sec, 0.090 real sec
[M::mem_process_seqs] Processed 1001 reads in 0.603 CPU sec, 0.076 real sec
165349 [main] INFO main.java.edu.mit.compbio.bisulfitehic.mapping.Bhmem  - Processing reads 571000 ...
165349 [main] INFO main.java.edu.mit.compbio.bisulfitehic.mapping.Bhmem  - Unique mapped and paired reads 565396 ...
165352 [main] INFO main.java.edu.mit.compbio.bisulfitehic.mapping.Bhmem  - Processing reads 572000 ...
165352 [main] INFO main.java.edu.mit.compbio.bisulfitehic.mapping.Bhmem  - Unique mapped and paired reads 565396 ...
[M::mem_process_seqs] Processed 1001 reads in 1.196 CPU sec, 0.152 real sec
[M::mem_process_seqs] Processed 1001 reads in 1.116 CPU sec, 0.141 real sec
[M::mem_process_seqs] Processed 1001 reads in 0.662 CPU sec, 0.084 real sec
[M::mem_process_seqs] Processed 1001 reads in 0.605 CPU sec, 0.080 real sec
165975 [main] INFO main.java.edu.mit.compbio.bisulfitehic.mapping.Bhmem  - Processing reads 573000 ...
165975 [main] INFO main.java.edu.mit.compbio.bisulfitehic.mapping.Bhmem  - Unique mapped and paired reads 567362 ...
165978 [main] INFO main.java.edu.mit.compbio.bisulfitehic.mapping.Bhmem  - Processing reads 574000 ...
165978 [main] INFO main.java.edu.mit.compbio.bisulfitehic.mapping.Bhmem  - Unique mapped and paired reads 567362 ...
[M::mem_process_seqs] Processed 1001 reads in 0.812 CPU sec, 0.103 real sec
[M::mem_process_seqs] Processed 1001 reads in 0.748 CPU sec, 0.097 real sec
[M::mem_process_seqs] Processed 1001 reads in 0.737 CPU sec, 0.096 real sec
[M::mem_process_seqs] Processed 1001 reads in 0.762 CPU sec, 0.096 real sec
166511 [main] INFO main.java.edu.mit.compbio.bisulfitehic.mapping.Bhmem  - Processing reads 575000 ...
166511 [main] INFO main.java.edu.mit.compbio.bisulfitehic.mapping.Bhmem  - Unique mapped and paired reads 569348 ...
166514 [main] INFO main.java.edu.mit.compbio.bisulfitehic.mapping.Bhmem  - Processing reads 576000 ...
166514 [main] INFO main.java.edu.mit.compbio.bisulfitehic.mapping.Bhmem  - Unique mapped and paired reads 569348 ...
[M::mem_process_seqs] Processed 1001 reads in 0.740 CPU sec, 0.094 real sec
[M::mem_process_seqs] Processed 1001 reads in 0.679 CPU sec, 0.087 real sec
[M::mem_process_seqs] Processed 1001 reads in 0.754 CPU sec, 0.096 real sec
[M::mem_process_seqs] Processed 1001 reads in 0.730 CPU sec, 0.095 real sec
167027 [main] INFO main.java.edu.mit.compbio.bisulfitehic.mapping.Bhmem  - Processing reads 577000 ...
167027 [main] INFO main.java.edu.mit.compbio.bisulfitehic.mapping.Bhmem  - Unique mapped and paired reads 571332 ...
167030 [main] INFO main.java.edu.mit.compbio.bisulfitehic.mapping.Bhmem  - Processing reads 578000 ...
167030 [main] INFO main.java.edu.mit.compbio.bisulfitehic.mapping.Bhmem  - Unique mapped and paired reads 571332 ...
[M::mem_process_seqs] Processed 1001 reads in 0.773 CPU sec, 0.099 real sec
[M::mem_process_seqs] Processed 1001 reads in 0.635 CPU sec, 0.080 real sec
[M::mem_process_seqs] Processed 1001 reads in 0.739 CPU sec, 0.101 real sec
[M::mem_process_seqs] Processed 1001 reads in 0.738 CPU sec, 0.093 real sec
167540 [main] INFO main.java.edu.mit.compbio.bisulfitehic.mapping.Bhmem  - Processing reads 579000 ...
167540 [main] INFO main.java.edu.mit.compbio.bisulfitehic.mapping.Bhmem  - Unique mapped and paired reads 573324 ...
167543 [main] INFO main.java.edu.mit.compbio.bisulfitehic.mapping.Bhmem  - Processing reads 580000 ...
167543 [main] INFO main.java.edu.mit.compbio.bisulfitehic.mapping.Bhmem  - Unique mapped and paired reads 573324 ...
[M::mem_process_seqs] Processed 1001 reads in 0.711 CPU sec, 0.093 real sec
[M::mem_process_seqs] Processed 1001 reads in 0.621 CPU sec, 0.087 real sec
[M::mem_process_seqs] Processed 1001 reads in 0.765 CPU sec, 0.098 real sec
[M::mem_process_seqs] Processed 1001 reads in 0.740 CPU sec, 0.104 real sec
168063 [main] INFO main.java.edu.mit.compbio.bisulfitehic.mapping.Bhmem  - Processing reads 581000 ...
168063 [main] INFO main.java.edu.mit.compbio.bisulfitehic.mapping.Bhmem  - Unique mapped and paired reads 575298 ...
168066 [main] INFO main.java.edu.mit.compbio.bisulfitehic.mapping.Bhmem  - Processing reads 582000 ...
168066 [main] INFO main.java.edu.mit.compbio.bisulfitehic.mapping.Bhmem  - Unique mapped and paired reads 575298 ...
[M::mem_process_seqs] Processed 1001 reads in 0.772 CPU sec, 0.100 real sec
[M::mem_process_seqs] Processed 1001 reads in 0.635 CPU sec, 0.081 real sec
[M::mem_process_seqs] Processed 1001 reads in 0.745 CPU sec, 0.095 real sec
[M::mem_process_seqs] Processed 1001 reads in 0.691 CPU sec, 0.089 real sec
168565 [main] INFO main.java.edu.mit.compbio.bisulfitehic.mapping.Bhmem  - Processing reads 583000 ...
168565 [main] INFO main.java.edu.mit.compbio.bisulfitehic.mapping.Bhmem  - Unique mapped and paired reads 577280 ...
168568 [main] INFO main.java.edu.mit.compbio.bisulfitehic.mapping.Bhmem  - Processing reads 584000 ...
168568 [main] INFO main.java.edu.mit.compbio.bisulfitehic.mapping.Bhmem  - Unique mapped and paired reads 577280 ...
[M::mem_process_seqs] Processed 1001 reads in 0.784 CPU sec, 0.100 real sec
[M::mem_process_seqs] Processed 1001 reads in 0.680 CPU sec, 0.086 real sec
[M::mem_process_seqs] Processed 1001 reads in 0.797 CPU sec, 0.101 real sec
[M::mem_process_seqs] Processed 1001 reads in 0.751 CPU sec, 0.096 real sec
169088 [main] INFO main.java.edu.mit.compbio.bisulfitehic.mapping.Bhmem  - Processing reads 585000 ...
169088 [main] INFO main.java.edu.mit.compbio.bisulfitehic.mapping.Bhmem  - Unique mapped and paired reads 579258 ...
169091 [main] INFO main.java.edu.mit.compbio.bisulfitehic.mapping.Bhmem  - Processing reads 586000 ...
169091 [main] INFO main.java.edu.mit.compbio.bisulfitehic.mapping.Bhmem  - Unique mapped and paired reads 579258 ...
[M::mem_process_seqs] Processed 1001 reads in 0.728 CPU sec, 0.093 real sec
[M::mem_process_seqs] Processed 1001 reads in 0.642 CPU sec, 0.082 real sec
[M::mem_process_seqs] Processed 1001 reads in 0.762 CPU sec, 0.097 real sec
[M::mem_process_seqs] Processed 1001 reads in 0.741 CPU sec, 0.094 real sec
169598 [main] INFO main.java.edu.mit.compbio.bisulfitehic.mapping.Bhmem  - Processing reads 587000 ...
169598 [main] INFO main.java.edu.mit.compbio.bisulfitehic.mapping.Bhmem  - Unique mapped and paired reads 581244 ...
169601 [main] INFO main.java.edu.mit.compbio.bisulfitehic.mapping.Bhmem  - Processing reads 588000 ...
169601 [main] INFO main.java.edu.mit.compbio.bisulfitehic.mapping.Bhmem  - Unique mapped and paired reads 581244 ...
[M::mem_process_seqs] Processed 1001 reads in 0.726 CPU sec, 0.092 real sec
[M::mem_process_seqs] Processed 1001 reads in 0.640 CPU sec, 0.081 real sec
[M::mem_process_seqs] Processed 1001 reads in 0.747 CPU sec, 0.095 real sec
[M::mem_process_seqs] Processed 1001 reads in 0.676 CPU sec, 0.089 real sec
170096 [main] INFO main.java.edu.mit.compbio.bisulfitehic.mapping.Bhmem  - Processing reads 589000 ...
170096 [main] INFO main.java.edu.mit.compbio.bisulfitehic.mapping.Bhmem  - Unique mapped and paired reads 583214 ...
170099 [main] INFO main.java.edu.mit.compbio.bisulfitehic.mapping.Bhmem  - Processing reads 590000 ...
170099 [main] INFO main.java.edu.mit.compbio.bisulfitehic.mapping.Bhmem  - Unique mapped and paired reads 583214 ...
[M::mem_process_seqs] Processed 1001 reads in 0.739 CPU sec, 0.111 real sec
[M::mem_process_seqs] Processed 1001 reads in 0.703 CPU sec, 0.090 real sec
[M::mem_process_seqs] Processed 1001 reads in 0.780 CPU sec, 0.099 real sec
[M::mem_process_seqs] Processed 1001 reads in 0.746 CPU sec, 0.100 real sec
170637 [main] INFO main.java.edu.mit.compbio.bisulfitehic.mapping.Bhmem  - Processing reads 591000 ...
170637 [main] INFO main.java.edu.mit.compbio.bisulfitehic.mapping.Bhmem  - Unique mapped and paired reads 585200 ...
170640 [main] INFO main.java.edu.mit.compbio.bisulfitehic.mapping.Bhmem  - Processing reads 592000 ...
170640 [main] INFO main.java.edu.mit.compbio.bisulfitehic.mapping.Bhmem  - Unique mapped and paired reads 585200 ...
[M::mem_process_seqs] Processed 1001 reads in 0.747 CPU sec, 0.105 real sec
[M::mem_process_seqs] Processed 1001 reads in 0.677 CPU sec, 0.085 real sec
[M::mem_process_seqs] Processed 1001 reads in 0.725 CPU sec, 0.093 real sec
[M::mem_process_seqs] Processed 1001 reads in 0.747 CPU sec, 0.096 real sec
171155 [main] INFO main.java.edu.mit.compbio.bisulfitehic.mapping.Bhmem  - Processing reads 593000 ...
171155 [main] INFO main.java.edu.mit.compbio.bisulfitehic.mapping.Bhmem  - Unique mapped and paired reads 587190 ...
171158 [main] INFO main.java.edu.mit.compbio.bisulfitehic.mapping.Bhmem  - Processing reads 594000 ...
171158 [main] INFO main.java.edu.mit.compbio.bisulfitehic.mapping.Bhmem  - Unique mapped and paired reads 587190 ...
[M::mem_process_seqs] Processed 1001 reads in 0.729 CPU sec, 0.092 real sec
[M::mem_process_seqs] Processed 1001 reads in 0.606 CPU sec, 0.077 real sec
[M::mem_process_seqs] Processed 1001 reads in 0.757 CPU sec, 0.096 real sec
[M::mem_process_seqs] Processed 1001 reads in 0.659 CPU sec, 0.084 real sec
171642 [main] INFO main.java.edu.mit.compbio.bisulfitehic.mapping.Bhmem  - Processing reads 595000 ...
171642 [main] INFO main.java.edu.mit.compbio.bisulfitehic.mapping.Bhmem  - Unique mapped and paired reads 589182 ...
171645 [main] INFO main.java.edu.mit.compbio.bisulfitehic.mapping.Bhmem  - Processing reads 596000 ...
171645 [main] INFO main.java.edu.mit.compbio.bisulfitehic.mapping.Bhmem  - Unique mapped and paired reads 589182 ...
[M::mem_process_seqs] Processed 1001 reads in 0.698 CPU sec, 0.089 real sec
[M::mem_process_seqs] Processed 1001 reads in 0.686 CPU sec, 0.089 real sec
[M::mem_process_seqs] Processed 1001 reads in 0.736 CPU sec, 0.104 real sec
[M::mem_process_seqs] Processed 1001 reads in 0.813 CPU sec, 0.106 real sec
172173 [main] INFO main.java.edu.mit.compbio.bisulfitehic.mapping.Bhmem  - Processing reads 597000 ...
172173 [main] INFO main.java.edu.mit.compbio.bisulfitehic.mapping.Bhmem  - Unique mapped and paired reads 591160 ...
172176 [main] INFO main.java.edu.mit.compbio.bisulfitehic.mapping.Bhmem  - Processing reads 598000 ...
172177 [main] INFO main.java.edu.mit.compbio.bisulfitehic.mapping.Bhmem  - Unique mapped and paired reads 591160 ...
[M::mem_process_seqs] Processed 1001 reads in 0.760 CPU sec, 0.096 real sec
[M::mem_process_seqs] Processed 1001 reads in 0.662 CPU sec, 0.084 real sec
[M::mem_process_seqs] Processed 1001 reads in 0.822 CPU sec, 0.112 real sec
[M::mem_process_seqs] Processed 1001 reads in 0.771 CPU sec, 0.100 real sec
172708 [main] INFO main.java.edu.mit.compbio.bisulfitehic.mapping.Bhmem  - Processing reads 599000 ...
172708 [main] INFO main.java.edu.mit.compbio.bisulfitehic.mapping.Bhmem  - Unique mapped and paired reads 593148 ...
172711 [main] INFO main.java.edu.mit.compbio.bisulfitehic.mapping.Bhmem  - Processing reads 600000 ...
172711 [main] INFO main.java.edu.mit.compbio.bisulfitehic.mapping.Bhmem  - Unique mapped and paired reads 593148 ...
[M::mem_process_seqs] Processed 1001 reads in 0.694 CPU sec, 0.092 real sec
[M::mem_process_seqs] Processed 1001 reads in 0.617 CPU sec, 0.083 real sec
[M::mem_process_seqs] Processed 1001 reads in 0.677 CPU sec, 0.086 real sec
[M::mem_process_seqs] Processed 1001 reads in 0.714 CPU sec, 0.092 real sec
173196 [main] INFO main.java.edu.mit.compbio.bisulfitehic.mapping.Bhmem  - Processing reads 601000 ...
173196 [main] INFO main.java.edu.mit.compbio.bisulfitehic.mapping.Bhmem  - Unique mapped and paired reads 595136 ...
173199 [main] INFO main.java.edu.mit.compbio.bisulfitehic.mapping.Bhmem  - Processing reads 602000 ...
173199 [main] INFO main.java.edu.mit.compbio.bisulfitehic.mapping.Bhmem  - Unique mapped and paired reads 595136 ...
[M::mem_process_seqs] Processed 1001 reads in 0.726 CPU sec, 0.092 real sec
[M::mem_process_seqs] Processed 1001 reads in 0.625 CPU sec, 0.079 real sec
[M::mem_process_seqs] Processed 1001 reads in 0.740 CPU sec, 0.099 real sec
[M::mem_process_seqs] Processed 1001 reads in 0.729 CPU sec, 0.092 real sec
173695 [main] INFO main.java.edu.mit.compbio.bisulfitehic.mapping.Bhmem  - Processing reads 603000 ...
173695 [main] INFO main.java.edu.mit.compbio.bisulfitehic.mapping.Bhmem  - Unique mapped and paired reads 597126 ...
173698 [main] INFO main.java.edu.mit.compbio.bisulfitehic.mapping.Bhmem  - Processing reads 604000 ...
173698 [main] INFO main.java.edu.mit.compbio.bisulfitehic.mapping.Bhmem  - Unique mapped and paired reads 597126 ...
[M::mem_process_seqs] Processed 1001 reads in 0.782 CPU sec, 0.098 real sec
[M::mem_process_seqs] Processed 1001 reads in 0.664 CPU sec, 0.084 real sec
[M::mem_process_seqs] Processed 1001 reads in 0.793 CPU sec, 0.110 real sec
[M::mem_process_seqs] Processed 1001 reads in 0.800 CPU sec, 0.105 real sec
174237 [main] INFO main.java.edu.mit.compbio.bisulfitehic.mapping.Bhmem  - Processing reads 605000 ...
174237 [main] INFO main.java.edu.mit.compbio.bisulfitehic.mapping.Bhmem  - Unique mapped and paired reads 599120 ...
174239 [main] INFO main.java.edu.mit.compbio.bisulfitehic.mapping.Bhmem  - Processing reads 606000 ...
174240 [main] INFO main.java.edu.mit.compbio.bisulfitehic.mapping.Bhmem  - Unique mapped and paired reads 599120 ...
[M::mem_process_seqs] Processed 1001 reads in 0.708 CPU sec, 0.089 real sec
[M::mem_process_seqs] Processed 1001 reads in 0.609 CPU sec, 0.078 real sec
[M::mem_process_seqs] Processed 1001 reads in 0.732 CPU sec, 0.096 real sec
[M::mem_process_seqs] Processed 1001 reads in 0.730 CPU sec, 0.093 real sec
174734 [main] INFO main.java.edu.mit.compbio.bisulfitehic.mapping.Bhmem  - Processing reads 607000 ...
174734 [main] INFO main.java.edu.mit.compbio.bisulfitehic.mapping.Bhmem  - Unique mapped and paired reads 601114 ...
174737 [main] INFO main.java.edu.mit.compbio.bisulfitehic.mapping.Bhmem  - Processing reads 608000 ...
174737 [main] INFO main.java.edu.mit.compbio.bisulfitehic.mapping.Bhmem  - Unique mapped and paired reads 601114 ...
[M::mem_process_seqs] Processed 1001 reads in 0.765 CPU sec, 0.098 real sec
[M::mem_process_seqs] Processed 1001 reads in 0.676 CPU sec, 0.089 real sec
[M::mem_process_seqs] Processed 1001 reads in 0.772 CPU sec, 0.098 real sec
[M::mem_process_seqs] Processed 1001 reads in 0.745 CPU sec, 0.095 real sec
175248 [main] INFO main.java.edu.mit.compbio.bisulfitehic.mapping.Bhmem  - Processing reads 609000 ...
175248 [main] INFO main.java.edu.mit.compbio.bisulfitehic.mapping.Bhmem  - Unique mapped and paired reads 603102 ...
175251 [main] INFO main.java.edu.mit.compbio.bisulfitehic.mapping.Bhmem  - Processing reads 610000 ...
175251 [main] INFO main.java.edu.mit.compbio.bisulfitehic.mapping.Bhmem  - Unique mapped and paired reads 603102 ...
[M::mem_process_seqs] Processed 1001 reads in 0.747 CPU sec, 0.098 real sec
[M::mem_process_seqs] Processed 1001 reads in 0.667 CPU sec, 0.085 real sec
[M::mem_process_seqs] Processed 1001 reads in 0.768 CPU sec, 0.105 real sec
[M::mem_process_seqs] Processed 1001 reads in 0.773 CPU sec, 0.100 real sec
175783 [main] INFO main.java.edu.mit.compbio.bisulfitehic.mapping.Bhmem  - Processing reads 611000 ...
175783 [main] INFO main.java.edu.mit.compbio.bisulfitehic.mapping.Bhmem  - Unique mapped and paired reads 605086 ...
175786 [main] INFO main.java.edu.mit.compbio.bisulfitehic.mapping.Bhmem  - Processing reads 612000 ...
175786 [main] INFO main.java.edu.mit.compbio.bisulfitehic.mapping.Bhmem  - Unique mapped and paired reads 605086 ...
[M::mem_process_seqs] Processed 1001 reads in 0.774 CPU sec, 0.098 real sec
[M::mem_process_seqs] Processed 1001 reads in 0.678 CPU sec, 0.086 real sec
[M::mem_process_seqs] Processed 1001 reads in 0.832 CPU sec, 0.111 real sec
[M::mem_process_seqs] Processed 1001 reads in 0.812 CPU sec, 0.105 real sec
176322 [main] INFO main.java.edu.mit.compbio.bisulfitehic.mapping.Bhmem  - Processing reads 613000 ...
176322 [main] INFO main.java.edu.mit.compbio.bisulfitehic.mapping.Bhmem  - Unique mapped and paired reads 607074 ...
176325 [main] INFO main.java.edu.mit.compbio.bisulfitehic.mapping.Bhmem  - Processing reads 614000 ...
176325 [main] INFO main.java.edu.mit.compbio.bisulfitehic.mapping.Bhmem  - Unique mapped and paired reads 607074 ...
[M::mem_process_seqs] Processed 1001 reads in 0.759 CPU sec, 0.096 real sec
[M::mem_process_seqs] Processed 1001 reads in 0.677 CPU sec, 0.085 real sec
[M::mem_process_seqs] Processed 1001 reads in 0.770 CPU sec, 0.098 real sec
[M::mem_process_seqs] Processed 1001 reads in 0.754 CPU sec, 0.095 real sec
176839 [main] INFO main.java.edu.mit.compbio.bisulfitehic.mapping.Bhmem  - Processing reads 615000 ...
176839 [main] INFO main.java.edu.mit.compbio.bisulfitehic.mapping.Bhmem  - Unique mapped and paired reads 609058 ...
176842 [main] INFO main.java.edu.mit.compbio.bisulfitehic.mapping.Bhmem  - Processing reads 616000 ...
176842 [main] INFO main.java.edu.mit.compbio.bisulfitehic.mapping.Bhmem  - Unique mapped and paired reads 609058 ...
[M::mem_process_seqs] Processed 1001 reads in 0.784 CPU sec, 0.099 real sec
[M::mem_process_seqs] Processed 1001 reads in 0.666 CPU sec, 0.085 real sec
[M::mem_process_seqs] Processed 1001 reads in 0.810 CPU sec, 0.102 real sec
[M::mem_process_seqs] Processed 1001 reads in 0.743 CPU sec, 0.094 real sec
177362 [main] INFO main.java.edu.mit.compbio.bisulfitehic.mapping.Bhmem  - Processing reads 617000 ...
177362 [main] INFO main.java.edu.mit.compbio.bisulfitehic.mapping.Bhmem  - Unique mapped and paired reads 611040 ...
177365 [main] INFO main.java.edu.mit.compbio.bisulfitehic.mapping.Bhmem  - Processing reads 618000 ...
177365 [main] INFO main.java.edu.mit.compbio.bisulfitehic.mapping.Bhmem  - Unique mapped and paired reads 611040 ...
[M::mem_process_seqs] Processed 1001 reads in 0.697 CPU sec, 0.088 real sec
[M::mem_process_seqs] Processed 1001 reads in 0.665 CPU sec, 0.085 real sec
[M::mem_process_seqs] Processed 1001 reads in 0.695 CPU sec, 0.090 real sec
[M::mem_process_seqs] Processed 1001 reads in 0.692 CPU sec, 0.092 real sec
177850 [main] INFO main.java.edu.mit.compbio.bisulfitehic.mapping.Bhmem  - Processing reads 619000 ...
177850 [main] INFO main.java.edu.mit.compbio.bisulfitehic.mapping.Bhmem  - Unique mapped and paired reads 613020 ...
177853 [main] INFO main.java.edu.mit.compbio.bisulfitehic.mapping.Bhmem  - Processing reads 620000 ...
177853 [main] INFO main.java.edu.mit.compbio.bisulfitehic.mapping.Bhmem  - Unique mapped and paired reads 613020 ...
[M::mem_process_seqs] Processed 1001 reads in 0.771 CPU sec, 0.098 real sec
[M::mem_process_seqs] Processed 1001 reads in 0.700 CPU sec, 0.092 real sec
[M::mem_process_seqs] Processed 1001 reads in 0.722 CPU sec, 0.092 real sec
[M::mem_process_seqs] Processed 1001 reads in 0.700 CPU sec, 0.097 real sec
178374 [main] INFO main.java.edu.mit.compbio.bisulfitehic.mapping.Bhmem  - Processing reads 621000 ...
178374 [main] INFO main.java.edu.mit.compbio.bisulfitehic.mapping.Bhmem  - Unique mapped and paired reads 615008 ...
178377 [main] INFO main.java.edu.mit.compbio.bisulfitehic.mapping.Bhmem  - Processing reads 622000 ...
178377 [main] INFO main.java.edu.mit.compbio.bisulfitehic.mapping.Bhmem  - Unique mapped and paired reads 615008 ...
[M::mem_process_seqs] Processed 1001 reads in 0.798 CPU sec, 0.105 real sec
[M::mem_process_seqs] Processed 1001 reads in 0.733 CPU sec, 0.093 real sec
[M::mem_process_seqs] Processed 1001 reads in 0.780 CPU sec, 0.101 real sec
[M::mem_process_seqs] Processed 1001 reads in 0.811 CPU sec, 0.111 real sec
178928 [main] INFO main.java.edu.mit.compbio.bisulfitehic.mapping.Bhmem  - Processing reads 623000 ...
178928 [main] INFO main.java.edu.mit.compbio.bisulfitehic.mapping.Bhmem  - Unique mapped and paired reads 616996 ...
178932 [main] INFO main.java.edu.mit.compbio.bisulfitehic.mapping.Bhmem  - Processing reads 624000 ...
178932 [main] INFO main.java.edu.mit.compbio.bisulfitehic.mapping.Bhmem  - Unique mapped and paired reads 616996 ...
[M::mem_process_seqs] Processed 1001 reads in 0.772 CPU sec, 0.101 real sec
[M::mem_process_seqs] Processed 1001 reads in 0.721 CPU sec, 0.094 real sec
[M::mem_process_seqs] Processed 1001 reads in 0.745 CPU sec, 0.096 real sec
[M::mem_process_seqs] Processed 1001 reads in 0.751 CPU sec, 0.096 real sec
179459 [main] INFO main.java.edu.mit.compbio.bisulfitehic.mapping.Bhmem  - Processing reads 625000 ...
179459 [main] INFO main.java.edu.mit.compbio.bisulfitehic.mapping.Bhmem  - Unique mapped and paired reads 618984 ...
179462 [main] INFO main.java.edu.mit.compbio.bisulfitehic.mapping.Bhmem  - Processing reads 626000 ...
179462 [main] INFO main.java.edu.mit.compbio.bisulfitehic.mapping.Bhmem  - Unique mapped and paired reads 618984 ...
[M::mem_process_seqs] Processed 1001 reads in 0.757 CPU sec, 0.095 real sec
[M::mem_process_seqs] Processed 1001 reads in 0.668 CPU sec, 0.085 real sec
[M::mem_process_seqs] Processed 1001 reads in 0.728 CPU sec, 0.092 real sec
[M::mem_process_seqs] Processed 1001 reads in 0.711 CPU sec, 0.090 real sec
179960 [main] INFO main.java.edu.mit.compbio.bisulfitehic.mapping.Bhmem  - Processing reads 627000 ...
179960 [main] INFO main.java.edu.mit.compbio.bisulfitehic.mapping.Bhmem  - Unique mapped and paired reads 620972 ...
179963 [main] INFO main.java.edu.mit.compbio.bisulfitehic.mapping.Bhmem  - Processing reads 628000 ...
179963 [main] INFO main.java.edu.mit.compbio.bisulfitehic.mapping.Bhmem  - Unique mapped and paired reads 620972 ...
[M::mem_process_seqs] Processed 1001 reads in 0.709 CPU sec, 0.090 real sec
[M::mem_process_seqs] Processed 1001 reads in 0.625 CPU sec, 0.081 real sec
[M::mem_process_seqs] Processed 1001 reads in 0.721 CPU sec, 0.092 real sec
[M::mem_process_seqs] Processed 1001 reads in 0.733 CPU sec, 0.093 real sec
180460 [main] INFO main.java.edu.mit.compbio.bisulfitehic.mapping.Bhmem  - Processing reads 629000 ...
180460 [main] INFO main.java.edu.mit.compbio.bisulfitehic.mapping.Bhmem  - Unique mapped and paired reads 622964 ...
180463 [main] INFO main.java.edu.mit.compbio.bisulfitehic.mapping.Bhmem  - Processing reads 630000 ...
180463 [main] INFO main.java.edu.mit.compbio.bisulfitehic.mapping.Bhmem  - Unique mapped and paired reads 622964 ...
[M::mem_process_seqs] Processed 1001 reads in 0.775 CPU sec, 0.100 real sec
[M::mem_process_seqs] Processed 1001 reads in 0.684 CPU sec, 0.087 real sec
[M::mem_process_seqs] Processed 1001 reads in 0.851 CPU sec, 0.107 real sec
[M::mem_process_seqs] Processed 1001 reads in 0.829 CPU sec, 0.104 real sec
181004 [main] INFO main.java.edu.mit.compbio.bisulfitehic.mapping.Bhmem  - Processing reads 631000 ...
181004 [main] INFO main.java.edu.mit.compbio.bisulfitehic.mapping.Bhmem  - Unique mapped and paired reads 624940 ...
181007 [main] INFO main.java.edu.mit.compbio.bisulfitehic.mapping.Bhmem  - Processing reads 632000 ...
181007 [main] INFO main.java.edu.mit.compbio.bisulfitehic.mapping.Bhmem  - Unique mapped and paired reads 624940 ...
[M::mem_process_seqs] Processed 1001 reads in 0.759 CPU sec, 0.096 real sec
[M::mem_process_seqs] Processed 1001 reads in 0.668 CPU sec, 0.084 real sec
[M::mem_process_seqs] Processed 1001 reads in 0.767 CPU sec, 0.099 real sec
[M::mem_process_seqs] Processed 1001 reads in 0.724 CPU sec, 0.092 real sec
181516 [main] INFO main.java.edu.mit.compbio.bisulfitehic.mapping.Bhmem  - Processing reads 633000 ...
181516 [main] INFO main.java.edu.mit.compbio.bisulfitehic.mapping.Bhmem  - Unique mapped and paired reads 626934 ...
181519 [main] INFO main.java.edu.mit.compbio.bisulfitehic.mapping.Bhmem  - Processing reads 634000 ...
181519 [main] INFO main.java.edu.mit.compbio.bisulfitehic.mapping.Bhmem  - Unique mapped and paired reads 626934 ...
[M::mem_process_seqs] Processed 1001 reads in 0.736 CPU sec, 0.097 real sec
[M::mem_process_seqs] Processed 1001 reads in 0.674 CPU sec, 0.086 real sec
[M::mem_process_seqs] Processed 1001 reads in 0.802 CPU sec, 0.114 real sec
[M::mem_process_seqs] Processed 1001 reads in 0.816 CPU sec, 0.103 real sec
182060 [main] INFO main.java.edu.mit.compbio.bisulfitehic.mapping.Bhmem  - Processing reads 635000 ...
182060 [main] INFO main.java.edu.mit.compbio.bisulfitehic.mapping.Bhmem  - Unique mapped and paired reads 628916 ...
182063 [main] INFO main.java.edu.mit.compbio.bisulfitehic.mapping.Bhmem  - Processing reads 636000 ...
182063 [main] INFO main.java.edu.mit.compbio.bisulfitehic.mapping.Bhmem  - Unique mapped and paired reads 628916 ...
[M::mem_process_seqs] Processed 1001 reads in 0.803 CPU sec, 0.103 real sec
[M::mem_process_seqs] Processed 1001 reads in 0.703 CPU sec, 0.089 real sec
[M::mem_process_seqs] Processed 1001 reads in 0.764 CPU sec, 0.097 real sec
[M::mem_process_seqs] Processed 1001 reads in 0.779 CPU sec, 0.099 real sec
182591 [main] INFO main.java.edu.mit.compbio.bisulfitehic.mapping.Bhmem  - Processing reads 637000 ...
182591 [main] INFO main.java.edu.mit.compbio.bisulfitehic.mapping.Bhmem  - Unique mapped and paired reads 630902 ...
182594 [main] INFO main.java.edu.mit.compbio.bisulfitehic.mapping.Bhmem  - Processing reads 638000 ...
182594 [main] INFO main.java.edu.mit.compbio.bisulfitehic.mapping.Bhmem  - Unique mapped and paired reads 630902 ...
[M::mem_process_seqs] Processed 1001 reads in 0.758 CPU sec, 0.099 real sec
[M::mem_process_seqs] Processed 1001 reads in 0.653 CPU sec, 0.086 real sec
[M::mem_process_seqs] Processed 1001 reads in 0.780 CPU sec, 0.105 real sec
[M::mem_process_seqs] Processed 1001 reads in 0.792 CPU sec, 0.102 real sec
183120 [main] INFO main.java.edu.mit.compbio.bisulfitehic.mapping.Bhmem  - Processing reads 639000 ...
183120 [main] INFO main.java.edu.mit.compbio.bisulfitehic.mapping.Bhmem  - Unique mapped and paired reads 632888 ...
183123 [main] INFO main.java.edu.mit.compbio.bisulfitehic.mapping.Bhmem  - Processing reads 640000 ...
183123 [main] INFO main.java.edu.mit.compbio.bisulfitehic.mapping.Bhmem  - Unique mapped and paired reads 632888 ...
[M::mem_process_seqs] Processed 1001 reads in 0.731 CPU sec, 0.093 real sec
[M::mem_process_seqs] Processed 1001 reads in 0.683 CPU sec, 0.089 real sec
[M::mem_process_seqs] Processed 1001 reads in 0.757 CPU sec, 0.096 real sec
[M::mem_process_seqs] Processed 1001 reads in 0.740 CPU sec, 0.098 real sec
183634 [main] INFO main.java.edu.mit.compbio.bisulfitehic.mapping.Bhmem  - Processing reads 641000 ...
183634 [main] INFO main.java.edu.mit.compbio.bisulfitehic.mapping.Bhmem  - Unique mapped and paired reads 634876 ...
183637 [main] INFO main.java.edu.mit.compbio.bisulfitehic.mapping.Bhmem  - Processing reads 642000 ...
183637 [main] INFO main.java.edu.mit.compbio.bisulfitehic.mapping.Bhmem  - Unique mapped and paired reads 634876 ...
[M::mem_process_seqs] Processed 1001 reads in 0.772 CPU sec, 0.099 real sec
[M::mem_process_seqs] Processed 1001 reads in 0.643 CPU sec, 0.083 real sec
[M::mem_process_seqs] Processed 1001 reads in 0.806 CPU sec, 0.102 real sec
[M::mem_process_seqs] Processed 1001 reads in 0.735 CPU sec, 0.094 real sec
184149 [main] INFO main.java.edu.mit.compbio.bisulfitehic.mapping.Bhmem  - Processing reads 643000 ...
184149 [main] INFO main.java.edu.mit.compbio.bisulfitehic.mapping.Bhmem  - Unique mapped and paired reads 636860 ...
184152 [main] INFO main.java.edu.mit.compbio.bisulfitehic.mapping.Bhmem  - Processing reads 644000 ...
184152 [main] INFO main.java.edu.mit.compbio.bisulfitehic.mapping.Bhmem  - Unique mapped and paired reads 636860 ...
[M::mem_process_seqs] Processed 1001 reads in 0.777 CPU sec, 0.099 real sec
[M::mem_process_seqs] Processed 1001 reads in 0.693 CPU sec, 0.089 real sec
[M::mem_process_seqs] Processed 1001 reads in 0.760 CPU sec, 0.105 real sec
[M::mem_process_seqs] Processed 1001 reads in 0.766 CPU sec, 0.098 real sec
184684 [main] INFO main.java.edu.mit.compbio.bisulfitehic.mapping.Bhmem  - Processing reads 645000 ...
184684 [main] INFO main.java.edu.mit.compbio.bisulfitehic.mapping.Bhmem  - Unique mapped and paired reads 638844 ...
184687 [main] INFO main.java.edu.mit.compbio.bisulfitehic.mapping.Bhmem  - Processing reads 646000 ...
184687 [main] INFO main.java.edu.mit.compbio.bisulfitehic.mapping.Bhmem  - Unique mapped and paired reads 638844 ...
[M::mem_process_seqs] Processed 1001 reads in 0.753 CPU sec, 0.098 real sec
[M::mem_process_seqs] Processed 1001 reads in 0.668 CPU sec, 0.084 real sec
[M::mem_process_seqs] Processed 1001 reads in 0.772 CPU sec, 0.107 real sec
[M::mem_process_seqs] Processed 1001 reads in 0.773 CPU sec, 0.099 real sec
185214 [main] INFO main.java.edu.mit.compbio.bisulfitehic.mapping.Bhmem  - Processing reads 647000 ...
185214 [main] INFO main.java.edu.mit.compbio.bisulfitehic.mapping.Bhmem  - Unique mapped and paired reads 640840 ...
185217 [main] INFO main.java.edu.mit.compbio.bisulfitehic.mapping.Bhmem  - Processing reads 648000 ...
185217 [main] INFO main.java.edu.mit.compbio.bisulfitehic.mapping.Bhmem  - Unique mapped and paired reads 640840 ...
[M::mem_process_seqs] Processed 1001 reads in 0.755 CPU sec, 0.096 real sec
[M::mem_process_seqs] Processed 1001 reads in 0.699 CPU sec, 0.098 real sec
[M::mem_process_seqs] Processed 1001 reads in 0.789 CPU sec, 0.099 real sec
[M::mem_process_seqs] Processed 1001 reads in 0.769 CPU sec, 0.097 real sec
185744 [main] INFO main.java.edu.mit.compbio.bisulfitehic.mapping.Bhmem  - Processing reads 649000 ...
185744 [main] INFO main.java.edu.mit.compbio.bisulfitehic.mapping.Bhmem  - Unique mapped and paired reads 642830 ...
185747 [main] INFO main.java.edu.mit.compbio.bisulfitehic.mapping.Bhmem  - Processing reads 650000 ...
185747 [main] INFO main.java.edu.mit.compbio.bisulfitehic.mapping.Bhmem  - Unique mapped and paired reads 642830 ...
[M::mem_process_seqs] Processed 1001 reads in 0.802 CPU sec, 0.102 real sec
[M::mem_process_seqs] Processed 1001 reads in 0.687 CPU sec, 0.087 real sec
[M::mem_process_seqs] Processed 1001 reads in 0.827 CPU sec, 0.111 real sec
[M::mem_process_seqs] Processed 1001 reads in 0.825 CPU sec, 0.105 real sec
186294 [main] INFO main.java.edu.mit.compbio.bisulfitehic.mapping.Bhmem  - Processing reads 651000 ...
186294 [main] INFO main.java.edu.mit.compbio.bisulfitehic.mapping.Bhmem  - Unique mapped and paired reads 644822 ...
186297 [main] INFO main.java.edu.mit.compbio.bisulfitehic.mapping.Bhmem  - Processing reads 652000 ...
186297 [main] INFO main.java.edu.mit.compbio.bisulfitehic.mapping.Bhmem  - Unique mapped and paired reads 644822 ...
[M::mem_process_seqs] Processed 1001 reads in 0.776 CPU sec, 0.099 real sec
[M::mem_process_seqs] Processed 1001 reads in 0.641 CPU sec, 0.081 real sec
[M::mem_process_seqs] Processed 1001 reads in 0.773 CPU sec, 0.098 real sec
[M::mem_process_seqs] Processed 1001 reads in 0.739 CPU sec, 0.097 real sec
186808 [main] INFO main.java.edu.mit.compbio.bisulfitehic.mapping.Bhmem  - Processing reads 653000 ...
186808 [main] INFO main.java.edu.mit.compbio.bisulfitehic.mapping.Bhmem  - Unique mapped and paired reads 646802 ...
186811 [main] INFO main.java.edu.mit.compbio.bisulfitehic.mapping.Bhmem  - Processing reads 654000 ...
186811 [main] INFO main.java.edu.mit.compbio.bisulfitehic.mapping.Bhmem  - Unique mapped and paired reads 646802 ...
[M::mem_process_seqs] Processed 1001 reads in 0.694 CPU sec, 0.089 real sec
[M::mem_process_seqs] Processed 1001 reads in 0.636 CPU sec, 0.081 real sec
[M::mem_process_seqs] Processed 1001 reads in 0.753 CPU sec, 0.096 real sec
[M::mem_process_seqs] Processed 1001 reads in 0.735 CPU sec, 0.095 real sec
187309 [main] INFO main.java.edu.mit.compbio.bisulfitehic.mapping.Bhmem  - Processing reads 655000 ...
187309 [main] INFO main.java.edu.mit.compbio.bisulfitehic.mapping.Bhmem  - Unique mapped and paired reads 648784 ...
187312 [main] INFO main.java.edu.mit.compbio.bisulfitehic.mapping.Bhmem  - Processing reads 656000 ...
187312 [main] INFO main.java.edu.mit.compbio.bisulfitehic.mapping.Bhmem  - Unique mapped and paired reads 648784 ...
[M::mem_process_seqs] Processed 1001 reads in 1.151 CPU sec, 0.145 real sec
[M::mem_process_seqs] Processed 1001 reads in 1.063 CPU sec, 0.134 real sec
[M::mem_process_seqs] Processed 1001 reads in 0.640 CPU sec, 0.082 real sec
[M::mem_process_seqs] Processed 1001 reads in 0.518 CPU sec, 0.065 real sec
187903 [main] INFO main.java.edu.mit.compbio.bisulfitehic.mapping.Bhmem  - Processing reads 657000 ...
187903 [main] INFO main.java.edu.mit.compbio.bisulfitehic.mapping.Bhmem  - Unique mapped and paired reads 650756 ...
187906 [main] INFO main.java.edu.mit.compbio.bisulfitehic.mapping.Bhmem  - Processing reads 658000 ...
187906 [main] INFO main.java.edu.mit.compbio.bisulfitehic.mapping.Bhmem  - Unique mapped and paired reads 650756 ...
[M::mem_process_seqs] Processed 1001 reads in 1.134 CPU sec, 0.143 real sec
[M::mem_process_seqs] Processed 1001 reads in 1.087 CPU sec, 0.137 real sec
[M::mem_process_seqs] Processed 1001 reads in 0.634 CPU sec, 0.086 real sec
[M::mem_process_seqs] Processed 1001 reads in 0.625 CPU sec, 0.080 real sec
188520 [main] INFO main.java.edu.mit.compbio.bisulfitehic.mapping.Bhmem  - Processing reads 659000 ...
188520 [main] INFO main.java.edu.mit.compbio.bisulfitehic.mapping.Bhmem  - Unique mapped and paired reads 652726 ...
188523 [main] INFO main.java.edu.mit.compbio.bisulfitehic.mapping.Bhmem  - Processing reads 660000 ...
188523 [main] INFO main.java.edu.mit.compbio.bisulfitehic.mapping.Bhmem  - Unique mapped and paired reads 652726 ...
[M::mem_process_seqs] Processed 1001 reads in 1.092 CPU sec, 0.139 real sec
[M::mem_process_seqs] Processed 1001 reads in 1.046 CPU sec, 0.132 real sec
[M::mem_process_seqs] Processed 1001 reads in 0.598 CPU sec, 0.075 real sec
[M::mem_process_seqs] Processed 1001 reads in 0.555 CPU sec, 0.072 real sec
189120 [main] INFO main.java.edu.mit.compbio.bisulfitehic.mapping.Bhmem  - Processing reads 661000 ...
189120 [main] INFO main.java.edu.mit.compbio.bisulfitehic.mapping.Bhmem  - Unique mapped and paired reads 654714 ...
189123 [main] INFO main.java.edu.mit.compbio.bisulfitehic.mapping.Bhmem  - Processing reads 662000 ...
189123 [main] INFO main.java.edu.mit.compbio.bisulfitehic.mapping.Bhmem  - Unique mapped and paired reads 654714 ...
[M::mem_process_seqs] Processed 1001 reads in 0.714 CPU sec, 0.093 real sec
[M::mem_process_seqs] Processed 1001 reads in 0.631 CPU sec, 0.081 real sec
[M::mem_process_seqs] Processed 1001 reads in 0.748 CPU sec, 0.100 real sec
[M::mem_process_seqs] Processed 1001 reads in 0.773 CPU sec, 0.099 real sec
189636 [main] INFO main.java.edu.mit.compbio.bisulfitehic.mapping.Bhmem  - Processing reads 663000 ...
189636 [main] INFO main.java.edu.mit.compbio.bisulfitehic.mapping.Bhmem  - Unique mapped and paired reads 656698 ...
189639 [main] INFO main.java.edu.mit.compbio.bisulfitehic.mapping.Bhmem  - Processing reads 664000 ...
189639 [main] INFO main.java.edu.mit.compbio.bisulfitehic.mapping.Bhmem  - Unique mapped and paired reads 656698 ...
[M::mem_process_seqs] Processed 1001 reads in 0.727 CPU sec, 0.092 real sec
[M::mem_process_seqs] Processed 1001 reads in 0.619 CPU sec, 0.079 real sec
[M::mem_process_seqs] Processed 1001 reads in 0.718 CPU sec, 0.098 real sec
[M::mem_process_seqs] Processed 1001 reads in 0.733 CPU sec, 0.093 real sec
190139 [main] INFO main.java.edu.mit.compbio.bisulfitehic.mapping.Bhmem  - Processing reads 665000 ...
190139 [main] INFO main.java.edu.mit.compbio.bisulfitehic.mapping.Bhmem  - Unique mapped and paired reads 658674 ...
190142 [main] INFO main.java.edu.mit.compbio.bisulfitehic.mapping.Bhmem  - Processing reads 666000 ...
190142 [main] INFO main.java.edu.mit.compbio.bisulfitehic.mapping.Bhmem  - Unique mapped and paired reads 658674 ...
[M::mem_process_seqs] Processed 1001 reads in 0.753 CPU sec, 0.098 real sec
[M::mem_process_seqs] Processed 1001 reads in 0.692 CPU sec, 0.088 real sec
[M::mem_process_seqs] Processed 1001 reads in 0.771 CPU sec, 0.102 real sec
[M::mem_process_seqs] Processed 1001 reads in 0.742 CPU sec, 0.095 real sec
190666 [main] INFO main.java.edu.mit.compbio.bisulfitehic.mapping.Bhmem  - Processing reads 667000 ...
190667 [main] INFO main.java.edu.mit.compbio.bisulfitehic.mapping.Bhmem  - Unique mapped and paired reads 660658 ...
190669 [main] INFO main.java.edu.mit.compbio.bisulfitehic.mapping.Bhmem  - Processing reads 668000 ...
190669 [main] INFO main.java.edu.mit.compbio.bisulfitehic.mapping.Bhmem  - Unique mapped and paired reads 660658 ...
[M::mem_process_seqs] Processed 1001 reads in 0.731 CPU sec, 0.092 real sec
[M::mem_process_seqs] Processed 1001 reads in 0.634 CPU sec, 0.083 real sec
[M::mem_process_seqs] Processed 1001 reads in 0.706 CPU sec, 0.093 real sec
[M::mem_process_seqs] Processed 1001 reads in 0.681 CPU sec, 0.087 real sec
191169 [main] INFO main.java.edu.mit.compbio.bisulfitehic.mapping.Bhmem  - Processing reads 669000 ...
191169 [main] INFO main.java.edu.mit.compbio.bisulfitehic.mapping.Bhmem  - Unique mapped and paired reads 662642 ...
191172 [main] INFO main.java.edu.mit.compbio.bisulfitehic.mapping.Bhmem  - Processing reads 670000 ...
191172 [main] INFO main.java.edu.mit.compbio.bisulfitehic.mapping.Bhmem  - Unique mapped and paired reads 662642 ...
[M::mem_process_seqs] Processed 1001 reads in 1.120 CPU sec, 0.142 real sec
[M::mem_process_seqs] Processed 1001 reads in 1.064 CPU sec, 0.134 real sec
[M::mem_process_seqs] Processed 1001 reads in 0.580 CPU sec, 0.074 real sec
[M::mem_process_seqs] Processed 1001 reads in 0.552 CPU sec, 0.070 real sec
191760 [main] INFO main.java.edu.mit.compbio.bisulfitehic.mapping.Bhmem  - Processing reads 671000 ...
191760 [main] INFO main.java.edu.mit.compbio.bisulfitehic.mapping.Bhmem  - Unique mapped and paired reads 664616 ...
191763 [main] INFO main.java.edu.mit.compbio.bisulfitehic.mapping.Bhmem  - Processing reads 672000 ...
191763 [main] INFO main.java.edu.mit.compbio.bisulfitehic.mapping.Bhmem  - Unique mapped and paired reads 664616 ...
[M::mem_process_seqs] Processed 1001 reads in 1.125 CPU sec, 0.142 real sec
[M::mem_process_seqs] Processed 1001 reads in 1.066 CPU sec, 0.134 real sec
[M::mem_process_seqs] Processed 1001 reads in 0.585 CPU sec, 0.076 real sec
[M::mem_process_seqs] Processed 1001 reads in 0.528 CPU sec, 0.069 real sec
192349 [main] INFO main.java.edu.mit.compbio.bisulfitehic.mapping.Bhmem  - Processing reads 673000 ...
192349 [main] INFO main.java.edu.mit.compbio.bisulfitehic.mapping.Bhmem  - Unique mapped and paired reads 666588 ...
192352 [main] INFO main.java.edu.mit.compbio.bisulfitehic.mapping.Bhmem  - Processing reads 674000 ...
192352 [main] INFO main.java.edu.mit.compbio.bisulfitehic.mapping.Bhmem  - Unique mapped and paired reads 666588 ...
[M::mem_process_seqs] Processed 1001 reads in 1.055 CPU sec, 0.134 real sec
[M::mem_process_seqs] Processed 1001 reads in 1.000 CPU sec, 0.128 real sec
[M::mem_process_seqs] Processed 1001 reads in 0.606 CPU sec, 0.077 real sec
[M::mem_process_seqs] Processed 1001 reads in 0.559 CPU sec, 0.072 real sec
192928 [main] INFO main.java.edu.mit.compbio.bisulfitehic.mapping.Bhmem  - Processing reads 675000 ...
192928 [main] INFO main.java.edu.mit.compbio.bisulfitehic.mapping.Bhmem  - Unique mapped and paired reads 668568 ...
192931 [main] INFO main.java.edu.mit.compbio.bisulfitehic.mapping.Bhmem  - Processing reads 676000 ...
192931 [main] INFO main.java.edu.mit.compbio.bisulfitehic.mapping.Bhmem  - Unique mapped and paired reads 668568 ...
[M::mem_process_seqs] Processed 1001 reads in 0.802 CPU sec, 0.105 real sec
[M::mem_process_seqs] Processed 1001 reads in 0.638 CPU sec, 0.083 real sec
[M::mem_process_seqs] Processed 1001 reads in 0.811 CPU sec, 0.104 real sec
[M::mem_process_seqs] Processed 1001 reads in 0.742 CPU sec, 0.095 real sec
193460 [main] INFO main.java.edu.mit.compbio.bisulfitehic.mapping.Bhmem  - Processing reads 677000 ...
193460 [main] INFO main.java.edu.mit.compbio.bisulfitehic.mapping.Bhmem  - Unique mapped and paired reads 670556 ...
193463 [main] INFO main.java.edu.mit.compbio.bisulfitehic.mapping.Bhmem  - Processing reads 678000 ...
193463 [main] INFO main.java.edu.mit.compbio.bisulfitehic.mapping.Bhmem  - Unique mapped and paired reads 670556 ...
[M::mem_process_seqs] Processed 1001 reads in 0.765 CPU sec, 0.100 real sec
[M::mem_process_seqs] Processed 1001 reads in 0.657 CPU sec, 0.088 real sec
[M::mem_process_seqs] Processed 1001 reads in 0.752 CPU sec, 0.099 real sec
[M::mem_process_seqs] Processed 1001 reads in 0.743 CPU sec, 0.099 real sec
193988 [main] INFO main.java.edu.mit.compbio.bisulfitehic.mapping.Bhmem  - Processing reads 679000 ...
193988 [main] INFO main.java.edu.mit.compbio.bisulfitehic.mapping.Bhmem  - Unique mapped and paired reads 672538 ...
193991 [main] INFO main.java.edu.mit.compbio.bisulfitehic.mapping.Bhmem  - Processing reads 680000 ...
193991 [main] INFO main.java.edu.mit.compbio.bisulfitehic.mapping.Bhmem  - Unique mapped and paired reads 672538 ...
[M::mem_process_seqs] Processed 1001 reads in 0.752 CPU sec, 0.096 real sec
[M::mem_process_seqs] Processed 1001 reads in 0.662 CPU sec, 0.085 real sec
[M::mem_process_seqs] Processed 1001 reads in 0.753 CPU sec, 0.097 real sec
[M::mem_process_seqs] Processed 1001 reads in 0.723 CPU sec, 0.092 real sec
194499 [main] INFO main.java.edu.mit.compbio.bisulfitehic.mapping.Bhmem  - Processing reads 681000 ...
194499 [main] INFO main.java.edu.mit.compbio.bisulfitehic.mapping.Bhmem  - Unique mapped and paired reads 674526 ...
194502 [main] INFO main.java.edu.mit.compbio.bisulfitehic.mapping.Bhmem  - Processing reads 682000 ...
194502 [main] INFO main.java.edu.mit.compbio.bisulfitehic.mapping.Bhmem  - Unique mapped and paired reads 674526 ...
[M::mem_process_seqs] Processed 1001 reads in 0.727 CPU sec, 0.097 real sec
[M::mem_process_seqs] Processed 1001 reads in 0.653 CPU sec, 0.083 real sec
[M::mem_process_seqs] Processed 1001 reads in 0.693 CPU sec, 0.091 real sec
[M::mem_process_seqs] Processed 1001 reads in 0.695 CPU sec, 0.091 real sec
195004 [main] INFO main.java.edu.mit.compbio.bisulfitehic.mapping.Bhmem  - Processing reads 683000 ...
195004 [main] INFO main.java.edu.mit.compbio.bisulfitehic.mapping.Bhmem  - Unique mapped and paired reads 676524 ...
195007 [main] INFO main.java.edu.mit.compbio.bisulfitehic.mapping.Bhmem  - Processing reads 684000 ...
195007 [main] INFO main.java.edu.mit.compbio.bisulfitehic.mapping.Bhmem  - Unique mapped and paired reads 676524 ...
[M::mem_process_seqs] Processed 1001 reads in 0.716 CPU sec, 0.090 real sec
[M::mem_process_seqs] Processed 1001 reads in 0.627 CPU sec, 0.080 real sec
[M::mem_process_seqs] Processed 1001 reads in 0.695 CPU sec, 0.089 real sec
[M::mem_process_seqs] Processed 1001 reads in 0.776 CPU sec, 0.099 real sec
195553 [main] INFO main.java.edu.mit.compbio.bisulfitehic.mapping.Bhmem  - Processing reads 685000 ...
195553 [main] INFO main.java.edu.mit.compbio.bisulfitehic.mapping.Bhmem  - Unique mapped and paired reads 678510 ...
195556 [main] INFO main.java.edu.mit.compbio.bisulfitehic.mapping.Bhmem  - Processing reads 686000 ...
195556 [main] INFO main.java.edu.mit.compbio.bisulfitehic.mapping.Bhmem  - Unique mapped and paired reads 678510 ...
[M::mem_process_seqs] Processed 1001 reads in 0.706 CPU sec, 0.090 real sec
[M::mem_process_seqs] Processed 1001 reads in 0.608 CPU sec, 0.079 real sec
[M::mem_process_seqs] Processed 1001 reads in 0.825 CPU sec, 0.105 real sec
[M::mem_process_seqs] Processed 1001 reads in 0.751 CPU sec, 0.097 real sec
196068 [main] INFO main.java.edu.mit.compbio.bisulfitehic.mapping.Bhmem  - Processing reads 687000 ...
196068 [main] INFO main.java.edu.mit.compbio.bisulfitehic.mapping.Bhmem  - Unique mapped and paired reads 680498 ...
196071 [main] INFO main.java.edu.mit.compbio.bisulfitehic.mapping.Bhmem  - Processing reads 688000 ...
196071 [main] INFO main.java.edu.mit.compbio.bisulfitehic.mapping.Bhmem  - Unique mapped and paired reads 680498 ...
[M::mem_process_seqs] Processed 1001 reads in 0.765 CPU sec, 0.098 real sec
[M::mem_process_seqs] Processed 1001 reads in 0.657 CPU sec, 0.083 real sec
[M::mem_process_seqs] Processed 1001 reads in 0.817 CPU sec, 0.104 real sec
[M::mem_process_seqs] Processed 1001 reads in 0.727 CPU sec, 0.094 real sec
196592 [main] INFO main.java.edu.mit.compbio.bisulfitehic.mapping.Bhmem  - Processing reads 689000 ...
196592 [main] INFO main.java.edu.mit.compbio.bisulfitehic.mapping.Bhmem  - Unique mapped and paired reads 682486 ...
196595 [main] INFO main.java.edu.mit.compbio.bisulfitehic.mapping.Bhmem  - Processing reads 690000 ...
196595 [main] INFO main.java.edu.mit.compbio.bisulfitehic.mapping.Bhmem  - Unique mapped and paired reads 682486 ...
[M::mem_process_seqs] Processed 1001 reads in 0.792 CPU sec, 0.103 real sec
[M::mem_process_seqs] Processed 1001 reads in 0.661 CPU sec, 0.084 real sec
[M::mem_process_seqs] Processed 1001 reads in 0.775 CPU sec, 0.105 real sec
[M::mem_process_seqs] Processed 1001 reads in 0.768 CPU sec, 0.098 real sec
197131 [main] INFO main.java.edu.mit.compbio.bisulfitehic.mapping.Bhmem  - Processing reads 691000 ...
197131 [main] INFO main.java.edu.mit.compbio.bisulfitehic.mapping.Bhmem  - Unique mapped and paired reads 684470 ...
197134 [main] INFO main.java.edu.mit.compbio.bisulfitehic.mapping.Bhmem  - Processing reads 692000 ...
197134 [main] INFO main.java.edu.mit.compbio.bisulfitehic.mapping.Bhmem  - Unique mapped and paired reads 684470 ...
[M::mem_process_seqs] Processed 1001 reads in 0.812 CPU sec, 0.107 real sec
[M::mem_process_seqs] Processed 1001 reads in 0.733 CPU sec, 0.095 real sec
[M::mem_process_seqs] Processed 1001 reads in 0.831 CPU sec, 0.106 real sec
[M::mem_process_seqs] Processed 1001 reads in 0.825 CPU sec, 0.114 real sec
197702 [main] INFO main.java.edu.mit.compbio.bisulfitehic.mapping.Bhmem  - Processing reads 693000 ...
197702 [main] INFO main.java.edu.mit.compbio.bisulfitehic.mapping.Bhmem  - Unique mapped and paired reads 686454 ...
197705 [main] INFO main.java.edu.mit.compbio.bisulfitehic.mapping.Bhmem  - Processing reads 694000 ...
197705 [main] INFO main.java.edu.mit.compbio.bisulfitehic.mapping.Bhmem  - Unique mapped and paired reads 686454 ...
[M::mem_process_seqs] Processed 1001 reads in 0.741 CPU sec, 0.098 real sec
[M::mem_process_seqs] Processed 1001 reads in 0.672 CPU sec, 0.091 real sec
[M::mem_process_seqs] Processed 1001 reads in 0.783 CPU sec, 0.103 real sec
[M::mem_process_seqs] Processed 1001 reads in 0.726 CPU sec, 0.092 real sec
198230 [main] INFO main.java.edu.mit.compbio.bisulfitehic.mapping.Bhmem  - Processing reads 695000 ...
198231 [main] INFO main.java.edu.mit.compbio.bisulfitehic.mapping.Bhmem  - Unique mapped and paired reads 688440 ...
198234 [main] INFO main.java.edu.mit.compbio.bisulfitehic.mapping.Bhmem  - Processing reads 696000 ...
198234 [main] INFO main.java.edu.mit.compbio.bisulfitehic.mapping.Bhmem  - Unique mapped and paired reads 688440 ...
[M::mem_process_seqs] Processed 1001 reads in 0.784 CPU sec, 0.101 real sec
[M::mem_process_seqs] Processed 1001 reads in 0.653 CPU sec, 0.083 real sec
[M::mem_process_seqs] Processed 1001 reads in 0.774 CPU sec, 0.097 real sec
[M::mem_process_seqs] Processed 1001 reads in 0.822 CPU sec, 0.107 real sec
198759 [main] INFO main.java.edu.mit.compbio.bisulfitehic.mapping.Bhmem  - Processing reads 697000 ...
198759 [main] INFO main.java.edu.mit.compbio.bisulfitehic.mapping.Bhmem  - Unique mapped and paired reads 690430 ...
198762 [main] INFO main.java.edu.mit.compbio.bisulfitehic.mapping.Bhmem  - Processing reads 698000 ...
198762 [main] INFO main.java.edu.mit.compbio.bisulfitehic.mapping.Bhmem  - Unique mapped and paired reads 690430 ...
[M::mem_process_seqs] Processed 1001 reads in 0.788 CPU sec, 0.100 real sec
[M::mem_process_seqs] Processed 1001 reads in 0.724 CPU sec, 0.091 real sec
[M::mem_process_seqs] Processed 1001 reads in 0.741 CPU sec, 0.099 real sec
[M::mem_process_seqs] Processed 1001 reads in 0.748 CPU sec, 0.095 real sec
199284 [main] INFO main.java.edu.mit.compbio.bisulfitehic.mapping.Bhmem  - Processing reads 699000 ...
199284 [main] INFO main.java.edu.mit.compbio.bisulfitehic.mapping.Bhmem  - Unique mapped and paired reads 692408 ...
199287 [main] INFO main.java.edu.mit.compbio.bisulfitehic.mapping.Bhmem  - Processing reads 700000 ...
199287 [main] INFO main.java.edu.mit.compbio.bisulfitehic.mapping.Bhmem  - Unique mapped and paired reads 692408 ...
[M::mem_process_seqs] Processed 1001 reads in 0.733 CPU sec, 0.094 real sec
[M::mem_process_seqs] Processed 1001 reads in 0.661 CPU sec, 0.084 real sec
[M::mem_process_seqs] Processed 1001 reads in 0.841 CPU sec, 0.106 real sec
[M::mem_process_seqs] Processed 1001 reads in 0.772 CPU sec, 0.098 real sec
199819 [main] INFO main.java.edu.mit.compbio.bisulfitehic.mapping.Bhmem  - Processing reads 701000 ...
199819 [main] INFO main.java.edu.mit.compbio.bisulfitehic.mapping.Bhmem  - Unique mapped and paired reads 694398 ...
199822 [main] INFO main.java.edu.mit.compbio.bisulfitehic.mapping.Bhmem  - Processing reads 702000 ...
199822 [main] INFO main.java.edu.mit.compbio.bisulfitehic.mapping.Bhmem  - Unique mapped and paired reads 694398 ...
[M::mem_process_seqs] Processed 1001 reads in 0.758 CPU sec, 0.096 real sec
[M::mem_process_seqs] Processed 1001 reads in 0.657 CPU sec, 0.083 real sec
[M::mem_process_seqs] Processed 1001 reads in 0.802 CPU sec, 0.101 real sec
[M::mem_process_seqs] Processed 1001 reads in 0.772 CPU sec, 0.097 real sec
200346 [main] INFO main.java.edu.mit.compbio.bisulfitehic.mapping.Bhmem  - Processing reads 703000 ...
200346 [main] INFO main.java.edu.mit.compbio.bisulfitehic.mapping.Bhmem  - Unique mapped and paired reads 696386 ...
200349 [main] INFO main.java.edu.mit.compbio.bisulfitehic.mapping.Bhmem  - Processing reads 704000 ...
200349 [main] INFO main.java.edu.mit.compbio.bisulfitehic.mapping.Bhmem  - Unique mapped and paired reads 696386 ...
[M::mem_process_seqs] Processed 1001 reads in 0.772 CPU sec, 0.098 real sec
[M::mem_process_seqs] Processed 1001 reads in 0.689 CPU sec, 0.087 real sec
[M::mem_process_seqs] Processed 1001 reads in 0.808 CPU sec, 0.109 real sec
[M::mem_process_seqs] Processed 1001 reads in 0.851 CPU sec, 0.107 real sec
200902 [main] INFO main.java.edu.mit.compbio.bisulfitehic.mapping.Bhmem  - Processing reads 705000 ...
200902 [main] INFO main.java.edu.mit.compbio.bisulfitehic.mapping.Bhmem  - Unique mapped and paired reads 698370 ...
200905 [main] INFO main.java.edu.mit.compbio.bisulfitehic.mapping.Bhmem  - Processing reads 706000 ...
200905 [main] INFO main.java.edu.mit.compbio.bisulfitehic.mapping.Bhmem  - Unique mapped and paired reads 698370 ...
[M::mem_process_seqs] Processed 1001 reads in 0.790 CPU sec, 0.101 real sec
[M::mem_process_seqs] Processed 1001 reads in 0.710 CPU sec, 0.094 real sec
[M::mem_process_seqs] Processed 1001 reads in 0.850 CPU sec, 0.111 real sec
[M::mem_process_seqs] Processed 1001 reads in 0.800 CPU sec, 0.102 real sec
201463 [main] INFO main.java.edu.mit.compbio.bisulfitehic.mapping.Bhmem  - Processing reads 707000 ...
201463 [main] INFO main.java.edu.mit.compbio.bisulfitehic.mapping.Bhmem  - Unique mapped and paired reads 700358 ...
201467 [main] INFO main.java.edu.mit.compbio.bisulfitehic.mapping.Bhmem  - Processing reads 708000 ...
201467 [main] INFO main.java.edu.mit.compbio.bisulfitehic.mapping.Bhmem  - Unique mapped and paired reads 700358 ...
[M::mem_process_seqs] Processed 1001 reads in 0.782 CPU sec, 0.099 real sec
[M::mem_process_seqs] Processed 1001 reads in 0.728 CPU sec, 0.092 real sec
[M::mem_process_seqs] Processed 1001 reads in 0.841 CPU sec, 0.106 real sec
[M::mem_process_seqs] Processed 1001 reads in 0.838 CPU sec, 0.107 real sec
202065 [main] INFO main.java.edu.mit.compbio.bisulfitehic.mapping.Bhmem  - Processing reads 709000 ...
202065 [main] INFO main.java.edu.mit.compbio.bisulfitehic.mapping.Bhmem  - Unique mapped and paired reads 702346 ...
202073 [main] INFO main.java.edu.mit.compbio.bisulfitehic.mapping.Bhmem  - Processing reads 710000 ...
202073 [main] INFO main.java.edu.mit.compbio.bisulfitehic.mapping.Bhmem  - Unique mapped and paired reads 702346 ...
[M::mem_process_seqs] Processed 1001 reads in 0.766 CPU sec, 0.097 real sec
[M::mem_process_seqs] Processed 1001 reads in 0.695 CPU sec, 0.088 real sec
[M::mem_process_seqs] Processed 1001 reads in 0.823 CPU sec, 0.106 real sec
[M::mem_process_seqs] Processed 1001 reads in 0.790 CPU sec, 0.100 real sec
202618 [main] INFO main.java.edu.mit.compbio.bisulfitehic.mapping.Bhmem  - Processing reads 711000 ...
202618 [main] INFO main.java.edu.mit.compbio.bisulfitehic.mapping.Bhmem  - Unique mapped and paired reads 704334 ...
202621 [main] INFO main.java.edu.mit.compbio.bisulfitehic.mapping.Bhmem  - Processing reads 712000 ...
202621 [main] INFO main.java.edu.mit.compbio.bisulfitehic.mapping.Bhmem  - Unique mapped and paired reads 704334 ...
[M::mem_process_seqs] Processed 1001 reads in 0.785 CPU sec, 0.099 real sec
[M::mem_process_seqs] Processed 1001 reads in 0.647 CPU sec, 0.083 real sec
[M::mem_process_seqs] Processed 1001 reads in 0.820 CPU sec, 0.104 real sec
[M::mem_process_seqs] Processed 1001 reads in 0.764 CPU sec, 0.097 real sec
203149 [main] INFO main.java.edu.mit.compbio.bisulfitehic.mapping.Bhmem  - Processing reads 713000 ...
203149 [main] INFO main.java.edu.mit.compbio.bisulfitehic.mapping.Bhmem  - Unique mapped and paired reads 706320 ...
203152 [main] INFO main.java.edu.mit.compbio.bisulfitehic.mapping.Bhmem  - Processing reads 714000 ...
203152 [main] INFO main.java.edu.mit.compbio.bisulfitehic.mapping.Bhmem  - Unique mapped and paired reads 706320 ...
[M::mem_process_seqs] Processed 1001 reads in 0.824 CPU sec, 0.116 real sec
[M::mem_process_seqs] Processed 1001 reads in 0.717 CPU sec, 0.091 real sec
[M::mem_process_seqs] Processed 1001 reads in 0.803 CPU sec, 0.102 real sec
[M::mem_process_seqs] Processed 1001 reads in 0.758 CPU sec, 0.096 real sec
203723 [main] INFO main.java.edu.mit.compbio.bisulfitehic.mapping.Bhmem  - Processing reads 715000 ...
203723 [main] INFO main.java.edu.mit.compbio.bisulfitehic.mapping.Bhmem  - Unique mapped and paired reads 708304 ...
203726 [main] INFO main.java.edu.mit.compbio.bisulfitehic.mapping.Bhmem  - Processing reads 716000 ...
203726 [main] INFO main.java.edu.mit.compbio.bisulfitehic.mapping.Bhmem  - Unique mapped and paired reads 708304 ...
[M::mem_process_seqs] Processed 1001 reads in 0.755 CPU sec, 0.095 real sec
[M::mem_process_seqs] Processed 1001 reads in 0.622 CPU sec, 0.079 real sec
[M::mem_process_seqs] Processed 1001 reads in 0.832 CPU sec, 0.106 real sec
[M::mem_process_seqs] Processed 1001 reads in 0.806 CPU sec, 0.104 real sec
204254 [main] INFO main.java.edu.mit.compbio.bisulfitehic.mapping.Bhmem  - Processing reads 717000 ...
204254 [main] INFO main.java.edu.mit.compbio.bisulfitehic.mapping.Bhmem  - Unique mapped and paired reads 710290 ...
204257 [main] INFO main.java.edu.mit.compbio.bisulfitehic.mapping.Bhmem  - Processing reads 718000 ...
204257 [main] INFO main.java.edu.mit.compbio.bisulfitehic.mapping.Bhmem  - Unique mapped and paired reads 710290 ...
[M::mem_process_seqs] Processed 1001 reads in 0.795 CPU sec, 0.100 real sec
[M::mem_process_seqs] Processed 1001 reads in 0.659 CPU sec, 0.083 real sec
[M::mem_process_seqs] Processed 1001 reads in 0.833 CPU sec, 0.111 real sec
[M::mem_process_seqs] Processed 1001 reads in 0.823 CPU sec, 0.104 real sec
204808 [main] INFO main.java.edu.mit.compbio.bisulfitehic.mapping.Bhmem  - Processing reads 719000 ...
204808 [main] INFO main.java.edu.mit.compbio.bisulfitehic.mapping.Bhmem  - Unique mapped and paired reads 712274 ...
204811 [main] INFO main.java.edu.mit.compbio.bisulfitehic.mapping.Bhmem  - Processing reads 720000 ...
204811 [main] INFO main.java.edu.mit.compbio.bisulfitehic.mapping.Bhmem  - Unique mapped and paired reads 712274 ...
[M::mem_process_seqs] Processed 1001 reads in 0.781 CPU sec, 0.100 real sec
[M::mem_process_seqs] Processed 1001 reads in 0.737 CPU sec, 0.099 real sec
[M::mem_process_seqs] Processed 1001 reads in 0.900 CPU sec, 0.117 real sec
[M::mem_process_seqs] Processed 1001 reads in 0.884 CPU sec, 0.112 real sec
205388 [main] INFO main.java.edu.mit.compbio.bisulfitehic.mapping.Bhmem  - Processing reads 721000 ...
205388 [main] INFO main.java.edu.mit.compbio.bisulfitehic.mapping.Bhmem  - Unique mapped and paired reads 714262 ...
205391 [main] INFO main.java.edu.mit.compbio.bisulfitehic.mapping.Bhmem  - Processing reads 722000 ...
205391 [main] INFO main.java.edu.mit.compbio.bisulfitehic.mapping.Bhmem  - Unique mapped and paired reads 714262 ...
[M::mem_process_seqs] Processed 1001 reads in 0.754 CPU sec, 0.096 real sec
[M::mem_process_seqs] Processed 1001 reads in 0.736 CPU sec, 0.093 real sec
[M::mem_process_seqs] Processed 1001 reads in 0.866 CPU sec, 0.115 real sec
[M::mem_process_seqs] Processed 1001 reads in 0.851 CPU sec, 0.108 real sec
205955 [main] INFO main.java.edu.mit.compbio.bisulfitehic.mapping.Bhmem  - Processing reads 723000 ...
205955 [main] INFO main.java.edu.mit.compbio.bisulfitehic.mapping.Bhmem  - Unique mapped and paired reads 716246 ...
205958 [main] INFO main.java.edu.mit.compbio.bisulfitehic.mapping.Bhmem  - Processing reads 724000 ...
205958 [main] INFO main.java.edu.mit.compbio.bisulfitehic.mapping.Bhmem  - Unique mapped and paired reads 716246 ...
[M::mem_process_seqs] Processed 1001 reads in 0.795 CPU sec, 0.100 real sec
[M::mem_process_seqs] Processed 1001 reads in 0.720 CPU sec, 0.092 real sec
[M::mem_process_seqs] Processed 1001 reads in 0.914 CPU sec, 0.115 real sec
[M::mem_process_seqs] Processed 1001 reads in 0.872 CPU sec, 0.115 real sec
206533 [main] INFO main.java.edu.mit.compbio.bisulfitehic.mapping.Bhmem  - Processing reads 725000 ...
206533 [main] INFO main.java.edu.mit.compbio.bisulfitehic.mapping.Bhmem  - Unique mapped and paired reads 718232 ...
206536 [main] INFO main.java.edu.mit.compbio.bisulfitehic.mapping.Bhmem  - Processing reads 726000 ...
206536 [main] INFO main.java.edu.mit.compbio.bisulfitehic.mapping.Bhmem  - Unique mapped and paired reads 718232 ...
[M::mem_process_seqs] Processed 1001 reads in 0.792 CPU sec, 0.101 real sec
[M::mem_process_seqs] Processed 1001 reads in 0.672 CPU sec, 0.085 real sec
[M::mem_process_seqs] Processed 1001 reads in 0.877 CPU sec, 0.114 real sec
[M::mem_process_seqs] Processed 1001 reads in 0.876 CPU sec, 0.111 real sec
207100 [main] INFO main.java.edu.mit.compbio.bisulfitehic.mapping.Bhmem  - Processing reads 727000 ...
207100 [main] INFO main.java.edu.mit.compbio.bisulfitehic.mapping.Bhmem  - Unique mapped and paired reads 720220 ...
207103 [main] INFO main.java.edu.mit.compbio.bisulfitehic.mapping.Bhmem  - Processing reads 728000 ...
207103 [main] INFO main.java.edu.mit.compbio.bisulfitehic.mapping.Bhmem  - Unique mapped and paired reads 720220 ...
[M::mem_process_seqs] Processed 1001 reads in 0.778 CPU sec, 0.099 real sec
[M::mem_process_seqs] Processed 1001 reads in 0.705 CPU sec, 0.089 real sec
[M::mem_process_seqs] Processed 1001 reads in 0.922 CPU sec, 0.124 real sec
[M::mem_process_seqs] Processed 1001 reads in 0.966 CPU sec, 0.132 real sec
207702 [main] INFO main.java.edu.mit.compbio.bisulfitehic.mapping.Bhmem  - Processing reads 729000 ...
207702 [main] INFO main.java.edu.mit.compbio.bisulfitehic.mapping.Bhmem  - Unique mapped and paired reads 722214 ...
207705 [main] INFO main.java.edu.mit.compbio.bisulfitehic.mapping.Bhmem  - Processing reads 730000 ...
207705 [main] INFO main.java.edu.mit.compbio.bisulfitehic.mapping.Bhmem  - Unique mapped and paired reads 722214 ...
[M::mem_process_seqs] Processed 1001 reads in 0.685 CPU sec, 0.087 real sec
[M::mem_process_seqs] Processed 1001 reads in 0.605 CPU sec, 0.083 real sec
[M::mem_process_seqs] Processed 1001 reads in 0.754 CPU sec, 0.095 real sec
[M::mem_process_seqs] Processed 1001 reads in 0.680 CPU sec, 0.087 real sec
208187 [main] INFO main.java.edu.mit.compbio.bisulfitehic.mapping.Bhmem  - Processing reads 731000 ...
208187 [main] INFO main.java.edu.mit.compbio.bisulfitehic.mapping.Bhmem  - Unique mapped and paired reads 724202 ...
208190 [main] INFO main.java.edu.mit.compbio.bisulfitehic.mapping.Bhmem  - Processing reads 732000 ...
208190 [main] INFO main.java.edu.mit.compbio.bisulfitehic.mapping.Bhmem  - Unique mapped and paired reads 724202 ...
[M::mem_process_seqs] Processed 1001 reads in 0.647 CPU sec, 0.084 real sec
[M::mem_process_seqs] Processed 1001 reads in 0.607 CPU sec, 0.089 real sec
[M::mem_process_seqs] Processed 1001 reads in 0.786 CPU sec, 0.101 real sec
[M::mem_process_seqs] Processed 1001 reads in 0.718 CPU sec, 0.098 real sec
208692 [main] INFO main.java.edu.mit.compbio.bisulfitehic.mapping.Bhmem  - Processing reads 733000 ...
208692 [main] INFO main.java.edu.mit.compbio.bisulfitehic.mapping.Bhmem  - Unique mapped and paired reads 726184 ...
208695 [main] INFO main.java.edu.mit.compbio.bisulfitehic.mapping.Bhmem  - Processing reads 734000 ...
208695 [main] INFO main.java.edu.mit.compbio.bisulfitehic.mapping.Bhmem  - Unique mapped and paired reads 726184 ...
[M::mem_process_seqs] Processed 1001 reads in 0.692 CPU sec, 0.089 real sec
[M::mem_process_seqs] Processed 1001 reads in 0.632 CPU sec, 0.080 real sec
[M::mem_process_seqs] Processed 1001 reads in 0.704 CPU sec, 0.092 real sec
[M::mem_process_seqs] Processed 1001 reads in 0.671 CPU sec, 0.085 real sec
209167 [main] INFO main.java.edu.mit.compbio.bisulfitehic.mapping.Bhmem  - Processing reads 735000 ...
209167 [main] INFO main.java.edu.mit.compbio.bisulfitehic.mapping.Bhmem  - Unique mapped and paired reads 728164 ...
209170 [main] INFO main.java.edu.mit.compbio.bisulfitehic.mapping.Bhmem  - Processing reads 736000 ...
209170 [main] INFO main.java.edu.mit.compbio.bisulfitehic.mapping.Bhmem  - Unique mapped and paired reads 728164 ...
[M::mem_process_seqs] Processed 1001 reads in 0.643 CPU sec, 0.085 real sec
[M::mem_process_seqs] Processed 1001 reads in 0.598 CPU sec, 0.076 real sec
[M::mem_process_seqs] Processed 1001 reads in 0.632 CPU sec, 0.084 real sec
[M::mem_process_seqs] Processed 1001 reads in 0.615 CPU sec, 0.078 real sec
209617 [main] INFO main.java.edu.mit.compbio.bisulfitehic.mapping.Bhmem  - Processing reads 737000 ...
209617 [main] INFO main.java.edu.mit.compbio.bisulfitehic.mapping.Bhmem  - Unique mapped and paired reads 730150 ...
209620 [main] INFO main.java.edu.mit.compbio.bisulfitehic.mapping.Bhmem  - Processing reads 738000 ...
209620 [main] INFO main.java.edu.mit.compbio.bisulfitehic.mapping.Bhmem  - Unique mapped and paired reads 730150 ...
[M::mem_process_seqs] Processed 1001 reads in 0.656 CPU sec, 0.083 real sec
[M::mem_process_seqs] Processed 1001 reads in 0.558 CPU sec, 0.071 real sec
[M::mem_process_seqs] Processed 1001 reads in 0.655 CPU sec, 0.083 real sec
[M::mem_process_seqs] Processed 1001 reads in 0.603 CPU sec, 0.077 real sec
210060 [main] INFO main.java.edu.mit.compbio.bisulfitehic.mapping.Bhmem  - Processing reads 739000 ...
210060 [main] INFO main.java.edu.mit.compbio.bisulfitehic.mapping.Bhmem  - Unique mapped and paired reads 732124 ...
210063 [main] INFO main.java.edu.mit.compbio.bisulfitehic.mapping.Bhmem  - Processing reads 740000 ...
210063 [main] INFO main.java.edu.mit.compbio.bisulfitehic.mapping.Bhmem  - Unique mapped and paired reads 732124 ...
[M::mem_process_seqs] Processed 1001 reads in 0.708 CPU sec, 0.094 real sec
[M::mem_process_seqs] Processed 1001 reads in 0.603 CPU sec, 0.081 real sec
[M::mem_process_seqs] Processed 1001 reads in 0.715 CPU sec, 0.090 real sec
[M::mem_process_seqs] Processed 1001 reads in 0.658 CPU sec, 0.084 real sec
210542 [main] INFO main.java.edu.mit.compbio.bisulfitehic.mapping.Bhmem  - Processing reads 741000 ...
210542 [main] INFO main.java.edu.mit.compbio.bisulfitehic.mapping.Bhmem  - Unique mapped and paired reads 734112 ...
210545 [main] INFO main.java.edu.mit.compbio.bisulfitehic.mapping.Bhmem  - Processing reads 742000 ...
210545 [main] INFO main.java.edu.mit.compbio.bisulfitehic.mapping.Bhmem  - Unique mapped and paired reads 734112 ...
[M::mem_process_seqs] Processed 1001 reads in 0.697 CPU sec, 0.091 real sec
[M::mem_process_seqs] Processed 1001 reads in 0.604 CPU sec, 0.079 real sec
[M::mem_process_seqs] Processed 1001 reads in 0.745 CPU sec, 0.102 real sec
[M::mem_process_seqs] Processed 1001 reads in 0.744 CPU sec, 0.102 real sec
211052 [main] INFO main.java.edu.mit.compbio.bisulfitehic.mapping.Bhmem  - Processing reads 743000 ...
211052 [main] INFO main.java.edu.mit.compbio.bisulfitehic.mapping.Bhmem  - Unique mapped and paired reads 736094 ...
211055 [main] INFO main.java.edu.mit.compbio.bisulfitehic.mapping.Bhmem  - Processing reads 744000 ...
211055 [main] INFO main.java.edu.mit.compbio.bisulfitehic.mapping.Bhmem  - Unique mapped and paired reads 736094 ...
[M::mem_process_seqs] Processed 1001 reads in 0.612 CPU sec, 0.078 real sec
[M::mem_process_seqs] Processed 1001 reads in 0.520 CPU sec, 0.066 real sec
[M::mem_process_seqs] Processed 1001 reads in 0.645 CPU sec, 0.083 real sec
[M::mem_process_seqs] Processed 1001 reads in 0.595 CPU sec, 0.075 real sec
211482 [main] INFO main.java.edu.mit.compbio.bisulfitehic.mapping.Bhmem  - Processing reads 745000 ...
211482 [main] INFO main.java.edu.mit.compbio.bisulfitehic.mapping.Bhmem  - Unique mapped and paired reads 738072 ...
211485 [main] INFO main.java.edu.mit.compbio.bisulfitehic.mapping.Bhmem  - Processing reads 746000 ...
211485 [main] INFO main.java.edu.mit.compbio.bisulfitehic.mapping.Bhmem  - Unique mapped and paired reads 738072 ...
[M::mem_process_seqs] Processed 1001 reads in 0.696 CPU sec, 0.090 real sec
[M::mem_process_seqs] Processed 1001 reads in 0.622 CPU sec, 0.079 real sec
[M::mem_process_seqs] Processed 1001 reads in 0.701 CPU sec, 0.090 real sec
[M::mem_process_seqs] Processed 1001 reads in 0.668 CPU sec, 0.085 real sec
211958 [main] INFO main.java.edu.mit.compbio.bisulfitehic.mapping.Bhmem  - Processing reads 747000 ...
211958 [main] INFO main.java.edu.mit.compbio.bisulfitehic.mapping.Bhmem  - Unique mapped and paired reads 740056 ...
211961 [main] INFO main.java.edu.mit.compbio.bisulfitehic.mapping.Bhmem  - Processing reads 748000 ...
211961 [main] INFO main.java.edu.mit.compbio.bisulfitehic.mapping.Bhmem  - Unique mapped and paired reads 740056 ...
[M::mem_process_seqs] Processed 1001 reads in 0.683 CPU sec, 0.093 real sec
[M::mem_process_seqs] Processed 1001 reads in 0.638 CPU sec, 0.084 real sec
[M::mem_process_seqs] Processed 1001 reads in 0.689 CPU sec, 0.090 real sec
[M::mem_process_seqs] Processed 1001 reads in 0.767 CPU sec, 0.098 real sec
212456 [main] INFO main.java.edu.mit.compbio.bisulfitehic.mapping.Bhmem  - Processing reads 749000 ...
212456 [main] INFO main.java.edu.mit.compbio.bisulfitehic.mapping.Bhmem  - Unique mapped and paired reads 742034 ...
212459 [main] INFO main.java.edu.mit.compbio.bisulfitehic.mapping.Bhmem  - Processing reads 750000 ...
212459 [main] INFO main.java.edu.mit.compbio.bisulfitehic.mapping.Bhmem  - Unique mapped and paired reads 742034 ...
[M::mem_process_seqs] Processed 1001 reads in 0.751 CPU sec, 0.097 real sec
[M::mem_process_seqs] Processed 1001 reads in 0.605 CPU sec, 0.077 real sec
[M::mem_process_seqs] Processed 1001 reads in 0.738 CPU sec, 0.101 real sec
[M::mem_process_seqs] Processed 1001 reads in 0.720 CPU sec, 0.091 real sec
212959 [main] INFO main.java.edu.mit.compbio.bisulfitehic.mapping.Bhmem  - Processing reads 751000 ...
212959 [main] INFO main.java.edu.mit.compbio.bisulfitehic.mapping.Bhmem  - Unique mapped and paired reads 744028 ...
212962 [main] INFO main.java.edu.mit.compbio.bisulfitehic.mapping.Bhmem  - Processing reads 752000 ...
212962 [main] INFO main.java.edu.mit.compbio.bisulfitehic.mapping.Bhmem  - Unique mapped and paired reads 744028 ...
[M::mem_process_seqs] Processed 1001 reads in 0.716 CPU sec, 0.102 real sec
[M::mem_process_seqs] Processed 1001 reads in 0.644 CPU sec, 0.084 real sec
[M::mem_process_seqs] Processed 1001 reads in 0.759 CPU sec, 0.103 real sec
[M::mem_process_seqs] Processed 1001 reads in 0.791 CPU sec, 0.107 real sec
213490 [main] INFO main.java.edu.mit.compbio.bisulfitehic.mapping.Bhmem  - Processing reads 753000 ...
213490 [main] INFO main.java.edu.mit.compbio.bisulfitehic.mapping.Bhmem  - Unique mapped and paired reads 745998 ...
213493 [main] INFO main.java.edu.mit.compbio.bisulfitehic.mapping.Bhmem  - Processing reads 754000 ...
213493 [main] INFO main.java.edu.mit.compbio.bisulfitehic.mapping.Bhmem  - Unique mapped and paired reads 745998 ...
[M::mem_process_seqs] Processed 1001 reads in 0.695 CPU sec, 0.092 real sec
[M::mem_process_seqs] Processed 1001 reads in 0.594 CPU sec, 0.076 real sec
[M::mem_process_seqs] Processed 1001 reads in 0.675 CPU sec, 0.085 real sec
[M::mem_process_seqs] Processed 1001 reads in 0.705 CPU sec, 0.093 real sec
213971 [main] INFO main.java.edu.mit.compbio.bisulfitehic.mapping.Bhmem  - Processing reads 755000 ...
213971 [main] INFO main.java.edu.mit.compbio.bisulfitehic.mapping.Bhmem  - Unique mapped and paired reads 747978 ...
213974 [main] INFO main.java.edu.mit.compbio.bisulfitehic.mapping.Bhmem  - Processing reads 756000 ...
213974 [main] INFO main.java.edu.mit.compbio.bisulfitehic.mapping.Bhmem  - Unique mapped and paired reads 747978 ...
[M::mem_process_seqs] Processed 1001 reads in 0.693 CPU sec, 0.091 real sec
[M::mem_process_seqs] Processed 1001 reads in 0.671 CPU sec, 0.088 real sec
[M::mem_process_seqs] Processed 1001 reads in 0.704 CPU sec, 0.089 real sec
[M::mem_process_seqs] Processed 1001 reads in 0.694 CPU sec, 0.088 real sec
214462 [main] INFO main.java.edu.mit.compbio.bisulfitehic.mapping.Bhmem  - Processing reads 757000 ...
214462 [main] INFO main.java.edu.mit.compbio.bisulfitehic.mapping.Bhmem  - Unique mapped and paired reads 749956 ...
214465 [main] INFO main.java.edu.mit.compbio.bisulfitehic.mapping.Bhmem  - Processing reads 758000 ...
214465 [main] INFO main.java.edu.mit.compbio.bisulfitehic.mapping.Bhmem  - Unique mapped and paired reads 749956 ...
[M::mem_process_seqs] Processed 1001 reads in 0.696 CPU sec, 0.088 real sec
[M::mem_process_seqs] Processed 1001 reads in 0.593 CPU sec, 0.076 real sec
[M::mem_process_seqs] Processed 1001 reads in 0.750 CPU sec, 0.099 real sec
[M::mem_process_seqs] Processed 1001 reads in 0.743 CPU sec, 0.096 real sec
214960 [main] INFO main.java.edu.mit.compbio.bisulfitehic.mapping.Bhmem  - Processing reads 759000 ...
214960 [main] INFO main.java.edu.mit.compbio.bisulfitehic.mapping.Bhmem  - Unique mapped and paired reads 751942 ...
214963 [main] INFO main.java.edu.mit.compbio.bisulfitehic.mapping.Bhmem  - Processing reads 760000 ...
214963 [main] INFO main.java.edu.mit.compbio.bisulfitehic.mapping.Bhmem  - Unique mapped and paired reads 751942 ...
[M::mem_process_seqs] Processed 1001 reads in 0.703 CPU sec, 0.093 real sec
[M::mem_process_seqs] Processed 1001 reads in 0.641 CPU sec, 0.085 real sec
[M::mem_process_seqs] Processed 1001 reads in 0.746 CPU sec, 0.097 real sec
[M::mem_process_seqs] Processed 1001 reads in 0.789 CPU sec, 0.103 real sec
215475 [main] INFO main.java.edu.mit.compbio.bisulfitehic.mapping.Bhmem  - Processing reads 761000 ...
215475 [main] INFO main.java.edu.mit.compbio.bisulfitehic.mapping.Bhmem  - Unique mapped and paired reads 753924 ...
215478 [main] INFO main.java.edu.mit.compbio.bisulfitehic.mapping.Bhmem  - Processing reads 762000 ...
215478 [main] INFO main.java.edu.mit.compbio.bisulfitehic.mapping.Bhmem  - Unique mapped and paired reads 753924 ...
[M::mem_process_seqs] Processed 1001 reads in 0.648 CPU sec, 0.083 real sec
[M::mem_process_seqs] Processed 1001 reads in 0.564 CPU sec, 0.072 real sec
[M::mem_process_seqs] Processed 1001 reads in 0.668 CPU sec, 0.084 real sec
[M::mem_process_seqs] Processed 1001 reads in 0.620 CPU sec, 0.079 real sec
215926 [main] INFO main.java.edu.mit.compbio.bisulfitehic.mapping.Bhmem  - Processing reads 763000 ...
215926 [main] INFO main.java.edu.mit.compbio.bisulfitehic.mapping.Bhmem  - Unique mapped and paired reads 755898 ...
215929 [main] INFO main.java.edu.mit.compbio.bisulfitehic.mapping.Bhmem  - Processing reads 764000 ...
215929 [main] INFO main.java.edu.mit.compbio.bisulfitehic.mapping.Bhmem  - Unique mapped and paired reads 755898 ...
[M::mem_process_seqs] Processed 1001 reads in 0.693 CPU sec, 0.088 real sec
[M::mem_process_seqs] Processed 1001 reads in 0.614 CPU sec, 0.079 real sec
[M::mem_process_seqs] Processed 1001 reads in 0.723 CPU sec, 0.096 real sec
[M::mem_process_seqs] Processed 1001 reads in 0.686 CPU sec, 0.088 real sec
216412 [main] INFO main.java.edu.mit.compbio.bisulfitehic.mapping.Bhmem  - Processing reads 765000 ...
216412 [main] INFO main.java.edu.mit.compbio.bisulfitehic.mapping.Bhmem  - Unique mapped and paired reads 757886 ...
216415 [main] INFO main.java.edu.mit.compbio.bisulfitehic.mapping.Bhmem  - Processing reads 766000 ...
216415 [main] INFO main.java.edu.mit.compbio.bisulfitehic.mapping.Bhmem  - Unique mapped and paired reads 757886 ...
[M::mem_process_seqs] Processed 1001 reads in 0.787 CPU sec, 0.099 real sec
[M::mem_process_seqs] Processed 1001 reads in 0.618 CPU sec, 0.078 real sec
[M::mem_process_seqs] Processed 1001 reads in 0.761 CPU sec, 0.102 real sec
[M::mem_process_seqs] Processed 1001 reads in 0.727 CPU sec, 0.093 real sec
216925 [main] INFO main.java.edu.mit.compbio.bisulfitehic.mapping.Bhmem  - Processing reads 767000 ...
216925 [main] INFO main.java.edu.mit.compbio.bisulfitehic.mapping.Bhmem  - Unique mapped and paired reads 759866 ...
216928 [main] INFO main.java.edu.mit.compbio.bisulfitehic.mapping.Bhmem  - Processing reads 768000 ...
216928 [main] INFO main.java.edu.mit.compbio.bisulfitehic.mapping.Bhmem  - Unique mapped and paired reads 759866 ...
[M::mem_process_seqs] Processed 1001 reads in 0.760 CPU sec, 0.096 real sec
[M::mem_process_seqs] Processed 1001 reads in 0.664 CPU sec, 0.087 real sec
[M::mem_process_seqs] Processed 1001 reads in 0.804 CPU sec, 0.103 real sec
[M::mem_process_seqs] Processed 1001 reads in 0.732 CPU sec, 0.099 real sec
217449 [main] INFO main.java.edu.mit.compbio.bisulfitehic.mapping.Bhmem  - Processing reads 769000 ...
217449 [main] INFO main.java.edu.mit.compbio.bisulfitehic.mapping.Bhmem  - Unique mapped and paired reads 761858 ...
217452 [main] INFO main.java.edu.mit.compbio.bisulfitehic.mapping.Bhmem  - Processing reads 770000 ...
217452 [main] INFO main.java.edu.mit.compbio.bisulfitehic.mapping.Bhmem  - Unique mapped and paired reads 761858 ...
[M::mem_process_seqs] Processed 1001 reads in 0.805 CPU sec, 0.102 real sec
[M::mem_process_seqs] Processed 1001 reads in 0.752 CPU sec, 0.096 real sec
[M::mem_process_seqs] Processed 1001 reads in 0.843 CPU sec, 0.107 real sec
[M::mem_process_seqs] Processed 1001 reads in 0.868 CPU sec, 0.111 real sec
218011 [main] INFO main.java.edu.mit.compbio.bisulfitehic.mapping.Bhmem  - Processing reads 771000 ...
218011 [main] INFO main.java.edu.mit.compbio.bisulfitehic.mapping.Bhmem  - Unique mapped and paired reads 763844 ...
218014 [main] INFO main.java.edu.mit.compbio.bisulfitehic.mapping.Bhmem  - Processing reads 772000 ...
218014 [main] INFO main.java.edu.mit.compbio.bisulfitehic.mapping.Bhmem  - Unique mapped and paired reads 763844 ...
[M::mem_process_seqs] Processed 1001 reads in 0.782 CPU sec, 0.099 real sec
[M::mem_process_seqs] Processed 1001 reads in 0.671 CPU sec, 0.085 real sec
[M::mem_process_seqs] Processed 1001 reads in 0.816 CPU sec, 0.109 real sec
[M::mem_process_seqs] Processed 1001 reads in 0.798 CPU sec, 0.102 real sec
218550 [main] INFO main.java.edu.mit.compbio.bisulfitehic.mapping.Bhmem  - Processing reads 773000 ...
218550 [main] INFO main.java.edu.mit.compbio.bisulfitehic.mapping.Bhmem  - Unique mapped and paired reads 765832 ...
218586 [main] INFO main.java.edu.mit.compbio.bisulfitehic.mapping.Bhmem  - Processing reads 774000 ...
218586 [main] INFO main.java.edu.mit.compbio.bisulfitehic.mapping.Bhmem  - Unique mapped and paired reads 765832 ...
[M::mem_process_seqs] Processed 1001 reads in 0.807 CPU sec, 0.102 real sec
[M::mem_process_seqs] Processed 1001 reads in 0.713 CPU sec, 0.090 real sec
[M::mem_process_seqs] Processed 1001 reads in 0.754 CPU sec, 0.103 real sec
[M::mem_process_seqs] Processed 1001 reads in 0.793 CPU sec, 0.103 real sec
219133 [main] INFO main.java.edu.mit.compbio.bisulfitehic.mapping.Bhmem  - Processing reads 775000 ...
219133 [main] INFO main.java.edu.mit.compbio.bisulfitehic.mapping.Bhmem  - Unique mapped and paired reads 767826 ...
219136 [main] INFO main.java.edu.mit.compbio.bisulfitehic.mapping.Bhmem  - Processing reads 776000 ...
219136 [main] INFO main.java.edu.mit.compbio.bisulfitehic.mapping.Bhmem  - Unique mapped and paired reads 767826 ...
[M::mem_process_seqs] Processed 1001 reads in 0.799 CPU sec, 0.101 real sec
[M::mem_process_seqs] Processed 1001 reads in 0.688 CPU sec, 0.087 real sec
[M::mem_process_seqs] Processed 1001 reads in 0.753 CPU sec, 0.096 real sec
[M::mem_process_seqs] Processed 1001 reads in 0.793 CPU sec, 0.100 real sec
219657 [main] INFO main.java.edu.mit.compbio.bisulfitehic.mapping.Bhmem  - Processing reads 777000 ...
219657 [main] INFO main.java.edu.mit.compbio.bisulfitehic.mapping.Bhmem  - Unique mapped and paired reads 769812 ...
219660 [main] INFO main.java.edu.mit.compbio.bisulfitehic.mapping.Bhmem  - Processing reads 778000 ...
219660 [main] INFO main.java.edu.mit.compbio.bisulfitehic.mapping.Bhmem  - Unique mapped and paired reads 769812 ...
[M::mem_process_seqs] Processed 1001 reads in 0.772 CPU sec, 0.101 real sec
[M::mem_process_seqs] Processed 1001 reads in 0.709 CPU sec, 0.092 real sec
[M::mem_process_seqs] Processed 1001 reads in 0.792 CPU sec, 0.100 real sec
[M::mem_process_seqs] Processed 1001 reads in 0.760 CPU sec, 0.102 real sec
220196 [main] INFO main.java.edu.mit.compbio.bisulfitehic.mapping.Bhmem  - Processing reads 779000 ...
220196 [main] INFO main.java.edu.mit.compbio.bisulfitehic.mapping.Bhmem  - Unique mapped and paired reads 771790 ...
220199 [main] INFO main.java.edu.mit.compbio.bisulfitehic.mapping.Bhmem  - Processing reads 780000 ...
220199 [main] INFO main.java.edu.mit.compbio.bisulfitehic.mapping.Bhmem  - Unique mapped and paired reads 771790 ...
[M::mem_process_seqs] Processed 1001 reads in 0.723 CPU sec, 0.092 real sec
[M::mem_process_seqs] Processed 1001 reads in 0.598 CPU sec, 0.076 real sec
[M::mem_process_seqs] Processed 1001 reads in 0.798 CPU sec, 0.102 real sec
[M::mem_process_seqs] Processed 1001 reads in 0.720 CPU sec, 0.095 real sec
220697 [main] INFO main.java.edu.mit.compbio.bisulfitehic.mapping.Bhmem  - Processing reads 781000 ...
220697 [main] INFO main.java.edu.mit.compbio.bisulfitehic.mapping.Bhmem  - Unique mapped and paired reads 773762 ...
220700 [main] INFO main.java.edu.mit.compbio.bisulfitehic.mapping.Bhmem  - Processing reads 782000 ...
220700 [main] INFO main.java.edu.mit.compbio.bisulfitehic.mapping.Bhmem  - Unique mapped and paired reads 773762 ...
[M::mem_process_seqs] Processed 1001 reads in 0.759 CPU sec, 0.097 real sec
[M::mem_process_seqs] Processed 1001 reads in 0.651 CPU sec, 0.082 real sec
[M::mem_process_seqs] Processed 1001 reads in 0.773 CPU sec, 0.112 real sec
[M::mem_process_seqs] Processed 1001 reads in 0.795 CPU sec, 0.103 real sec
221225 [main] INFO main.java.edu.mit.compbio.bisulfitehic.mapping.Bhmem  - Processing reads 783000 ...
221225 [main] INFO main.java.edu.mit.compbio.bisulfitehic.mapping.Bhmem  - Unique mapped and paired reads 775732 ...
221228 [main] INFO main.java.edu.mit.compbio.bisulfitehic.mapping.Bhmem  - Processing reads 784000 ...
221228 [main] INFO main.java.edu.mit.compbio.bisulfitehic.mapping.Bhmem  - Unique mapped and paired reads 775732 ...
[M::mem_process_seqs] Processed 1001 reads in 0.690 CPU sec, 0.087 real sec
[M::mem_process_seqs] Processed 1001 reads in 0.623 CPU sec, 0.079 real sec
[M::mem_process_seqs] Processed 1001 reads in 0.737 CPU sec, 0.093 real sec
[M::mem_process_seqs] Processed 1001 reads in 0.722 CPU sec, 0.091 real sec
221708 [main] INFO main.java.edu.mit.compbio.bisulfitehic.mapping.Bhmem  - Processing reads 785000 ...
221708 [main] INFO main.java.edu.mit.compbio.bisulfitehic.mapping.Bhmem  - Unique mapped and paired reads 777716 ...
221711 [main] INFO main.java.edu.mit.compbio.bisulfitehic.mapping.Bhmem  - Processing reads 786000 ...
221711 [main] INFO main.java.edu.mit.compbio.bisulfitehic.mapping.Bhmem  - Unique mapped and paired reads 777716 ...
[M::mem_process_seqs] Processed 1001 reads in 0.624 CPU sec, 0.083 real sec
[M::mem_process_seqs] Processed 1001 reads in 0.540 CPU sec, 0.073 real sec
[M::mem_process_seqs] Processed 1001 reads in 0.636 CPU sec, 0.081 real sec
[M::mem_process_seqs] Processed 1001 reads in 0.611 CPU sec, 0.078 real sec
222157 [main] INFO main.java.edu.mit.compbio.bisulfitehic.mapping.Bhmem  - Processing reads 787000 ...
222157 [main] INFO main.java.edu.mit.compbio.bisulfitehic.mapping.Bhmem  - Unique mapped and paired reads 779690 ...
222160 [main] INFO main.java.edu.mit.compbio.bisulfitehic.mapping.Bhmem  - Processing reads 788000 ...
222160 [main] INFO main.java.edu.mit.compbio.bisulfitehic.mapping.Bhmem  - Unique mapped and paired reads 779690 ...
[M::mem_process_seqs] Processed 1001 reads in 0.763 CPU sec, 0.097 real sec
[M::mem_process_seqs] Processed 1001 reads in 0.643 CPU sec, 0.085 real sec
[M::mem_process_seqs] Processed 1001 reads in 0.780 CPU sec, 0.100 real sec
[M::mem_process_seqs] Processed 1001 reads in 0.741 CPU sec, 0.094 real sec
222667 [main] INFO main.java.edu.mit.compbio.bisulfitehic.mapping.Bhmem  - Processing reads 789000 ...
222667 [main] INFO main.java.edu.mit.compbio.bisulfitehic.mapping.Bhmem  - Unique mapped and paired reads 781676 ...
222670 [main] INFO main.java.edu.mit.compbio.bisulfitehic.mapping.Bhmem  - Processing reads 790000 ...
222670 [main] INFO main.java.edu.mit.compbio.bisulfitehic.mapping.Bhmem  - Unique mapped and paired reads 781676 ...
[M::mem_process_seqs] Processed 1001 reads in 0.724 CPU sec, 0.092 real sec
[M::mem_process_seqs] Processed 1001 reads in 0.649 CPU sec, 0.090 real sec
[M::mem_process_seqs] Processed 1001 reads in 0.751 CPU sec, 0.098 real sec
[M::mem_process_seqs] Processed 1001 reads in 0.697 CPU sec, 0.094 real sec
223178 [main] INFO main.java.edu.mit.compbio.bisulfitehic.mapping.Bhmem  - Processing reads 791000 ...
223178 [main] INFO main.java.edu.mit.compbio.bisulfitehic.mapping.Bhmem  - Unique mapped and paired reads 783662 ...
223181 [main] INFO main.java.edu.mit.compbio.bisulfitehic.mapping.Bhmem  - Processing reads 792000 ...
223181 [main] INFO main.java.edu.mit.compbio.bisulfitehic.mapping.Bhmem  - Unique mapped and paired reads 783662 ...
[M::mem_process_seqs] Processed 1001 reads in 0.711 CPU sec, 0.091 real sec
[M::mem_process_seqs] Processed 1001 reads in 0.632 CPU sec, 0.080 real sec
[M::mem_process_seqs] Processed 1001 reads in 0.742 CPU sec, 0.095 real sec
[M::mem_process_seqs] Processed 1001 reads in 0.718 CPU sec, 0.093 real sec
223673 [main] INFO main.java.edu.mit.compbio.bisulfitehic.mapping.Bhmem  - Processing reads 793000 ...
223673 [main] INFO main.java.edu.mit.compbio.bisulfitehic.mapping.Bhmem  - Unique mapped and paired reads 785650 ...
223676 [main] INFO main.java.edu.mit.compbio.bisulfitehic.mapping.Bhmem  - Processing reads 794000 ...
223676 [main] INFO main.java.edu.mit.compbio.bisulfitehic.mapping.Bhmem  - Unique mapped and paired reads 785650 ...
[M::mem_process_seqs] Processed 1001 reads in 0.697 CPU sec, 0.094 real sec
[M::mem_process_seqs] Processed 1001 reads in 0.611 CPU sec, 0.078 real sec
[M::mem_process_seqs] Processed 1001 reads in 0.693 CPU sec, 0.094 real sec
[M::mem_process_seqs] Processed 1001 reads in 0.694 CPU sec, 0.090 real sec
224159 [main] INFO main.java.edu.mit.compbio.bisulfitehic.mapping.Bhmem  - Processing reads 795000 ...
224159 [main] INFO main.java.edu.mit.compbio.bisulfitehic.mapping.Bhmem  - Unique mapped and paired reads 787642 ...
224162 [main] INFO main.java.edu.mit.compbio.bisulfitehic.mapping.Bhmem  - Processing reads 796000 ...
224162 [main] INFO main.java.edu.mit.compbio.bisulfitehic.mapping.Bhmem  - Unique mapped and paired reads 787642 ...
[M::mem_process_seqs] Processed 1001 reads in 0.654 CPU sec, 0.083 real sec
[M::mem_process_seqs] Processed 1001 reads in 0.534 CPU sec, 0.068 real sec
[M::mem_process_seqs] Processed 1001 reads in 0.684 CPU sec, 0.091 real sec
[M::mem_process_seqs] Processed 1001 reads in 0.671 CPU sec, 0.087 real sec
224623 [main] INFO main.java.edu.mit.compbio.bisulfitehic.mapping.Bhmem  - Processing reads 797000 ...
224623 [main] INFO main.java.edu.mit.compbio.bisulfitehic.mapping.Bhmem  - Unique mapped and paired reads 789624 ...
224626 [main] INFO main.java.edu.mit.compbio.bisulfitehic.mapping.Bhmem  - Processing reads 798000 ...
224626 [main] INFO main.java.edu.mit.compbio.bisulfitehic.mapping.Bhmem  - Unique mapped and paired reads 789624 ...
[M::mem_process_seqs] Processed 1001 reads in 0.691 CPU sec, 0.087 real sec
[M::mem_process_seqs] Processed 1001 reads in 0.569 CPU sec, 0.076 real sec
[M::mem_process_seqs] Processed 1001 reads in 0.675 CPU sec, 0.091 real sec
[M::mem_process_seqs] Processed 1001 reads in 0.671 CPU sec, 0.088 real sec
225098 [main] INFO main.java.edu.mit.compbio.bisulfitehic.mapping.Bhmem  - Processing reads 799000 ...
225098 [main] INFO main.java.edu.mit.compbio.bisulfitehic.mapping.Bhmem  - Unique mapped and paired reads 791606 ...
225101 [main] INFO main.java.edu.mit.compbio.bisulfitehic.mapping.Bhmem  - Processing reads 800000 ...
225101 [main] INFO main.java.edu.mit.compbio.bisulfitehic.mapping.Bhmem  - Unique mapped and paired reads 791606 ...
[M::mem_process_seqs] Processed 1001 reads in 0.733 CPU sec, 0.093 real sec
[M::mem_process_seqs] Processed 1001 reads in 0.663 CPU sec, 0.090 real sec
[M::mem_process_seqs] Processed 1001 reads in 0.762 CPU sec, 0.098 real sec
[M::mem_process_seqs] Processed 1001 reads in 0.760 CPU sec, 0.104 real sec
225621 [main] INFO main.java.edu.mit.compbio.bisulfitehic.mapping.Bhmem  - Processing reads 801000 ...
225621 [main] INFO main.java.edu.mit.compbio.bisulfitehic.mapping.Bhmem  - Unique mapped and paired reads 793592 ...
225624 [main] INFO main.java.edu.mit.compbio.bisulfitehic.mapping.Bhmem  - Processing reads 802000 ...
225624 [main] INFO main.java.edu.mit.compbio.bisulfitehic.mapping.Bhmem  - Unique mapped and paired reads 793592 ...
[M::mem_process_seqs] Processed 1001 reads in 0.689 CPU sec, 0.087 real sec
[M::mem_process_seqs] Processed 1001 reads in 0.616 CPU sec, 0.079 real sec
[M::mem_process_seqs] Processed 1001 reads in 0.728 CPU sec, 0.092 real sec
[M::mem_process_seqs] Processed 1001 reads in 0.717 CPU sec, 0.095 real sec
226104 [main] INFO main.java.edu.mit.compbio.bisulfitehic.mapping.Bhmem  - Processing reads 803000 ...
226104 [main] INFO main.java.edu.mit.compbio.bisulfitehic.mapping.Bhmem  - Unique mapped and paired reads 795572 ...
226107 [main] INFO main.java.edu.mit.compbio.bisulfitehic.mapping.Bhmem  - Processing reads 804000 ...
226107 [main] INFO main.java.edu.mit.compbio.bisulfitehic.mapping.Bhmem  - Unique mapped and paired reads 795572 ...
[M::mem_process_seqs] Processed 1001 reads in 0.720 CPU sec, 0.091 real sec
[M::mem_process_seqs] Processed 1001 reads in 0.602 CPU sec, 0.077 real sec
[M::mem_process_seqs] Processed 1001 reads in 0.721 CPU sec, 0.093 real sec
[M::mem_process_seqs] Processed 1001 reads in 0.711 CPU sec, 0.090 real sec
226592 [main] INFO main.java.edu.mit.compbio.bisulfitehic.mapping.Bhmem  - Processing reads 805000 ...
226592 [main] INFO main.java.edu.mit.compbio.bisulfitehic.mapping.Bhmem  - Unique mapped and paired reads 797550 ...
226595 [main] INFO main.java.edu.mit.compbio.bisulfitehic.mapping.Bhmem  - Processing reads 806000 ...
226595 [main] INFO main.java.edu.mit.compbio.bisulfitehic.mapping.Bhmem  - Unique mapped and paired reads 797550 ...
[M::mem_process_seqs] Processed 1001 reads in 0.697 CPU sec, 0.089 real sec
[M::mem_process_seqs] Processed 1001 reads in 0.601 CPU sec, 0.077 real sec
[M::mem_process_seqs] Processed 1001 reads in 0.701 CPU sec, 0.088 real sec
[M::mem_process_seqs] Processed 1001 reads in 0.702 CPU sec, 0.089 real sec
227100 [main] INFO main.java.edu.mit.compbio.bisulfitehic.mapping.Bhmem  - Processing reads 807000 ...
227100 [main] INFO main.java.edu.mit.compbio.bisulfitehic.mapping.Bhmem  - Unique mapped and paired reads 799538 ...
227108 [main] INFO main.java.edu.mit.compbio.bisulfitehic.mapping.Bhmem  - Processing reads 808000 ...
227108 [main] INFO main.java.edu.mit.compbio.bisulfitehic.mapping.Bhmem  - Unique mapped and paired reads 799538 ...
[M::mem_process_seqs] Processed 1001 reads in 0.675 CPU sec, 0.086 real sec
[M::mem_process_seqs] Processed 1001 reads in 0.596 CPU sec, 0.077 real sec
[M::mem_process_seqs] Processed 1001 reads in 0.715 CPU sec, 0.091 real sec
[M::mem_process_seqs] Processed 1001 reads in 0.682 CPU sec, 0.089 real sec
227586 [main] INFO main.java.edu.mit.compbio.bisulfitehic.mapping.Bhmem  - Processing reads 809000 ...
227586 [main] INFO main.java.edu.mit.compbio.bisulfitehic.mapping.Bhmem  - Unique mapped and paired reads 801512 ...
227589 [main] INFO main.java.edu.mit.compbio.bisulfitehic.mapping.Bhmem  - Processing reads 810000 ...
227589 [main] INFO main.java.edu.mit.compbio.bisulfitehic.mapping.Bhmem  - Unique mapped and paired reads 801512 ...
[M::mem_process_seqs] Processed 1001 reads in 0.722 CPU sec, 0.091 real sec
[M::mem_process_seqs] Processed 1001 reads in 0.631 CPU sec, 0.080 real sec
[M::mem_process_seqs] Processed 1001 reads in 0.732 CPU sec, 0.094 real sec
[M::mem_process_seqs] Processed 1001 reads in 0.722 CPU sec, 0.094 real sec
228078 [main] INFO main.java.edu.mit.compbio.bisulfitehic.mapping.Bhmem  - Processing reads 811000 ...
228078 [main] INFO main.java.edu.mit.compbio.bisulfitehic.mapping.Bhmem  - Unique mapped and paired reads 803496 ...
228081 [main] INFO main.java.edu.mit.compbio.bisulfitehic.mapping.Bhmem  - Processing reads 812000 ...
228081 [main] INFO main.java.edu.mit.compbio.bisulfitehic.mapping.Bhmem  - Unique mapped and paired reads 803496 ...
[M::mem_process_seqs] Processed 1001 reads in 0.673 CPU sec, 0.086 real sec
[M::mem_process_seqs] Processed 1001 reads in 0.554 CPU sec, 0.070 real sec
[M::mem_process_seqs] Processed 1001 reads in 0.710 CPU sec, 0.091 real sec
[M::mem_process_seqs] Processed 1001 reads in 0.701 CPU sec, 0.092 real sec
228549 [main] INFO main.java.edu.mit.compbio.bisulfitehic.mapping.Bhmem  - Processing reads 813000 ...
228549 [main] INFO main.java.edu.mit.compbio.bisulfitehic.mapping.Bhmem  - Unique mapped and paired reads 805474 ...
228552 [main] INFO main.java.edu.mit.compbio.bisulfitehic.mapping.Bhmem  - Processing reads 814000 ...
228552 [main] INFO main.java.edu.mit.compbio.bisulfitehic.mapping.Bhmem  - Unique mapped and paired reads 805474 ...
[M::mem_process_seqs] Processed 1001 reads in 0.635 CPU sec, 0.080 real sec
[M::mem_process_seqs] Processed 1001 reads in 0.568 CPU sec, 0.072 real sec
[M::mem_process_seqs] Processed 1001 reads in 0.663 CPU sec, 0.084 real sec
[M::mem_process_seqs] Processed 1001 reads in 0.652 CPU sec, 0.083 real sec
228997 [main] INFO main.java.edu.mit.compbio.bisulfitehic.mapping.Bhmem  - Processing reads 815000 ...
228997 [main] INFO main.java.edu.mit.compbio.bisulfitehic.mapping.Bhmem  - Unique mapped and paired reads 807466 ...
229000 [main] INFO main.java.edu.mit.compbio.bisulfitehic.mapping.Bhmem  - Processing reads 816000 ...
229000 [main] INFO main.java.edu.mit.compbio.bisulfitehic.mapping.Bhmem  - Unique mapped and paired reads 807466 ...
[M::mem_process_seqs] Processed 1001 reads in 0.756 CPU sec, 0.096 real sec
[M::mem_process_seqs] Processed 1001 reads in 0.602 CPU sec, 0.077 real sec
[M::mem_process_seqs] Processed 1001 reads in 0.733 CPU sec, 0.093 real sec
[M::mem_process_seqs] Processed 1001 reads in 0.700 CPU sec, 0.089 real sec
229489 [main] INFO main.java.edu.mit.compbio.bisulfitehic.mapping.Bhmem  - Processing reads 817000 ...
229489 [main] INFO main.java.edu.mit.compbio.bisulfitehic.mapping.Bhmem  - Unique mapped and paired reads 809456 ...
229492 [main] INFO main.java.edu.mit.compbio.bisulfitehic.mapping.Bhmem  - Processing reads 818000 ...
229492 [main] INFO main.java.edu.mit.compbio.bisulfitehic.mapping.Bhmem  - Unique mapped and paired reads 809456 ...
[M::mem_process_seqs] Processed 1001 reads in 0.762 CPU sec, 0.096 real sec
[M::mem_process_seqs] Processed 1001 reads in 0.593 CPU sec, 0.075 real sec
[M::mem_process_seqs] Processed 1001 reads in 0.776 CPU sec, 0.099 real sec
[M::mem_process_seqs] Processed 1001 reads in 0.709 CPU sec, 0.090 real sec
229988 [main] INFO main.java.edu.mit.compbio.bisulfitehic.mapping.Bhmem  - Processing reads 819000 ...
229988 [main] INFO main.java.edu.mit.compbio.bisulfitehic.mapping.Bhmem  - Unique mapped and paired reads 811442 ...
229991 [main] INFO main.java.edu.mit.compbio.bisulfitehic.mapping.Bhmem  - Processing reads 820000 ...
229991 [main] INFO main.java.edu.mit.compbio.bisulfitehic.mapping.Bhmem  - Unique mapped and paired reads 811442 ...
[M::mem_process_seqs] Processed 1001 reads in 0.689 CPU sec, 0.088 real sec
[M::mem_process_seqs] Processed 1001 reads in 0.610 CPU sec, 0.078 real sec
[M::mem_process_seqs] Processed 1001 reads in 0.756 CPU sec, 0.096 real sec
[M::mem_process_seqs] Processed 1001 reads in 0.703 CPU sec, 0.101 real sec
230489 [main] INFO main.java.edu.mit.compbio.bisulfitehic.mapping.Bhmem  - Processing reads 821000 ...
230489 [main] INFO main.java.edu.mit.compbio.bisulfitehic.mapping.Bhmem  - Unique mapped and paired reads 813426 ...
230492 [main] INFO main.java.edu.mit.compbio.bisulfitehic.mapping.Bhmem  - Processing reads 822000 ...
230492 [main] INFO main.java.edu.mit.compbio.bisulfitehic.mapping.Bhmem  - Unique mapped and paired reads 813426 ...
[M::mem_process_seqs] Processed 1001 reads in 0.696 CPU sec, 0.089 real sec
[M::mem_process_seqs] Processed 1001 reads in 0.574 CPU sec, 0.074 real sec
[M::mem_process_seqs] Processed 1001 reads in 0.748 CPU sec, 0.096 real sec
[M::mem_process_seqs] Processed 1001 reads in 0.762 CPU sec, 0.097 real sec
230977 [main] INFO main.java.edu.mit.compbio.bisulfitehic.mapping.Bhmem  - Processing reads 823000 ...
230977 [main] INFO main.java.edu.mit.compbio.bisulfitehic.mapping.Bhmem  - Unique mapped and paired reads 815408 ...
230980 [main] INFO main.java.edu.mit.compbio.bisulfitehic.mapping.Bhmem  - Processing reads 824000 ...
230980 [main] INFO main.java.edu.mit.compbio.bisulfitehic.mapping.Bhmem  - Unique mapped and paired reads 815408 ...
[M::mem_process_seqs] Processed 1001 reads in 0.707 CPU sec, 0.090 real sec
[M::mem_process_seqs] Processed 1001 reads in 0.640 CPU sec, 0.084 real sec
[M::mem_process_seqs] Processed 1001 reads in 0.733 CPU sec, 0.093 real sec
[M::mem_process_seqs] Processed 1001 reads in 0.724 CPU sec, 0.091 real sec
231468 [main] INFO main.java.edu.mit.compbio.bisulfitehic.mapping.Bhmem  - Processing reads 825000 ...
231468 [main] INFO main.java.edu.mit.compbio.bisulfitehic.mapping.Bhmem  - Unique mapped and paired reads 817396 ...
231471 [main] INFO main.java.edu.mit.compbio.bisulfitehic.mapping.Bhmem  - Processing reads 826000 ...
231471 [main] INFO main.java.edu.mit.compbio.bisulfitehic.mapping.Bhmem  - Unique mapped and paired reads 817396 ...
[M::mem_process_seqs] Processed 1001 reads in 0.696 CPU sec, 0.088 real sec
[M::mem_process_seqs] Processed 1001 reads in 0.580 CPU sec, 0.074 real sec
[M::mem_process_seqs] Processed 1001 reads in 0.669 CPU sec, 0.087 real sec
[M::mem_process_seqs] Processed 1001 reads in 0.659 CPU sec, 0.083 real sec
231934 [main] INFO main.java.edu.mit.compbio.bisulfitehic.mapping.Bhmem  - Processing reads 827000 ...
231934 [main] INFO main.java.edu.mit.compbio.bisulfitehic.mapping.Bhmem  - Unique mapped and paired reads 819372 ...
231937 [main] INFO main.java.edu.mit.compbio.bisulfitehic.mapping.Bhmem  - Processing reads 828000 ...
231937 [main] INFO main.java.edu.mit.compbio.bisulfitehic.mapping.Bhmem  - Unique mapped and paired reads 819372 ...
[M::mem_process_seqs] Processed 1001 reads in 0.742 CPU sec, 0.094 real sec
[M::mem_process_seqs] Processed 1001 reads in 0.622 CPU sec, 0.079 real sec
[M::mem_process_seqs] Processed 1001 reads in 0.775 CPU sec, 0.099 real sec
[M::mem_process_seqs] Processed 1001 reads in 0.712 CPU sec, 0.095 real sec
232437 [main] INFO main.java.edu.mit.compbio.bisulfitehic.mapping.Bhmem  - Processing reads 829000 ...
232437 [main] INFO main.java.edu.mit.compbio.bisulfitehic.mapping.Bhmem  - Unique mapped and paired reads 821352 ...
232440 [main] INFO main.java.edu.mit.compbio.bisulfitehic.mapping.Bhmem  - Processing reads 830000 ...
232440 [main] INFO main.java.edu.mit.compbio.bisulfitehic.mapping.Bhmem  - Unique mapped and paired reads 821352 ...
[M::mem_process_seqs] Processed 1001 reads in 0.738 CPU sec, 0.099 real sec
[M::mem_process_seqs] Processed 1001 reads in 0.664 CPU sec, 0.085 real sec
[M::mem_process_seqs] Processed 1001 reads in 0.728 CPU sec, 0.093 real sec
[M::mem_process_seqs] Processed 1001 reads in 0.733 CPU sec, 0.097 real sec
232946 [main] INFO main.java.edu.mit.compbio.bisulfitehic.mapping.Bhmem  - Processing reads 831000 ...
232946 [main] INFO main.java.edu.mit.compbio.bisulfitehic.mapping.Bhmem  - Unique mapped and paired reads 823334 ...
232949 [main] INFO main.java.edu.mit.compbio.bisulfitehic.mapping.Bhmem  - Processing reads 832000 ...
232949 [main] INFO main.java.edu.mit.compbio.bisulfitehic.mapping.Bhmem  - Unique mapped and paired reads 823334 ...
[M::mem_process_seqs] Processed 1001 reads in 0.715 CPU sec, 0.092 real sec
[M::mem_process_seqs] Processed 1001 reads in 0.632 CPU sec, 0.080 real sec
[M::mem_process_seqs] Processed 1001 reads in 0.800 CPU sec, 0.102 real sec
[M::mem_process_seqs] Processed 1001 reads in 0.788 CPU sec, 0.108 real sec
233466 [main] INFO main.java.edu.mit.compbio.bisulfitehic.mapping.Bhmem  - Processing reads 833000 ...
233466 [main] INFO main.java.edu.mit.compbio.bisulfitehic.mapping.Bhmem  - Unique mapped and paired reads 825318 ...
233469 [main] INFO main.java.edu.mit.compbio.bisulfitehic.mapping.Bhmem  - Processing reads 834000 ...
233469 [main] INFO main.java.edu.mit.compbio.bisulfitehic.mapping.Bhmem  - Unique mapped and paired reads 825318 ...
[M::mem_process_seqs] Processed 1001 reads in 0.711 CPU sec, 0.093 real sec
[M::mem_process_seqs] Processed 1001 reads in 0.600 CPU sec, 0.076 real sec
[M::mem_process_seqs] Processed 1001 reads in 0.712 CPU sec, 0.092 real sec
[M::mem_process_seqs] Processed 1001 reads in 0.695 CPU sec, 0.090 real sec
233948 [main] INFO main.java.edu.mit.compbio.bisulfitehic.mapping.Bhmem  - Processing reads 835000 ...
233948 [main] INFO main.java.edu.mit.compbio.bisulfitehic.mapping.Bhmem  - Unique mapped and paired reads 827306 ...
233951 [main] INFO main.java.edu.mit.compbio.bisulfitehic.mapping.Bhmem  - Processing reads 836000 ...
233951 [main] INFO main.java.edu.mit.compbio.bisulfitehic.mapping.Bhmem  - Unique mapped and paired reads 827306 ...
[M::mem_process_seqs] Processed 1001 reads in 0.769 CPU sec, 0.101 real sec
[M::mem_process_seqs] Processed 1001 reads in 0.684 CPU sec, 0.087 real sec
[M::mem_process_seqs] Processed 1001 reads in 0.780 CPU sec, 0.099 real sec
[M::mem_process_seqs] Processed 1001 reads in 0.789 CPU sec, 0.113 real sec
234493 [main] INFO main.java.edu.mit.compbio.bisulfitehic.mapping.Bhmem  - Processing reads 837000 ...
234493 [main] INFO main.java.edu.mit.compbio.bisulfitehic.mapping.Bhmem  - Unique mapped and paired reads 829294 ...
234496 [main] INFO main.java.edu.mit.compbio.bisulfitehic.mapping.Bhmem  - Processing reads 838000 ...
234496 [main] INFO main.java.edu.mit.compbio.bisulfitehic.mapping.Bhmem  - Unique mapped and paired reads 829294 ...
[M::mem_process_seqs] Processed 1001 reads in 0.777 CPU sec, 0.100 real sec
[M::mem_process_seqs] Processed 1001 reads in 0.692 CPU sec, 0.090 real sec
[M::mem_process_seqs] Processed 1001 reads in 0.728 CPU sec, 0.095 real sec
[M::mem_process_seqs] Processed 1001 reads in 0.751 CPU sec, 0.099 real sec
235012 [main] INFO main.java.edu.mit.compbio.bisulfitehic.mapping.Bhmem  - Processing reads 839000 ...
235012 [main] INFO main.java.edu.mit.compbio.bisulfitehic.mapping.Bhmem  - Unique mapped and paired reads 831268 ...
235015 [main] INFO main.java.edu.mit.compbio.bisulfitehic.mapping.Bhmem  - Processing reads 840000 ...
235015 [main] INFO main.java.edu.mit.compbio.bisulfitehic.mapping.Bhmem  - Unique mapped and paired reads 831268 ...
[M::mem_process_seqs] Processed 1001 reads in 0.742 CPU sec, 0.094 real sec
[M::mem_process_seqs] Processed 1001 reads in 0.594 CPU sec, 0.075 real sec
[M::mem_process_seqs] Processed 1001 reads in 0.777 CPU sec, 0.105 real sec
[M::mem_process_seqs] Processed 1001 reads in 0.752 CPU sec, 0.102 real sec
235525 [main] INFO main.java.edu.mit.compbio.bisulfitehic.mapping.Bhmem  - Processing reads 841000 ...
235525 [main] INFO main.java.edu.mit.compbio.bisulfitehic.mapping.Bhmem  - Unique mapped and paired reads 833244 ...
235528 [main] INFO main.java.edu.mit.compbio.bisulfitehic.mapping.Bhmem  - Processing reads 842000 ...
235528 [main] INFO main.java.edu.mit.compbio.bisulfitehic.mapping.Bhmem  - Unique mapped and paired reads 833244 ...
[M::mem_process_seqs] Processed 1001 reads in 0.721 CPU sec, 0.097 real sec
[M::mem_process_seqs] Processed 1001 reads in 0.647 CPU sec, 0.088 real sec
[M::mem_process_seqs] Processed 1001 reads in 0.727 CPU sec, 0.093 real sec
[M::mem_process_seqs] Processed 1001 reads in 0.667 CPU sec, 0.085 real sec
236019 [main] INFO main.java.edu.mit.compbio.bisulfitehic.mapping.Bhmem  - Processing reads 843000 ...
236019 [main] INFO main.java.edu.mit.compbio.bisulfitehic.mapping.Bhmem  - Unique mapped and paired reads 835228 ...
236022 [main] INFO main.java.edu.mit.compbio.bisulfitehic.mapping.Bhmem  - Processing reads 844000 ...
236022 [main] INFO main.java.edu.mit.compbio.bisulfitehic.mapping.Bhmem  - Unique mapped and paired reads 835228 ...
[M::mem_process_seqs] Processed 1001 reads in 0.678 CPU sec, 0.086 real sec
[M::mem_process_seqs] Processed 1001 reads in 0.660 CPU sec, 0.089 real sec
[M::mem_process_seqs] Processed 1001 reads in 0.743 CPU sec, 0.095 real sec
[M::mem_process_seqs] Processed 1001 reads in 0.759 CPU sec, 0.100 real sec
236526 [main] INFO main.java.edu.mit.compbio.bisulfitehic.mapping.Bhmem  - Processing reads 845000 ...
236526 [main] INFO main.java.edu.mit.compbio.bisulfitehic.mapping.Bhmem  - Unique mapped and paired reads 837216 ...
236529 [main] INFO main.java.edu.mit.compbio.bisulfitehic.mapping.Bhmem  - Processing reads 846000 ...
236529 [main] INFO main.java.edu.mit.compbio.bisulfitehic.mapping.Bhmem  - Unique mapped and paired reads 837216 ...
[M::mem_process_seqs] Processed 1001 reads in 0.771 CPU sec, 0.098 real sec
[M::mem_process_seqs] Processed 1001 reads in 0.680 CPU sec, 0.088 real sec
[M::mem_process_seqs] Processed 1001 reads in 0.754 CPU sec, 0.095 real sec
[M::mem_process_seqs] Processed 1001 reads in 0.731 CPU sec, 0.094 real sec
237038 [main] INFO main.java.edu.mit.compbio.bisulfitehic.mapping.Bhmem  - Processing reads 847000 ...
237038 [main] INFO main.java.edu.mit.compbio.bisulfitehic.mapping.Bhmem  - Unique mapped and paired reads 839198 ...
237041 [main] INFO main.java.edu.mit.compbio.bisulfitehic.mapping.Bhmem  - Processing reads 848000 ...
237041 [main] INFO main.java.edu.mit.compbio.bisulfitehic.mapping.Bhmem  - Unique mapped and paired reads 839198 ...
[M::mem_process_seqs] Processed 1001 reads in 0.720 CPU sec, 0.091 real sec
[M::mem_process_seqs] Processed 1001 reads in 0.624 CPU sec, 0.079 real sec
[M::mem_process_seqs] Processed 1001 reads in 0.728 CPU sec, 0.093 real sec
[M::mem_process_seqs] Processed 1001 reads in 0.703 CPU sec, 0.088 real sec
237524 [main] INFO main.java.edu.mit.compbio.bisulfitehic.mapping.Bhmem  - Processing reads 849000 ...
237524 [main] INFO main.java.edu.mit.compbio.bisulfitehic.mapping.Bhmem  - Unique mapped and paired reads 841178 ...
237527 [main] INFO main.java.edu.mit.compbio.bisulfitehic.mapping.Bhmem  - Processing reads 850000 ...
237527 [main] INFO main.java.edu.mit.compbio.bisulfitehic.mapping.Bhmem  - Unique mapped and paired reads 841178 ...
[M::mem_process_seqs] Processed 1001 reads in 0.694 CPU sec, 0.089 real sec
[M::mem_process_seqs] Processed 1001 reads in 0.619 CPU sec, 0.084 real sec
[M::mem_process_seqs] Processed 1001 reads in 0.717 CPU sec, 0.092 real sec
[M::mem_process_seqs] Processed 1001 reads in 0.684 CPU sec, 0.087 real sec
238012 [main] INFO main.java.edu.mit.compbio.bisulfitehic.mapping.Bhmem  - Processing reads 851000 ...
238012 [main] INFO main.java.edu.mit.compbio.bisulfitehic.mapping.Bhmem  - Unique mapped and paired reads 843154 ...
238015 [main] INFO main.java.edu.mit.compbio.bisulfitehic.mapping.Bhmem  - Processing reads 852000 ...
238015 [main] INFO main.java.edu.mit.compbio.bisulfitehic.mapping.Bhmem  - Unique mapped and paired reads 843154 ...
[M::mem_process_seqs] Processed 1001 reads in 0.716 CPU sec, 0.093 real sec
[M::mem_process_seqs] Processed 1001 reads in 0.606 CPU sec, 0.077 real sec
[M::mem_process_seqs] Processed 1001 reads in 0.762 CPU sec, 0.098 real sec
[M::mem_process_seqs] Processed 1001 reads in 0.721 CPU sec, 0.093 real sec
238510 [main] INFO main.java.edu.mit.compbio.bisulfitehic.mapping.Bhmem  - Processing reads 853000 ...
238510 [main] INFO main.java.edu.mit.compbio.bisulfitehic.mapping.Bhmem  - Unique mapped and paired reads 845134 ...
238513 [main] INFO main.java.edu.mit.compbio.bisulfitehic.mapping.Bhmem  - Processing reads 854000 ...
238513 [main] INFO main.java.edu.mit.compbio.bisulfitehic.mapping.Bhmem  - Unique mapped and paired reads 845134 ...
[M::mem_process_seqs] Processed 1001 reads in 0.729 CPU sec, 0.093 real sec
[M::mem_process_seqs] Processed 1001 reads in 0.567 CPU sec, 0.072 real sec
[M::mem_process_seqs] Processed 1001 reads in 0.806 CPU sec, 0.115 real sec
[M::mem_process_seqs] Processed 1001 reads in 0.778 CPU sec, 0.112 real sec
239047 [main] INFO main.java.edu.mit.compbio.bisulfitehic.mapping.Bhmem  - Processing reads 855000 ...
239047 [main] INFO main.java.edu.mit.compbio.bisulfitehic.mapping.Bhmem  - Unique mapped and paired reads 847122 ...
239050 [main] INFO main.java.edu.mit.compbio.bisulfitehic.mapping.Bhmem  - Processing reads 856000 ...
239050 [main] INFO main.java.edu.mit.compbio.bisulfitehic.mapping.Bhmem  - Unique mapped and paired reads 847122 ...
[M::mem_process_seqs] Processed 1001 reads in 0.729 CPU sec, 0.092 real sec
[M::mem_process_seqs] Processed 1001 reads in 0.658 CPU sec, 0.083 real sec
[M::mem_process_seqs] Processed 1001 reads in 0.769 CPU sec, 0.108 real sec
[M::mem_process_seqs] Processed 1001 reads in 0.784 CPU sec, 0.102 real sec
239571 [main] INFO main.java.edu.mit.compbio.bisulfitehic.mapping.Bhmem  - Processing reads 857000 ...
239571 [main] INFO main.java.edu.mit.compbio.bisulfitehic.mapping.Bhmem  - Unique mapped and paired reads 849110 ...
239574 [main] INFO main.java.edu.mit.compbio.bisulfitehic.mapping.Bhmem  - Processing reads 858000 ...
239574 [main] INFO main.java.edu.mit.compbio.bisulfitehic.mapping.Bhmem  - Unique mapped and paired reads 849110 ...
[M::mem_process_seqs] Processed 1001 reads in 0.785 CPU sec, 0.106 real sec
[M::mem_process_seqs] Processed 1001 reads in 0.692 CPU sec, 0.096 real sec
[M::mem_process_seqs] Processed 1001 reads in 0.774 CPU sec, 0.098 real sec
[M::mem_process_seqs] Processed 1001 reads in 0.743 CPU sec, 0.094 real sec
240106 [main] INFO main.java.edu.mit.compbio.bisulfitehic.mapping.Bhmem  - Processing reads 859000 ...
240106 [main] INFO main.java.edu.mit.compbio.bisulfitehic.mapping.Bhmem  - Unique mapped and paired reads 851094 ...
240109 [main] INFO main.java.edu.mit.compbio.bisulfitehic.mapping.Bhmem  - Processing reads 860000 ...
240109 [main] INFO main.java.edu.mit.compbio.bisulfitehic.mapping.Bhmem  - Unique mapped and paired reads 851094 ...
[M::mem_process_seqs] Processed 1001 reads in 0.707 CPU sec, 0.090 real sec
[M::mem_process_seqs] Processed 1001 reads in 0.607 CPU sec, 0.087 real sec
[M::mem_process_seqs] Processed 1001 reads in 0.848 CPU sec, 0.107 real sec
[M::mem_process_seqs] Processed 1001 reads in 0.754 CPU sec, 0.098 real sec
240624 [main] INFO main.java.edu.mit.compbio.bisulfitehic.mapping.Bhmem  - Processing reads 861000 ...
240624 [main] INFO main.java.edu.mit.compbio.bisulfitehic.mapping.Bhmem  - Unique mapped and paired reads 853074 ...
240627 [main] INFO main.java.edu.mit.compbio.bisulfitehic.mapping.Bhmem  - Processing reads 862000 ...
240627 [main] INFO main.java.edu.mit.compbio.bisulfitehic.mapping.Bhmem  - Unique mapped and paired reads 853074 ...
[M::mem_process_seqs] Processed 1001 reads in 0.720 CPU sec, 0.093 real sec
[M::mem_process_seqs] Processed 1001 reads in 0.659 CPU sec, 0.090 real sec
[M::mem_process_seqs] Processed 1001 reads in 0.772 CPU sec, 0.099 real sec
[M::mem_process_seqs] Processed 1001 reads in 0.776 CPU sec, 0.109 real sec
241158 [main] INFO main.java.edu.mit.compbio.bisulfitehic.mapping.Bhmem  - Processing reads 863000 ...
241159 [main] INFO main.java.edu.mit.compbio.bisulfitehic.mapping.Bhmem  - Unique mapped and paired reads 855066 ...
241162 [main] INFO main.java.edu.mit.compbio.bisulfitehic.mapping.Bhmem  - Processing reads 864000 ...
241162 [main] INFO main.java.edu.mit.compbio.bisulfitehic.mapping.Bhmem  - Unique mapped and paired reads 855066 ...
[M::mem_process_seqs] Processed 1001 reads in 0.729 CPU sec, 0.092 real sec
[M::mem_process_seqs] Processed 1001 reads in 0.632 CPU sec, 0.081 real sec
[M::mem_process_seqs] Processed 1001 reads in 0.744 CPU sec, 0.094 real sec
[M::mem_process_seqs] Processed 1001 reads in 0.693 CPU sec, 0.088 real sec
241650 [main] INFO main.java.edu.mit.compbio.bisulfitehic.mapping.Bhmem  - Processing reads 865000 ...
241650 [main] INFO main.java.edu.mit.compbio.bisulfitehic.mapping.Bhmem  - Unique mapped and paired reads 857050 ...
241653 [main] INFO main.java.edu.mit.compbio.bisulfitehic.mapping.Bhmem  - Processing reads 866000 ...
241653 [main] INFO main.java.edu.mit.compbio.bisulfitehic.mapping.Bhmem  - Unique mapped and paired reads 857050 ...
[M::mem_process_seqs] Processed 1001 reads in 0.722 CPU sec, 0.094 real sec
[M::mem_process_seqs] Processed 1001 reads in 0.656 CPU sec, 0.085 real sec
[M::mem_process_seqs] Processed 1001 reads in 0.742 CPU sec, 0.094 real sec
[M::mem_process_seqs] Processed 1001 reads in 0.731 CPU sec, 0.105 real sec
242171 [main] INFO main.java.edu.mit.compbio.bisulfitehic.mapping.Bhmem  - Processing reads 867000 ...
242171 [main] INFO main.java.edu.mit.compbio.bisulfitehic.mapping.Bhmem  - Unique mapped and paired reads 859038 ...
242174 [main] INFO main.java.edu.mit.compbio.bisulfitehic.mapping.Bhmem  - Processing reads 868000 ...
242174 [main] INFO main.java.edu.mit.compbio.bisulfitehic.mapping.Bhmem  - Unique mapped and paired reads 859038 ...
[M::mem_process_seqs] Processed 1001 reads in 0.799 CPU sec, 0.102 real sec
[M::mem_process_seqs] Processed 1001 reads in 0.690 CPU sec, 0.088 real sec
[M::mem_process_seqs] Processed 1001 reads in 0.730 CPU sec, 0.094 real sec
[M::mem_process_seqs] Processed 1001 reads in 0.758 CPU sec, 0.097 real sec
242690 [main] INFO main.java.edu.mit.compbio.bisulfitehic.mapping.Bhmem  - Processing reads 869000 ...
242690 [main] INFO main.java.edu.mit.compbio.bisulfitehic.mapping.Bhmem  - Unique mapped and paired reads 861016 ...
242693 [main] INFO main.java.edu.mit.compbio.bisulfitehic.mapping.Bhmem  - Processing reads 870000 ...
242693 [main] INFO main.java.edu.mit.compbio.bisulfitehic.mapping.Bhmem  - Unique mapped and paired reads 861016 ...
[M::mem_process_seqs] Processed 1001 reads in 0.725 CPU sec, 0.092 real sec
[M::mem_process_seqs] Processed 1001 reads in 0.601 CPU sec, 0.077 real sec
[M::mem_process_seqs] Processed 1001 reads in 0.742 CPU sec, 0.100 real sec
[M::mem_process_seqs] Processed 1001 reads in 0.728 CPU sec, 0.098 real sec
243197 [main] INFO main.java.edu.mit.compbio.bisulfitehic.mapping.Bhmem  - Processing reads 871000 ...
243198 [main] INFO main.java.edu.mit.compbio.bisulfitehic.mapping.Bhmem  - Unique mapped and paired reads 863004 ...
243201 [main] INFO main.java.edu.mit.compbio.bisulfitehic.mapping.Bhmem  - Processing reads 872000 ...
243201 [main] INFO main.java.edu.mit.compbio.bisulfitehic.mapping.Bhmem  - Unique mapped and paired reads 863004 ...
[M::mem_process_seqs] Processed 1001 reads in 0.747 CPU sec, 0.096 real sec
[M::mem_process_seqs] Processed 1001 reads in 0.617 CPU sec, 0.085 real sec
[M::mem_process_seqs] Processed 1001 reads in 0.817 CPU sec, 0.104 real sec
[M::mem_process_seqs] Processed 1001 reads in 0.745 CPU sec, 0.102 real sec
243726 [main] INFO main.java.edu.mit.compbio.bisulfitehic.mapping.Bhmem  - Processing reads 873000 ...
243726 [main] INFO main.java.edu.mit.compbio.bisulfitehic.mapping.Bhmem  - Unique mapped and paired reads 864990 ...
243729 [main] INFO main.java.edu.mit.compbio.bisulfitehic.mapping.Bhmem  - Processing reads 874000 ...
243729 [main] INFO main.java.edu.mit.compbio.bisulfitehic.mapping.Bhmem  - Unique mapped and paired reads 864990 ...
[M::mem_process_seqs] Processed 1001 reads in 0.742 CPU sec, 0.094 real sec
[M::mem_process_seqs] Processed 1001 reads in 0.660 CPU sec, 0.084 real sec
[M::mem_process_seqs] Processed 1001 reads in 0.755 CPU sec, 0.096 real sec
[M::mem_process_seqs] Processed 1001 reads in 0.769 CPU sec, 0.097 real sec
244235 [main] INFO main.java.edu.mit.compbio.bisulfitehic.mapping.Bhmem  - Processing reads 875000 ...
244235 [main] INFO main.java.edu.mit.compbio.bisulfitehic.mapping.Bhmem  - Unique mapped and paired reads 866982 ...
244238 [main] INFO main.java.edu.mit.compbio.bisulfitehic.mapping.Bhmem  - Processing reads 876000 ...
244238 [main] INFO main.java.edu.mit.compbio.bisulfitehic.mapping.Bhmem  - Unique mapped and paired reads 866982 ...
[M::mem_process_seqs] Processed 1001 reads in 0.680 CPU sec, 0.098 real sec
[M::mem_process_seqs] Processed 1001 reads in 0.638 CPU sec, 0.091 real sec
[M::mem_process_seqs] Processed 1001 reads in 0.728 CPU sec, 0.093 real sec
[M::mem_process_seqs] Processed 1001 reads in 0.632 CPU sec, 0.084 real sec
244737 [main] INFO main.java.edu.mit.compbio.bisulfitehic.mapping.Bhmem  - Processing reads 877000 ...
244737 [main] INFO main.java.edu.mit.compbio.bisulfitehic.mapping.Bhmem  - Unique mapped and paired reads 868968 ...
244740 [main] INFO main.java.edu.mit.compbio.bisulfitehic.mapping.Bhmem  - Processing reads 878000 ...
244740 [main] INFO main.java.edu.mit.compbio.bisulfitehic.mapping.Bhmem  - Unique mapped and paired reads 868968 ...
[M::mem_process_seqs] Processed 1001 reads in 0.755 CPU sec, 0.096 real sec
[M::mem_process_seqs] Processed 1001 reads in 0.653 CPU sec, 0.086 real sec
[M::mem_process_seqs] Processed 1001 reads in 0.745 CPU sec, 0.096 real sec
[M::mem_process_seqs] Processed 1001 reads in 0.684 CPU sec, 0.087 real sec
245236 [main] INFO main.java.edu.mit.compbio.bisulfitehic.mapping.Bhmem  - Processing reads 879000 ...
245236 [main] INFO main.java.edu.mit.compbio.bisulfitehic.mapping.Bhmem  - Unique mapped and paired reads 870956 ...
245239 [main] INFO main.java.edu.mit.compbio.bisulfitehic.mapping.Bhmem  - Processing reads 880000 ...
245239 [main] INFO main.java.edu.mit.compbio.bisulfitehic.mapping.Bhmem  - Unique mapped and paired reads 870956 ...
[M::mem_process_seqs] Processed 1001 reads in 0.744 CPU sec, 0.095 real sec
[M::mem_process_seqs] Processed 1001 reads in 0.667 CPU sec, 0.084 real sec
[M::mem_process_seqs] Processed 1001 reads in 0.755 CPU sec, 0.096 real sec
[M::mem_process_seqs] Processed 1001 reads in 0.762 CPU sec, 0.097 real sec
245747 [main] INFO main.java.edu.mit.compbio.bisulfitehic.mapping.Bhmem  - Processing reads 881000 ...
245747 [main] INFO main.java.edu.mit.compbio.bisulfitehic.mapping.Bhmem  - Unique mapped and paired reads 872944 ...
245750 [main] INFO main.java.edu.mit.compbio.bisulfitehic.mapping.Bhmem  - Processing reads 882000 ...
245750 [main] INFO main.java.edu.mit.compbio.bisulfitehic.mapping.Bhmem  - Unique mapped and paired reads 872944 ...
[M::mem_process_seqs] Processed 1001 reads in 0.685 CPU sec, 0.089 real sec
[M::mem_process_seqs] Processed 1001 reads in 0.622 CPU sec, 0.086 real sec
[M::mem_process_seqs] Processed 1001 reads in 0.728 CPU sec, 0.092 real sec
[M::mem_process_seqs] Processed 1001 reads in 0.677 CPU sec, 0.100 real sec
246249 [main] INFO main.java.edu.mit.compbio.bisulfitehic.mapping.Bhmem  - Processing reads 883000 ...
246249 [main] INFO main.java.edu.mit.compbio.bisulfitehic.mapping.Bhmem  - Unique mapped and paired reads 874928 ...
246252 [main] INFO main.java.edu.mit.compbio.bisulfitehic.mapping.Bhmem  - Processing reads 884000 ...
246252 [main] INFO main.java.edu.mit.compbio.bisulfitehic.mapping.Bhmem  - Unique mapped and paired reads 874928 ...
[M::mem_process_seqs] Processed 1001 reads in 0.848 CPU sec, 0.111 real sec
[M::mem_process_seqs] Processed 1001 reads in 0.664 CPU sec, 0.091 real sec
[M::mem_process_seqs] Processed 1001 reads in 0.774 CPU sec, 0.101 real sec
[M::mem_process_seqs] Processed 1001 reads in 0.689 CPU sec, 0.094 real sec
246787 [main] INFO main.java.edu.mit.compbio.bisulfitehic.mapping.Bhmem  - Processing reads 885000 ...
246787 [main] INFO main.java.edu.mit.compbio.bisulfitehic.mapping.Bhmem  - Unique mapped and paired reads 876912 ...
246790 [main] INFO main.java.edu.mit.compbio.bisulfitehic.mapping.Bhmem  - Processing reads 886000 ...
246790 [main] INFO main.java.edu.mit.compbio.bisulfitehic.mapping.Bhmem  - Unique mapped and paired reads 876912 ...
[M::mem_process_seqs] Processed 1001 reads in 0.722 CPU sec, 0.092 real sec
[M::mem_process_seqs] Processed 1001 reads in 0.681 CPU sec, 0.086 real sec
[M::mem_process_seqs] Processed 1001 reads in 0.760 CPU sec, 0.097 real sec
[M::mem_process_seqs] Processed 1001 reads in 0.778 CPU sec, 0.099 real sec
247297 [main] INFO main.java.edu.mit.compbio.bisulfitehic.mapping.Bhmem  - Processing reads 887000 ...
247297 [main] INFO main.java.edu.mit.compbio.bisulfitehic.mapping.Bhmem  - Unique mapped and paired reads 878900 ...
247300 [main] INFO main.java.edu.mit.compbio.bisulfitehic.mapping.Bhmem  - Processing reads 888000 ...
247300 [main] INFO main.java.edu.mit.compbio.bisulfitehic.mapping.Bhmem  - Unique mapped and paired reads 878900 ...
[M::mem_process_seqs] Processed 1001 reads in 0.828 CPU sec, 0.105 real sec
[M::mem_process_seqs] Processed 1001 reads in 0.696 CPU sec, 0.088 real sec
[M::mem_process_seqs] Processed 1001 reads in 0.730 CPU sec, 0.094 real sec
[M::mem_process_seqs] Processed 1001 reads in 0.721 CPU sec, 0.092 real sec
247820 [main] INFO main.java.edu.mit.compbio.bisulfitehic.mapping.Bhmem  - Processing reads 889000 ...
247820 [main] INFO main.java.edu.mit.compbio.bisulfitehic.mapping.Bhmem  - Unique mapped and paired reads 880890 ...
247823 [main] INFO main.java.edu.mit.compbio.bisulfitehic.mapping.Bhmem  - Processing reads 890000 ...
247823 [main] INFO main.java.edu.mit.compbio.bisulfitehic.mapping.Bhmem  - Unique mapped and paired reads 880890 ...
[M::mem_process_seqs] Processed 1001 reads in 0.703 CPU sec, 0.089 real sec
[M::mem_process_seqs] Processed 1001 reads in 0.638 CPU sec, 0.090 real sec
[M::mem_process_seqs] Processed 1001 reads in 0.730 CPU sec, 0.093 real sec
[M::mem_process_seqs] Processed 1001 reads in 0.695 CPU sec, 0.089 real sec
248318 [main] INFO main.java.edu.mit.compbio.bisulfitehic.mapping.Bhmem  - Processing reads 891000 ...
248318 [main] INFO main.java.edu.mit.compbio.bisulfitehic.mapping.Bhmem  - Unique mapped and paired reads 882874 ...
248322 [main] INFO main.java.edu.mit.compbio.bisulfitehic.mapping.Bhmem  - Processing reads 892000 ...
248322 [main] INFO main.java.edu.mit.compbio.bisulfitehic.mapping.Bhmem  - Unique mapped and paired reads 882874 ...
[M::mem_process_seqs] Processed 1001 reads in 0.787 CPU sec, 0.110 real sec
[M::mem_process_seqs] Processed 1001 reads in 0.720 CPU sec, 0.092 real sec
[M::mem_process_seqs] Processed 1001 reads in 0.836 CPU sec, 0.118 real sec
[M::mem_process_seqs] Processed 1001 reads in 0.800 CPU sec, 0.108 real sec
248893 [main] INFO main.java.edu.mit.compbio.bisulfitehic.mapping.Bhmem  - Processing reads 893000 ...
248893 [main] INFO main.java.edu.mit.compbio.bisulfitehic.mapping.Bhmem  - Unique mapped and paired reads 884862 ...
248896 [main] INFO main.java.edu.mit.compbio.bisulfitehic.mapping.Bhmem  - Processing reads 894000 ...
248896 [main] INFO main.java.edu.mit.compbio.bisulfitehic.mapping.Bhmem  - Unique mapped and paired reads 884862 ...
[M::mem_process_seqs] Processed 1001 reads in 0.732 CPU sec, 0.094 real sec
[M::mem_process_seqs] Processed 1001 reads in 0.680 CPU sec, 0.093 real sec
[M::mem_process_seqs] Processed 1001 reads in 0.840 CPU sec, 0.108 real sec
[M::mem_process_seqs] Processed 1001 reads in 0.749 CPU sec, 0.096 real sec
249419 [main] INFO main.java.edu.mit.compbio.bisulfitehic.mapping.Bhmem  - Processing reads 895000 ...
249419 [main] INFO main.java.edu.mit.compbio.bisulfitehic.mapping.Bhmem  - Unique mapped and paired reads 886852 ...
249422 [main] INFO main.java.edu.mit.compbio.bisulfitehic.mapping.Bhmem  - Processing reads 896000 ...
249422 [main] INFO main.java.edu.mit.compbio.bisulfitehic.mapping.Bhmem  - Unique mapped and paired reads 886852 ...
[M::mem_process_seqs] Processed 1001 reads in 0.804 CPU sec, 0.101 real sec
[M::mem_process_seqs] Processed 1001 reads in 0.683 CPU sec, 0.086 real sec
[M::mem_process_seqs] Processed 1001 reads in 0.823 CPU sec, 0.104 real sec
[M::mem_process_seqs] Processed 1001 reads in 0.763 CPU sec, 0.096 real sec
249944 [main] INFO main.java.edu.mit.compbio.bisulfitehic.mapping.Bhmem  - Processing reads 897000 ...
249944 [main] INFO main.java.edu.mit.compbio.bisulfitehic.mapping.Bhmem  - Unique mapped and paired reads 888842 ...
249947 [main] INFO main.java.edu.mit.compbio.bisulfitehic.mapping.Bhmem  - Processing reads 898000 ...
249947 [main] INFO main.java.edu.mit.compbio.bisulfitehic.mapping.Bhmem  - Unique mapped and paired reads 888842 ...
[M::mem_process_seqs] Processed 1001 reads in 0.702 CPU sec, 0.091 real sec
[M::mem_process_seqs] Processed 1001 reads in 0.676 CPU sec, 0.088 real sec
[M::mem_process_seqs] Processed 1001 reads in 0.732 CPU sec, 0.096 real sec
[M::mem_process_seqs] Processed 1001 reads in 0.764 CPU sec, 0.100 real sec
250459 [main] INFO main.java.edu.mit.compbio.bisulfitehic.mapping.Bhmem  - Processing reads 899000 ...
250459 [main] INFO main.java.edu.mit.compbio.bisulfitehic.mapping.Bhmem  - Unique mapped and paired reads 890816 ...
250462 [main] INFO main.java.edu.mit.compbio.bisulfitehic.mapping.Bhmem  - Processing reads 900000 ...
250462 [main] INFO main.java.edu.mit.compbio.bisulfitehic.mapping.Bhmem  - Unique mapped and paired reads 890816 ...
[M::mem_process_seqs] Processed 1001 reads in 0.795 CPU sec, 0.103 real sec
[M::mem_process_seqs] Processed 1001 reads in 0.725 CPU sec, 0.102 real sec
[M::mem_process_seqs] Processed 1001 reads in 0.812 CPU sec, 0.109 real sec
[M::mem_process_seqs] Processed 1001 reads in 0.810 CPU sec, 0.110 real sec
251025 [main] INFO main.java.edu.mit.compbio.bisulfitehic.mapping.Bhmem  - Processing reads 901000 ...
251025 [main] INFO main.java.edu.mit.compbio.bisulfitehic.mapping.Bhmem  - Unique mapped and paired reads 892802 ...
251028 [main] INFO main.java.edu.mit.compbio.bisulfitehic.mapping.Bhmem  - Processing reads 902000 ...
251028 [main] INFO main.java.edu.mit.compbio.bisulfitehic.mapping.Bhmem  - Unique mapped and paired reads 892802 ...
[M::mem_process_seqs] Processed 1001 reads in 0.732 CPU sec, 0.093 real sec
[M::mem_process_seqs] Processed 1001 reads in 0.663 CPU sec, 0.084 real sec
[M::mem_process_seqs] Processed 1001 reads in 0.766 CPU sec, 0.106 real sec
[M::mem_process_seqs] Processed 1001 reads in 0.815 CPU sec, 0.103 real sec
251551 [main] INFO main.java.edu.mit.compbio.bisulfitehic.mapping.Bhmem  - Processing reads 903000 ...
251551 [main] INFO main.java.edu.mit.compbio.bisulfitehic.mapping.Bhmem  - Unique mapped and paired reads 894780 ...
251555 [main] INFO main.java.edu.mit.compbio.bisulfitehic.mapping.Bhmem  - Processing reads 904000 ...
251555 [main] INFO main.java.edu.mit.compbio.bisulfitehic.mapping.Bhmem  - Unique mapped and paired reads 894780 ...
[M::mem_process_seqs] Processed 1001 reads in 0.778 CPU sec, 0.099 real sec
[M::mem_process_seqs] Processed 1001 reads in 0.702 CPU sec, 0.093 real sec
[M::mem_process_seqs] Processed 1001 reads in 0.789 CPU sec, 0.107 real sec
[M::mem_process_seqs] Processed 1001 reads in 0.756 CPU sec, 0.096 real sec
252083 [main] INFO main.java.edu.mit.compbio.bisulfitehic.mapping.Bhmem  - Processing reads 905000 ...
252083 [main] INFO main.java.edu.mit.compbio.bisulfitehic.mapping.Bhmem  - Unique mapped and paired reads 896764 ...
252086 [main] INFO main.java.edu.mit.compbio.bisulfitehic.mapping.Bhmem  - Processing reads 906000 ...
252086 [main] INFO main.java.edu.mit.compbio.bisulfitehic.mapping.Bhmem  - Unique mapped and paired reads 896764 ...
[M::mem_process_seqs] Processed 1001 reads in 0.770 CPU sec, 0.098 real sec
[M::mem_process_seqs] Processed 1001 reads in 0.702 CPU sec, 0.090 real sec
[M::mem_process_seqs] Processed 1001 reads in 0.755 CPU sec, 0.096 real sec
[M::mem_process_seqs] Processed 1001 reads in 0.742 CPU sec, 0.094 real sec
252598 [main] INFO main.java.edu.mit.compbio.bisulfitehic.mapping.Bhmem  - Processing reads 907000 ...
252598 [main] INFO main.java.edu.mit.compbio.bisulfitehic.mapping.Bhmem  - Unique mapped and paired reads 898748 ...
252601 [main] INFO main.java.edu.mit.compbio.bisulfitehic.mapping.Bhmem  - Processing reads 908000 ...
252601 [main] INFO main.java.edu.mit.compbio.bisulfitehic.mapping.Bhmem  - Unique mapped and paired reads 898748 ...
[M::mem_process_seqs] Processed 1001 reads in 0.729 CPU sec, 0.092 real sec
[M::mem_process_seqs] Processed 1001 reads in 0.628 CPU sec, 0.081 real sec
[M::mem_process_seqs] Processed 1001 reads in 0.781 CPU sec, 0.100 real sec
[M::mem_process_seqs] Processed 1001 reads in 0.702 CPU sec, 0.089 real sec
253219 [main] INFO main.java.edu.mit.compbio.bisulfitehic.mapping.Bhmem  - Processing reads 909000 ...
253219 [main] INFO main.java.edu.mit.compbio.bisulfitehic.mapping.Bhmem  - Unique mapped and paired reads 900724 ...
253224 [main] INFO main.java.edu.mit.compbio.bisulfitehic.mapping.Bhmem  - Processing reads 910000 ...
253224 [main] INFO main.java.edu.mit.compbio.bisulfitehic.mapping.Bhmem  - Unique mapped and paired reads 900724 ...
[M::mem_process_seqs] Processed 1001 reads in 0.767 CPU sec, 0.098 real sec
[M::mem_process_seqs] Processed 1001 reads in 0.680 CPU sec, 0.089 real sec
[M::mem_process_seqs] Processed 1001 reads in 0.772 CPU sec, 0.102 real sec
[M::mem_process_seqs] Processed 1001 reads in 0.781 CPU sec, 0.101 real sec
253752 [main] INFO main.java.edu.mit.compbio.bisulfitehic.mapping.Bhmem  - Processing reads 911000 ...
253752 [main] INFO main.java.edu.mit.compbio.bisulfitehic.mapping.Bhmem  - Unique mapped and paired reads 902706 ...
253755 [main] INFO main.java.edu.mit.compbio.bisulfitehic.mapping.Bhmem  - Processing reads 912000 ...
253755 [main] INFO main.java.edu.mit.compbio.bisulfitehic.mapping.Bhmem  - Unique mapped and paired reads 902706 ...
[M::mem_process_seqs] Processed 1001 reads in 0.787 CPU sec, 0.105 real sec
[M::mem_process_seqs] Processed 1001 reads in 0.692 CPU sec, 0.091 real sec
[M::mem_process_seqs] Processed 1001 reads in 0.788 CPU sec, 0.100 real sec
[M::mem_process_seqs] Processed 1001 reads in 0.810 CPU sec, 0.106 real sec
254297 [main] INFO main.java.edu.mit.compbio.bisulfitehic.mapping.Bhmem  - Processing reads 913000 ...
254297 [main] INFO main.java.edu.mit.compbio.bisulfitehic.mapping.Bhmem  - Unique mapped and paired reads 904690 ...
254300 [main] INFO main.java.edu.mit.compbio.bisulfitehic.mapping.Bhmem  - Processing reads 914000 ...
254300 [main] INFO main.java.edu.mit.compbio.bisulfitehic.mapping.Bhmem  - Unique mapped and paired reads 904690 ...
[M::mem_process_seqs] Processed 1001 reads in 0.715 CPU sec, 0.091 real sec
[M::mem_process_seqs] Processed 1001 reads in 0.624 CPU sec, 0.079 real sec
[M::mem_process_seqs] Processed 1001 reads in 0.762 CPU sec, 0.101 real sec
[M::mem_process_seqs] Processed 1001 reads in 0.787 CPU sec, 0.101 real sec
254809 [main] INFO main.java.edu.mit.compbio.bisulfitehic.mapping.Bhmem  - Processing reads 915000 ...
254809 [main] INFO main.java.edu.mit.compbio.bisulfitehic.mapping.Bhmem  - Unique mapped and paired reads 906680 ...
254812 [main] INFO main.java.edu.mit.compbio.bisulfitehic.mapping.Bhmem  - Processing reads 916000 ...
254812 [main] INFO main.java.edu.mit.compbio.bisulfitehic.mapping.Bhmem  - Unique mapped and paired reads 906680 ...
[M::mem_process_seqs] Processed 1001 reads in 0.752 CPU sec, 0.097 real sec
[M::mem_process_seqs] Processed 1001 reads in 0.681 CPU sec, 0.086 real sec
[M::mem_process_seqs] Processed 1001 reads in 0.803 CPU sec, 0.102 real sec
[M::mem_process_seqs] Processed 1001 reads in 0.781 CPU sec, 0.099 real sec
255334 [main] INFO main.java.edu.mit.compbio.bisulfitehic.mapping.Bhmem  - Processing reads 917000 ...
255334 [main] INFO main.java.edu.mit.compbio.bisulfitehic.mapping.Bhmem  - Unique mapped and paired reads 908670 ...
255337 [main] INFO main.java.edu.mit.compbio.bisulfitehic.mapping.Bhmem  - Processing reads 918000 ...
255337 [main] INFO main.java.edu.mit.compbio.bisulfitehic.mapping.Bhmem  - Unique mapped and paired reads 908670 ...
[M::mem_process_seqs] Processed 1001 reads in 0.712 CPU sec, 0.091 real sec
[M::mem_process_seqs] Processed 1001 reads in 0.586 CPU sec, 0.075 real sec
[M::mem_process_seqs] Processed 1001 reads in 0.713 CPU sec, 0.090 real sec
[M::mem_process_seqs] Processed 1001 reads in 0.698 CPU sec, 0.088 real sec
255816 [main] INFO main.java.edu.mit.compbio.bisulfitehic.mapping.Bhmem  - Processing reads 919000 ...
255816 [main] INFO main.java.edu.mit.compbio.bisulfitehic.mapping.Bhmem  - Unique mapped and paired reads 910652 ...
255819 [main] INFO main.java.edu.mit.compbio.bisulfitehic.mapping.Bhmem  - Processing reads 920000 ...
255819 [main] INFO main.java.edu.mit.compbio.bisulfitehic.mapping.Bhmem  - Unique mapped and paired reads 910652 ...
[M::mem_process_seqs] Processed 1001 reads in 0.717 CPU sec, 0.091 real sec
[M::mem_process_seqs] Processed 1001 reads in 0.631 CPU sec, 0.080 real sec
[M::mem_process_seqs] Processed 1001 reads in 0.721 CPU sec, 0.091 real sec
[M::mem_process_seqs] Processed 1001 reads in 0.789 CPU sec, 0.101 real sec
256313 [main] INFO main.java.edu.mit.compbio.bisulfitehic.mapping.Bhmem  - Processing reads 921000 ...
256313 [main] INFO main.java.edu.mit.compbio.bisulfitehic.mapping.Bhmem  - Unique mapped and paired reads 912638 ...
256316 [main] INFO main.java.edu.mit.compbio.bisulfitehic.mapping.Bhmem  - Processing reads 922000 ...
256316 [main] INFO main.java.edu.mit.compbio.bisulfitehic.mapping.Bhmem  - Unique mapped and paired reads 912638 ...
[M::mem_process_seqs] Processed 1001 reads in 0.776 CPU sec, 0.099 real sec
[M::mem_process_seqs] Processed 1001 reads in 0.692 CPU sec, 0.091 real sec
[M::mem_process_seqs] Processed 1001 reads in 0.825 CPU sec, 0.108 real sec
[M::mem_process_seqs] Processed 1001 reads in 0.784 CPU sec, 0.100 real sec
256849 [main] INFO main.java.edu.mit.compbio.bisulfitehic.mapping.Bhmem  - Processing reads 923000 ...
256849 [main] INFO main.java.edu.mit.compbio.bisulfitehic.mapping.Bhmem  - Unique mapped and paired reads 914626 ...
256852 [main] INFO main.java.edu.mit.compbio.bisulfitehic.mapping.Bhmem  - Processing reads 924000 ...
256852 [main] INFO main.java.edu.mit.compbio.bisulfitehic.mapping.Bhmem  - Unique mapped and paired reads 914626 ...
[M::mem_process_seqs] Processed 1001 reads in 0.728 CPU sec, 0.093 real sec
[M::mem_process_seqs] Processed 1001 reads in 0.654 CPU sec, 0.084 real sec
[M::mem_process_seqs] Processed 1001 reads in 0.759 CPU sec, 0.096 real sec
[M::mem_process_seqs] Processed 1001 reads in 0.759 CPU sec, 0.101 real sec
257367 [main] INFO main.java.edu.mit.compbio.bisulfitehic.mapping.Bhmem  - Processing reads 925000 ...
257367 [main] INFO main.java.edu.mit.compbio.bisulfitehic.mapping.Bhmem  - Unique mapped and paired reads 916608 ...
257370 [main] INFO main.java.edu.mit.compbio.bisulfitehic.mapping.Bhmem  - Processing reads 926000 ...
257370 [main] INFO main.java.edu.mit.compbio.bisulfitehic.mapping.Bhmem  - Unique mapped and paired reads 916608 ...
[M::mem_process_seqs] Processed 1001 reads in 0.758 CPU sec, 0.103 real sec
[M::mem_process_seqs] Processed 1001 reads in 0.714 CPU sec, 0.093 real sec
[M::mem_process_seqs] Processed 1001 reads in 0.805 CPU sec, 0.103 real sec
[M::mem_process_seqs] Processed 1001 reads in 0.742 CPU sec, 0.097 real sec
257899 [main] INFO main.java.edu.mit.compbio.bisulfitehic.mapping.Bhmem  - Processing reads 927000 ...
257899 [main] INFO main.java.edu.mit.compbio.bisulfitehic.mapping.Bhmem  - Unique mapped and paired reads 918602 ...
257902 [main] INFO main.java.edu.mit.compbio.bisulfitehic.mapping.Bhmem  - Processing reads 928000 ...
257902 [main] INFO main.java.edu.mit.compbio.bisulfitehic.mapping.Bhmem  - Unique mapped and paired reads 918602 ...
[M::mem_process_seqs] Processed 1001 reads in 0.733 CPU sec, 0.092 real sec
[M::mem_process_seqs] Processed 1001 reads in 0.645 CPU sec, 0.083 real sec
[M::mem_process_seqs] Processed 1001 reads in 0.738 CPU sec, 0.094 real sec
[M::mem_process_seqs] Processed 1001 reads in 0.740 CPU sec, 0.094 real sec
258394 [main] INFO main.java.edu.mit.compbio.bisulfitehic.mapping.Bhmem  - Processing reads 929000 ...
258394 [main] INFO main.java.edu.mit.compbio.bisulfitehic.mapping.Bhmem  - Unique mapped and paired reads 920590 ...
258397 [main] INFO main.java.edu.mit.compbio.bisulfitehic.mapping.Bhmem  - Processing reads 930000 ...
258397 [main] INFO main.java.edu.mit.compbio.bisulfitehic.mapping.Bhmem  - Unique mapped and paired reads 920590 ...
[M::mem_process_seqs] Processed 1001 reads in 0.828 CPU sec, 0.106 real sec
[M::mem_process_seqs] Processed 1001 reads in 0.654 CPU sec, 0.083 real sec
[M::mem_process_seqs] Processed 1001 reads in 0.840 CPU sec, 0.108 real sec
[M::mem_process_seqs] Processed 1001 reads in 0.775 CPU sec, 0.101 real sec
258928 [main] INFO main.java.edu.mit.compbio.bisulfitehic.mapping.Bhmem  - Processing reads 931000 ...
258928 [main] INFO main.java.edu.mit.compbio.bisulfitehic.mapping.Bhmem  - Unique mapped and paired reads 922578 ...
258931 [main] INFO main.java.edu.mit.compbio.bisulfitehic.mapping.Bhmem  - Processing reads 932000 ...
258931 [main] INFO main.java.edu.mit.compbio.bisulfitehic.mapping.Bhmem  - Unique mapped and paired reads 922578 ...
[M::mem_process_seqs] Processed 1001 reads in 0.743 CPU sec, 0.095 real sec
[M::mem_process_seqs] Processed 1001 reads in 0.641 CPU sec, 0.081 real sec
[M::mem_process_seqs] Processed 1001 reads in 0.721 CPU sec, 0.091 real sec
[M::mem_process_seqs] Processed 1001 reads in 0.712 CPU sec, 0.093 real sec
259431 [main] INFO main.java.edu.mit.compbio.bisulfitehic.mapping.Bhmem  - Processing reads 933000 ...
259431 [main] INFO main.java.edu.mit.compbio.bisulfitehic.mapping.Bhmem  - Unique mapped and paired reads 924564 ...
259434 [main] INFO main.java.edu.mit.compbio.bisulfitehic.mapping.Bhmem  - Processing reads 934000 ...
259434 [main] INFO main.java.edu.mit.compbio.bisulfitehic.mapping.Bhmem  - Unique mapped and paired reads 924564 ...
[M::mem_process_seqs] Processed 1001 reads in 0.768 CPU sec, 0.099 real sec
[M::mem_process_seqs] Processed 1001 reads in 0.645 CPU sec, 0.081 real sec
[M::mem_process_seqs] Processed 1001 reads in 0.775 CPU sec, 0.099 real sec
[M::mem_process_seqs] Processed 1001 reads in 0.787 CPU sec, 0.099 real sec
259944 [main] INFO main.java.edu.mit.compbio.bisulfitehic.mapping.Bhmem  - Processing reads 935000 ...
259944 [main] INFO main.java.edu.mit.compbio.bisulfitehic.mapping.Bhmem  - Unique mapped and paired reads 926542 ...
259947 [main] INFO main.java.edu.mit.compbio.bisulfitehic.mapping.Bhmem  - Processing reads 936000 ...
259947 [main] INFO main.java.edu.mit.compbio.bisulfitehic.mapping.Bhmem  - Unique mapped and paired reads 926542 ...
[M::mem_process_seqs] Processed 1001 reads in 0.740 CPU sec, 0.094 real sec
[M::mem_process_seqs] Processed 1001 reads in 0.638 CPU sec, 0.081 real sec
[M::mem_process_seqs] Processed 1001 reads in 0.741 CPU sec, 0.102 real sec
[M::mem_process_seqs] Processed 1001 reads in 0.691 CPU sec, 0.087 real sec
260443 [main] INFO main.java.edu.mit.compbio.bisulfitehic.mapping.Bhmem  - Processing reads 937000 ...
260443 [main] INFO main.java.edu.mit.compbio.bisulfitehic.mapping.Bhmem  - Unique mapped and paired reads 928526 ...
260446 [main] INFO main.java.edu.mit.compbio.bisulfitehic.mapping.Bhmem  - Processing reads 938000 ...
260446 [main] INFO main.java.edu.mit.compbio.bisulfitehic.mapping.Bhmem  - Unique mapped and paired reads 928526 ...
[M::mem_process_seqs] Processed 1001 reads in 0.719 CPU sec, 0.094 real sec
[M::mem_process_seqs] Processed 1001 reads in 0.657 CPU sec, 0.084 real sec
[M::mem_process_seqs] Processed 1001 reads in 0.734 CPU sec, 0.098 real sec
[M::mem_process_seqs] Processed 1001 reads in 0.737 CPU sec, 0.093 real sec
260951 [main] INFO main.java.edu.mit.compbio.bisulfitehic.mapping.Bhmem  - Processing reads 939000 ...
260951 [main] INFO main.java.edu.mit.compbio.bisulfitehic.mapping.Bhmem  - Unique mapped and paired reads 930512 ...
260954 [main] INFO main.java.edu.mit.compbio.bisulfitehic.mapping.Bhmem  - Processing reads 940000 ...
260954 [main] INFO main.java.edu.mit.compbio.bisulfitehic.mapping.Bhmem  - Unique mapped and paired reads 930512 ...
[M::mem_process_seqs] Processed 1001 reads in 0.754 CPU sec, 0.096 real sec
[M::mem_process_seqs] Processed 1001 reads in 0.670 CPU sec, 0.085 real sec
[M::mem_process_seqs] Processed 1001 reads in 0.715 CPU sec, 0.090 real sec
[M::mem_process_seqs] Processed 1001 reads in 0.726 CPU sec, 0.092 real sec
261460 [main] INFO main.java.edu.mit.compbio.bisulfitehic.mapping.Bhmem  - Processing reads 941000 ...
261460 [main] INFO main.java.edu.mit.compbio.bisulfitehic.mapping.Bhmem  - Unique mapped and paired reads 932490 ...
261463 [main] INFO main.java.edu.mit.compbio.bisulfitehic.mapping.Bhmem  - Processing reads 942000 ...
261463 [main] INFO main.java.edu.mit.compbio.bisulfitehic.mapping.Bhmem  - Unique mapped and paired reads 932490 ...
[M::mem_process_seqs] Processed 1001 reads in 0.712 CPU sec, 0.092 real sec
[M::mem_process_seqs] Processed 1001 reads in 0.632 CPU sec, 0.080 real sec
[M::mem_process_seqs] Processed 1001 reads in 0.749 CPU sec, 0.100 real sec
[M::mem_process_seqs] Processed 1001 reads in 0.724 CPU sec, 0.092 real sec
261963 [main] INFO main.java.edu.mit.compbio.bisulfitehic.mapping.Bhmem  - Processing reads 943000 ...
261963 [main] INFO main.java.edu.mit.compbio.bisulfitehic.mapping.Bhmem  - Unique mapped and paired reads 934468 ...
261966 [main] INFO main.java.edu.mit.compbio.bisulfitehic.mapping.Bhmem  - Processing reads 944000 ...
261966 [main] INFO main.java.edu.mit.compbio.bisulfitehic.mapping.Bhmem  - Unique mapped and paired reads 934468 ...
[M::mem_process_seqs] Processed 1001 reads in 0.747 CPU sec, 0.100 real sec
[M::mem_process_seqs] Processed 1001 reads in 0.696 CPU sec, 0.093 real sec
[M::mem_process_seqs] Processed 1001 reads in 0.709 CPU sec, 0.094 real sec
[M::mem_process_seqs] Processed 1001 reads in 0.741 CPU sec, 0.108 real sec
262500 [main] INFO main.java.edu.mit.compbio.bisulfitehic.mapping.Bhmem  - Processing reads 945000 ...
262500 [main] INFO main.java.edu.mit.compbio.bisulfitehic.mapping.Bhmem  - Unique mapped and paired reads 936454 ...
262503 [main] INFO main.java.edu.mit.compbio.bisulfitehic.mapping.Bhmem  - Processing reads 946000 ...
262503 [main] INFO main.java.edu.mit.compbio.bisulfitehic.mapping.Bhmem  - Unique mapped and paired reads 936454 ...
[M::mem_process_seqs] Processed 1001 reads in 0.774 CPU sec, 0.098 real sec
[M::mem_process_seqs] Processed 1001 reads in 0.586 CPU sec, 0.074 real sec
[M::mem_process_seqs] Processed 1001 reads in 0.719 CPU sec, 0.092 real sec
[M::mem_process_seqs] Processed 1001 reads in 0.669 CPU sec, 0.085 real sec
262985 [main] INFO main.java.edu.mit.compbio.bisulfitehic.mapping.Bhmem  - Processing reads 947000 ...
262985 [main] INFO main.java.edu.mit.compbio.bisulfitehic.mapping.Bhmem  - Unique mapped and paired reads 938434 ...
262988 [main] INFO main.java.edu.mit.compbio.bisulfitehic.mapping.Bhmem  - Processing reads 948000 ...
262988 [main] INFO main.java.edu.mit.compbio.bisulfitehic.mapping.Bhmem  - Unique mapped and paired reads 938434 ...
[M::mem_process_seqs] Processed 1001 reads in 0.699 CPU sec, 0.089 real sec
[M::mem_process_seqs] Processed 1001 reads in 0.618 CPU sec, 0.078 real sec
[M::mem_process_seqs] Processed 1001 reads in 0.763 CPU sec, 0.098 real sec
[M::mem_process_seqs] Processed 1001 reads in 0.729 CPU sec, 0.093 real sec
263477 [main] INFO main.java.edu.mit.compbio.bisulfitehic.mapping.Bhmem  - Processing reads 949000 ...
263477 [main] INFO main.java.edu.mit.compbio.bisulfitehic.mapping.Bhmem  - Unique mapped and paired reads 940408 ...
263480 [main] INFO main.java.edu.mit.compbio.bisulfitehic.mapping.Bhmem  - Processing reads 950000 ...
263480 [main] INFO main.java.edu.mit.compbio.bisulfitehic.mapping.Bhmem  - Unique mapped and paired reads 940408 ...
[M::mem_process_seqs] Processed 1001 reads in 0.692 CPU sec, 0.088 real sec
[M::mem_process_seqs] Processed 1001 reads in 0.600 CPU sec, 0.076 real sec
[M::mem_process_seqs] Processed 1001 reads in 0.682 CPU sec, 0.091 real sec
[M::mem_process_seqs] Processed 1001 reads in 0.635 CPU sec, 0.081 real sec
263946 [main] INFO main.java.edu.mit.compbio.bisulfitehic.mapping.Bhmem  - Processing reads 951000 ...
263946 [main] INFO main.java.edu.mit.compbio.bisulfitehic.mapping.Bhmem  - Unique mapped and paired reads 942392 ...
263949 [main] INFO main.java.edu.mit.compbio.bisulfitehic.mapping.Bhmem  - Processing reads 952000 ...
263949 [main] INFO main.java.edu.mit.compbio.bisulfitehic.mapping.Bhmem  - Unique mapped and paired reads 942392 ...
[M::mem_process_seqs] Processed 1001 reads in 0.769 CPU sec, 0.099 real sec
[M::mem_process_seqs] Processed 1001 reads in 0.696 CPU sec, 0.094 real sec
[M::mem_process_seqs] Processed 1001 reads in 0.798 CPU sec, 0.105 real sec
[M::mem_process_seqs] Processed 1001 reads in 0.752 CPU sec, 0.097 real sec
264483 [main] INFO main.java.edu.mit.compbio.bisulfitehic.mapping.Bhmem  - Processing reads 953000 ...
264483 [main] INFO main.java.edu.mit.compbio.bisulfitehic.mapping.Bhmem  - Unique mapped and paired reads 944382 ...
264486 [main] INFO main.java.edu.mit.compbio.bisulfitehic.mapping.Bhmem  - Processing reads 954000 ...
264486 [main] INFO main.java.edu.mit.compbio.bisulfitehic.mapping.Bhmem  - Unique mapped and paired reads 944382 ...
[M::mem_process_seqs] Processed 1001 reads in 0.707 CPU sec, 0.090 real sec
[M::mem_process_seqs] Processed 1001 reads in 0.685 CPU sec, 0.087 real sec
[M::mem_process_seqs] Processed 1001 reads in 0.795 CPU sec, 0.100 real sec
[M::mem_process_seqs] Processed 1001 reads in 0.750 CPU sec, 0.095 real sec
264990 [main] INFO main.java.edu.mit.compbio.bisulfitehic.mapping.Bhmem  - Processing reads 955000 ...
264990 [main] INFO main.java.edu.mit.compbio.bisulfitehic.mapping.Bhmem  - Unique mapped and paired reads 946358 ...
264993 [main] INFO main.java.edu.mit.compbio.bisulfitehic.mapping.Bhmem  - Processing reads 956000 ...
264993 [main] INFO main.java.edu.mit.compbio.bisulfitehic.mapping.Bhmem  - Unique mapped and paired reads 946358 ...
[M::mem_process_seqs] Processed 1001 reads in 0.727 CPU sec, 0.094 real sec
[M::mem_process_seqs] Processed 1001 reads in 0.667 CPU sec, 0.084 real sec
[M::mem_process_seqs] Processed 1001 reads in 0.756 CPU sec, 0.104 real sec
[M::mem_process_seqs] Processed 1001 reads in 0.753 CPU sec, 0.096 real sec
265503 [main] INFO main.java.edu.mit.compbio.bisulfitehic.mapping.Bhmem  - Processing reads 957000 ...
265503 [main] INFO main.java.edu.mit.compbio.bisulfitehic.mapping.Bhmem  - Unique mapped and paired reads 948336 ...
265506 [main] INFO main.java.edu.mit.compbio.bisulfitehic.mapping.Bhmem  - Processing reads 958000 ...
265506 [main] INFO main.java.edu.mit.compbio.bisulfitehic.mapping.Bhmem  - Unique mapped and paired reads 948336 ...
[M::mem_process_seqs] Processed 1001 reads in 0.750 CPU sec, 0.097 real sec
[M::mem_process_seqs] Processed 1001 reads in 0.638 CPU sec, 0.083 real sec
[M::mem_process_seqs] Processed 1001 reads in 0.771 CPU sec, 0.097 real sec
[M::mem_process_seqs] Processed 1001 reads in 0.737 CPU sec, 0.096 real sec
266009 [main] INFO main.java.edu.mit.compbio.bisulfitehic.mapping.Bhmem  - Processing reads 959000 ...
266009 [main] INFO main.java.edu.mit.compbio.bisulfitehic.mapping.Bhmem  - Unique mapped and paired reads 950308 ...
266012 [main] INFO main.java.edu.mit.compbio.bisulfitehic.mapping.Bhmem  - Processing reads 960000 ...
266012 [main] INFO main.java.edu.mit.compbio.bisulfitehic.mapping.Bhmem  - Unique mapped and paired reads 950308 ...
[M::mem_process_seqs] Processed 1001 reads in 0.749 CPU sec, 0.095 real sec
[M::mem_process_seqs] Processed 1001 reads in 0.708 CPU sec, 0.091 real sec
[M::mem_process_seqs] Processed 1001 reads in 0.741 CPU sec, 0.095 real sec
[M::mem_process_seqs] Processed 1001 reads in 0.700 CPU sec, 0.089 real sec
266522 [main] INFO main.java.edu.mit.compbio.bisulfitehic.mapping.Bhmem  - Processing reads 961000 ...
266522 [main] INFO main.java.edu.mit.compbio.bisulfitehic.mapping.Bhmem  - Unique mapped and paired reads 952292 ...
266525 [main] INFO main.java.edu.mit.compbio.bisulfitehic.mapping.Bhmem  - Processing reads 962000 ...
266525 [main] INFO main.java.edu.mit.compbio.bisulfitehic.mapping.Bhmem  - Unique mapped and paired reads 952292 ...
[M::mem_process_seqs] Processed 1001 reads in 0.708 CPU sec, 0.091 real sec
[M::mem_process_seqs] Processed 1001 reads in 0.652 CPU sec, 0.084 real sec
[M::mem_process_seqs] Processed 1001 reads in 0.723 CPU sec, 0.093 real sec
[M::mem_process_seqs] Processed 1001 reads in 0.733 CPU sec, 0.096 real sec
267020 [main] INFO main.java.edu.mit.compbio.bisulfitehic.mapping.Bhmem  - Processing reads 963000 ...
267020 [main] INFO main.java.edu.mit.compbio.bisulfitehic.mapping.Bhmem  - Unique mapped and paired reads 954280 ...
267023 [main] INFO main.java.edu.mit.compbio.bisulfitehic.mapping.Bhmem  - Processing reads 964000 ...
267023 [main] INFO main.java.edu.mit.compbio.bisulfitehic.mapping.Bhmem  - Unique mapped and paired reads 954280 ...
[M::mem_process_seqs] Processed 1001 reads in 0.750 CPU sec, 0.100 real sec
[M::mem_process_seqs] Processed 1001 reads in 0.678 CPU sec, 0.086 real sec
[M::mem_process_seqs] Processed 1001 reads in 0.790 CPU sec, 0.101 real sec
[M::mem_process_seqs] Processed 1001 reads in 0.731 CPU sec, 0.092 real sec
267537 [main] INFO main.java.edu.mit.compbio.bisulfitehic.mapping.Bhmem  - Processing reads 965000 ...
267537 [main] INFO main.java.edu.mit.compbio.bisulfitehic.mapping.Bhmem  - Unique mapped and paired reads 956264 ...
267540 [main] INFO main.java.edu.mit.compbio.bisulfitehic.mapping.Bhmem  - Processing reads 966000 ...
267540 [main] INFO main.java.edu.mit.compbio.bisulfitehic.mapping.Bhmem  - Unique mapped and paired reads 956264 ...
[M::mem_process_seqs] Processed 1001 reads in 0.736 CPU sec, 0.094 real sec
[M::mem_process_seqs] Processed 1001 reads in 0.603 CPU sec, 0.076 real sec
[M::mem_process_seqs] Processed 1001 reads in 0.743 CPU sec, 0.110 real sec
[M::mem_process_seqs] Processed 1001 reads in 0.748 CPU sec, 0.096 real sec
268051 [main] INFO main.java.edu.mit.compbio.bisulfitehic.mapping.Bhmem  - Processing reads 967000 ...
268051 [main] INFO main.java.edu.mit.compbio.bisulfitehic.mapping.Bhmem  - Unique mapped and paired reads 958256 ...
268054 [main] INFO main.java.edu.mit.compbio.bisulfitehic.mapping.Bhmem  - Processing reads 968000 ...
268054 [main] INFO main.java.edu.mit.compbio.bisulfitehic.mapping.Bhmem  - Unique mapped and paired reads 958256 ...
[M::mem_process_seqs] Processed 1001 reads in 0.753 CPU sec, 0.096 real sec
[M::mem_process_seqs] Processed 1001 reads in 0.668 CPU sec, 0.084 real sec
[M::mem_process_seqs] Processed 1001 reads in 0.751 CPU sec, 0.105 real sec
[M::mem_process_seqs] Processed 1001 reads in 0.786 CPU sec, 0.100 real sec
268576 [main] INFO main.java.edu.mit.compbio.bisulfitehic.mapping.Bhmem  - Processing reads 969000 ...
268576 [main] INFO main.java.edu.mit.compbio.bisulfitehic.mapping.Bhmem  - Unique mapped and paired reads 960240 ...
268579 [main] INFO main.java.edu.mit.compbio.bisulfitehic.mapping.Bhmem  - Processing reads 970000 ...
268579 [main] INFO main.java.edu.mit.compbio.bisulfitehic.mapping.Bhmem  - Unique mapped and paired reads 960240 ...
[M::mem_process_seqs] Processed 1001 reads in 0.718 CPU sec, 0.092 real sec
[M::mem_process_seqs] Processed 1001 reads in 0.664 CPU sec, 0.086 real sec
[M::mem_process_seqs] Processed 1001 reads in 0.744 CPU sec, 0.095 real sec
[M::mem_process_seqs] Processed 1001 reads in 0.768 CPU sec, 0.098 real sec
269086 [main] INFO main.java.edu.mit.compbio.bisulfitehic.mapping.Bhmem  - Processing reads 971000 ...
269086 [main] INFO main.java.edu.mit.compbio.bisulfitehic.mapping.Bhmem  - Unique mapped and paired reads 962222 ...
269089 [main] INFO main.java.edu.mit.compbio.bisulfitehic.mapping.Bhmem  - Processing reads 972000 ...
269089 [main] INFO main.java.edu.mit.compbio.bisulfitehic.mapping.Bhmem  - Unique mapped and paired reads 962222 ...
[M::mem_process_seqs] Processed 1001 reads in 0.758 CPU sec, 0.097 real sec
[M::mem_process_seqs] Processed 1001 reads in 0.654 CPU sec, 0.083 real sec
[M::mem_process_seqs] Processed 1001 reads in 0.778 CPU sec, 0.104 real sec
[M::mem_process_seqs] Processed 1001 reads in 0.753 CPU sec, 0.100 real sec
269607 [main] INFO main.java.edu.mit.compbio.bisulfitehic.mapping.Bhmem  - Processing reads 973000 ...
269607 [main] INFO main.java.edu.mit.compbio.bisulfitehic.mapping.Bhmem  - Unique mapped and paired reads 964206 ...
269611 [main] INFO main.java.edu.mit.compbio.bisulfitehic.mapping.Bhmem  - Processing reads 974000 ...
269611 [main] INFO main.java.edu.mit.compbio.bisulfitehic.mapping.Bhmem  - Unique mapped and paired reads 964206 ...
[M::mem_process_seqs] Processed 1001 reads in 0.766 CPU sec, 0.100 real sec
[M::mem_process_seqs] Processed 1001 reads in 0.733 CPU sec, 0.097 real sec
[M::mem_process_seqs] Processed 1001 reads in 0.827 CPU sec, 0.106 real sec
[M::mem_process_seqs] Processed 1001 reads in 0.815 CPU sec, 0.103 real sec
270155 [main] INFO main.java.edu.mit.compbio.bisulfitehic.mapping.Bhmem  - Processing reads 975000 ...
270155 [main] INFO main.java.edu.mit.compbio.bisulfitehic.mapping.Bhmem  - Unique mapped and paired reads 966192 ...
270158 [main] INFO main.java.edu.mit.compbio.bisulfitehic.mapping.Bhmem  - Processing reads 976000 ...
270158 [main] INFO main.java.edu.mit.compbio.bisulfitehic.mapping.Bhmem  - Unique mapped and paired reads 966192 ...
[M::mem_process_seqs] Processed 1001 reads in 0.744 CPU sec, 0.094 real sec
[M::mem_process_seqs] Processed 1001 reads in 0.656 CPU sec, 0.085 real sec
[M::mem_process_seqs] Processed 1001 reads in 0.746 CPU sec, 0.095 real sec
[M::mem_process_seqs] Processed 1001 reads in 0.717 CPU sec, 0.091 real sec
270660 [main] INFO main.java.edu.mit.compbio.bisulfitehic.mapping.Bhmem  - Processing reads 977000 ...
270660 [main] INFO main.java.edu.mit.compbio.bisulfitehic.mapping.Bhmem  - Unique mapped and paired reads 968180 ...
270663 [main] INFO main.java.edu.mit.compbio.bisulfitehic.mapping.Bhmem  - Processing reads 978000 ...
270663 [main] INFO main.java.edu.mit.compbio.bisulfitehic.mapping.Bhmem  - Unique mapped and paired reads 968180 ...
[M::mem_process_seqs] Processed 1001 reads in 0.794 CPU sec, 0.102 real sec
[M::mem_process_seqs] Processed 1001 reads in 0.673 CPU sec, 0.085 real sec
[M::mem_process_seqs] Processed 1001 reads in 0.846 CPU sec, 0.125 real sec
[M::mem_process_seqs] Processed 1001 reads in 0.847 CPU sec, 0.107 real sec
271220 [main] INFO main.java.edu.mit.compbio.bisulfitehic.mapping.Bhmem  - Processing reads 979000 ...
271220 [main] INFO main.java.edu.mit.compbio.bisulfitehic.mapping.Bhmem  - Unique mapped and paired reads 970166 ...
271223 [main] INFO main.java.edu.mit.compbio.bisulfitehic.mapping.Bhmem  - Processing reads 980000 ...
271223 [main] INFO main.java.edu.mit.compbio.bisulfitehic.mapping.Bhmem  - Unique mapped and paired reads 970166 ...
[M::mem_process_seqs] Processed 1001 reads in 0.765 CPU sec, 0.108 real sec
[M::mem_process_seqs] Processed 1001 reads in 0.726 CPU sec, 0.094 real sec
[M::mem_process_seqs] Processed 1001 reads in 0.763 CPU sec, 0.098 real sec
[M::mem_process_seqs] Processed 1001 reads in 0.709 CPU sec, 0.090 real sec
271748 [main] INFO main.java.edu.mit.compbio.bisulfitehic.mapping.Bhmem  - Processing reads 981000 ...
271748 [main] INFO main.java.edu.mit.compbio.bisulfitehic.mapping.Bhmem  - Unique mapped and paired reads 972156 ...
271751 [main] INFO main.java.edu.mit.compbio.bisulfitehic.mapping.Bhmem  - Processing reads 982000 ...
271751 [main] INFO main.java.edu.mit.compbio.bisulfitehic.mapping.Bhmem  - Unique mapped and paired reads 972156 ...
[M::mem_process_seqs] Processed 1001 reads in 0.752 CPU sec, 0.097 real sec
[M::mem_process_seqs] Processed 1001 reads in 0.651 CPU sec, 0.082 real sec
[M::mem_process_seqs] Processed 1001 reads in 0.768 CPU sec, 0.097 real sec
[M::mem_process_seqs] Processed 1001 reads in 0.736 CPU sec, 0.094 real sec
272259 [main] INFO main.java.edu.mit.compbio.bisulfitehic.mapping.Bhmem  - Processing reads 983000 ...
272259 [main] INFO main.java.edu.mit.compbio.bisulfitehic.mapping.Bhmem  - Unique mapped and paired reads 974144 ...
272262 [main] INFO main.java.edu.mit.compbio.bisulfitehic.mapping.Bhmem  - Processing reads 984000 ...
272262 [main] INFO main.java.edu.mit.compbio.bisulfitehic.mapping.Bhmem  - Unique mapped and paired reads 974144 ...
[M::mem_process_seqs] Processed 1001 reads in 0.711 CPU sec, 0.095 real sec
[M::mem_process_seqs] Processed 1001 reads in 0.653 CPU sec, 0.083 real sec
[M::mem_process_seqs] Processed 1001 reads in 0.782 CPU sec, 0.099 real sec
[M::mem_process_seqs] Processed 1001 reads in 0.699 CPU sec, 0.090 real sec
272760 [main] INFO main.java.edu.mit.compbio.bisulfitehic.mapping.Bhmem  - Processing reads 985000 ...
272760 [main] INFO main.java.edu.mit.compbio.bisulfitehic.mapping.Bhmem  - Unique mapped and paired reads 976128 ...
272763 [main] INFO main.java.edu.mit.compbio.bisulfitehic.mapping.Bhmem  - Processing reads 986000 ...
272763 [main] INFO main.java.edu.mit.compbio.bisulfitehic.mapping.Bhmem  - Unique mapped and paired reads 976128 ...
[M::mem_process_seqs] Processed 1001 reads in 0.750 CPU sec, 0.098 real sec
[M::mem_process_seqs] Processed 1001 reads in 0.655 CPU sec, 0.085 real sec
[M::mem_process_seqs] Processed 1001 reads in 0.712 CPU sec, 0.093 real sec
[M::mem_process_seqs] Processed 1001 reads in 0.766 CPU sec, 0.098 real sec
273274 [main] INFO main.java.edu.mit.compbio.bisulfitehic.mapping.Bhmem  - Processing reads 987000 ...
273274 [main] INFO main.java.edu.mit.compbio.bisulfitehic.mapping.Bhmem  - Unique mapped and paired reads 978110 ...
273277 [main] INFO main.java.edu.mit.compbio.bisulfitehic.mapping.Bhmem  - Processing reads 988000 ...
273277 [main] INFO main.java.edu.mit.compbio.bisulfitehic.mapping.Bhmem  - Unique mapped and paired reads 978110 ...
[M::mem_process_seqs] Processed 1001 reads in 0.798 CPU sec, 0.104 real sec
[M::mem_process_seqs] Processed 1001 reads in 0.683 CPU sec, 0.086 real sec
[M::mem_process_seqs] Processed 1001 reads in 0.809 CPU sec, 0.106 real sec
[M::mem_process_seqs] Processed 1001 reads in 0.803 CPU sec, 0.102 real sec
273814 [main] INFO main.java.edu.mit.compbio.bisulfitehic.mapping.Bhmem  - Processing reads 989000 ...
273814 [main] INFO main.java.edu.mit.compbio.bisulfitehic.mapping.Bhmem  - Unique mapped and paired reads 980082 ...
273817 [main] INFO main.java.edu.mit.compbio.bisulfitehic.mapping.Bhmem  - Processing reads 990000 ...
273817 [main] INFO main.java.edu.mit.compbio.bisulfitehic.mapping.Bhmem  - Unique mapped and paired reads 980082 ...
[M::mem_process_seqs] Processed 1001 reads in 0.770 CPU sec, 0.097 real sec
[M::mem_process_seqs] Processed 1001 reads in 0.646 CPU sec, 0.082 real sec
[M::mem_process_seqs] Processed 1001 reads in 0.768 CPU sec, 0.097 real sec
[M::mem_process_seqs] Processed 1001 reads in 0.720 CPU sec, 0.095 real sec
274328 [main] INFO main.java.edu.mit.compbio.bisulfitehic.mapping.Bhmem  - Processing reads 991000 ...
274328 [main] INFO main.java.edu.mit.compbio.bisulfitehic.mapping.Bhmem  - Unique mapped and paired reads 982064 ...
274331 [main] INFO main.java.edu.mit.compbio.bisulfitehic.mapping.Bhmem  - Processing reads 992000 ...
274331 [main] INFO main.java.edu.mit.compbio.bisulfitehic.mapping.Bhmem  - Unique mapped and paired reads 982064 ...
[M::mem_process_seqs] Processed 1001 reads in 0.787 CPU sec, 0.100 real sec
[M::mem_process_seqs] Processed 1001 reads in 0.687 CPU sec, 0.089 real sec
[M::mem_process_seqs] Processed 1001 reads in 0.740 CPU sec, 0.093 real sec
[M::mem_process_seqs] Processed 1001 reads in 0.802 CPU sec, 0.105 real sec
274856 [main] INFO main.java.edu.mit.compbio.bisulfitehic.mapping.Bhmem  - Processing reads 993000 ...
274856 [main] INFO main.java.edu.mit.compbio.bisulfitehic.mapping.Bhmem  - Unique mapped and paired reads 984048 ...
274859 [main] INFO main.java.edu.mit.compbio.bisulfitehic.mapping.Bhmem  - Processing reads 994000 ...
274859 [main] INFO main.java.edu.mit.compbio.bisulfitehic.mapping.Bhmem  - Unique mapped and paired reads 984048 ...
[M::mem_process_seqs] Processed 1001 reads in 0.711 CPU sec, 0.093 real sec
[M::mem_process_seqs] Processed 1001 reads in 0.625 CPU sec, 0.079 real sec
[M::mem_process_seqs] Processed 1001 reads in 0.721 CPU sec, 0.092 real sec
[M::mem_process_seqs] Processed 1001 reads in 0.675 CPU sec, 0.086 real sec
275346 [main] INFO main.java.edu.mit.compbio.bisulfitehic.mapping.Bhmem  - Processing reads 995000 ...
275346 [main] INFO main.java.edu.mit.compbio.bisulfitehic.mapping.Bhmem  - Unique mapped and paired reads 986036 ...
275349 [main] INFO main.java.edu.mit.compbio.bisulfitehic.mapping.Bhmem  - Processing reads 996000 ...
275349 [main] INFO main.java.edu.mit.compbio.bisulfitehic.mapping.Bhmem  - Unique mapped and paired reads 986036 ...
[M::mem_process_seqs] Processed 1001 reads in 0.769 CPU sec, 0.098 real sec
[M::mem_process_seqs] Processed 1001 reads in 0.699 CPU sec, 0.088 real sec
[M::mem_process_seqs] Processed 1001 reads in 0.774 CPU sec, 0.098 real sec
[M::mem_process_seqs] Processed 1001 reads in 0.791 CPU sec, 0.104 real sec
275883 [main] INFO main.java.edu.mit.compbio.bisulfitehic.mapping.Bhmem  - Processing reads 997000 ...
275883 [main] INFO main.java.edu.mit.compbio.bisulfitehic.mapping.Bhmem  - Unique mapped and paired reads 988022 ...
275886 [main] INFO main.java.edu.mit.compbio.bisulfitehic.mapping.Bhmem  - Processing reads 998000 ...
275886 [main] INFO main.java.edu.mit.compbio.bisulfitehic.mapping.Bhmem  - Unique mapped and paired reads 988022 ...
[M::mem_process_seqs] Processed 1001 reads in 0.733 CPU sec, 0.098 real sec
[M::mem_process_seqs] Processed 1001 reads in 0.658 CPU sec, 0.084 real sec
[M::mem_process_seqs] Processed 1001 reads in 0.689 CPU sec, 0.087 real sec
[M::mem_process_seqs] Processed 1001 reads in 0.719 CPU sec, 0.092 real sec
276379 [main] INFO main.java.edu.mit.compbio.bisulfitehic.mapping.Bhmem  - Processing reads 999000 ...
276379 [main] INFO main.java.edu.mit.compbio.bisulfitehic.mapping.Bhmem  - Unique mapped and paired reads 989998 ...
276382 [main] INFO main.java.edu.mit.compbio.bisulfitehic.mapping.Bhmem  - Processing reads 1000000 ...
276382 [main] INFO main.java.edu.mit.compbio.bisulfitehic.mapping.Bhmem  - Unique mapped and paired reads 989998 ...
276385 [main] INFO main.java.edu.mit.compbio.bisulfitehic.mapping.Bhmem  - Processing reads 1001000 ...
276385 [main] INFO main.java.edu.mit.compbio.bisulfitehic.mapping.Bhmem  - Unique mapped and paired reads 989998 ...
[M::mem_process_seqs] Processed 1001 reads in 0.772 CPU sec, 0.102 real sec
[M::mem_process_seqs] Processed 1001 reads in 0.662 CPU sec, 0.084 real sec
[M::mem_process_seqs] Processed 1001 reads in 0.850 CPU sec, 0.111 real sec
[M::mem_process_seqs] Processed 1001 reads in 0.799 CPU sec, 0.102 real sec
276921 [main] INFO main.java.edu.mit.compbio.bisulfitehic.mapping.Bhmem  - Processing reads 1002000 ...
276921 [main] INFO main.java.edu.mit.compbio.bisulfitehic.mapping.Bhmem  - Unique mapped and paired reads 991986 ...
276924 [main] INFO main.java.edu.mit.compbio.bisulfitehic.mapping.Bhmem  - Processing reads 1003000 ...
276924 [main] INFO main.java.edu.mit.compbio.bisulfitehic.mapping.Bhmem  - Unique mapped and paired reads 991986 ...
[M::mem_process_seqs] Processed 1001 reads in 0.767 CPU sec, 0.104 real sec
[M::mem_process_seqs] Processed 1001 reads in 0.662 CPU sec, 0.084 real sec
[M::mem_process_seqs] Processed 1001 reads in 0.751 CPU sec, 0.096 real sec
[M::mem_process_seqs] Processed 1001 reads in 0.733 CPU sec, 0.092 real sec
277435 [main] INFO main.java.edu.mit.compbio.bisulfitehic.mapping.Bhmem  - Processing reads 1004000 ...
277435 [main] INFO main.java.edu.mit.compbio.bisulfitehic.mapping.Bhmem  - Unique mapped and paired reads 993970 ...
277439 [main] INFO main.java.edu.mit.compbio.bisulfitehic.mapping.Bhmem  - Processing reads 1005000 ...
277439 [main] INFO main.java.edu.mit.compbio.bisulfitehic.mapping.Bhmem  - Unique mapped and paired reads 993970 ...
[M::mem_process_seqs] Processed 1001 reads in 0.730 CPU sec, 0.092 real sec
[M::mem_process_seqs] Processed 1001 reads in 0.704 CPU sec, 0.091 real sec
[M::mem_process_seqs] Processed 1001 reads in 0.780 CPU sec, 0.099 real sec
[M::mem_process_seqs] Processed 1001 reads in 0.779 CPU sec, 0.099 real sec
277959 [main] INFO main.java.edu.mit.compbio.bisulfitehic.mapping.Bhmem  - Processing reads 1006000 ...
277959 [main] INFO main.java.edu.mit.compbio.bisulfitehic.mapping.Bhmem  - Unique mapped and paired reads 995956 ...
277962 [main] INFO main.java.edu.mit.compbio.bisulfitehic.mapping.Bhmem  - Processing reads 1007000 ...
277962 [main] INFO main.java.edu.mit.compbio.bisulfitehic.mapping.Bhmem  - Unique mapped and paired reads 995956 ...
[M::mem_process_seqs] Processed 1001 reads in 0.743 CPU sec, 0.097 real sec
[M::mem_process_seqs] Processed 1001 reads in 0.644 CPU sec, 0.081 real sec
[M::mem_process_seqs] Processed 1001 reads in 0.706 CPU sec, 0.097 real sec
[M::mem_process_seqs] Processed 1001 reads in 0.713 CPU sec, 0.091 real sec
278502 [main] INFO main.java.edu.mit.compbio.bisulfitehic.mapping.Bhmem  - Processing reads 1008000 ...
278502 [main] INFO main.java.edu.mit.compbio.bisulfitehic.mapping.Bhmem  - Unique mapped and paired reads 997946 ...
278509 [main] INFO main.java.edu.mit.compbio.bisulfitehic.mapping.Bhmem  - Processing reads 1009000 ...
278509 [main] INFO main.java.edu.mit.compbio.bisulfitehic.mapping.Bhmem  - Unique mapped and paired reads 997946 ...
[M::mem_process_seqs] Processed 1001 reads in 0.756 CPU sec, 0.099 real sec
[M::mem_process_seqs] Processed 1001 reads in 0.719 CPU sec, 0.092 real sec
[M::mem_process_seqs] Processed 1001 reads in 0.706 CPU sec, 0.097 real sec
[M::mem_process_seqs] Processed 1001 reads in 0.787 CPU sec, 0.101 real sec
279040 [main] INFO main.java.edu.mit.compbio.bisulfitehic.mapping.Bhmem  - Processing reads 1010000 ...
279040 [main] INFO main.java.edu.mit.compbio.bisulfitehic.mapping.Bhmem  - Unique mapped and paired reads 999934 ...
279043 [main] INFO main.java.edu.mit.compbio.bisulfitehic.mapping.Bhmem  - Processing reads 1011000 ...
279043 [main] INFO main.java.edu.mit.compbio.bisulfitehic.mapping.Bhmem  - Unique mapped and paired reads 999934 ...
[M::mem_process_seqs] Processed 1001 reads in 0.770 CPU sec, 0.099 real sec
[M::mem_process_seqs] Processed 1001 reads in 0.642 CPU sec, 0.090 real sec
[M::mem_process_seqs] Processed 1001 reads in 0.798 CPU sec, 0.109 real sec
[M::mem_process_seqs] Processed 1001 reads in 0.751 CPU sec, 0.097 real sec
279578 [main] INFO main.java.edu.mit.compbio.bisulfitehic.mapping.Bhmem  - Processing reads 1012000 ...
279578 [main] INFO main.java.edu.mit.compbio.bisulfitehic.mapping.Bhmem  - Unique mapped and paired reads 1001914 ...
279581 [main] INFO main.java.edu.mit.compbio.bisulfitehic.mapping.Bhmem  - Processing reads 1013000 ...
279581 [main] INFO main.java.edu.mit.compbio.bisulfitehic.mapping.Bhmem  - Unique mapped and paired reads 1001914 ...
[M::mem_process_seqs] Processed 1001 reads in 0.754 CPU sec, 0.099 real sec
[M::mem_process_seqs] Processed 1001 reads in 0.663 CPU sec, 0.084 real sec
[M::mem_process_seqs] Processed 1001 reads in 0.744 CPU sec, 0.094 real sec
[M::mem_process_seqs] Processed 1001 reads in 0.720 CPU sec, 0.092 real sec
280085 [main] INFO main.java.edu.mit.compbio.bisulfitehic.mapping.Bhmem  - Processing reads 1014000 ...
280085 [main] INFO main.java.edu.mit.compbio.bisulfitehic.mapping.Bhmem  - Unique mapped and paired reads 1003902 ...
280187 [main] INFO main.java.edu.mit.compbio.bisulfitehic.mapping.Bhmem  - Processing reads 1015000 ...
280187 [main] INFO main.java.edu.mit.compbio.bisulfitehic.mapping.Bhmem  - Unique mapped and paired reads 1003902 ...
[M::mem_process_seqs] Processed 1001 reads in 0.743 CPU sec, 0.097 real sec
[M::mem_process_seqs] Processed 1001 reads in 0.640 CPU sec, 0.081 real sec
[M::mem_process_seqs] Processed 1001 reads in 0.730 CPU sec, 0.092 real sec
[M::mem_process_seqs] Processed 1001 reads in 0.695 CPU sec, 0.090 real sec
280686 [main] INFO main.java.edu.mit.compbio.bisulfitehic.mapping.Bhmem  - Processing reads 1016000 ...
280686 [main] INFO main.java.edu.mit.compbio.bisulfitehic.mapping.Bhmem  - Unique mapped and paired reads 1005884 ...
280689 [main] INFO main.java.edu.mit.compbio.bisulfitehic.mapping.Bhmem  - Processing reads 1017000 ...
280689 [main] INFO main.java.edu.mit.compbio.bisulfitehic.mapping.Bhmem  - Unique mapped and paired reads 1005884 ...
[M::mem_process_seqs] Processed 1001 reads in 0.777 CPU sec, 0.103 real sec
[M::mem_process_seqs] Processed 1001 reads in 0.729 CPU sec, 0.093 real sec
[M::mem_process_seqs] Processed 1001 reads in 0.775 CPU sec, 0.098 real sec
[M::mem_process_seqs] Processed 1001 reads in 0.764 CPU sec, 0.097 real sec
281283 [main] INFO main.java.edu.mit.compbio.bisulfitehic.mapping.Bhmem  - Processing reads 1018000 ...
281283 [main] INFO main.java.edu.mit.compbio.bisulfitehic.mapping.Bhmem  - Unique mapped and paired reads 1007866 ...
281286 [main] INFO main.java.edu.mit.compbio.bisulfitehic.mapping.Bhmem  - Processing reads 1019000 ...
281286 [main] INFO main.java.edu.mit.compbio.bisulfitehic.mapping.Bhmem  - Unique mapped and paired reads 1007866 ...
[M::mem_process_seqs] Processed 1001 reads in 0.716 CPU sec, 0.092 real sec
[M::mem_process_seqs] Processed 1001 reads in 0.647 CPU sec, 0.082 real sec
[M::mem_process_seqs] Processed 1001 reads in 0.782 CPU sec, 0.102 real sec
[M::mem_process_seqs] Processed 1001 reads in 0.766 CPU sec, 0.097 real sec
281798 [main] INFO main.java.edu.mit.compbio.bisulfitehic.mapping.Bhmem  - Processing reads 1020000 ...
281798 [main] INFO main.java.edu.mit.compbio.bisulfitehic.mapping.Bhmem  - Unique mapped and paired reads 1009848 ...
281801 [main] INFO main.java.edu.mit.compbio.bisulfitehic.mapping.Bhmem  - Processing reads 1021000 ...
281801 [main] INFO main.java.edu.mit.compbio.bisulfitehic.mapping.Bhmem  - Unique mapped and paired reads 1009848 ...
[M::mem_process_seqs] Processed 1001 reads in 0.736 CPU sec, 0.095 real sec
[M::mem_process_seqs] Processed 1001 reads in 0.644 CPU sec, 0.081 real sec
[M::mem_process_seqs] Processed 1001 reads in 0.789 CPU sec, 0.100 real sec
[M::mem_process_seqs] Processed 1001 reads in 0.764 CPU sec, 0.098 real sec
282310 [main] INFO main.java.edu.mit.compbio.bisulfitehic.mapping.Bhmem  - Processing reads 1022000 ...
282310 [main] INFO main.java.edu.mit.compbio.bisulfitehic.mapping.Bhmem  - Unique mapped and paired reads 1011830 ...
282313 [main] INFO main.java.edu.mit.compbio.bisulfitehic.mapping.Bhmem  - Processing reads 1023000 ...
282313 [main] INFO main.java.edu.mit.compbio.bisulfitehic.mapping.Bhmem  - Unique mapped and paired reads 1011830 ...
[M::mem_process_seqs] Processed 1001 reads in 0.734 CPU sec, 0.093 real sec
[M::mem_process_seqs] Processed 1001 reads in 0.637 CPU sec, 0.081 real sec
[M::mem_process_seqs] Processed 1001 reads in 0.811 CPU sec, 0.102 real sec
[M::mem_process_seqs] Processed 1001 reads in 0.766 CPU sec, 0.099 real sec
282828 [main] INFO main.java.edu.mit.compbio.bisulfitehic.mapping.Bhmem  - Processing reads 1024000 ...
282828 [main] INFO main.java.edu.mit.compbio.bisulfitehic.mapping.Bhmem  - Unique mapped and paired reads 1013814 ...
282831 [main] INFO main.java.edu.mit.compbio.bisulfitehic.mapping.Bhmem  - Processing reads 1025000 ...
282831 [main] INFO main.java.edu.mit.compbio.bisulfitehic.mapping.Bhmem  - Unique mapped and paired reads 1013814 ...
[M::mem_process_seqs] Processed 1001 reads in 0.747 CPU sec, 0.094 real sec
[M::mem_process_seqs] Processed 1001 reads in 0.697 CPU sec, 0.088 real sec
[M::mem_process_seqs] Processed 1001 reads in 0.797 CPU sec, 0.102 real sec
[M::mem_process_seqs] Processed 1001 reads in 0.799 CPU sec, 0.102 real sec
283355 [main] INFO main.java.edu.mit.compbio.bisulfitehic.mapping.Bhmem  - Processing reads 1026000 ...
283355 [main] INFO main.java.edu.mit.compbio.bisulfitehic.mapping.Bhmem  - Unique mapped and paired reads 1015790 ...
283358 [main] INFO main.java.edu.mit.compbio.bisulfitehic.mapping.Bhmem  - Processing reads 1027000 ...
283358 [main] INFO main.java.edu.mit.compbio.bisulfitehic.mapping.Bhmem  - Unique mapped and paired reads 1015790 ...
[M::mem_process_seqs] Processed 1001 reads in 0.761 CPU sec, 0.100 real sec
[M::mem_process_seqs] Processed 1001 reads in 0.715 CPU sec, 0.093 real sec
[M::mem_process_seqs] Processed 1001 reads in 0.808 CPU sec, 0.103 real sec
[M::mem_process_seqs] Processed 1001 reads in 0.770 CPU sec, 0.098 real sec
283890 [main] INFO main.java.edu.mit.compbio.bisulfitehic.mapping.Bhmem  - Processing reads 1028000 ...
283890 [main] INFO main.java.edu.mit.compbio.bisulfitehic.mapping.Bhmem  - Unique mapped and paired reads 1017772 ...
283893 [main] INFO main.java.edu.mit.compbio.bisulfitehic.mapping.Bhmem  - Processing reads 1029000 ...
283893 [main] INFO main.java.edu.mit.compbio.bisulfitehic.mapping.Bhmem  - Unique mapped and paired reads 1017772 ...
[M::mem_process_seqs] Processed 1001 reads in 0.775 CPU sec, 0.101 real sec
[M::mem_process_seqs] Processed 1001 reads in 0.657 CPU sec, 0.084 real sec
[M::mem_process_seqs] Processed 1001 reads in 0.760 CPU sec, 0.098 real sec
[M::mem_process_seqs] Processed 1001 reads in 0.735 CPU sec, 0.093 real sec
284407 [main] INFO main.java.edu.mit.compbio.bisulfitehic.mapping.Bhmem  - Processing reads 1030000 ...
284407 [main] INFO main.java.edu.mit.compbio.bisulfitehic.mapping.Bhmem  - Unique mapped and paired reads 1019758 ...
284410 [main] INFO main.java.edu.mit.compbio.bisulfitehic.mapping.Bhmem  - Processing reads 1031000 ...
284410 [main] INFO main.java.edu.mit.compbio.bisulfitehic.mapping.Bhmem  - Unique mapped and paired reads 1019758 ...
[M::mem_process_seqs] Processed 1001 reads in 0.750 CPU sec, 0.095 real sec
[M::mem_process_seqs] Processed 1001 reads in 0.697 CPU sec, 0.090 real sec
[M::mem_process_seqs] Processed 1001 reads in 0.762 CPU sec, 0.101 real sec
[M::mem_process_seqs] Processed 1001 reads in 0.763 CPU sec, 0.099 real sec
284932 [main] INFO main.java.edu.mit.compbio.bisulfitehic.mapping.Bhmem  - Processing reads 1032000 ...
284932 [main] INFO main.java.edu.mit.compbio.bisulfitehic.mapping.Bhmem  - Unique mapped and paired reads 1021736 ...
284935 [main] INFO main.java.edu.mit.compbio.bisulfitehic.mapping.Bhmem  - Processing reads 1033000 ...
284935 [main] INFO main.java.edu.mit.compbio.bisulfitehic.mapping.Bhmem  - Unique mapped and paired reads 1021736 ...
[M::mem_process_seqs] Processed 1001 reads in 0.770 CPU sec, 0.109 real sec
[M::mem_process_seqs] Processed 1001 reads in 0.704 CPU sec, 0.090 real sec
[M::mem_process_seqs] Processed 1001 reads in 0.835 CPU sec, 0.106 real sec
[M::mem_process_seqs] Processed 1001 reads in 0.753 CPU sec, 0.097 real sec
285477 [main] INFO main.java.edu.mit.compbio.bisulfitehic.mapping.Bhmem  - Processing reads 1034000 ...
285477 [main] INFO main.java.edu.mit.compbio.bisulfitehic.mapping.Bhmem  - Unique mapped and paired reads 1023720 ...
285480 [main] INFO main.java.edu.mit.compbio.bisulfitehic.mapping.Bhmem  - Processing reads 1035000 ...
285480 [main] INFO main.java.edu.mit.compbio.bisulfitehic.mapping.Bhmem  - Unique mapped and paired reads 1023720 ...
[M::mem_process_seqs] Processed 1001 reads in 0.840 CPU sec, 0.108 real sec
[M::mem_process_seqs] Processed 1001 reads in 0.797 CPU sec, 0.101 real sec
[M::mem_process_seqs] Processed 1001 reads in 0.806 CPU sec, 0.106 real sec
[M::mem_process_seqs] Processed 1001 reads in 0.865 CPU sec, 0.111 real sec
286045 [main] INFO main.java.edu.mit.compbio.bisulfitehic.mapping.Bhmem  - Processing reads 1036000 ...
286045 [main] INFO main.java.edu.mit.compbio.bisulfitehic.mapping.Bhmem  - Unique mapped and paired reads 1025696 ...
286049 [main] INFO main.java.edu.mit.compbio.bisulfitehic.mapping.Bhmem  - Processing reads 1037000 ...
286049 [main] INFO main.java.edu.mit.compbio.bisulfitehic.mapping.Bhmem  - Unique mapped and paired reads 1025696 ...
[M::mem_process_seqs] Processed 1001 reads in 0.745 CPU sec, 0.096 real sec
[M::mem_process_seqs] Processed 1001 reads in 0.636 CPU sec, 0.080 real sec
[M::mem_process_seqs] Processed 1001 reads in 0.732 CPU sec, 0.095 real sec
[M::mem_process_seqs] Processed 1001 reads in 0.749 CPU sec, 0.095 real sec
286556 [main] INFO main.java.edu.mit.compbio.bisulfitehic.mapping.Bhmem  - Processing reads 1038000 ...
286556 [main] INFO main.java.edu.mit.compbio.bisulfitehic.mapping.Bhmem  - Unique mapped and paired reads 1027688 ...
286559 [main] INFO main.java.edu.mit.compbio.bisulfitehic.mapping.Bhmem  - Processing reads 1039000 ...
286559 [main] INFO main.java.edu.mit.compbio.bisulfitehic.mapping.Bhmem  - Unique mapped and paired reads 1027688 ...
[M::mem_process_seqs] Processed 1001 reads in 0.727 CPU sec, 0.094 real sec
[M::mem_process_seqs] Processed 1001 reads in 0.614 CPU sec, 0.080 real sec
[M::mem_process_seqs] Processed 1001 reads in 0.703 CPU sec, 0.090 real sec
[M::mem_process_seqs] Processed 1001 reads in 0.759 CPU sec, 0.100 real sec
287059 [main] INFO main.java.edu.mit.compbio.bisulfitehic.mapping.Bhmem  - Processing reads 1040000 ...
287059 [main] INFO main.java.edu.mit.compbio.bisulfitehic.mapping.Bhmem  - Unique mapped and paired reads 1029668 ...
287063 [main] INFO main.java.edu.mit.compbio.bisulfitehic.mapping.Bhmem  - Processing reads 1041000 ...
287063 [main] INFO main.java.edu.mit.compbio.bisulfitehic.mapping.Bhmem  - Unique mapped and paired reads 1029668 ...
[M::mem_process_seqs] Processed 1001 reads in 0.782 CPU sec, 0.100 real sec
[M::mem_process_seqs] Processed 1001 reads in 0.699 CPU sec, 0.095 real sec
[M::mem_process_seqs] Processed 1001 reads in 0.830 CPU sec, 0.115 real sec
[M::mem_process_seqs] Processed 1001 reads in 0.801 CPU sec, 0.101 real sec
287615 [main] INFO main.java.edu.mit.compbio.bisulfitehic.mapping.Bhmem  - Processing reads 1042000 ...
287615 [main] INFO main.java.edu.mit.compbio.bisulfitehic.mapping.Bhmem  - Unique mapped and paired reads 1031658 ...
287618 [main] INFO main.java.edu.mit.compbio.bisulfitehic.mapping.Bhmem  - Processing reads 1043000 ...
287618 [main] INFO main.java.edu.mit.compbio.bisulfitehic.mapping.Bhmem  - Unique mapped and paired reads 1031658 ...
[M::mem_process_seqs] Processed 1001 reads in 0.766 CPU sec, 0.100 real sec
[M::mem_process_seqs] Processed 1001 reads in 0.688 CPU sec, 0.087 real sec
[M::mem_process_seqs] Processed 1001 reads in 0.777 CPU sec, 0.098 real sec
[M::mem_process_seqs] Processed 1001 reads in 0.799 CPU sec, 0.105 real sec
288153 [main] INFO main.java.edu.mit.compbio.bisulfitehic.mapping.Bhmem  - Processing reads 1044000 ...
288153 [main] INFO main.java.edu.mit.compbio.bisulfitehic.mapping.Bhmem  - Unique mapped and paired reads 1033642 ...
288156 [main] INFO main.java.edu.mit.compbio.bisulfitehic.mapping.Bhmem  - Processing reads 1045000 ...
288156 [main] INFO main.java.edu.mit.compbio.bisulfitehic.mapping.Bhmem  - Unique mapped and paired reads 1033642 ...
[M::mem_process_seqs] Processed 1001 reads in 0.763 CPU sec, 0.096 real sec
[M::mem_process_seqs] Processed 1001 reads in 0.688 CPU sec, 0.087 real sec
[M::mem_process_seqs] Processed 1001 reads in 0.797 CPU sec, 0.100 real sec
[M::mem_process_seqs] Processed 1001 reads in 0.768 CPU sec, 0.098 real sec
288679 [main] INFO main.java.edu.mit.compbio.bisulfitehic.mapping.Bhmem  - Processing reads 1046000 ...
288680 [main] INFO main.java.edu.mit.compbio.bisulfitehic.mapping.Bhmem  - Unique mapped and paired reads 1035626 ...
288683 [main] INFO main.java.edu.mit.compbio.bisulfitehic.mapping.Bhmem  - Processing reads 1047000 ...
288683 [main] INFO main.java.edu.mit.compbio.bisulfitehic.mapping.Bhmem  - Unique mapped and paired reads 1035626 ...
[M::mem_process_seqs] Processed 1001 reads in 0.728 CPU sec, 0.095 real sec
[M::mem_process_seqs] Processed 1001 reads in 0.671 CPU sec, 0.085 real sec
[M::mem_process_seqs] Processed 1001 reads in 0.739 CPU sec, 0.096 real sec
[M::mem_process_seqs] Processed 1001 reads in 0.756 CPU sec, 0.098 real sec
289201 [main] INFO main.java.edu.mit.compbio.bisulfitehic.mapping.Bhmem  - Processing reads 1048000 ...
289201 [main] INFO main.java.edu.mit.compbio.bisulfitehic.mapping.Bhmem  - Unique mapped and paired reads 1037614 ...
289204 [main] INFO main.java.edu.mit.compbio.bisulfitehic.mapping.Bhmem  - Processing reads 1049000 ...
289204 [main] INFO main.java.edu.mit.compbio.bisulfitehic.mapping.Bhmem  - Unique mapped and paired reads 1037614 ...
[M::mem_process_seqs] Processed 1001 reads in 0.760 CPU sec, 0.096 real sec
[M::mem_process_seqs] Processed 1001 reads in 0.680 CPU sec, 0.089 real sec
[M::mem_process_seqs] Processed 1001 reads in 0.767 CPU sec, 0.100 real sec
[M::mem_process_seqs] Processed 1001 reads in 0.713 CPU sec, 0.091 real sec
289720 [main] INFO main.java.edu.mit.compbio.bisulfitehic.mapping.Bhmem  - Processing reads 1050000 ...
289720 [main] INFO main.java.edu.mit.compbio.bisulfitehic.mapping.Bhmem  - Unique mapped and paired reads 1039598 ...
289723 [main] INFO main.java.edu.mit.compbio.bisulfitehic.mapping.Bhmem  - Processing reads 1051000 ...
289723 [main] INFO main.java.edu.mit.compbio.bisulfitehic.mapping.Bhmem  - Unique mapped and paired reads 1039598 ...
[M::mem_process_seqs] Processed 1001 reads in 0.774 CPU sec, 0.107 real sec
[M::mem_process_seqs] Processed 1001 reads in 0.698 CPU sec, 0.088 real sec
[M::mem_process_seqs] Processed 1001 reads in 0.770 CPU sec, 0.103 real sec
[M::mem_process_seqs] Processed 1001 reads in 0.729 CPU sec, 0.094 real sec
290252 [main] INFO main.java.edu.mit.compbio.bisulfitehic.mapping.Bhmem  - Processing reads 1052000 ...
290252 [main] INFO main.java.edu.mit.compbio.bisulfitehic.mapping.Bhmem  - Unique mapped and paired reads 1041586 ...
290255 [main] INFO main.java.edu.mit.compbio.bisulfitehic.mapping.Bhmem  - Processing reads 1053000 ...
290255 [main] INFO main.java.edu.mit.compbio.bisulfitehic.mapping.Bhmem  - Unique mapped and paired reads 1041586 ...
[M::mem_process_seqs] Processed 1001 reads in 0.784 CPU sec, 0.100 real sec
[M::mem_process_seqs] Processed 1001 reads in 0.718 CPU sec, 0.103 real sec
[M::mem_process_seqs] Processed 1001 reads in 0.791 CPU sec, 0.101 real sec
[M::mem_process_seqs] Processed 1001 reads in 0.797 CPU sec, 0.102 real sec
290803 [main] INFO main.java.edu.mit.compbio.bisulfitehic.mapping.Bhmem  - Processing reads 1054000 ...
290803 [main] INFO main.java.edu.mit.compbio.bisulfitehic.mapping.Bhmem  - Unique mapped and paired reads 1043570 ...
290806 [main] INFO main.java.edu.mit.compbio.bisulfitehic.mapping.Bhmem  - Processing reads 1055000 ...
290806 [main] INFO main.java.edu.mit.compbio.bisulfitehic.mapping.Bhmem  - Unique mapped and paired reads 1043570 ...
[M::mem_process_seqs] Processed 1001 reads in 0.753 CPU sec, 0.095 real sec
[M::mem_process_seqs] Processed 1001 reads in 0.672 CPU sec, 0.086 real sec
[M::mem_process_seqs] Processed 1001 reads in 0.730 CPU sec, 0.092 real sec
[M::mem_process_seqs] Processed 1001 reads in 0.734 CPU sec, 0.093 real sec
291311 [main] INFO main.java.edu.mit.compbio.bisulfitehic.mapping.Bhmem  - Processing reads 1056000 ...
291311 [main] INFO main.java.edu.mit.compbio.bisulfitehic.mapping.Bhmem  - Unique mapped and paired reads 1045548 ...
291314 [main] INFO main.java.edu.mit.compbio.bisulfitehic.mapping.Bhmem  - Processing reads 1057000 ...
291314 [main] INFO main.java.edu.mit.compbio.bisulfitehic.mapping.Bhmem  - Unique mapped and paired reads 1045548 ...
[M::mem_process_seqs] Processed 1001 reads in 0.752 CPU sec, 0.096 real sec
[M::mem_process_seqs] Processed 1001 reads in 0.672 CPU sec, 0.089 real sec
[M::mem_process_seqs] Processed 1001 reads in 0.729 CPU sec, 0.092 real sec
[M::mem_process_seqs] Processed 1001 reads in 0.736 CPU sec, 0.098 real sec
291831 [main] INFO main.java.edu.mit.compbio.bisulfitehic.mapping.Bhmem  - Processing reads 1058000 ...
291831 [main] INFO main.java.edu.mit.compbio.bisulfitehic.mapping.Bhmem  - Unique mapped and paired reads 1047534 ...
291834 [main] INFO main.java.edu.mit.compbio.bisulfitehic.mapping.Bhmem  - Processing reads 1059000 ...
291834 [main] INFO main.java.edu.mit.compbio.bisulfitehic.mapping.Bhmem  - Unique mapped and paired reads 1047534 ...
[M::mem_process_seqs] Processed 1001 reads in 0.792 CPU sec, 0.101 real sec
[M::mem_process_seqs] Processed 1001 reads in 0.691 CPU sec, 0.088 real sec
[M::mem_process_seqs] Processed 1001 reads in 0.809 CPU sec, 0.107 real sec
[M::mem_process_seqs] Processed 1001 reads in 0.844 CPU sec, 0.108 real sec
292385 [main] INFO main.java.edu.mit.compbio.bisulfitehic.mapping.Bhmem  - Processing reads 1060000 ...
292385 [main] INFO main.java.edu.mit.compbio.bisulfitehic.mapping.Bhmem  - Unique mapped and paired reads 1049518 ...
292388 [main] INFO main.java.edu.mit.compbio.bisulfitehic.mapping.Bhmem  - Processing reads 1061000 ...
292388 [main] INFO main.java.edu.mit.compbio.bisulfitehic.mapping.Bhmem  - Unique mapped and paired reads 1049518 ...
[M::mem_process_seqs] Processed 1001 reads in 0.796 CPU sec, 0.101 real sec
[M::mem_process_seqs] Processed 1001 reads in 0.666 CPU sec, 0.087 real sec
[M::mem_process_seqs] Processed 1001 reads in 0.871 CPU sec, 0.111 real sec
[M::mem_process_seqs] Processed 1001 reads in 0.801 CPU sec, 0.105 real sec
292932 [main] INFO main.java.edu.mit.compbio.bisulfitehic.mapping.Bhmem  - Processing reads 1062000 ...
292932 [main] INFO main.java.edu.mit.compbio.bisulfitehic.mapping.Bhmem  - Unique mapped and paired reads 1051504 ...
292935 [main] INFO main.java.edu.mit.compbio.bisulfitehic.mapping.Bhmem  - Processing reads 1063000 ...
292935 [main] INFO main.java.edu.mit.compbio.bisulfitehic.mapping.Bhmem  - Unique mapped and paired reads 1051504 ...
[M::mem_process_seqs] Processed 1001 reads in 0.684 CPU sec, 0.087 real sec
[M::mem_process_seqs] Processed 1001 reads in 0.662 CPU sec, 0.086 real sec
[M::mem_process_seqs] Processed 1001 reads in 0.714 CPU sec, 0.091 real sec
[M::mem_process_seqs] Processed 1001 reads in 0.765 CPU sec, 0.098 real sec
293437 [main] INFO main.java.edu.mit.compbio.bisulfitehic.mapping.Bhmem  - Processing reads 1064000 ...
293437 [main] INFO main.java.edu.mit.compbio.bisulfitehic.mapping.Bhmem  - Unique mapped and paired reads 1053488 ...
293440 [main] INFO main.java.edu.mit.compbio.bisulfitehic.mapping.Bhmem  - Processing reads 1065000 ...
293440 [main] INFO main.java.edu.mit.compbio.bisulfitehic.mapping.Bhmem  - Unique mapped and paired reads 1053488 ...
[M::mem_process_seqs] Processed 1001 reads in 0.754 CPU sec, 0.095 real sec
[M::mem_process_seqs] Processed 1001 reads in 0.652 CPU sec, 0.082 real sec
[M::mem_process_seqs] Processed 1001 reads in 0.737 CPU sec, 0.095 real sec
[M::mem_process_seqs] Processed 1001 reads in 0.789 CPU sec, 0.100 real sec
293956 [main] INFO main.java.edu.mit.compbio.bisulfitehic.mapping.Bhmem  - Processing reads 1066000 ...
293956 [main] INFO main.java.edu.mit.compbio.bisulfitehic.mapping.Bhmem  - Unique mapped and paired reads 1055482 ...
293959 [main] INFO main.java.edu.mit.compbio.bisulfitehic.mapping.Bhmem  - Processing reads 1067000 ...
293959 [main] INFO main.java.edu.mit.compbio.bisulfitehic.mapping.Bhmem  - Unique mapped and paired reads 1055482 ...
[M::mem_process_seqs] Processed 1001 reads in 0.811 CPU sec, 0.104 real sec
[M::mem_process_seqs] Processed 1001 reads in 0.690 CPU sec, 0.092 real sec
[M::mem_process_seqs] Processed 1001 reads in 0.839 CPU sec, 0.106 real sec
[M::mem_process_seqs] Processed 1001 reads in 0.835 CPU sec, 0.112 real sec
294522 [main] INFO main.java.edu.mit.compbio.bisulfitehic.mapping.Bhmem  - Processing reads 1068000 ...
294522 [main] INFO main.java.edu.mit.compbio.bisulfitehic.mapping.Bhmem  - Unique mapped and paired reads 1057462 ...
294525 [main] INFO main.java.edu.mit.compbio.bisulfitehic.mapping.Bhmem  - Processing reads 1069000 ...
294525 [main] INFO main.java.edu.mit.compbio.bisulfitehic.mapping.Bhmem  - Unique mapped and paired reads 1057462 ...
[M::mem_process_seqs] Processed 1001 reads in 0.746 CPU sec, 0.095 real sec
[M::mem_process_seqs] Processed 1001 reads in 0.665 CPU sec, 0.084 real sec
[M::mem_process_seqs] Processed 1001 reads in 0.707 CPU sec, 0.090 real sec
[M::mem_process_seqs] Processed 1001 reads in 0.749 CPU sec, 0.094 real sec
295040 [main] INFO main.java.edu.mit.compbio.bisulfitehic.mapping.Bhmem  - Processing reads 1070000 ...
295040 [main] INFO main.java.edu.mit.compbio.bisulfitehic.mapping.Bhmem  - Unique mapped and paired reads 1059450 ...
295043 [main] INFO main.java.edu.mit.compbio.bisulfitehic.mapping.Bhmem  - Processing reads 1071000 ...
295043 [main] INFO main.java.edu.mit.compbio.bisulfitehic.mapping.Bhmem  - Unique mapped and paired reads 1059450 ...
[M::mem_process_seqs] Processed 1001 reads in 0.785 CPU sec, 0.102 real sec
[M::mem_process_seqs] Processed 1001 reads in 0.696 CPU sec, 0.089 real sec
[M::mem_process_seqs] Processed 1001 reads in 0.753 CPU sec, 0.095 real sec
[M::mem_process_seqs] Processed 1001 reads in 0.684 CPU sec, 0.087 real sec
295570 [main] INFO main.java.edu.mit.compbio.bisulfitehic.mapping.Bhmem  - Processing reads 1072000 ...
295570 [main] INFO main.java.edu.mit.compbio.bisulfitehic.mapping.Bhmem  - Unique mapped and paired reads 1061442 ...
295573 [main] INFO main.java.edu.mit.compbio.bisulfitehic.mapping.Bhmem  - Processing reads 1073000 ...
295573 [main] INFO main.java.edu.mit.compbio.bisulfitehic.mapping.Bhmem  - Unique mapped and paired reads 1061442 ...
[M::mem_process_seqs] Processed 1001 reads in 0.759 CPU sec, 0.097 real sec
[M::mem_process_seqs] Processed 1001 reads in 0.659 CPU sec, 0.085 real sec
[M::mem_process_seqs] Processed 1001 reads in 0.834 CPU sec, 0.111 real sec
[M::mem_process_seqs] Processed 1001 reads in 0.802 CPU sec, 0.103 real sec
296130 [main] INFO main.java.edu.mit.compbio.bisulfitehic.mapping.Bhmem  - Processing reads 1074000 ...
296130 [main] INFO main.java.edu.mit.compbio.bisulfitehic.mapping.Bhmem  - Unique mapped and paired reads 1063432 ...
296133 [main] INFO main.java.edu.mit.compbio.bisulfitehic.mapping.Bhmem  - Processing reads 1075000 ...
296133 [main] INFO main.java.edu.mit.compbio.bisulfitehic.mapping.Bhmem  - Unique mapped and paired reads 1063432 ...
[M::mem_process_seqs] Processed 1001 reads in 0.830 CPU sec, 0.105 real sec
[M::mem_process_seqs] Processed 1001 reads in 0.687 CPU sec, 0.088 real sec
[M::mem_process_seqs] Processed 1001 reads in 0.782 CPU sec, 0.103 real sec
[M::mem_process_seqs] Processed 1001 reads in 0.788 CPU sec, 0.107 real sec
296696 [main] INFO main.java.edu.mit.compbio.bisulfitehic.mapping.Bhmem  - Processing reads 1076000 ...
296696 [main] INFO main.java.edu.mit.compbio.bisulfitehic.mapping.Bhmem  - Unique mapped and paired reads 1065420 ...
296699 [main] INFO main.java.edu.mit.compbio.bisulfitehic.mapping.Bhmem  - Processing reads 1077000 ...
296699 [main] INFO main.java.edu.mit.compbio.bisulfitehic.mapping.Bhmem  - Unique mapped and paired reads 1065420 ...
[M::mem_process_seqs] Processed 1001 reads in 0.672 CPU sec, 0.086 real sec
[M::mem_process_seqs] Processed 1001 reads in 0.605 CPU sec, 0.079 real sec
[M::mem_process_seqs] Processed 1001 reads in 0.688 CPU sec, 0.088 real sec
[M::mem_process_seqs] Processed 1001 reads in 0.694 CPU sec, 0.089 real sec
297167 [main] INFO main.java.edu.mit.compbio.bisulfitehic.mapping.Bhmem  - Processing reads 1078000 ...
297167 [main] INFO main.java.edu.mit.compbio.bisulfitehic.mapping.Bhmem  - Unique mapped and paired reads 1067406 ...
297170 [main] INFO main.java.edu.mit.compbio.bisulfitehic.mapping.Bhmem  - Processing reads 1079000 ...
297170 [main] INFO main.java.edu.mit.compbio.bisulfitehic.mapping.Bhmem  - Unique mapped and paired reads 1067406 ...
[M::mem_process_seqs] Processed 1001 reads in 0.666 CPU sec, 0.092 real sec
[M::mem_process_seqs] Processed 1001 reads in 0.570 CPU sec, 0.073 real sec
[M::mem_process_seqs] Processed 1001 reads in 0.629 CPU sec, 0.083 real sec
[M::mem_process_seqs] Processed 1001 reads in 0.693 CPU sec, 0.091 real sec
297636 [main] INFO main.java.edu.mit.compbio.bisulfitehic.mapping.Bhmem  - Processing reads 1080000 ...
297636 [main] INFO main.java.edu.mit.compbio.bisulfitehic.mapping.Bhmem  - Unique mapped and paired reads 1069382 ...
297639 [main] INFO main.java.edu.mit.compbio.bisulfitehic.mapping.Bhmem  - Processing reads 1081000 ...
297639 [main] INFO main.java.edu.mit.compbio.bisulfitehic.mapping.Bhmem  - Unique mapped and paired reads 1069382 ...
[M::mem_process_seqs] Processed 1001 reads in 0.729 CPU sec, 0.092 real sec
[M::mem_process_seqs] Processed 1001 reads in 0.644 CPU sec, 0.082 real sec
[M::mem_process_seqs] Processed 1001 reads in 0.748 CPU sec, 0.095 real sec
[M::mem_process_seqs] Processed 1001 reads in 0.782 CPU sec, 0.098 real sec
298136 [main] INFO main.java.edu.mit.compbio.bisulfitehic.mapping.Bhmem  - Processing reads 1082000 ...
298136 [main] INFO main.java.edu.mit.compbio.bisulfitehic.mapping.Bhmem  - Unique mapped and paired reads 1071366 ...
298139 [main] INFO main.java.edu.mit.compbio.bisulfitehic.mapping.Bhmem  - Processing reads 1083000 ...
298139 [main] INFO main.java.edu.mit.compbio.bisulfitehic.mapping.Bhmem  - Unique mapped and paired reads 1071366 ...
[M::mem_process_seqs] Processed 1001 reads in 0.743 CPU sec, 0.094 real sec
[M::mem_process_seqs] Processed 1001 reads in 0.592 CPU sec, 0.075 real sec
[M::mem_process_seqs] Processed 1001 reads in 0.802 CPU sec, 0.103 real sec
[M::mem_process_seqs] Processed 1001 reads in 0.720 CPU sec, 0.094 real sec
298635 [main] INFO main.java.edu.mit.compbio.bisulfitehic.mapping.Bhmem  - Processing reads 1084000 ...
298635 [main] INFO main.java.edu.mit.compbio.bisulfitehic.mapping.Bhmem  - Unique mapped and paired reads 1073346 ...
298638 [main] INFO main.java.edu.mit.compbio.bisulfitehic.mapping.Bhmem  - Processing reads 1085000 ...
298638 [main] INFO main.java.edu.mit.compbio.bisulfitehic.mapping.Bhmem  - Unique mapped and paired reads 1073346 ...
[M::mem_process_seqs] Processed 1001 reads in 0.722 CPU sec, 0.092 real sec
[M::mem_process_seqs] Processed 1001 reads in 0.610 CPU sec, 0.077 real sec
[M::mem_process_seqs] Processed 1001 reads in 0.745 CPU sec, 0.102 real sec
[M::mem_process_seqs] Processed 1001 reads in 0.705 CPU sec, 0.094 real sec
299141 [main] INFO main.java.edu.mit.compbio.bisulfitehic.mapping.Bhmem  - Processing reads 1086000 ...
299141 [main] INFO main.java.edu.mit.compbio.bisulfitehic.mapping.Bhmem  - Unique mapped and paired reads 1075334 ...
299144 [main] INFO main.java.edu.mit.compbio.bisulfitehic.mapping.Bhmem  - Processing reads 1087000 ...
299144 [main] INFO main.java.edu.mit.compbio.bisulfitehic.mapping.Bhmem  - Unique mapped and paired reads 1075334 ...
[M::mem_process_seqs] Processed 1001 reads in 0.703 CPU sec, 0.091 real sec
[M::mem_process_seqs] Processed 1001 reads in 0.622 CPU sec, 0.079 real sec
[M::mem_process_seqs] Processed 1001 reads in 0.665 CPU sec, 0.085 real sec
[M::mem_process_seqs] Processed 1001 reads in 0.655 CPU sec, 0.084 real sec
299613 [main] INFO main.java.edu.mit.compbio.bisulfitehic.mapping.Bhmem  - Processing reads 1088000 ...
299613 [main] INFO main.java.edu.mit.compbio.bisulfitehic.mapping.Bhmem  - Unique mapped and paired reads 1077328 ...
299616 [main] INFO main.java.edu.mit.compbio.bisulfitehic.mapping.Bhmem  - Processing reads 1089000 ...
299616 [main] INFO main.java.edu.mit.compbio.bisulfitehic.mapping.Bhmem  - Unique mapped and paired reads 1077328 ...
[M::mem_process_seqs] Processed 1001 reads in 0.643 CPU sec, 0.082 real sec
[M::mem_process_seqs] Processed 1001 reads in 0.545 CPU sec, 0.070 real sec
[M::mem_process_seqs] Processed 1001 reads in 0.640 CPU sec, 0.083 real sec
[M::mem_process_seqs] Processed 1001 reads in 0.596 CPU sec, 0.075 real sec
300053 [main] INFO main.java.edu.mit.compbio.bisulfitehic.mapping.Bhmem  - Processing reads 1090000 ...
300054 [main] INFO main.java.edu.mit.compbio.bisulfitehic.mapping.Bhmem  - Unique mapped and paired reads 1079306 ...
300057 [main] INFO main.java.edu.mit.compbio.bisulfitehic.mapping.Bhmem  - Processing reads 1091000 ...
300057 [main] INFO main.java.edu.mit.compbio.bisulfitehic.mapping.Bhmem  - Unique mapped and paired reads 1079306 ...
[M::mem_process_seqs] Processed 1001 reads in 0.750 CPU sec, 0.102 real sec
[M::mem_process_seqs] Processed 1001 reads in 0.665 CPU sec, 0.085 real sec
[M::mem_process_seqs] Processed 1001 reads in 0.727 CPU sec, 0.099 real sec
[M::mem_process_seqs] Processed 1001 reads in 0.729 CPU sec, 0.093 real sec
300564 [main] INFO main.java.edu.mit.compbio.bisulfitehic.mapping.Bhmem  - Processing reads 1092000 ...
300564 [main] INFO main.java.edu.mit.compbio.bisulfitehic.mapping.Bhmem  - Unique mapped and paired reads 1081280 ...
300567 [main] INFO main.java.edu.mit.compbio.bisulfitehic.mapping.Bhmem  - Processing reads 1093000 ...
300567 [main] INFO main.java.edu.mit.compbio.bisulfitehic.mapping.Bhmem  - Unique mapped and paired reads 1081280 ...
[M::mem_process_seqs] Processed 1001 reads in 0.698 CPU sec, 0.089 real sec
[M::mem_process_seqs] Processed 1001 reads in 0.631 CPU sec, 0.084 real sec
[M::mem_process_seqs] Processed 1001 reads in 0.711 CPU sec, 0.090 real sec
[M::mem_process_seqs] Processed 1001 reads in 0.681 CPU sec, 0.091 real sec
301047 [main] INFO main.java.edu.mit.compbio.bisulfitehic.mapping.Bhmem  - Processing reads 1094000 ...
301047 [main] INFO main.java.edu.mit.compbio.bisulfitehic.mapping.Bhmem  - Unique mapped and paired reads 1083264 ...
301050 [main] INFO main.java.edu.mit.compbio.bisulfitehic.mapping.Bhmem  - Processing reads 1095000 ...
301050 [main] INFO main.java.edu.mit.compbio.bisulfitehic.mapping.Bhmem  - Unique mapped and paired reads 1083264 ...
[M::mem_process_seqs] Processed 1001 reads in 0.660 CPU sec, 0.084 real sec
[M::mem_process_seqs] Processed 1001 reads in 0.598 CPU sec, 0.076 real sec
[M::mem_process_seqs] Processed 1001 reads in 0.695 CPU sec, 0.090 real sec
[M::mem_process_seqs] Processed 1001 reads in 0.669 CPU sec, 0.084 real sec
301507 [main] INFO main.java.edu.mit.compbio.bisulfitehic.mapping.Bhmem  - Processing reads 1096000 ...
301507 [main] INFO main.java.edu.mit.compbio.bisulfitehic.mapping.Bhmem  - Unique mapped and paired reads 1085254 ...
301509 [main] INFO main.java.edu.mit.compbio.bisulfitehic.mapping.Bhmem  - Processing reads 1097000 ...
301509 [main] INFO main.java.edu.mit.compbio.bisulfitehic.mapping.Bhmem  - Unique mapped and paired reads 1085254 ...
[M::mem_process_seqs] Processed 1001 reads in 0.663 CPU sec, 0.084 real sec
[M::mem_process_seqs] Processed 1001 reads in 0.543 CPU sec, 0.069 real sec
[M::mem_process_seqs] Processed 1001 reads in 0.632 CPU sec, 0.086 real sec
[M::mem_process_seqs] Processed 1001 reads in 0.638 CPU sec, 0.081 real sec
301954 [main] INFO main.java.edu.mit.compbio.bisulfitehic.mapping.Bhmem  - Processing reads 1098000 ...
301954 [main] INFO main.java.edu.mit.compbio.bisulfitehic.mapping.Bhmem  - Unique mapped and paired reads 1087230 ...
301957 [main] INFO main.java.edu.mit.compbio.bisulfitehic.mapping.Bhmem  - Processing reads 1099000 ...
301957 [main] INFO main.java.edu.mit.compbio.bisulfitehic.mapping.Bhmem  - Unique mapped and paired reads 1087230 ...
[M::mem_process_seqs] Processed 1001 reads in 0.710 CPU sec, 0.097 real sec
[M::mem_process_seqs] Processed 1001 reads in 0.611 CPU sec, 0.083 real sec
[M::mem_process_seqs] Processed 1001 reads in 0.703 CPU sec, 0.094 real sec
[M::mem_process_seqs] Processed 1001 reads in 0.734 CPU sec, 0.103 real sec
302465 [main] INFO main.java.edu.mit.compbio.bisulfitehic.mapping.Bhmem  - Processing reads 1100000 ...
302465 [main] INFO main.java.edu.mit.compbio.bisulfitehic.mapping.Bhmem  - Unique mapped and paired reads 1089216 ...
302467 [main] INFO main.java.edu.mit.compbio.bisulfitehic.mapping.Bhmem  - Processing reads 1101000 ...
302467 [main] INFO main.java.edu.mit.compbio.bisulfitehic.mapping.Bhmem  - Unique mapped and paired reads 1089216 ...
[M::mem_process_seqs] Processed 1001 reads in 0.692 CPU sec, 0.088 real sec
[M::mem_process_seqs] Processed 1001 reads in 0.638 CPU sec, 0.082 real sec
[M::mem_process_seqs] Processed 1001 reads in 0.711 CPU sec, 0.091 real sec
[M::mem_process_seqs] Processed 1001 reads in 0.754 CPU sec, 0.095 real sec
302957 [main] INFO main.java.edu.mit.compbio.bisulfitehic.mapping.Bhmem  - Processing reads 1102000 ...
302957 [main] INFO main.java.edu.mit.compbio.bisulfitehic.mapping.Bhmem  - Unique mapped and paired reads 1091202 ...
302959 [main] INFO main.java.edu.mit.compbio.bisulfitehic.mapping.Bhmem  - Processing reads 1103000 ...
302959 [main] INFO main.java.edu.mit.compbio.bisulfitehic.mapping.Bhmem  - Unique mapped and paired reads 1091202 ...
[M::mem_process_seqs] Processed 1001 reads in 0.666 CPU sec, 0.086 real sec
[M::mem_process_seqs] Processed 1001 reads in 0.572 CPU sec, 0.073 real sec
[M::mem_process_seqs] Processed 1001 reads in 0.704 CPU sec, 0.090 real sec
[M::mem_process_seqs] Processed 1001 reads in 0.704 CPU sec, 0.090 real sec
303426 [main] INFO main.java.edu.mit.compbio.bisulfitehic.mapping.Bhmem  - Processing reads 1104000 ...
303426 [main] INFO main.java.edu.mit.compbio.bisulfitehic.mapping.Bhmem  - Unique mapped and paired reads 1093192 ...
303429 [main] INFO main.java.edu.mit.compbio.bisulfitehic.mapping.Bhmem  - Processing reads 1105000 ...
303429 [main] INFO main.java.edu.mit.compbio.bisulfitehic.mapping.Bhmem  - Unique mapped and paired reads 1093192 ...
[M::mem_process_seqs] Processed 1001 reads in 0.696 CPU sec, 0.091 real sec
[M::mem_process_seqs] Processed 1001 reads in 0.592 CPU sec, 0.077 real sec
[M::mem_process_seqs] Processed 1001 reads in 0.725 CPU sec, 0.096 real sec
[M::mem_process_seqs] Processed 1001 reads in 0.701 CPU sec, 0.093 real sec
303994 [main] INFO main.java.edu.mit.compbio.bisulfitehic.mapping.Bhmem  - Processing reads 1106000 ...
303994 [main] INFO main.java.edu.mit.compbio.bisulfitehic.mapping.Bhmem  - Unique mapped and paired reads 1095182 ...
303997 [main] INFO main.java.edu.mit.compbio.bisulfitehic.mapping.Bhmem  - Processing reads 1107000 ...
303998 [main] INFO main.java.edu.mit.compbio.bisulfitehic.mapping.Bhmem  - Unique mapped and paired reads 1095182 ...
[M::mem_process_seqs] Processed 1001 reads in 0.635 CPU sec, 0.082 real sec
[M::mem_process_seqs] Processed 1001 reads in 0.583 CPU sec, 0.075 real sec
[M::mem_process_seqs] Processed 1001 reads in 0.646 CPU sec, 0.091 real sec
[M::mem_process_seqs] Processed 1001 reads in 0.704 CPU sec, 0.092 real sec
304468 [main] INFO main.java.edu.mit.compbio.bisulfitehic.mapping.Bhmem  - Processing reads 1108000 ...
304468 [main] INFO main.java.edu.mit.compbio.bisulfitehic.mapping.Bhmem  - Unique mapped and paired reads 1097168 ...
304471 [main] INFO main.java.edu.mit.compbio.bisulfitehic.mapping.Bhmem  - Processing reads 1109000 ...
304471 [main] INFO main.java.edu.mit.compbio.bisulfitehic.mapping.Bhmem  - Unique mapped and paired reads 1097168 ...
[M::mem_process_seqs] Processed 1001 reads in 0.685 CPU sec, 0.090 real sec
[M::mem_process_seqs] Processed 1001 reads in 0.585 CPU sec, 0.076 real sec
[M::mem_process_seqs] Processed 1001 reads in 0.721 CPU sec, 0.092 real sec
[M::mem_process_seqs] Processed 1001 reads in 0.613 CPU sec, 0.079 real sec
304935 [main] INFO main.java.edu.mit.compbio.bisulfitehic.mapping.Bhmem  - Processing reads 1110000 ...
304936 [main] INFO main.java.edu.mit.compbio.bisulfitehic.mapping.Bhmem  - Unique mapped and paired reads 1099150 ...
304938 [main] INFO main.java.edu.mit.compbio.bisulfitehic.mapping.Bhmem  - Processing reads 1111000 ...
304938 [main] INFO main.java.edu.mit.compbio.bisulfitehic.mapping.Bhmem  - Unique mapped and paired reads 1099150 ...
[M::mem_process_seqs] Processed 1001 reads in 0.704 CPU sec, 0.089 real sec
[M::mem_process_seqs] Processed 1001 reads in 0.616 CPU sec, 0.079 real sec
[M::mem_process_seqs] Processed 1001 reads in 0.706 CPU sec, 0.089 real sec
[M::mem_process_seqs] Processed 1001 reads in 0.693 CPU sec, 0.088 real sec
305415 [main] INFO main.java.edu.mit.compbio.bisulfitehic.mapping.Bhmem  - Processing reads 1112000 ...
305415 [main] INFO main.java.edu.mit.compbio.bisulfitehic.mapping.Bhmem  - Unique mapped and paired reads 1101134 ...
305418 [main] INFO main.java.edu.mit.compbio.bisulfitehic.mapping.Bhmem  - Processing reads 1113000 ...
305418 [main] INFO main.java.edu.mit.compbio.bisulfitehic.mapping.Bhmem  - Unique mapped and paired reads 1101134 ...
[M::mem_process_seqs] Processed 1001 reads in 0.700 CPU sec, 0.089 real sec
[M::mem_process_seqs] Processed 1001 reads in 0.586 CPU sec, 0.074 real sec
[M::mem_process_seqs] Processed 1001 reads in 0.701 CPU sec, 0.089 real sec
[M::mem_process_seqs] Processed 1001 reads in 0.715 CPU sec, 0.090 real sec
305891 [main] INFO main.java.edu.mit.compbio.bisulfitehic.mapping.Bhmem  - Processing reads 1114000 ...
305891 [main] INFO main.java.edu.mit.compbio.bisulfitehic.mapping.Bhmem  - Unique mapped and paired reads 1103112 ...
305894 [main] INFO main.java.edu.mit.compbio.bisulfitehic.mapping.Bhmem  - Processing reads 1115000 ...
305894 [main] INFO main.java.edu.mit.compbio.bisulfitehic.mapping.Bhmem  - Unique mapped and paired reads 1103112 ...
[M::mem_process_seqs] Processed 1001 reads in 0.693 CPU sec, 0.089 real sec
[M::mem_process_seqs] Processed 1001 reads in 0.607 CPU sec, 0.079 real sec
[M::mem_process_seqs] Processed 1001 reads in 0.743 CPU sec, 0.100 real sec
[M::mem_process_seqs] Processed 1001 reads in 0.700 CPU sec, 0.089 real sec
306383 [main] INFO main.java.edu.mit.compbio.bisulfitehic.mapping.Bhmem  - Processing reads 1116000 ...
306383 [main] INFO main.java.edu.mit.compbio.bisulfitehic.mapping.Bhmem  - Unique mapped and paired reads 1105096 ...
306386 [main] INFO main.java.edu.mit.compbio.bisulfitehic.mapping.Bhmem  - Processing reads 1117000 ...
306386 [main] INFO main.java.edu.mit.compbio.bisulfitehic.mapping.Bhmem  - Unique mapped and paired reads 1105096 ...
[M::mem_process_seqs] Processed 1001 reads in 0.707 CPU sec, 0.089 real sec
[M::mem_process_seqs] Processed 1001 reads in 0.642 CPU sec, 0.083 real sec
[M::mem_process_seqs] Processed 1001 reads in 0.688 CPU sec, 0.089 real sec
[M::mem_process_seqs] Processed 1001 reads in 0.664 CPU sec, 0.085 real sec
306865 [main] INFO main.java.edu.mit.compbio.bisulfitehic.mapping.Bhmem  - Processing reads 1118000 ...
306865 [main] INFO main.java.edu.mit.compbio.bisulfitehic.mapping.Bhmem  - Unique mapped and paired reads 1107076 ...
306868 [main] INFO main.java.edu.mit.compbio.bisulfitehic.mapping.Bhmem  - Processing reads 1119000 ...
306868 [main] INFO main.java.edu.mit.compbio.bisulfitehic.mapping.Bhmem  - Unique mapped and paired reads 1107076 ...
[M::mem_process_seqs] Processed 1001 reads in 0.767 CPU sec, 0.099 real sec
[M::mem_process_seqs] Processed 1001 reads in 0.747 CPU sec, 0.095 real sec
[M::mem_process_seqs] Processed 1001 reads in 0.771 CPU sec, 0.098 real sec
[M::mem_process_seqs] Processed 1001 reads in 0.848 CPU sec, 0.108 real sec
307407 [main] INFO main.java.edu.mit.compbio.bisulfitehic.mapping.Bhmem  - Processing reads 1120000 ...
307407 [main] INFO main.java.edu.mit.compbio.bisulfitehic.mapping.Bhmem  - Unique mapped and paired reads 1109060 ...
307410 [main] INFO main.java.edu.mit.compbio.bisulfitehic.mapping.Bhmem  - Processing reads 1121000 ...
307410 [main] INFO main.java.edu.mit.compbio.bisulfitehic.mapping.Bhmem  - Unique mapped and paired reads 1109060 ...
[M::mem_process_seqs] Processed 1001 reads in 0.799 CPU sec, 0.103 real sec
[M::mem_process_seqs] Processed 1001 reads in 0.654 CPU sec, 0.084 real sec
[M::mem_process_seqs] Processed 1001 reads in 0.866 CPU sec, 0.110 real sec
[M::mem_process_seqs] Processed 1001 reads in 0.781 CPU sec, 0.099 real sec
307941 [main] INFO main.java.edu.mit.compbio.bisulfitehic.mapping.Bhmem  - Processing reads 1122000 ...
307941 [main] INFO main.java.edu.mit.compbio.bisulfitehic.mapping.Bhmem  - Unique mapped and paired reads 1111048 ...
307944 [main] INFO main.java.edu.mit.compbio.bisulfitehic.mapping.Bhmem  - Processing reads 1123000 ...
307944 [main] INFO main.java.edu.mit.compbio.bisulfitehic.mapping.Bhmem  - Unique mapped and paired reads 1111048 ...
[M::mem_process_seqs] Processed 1001 reads in 0.758 CPU sec, 0.096 real sec
[M::mem_process_seqs] Processed 1001 reads in 0.640 CPU sec, 0.081 real sec
[M::mem_process_seqs] Processed 1001 reads in 0.769 CPU sec, 0.101 real sec
[M::mem_process_seqs] Processed 1001 reads in 0.715 CPU sec, 0.092 real sec
308450 [main] INFO main.java.edu.mit.compbio.bisulfitehic.mapping.Bhmem  - Processing reads 1124000 ...
308450 [main] INFO main.java.edu.mit.compbio.bisulfitehic.mapping.Bhmem  - Unique mapped and paired reads 1113032 ...
308453 [main] INFO main.java.edu.mit.compbio.bisulfitehic.mapping.Bhmem  - Processing reads 1125000 ...
308453 [main] INFO main.java.edu.mit.compbio.bisulfitehic.mapping.Bhmem  - Unique mapped and paired reads 1113032 ...
[M::mem_process_seqs] Processed 1001 reads in 0.742 CPU sec, 0.094 real sec
[M::mem_process_seqs] Processed 1001 reads in 0.681 CPU sec, 0.086 real sec
[M::mem_process_seqs] Processed 1001 reads in 0.736 CPU sec, 0.094 real sec
[M::mem_process_seqs] Processed 1001 reads in 0.746 CPU sec, 0.094 real sec
308961 [main] INFO main.java.edu.mit.compbio.bisulfitehic.mapping.Bhmem  - Processing reads 1126000 ...
308961 [main] INFO main.java.edu.mit.compbio.bisulfitehic.mapping.Bhmem  - Unique mapped and paired reads 1115014 ...
308964 [main] INFO main.java.edu.mit.compbio.bisulfitehic.mapping.Bhmem  - Processing reads 1127000 ...
308964 [main] INFO main.java.edu.mit.compbio.bisulfitehic.mapping.Bhmem  - Unique mapped and paired reads 1115014 ...
[M::mem_process_seqs] Processed 1001 reads in 0.723 CPU sec, 0.092 real sec
[M::mem_process_seqs] Processed 1001 reads in 0.601 CPU sec, 0.076 real sec
[M::mem_process_seqs] Processed 1001 reads in 0.772 CPU sec, 0.101 real sec
[M::mem_process_seqs] Processed 1001 reads in 0.685 CPU sec, 0.089 real sec
309450 [main] INFO main.java.edu.mit.compbio.bisulfitehic.mapping.Bhmem  - Processing reads 1128000 ...
309451 [main] INFO main.java.edu.mit.compbio.bisulfitehic.mapping.Bhmem  - Unique mapped and paired reads 1116988 ...
309453 [main] INFO main.java.edu.mit.compbio.bisulfitehic.mapping.Bhmem  - Processing reads 1129000 ...
309453 [main] INFO main.java.edu.mit.compbio.bisulfitehic.mapping.Bhmem  - Unique mapped and paired reads 1116988 ...
[M::mem_process_seqs] Processed 1001 reads in 0.730 CPU sec, 0.095 real sec
[M::mem_process_seqs] Processed 1001 reads in 0.610 CPU sec, 0.081 real sec
[M::mem_process_seqs] Processed 1001 reads in 0.768 CPU sec, 0.107 real sec
[M::mem_process_seqs] Processed 1001 reads in 0.752 CPU sec, 0.096 real sec
309963 [main] INFO main.java.edu.mit.compbio.bisulfitehic.mapping.Bhmem  - Processing reads 1130000 ...
309963 [main] INFO main.java.edu.mit.compbio.bisulfitehic.mapping.Bhmem  - Unique mapped and paired reads 1118960 ...
309966 [main] INFO main.java.edu.mit.compbio.bisulfitehic.mapping.Bhmem  - Processing reads 1131000 ...
309966 [main] INFO main.java.edu.mit.compbio.bisulfitehic.mapping.Bhmem  - Unique mapped and paired reads 1118960 ...
[M::mem_process_seqs] Processed 1001 reads in 0.719 CPU sec, 0.092 real sec
[M::mem_process_seqs] Processed 1001 reads in 0.618 CPU sec, 0.080 real sec
[M::mem_process_seqs] Processed 1001 reads in 0.698 CPU sec, 0.088 real sec
[M::mem_process_seqs] Processed 1001 reads in 0.681 CPU sec, 0.087 real sec
310445 [main] INFO main.java.edu.mit.compbio.bisulfitehic.mapping.Bhmem  - Processing reads 1132000 ...
310445 [main] INFO main.java.edu.mit.compbio.bisulfitehic.mapping.Bhmem  - Unique mapped and paired reads 1120952 ...
310448 [main] INFO main.java.edu.mit.compbio.bisulfitehic.mapping.Bhmem  - Processing reads 1133000 ...
310448 [main] INFO main.java.edu.mit.compbio.bisulfitehic.mapping.Bhmem  - Unique mapped and paired reads 1120952 ...
[M::mem_process_seqs] Processed 1001 reads in 0.714 CPU sec, 0.093 real sec
[M::mem_process_seqs] Processed 1001 reads in 0.601 CPU sec, 0.077 real sec
[M::mem_process_seqs] Processed 1001 reads in 0.729 CPU sec, 0.093 real sec
[M::mem_process_seqs] Processed 1001 reads in 0.678 CPU sec, 0.087 real sec
310932 [main] INFO main.java.edu.mit.compbio.bisulfitehic.mapping.Bhmem  - Processing reads 1134000 ...
310932 [main] INFO main.java.edu.mit.compbio.bisulfitehic.mapping.Bhmem  - Unique mapped and paired reads 1122932 ...
310935 [main] INFO main.java.edu.mit.compbio.bisulfitehic.mapping.Bhmem  - Processing reads 1135000 ...
310935 [main] INFO main.java.edu.mit.compbio.bisulfitehic.mapping.Bhmem  - Unique mapped and paired reads 1122932 ...
[M::mem_process_seqs] Processed 1001 reads in 0.734 CPU sec, 0.101 real sec
[M::mem_process_seqs] Processed 1001 reads in 0.605 CPU sec, 0.076 real sec
[M::mem_process_seqs] Processed 1001 reads in 0.703 CPU sec, 0.090 real sec
[M::mem_process_seqs] Processed 1001 reads in 0.755 CPU sec, 0.096 real sec
311450 [main] INFO main.java.edu.mit.compbio.bisulfitehic.mapping.Bhmem  - Processing reads 1136000 ...
311450 [main] INFO main.java.edu.mit.compbio.bisulfitehic.mapping.Bhmem  - Unique mapped and paired reads 1124916 ...
311453 [main] INFO main.java.edu.mit.compbio.bisulfitehic.mapping.Bhmem  - Processing reads 1137000 ...
311453 [main] INFO main.java.edu.mit.compbio.bisulfitehic.mapping.Bhmem  - Unique mapped and paired reads 1124916 ...
[M::mem_process_seqs] Processed 1001 reads in 0.669 CPU sec, 0.087 real sec
[M::mem_process_seqs] Processed 1001 reads in 0.579 CPU sec, 0.075 real sec
[M::mem_process_seqs] Processed 1001 reads in 0.696 CPU sec, 0.088 real sec
[M::mem_process_seqs] Processed 1001 reads in 0.643 CPU sec, 0.081 real sec
311915 [main] INFO main.java.edu.mit.compbio.bisulfitehic.mapping.Bhmem  - Processing reads 1138000 ...
311915 [main] INFO main.java.edu.mit.compbio.bisulfitehic.mapping.Bhmem  - Unique mapped and paired reads 1126896 ...
311918 [main] INFO main.java.edu.mit.compbio.bisulfitehic.mapping.Bhmem  - Processing reads 1139000 ...
311918 [main] INFO main.java.edu.mit.compbio.bisulfitehic.mapping.Bhmem  - Unique mapped and paired reads 1126896 ...
[M::mem_process_seqs] Processed 1001 reads in 0.694 CPU sec, 0.088 real sec
[M::mem_process_seqs] Processed 1001 reads in 0.654 CPU sec, 0.092 real sec
[M::mem_process_seqs] Processed 1001 reads in 0.773 CPU sec, 0.098 real sec
[M::mem_process_seqs] Processed 1001 reads in 0.751 CPU sec, 0.096 real sec
312424 [main] INFO main.java.edu.mit.compbio.bisulfitehic.mapping.Bhmem  - Processing reads 1140000 ...
312424 [main] INFO main.java.edu.mit.compbio.bisulfitehic.mapping.Bhmem  - Unique mapped and paired reads 1128880 ...
312426 [main] INFO main.java.edu.mit.compbio.bisulfitehic.mapping.Bhmem  - Processing reads 1141000 ...
312427 [main] INFO main.java.edu.mit.compbio.bisulfitehic.mapping.Bhmem  - Unique mapped and paired reads 1128880 ...
[M::mem_process_seqs] Processed 1001 reads in 0.697 CPU sec, 0.089 real sec
[M::mem_process_seqs] Processed 1001 reads in 0.605 CPU sec, 0.082 real sec
[M::mem_process_seqs] Processed 1001 reads in 0.716 CPU sec, 0.093 real sec
[M::mem_process_seqs] Processed 1001 reads in 0.640 CPU sec, 0.083 real sec
312905 [main] INFO main.java.edu.mit.compbio.bisulfitehic.mapping.Bhmem  - Processing reads 1142000 ...
312905 [main] INFO main.java.edu.mit.compbio.bisulfitehic.mapping.Bhmem  - Unique mapped and paired reads 1130860 ...
312908 [main] INFO main.java.edu.mit.compbio.bisulfitehic.mapping.Bhmem  - Processing reads 1143000 ...
312908 [main] INFO main.java.edu.mit.compbio.bisulfitehic.mapping.Bhmem  - Unique mapped and paired reads 1130860 ...
[M::mem_process_seqs] Processed 1001 reads in 0.736 CPU sec, 0.095 real sec
[M::mem_process_seqs] Processed 1001 reads in 0.620 CPU sec, 0.078 real sec
[M::mem_process_seqs] Processed 1001 reads in 0.700 CPU sec, 0.090 real sec
[M::mem_process_seqs] Processed 1001 reads in 0.655 CPU sec, 0.086 real sec
313389 [main] INFO main.java.edu.mit.compbio.bisulfitehic.mapping.Bhmem  - Processing reads 1144000 ...
313389 [main] INFO main.java.edu.mit.compbio.bisulfitehic.mapping.Bhmem  - Unique mapped and paired reads 1132836 ...
313392 [main] INFO main.java.edu.mit.compbio.bisulfitehic.mapping.Bhmem  - Processing reads 1145000 ...
313392 [main] INFO main.java.edu.mit.compbio.bisulfitehic.mapping.Bhmem  - Unique mapped and paired reads 1132836 ...
[M::mem_process_seqs] Processed 1001 reads in 0.717 CPU sec, 0.093 real sec
[M::mem_process_seqs] Processed 1001 reads in 0.619 CPU sec, 0.079 real sec
[M::mem_process_seqs] Processed 1001 reads in 0.782 CPU sec, 0.109 real sec
[M::mem_process_seqs] Processed 1001 reads in 0.787 CPU sec, 0.109 real sec
313921 [main] INFO main.java.edu.mit.compbio.bisulfitehic.mapping.Bhmem  - Processing reads 1146000 ...
313921 [main] INFO main.java.edu.mit.compbio.bisulfitehic.mapping.Bhmem  - Unique mapped and paired reads 1134824 ...
314003 [main] INFO main.java.edu.mit.compbio.bisulfitehic.mapping.Bhmem  - Processing reads 1147000 ...
314003 [main] INFO main.java.edu.mit.compbio.bisulfitehic.mapping.Bhmem  - Unique mapped and paired reads 1134824 ...
[M::mem_process_seqs] Processed 1001 reads in 0.726 CPU sec, 0.092 real sec
[M::mem_process_seqs] Processed 1001 reads in 0.588 CPU sec, 0.074 real sec
[M::mem_process_seqs] Processed 1001 reads in 0.737 CPU sec, 0.097 real sec
[M::mem_process_seqs] Processed 1001 reads in 0.673 CPU sec, 0.086 real sec
314486 [main] INFO main.java.edu.mit.compbio.bisulfitehic.mapping.Bhmem  - Processing reads 1148000 ...
314486 [main] INFO main.java.edu.mit.compbio.bisulfitehic.mapping.Bhmem  - Unique mapped and paired reads 1136804 ...
314489 [main] INFO main.java.edu.mit.compbio.bisulfitehic.mapping.Bhmem  - Processing reads 1149000 ...
314489 [main] INFO main.java.edu.mit.compbio.bisulfitehic.mapping.Bhmem  - Unique mapped and paired reads 1136804 ...
[M::mem_process_seqs] Processed 1001 reads in 0.710 CPU sec, 0.090 real sec
[M::mem_process_seqs] Processed 1001 reads in 0.596 CPU sec, 0.076 real sec
[M::mem_process_seqs] Processed 1001 reads in 0.797 CPU sec, 0.102 real sec
[M::mem_process_seqs] Processed 1001 reads in 0.751 CPU sec, 0.098 real sec
314988 [main] INFO main.java.edu.mit.compbio.bisulfitehic.mapping.Bhmem  - Processing reads 1150000 ...
314988 [main] INFO main.java.edu.mit.compbio.bisulfitehic.mapping.Bhmem  - Unique mapped and paired reads 1138800 ...
314991 [main] INFO main.java.edu.mit.compbio.bisulfitehic.mapping.Bhmem  - Processing reads 1151000 ...
314991 [main] INFO main.java.edu.mit.compbio.bisulfitehic.mapping.Bhmem  - Unique mapped and paired reads 1138800 ...
[M::mem_process_seqs] Processed 1001 reads in 0.807 CPU sec, 0.107 real sec
[M::mem_process_seqs] Processed 1001 reads in 0.678 CPU sec, 0.089 real sec
[M::mem_process_seqs] Processed 1001 reads in 0.861 CPU sec, 0.116 real sec
[M::mem_process_seqs] Processed 1001 reads in 0.814 CPU sec, 0.111 real sec
315550 [main] INFO main.java.edu.mit.compbio.bisulfitehic.mapping.Bhmem  - Processing reads 1152000 ...
315550 [main] INFO main.java.edu.mit.compbio.bisulfitehic.mapping.Bhmem  - Unique mapped and paired reads 1140774 ...
315553 [main] INFO main.java.edu.mit.compbio.bisulfitehic.mapping.Bhmem  - Processing reads 1153000 ...
315553 [main] INFO main.java.edu.mit.compbio.bisulfitehic.mapping.Bhmem  - Unique mapped and paired reads 1140774 ...
[M::mem_process_seqs] Processed 1001 reads in 0.727 CPU sec, 0.093 real sec
[M::mem_process_seqs] Processed 1001 reads in 0.621 CPU sec, 0.079 real sec
[M::mem_process_seqs] Processed 1001 reads in 0.746 CPU sec, 0.098 real sec
[M::mem_process_seqs] Processed 1001 reads in 0.750 CPU sec, 0.098 real sec
316057 [main] INFO main.java.edu.mit.compbio.bisulfitehic.mapping.Bhmem  - Processing reads 1154000 ...
316057 [main] INFO main.java.edu.mit.compbio.bisulfitehic.mapping.Bhmem  - Unique mapped and paired reads 1142760 ...
316060 [main] INFO main.java.edu.mit.compbio.bisulfitehic.mapping.Bhmem  - Processing reads 1155000 ...
316060 [main] INFO main.java.edu.mit.compbio.bisulfitehic.mapping.Bhmem  - Unique mapped and paired reads 1142760 ...
[M::mem_process_seqs] Processed 1001 reads in 0.704 CPU sec, 0.093 real sec
[M::mem_process_seqs] Processed 1001 reads in 0.658 CPU sec, 0.087 real sec
[M::mem_process_seqs] Processed 1001 reads in 0.798 CPU sec, 0.106 real sec
[M::mem_process_seqs] Processed 1001 reads in 0.791 CPU sec, 0.101 real sec
316578 [main] INFO main.java.edu.mit.compbio.bisulfitehic.mapping.Bhmem  - Processing reads 1156000 ...
316578 [main] INFO main.java.edu.mit.compbio.bisulfitehic.mapping.Bhmem  - Unique mapped and paired reads 1144748 ...
316581 [main] INFO main.java.edu.mit.compbio.bisulfitehic.mapping.Bhmem  - Processing reads 1157000 ...
316581 [main] INFO main.java.edu.mit.compbio.bisulfitehic.mapping.Bhmem  - Unique mapped and paired reads 1144748 ...
[M::mem_process_seqs] Processed 1001 reads in 0.710 CPU sec, 0.090 real sec
[M::mem_process_seqs] Processed 1001 reads in 0.626 CPU sec, 0.082 real sec
[M::mem_process_seqs] Processed 1001 reads in 0.701 CPU sec, 0.089 real sec
[M::mem_process_seqs] Processed 1001 reads in 0.741 CPU sec, 0.093 real sec
317070 [main] INFO main.java.edu.mit.compbio.bisulfitehic.mapping.Bhmem  - Processing reads 1158000 ...
317070 [main] INFO main.java.edu.mit.compbio.bisulfitehic.mapping.Bhmem  - Unique mapped and paired reads 1146726 ...
317073 [main] INFO main.java.edu.mit.compbio.bisulfitehic.mapping.Bhmem  - Processing reads 1159000 ...
317073 [main] INFO main.java.edu.mit.compbio.bisulfitehic.mapping.Bhmem  - Unique mapped and paired reads 1146726 ...
[M::mem_process_seqs] Processed 1001 reads in 0.758 CPU sec, 0.097 real sec
[M::mem_process_seqs] Processed 1001 reads in 0.644 CPU sec, 0.082 real sec
[M::mem_process_seqs] Processed 1001 reads in 0.788 CPU sec, 0.102 real sec
[M::mem_process_seqs] Processed 1001 reads in 0.753 CPU sec, 0.096 real sec
317587 [main] INFO main.java.edu.mit.compbio.bisulfitehic.mapping.Bhmem  - Processing reads 1160000 ...
317587 [main] INFO main.java.edu.mit.compbio.bisulfitehic.mapping.Bhmem  - Unique mapped and paired reads 1148714 ...
317590 [main] INFO main.java.edu.mit.compbio.bisulfitehic.mapping.Bhmem  - Processing reads 1161000 ...
317590 [main] INFO main.java.edu.mit.compbio.bisulfitehic.mapping.Bhmem  - Unique mapped and paired reads 1148714 ...
[M::mem_process_seqs] Processed 1001 reads in 0.750 CPU sec, 0.094 real sec
[M::mem_process_seqs] Processed 1001 reads in 0.612 CPU sec, 0.079 real sec
[M::mem_process_seqs] Processed 1001 reads in 0.745 CPU sec, 0.096 real sec
[M::mem_process_seqs] Processed 1001 reads in 0.723 CPU sec, 0.102 real sec
318098 [main] INFO main.java.edu.mit.compbio.bisulfitehic.mapping.Bhmem  - Processing reads 1162000 ...
318098 [main] INFO main.java.edu.mit.compbio.bisulfitehic.mapping.Bhmem  - Unique mapped and paired reads 1150694 ...
318101 [main] INFO main.java.edu.mit.compbio.bisulfitehic.mapping.Bhmem  - Processing reads 1163000 ...
318101 [main] INFO main.java.edu.mit.compbio.bisulfitehic.mapping.Bhmem  - Unique mapped and paired reads 1150694 ...
[M::mem_process_seqs] Processed 1001 reads in 0.781 CPU sec, 0.103 real sec
[M::mem_process_seqs] Processed 1001 reads in 0.691 CPU sec, 0.090 real sec
[M::mem_process_seqs] Processed 1001 reads in 0.766 CPU sec, 0.096 real sec
[M::mem_process_seqs] Processed 1001 reads in 0.684 CPU sec, 0.087 real sec
318612 [main] INFO main.java.edu.mit.compbio.bisulfitehic.mapping.Bhmem  - Processing reads 1164000 ...
318612 [main] INFO main.java.edu.mit.compbio.bisulfitehic.mapping.Bhmem  - Unique mapped and paired reads 1152678 ...
318615 [main] INFO main.java.edu.mit.compbio.bisulfitehic.mapping.Bhmem  - Processing reads 1165000 ...
318615 [main] INFO main.java.edu.mit.compbio.bisulfitehic.mapping.Bhmem  - Unique mapped and paired reads 1152678 ...
[M::mem_process_seqs] Processed 1001 reads in 0.733 CPU sec, 0.097 real sec
[M::mem_process_seqs] Processed 1001 reads in 0.669 CPU sec, 0.087 real sec
[M::mem_process_seqs] Processed 1001 reads in 0.750 CPU sec, 0.103 real sec
[M::mem_process_seqs] Processed 1001 reads in 0.702 CPU sec, 0.089 real sec
319117 [main] INFO main.java.edu.mit.compbio.bisulfitehic.mapping.Bhmem  - Processing reads 1166000 ...
319117 [main] INFO main.java.edu.mit.compbio.bisulfitehic.mapping.Bhmem  - Unique mapped and paired reads 1154654 ...
319120 [main] INFO main.java.edu.mit.compbio.bisulfitehic.mapping.Bhmem  - Processing reads 1167000 ...
319120 [main] INFO main.java.edu.mit.compbio.bisulfitehic.mapping.Bhmem  - Unique mapped and paired reads 1154654 ...
[M::mem_process_seqs] Processed 1001 reads in 0.693 CPU sec, 0.088 real sec
[M::mem_process_seqs] Processed 1001 reads in 0.623 CPU sec, 0.086 real sec
[M::mem_process_seqs] Processed 1001 reads in 0.757 CPU sec, 0.096 real sec
[M::mem_process_seqs] Processed 1001 reads in 0.669 CPU sec, 0.090 real sec
319616 [main] INFO main.java.edu.mit.compbio.bisulfitehic.mapping.Bhmem  - Processing reads 1168000 ...
319616 [main] INFO main.java.edu.mit.compbio.bisulfitehic.mapping.Bhmem  - Unique mapped and paired reads 1156636 ...
319619 [main] INFO main.java.edu.mit.compbio.bisulfitehic.mapping.Bhmem  - Processing reads 1169000 ...
319619 [main] INFO main.java.edu.mit.compbio.bisulfitehic.mapping.Bhmem  - Unique mapped and paired reads 1156636 ...
[M::mem_process_seqs] Processed 1001 reads in 0.699 CPU sec, 0.091 real sec
[M::mem_process_seqs] Processed 1001 reads in 0.565 CPU sec, 0.072 real sec
[M::mem_process_seqs] Processed 1001 reads in 0.680 CPU sec, 0.087 real sec
[M::mem_process_seqs] Processed 1001 reads in 0.680 CPU sec, 0.087 real sec
320090 [main] INFO main.java.edu.mit.compbio.bisulfitehic.mapping.Bhmem  - Processing reads 1170000 ...
320090 [main] INFO main.java.edu.mit.compbio.bisulfitehic.mapping.Bhmem  - Unique mapped and paired reads 1158624 ...
320093 [main] INFO main.java.edu.mit.compbio.bisulfitehic.mapping.Bhmem  - Processing reads 1171000 ...
320093 [main] INFO main.java.edu.mit.compbio.bisulfitehic.mapping.Bhmem  - Unique mapped and paired reads 1158624 ...
[M::mem_process_seqs] Processed 1001 reads in 0.712 CPU sec, 0.091 real sec
[M::mem_process_seqs] Processed 1001 reads in 0.612 CPU sec, 0.083 real sec
[M::mem_process_seqs] Processed 1001 reads in 0.711 CPU sec, 0.090 real sec
[M::mem_process_seqs] Processed 1001 reads in 0.717 CPU sec, 0.096 real sec
320587 [main] INFO main.java.edu.mit.compbio.bisulfitehic.mapping.Bhmem  - Processing reads 1172000 ...
320587 [main] INFO main.java.edu.mit.compbio.bisulfitehic.mapping.Bhmem  - Unique mapped and paired reads 1160606 ...
320590 [main] INFO main.java.edu.mit.compbio.bisulfitehic.mapping.Bhmem  - Processing reads 1173000 ...
320590 [main] INFO main.java.edu.mit.compbio.bisulfitehic.mapping.Bhmem  - Unique mapped and paired reads 1160606 ...
[M::mem_process_seqs] Processed 1001 reads in 0.799 CPU sec, 0.103 real sec
[M::mem_process_seqs] Processed 1001 reads in 0.714 CPU sec, 0.092 real sec
[M::mem_process_seqs] Processed 1001 reads in 0.827 CPU sec, 0.111 real sec
[M::mem_process_seqs] Processed 1001 reads in 0.851 CPU sec, 0.128 real sec
321170 [main] INFO main.java.edu.mit.compbio.bisulfitehic.mapping.Bhmem  - Processing reads 1174000 ...
321170 [main] INFO main.java.edu.mit.compbio.bisulfitehic.mapping.Bhmem  - Unique mapped and paired reads 1162586 ...
321173 [main] INFO main.java.edu.mit.compbio.bisulfitehic.mapping.Bhmem  - Processing reads 1175000 ...
321173 [main] INFO main.java.edu.mit.compbio.bisulfitehic.mapping.Bhmem  - Unique mapped and paired reads 1162586 ...
[M::mem_process_seqs] Processed 1001 reads in 0.728 CPU sec, 0.093 real sec
[M::mem_process_seqs] Processed 1001 reads in 0.616 CPU sec, 0.084 real sec
[M::mem_process_seqs] Processed 1001 reads in 0.742 CPU sec, 0.095 real sec
[M::mem_process_seqs] Processed 1001 reads in 0.713 CPU sec, 0.090 real sec
321667 [main] INFO main.java.edu.mit.compbio.bisulfitehic.mapping.Bhmem  - Processing reads 1176000 ...
321667 [main] INFO main.java.edu.mit.compbio.bisulfitehic.mapping.Bhmem  - Unique mapped and paired reads 1164568 ...
321670 [main] INFO main.java.edu.mit.compbio.bisulfitehic.mapping.Bhmem  - Processing reads 1177000 ...
321670 [main] INFO main.java.edu.mit.compbio.bisulfitehic.mapping.Bhmem  - Unique mapped and paired reads 1164568 ...
[M::mem_process_seqs] Processed 1001 reads in 0.825 CPU sec, 0.115 real sec
[M::mem_process_seqs] Processed 1001 reads in 0.700 CPU sec, 0.089 real sec
[M::mem_process_seqs] Processed 1001 reads in 0.780 CPU sec, 0.099 real sec
[M::mem_process_seqs] Processed 1001 reads in 0.716 CPU sec, 0.093 real sec
322198 [main] INFO main.java.edu.mit.compbio.bisulfitehic.mapping.Bhmem  - Processing reads 1178000 ...
322198 [main] INFO main.java.edu.mit.compbio.bisulfitehic.mapping.Bhmem  - Unique mapped and paired reads 1166554 ...
322201 [main] INFO main.java.edu.mit.compbio.bisulfitehic.mapping.Bhmem  - Processing reads 1179000 ...
322201 [main] INFO main.java.edu.mit.compbio.bisulfitehic.mapping.Bhmem  - Unique mapped and paired reads 1166554 ...
[M::mem_process_seqs] Processed 1001 reads in 0.748 CPU sec, 0.094 real sec
[M::mem_process_seqs] Processed 1001 reads in 0.632 CPU sec, 0.081 real sec
[M::mem_process_seqs] Processed 1001 reads in 0.752 CPU sec, 0.096 real sec
[M::mem_process_seqs] Processed 1001 reads in 0.728 CPU sec, 0.094 real sec
322698 [main] INFO main.java.edu.mit.compbio.bisulfitehic.mapping.Bhmem  - Processing reads 1180000 ...
322698 [main] INFO main.java.edu.mit.compbio.bisulfitehic.mapping.Bhmem  - Unique mapped and paired reads 1168536 ...
322701 [main] INFO main.java.edu.mit.compbio.bisulfitehic.mapping.Bhmem  - Processing reads 1181000 ...
322701 [main] INFO main.java.edu.mit.compbio.bisulfitehic.mapping.Bhmem  - Unique mapped and paired reads 1168536 ...
[M::mem_process_seqs] Processed 1001 reads in 0.788 CPU sec, 0.101 real sec
[M::mem_process_seqs] Processed 1001 reads in 0.672 CPU sec, 0.085 real sec
[M::mem_process_seqs] Processed 1001 reads in 0.797 CPU sec, 0.106 real sec
[M::mem_process_seqs] Processed 1001 reads in 0.782 CPU sec, 0.102 real sec
323231 [main] INFO main.java.edu.mit.compbio.bisulfitehic.mapping.Bhmem  - Processing reads 1182000 ...
323231 [main] INFO main.java.edu.mit.compbio.bisulfitehic.mapping.Bhmem  - Unique mapped and paired reads 1170520 ...
323234 [main] INFO main.java.edu.mit.compbio.bisulfitehic.mapping.Bhmem  - Processing reads 1183000 ...
323234 [main] INFO main.java.edu.mit.compbio.bisulfitehic.mapping.Bhmem  - Unique mapped and paired reads 1170520 ...
[M::mem_process_seqs] Processed 1001 reads in 0.794 CPU sec, 0.100 real sec
[M::mem_process_seqs] Processed 1001 reads in 0.748 CPU sec, 0.098 real sec
[M::mem_process_seqs] Processed 1001 reads in 0.897 CPU sec, 0.113 real sec
[M::mem_process_seqs] Processed 1001 reads in 0.855 CPU sec, 0.109 real sec
323794 [main] INFO main.java.edu.mit.compbio.bisulfitehic.mapping.Bhmem  - Processing reads 1184000 ...
323794 [main] INFO main.java.edu.mit.compbio.bisulfitehic.mapping.Bhmem  - Unique mapped and paired reads 1172508 ...
323797 [main] INFO main.java.edu.mit.compbio.bisulfitehic.mapping.Bhmem  - Processing reads 1185000 ...
323797 [main] INFO main.java.edu.mit.compbio.bisulfitehic.mapping.Bhmem  - Unique mapped and paired reads 1172508 ...
[M::mem_process_seqs] Processed 1001 reads in 0.724 CPU sec, 0.094 real sec
[M::mem_process_seqs] Processed 1001 reads in 0.637 CPU sec, 0.081 real sec
[M::mem_process_seqs] Processed 1001 reads in 0.795 CPU sec, 0.103 real sec
[M::mem_process_seqs] Processed 1001 reads in 0.796 CPU sec, 0.105 real sec
324310 [main] INFO main.java.edu.mit.compbio.bisulfitehic.mapping.Bhmem  - Processing reads 1186000 ...
324310 [main] INFO main.java.edu.mit.compbio.bisulfitehic.mapping.Bhmem  - Unique mapped and paired reads 1174494 ...
324313 [main] INFO main.java.edu.mit.compbio.bisulfitehic.mapping.Bhmem  - Processing reads 1187000 ...
324313 [main] INFO main.java.edu.mit.compbio.bisulfitehic.mapping.Bhmem  - Unique mapped and paired reads 1174494 ...
[M::mem_process_seqs] Processed 1001 reads in 0.726 CPU sec, 0.093 real sec
[M::mem_process_seqs] Processed 1001 reads in 0.631 CPU sec, 0.080 real sec
[M::mem_process_seqs] Processed 1001 reads in 0.730 CPU sec, 0.093 real sec
[M::mem_process_seqs] Processed 1001 reads in 0.700 CPU sec, 0.089 real sec
324806 [main] INFO main.java.edu.mit.compbio.bisulfitehic.mapping.Bhmem  - Processing reads 1188000 ...
324806 [main] INFO main.java.edu.mit.compbio.bisulfitehic.mapping.Bhmem  - Unique mapped and paired reads 1176476 ...
324809 [main] INFO main.java.edu.mit.compbio.bisulfitehic.mapping.Bhmem  - Processing reads 1189000 ...
324809 [main] INFO main.java.edu.mit.compbio.bisulfitehic.mapping.Bhmem  - Unique mapped and paired reads 1176476 ...
[M::mem_process_seqs] Processed 1001 reads in 0.747 CPU sec, 0.101 real sec
[M::mem_process_seqs] Processed 1001 reads in 0.666 CPU sec, 0.086 real sec
[M::mem_process_seqs] Processed 1001 reads in 0.774 CPU sec, 0.112 real sec
[M::mem_process_seqs] Processed 1001 reads in 0.835 CPU sec, 0.116 real sec
325359 [main] INFO main.java.edu.mit.compbio.bisulfitehic.mapping.Bhmem  - Processing reads 1190000 ...
325359 [main] INFO main.java.edu.mit.compbio.bisulfitehic.mapping.Bhmem  - Unique mapped and paired reads 1178454 ...
325362 [main] INFO main.java.edu.mit.compbio.bisulfitehic.mapping.Bhmem  - Processing reads 1191000 ...
325362 [main] INFO main.java.edu.mit.compbio.bisulfitehic.mapping.Bhmem  - Unique mapped and paired reads 1178454 ...
[M::mem_process_seqs] Processed 1001 reads in 0.719 CPU sec, 0.091 real sec
[M::mem_process_seqs] Processed 1001 reads in 0.644 CPU sec, 0.082 real sec
[M::mem_process_seqs] Processed 1001 reads in 0.748 CPU sec, 0.101 real sec
[M::mem_process_seqs] Processed 1001 reads in 0.720 CPU sec, 0.092 real sec
325860 [main] INFO main.java.edu.mit.compbio.bisulfitehic.mapping.Bhmem  - Processing reads 1192000 ...
325860 [main] INFO main.java.edu.mit.compbio.bisulfitehic.mapping.Bhmem  - Unique mapped and paired reads 1180432 ...
325863 [main] INFO main.java.edu.mit.compbio.bisulfitehic.mapping.Bhmem  - Processing reads 1193000 ...
325863 [main] INFO main.java.edu.mit.compbio.bisulfitehic.mapping.Bhmem  - Unique mapped and paired reads 1180432 ...
[M::mem_process_seqs] Processed 1001 reads in 0.749 CPU sec, 0.098 real sec
[M::mem_process_seqs] Processed 1001 reads in 0.637 CPU sec, 0.080 real sec
[M::mem_process_seqs] Processed 1001 reads in 0.732 CPU sec, 0.097 real sec
[M::mem_process_seqs] Processed 1001 reads in 0.755 CPU sec, 0.105 real sec
326382 [main] INFO main.java.edu.mit.compbio.bisulfitehic.mapping.Bhmem  - Processing reads 1194000 ...
326382 [main] INFO main.java.edu.mit.compbio.bisulfitehic.mapping.Bhmem  - Unique mapped and paired reads 1182422 ...
326385 [main] INFO main.java.edu.mit.compbio.bisulfitehic.mapping.Bhmem  - Processing reads 1195000 ...
326385 [main] INFO main.java.edu.mit.compbio.bisulfitehic.mapping.Bhmem  - Unique mapped and paired reads 1182422 ...
[M::mem_process_seqs] Processed 1001 reads in 0.695 CPU sec, 0.089 real sec
[M::mem_process_seqs] Processed 1001 reads in 0.633 CPU sec, 0.081 real sec
[M::mem_process_seqs] Processed 1001 reads in 0.767 CPU sec, 0.098 real sec
[M::mem_process_seqs] Processed 1001 reads in 0.771 CPU sec, 0.098 real sec
326881 [main] INFO main.java.edu.mit.compbio.bisulfitehic.mapping.Bhmem  - Processing reads 1196000 ...
326881 [main] INFO main.java.edu.mit.compbio.bisulfitehic.mapping.Bhmem  - Unique mapped and paired reads 1184408 ...
326884 [main] INFO main.java.edu.mit.compbio.bisulfitehic.mapping.Bhmem  - Processing reads 1197000 ...
326884 [main] INFO main.java.edu.mit.compbio.bisulfitehic.mapping.Bhmem  - Unique mapped and paired reads 1184408 ...
[M::mem_process_seqs] Processed 1001 reads in 0.719 CPU sec, 0.092 real sec
[M::mem_process_seqs] Processed 1001 reads in 0.598 CPU sec, 0.076 real sec
[M::mem_process_seqs] Processed 1001 reads in 0.714 CPU sec, 0.093 real sec
[M::mem_process_seqs] Processed 1001 reads in 0.685 CPU sec, 0.088 real sec
327365 [main] INFO main.java.edu.mit.compbio.bisulfitehic.mapping.Bhmem  - Processing reads 1198000 ...
327365 [main] INFO main.java.edu.mit.compbio.bisulfitehic.mapping.Bhmem  - Unique mapped and paired reads 1186406 ...
327368 [main] INFO main.java.edu.mit.compbio.bisulfitehic.mapping.Bhmem  - Processing reads 1199000 ...
327368 [main] INFO main.java.edu.mit.compbio.bisulfitehic.mapping.Bhmem  - Unique mapped and paired reads 1186406 ...
[M::mem_process_seqs] Processed 1001 reads in 0.733 CPU sec, 0.093 real sec
[M::mem_process_seqs] Processed 1001 reads in 0.673 CPU sec, 0.086 real sec
[M::mem_process_seqs] Processed 1001 reads in 0.775 CPU sec, 0.101 real sec
[M::mem_process_seqs] Processed 1001 reads in 0.749 CPU sec, 0.095 real sec
327878 [main] INFO main.java.edu.mit.compbio.bisulfitehic.mapping.Bhmem  - Processing reads 1200000 ...
327878 [main] INFO main.java.edu.mit.compbio.bisulfitehic.mapping.Bhmem  - Unique mapped and paired reads 1188390 ...
327881 [main] INFO main.java.edu.mit.compbio.bisulfitehic.mapping.Bhmem  - Processing reads 1201000 ...
327881 [main] INFO main.java.edu.mit.compbio.bisulfitehic.mapping.Bhmem  - Unique mapped and paired reads 1188390 ...
[M::mem_process_seqs] Processed 1001 reads in 0.746 CPU sec, 0.096 real sec
[M::mem_process_seqs] Processed 1001 reads in 0.678 CPU sec, 0.086 real sec
[M::mem_process_seqs] Processed 1001 reads in 0.771 CPU sec, 0.101 real sec
[M::mem_process_seqs] Processed 1001 reads in 0.741 CPU sec, 0.104 real sec
328409 [main] INFO main.java.edu.mit.compbio.bisulfitehic.mapping.Bhmem  - Processing reads 1202000 ...
328409 [main] INFO main.java.edu.mit.compbio.bisulfitehic.mapping.Bhmem  - Unique mapped and paired reads 1190384 ...
328412 [main] INFO main.java.edu.mit.compbio.bisulfitehic.mapping.Bhmem  - Processing reads 1203000 ...
328412 [main] INFO main.java.edu.mit.compbio.bisulfitehic.mapping.Bhmem  - Unique mapped and paired reads 1190384 ...
[M::mem_process_seqs] Processed 1001 reads in 0.675 CPU sec, 0.086 real sec
[M::mem_process_seqs] Processed 1001 reads in 0.620 CPU sec, 0.081 real sec
[M::mem_process_seqs] Processed 1001 reads in 0.749 CPU sec, 0.096 real sec
[M::mem_process_seqs] Processed 1001 reads in 0.716 CPU sec, 0.099 real sec
328910 [main] INFO main.java.edu.mit.compbio.bisulfitehic.mapping.Bhmem  - Processing reads 1204000 ...
328910 [main] INFO main.java.edu.mit.compbio.bisulfitehic.mapping.Bhmem  - Unique mapped and paired reads 1192368 ...
328913 [main] INFO main.java.edu.mit.compbio.bisulfitehic.mapping.Bhmem  - Processing reads 1205000 ...
328913 [main] INFO main.java.edu.mit.compbio.bisulfitehic.mapping.Bhmem  - Unique mapped and paired reads 1192368 ...
[M::mem_process_seqs] Processed 1001 reads in 0.751 CPU sec, 0.095 real sec
[M::mem_process_seqs] Processed 1001 reads in 0.646 CPU sec, 0.083 real sec
[M::mem_process_seqs] Processed 1001 reads in 0.764 CPU sec, 0.097 real sec
[M::mem_process_seqs] Processed 1001 reads in 0.653 CPU sec, 0.086 real sec
329409 [main] INFO main.java.edu.mit.compbio.bisulfitehic.mapping.Bhmem  - Processing reads 1206000 ...
329409 [main] INFO main.java.edu.mit.compbio.bisulfitehic.mapping.Bhmem  - Unique mapped and paired reads 1194358 ...
329412 [main] INFO main.java.edu.mit.compbio.bisulfitehic.mapping.Bhmem  - Processing reads 1207000 ...
329412 [main] INFO main.java.edu.mit.compbio.bisulfitehic.mapping.Bhmem  - Unique mapped and paired reads 1194358 ...
[M::mem_process_seqs] Processed 1001 reads in 0.695 CPU sec, 0.088 real sec
[M::mem_process_seqs] Processed 1001 reads in 0.614 CPU sec, 0.082 real sec
[M::mem_process_seqs] Processed 1001 reads in 0.733 CPU sec, 0.093 real sec
[M::mem_process_seqs] Processed 1001 reads in 0.686 CPU sec, 0.088 real sec
329948 [main] INFO main.java.edu.mit.compbio.bisulfitehic.mapping.Bhmem  - Processing reads 1208000 ...
329948 [main] INFO main.java.edu.mit.compbio.bisulfitehic.mapping.Bhmem  - Unique mapped and paired reads 1196336 ...
329951 [main] INFO main.java.edu.mit.compbio.bisulfitehic.mapping.Bhmem  - Processing reads 1209000 ...
329951 [main] INFO main.java.edu.mit.compbio.bisulfitehic.mapping.Bhmem  - Unique mapped and paired reads 1196336 ...
[M::mem_process_seqs] Processed 1001 reads in 0.751 CPU sec, 0.095 real sec
[M::mem_process_seqs] Processed 1001 reads in 0.672 CPU sec, 0.098 real sec
[M::mem_process_seqs] Processed 1001 reads in 0.762 CPU sec, 0.097 real sec
[M::mem_process_seqs] Processed 1001 reads in 0.691 CPU sec, 0.099 real sec
330480 [main] INFO main.java.edu.mit.compbio.bisulfitehic.mapping.Bhmem  - Processing reads 1210000 ...
330480 [main] INFO main.java.edu.mit.compbio.bisulfitehic.mapping.Bhmem  - Unique mapped and paired reads 1198320 ...
330483 [main] INFO main.java.edu.mit.compbio.bisulfitehic.mapping.Bhmem  - Processing reads 1211000 ...
330483 [main] INFO main.java.edu.mit.compbio.bisulfitehic.mapping.Bhmem  - Unique mapped and paired reads 1198320 ...
[M::mem_process_seqs] Processed 1001 reads in 0.734 CPU sec, 0.093 real sec
[M::mem_process_seqs] Processed 1001 reads in 0.653 CPU sec, 0.089 real sec
[M::mem_process_seqs] Processed 1001 reads in 0.730 CPU sec, 0.093 real sec
[M::mem_process_seqs] Processed 1001 reads in 0.739 CPU sec, 0.097 real sec
330985 [main] INFO main.java.edu.mit.compbio.bisulfitehic.mapping.Bhmem  - Processing reads 1212000 ...
330985 [main] INFO main.java.edu.mit.compbio.bisulfitehic.mapping.Bhmem  - Unique mapped and paired reads 1200306 ...
330988 [main] INFO main.java.edu.mit.compbio.bisulfitehic.mapping.Bhmem  - Processing reads 1213000 ...
330988 [main] INFO main.java.edu.mit.compbio.bisulfitehic.mapping.Bhmem  - Unique mapped and paired reads 1200306 ...
[M::mem_process_seqs] Processed 1001 reads in 0.683 CPU sec, 0.086 real sec
[M::mem_process_seqs] Processed 1001 reads in 0.579 CPU sec, 0.074 real sec
[M::mem_process_seqs] Processed 1001 reads in 0.699 CPU sec, 0.088 real sec
[M::mem_process_seqs] Processed 1001 reads in 0.670 CPU sec, 0.085 real sec
331453 [main] INFO main.java.edu.mit.compbio.bisulfitehic.mapping.Bhmem  - Processing reads 1214000 ...
331453 [main] INFO main.java.edu.mit.compbio.bisulfitehic.mapping.Bhmem  - Unique mapped and paired reads 1202286 ...
331456 [main] INFO main.java.edu.mit.compbio.bisulfitehic.mapping.Bhmem  - Processing reads 1215000 ...
331456 [main] INFO main.java.edu.mit.compbio.bisulfitehic.mapping.Bhmem  - Unique mapped and paired reads 1202286 ...
[M::mem_process_seqs] Processed 1001 reads in 0.727 CPU sec, 0.092 real sec
[M::mem_process_seqs] Processed 1001 reads in 0.636 CPU sec, 0.081 real sec
[M::mem_process_seqs] Processed 1001 reads in 0.759 CPU sec, 0.101 real sec
[M::mem_process_seqs] Processed 1001 reads in 0.770 CPU sec, 0.102 real sec
331974 [main] INFO main.java.edu.mit.compbio.bisulfitehic.mapping.Bhmem  - Processing reads 1216000 ...
331974 [main] INFO main.java.edu.mit.compbio.bisulfitehic.mapping.Bhmem  - Unique mapped and paired reads 1204270 ...
331977 [main] INFO main.java.edu.mit.compbio.bisulfitehic.mapping.Bhmem  - Processing reads 1217000 ...
331977 [main] INFO main.java.edu.mit.compbio.bisulfitehic.mapping.Bhmem  - Unique mapped and paired reads 1204270 ...
[M::mem_process_seqs] Processed 1001 reads in 0.672 CPU sec, 0.085 real sec
[M::mem_process_seqs] Processed 1001 reads in 0.578 CPU sec, 0.073 real sec
[M::mem_process_seqs] Processed 1001 reads in 0.653 CPU sec, 0.090 real sec
[M::mem_process_seqs] Processed 1001 reads in 0.696 CPU sec, 0.090 real sec
332447 [main] INFO main.java.edu.mit.compbio.bisulfitehic.mapping.Bhmem  - Processing reads 1218000 ...
332447 [main] INFO main.java.edu.mit.compbio.bisulfitehic.mapping.Bhmem  - Unique mapped and paired reads 1206260 ...
332450 [main] INFO main.java.edu.mit.compbio.bisulfitehic.mapping.Bhmem  - Processing reads 1219000 ...
332450 [main] INFO main.java.edu.mit.compbio.bisulfitehic.mapping.Bhmem  - Unique mapped and paired reads 1206260 ...
[M::mem_process_seqs] Processed 1001 reads in 0.707 CPU sec, 0.090 real sec
[M::mem_process_seqs] Processed 1001 reads in 0.623 CPU sec, 0.078 real sec
[M::mem_process_seqs] Processed 1001 reads in 0.726 CPU sec, 0.099 real sec
[M::mem_process_seqs] Processed 1001 reads in 0.713 CPU sec, 0.091 real sec
332946 [main] INFO main.java.edu.mit.compbio.bisulfitehic.mapping.Bhmem  - Processing reads 1220000 ...
332946 [main] INFO main.java.edu.mit.compbio.bisulfitehic.mapping.Bhmem  - Unique mapped and paired reads 1208240 ...
332949 [main] INFO main.java.edu.mit.compbio.bisulfitehic.mapping.Bhmem  - Processing reads 1221000 ...
332949 [main] INFO main.java.edu.mit.compbio.bisulfitehic.mapping.Bhmem  - Unique mapped and paired reads 1208240 ...
[M::mem_process_seqs] Processed 1001 reads in 0.693 CPU sec, 0.088 real sec
[M::mem_process_seqs] Processed 1001 reads in 0.638 CPU sec, 0.085 real sec
[M::mem_process_seqs] Processed 1001 reads in 0.722 CPU sec, 0.098 real sec
[M::mem_process_seqs] Processed 1001 reads in 0.722 CPU sec, 0.095 real sec
333447 [main] INFO main.java.edu.mit.compbio.bisulfitehic.mapping.Bhmem  - Processing reads 1222000 ...
333447 [main] INFO main.java.edu.mit.compbio.bisulfitehic.mapping.Bhmem  - Unique mapped and paired reads 1210216 ...
333450 [main] INFO main.java.edu.mit.compbio.bisulfitehic.mapping.Bhmem  - Processing reads 1223000 ...
333450 [main] INFO main.java.edu.mit.compbio.bisulfitehic.mapping.Bhmem  - Unique mapped and paired reads 1210216 ...
[M::mem_process_seqs] Processed 1001 reads in 0.739 CPU sec, 0.095 real sec
[M::mem_process_seqs] Processed 1001 reads in 0.665 CPU sec, 0.086 real sec
[M::mem_process_seqs] Processed 1001 reads in 0.821 CPU sec, 0.114 real sec
[M::mem_process_seqs] Processed 1001 reads in 0.795 CPU sec, 0.112 real sec
333995 [main] INFO main.java.edu.mit.compbio.bisulfitehic.mapping.Bhmem  - Processing reads 1224000 ...
333995 [main] INFO main.java.edu.mit.compbio.bisulfitehic.mapping.Bhmem  - Unique mapped and paired reads 1212196 ...
333998 [main] INFO main.java.edu.mit.compbio.bisulfitehic.mapping.Bhmem  - Processing reads 1225000 ...
333998 [main] INFO main.java.edu.mit.compbio.bisulfitehic.mapping.Bhmem  - Unique mapped and paired reads 1212196 ...
[M::mem_process_seqs] Processed 1001 reads in 0.778 CPU sec, 0.099 real sec
[M::mem_process_seqs] Processed 1001 reads in 0.697 CPU sec, 0.089 real sec
[M::mem_process_seqs] Processed 1001 reads in 0.802 CPU sec, 0.101 real sec
[M::mem_process_seqs] Processed 1001 reads in 0.749 CPU sec, 0.101 real sec
334530 [main] INFO main.java.edu.mit.compbio.bisulfitehic.mapping.Bhmem  - Processing reads 1226000 ...
334530 [main] INFO main.java.edu.mit.compbio.bisulfitehic.mapping.Bhmem  - Unique mapped and paired reads 1214182 ...
334533 [main] INFO main.java.edu.mit.compbio.bisulfitehic.mapping.Bhmem  - Processing reads 1227000 ...
334533 [main] INFO main.java.edu.mit.compbio.bisulfitehic.mapping.Bhmem  - Unique mapped and paired reads 1214182 ...
[M::mem_process_seqs] Processed 1001 reads in 0.702 CPU sec, 0.089 real sec
[M::mem_process_seqs] Processed 1001 reads in 0.641 CPU sec, 0.083 real sec
[M::mem_process_seqs] Processed 1001 reads in 0.723 CPU sec, 0.091 real sec
[M::mem_process_seqs] Processed 1001 reads in 0.682 CPU sec, 0.087 real sec
335019 [main] INFO main.java.edu.mit.compbio.bisulfitehic.mapping.Bhmem  - Processing reads 1228000 ...
335019 [main] INFO main.java.edu.mit.compbio.bisulfitehic.mapping.Bhmem  - Unique mapped and paired reads 1216164 ...
335022 [main] INFO main.java.edu.mit.compbio.bisulfitehic.mapping.Bhmem  - Processing reads 1229000 ...
335022 [main] INFO main.java.edu.mit.compbio.bisulfitehic.mapping.Bhmem  - Unique mapped and paired reads 1216164 ...
[M::mem_process_seqs] Processed 1001 reads in 0.742 CPU sec, 0.095 real sec
[M::mem_process_seqs] Processed 1001 reads in 0.654 CPU sec, 0.083 real sec
[M::mem_process_seqs] Processed 1001 reads in 0.764 CPU sec, 0.096 real sec
[M::mem_process_seqs] Processed 1001 reads in 0.759 CPU sec, 0.097 real sec
335531 [main] INFO main.java.edu.mit.compbio.bisulfitehic.mapping.Bhmem  - Processing reads 1230000 ...
335531 [main] INFO main.java.edu.mit.compbio.bisulfitehic.mapping.Bhmem  - Unique mapped and paired reads 1218158 ...
335534 [main] INFO main.java.edu.mit.compbio.bisulfitehic.mapping.Bhmem  - Processing reads 1231000 ...
335534 [main] INFO main.java.edu.mit.compbio.bisulfitehic.mapping.Bhmem  - Unique mapped and paired reads 1218158 ...
[M::mem_process_seqs] Processed 1001 reads in 0.783 CPU sec, 0.100 real sec
[M::mem_process_seqs] Processed 1001 reads in 0.743 CPU sec, 0.098 real sec
[M::mem_process_seqs] Processed 1001 reads in 0.826 CPU sec, 0.105 real sec
[M::mem_process_seqs] Processed 1001 reads in 0.767 CPU sec, 0.099 real sec
336071 [main] INFO main.java.edu.mit.compbio.bisulfitehic.mapping.Bhmem  - Processing reads 1232000 ...
336071 [main] INFO main.java.edu.mit.compbio.bisulfitehic.mapping.Bhmem  - Unique mapped and paired reads 1220140 ...
336074 [main] INFO main.java.edu.mit.compbio.bisulfitehic.mapping.Bhmem  - Processing reads 1233000 ...
336074 [main] INFO main.java.edu.mit.compbio.bisulfitehic.mapping.Bhmem  - Unique mapped and paired reads 1220140 ...
[M::mem_process_seqs] Processed 1001 reads in 0.787 CPU sec, 0.111 real sec
[M::mem_process_seqs] Processed 1001 reads in 0.771 CPU sec, 0.098 real sec
[M::mem_process_seqs] Processed 1001 reads in 0.824 CPU sec, 0.106 real sec
[M::mem_process_seqs] Processed 1001 reads in 0.797 CPU sec, 0.104 real sec
336634 [main] INFO main.java.edu.mit.compbio.bisulfitehic.mapping.Bhmem  - Processing reads 1234000 ...
336634 [main] INFO main.java.edu.mit.compbio.bisulfitehic.mapping.Bhmem  - Unique mapped and paired reads 1222122 ...
336637 [main] INFO main.java.edu.mit.compbio.bisulfitehic.mapping.Bhmem  - Processing reads 1235000 ...
336637 [main] INFO main.java.edu.mit.compbio.bisulfitehic.mapping.Bhmem  - Unique mapped and paired reads 1222122 ...
[M::mem_process_seqs] Processed 1001 reads in 0.735 CPU sec, 0.094 real sec
[M::mem_process_seqs] Processed 1001 reads in 0.662 CPU sec, 0.085 real sec
[M::mem_process_seqs] Processed 1001 reads in 0.797 CPU sec, 0.102 real sec
[M::mem_process_seqs] Processed 1001 reads in 0.739 CPU sec, 0.102 real sec
337159 [main] INFO main.java.edu.mit.compbio.bisulfitehic.mapping.Bhmem  - Processing reads 1236000 ...
337159 [main] INFO main.java.edu.mit.compbio.bisulfitehic.mapping.Bhmem  - Unique mapped and paired reads 1224112 ...
337162 [main] INFO main.java.edu.mit.compbio.bisulfitehic.mapping.Bhmem  - Processing reads 1237000 ...
337162 [main] INFO main.java.edu.mit.compbio.bisulfitehic.mapping.Bhmem  - Unique mapped and paired reads 1224112 ...
[M::mem_process_seqs] Processed 1001 reads in 0.730 CPU sec, 0.106 real sec
[M::mem_process_seqs] Processed 1001 reads in 0.685 CPU sec, 0.090 real sec
[M::mem_process_seqs] Processed 1001 reads in 0.729 CPU sec, 0.093 real sec
[M::mem_process_seqs] Processed 1001 reads in 0.669 CPU sec, 0.086 real sec
337668 [main] INFO main.java.edu.mit.compbio.bisulfitehic.mapping.Bhmem  - Processing reads 1238000 ...
337668 [main] INFO main.java.edu.mit.compbio.bisulfitehic.mapping.Bhmem  - Unique mapped and paired reads 1226092 ...
337671 [main] INFO main.java.edu.mit.compbio.bisulfitehic.mapping.Bhmem  - Processing reads 1239000 ...
337671 [main] INFO main.java.edu.mit.compbio.bisulfitehic.mapping.Bhmem  - Unique mapped and paired reads 1226092 ...
[M::mem_process_seqs] Processed 1001 reads in 0.712 CPU sec, 0.094 real sec
[M::mem_process_seqs] Processed 1001 reads in 0.669 CPU sec, 0.091 real sec
[M::mem_process_seqs] Processed 1001 reads in 0.763 CPU sec, 0.097 real sec
[M::mem_process_seqs] Processed 1001 reads in 0.691 CPU sec, 0.088 real sec
338181 [main] INFO main.java.edu.mit.compbio.bisulfitehic.mapping.Bhmem  - Processing reads 1240000 ...
338181 [main] INFO main.java.edu.mit.compbio.bisulfitehic.mapping.Bhmem  - Unique mapped and paired reads 1228074 ...
338184 [main] INFO main.java.edu.mit.compbio.bisulfitehic.mapping.Bhmem  - Processing reads 1241000 ...
338184 [main] INFO main.java.edu.mit.compbio.bisulfitehic.mapping.Bhmem  - Unique mapped and paired reads 1228074 ...
[M::mem_process_seqs] Processed 1001 reads in 0.702 CPU sec, 0.090 real sec
[M::mem_process_seqs] Processed 1001 reads in 0.642 CPU sec, 0.081 real sec
[M::mem_process_seqs] Processed 1001 reads in 0.733 CPU sec, 0.097 real sec
[M::mem_process_seqs] Processed 1001 reads in 0.806 CPU sec, 0.110 real sec
338698 [main] INFO main.java.edu.mit.compbio.bisulfitehic.mapping.Bhmem  - Processing reads 1242000 ...
338698 [main] INFO main.java.edu.mit.compbio.bisulfitehic.mapping.Bhmem  - Unique mapped and paired reads 1230050 ...
338700 [main] INFO main.java.edu.mit.compbio.bisulfitehic.mapping.Bhmem  - Processing reads 1243000 ...
338700 [main] INFO main.java.edu.mit.compbio.bisulfitehic.mapping.Bhmem  - Unique mapped and paired reads 1230050 ...
[M::mem_process_seqs] Processed 1001 reads in 0.729 CPU sec, 0.093 real sec
[M::mem_process_seqs] Processed 1001 reads in 0.654 CPU sec, 0.093 real sec
[M::mem_process_seqs] Processed 1001 reads in 0.756 CPU sec, 0.096 real sec
[M::mem_process_seqs] Processed 1001 reads in 0.727 CPU sec, 0.091 real sec
339207 [main] INFO main.java.edu.mit.compbio.bisulfitehic.mapping.Bhmem  - Processing reads 1244000 ...
339207 [main] INFO main.java.edu.mit.compbio.bisulfitehic.mapping.Bhmem  - Unique mapped and paired reads 1232042 ...
339210 [main] INFO main.java.edu.mit.compbio.bisulfitehic.mapping.Bhmem  - Processing reads 1245000 ...
339210 [main] INFO main.java.edu.mit.compbio.bisulfitehic.mapping.Bhmem  - Unique mapped and paired reads 1232042 ...
[M::mem_process_seqs] Processed 1001 reads in 0.728 CPU sec, 0.096 real sec
[M::mem_process_seqs] Processed 1001 reads in 0.645 CPU sec, 0.083 real sec
[M::mem_process_seqs] Processed 1001 reads in 0.728 CPU sec, 0.093 real sec
[M::mem_process_seqs] Processed 1001 reads in 0.784 CPU sec, 0.113 real sec
339742 [main] INFO main.java.edu.mit.compbio.bisulfitehic.mapping.Bhmem  - Processing reads 1246000 ...
339742 [main] INFO main.java.edu.mit.compbio.bisulfitehic.mapping.Bhmem  - Unique mapped and paired reads 1234028 ...
339745 [main] INFO main.java.edu.mit.compbio.bisulfitehic.mapping.Bhmem  - Processing reads 1247000 ...
339745 [main] INFO main.java.edu.mit.compbio.bisulfitehic.mapping.Bhmem  - Unique mapped and paired reads 1234028 ...
[M::mem_process_seqs] Processed 1001 reads in 0.826 CPU sec, 0.105 real sec
[M::mem_process_seqs] Processed 1001 reads in 0.752 CPU sec, 0.095 real sec
[M::mem_process_seqs] Processed 1001 reads in 0.719 CPU sec, 0.091 real sec
[M::mem_process_seqs] Processed 1001 reads in 0.684 CPU sec, 0.087 real sec
340253 [main] INFO main.java.edu.mit.compbio.bisulfitehic.mapping.Bhmem  - Processing reads 1248000 ...
340253 [main] INFO main.java.edu.mit.compbio.bisulfitehic.mapping.Bhmem  - Unique mapped and paired reads 1236014 ...
340256 [main] INFO main.java.edu.mit.compbio.bisulfitehic.mapping.Bhmem  - Processing reads 1249000 ...
340256 [main] INFO main.java.edu.mit.compbio.bisulfitehic.mapping.Bhmem  - Unique mapped and paired reads 1236014 ...
[M::mem_process_seqs] Processed 1001 reads in 0.743 CPU sec, 0.093 real sec
[M::mem_process_seqs] Processed 1001 reads in 0.654 CPU sec, 0.083 real sec
[M::mem_process_seqs] Processed 1001 reads in 0.814 CPU sec, 0.108 real sec
[M::mem_process_seqs] Processed 1001 reads in 0.742 CPU sec, 0.094 real sec
340775 [main] INFO main.java.edu.mit.compbio.bisulfitehic.mapping.Bhmem  - Processing reads 1250000 ...
340775 [main] INFO main.java.edu.mit.compbio.bisulfitehic.mapping.Bhmem  - Unique mapped and paired reads 1238000 ...
340778 [main] INFO main.java.edu.mit.compbio.bisulfitehic.mapping.Bhmem  - Processing reads 1251000 ...
340778 [main] INFO main.java.edu.mit.compbio.bisulfitehic.mapping.Bhmem  - Unique mapped and paired reads 1238000 ...
[M::mem_process_seqs] Processed 1001 reads in 0.771 CPU sec, 0.098 real sec
[M::mem_process_seqs] Processed 1001 reads in 0.673 CPU sec, 0.087 real sec
[M::mem_process_seqs] Processed 1001 reads in 0.838 CPU sec, 0.111 real sec
[M::mem_process_seqs] Processed 1001 reads in 0.759 CPU sec, 0.099 real sec
341304 [main] INFO main.java.edu.mit.compbio.bisulfitehic.mapping.Bhmem  - Processing reads 1252000 ...
341304 [main] INFO main.java.edu.mit.compbio.bisulfitehic.mapping.Bhmem  - Unique mapped and paired reads 1239986 ...
341307 [main] INFO main.java.edu.mit.compbio.bisulfitehic.mapping.Bhmem  - Processing reads 1253000 ...
341308 [main] INFO main.java.edu.mit.compbio.bisulfitehic.mapping.Bhmem  - Unique mapped and paired reads 1239986 ...
[M::mem_process_seqs] Processed 1001 reads in 0.816 CPU sec, 0.106 real sec
[M::mem_process_seqs] Processed 1001 reads in 0.748 CPU sec, 0.096 real sec
[M::mem_process_seqs] Processed 1001 reads in 0.806 CPU sec, 0.104 real sec
[M::mem_process_seqs] Processed 1001 reads in 0.796 CPU sec, 0.101 real sec
341855 [main] INFO main.java.edu.mit.compbio.bisulfitehic.mapping.Bhmem  - Processing reads 1254000 ...
341855 [main] INFO main.java.edu.mit.compbio.bisulfitehic.mapping.Bhmem  - Unique mapped and paired reads 1241968 ...
341858 [main] INFO main.java.edu.mit.compbio.bisulfitehic.mapping.Bhmem  - Processing reads 1255000 ...
341858 [main] INFO main.java.edu.mit.compbio.bisulfitehic.mapping.Bhmem  - Unique mapped and paired reads 1241968 ...
[M::mem_process_seqs] Processed 1001 reads in 0.762 CPU sec, 0.098 real sec
[M::mem_process_seqs] Processed 1001 reads in 0.682 CPU sec, 0.087 real sec
[M::mem_process_seqs] Processed 1001 reads in 0.752 CPU sec, 0.095 real sec
[M::mem_process_seqs] Processed 1001 reads in 0.704 CPU sec, 0.090 real sec
342383 [main] INFO main.java.edu.mit.compbio.bisulfitehic.mapping.Bhmem  - Processing reads 1256000 ...
342383 [main] INFO main.java.edu.mit.compbio.bisulfitehic.mapping.Bhmem  - Unique mapped and paired reads 1243948 ...
342386 [main] INFO main.java.edu.mit.compbio.bisulfitehic.mapping.Bhmem  - Processing reads 1257000 ...
342386 [main] INFO main.java.edu.mit.compbio.bisulfitehic.mapping.Bhmem  - Unique mapped and paired reads 1243948 ...
[M::mem_process_seqs] Processed 1001 reads in 0.740 CPU sec, 0.094 real sec
[M::mem_process_seqs] Processed 1001 reads in 0.646 CPU sec, 0.085 real sec
[M::mem_process_seqs] Processed 1001 reads in 0.707 CPU sec, 0.091 real sec
[M::mem_process_seqs] Processed 1001 reads in 0.645 CPU sec, 0.082 real sec
342872 [main] INFO main.java.edu.mit.compbio.bisulfitehic.mapping.Bhmem  - Processing reads 1258000 ...
342872 [main] INFO main.java.edu.mit.compbio.bisulfitehic.mapping.Bhmem  - Unique mapped and paired reads 1245934 ...
342875 [main] INFO main.java.edu.mit.compbio.bisulfitehic.mapping.Bhmem  - Processing reads 1259000 ...
342875 [main] INFO main.java.edu.mit.compbio.bisulfitehic.mapping.Bhmem  - Unique mapped and paired reads 1245934 ...
[M::mem_process_seqs] Processed 1001 reads in 0.787 CPU sec, 0.100 real sec
[M::mem_process_seqs] Processed 1001 reads in 0.721 CPU sec, 0.094 real sec
[M::mem_process_seqs] Processed 1001 reads in 0.811 CPU sec, 0.104 real sec
[M::mem_process_seqs] Processed 1001 reads in 0.755 CPU sec, 0.095 real sec
343407 [main] INFO main.java.edu.mit.compbio.bisulfitehic.mapping.Bhmem  - Processing reads 1260000 ...
343407 [main] INFO main.java.edu.mit.compbio.bisulfitehic.mapping.Bhmem  - Unique mapped and paired reads 1247920 ...
343410 [main] INFO main.java.edu.mit.compbio.bisulfitehic.mapping.Bhmem  - Processing reads 1261000 ...
343410 [main] INFO main.java.edu.mit.compbio.bisulfitehic.mapping.Bhmem  - Unique mapped and paired reads 1247920 ...
[M::mem_process_seqs] Processed 1001 reads in 0.739 CPU sec, 0.094 real sec
[M::mem_process_seqs] Processed 1001 reads in 0.660 CPU sec, 0.085 real sec
[M::mem_process_seqs] Processed 1001 reads in 0.740 CPU sec, 0.094 real sec
[M::mem_process_seqs] Processed 1001 reads in 0.732 CPU sec, 0.094 real sec
343908 [main] INFO main.java.edu.mit.compbio.bisulfitehic.mapping.Bhmem  - Processing reads 1262000 ...
343908 [main] INFO main.java.edu.mit.compbio.bisulfitehic.mapping.Bhmem  - Unique mapped and paired reads 1249900 ...
343911 [main] INFO main.java.edu.mit.compbio.bisulfitehic.mapping.Bhmem  - Processing reads 1263000 ...
343911 [main] INFO main.java.edu.mit.compbio.bisulfitehic.mapping.Bhmem  - Unique mapped and paired reads 1249900 ...
[M::mem_process_seqs] Processed 1001 reads in 0.799 CPU sec, 0.111 real sec
[M::mem_process_seqs] Processed 1001 reads in 0.677 CPU sec, 0.088 real sec
[M::mem_process_seqs] Processed 1001 reads in 0.821 CPU sec, 0.106 real sec
[M::mem_process_seqs] Processed 1001 reads in 0.781 CPU sec, 0.106 real sec
344461 [main] INFO main.java.edu.mit.compbio.bisulfitehic.mapping.Bhmem  - Processing reads 1264000 ...
344461 [main] INFO main.java.edu.mit.compbio.bisulfitehic.mapping.Bhmem  - Unique mapped and paired reads 1251882 ...
344464 [main] INFO main.java.edu.mit.compbio.bisulfitehic.mapping.Bhmem  - Processing reads 1265000 ...
344464 [main] INFO main.java.edu.mit.compbio.bisulfitehic.mapping.Bhmem  - Unique mapped and paired reads 1251882 ...
[M::mem_process_seqs] Processed 1001 reads in 0.729 CPU sec, 0.092 real sec
[M::mem_process_seqs] Processed 1001 reads in 0.653 CPU sec, 0.083 real sec
[M::mem_process_seqs] Processed 1001 reads in 0.758 CPU sec, 0.097 real sec
[M::mem_process_seqs] Processed 1001 reads in 0.732 CPU sec, 0.094 real sec
344968 [main] INFO main.java.edu.mit.compbio.bisulfitehic.mapping.Bhmem  - Processing reads 1266000 ...
344968 [main] INFO main.java.edu.mit.compbio.bisulfitehic.mapping.Bhmem  - Unique mapped and paired reads 1253864 ...
344971 [main] INFO main.java.edu.mit.compbio.bisulfitehic.mapping.Bhmem  - Processing reads 1267000 ...
344971 [main] INFO main.java.edu.mit.compbio.bisulfitehic.mapping.Bhmem  - Unique mapped and paired reads 1253864 ...
[M::mem_process_seqs] Processed 1001 reads in 0.708 CPU sec, 0.090 real sec
[M::mem_process_seqs] Processed 1001 reads in 0.658 CPU sec, 0.086 real sec
[M::mem_process_seqs] Processed 1001 reads in 0.768 CPU sec, 0.097 real sec
[M::mem_process_seqs] Processed 1001 reads in 0.836 CPU sec, 0.111 real sec
345518 [main] INFO main.java.edu.mit.compbio.bisulfitehic.mapping.Bhmem  - Processing reads 1268000 ...
345518 [main] INFO main.java.edu.mit.compbio.bisulfitehic.mapping.Bhmem  - Unique mapped and paired reads 1255846 ...
345521 [main] INFO main.java.edu.mit.compbio.bisulfitehic.mapping.Bhmem  - Processing reads 1269000 ...
345521 [main] INFO main.java.edu.mit.compbio.bisulfitehic.mapping.Bhmem  - Unique mapped and paired reads 1255846 ...
[M::mem_process_seqs] Processed 1001 reads in 0.775 CPU sec, 0.099 real sec
[M::mem_process_seqs] Processed 1001 reads in 0.692 CPU sec, 0.087 real sec
[M::mem_process_seqs] Processed 1001 reads in 0.774 CPU sec, 0.099 real sec
[M::mem_process_seqs] Processed 1001 reads in 0.789 CPU sec, 0.100 real sec
346040 [main] INFO main.java.edu.mit.compbio.bisulfitehic.mapping.Bhmem  - Processing reads 1270000 ...
346040 [main] INFO main.java.edu.mit.compbio.bisulfitehic.mapping.Bhmem  - Unique mapped and paired reads 1257830 ...
346043 [main] INFO main.java.edu.mit.compbio.bisulfitehic.mapping.Bhmem  - Processing reads 1271000 ...
346043 [main] INFO main.java.edu.mit.compbio.bisulfitehic.mapping.Bhmem  - Unique mapped and paired reads 1257830 ...
[M::mem_process_seqs] Processed 1001 reads in 0.695 CPU sec, 0.088 real sec
[M::mem_process_seqs] Processed 1001 reads in 0.614 CPU sec, 0.080 real sec
[M::mem_process_seqs] Processed 1001 reads in 0.699 CPU sec, 0.091 real sec
[M::mem_process_seqs] Processed 1001 reads in 0.699 CPU sec, 0.093 real sec
346525 [main] INFO main.java.edu.mit.compbio.bisulfitehic.mapping.Bhmem  - Processing reads 1272000 ...
346525 [main] INFO main.java.edu.mit.compbio.bisulfitehic.mapping.Bhmem  - Unique mapped and paired reads 1259810 ...
346530 [main] INFO main.java.edu.mit.compbio.bisulfitehic.mapping.Bhmem  - Processing reads 1273000 ...
346530 [main] INFO main.java.edu.mit.compbio.bisulfitehic.mapping.Bhmem  - Unique mapped and paired reads 1259810 ...
[M::mem_process_seqs] Processed 1001 reads in 0.751 CPU sec, 0.096 real sec
[M::mem_process_seqs] Processed 1001 reads in 0.661 CPU sec, 0.085 real sec
[M::mem_process_seqs] Processed 1001 reads in 0.786 CPU sec, 0.101 real sec
[M::mem_process_seqs] Processed 1001 reads in 0.779 CPU sec, 0.104 real sec
347056 [main] INFO main.java.edu.mit.compbio.bisulfitehic.mapping.Bhmem  - Processing reads 1274000 ...
347056 [main] INFO main.java.edu.mit.compbio.bisulfitehic.mapping.Bhmem  - Unique mapped and paired reads 1261800 ...
347059 [main] INFO main.java.edu.mit.compbio.bisulfitehic.mapping.Bhmem  - Processing reads 1275000 ...
347059 [main] INFO main.java.edu.mit.compbio.bisulfitehic.mapping.Bhmem  - Unique mapped and paired reads 1261800 ...
[M::mem_process_seqs] Processed 1001 reads in 0.724 CPU sec, 0.091 real sec
[M::mem_process_seqs] Processed 1001 reads in 0.654 CPU sec, 0.082 real sec
[M::mem_process_seqs] Processed 1001 reads in 0.727 CPU sec, 0.095 real sec
[M::mem_process_seqs] Processed 1001 reads in 0.779 CPU sec, 0.100 real sec
347562 [main] INFO main.java.edu.mit.compbio.bisulfitehic.mapping.Bhmem  - Processing reads 1276000 ...
347562 [main] INFO main.java.edu.mit.compbio.bisulfitehic.mapping.Bhmem  - Unique mapped and paired reads 1263786 ...
347565 [main] INFO main.java.edu.mit.compbio.bisulfitehic.mapping.Bhmem  - Processing reads 1277000 ...
347565 [main] INFO main.java.edu.mit.compbio.bisulfitehic.mapping.Bhmem  - Unique mapped and paired reads 1263786 ...
[M::mem_process_seqs] Processed 1001 reads in 0.823 CPU sec, 0.109 real sec
[M::mem_process_seqs] Processed 1001 reads in 0.704 CPU sec, 0.096 real sec
[M::mem_process_seqs] Processed 1001 reads in 0.822 CPU sec, 0.106 real sec
[M::mem_process_seqs] Processed 1001 reads in 0.753 CPU sec, 0.095 real sec
348108 [main] INFO main.java.edu.mit.compbio.bisulfitehic.mapping.Bhmem  - Processing reads 1278000 ...
348108 [main] INFO main.java.edu.mit.compbio.bisulfitehic.mapping.Bhmem  - Unique mapped and paired reads 1265752 ...
348111 [main] INFO main.java.edu.mit.compbio.bisulfitehic.mapping.Bhmem  - Processing reads 1279000 ...
348111 [main] INFO main.java.edu.mit.compbio.bisulfitehic.mapping.Bhmem  - Unique mapped and paired reads 1265752 ...
[M::mem_process_seqs] Processed 1001 reads in 0.730 CPU sec, 0.092 real sec
[M::mem_process_seqs] Processed 1001 reads in 0.628 CPU sec, 0.079 real sec
[M::mem_process_seqs] Processed 1001 reads in 0.703 CPU sec, 0.090 real sec
[M::mem_process_seqs] Processed 1001 reads in 0.689 CPU sec, 0.087 real sec
348592 [main] INFO main.java.edu.mit.compbio.bisulfitehic.mapping.Bhmem  - Processing reads 1280000 ...
348593 [main] INFO main.java.edu.mit.compbio.bisulfitehic.mapping.Bhmem  - Unique mapped and paired reads 1267744 ...
348596 [main] INFO main.java.edu.mit.compbio.bisulfitehic.mapping.Bhmem  - Processing reads 1281000 ...
348596 [main] INFO main.java.edu.mit.compbio.bisulfitehic.mapping.Bhmem  - Unique mapped and paired reads 1267744 ...
[M::mem_process_seqs] Processed 1001 reads in 0.776 CPU sec, 0.099 real sec
[M::mem_process_seqs] Processed 1001 reads in 0.650 CPU sec, 0.082 real sec
[M::mem_process_seqs] Processed 1001 reads in 0.847 CPU sec, 0.108 real sec
[M::mem_process_seqs] Processed 1001 reads in 0.772 CPU sec, 0.097 real sec
349121 [main] INFO main.java.edu.mit.compbio.bisulfitehic.mapping.Bhmem  - Processing reads 1282000 ...
349121 [main] INFO main.java.edu.mit.compbio.bisulfitehic.mapping.Bhmem  - Unique mapped and paired reads 1269728 ...
349124 [main] INFO main.java.edu.mit.compbio.bisulfitehic.mapping.Bhmem  - Processing reads 1283000 ...
349124 [main] INFO main.java.edu.mit.compbio.bisulfitehic.mapping.Bhmem  - Unique mapped and paired reads 1269728 ...
[M::mem_process_seqs] Processed 1001 reads in 0.691 CPU sec, 0.088 real sec
[M::mem_process_seqs] Processed 1001 reads in 0.609 CPU sec, 0.077 real sec
[M::mem_process_seqs] Processed 1001 reads in 0.658 CPU sec, 0.084 real sec
[M::mem_process_seqs] Processed 1001 reads in 0.641 CPU sec, 0.081 real sec
349585 [main] INFO main.java.edu.mit.compbio.bisulfitehic.mapping.Bhmem  - Processing reads 1284000 ...
349585 [main] INFO main.java.edu.mit.compbio.bisulfitehic.mapping.Bhmem  - Unique mapped and paired reads 1271704 ...
349588 [main] INFO main.java.edu.mit.compbio.bisulfitehic.mapping.Bhmem  - Processing reads 1285000 ...
349588 [main] INFO main.java.edu.mit.compbio.bisulfitehic.mapping.Bhmem  - Unique mapped and paired reads 1271704 ...
[M::mem_process_seqs] Processed 1001 reads in 0.746 CPU sec, 0.095 real sec
[M::mem_process_seqs] Processed 1001 reads in 0.644 CPU sec, 0.081 real sec
[M::mem_process_seqs] Processed 1001 reads in 0.825 CPU sec, 0.119 real sec
[M::mem_process_seqs] Processed 1001 reads in 0.802 CPU sec, 0.102 real sec
350124 [main] INFO main.java.edu.mit.compbio.bisulfitehic.mapping.Bhmem  - Processing reads 1286000 ...
350124 [main] INFO main.java.edu.mit.compbio.bisulfitehic.mapping.Bhmem  - Unique mapped and paired reads 1273698 ...
350127 [main] INFO main.java.edu.mit.compbio.bisulfitehic.mapping.Bhmem  - Processing reads 1287000 ...
350127 [main] INFO main.java.edu.mit.compbio.bisulfitehic.mapping.Bhmem  - Unique mapped and paired reads 1273698 ...
[M::mem_process_seqs] Processed 1001 reads in 0.794 CPU sec, 0.114 real sec
[M::mem_process_seqs] Processed 1001 reads in 0.797 CPU sec, 0.111 real sec
[M::mem_process_seqs] Processed 1001 reads in 0.779 CPU sec, 0.105 real sec
[M::mem_process_seqs] Processed 1001 reads in 0.852 CPU sec, 0.122 real sec
350726 [main] INFO main.java.edu.mit.compbio.bisulfitehic.mapping.Bhmem  - Processing reads 1288000 ...
350726 [main] INFO main.java.edu.mit.compbio.bisulfitehic.mapping.Bhmem  - Unique mapped and paired reads 1275678 ...
350729 [main] INFO main.java.edu.mit.compbio.bisulfitehic.mapping.Bhmem  - Processing reads 1289000 ...
350729 [main] INFO main.java.edu.mit.compbio.bisulfitehic.mapping.Bhmem  - Unique mapped and paired reads 1275678 ...
[M::mem_process_seqs] Processed 1001 reads in 0.754 CPU sec, 0.099 real sec
[M::mem_process_seqs] Processed 1001 reads in 0.713 CPU sec, 0.093 real sec
[M::mem_process_seqs] Processed 1001 reads in 0.716 CPU sec, 0.092 real sec
[M::mem_process_seqs] Processed 1001 reads in 0.750 CPU sec, 0.101 real sec
351253 [main] INFO main.java.edu.mit.compbio.bisulfitehic.mapping.Bhmem  - Processing reads 1290000 ...
351253 [main] INFO main.java.edu.mit.compbio.bisulfitehic.mapping.Bhmem  - Unique mapped and paired reads 1277666 ...
351256 [main] INFO main.java.edu.mit.compbio.bisulfitehic.mapping.Bhmem  - Processing reads 1291000 ...
351256 [main] INFO main.java.edu.mit.compbio.bisulfitehic.mapping.Bhmem  - Unique mapped and paired reads 1277666 ...
[M::mem_process_seqs] Processed 1001 reads in 0.746 CPU sec, 0.094 real sec
[M::mem_process_seqs] Processed 1001 reads in 0.665 CPU sec, 0.085 real sec
[M::mem_process_seqs] Processed 1001 reads in 0.797 CPU sec, 0.110 real sec
[M::mem_process_seqs] Processed 1001 reads in 0.841 CPU sec, 0.109 real sec
351790 [main] INFO main.java.edu.mit.compbio.bisulfitehic.mapping.Bhmem  - Processing reads 1292000 ...
351790 [main] INFO main.java.edu.mit.compbio.bisulfitehic.mapping.Bhmem  - Unique mapped and paired reads 1279644 ...
351794 [main] INFO main.java.edu.mit.compbio.bisulfitehic.mapping.Bhmem  - Processing reads 1293000 ...
351794 [main] INFO main.java.edu.mit.compbio.bisulfitehic.mapping.Bhmem  - Unique mapped and paired reads 1279644 ...
[M::mem_process_seqs] Processed 1001 reads in 0.742 CPU sec, 0.096 real sec
[M::mem_process_seqs] Processed 1001 reads in 0.664 CPU sec, 0.090 real sec
[M::mem_process_seqs] Processed 1001 reads in 0.777 CPU sec, 0.098 real sec
[M::mem_process_seqs] Processed 1001 reads in 0.709 CPU sec, 0.092 real sec
352301 [main] INFO main.java.edu.mit.compbio.bisulfitehic.mapping.Bhmem  - Processing reads 1294000 ...
352301 [main] INFO main.java.edu.mit.compbio.bisulfitehic.mapping.Bhmem  - Unique mapped and paired reads 1281630 ...
352305 [main] INFO main.java.edu.mit.compbio.bisulfitehic.mapping.Bhmem  - Processing reads 1295000 ...
352305 [main] INFO main.java.edu.mit.compbio.bisulfitehic.mapping.Bhmem  - Unique mapped and paired reads 1281630 ...
[M::mem_process_seqs] Processed 1001 reads in 0.782 CPU sec, 0.099 real sec
[M::mem_process_seqs] Processed 1001 reads in 0.688 CPU sec, 0.087 real sec
[M::mem_process_seqs] Processed 1001 reads in 0.854 CPU sec, 0.108 real sec
[M::mem_process_seqs] Processed 1001 reads in 0.831 CPU sec, 0.112 real sec
352853 [main] INFO main.java.edu.mit.compbio.bisulfitehic.mapping.Bhmem  - Processing reads 1296000 ...
352853 [main] INFO main.java.edu.mit.compbio.bisulfitehic.mapping.Bhmem  - Unique mapped and paired reads 1283610 ...
352856 [main] INFO main.java.edu.mit.compbio.bisulfitehic.mapping.Bhmem  - Processing reads 1297000 ...
352856 [main] INFO main.java.edu.mit.compbio.bisulfitehic.mapping.Bhmem  - Unique mapped and paired reads 1283610 ...
[M::mem_process_seqs] Processed 1001 reads in 0.748 CPU sec, 0.095 real sec
[M::mem_process_seqs] Processed 1001 reads in 0.673 CPU sec, 0.088 real sec
[M::mem_process_seqs] Processed 1001 reads in 0.794 CPU sec, 0.101 real sec
[M::mem_process_seqs] Processed 1001 reads in 0.711 CPU sec, 0.093 real sec
353358 [main] INFO main.java.edu.mit.compbio.bisulfitehic.mapping.Bhmem  - Processing reads 1298000 ...
353358 [main] INFO main.java.edu.mit.compbio.bisulfitehic.mapping.Bhmem  - Unique mapped and paired reads 1285594 ...
353361 [main] INFO main.java.edu.mit.compbio.bisulfitehic.mapping.Bhmem  - Processing reads 1299000 ...
353361 [main] INFO main.java.edu.mit.compbio.bisulfitehic.mapping.Bhmem  - Unique mapped and paired reads 1285594 ...
[M::mem_process_seqs] Processed 1001 reads in 0.777 CPU sec, 0.099 real sec
[M::mem_process_seqs] Processed 1001 reads in 0.627 CPU sec, 0.079 real sec
[M::mem_process_seqs] Processed 1001 reads in 0.777 CPU sec, 0.098 real sec
[M::mem_process_seqs] Processed 1001 reads in 0.697 CPU sec, 0.088 real sec
353862 [main] INFO main.java.edu.mit.compbio.bisulfitehic.mapping.Bhmem  - Processing reads 1300000 ...
353862 [main] INFO main.java.edu.mit.compbio.bisulfitehic.mapping.Bhmem  - Unique mapped and paired reads 1287574 ...
353866 [main] INFO main.java.edu.mit.compbio.bisulfitehic.mapping.Bhmem  - Processing reads 1301000 ...
353866 [main] INFO main.java.edu.mit.compbio.bisulfitehic.mapping.Bhmem  - Unique mapped and paired reads 1287574 ...
[M::mem_process_seqs] Processed 1001 reads in 0.759 CPU sec, 0.097 real sec
[M::mem_process_seqs] Processed 1001 reads in 0.660 CPU sec, 0.084 real sec
[M::mem_process_seqs] Processed 1001 reads in 0.718 CPU sec, 0.090 real sec
[M::mem_process_seqs] Processed 1001 reads in 0.698 CPU sec, 0.090 real sec
354356 [main] INFO main.java.edu.mit.compbio.bisulfitehic.mapping.Bhmem  - Processing reads 1302000 ...
354356 [main] INFO main.java.edu.mit.compbio.bisulfitehic.mapping.Bhmem  - Unique mapped and paired reads 1289572 ...
354359 [main] INFO main.java.edu.mit.compbio.bisulfitehic.mapping.Bhmem  - Processing reads 1303000 ...
354359 [main] INFO main.java.edu.mit.compbio.bisulfitehic.mapping.Bhmem  - Unique mapped and paired reads 1289572 ...
[M::mem_process_seqs] Processed 1001 reads in 0.717 CPU sec, 0.092 real sec
[M::mem_process_seqs] Processed 1001 reads in 0.638 CPU sec, 0.083 real sec
[M::mem_process_seqs] Processed 1001 reads in 0.718 CPU sec, 0.091 real sec
[M::mem_process_seqs] Processed 1001 reads in 0.707 CPU sec, 0.090 real sec
354850 [main] INFO main.java.edu.mit.compbio.bisulfitehic.mapping.Bhmem  - Processing reads 1304000 ...
354850 [main] INFO main.java.edu.mit.compbio.bisulfitehic.mapping.Bhmem  - Unique mapped and paired reads 1291552 ...
354853 [main] INFO main.java.edu.mit.compbio.bisulfitehic.mapping.Bhmem  - Processing reads 1305000 ...
354853 [main] INFO main.java.edu.mit.compbio.bisulfitehic.mapping.Bhmem  - Unique mapped and paired reads 1291552 ...
[M::mem_process_seqs] Processed 1001 reads in 0.784 CPU sec, 0.099 real sec
[M::mem_process_seqs] Processed 1001 reads in 0.664 CPU sec, 0.086 real sec
[M::mem_process_seqs] Processed 1001 reads in 0.795 CPU sec, 0.102 real sec
[M::mem_process_seqs] Processed 1001 reads in 0.761 CPU sec, 0.098 real sec
355381 [main] INFO main.java.edu.mit.compbio.bisulfitehic.mapping.Bhmem  - Processing reads 1306000 ...
355381 [main] INFO main.java.edu.mit.compbio.bisulfitehic.mapping.Bhmem  - Unique mapped and paired reads 1293532 ...
355384 [main] INFO main.java.edu.mit.compbio.bisulfitehic.mapping.Bhmem  - Processing reads 1307000 ...
355384 [main] INFO main.java.edu.mit.compbio.bisulfitehic.mapping.Bhmem  - Unique mapped and paired reads 1293532 ...
[M::mem_process_seqs] Processed 1001 reads in 0.802 CPU sec, 0.101 real sec
[M::mem_process_seqs] Processed 1001 reads in 0.633 CPU sec, 0.080 real sec
[M::mem_process_seqs] Processed 1001 reads in 0.838 CPU sec, 0.106 real sec
[M::mem_process_seqs] Processed 1001 reads in 0.765 CPU sec, 0.097 real sec
355963 [main] INFO main.java.edu.mit.compbio.bisulfitehic.mapping.Bhmem  - Processing reads 1308000 ...
355963 [main] INFO main.java.edu.mit.compbio.bisulfitehic.mapping.Bhmem  - Unique mapped and paired reads 1295512 ...
355966 [main] INFO main.java.edu.mit.compbio.bisulfitehic.mapping.Bhmem  - Processing reads 1309000 ...
355966 [main] INFO main.java.edu.mit.compbio.bisulfitehic.mapping.Bhmem  - Unique mapped and paired reads 1295512 ...
[M::mem_process_seqs] Processed 1001 reads in 0.785 CPU sec, 0.099 real sec
[M::mem_process_seqs] Processed 1001 reads in 0.704 CPU sec, 0.089 real sec
[M::mem_process_seqs] Processed 1001 reads in 0.792 CPU sec, 0.100 real sec
[M::mem_process_seqs] Processed 1001 reads in 0.767 CPU sec, 0.099 real sec
356496 [main] INFO main.java.edu.mit.compbio.bisulfitehic.mapping.Bhmem  - Processing reads 1310000 ...
356496 [main] INFO main.java.edu.mit.compbio.bisulfitehic.mapping.Bhmem  - Unique mapped and paired reads 1297500 ...
356500 [main] INFO main.java.edu.mit.compbio.bisulfitehic.mapping.Bhmem  - Processing reads 1311000 ...
356500 [main] INFO main.java.edu.mit.compbio.bisulfitehic.mapping.Bhmem  - Unique mapped and paired reads 1297500 ...
[M::mem_process_seqs] Processed 1001 reads in 0.869 CPU sec, 0.111 real sec
[M::mem_process_seqs] Processed 1001 reads in 0.732 CPU sec, 0.094 real sec
[M::mem_process_seqs] Processed 1001 reads in 0.790 CPU sec, 0.101 real sec
[M::mem_process_seqs] Processed 1001 reads in 0.785 CPU sec, 0.099 real sec
357043 [main] INFO main.java.edu.mit.compbio.bisulfitehic.mapping.Bhmem  - Processing reads 1312000 ...
357043 [main] INFO main.java.edu.mit.compbio.bisulfitehic.mapping.Bhmem  - Unique mapped and paired reads 1299484 ...
357046 [main] INFO main.java.edu.mit.compbio.bisulfitehic.mapping.Bhmem  - Processing reads 1313000 ...
357046 [main] INFO main.java.edu.mit.compbio.bisulfitehic.mapping.Bhmem  - Unique mapped and paired reads 1299484 ...
[M::mem_process_seqs] Processed 1001 reads in 0.760 CPU sec, 0.097 real sec
[M::mem_process_seqs] Processed 1001 reads in 0.669 CPU sec, 0.085 real sec
[M::mem_process_seqs] Processed 1001 reads in 0.806 CPU sec, 0.106 real sec
[M::mem_process_seqs] Processed 1001 reads in 0.781 CPU sec, 0.100 real sec
357571 [main] INFO main.java.edu.mit.compbio.bisulfitehic.mapping.Bhmem  - Processing reads 1314000 ...
357571 [main] INFO main.java.edu.mit.compbio.bisulfitehic.mapping.Bhmem  - Unique mapped and paired reads 1301470 ...
357574 [main] INFO main.java.edu.mit.compbio.bisulfitehic.mapping.Bhmem  - Processing reads 1315000 ...
357574 [main] INFO main.java.edu.mit.compbio.bisulfitehic.mapping.Bhmem  - Unique mapped and paired reads 1301470 ...
[M::mem_process_seqs] Processed 1001 reads in 0.772 CPU sec, 0.097 real sec
[M::mem_process_seqs] Processed 1001 reads in 0.662 CPU sec, 0.085 real sec
[M::mem_process_seqs] Processed 1001 reads in 0.793 CPU sec, 0.103 real sec
[M::mem_process_seqs] Processed 1001 reads in 0.764 CPU sec, 0.099 real sec
358100 [main] INFO main.java.edu.mit.compbio.bisulfitehic.mapping.Bhmem  - Processing reads 1316000 ...
358100 [main] INFO main.java.edu.mit.compbio.bisulfitehic.mapping.Bhmem  - Unique mapped and paired reads 1303450 ...
358103 [main] INFO main.java.edu.mit.compbio.bisulfitehic.mapping.Bhmem  - Processing reads 1317000 ...
358103 [main] INFO main.java.edu.mit.compbio.bisulfitehic.mapping.Bhmem  - Unique mapped and paired reads 1303450 ...
[M::mem_process_seqs] Processed 1001 reads in 0.810 CPU sec, 0.103 real sec
[M::mem_process_seqs] Processed 1001 reads in 0.645 CPU sec, 0.082 real sec
[M::mem_process_seqs] Processed 1001 reads in 0.773 CPU sec, 0.101 real sec
[M::mem_process_seqs] Processed 1001 reads in 0.730 CPU sec, 0.092 real sec
358619 [main] INFO main.java.edu.mit.compbio.bisulfitehic.mapping.Bhmem  - Processing reads 1318000 ...
358619 [main] INFO main.java.edu.mit.compbio.bisulfitehic.mapping.Bhmem  - Unique mapped and paired reads 1305430 ...
358622 [main] INFO main.java.edu.mit.compbio.bisulfitehic.mapping.Bhmem  - Processing reads 1319000 ...
358622 [main] INFO main.java.edu.mit.compbio.bisulfitehic.mapping.Bhmem  - Unique mapped and paired reads 1305430 ...
[M::mem_process_seqs] Processed 1001 reads in 0.766 CPU sec, 0.098 real sec
[M::mem_process_seqs] Processed 1001 reads in 0.658 CPU sec, 0.083 real sec
[M::mem_process_seqs] Processed 1001 reads in 0.845 CPU sec, 0.120 real sec
[M::mem_process_seqs] Processed 1001 reads in 0.813 CPU sec, 0.107 real sec
359168 [main] INFO main.java.edu.mit.compbio.bisulfitehic.mapping.Bhmem  - Processing reads 1320000 ...
359168 [main] INFO main.java.edu.mit.compbio.bisulfitehic.mapping.Bhmem  - Unique mapped and paired reads 1307416 ...
359171 [main] INFO main.java.edu.mit.compbio.bisulfitehic.mapping.Bhmem  - Processing reads 1321000 ...
359171 [main] INFO main.java.edu.mit.compbio.bisulfitehic.mapping.Bhmem  - Unique mapped and paired reads 1307416 ...
[M::mem_process_seqs] Processed 1001 reads in 0.779 CPU sec, 0.099 real sec
[M::mem_process_seqs] Processed 1001 reads in 0.648 CPU sec, 0.083 real sec
[M::mem_process_seqs] Processed 1001 reads in 0.771 CPU sec, 0.102 real sec
[M::mem_process_seqs] Processed 1001 reads in 0.721 CPU sec, 0.092 real sec
359683 [main] INFO main.java.edu.mit.compbio.bisulfitehic.mapping.Bhmem  - Processing reads 1322000 ...
359683 [main] INFO main.java.edu.mit.compbio.bisulfitehic.mapping.Bhmem  - Unique mapped and paired reads 1309402 ...
359686 [main] INFO main.java.edu.mit.compbio.bisulfitehic.mapping.Bhmem  - Processing reads 1323000 ...
359686 [main] INFO main.java.edu.mit.compbio.bisulfitehic.mapping.Bhmem  - Unique mapped and paired reads 1309402 ...
[M::mem_process_seqs] Processed 1001 reads in 0.753 CPU sec, 0.096 real sec
[M::mem_process_seqs] Processed 1001 reads in 0.672 CPU sec, 0.087 real sec
[M::mem_process_seqs] Processed 1001 reads in 0.759 CPU sec, 0.096 real sec
[M::mem_process_seqs] Processed 1001 reads in 0.749 CPU sec, 0.096 real sec
360200 [main] INFO main.java.edu.mit.compbio.bisulfitehic.mapping.Bhmem  - Processing reads 1324000 ...
360200 [main] INFO main.java.edu.mit.compbio.bisulfitehic.mapping.Bhmem  - Unique mapped and paired reads 1311388 ...
360203 [main] INFO main.java.edu.mit.compbio.bisulfitehic.mapping.Bhmem  - Processing reads 1325000 ...
360203 [main] INFO main.java.edu.mit.compbio.bisulfitehic.mapping.Bhmem  - Unique mapped and paired reads 1311388 ...
[M::mem_process_seqs] Processed 1001 reads in 0.744 CPU sec, 0.096 real sec
[M::mem_process_seqs] Processed 1001 reads in 0.644 CPU sec, 0.085 real sec
[M::mem_process_seqs] Processed 1001 reads in 0.789 CPU sec, 0.100 real sec
[M::mem_process_seqs] Processed 1001 reads in 0.784 CPU sec, 0.100 real sec
360726 [main] INFO main.java.edu.mit.compbio.bisulfitehic.mapping.Bhmem  - Processing reads 1326000 ...
360726 [main] INFO main.java.edu.mit.compbio.bisulfitehic.mapping.Bhmem  - Unique mapped and paired reads 1313370 ...
360729 [main] INFO main.java.edu.mit.compbio.bisulfitehic.mapping.Bhmem  - Processing reads 1327000 ...
360729 [main] INFO main.java.edu.mit.compbio.bisulfitehic.mapping.Bhmem  - Unique mapped and paired reads 1313370 ...
[M::mem_process_seqs] Processed 1001 reads in 0.746 CPU sec, 0.096 real sec
[M::mem_process_seqs] Processed 1001 reads in 0.722 CPU sec, 0.091 real sec
[M::mem_process_seqs] Processed 1001 reads in 0.788 CPU sec, 0.100 real sec
[M::mem_process_seqs] Processed 1001 reads in 0.841 CPU sec, 0.117 real sec
361276 [main] INFO main.java.edu.mit.compbio.bisulfitehic.mapping.Bhmem  - Processing reads 1328000 ...
361276 [main] INFO main.java.edu.mit.compbio.bisulfitehic.mapping.Bhmem  - Unique mapped and paired reads 1315354 ...
361279 [main] INFO main.java.edu.mit.compbio.bisulfitehic.mapping.Bhmem  - Processing reads 1329000 ...
361279 [main] INFO main.java.edu.mit.compbio.bisulfitehic.mapping.Bhmem  - Unique mapped and paired reads 1315354 ...
[M::mem_process_seqs] Processed 1001 reads in 0.809 CPU sec, 0.103 real sec
[M::mem_process_seqs] Processed 1001 reads in 0.687 CPU sec, 0.088 real sec
[M::mem_process_seqs] Processed 1001 reads in 0.846 CPU sec, 0.109 real sec
[M::mem_process_seqs] Processed 1001 reads in 0.807 CPU sec, 0.102 real sec
361821 [main] INFO main.java.edu.mit.compbio.bisulfitehic.mapping.Bhmem  - Processing reads 1330000 ...
361821 [main] INFO main.java.edu.mit.compbio.bisulfitehic.mapping.Bhmem  - Unique mapped and paired reads 1317332 ...
361824 [main] INFO main.java.edu.mit.compbio.bisulfitehic.mapping.Bhmem  - Processing reads 1331000 ...
361824 [main] INFO main.java.edu.mit.compbio.bisulfitehic.mapping.Bhmem  - Unique mapped and paired reads 1317332 ...
[M::mem_process_seqs] Processed 1001 reads in 0.749 CPU sec, 0.095 real sec
[M::mem_process_seqs] Processed 1001 reads in 0.616 CPU sec, 0.080 real sec
[M::mem_process_seqs] Processed 1001 reads in 0.729 CPU sec, 0.093 real sec
[M::mem_process_seqs] Processed 1001 reads in 0.687 CPU sec, 0.089 real sec
362314 [main] INFO main.java.edu.mit.compbio.bisulfitehic.mapping.Bhmem  - Processing reads 1332000 ...
362314 [main] INFO main.java.edu.mit.compbio.bisulfitehic.mapping.Bhmem  - Unique mapped and paired reads 1319324 ...
362317 [main] INFO main.java.edu.mit.compbio.bisulfitehic.mapping.Bhmem  - Processing reads 1333000 ...
362317 [main] INFO main.java.edu.mit.compbio.bisulfitehic.mapping.Bhmem  - Unique mapped and paired reads 1319324 ...
[M::mem_process_seqs] Processed 1001 reads in 0.796 CPU sec, 0.109 real sec
[M::mem_process_seqs] Processed 1001 reads in 0.690 CPU sec, 0.091 real sec
[M::mem_process_seqs] Processed 1001 reads in 0.842 CPU sec, 0.110 real sec
[M::mem_process_seqs] Processed 1001 reads in 0.773 CPU sec, 0.097 real sec
362863 [main] INFO main.java.edu.mit.compbio.bisulfitehic.mapping.Bhmem  - Processing reads 1334000 ...
362863 [main] INFO main.java.edu.mit.compbio.bisulfitehic.mapping.Bhmem  - Unique mapped and paired reads 1321306 ...
362866 [main] INFO main.java.edu.mit.compbio.bisulfitehic.mapping.Bhmem  - Processing reads 1335000 ...
362866 [main] INFO main.java.edu.mit.compbio.bisulfitehic.mapping.Bhmem  - Unique mapped and paired reads 1321306 ...
[M::mem_process_seqs] Processed 1001 reads in 0.844 CPU sec, 0.109 real sec
[M::mem_process_seqs] Processed 1001 reads in 0.693 CPU sec, 0.088 real sec
[M::mem_process_seqs] Processed 1001 reads in 0.858 CPU sec, 0.111 real sec
[M::mem_process_seqs] Processed 1001 reads in 0.809 CPU sec, 0.110 real sec
363426 [main] INFO main.java.edu.mit.compbio.bisulfitehic.mapping.Bhmem  - Processing reads 1336000 ...
363426 [main] INFO main.java.edu.mit.compbio.bisulfitehic.mapping.Bhmem  - Unique mapped and paired reads 1323292 ...
363429 [main] INFO main.java.edu.mit.compbio.bisulfitehic.mapping.Bhmem  - Processing reads 1337000 ...
363429 [main] INFO main.java.edu.mit.compbio.bisulfitehic.mapping.Bhmem  - Unique mapped and paired reads 1323292 ...
[M::mem_process_seqs] Processed 1001 reads in 0.730 CPU sec, 0.094 real sec
[M::mem_process_seqs] Processed 1001 reads in 0.613 CPU sec, 0.078 real sec
[M::mem_process_seqs] Processed 1001 reads in 0.703 CPU sec, 0.090 real sec
[M::mem_process_seqs] Processed 1001 reads in 0.669 CPU sec, 0.086 real sec
363911 [main] INFO main.java.edu.mit.compbio.bisulfitehic.mapping.Bhmem  - Processing reads 1338000 ...
363911 [main] INFO main.java.edu.mit.compbio.bisulfitehic.mapping.Bhmem  - Unique mapped and paired reads 1325278 ...
363914 [main] INFO main.java.edu.mit.compbio.bisulfitehic.mapping.Bhmem  - Processing reads 1339000 ...
363914 [main] INFO main.java.edu.mit.compbio.bisulfitehic.mapping.Bhmem  - Unique mapped and paired reads 1325278 ...
[M::mem_process_seqs] Processed 1001 reads in 0.774 CPU sec, 0.099 real sec
[M::mem_process_seqs] Processed 1001 reads in 0.644 CPU sec, 0.082 real sec
[M::mem_process_seqs] Processed 1001 reads in 0.743 CPU sec, 0.095 real sec
[M::mem_process_seqs] Processed 1001 reads in 0.752 CPU sec, 0.096 real sec
364422 [main] INFO main.java.edu.mit.compbio.bisulfitehic.mapping.Bhmem  - Processing reads 1340000 ...
364422 [main] INFO main.java.edu.mit.compbio.bisulfitehic.mapping.Bhmem  - Unique mapped and paired reads 1327262 ...
364425 [main] INFO main.java.edu.mit.compbio.bisulfitehic.mapping.Bhmem  - Processing reads 1341000 ...
364425 [main] INFO main.java.edu.mit.compbio.bisulfitehic.mapping.Bhmem  - Unique mapped and paired reads 1327262 ...
[M::mem_process_seqs] Processed 1001 reads in 0.755 CPU sec, 0.097 real sec
[M::mem_process_seqs] Processed 1001 reads in 0.660 CPU sec, 0.086 real sec
[M::mem_process_seqs] Processed 1001 reads in 0.793 CPU sec, 0.104 real sec
[M::mem_process_seqs] Processed 1001 reads in 0.752 CPU sec, 0.095 real sec
364941 [main] INFO main.java.edu.mit.compbio.bisulfitehic.mapping.Bhmem  - Processing reads 1342000 ...
364941 [main] INFO main.java.edu.mit.compbio.bisulfitehic.mapping.Bhmem  - Unique mapped and paired reads 1329256 ...
364944 [main] INFO main.java.edu.mit.compbio.bisulfitehic.mapping.Bhmem  - Processing reads 1343000 ...
364944 [main] INFO main.java.edu.mit.compbio.bisulfitehic.mapping.Bhmem  - Unique mapped and paired reads 1329256 ...
[M::mem_process_seqs] Processed 1001 reads in 0.783 CPU sec, 0.099 real sec
[M::mem_process_seqs] Processed 1001 reads in 0.665 CPU sec, 0.089 real sec
[M::mem_process_seqs] Processed 1001 reads in 0.781 CPU sec, 0.100 real sec
[M::mem_process_seqs] Processed 1001 reads in 0.731 CPU sec, 0.094 real sec
365461 [main] INFO main.java.edu.mit.compbio.bisulfitehic.mapping.Bhmem  - Processing reads 1344000 ...
365461 [main] INFO main.java.edu.mit.compbio.bisulfitehic.mapping.Bhmem  - Unique mapped and paired reads 1331246 ...
365464 [main] INFO main.java.edu.mit.compbio.bisulfitehic.mapping.Bhmem  - Processing reads 1345000 ...
365464 [main] INFO main.java.edu.mit.compbio.bisulfitehic.mapping.Bhmem  - Unique mapped and paired reads 1331246 ...
[M::mem_process_seqs] Processed 1001 reads in 0.742 CPU sec, 0.094 real sec
[M::mem_process_seqs] Processed 1001 reads in 0.687 CPU sec, 0.086 real sec
[M::mem_process_seqs] Processed 1001 reads in 0.759 CPU sec, 0.096 real sec
[M::mem_process_seqs] Processed 1001 reads in 0.740 CPU sec, 0.094 real sec
365971 [main] INFO main.java.edu.mit.compbio.bisulfitehic.mapping.Bhmem  - Processing reads 1346000 ...
365971 [main] INFO main.java.edu.mit.compbio.bisulfitehic.mapping.Bhmem  - Unique mapped and paired reads 1333234 ...
365974 [main] INFO main.java.edu.mit.compbio.bisulfitehic.mapping.Bhmem  - Processing reads 1347000 ...
365974 [main] INFO main.java.edu.mit.compbio.bisulfitehic.mapping.Bhmem  - Unique mapped and paired reads 1333234 ...
[M::mem_process_seqs] Processed 1001 reads in 0.742 CPU sec, 0.095 real sec
[M::mem_process_seqs] Processed 1001 reads in 0.652 CPU sec, 0.083 real sec
[M::mem_process_seqs] Processed 1001 reads in 0.799 CPU sec, 0.103 real sec
[M::mem_process_seqs] Processed 1001 reads in 0.766 CPU sec, 0.099 real sec
366521 [main] INFO main.java.edu.mit.compbio.bisulfitehic.mapping.Bhmem  - Processing reads 1348000 ...
366521 [main] INFO main.java.edu.mit.compbio.bisulfitehic.mapping.Bhmem  - Unique mapped and paired reads 1335210 ...
366524 [main] INFO main.java.edu.mit.compbio.bisulfitehic.mapping.Bhmem  - Processing reads 1349000 ...
366524 [main] INFO main.java.edu.mit.compbio.bisulfitehic.mapping.Bhmem  - Unique mapped and paired reads 1335210 ...
[M::mem_process_seqs] Processed 1001 reads in 0.721 CPU sec, 0.094 real sec
[M::mem_process_seqs] Processed 1001 reads in 0.669 CPU sec, 0.087 real sec
[M::mem_process_seqs] Processed 1001 reads in 0.723 CPU sec, 0.091 real sec
[M::mem_process_seqs] Processed 1001 reads in 0.798 CPU sec, 0.102 real sec
367034 [main] INFO main.java.edu.mit.compbio.bisulfitehic.mapping.Bhmem  - Processing reads 1350000 ...
367034 [main] INFO main.java.edu.mit.compbio.bisulfitehic.mapping.Bhmem  - Unique mapped and paired reads 1337192 ...
367037 [main] INFO main.java.edu.mit.compbio.bisulfitehic.mapping.Bhmem  - Processing reads 1351000 ...
367037 [main] INFO main.java.edu.mit.compbio.bisulfitehic.mapping.Bhmem  - Unique mapped and paired reads 1337192 ...
[M::mem_process_seqs] Processed 1001 reads in 0.777 CPU sec, 0.099 real sec
[M::mem_process_seqs] Processed 1001 reads in 0.692 CPU sec, 0.090 real sec
[M::mem_process_seqs] Processed 1001 reads in 0.831 CPU sec, 0.109 real sec
[M::mem_process_seqs] Processed 1001 reads in 0.788 CPU sec, 0.103 real sec
367570 [main] INFO main.java.edu.mit.compbio.bisulfitehic.mapping.Bhmem  - Processing reads 1352000 ...
367570 [main] INFO main.java.edu.mit.compbio.bisulfitehic.mapping.Bhmem  - Unique mapped and paired reads 1339178 ...
367573 [main] INFO main.java.edu.mit.compbio.bisulfitehic.mapping.Bhmem  - Processing reads 1353000 ...
367573 [main] INFO main.java.edu.mit.compbio.bisulfitehic.mapping.Bhmem  - Unique mapped and paired reads 1339178 ...
[M::mem_process_seqs] Processed 1001 reads in 0.776 CPU sec, 0.098 real sec
[M::mem_process_seqs] Processed 1001 reads in 0.712 CPU sec, 0.090 real sec
[M::mem_process_seqs] Processed 1001 reads in 0.835 CPU sec, 0.109 real sec
[M::mem_process_seqs] Processed 1001 reads in 0.825 CPU sec, 0.106 real sec
368116 [main] INFO main.java.edu.mit.compbio.bisulfitehic.mapping.Bhmem  - Processing reads 1354000 ...
368116 [main] INFO main.java.edu.mit.compbio.bisulfitehic.mapping.Bhmem  - Unique mapped and paired reads 1341166 ...
368119 [main] INFO main.java.edu.mit.compbio.bisulfitehic.mapping.Bhmem  - Processing reads 1355000 ...
368120 [main] INFO main.java.edu.mit.compbio.bisulfitehic.mapping.Bhmem  - Unique mapped and paired reads 1341166 ...
[M::mem_process_seqs] Processed 1001 reads in 0.806 CPU sec, 0.103 real sec
[M::mem_process_seqs] Processed 1001 reads in 0.672 CPU sec, 0.085 real sec
[M::mem_process_seqs] Processed 1001 reads in 0.787 CPU sec, 0.100 real sec
[M::mem_process_seqs] Processed 1001 reads in 0.791 CPU sec, 0.101 real sec
368647 [main] INFO main.java.edu.mit.compbio.bisulfitehic.mapping.Bhmem  - Processing reads 1356000 ...
368647 [main] INFO main.java.edu.mit.compbio.bisulfitehic.mapping.Bhmem  - Unique mapped and paired reads 1343150 ...
368650 [main] INFO main.java.edu.mit.compbio.bisulfitehic.mapping.Bhmem  - Processing reads 1357000 ...
368650 [main] INFO main.java.edu.mit.compbio.bisulfitehic.mapping.Bhmem  - Unique mapped and paired reads 1343150 ...
[M::mem_process_seqs] Processed 1001 reads in 0.782 CPU sec, 0.100 real sec
[M::mem_process_seqs] Processed 1001 reads in 0.652 CPU sec, 0.084 real sec
[M::mem_process_seqs] Processed 1001 reads in 0.796 CPU sec, 0.102 real sec
[M::mem_process_seqs] Processed 1001 reads in 0.799 CPU sec, 0.102 real sec
369174 [main] INFO main.java.edu.mit.compbio.bisulfitehic.mapping.Bhmem  - Processing reads 1358000 ...
369174 [main] INFO main.java.edu.mit.compbio.bisulfitehic.mapping.Bhmem  - Unique mapped and paired reads 1345138 ...
369177 [main] INFO main.java.edu.mit.compbio.bisulfitehic.mapping.Bhmem  - Processing reads 1359000 ...
369177 [main] INFO main.java.edu.mit.compbio.bisulfitehic.mapping.Bhmem  - Unique mapped and paired reads 1345138 ...
[M::mem_process_seqs] Processed 1001 reads in 0.817 CPU sec, 0.104 real sec
[M::mem_process_seqs] Processed 1001 reads in 0.651 CPU sec, 0.083 real sec
[M::mem_process_seqs] Processed 1001 reads in 0.816 CPU sec, 0.103 real sec
[M::mem_process_seqs] Processed 1001 reads in 0.740 CPU sec, 0.094 real sec
369702 [main] INFO main.java.edu.mit.compbio.bisulfitehic.mapping.Bhmem  - Processing reads 1360000 ...
369702 [main] INFO main.java.edu.mit.compbio.bisulfitehic.mapping.Bhmem  - Unique mapped and paired reads 1347122 ...
369705 [main] INFO main.java.edu.mit.compbio.bisulfitehic.mapping.Bhmem  - Processing reads 1361000 ...
369705 [main] INFO main.java.edu.mit.compbio.bisulfitehic.mapping.Bhmem  - Unique mapped and paired reads 1347122 ...
[M::mem_process_seqs] Processed 1001 reads in 0.749 CPU sec, 0.096 real sec
[M::mem_process_seqs] Processed 1001 reads in 0.681 CPU sec, 0.087 real sec
[M::mem_process_seqs] Processed 1001 reads in 0.787 CPU sec, 0.100 real sec
[M::mem_process_seqs] Processed 1001 reads in 0.718 CPU sec, 0.092 real sec
370214 [main] INFO main.java.edu.mit.compbio.bisulfitehic.mapping.Bhmem  - Processing reads 1362000 ...
370214 [main] INFO main.java.edu.mit.compbio.bisulfitehic.mapping.Bhmem  - Unique mapped and paired reads 1349108 ...
370217 [main] INFO main.java.edu.mit.compbio.bisulfitehic.mapping.Bhmem  - Processing reads 1363000 ...
370217 [main] INFO main.java.edu.mit.compbio.bisulfitehic.mapping.Bhmem  - Unique mapped and paired reads 1349108 ...
[M::mem_process_seqs] Processed 1001 reads in 0.811 CPU sec, 0.104 real sec
[M::mem_process_seqs] Processed 1001 reads in 0.678 CPU sec, 0.086 real sec
[M::mem_process_seqs] Processed 1001 reads in 0.826 CPU sec, 0.104 real sec
[M::mem_process_seqs] Processed 1001 reads in 0.851 CPU sec, 0.113 real sec
370769 [main] INFO main.java.edu.mit.compbio.bisulfitehic.mapping.Bhmem  - Processing reads 1364000 ...
370769 [main] INFO main.java.edu.mit.compbio.bisulfitehic.mapping.Bhmem  - Unique mapped and paired reads 1351090 ...
370772 [main] INFO main.java.edu.mit.compbio.bisulfitehic.mapping.Bhmem  - Processing reads 1365000 ...
370772 [main] INFO main.java.edu.mit.compbio.bisulfitehic.mapping.Bhmem  - Unique mapped and paired reads 1351090 ...
[M::mem_process_seqs] Processed 1001 reads in 0.794 CPU sec, 0.101 real sec
[M::mem_process_seqs] Processed 1001 reads in 0.704 CPU sec, 0.091 real sec
[M::mem_process_seqs] Processed 1001 reads in 0.765 CPU sec, 0.101 real sec
[M::mem_process_seqs] Processed 1001 reads in 0.808 CPU sec, 0.102 real sec
371306 [main] INFO main.java.edu.mit.compbio.bisulfitehic.mapping.Bhmem  - Processing reads 1366000 ...
371306 [main] INFO main.java.edu.mit.compbio.bisulfitehic.mapping.Bhmem  - Unique mapped and paired reads 1353076 ...
371309 [main] INFO main.java.edu.mit.compbio.bisulfitehic.mapping.Bhmem  - Processing reads 1367000 ...
371309 [main] INFO main.java.edu.mit.compbio.bisulfitehic.mapping.Bhmem  - Unique mapped and paired reads 1353076 ...
[M::mem_process_seqs] Processed 1001 reads in 0.789 CPU sec, 0.100 real sec
[M::mem_process_seqs] Processed 1001 reads in 0.707 CPU sec, 0.089 real sec
[M::mem_process_seqs] Processed 1001 reads in 0.794 CPU sec, 0.100 real sec
[M::mem_process_seqs] Processed 1001 reads in 0.780 CPU sec, 0.100 real sec
371832 [main] INFO main.java.edu.mit.compbio.bisulfitehic.mapping.Bhmem  - Processing reads 1368000 ...
371832 [main] INFO main.java.edu.mit.compbio.bisulfitehic.mapping.Bhmem  - Unique mapped and paired reads 1355060 ...
371835 [main] INFO main.java.edu.mit.compbio.bisulfitehic.mapping.Bhmem  - Processing reads 1369000 ...
371835 [main] INFO main.java.edu.mit.compbio.bisulfitehic.mapping.Bhmem  - Unique mapped and paired reads 1355060 ...
[M::mem_process_seqs] Processed 1001 reads in 0.756 CPU sec, 0.097 real sec
[M::mem_process_seqs] Processed 1001 reads in 0.652 CPU sec, 0.083 real sec
[M::mem_process_seqs] Processed 1001 reads in 0.816 CPU sec, 0.104 real sec
[M::mem_process_seqs] Processed 1001 reads in 0.767 CPU sec, 0.097 real sec
372355 [main] INFO main.java.edu.mit.compbio.bisulfitehic.mapping.Bhmem  - Processing reads 1370000 ...
372355 [main] INFO main.java.edu.mit.compbio.bisulfitehic.mapping.Bhmem  - Unique mapped and paired reads 1357050 ...
372358 [main] INFO main.java.edu.mit.compbio.bisulfitehic.mapping.Bhmem  - Processing reads 1371000 ...
372358 [main] INFO main.java.edu.mit.compbio.bisulfitehic.mapping.Bhmem  - Unique mapped and paired reads 1357050 ...
[M::mem_process_seqs] Processed 1001 reads in 0.727 CPU sec, 0.093 real sec
[M::mem_process_seqs] Processed 1001 reads in 0.610 CPU sec, 0.077 real sec
[M::mem_process_seqs] Processed 1001 reads in 0.750 CPU sec, 0.100 real sec
[M::mem_process_seqs] Processed 1001 reads in 0.683 CPU sec, 0.087 real sec
372852 [main] INFO main.java.edu.mit.compbio.bisulfitehic.mapping.Bhmem  - Processing reads 1372000 ...
372852 [main] INFO main.java.edu.mit.compbio.bisulfitehic.mapping.Bhmem  - Unique mapped and paired reads 1359034 ...
372855 [main] INFO main.java.edu.mit.compbio.bisulfitehic.mapping.Bhmem  - Processing reads 1373000 ...
372855 [main] INFO main.java.edu.mit.compbio.bisulfitehic.mapping.Bhmem  - Unique mapped and paired reads 1359034 ...
[M::mem_process_seqs] Processed 1001 reads in 0.782 CPU sec, 0.100 real sec
[M::mem_process_seqs] Processed 1001 reads in 0.680 CPU sec, 0.087 real sec
[M::mem_process_seqs] Processed 1001 reads in 0.821 CPU sec, 0.104 real sec
[M::mem_process_seqs] Processed 1001 reads in 0.827 CPU sec, 0.105 real sec
373388 [main] INFO main.java.edu.mit.compbio.bisulfitehic.mapping.Bhmem  - Processing reads 1374000 ...
373388 [main] INFO main.java.edu.mit.compbio.bisulfitehic.mapping.Bhmem  - Unique mapped and paired reads 1361016 ...
373391 [main] INFO main.java.edu.mit.compbio.bisulfitehic.mapping.Bhmem  - Processing reads 1375000 ...
373391 [main] INFO main.java.edu.mit.compbio.bisulfitehic.mapping.Bhmem  - Unique mapped and paired reads 1361016 ...
[M::mem_process_seqs] Processed 1001 reads in 0.752 CPU sec, 0.095 real sec
[M::mem_process_seqs] Processed 1001 reads in 0.677 CPU sec, 0.085 real sec
[M::mem_process_seqs] Processed 1001 reads in 0.827 CPU sec, 0.108 real sec
[M::mem_process_seqs] Processed 1001 reads in 0.779 CPU sec, 0.099 real sec
373917 [main] INFO main.java.edu.mit.compbio.bisulfitehic.mapping.Bhmem  - Processing reads 1376000 ...
373917 [main] INFO main.java.edu.mit.compbio.bisulfitehic.mapping.Bhmem  - Unique mapped and paired reads 1362990 ...
373920 [main] INFO main.java.edu.mit.compbio.bisulfitehic.mapping.Bhmem  - Processing reads 1377000 ...
373920 [main] INFO main.java.edu.mit.compbio.bisulfitehic.mapping.Bhmem  - Unique mapped and paired reads 1362990 ...
[M::mem_process_seqs] Processed 1001 reads in 0.784 CPU sec, 0.104 real sec
[M::mem_process_seqs] Processed 1001 reads in 0.625 CPU sec, 0.082 real sec
[M::mem_process_seqs] Processed 1001 reads in 0.807 CPU sec, 0.103 real sec
[M::mem_process_seqs] Processed 1001 reads in 0.750 CPU sec, 0.100 real sec
374451 [main] INFO main.java.edu.mit.compbio.bisulfitehic.mapping.Bhmem  - Processing reads 1378000 ...
374451 [main] INFO main.java.edu.mit.compbio.bisulfitehic.mapping.Bhmem  - Unique mapped and paired reads 1364976 ...
374454 [main] INFO main.java.edu.mit.compbio.bisulfitehic.mapping.Bhmem  - Processing reads 1379000 ...
374454 [main] INFO main.java.edu.mit.compbio.bisulfitehic.mapping.Bhmem  - Unique mapped and paired reads 1364976 ...
[M::mem_process_seqs] Processed 1001 reads in 0.748 CPU sec, 0.095 real sec
[M::mem_process_seqs] Processed 1001 reads in 0.678 CPU sec, 0.087 real sec
[M::mem_process_seqs] Processed 1001 reads in 0.788 CPU sec, 0.099 real sec
[M::mem_process_seqs] Processed 1001 reads in 0.811 CPU sec, 0.114 real sec
374992 [main] INFO main.java.edu.mit.compbio.bisulfitehic.mapping.Bhmem  - Processing reads 1380000 ...
374992 [main] INFO main.java.edu.mit.compbio.bisulfitehic.mapping.Bhmem  - Unique mapped and paired reads 1366968 ...
374995 [main] INFO main.java.edu.mit.compbio.bisulfitehic.mapping.Bhmem  - Processing reads 1381000 ...
374995 [main] INFO main.java.edu.mit.compbio.bisulfitehic.mapping.Bhmem  - Unique mapped and paired reads 1366968 ...
[M::mem_process_seqs] Processed 1001 reads in 0.847 CPU sec, 0.107 real sec
[M::mem_process_seqs] Processed 1001 reads in 0.734 CPU sec, 0.094 real sec
[M::mem_process_seqs] Processed 1001 reads in 0.878 CPU sec, 0.111 real sec
[M::mem_process_seqs] Processed 1001 reads in 0.767 CPU sec, 0.097 real sec
375548 [main] INFO main.java.edu.mit.compbio.bisulfitehic.mapping.Bhmem  - Processing reads 1382000 ...
375548 [main] INFO main.java.edu.mit.compbio.bisulfitehic.mapping.Bhmem  - Unique mapped and paired reads 1368956 ...
375551 [main] INFO main.java.edu.mit.compbio.bisulfitehic.mapping.Bhmem  - Processing reads 1383000 ...
375551 [main] INFO main.java.edu.mit.compbio.bisulfitehic.mapping.Bhmem  - Unique mapped and paired reads 1368956 ...
[M::mem_process_seqs] Processed 1001 reads in 0.760 CPU sec, 0.101 real sec
[M::mem_process_seqs] Processed 1001 reads in 0.704 CPU sec, 0.089 real sec
[M::mem_process_seqs] Processed 1001 reads in 0.825 CPU sec, 0.114 real sec
[M::mem_process_seqs] Processed 1001 reads in 0.810 CPU sec, 0.106 real sec
376104 [main] INFO main.java.edu.mit.compbio.bisulfitehic.mapping.Bhmem  - Processing reads 1384000 ...
376104 [main] INFO main.java.edu.mit.compbio.bisulfitehic.mapping.Bhmem  - Unique mapped and paired reads 1370938 ...
376107 [main] INFO main.java.edu.mit.compbio.bisulfitehic.mapping.Bhmem  - Processing reads 1385000 ...
376107 [main] INFO main.java.edu.mit.compbio.bisulfitehic.mapping.Bhmem  - Unique mapped and paired reads 1370938 ...
[M::mem_process_seqs] Processed 1001 reads in 0.750 CPU sec, 0.095 real sec
[M::mem_process_seqs] Processed 1001 reads in 0.623 CPU sec, 0.079 real sec
[M::mem_process_seqs] Processed 1001 reads in 0.759 CPU sec, 0.097 real sec
[M::mem_process_seqs] Processed 1001 reads in 0.703 CPU sec, 0.089 real sec
376614 [main] INFO main.java.edu.mit.compbio.bisulfitehic.mapping.Bhmem  - Processing reads 1386000 ...
376614 [main] INFO main.java.edu.mit.compbio.bisulfitehic.mapping.Bhmem  - Unique mapped and paired reads 1372922 ...
376617 [main] INFO main.java.edu.mit.compbio.bisulfitehic.mapping.Bhmem  - Processing reads 1387000 ...
376617 [main] INFO main.java.edu.mit.compbio.bisulfitehic.mapping.Bhmem  - Unique mapped and paired reads 1372922 ...
[M::mem_process_seqs] Processed 1001 reads in 0.791 CPU sec, 0.101 real sec
[M::mem_process_seqs] Processed 1001 reads in 0.688 CPU sec, 0.095 real sec
[M::mem_process_seqs] Processed 1001 reads in 0.763 CPU sec, 0.096 real sec
[M::mem_process_seqs] Processed 1001 reads in 0.775 CPU sec, 0.099 real sec
377150 [main] INFO main.java.edu.mit.compbio.bisulfitehic.mapping.Bhmem  - Processing reads 1388000 ...
377150 [main] INFO main.java.edu.mit.compbio.bisulfitehic.mapping.Bhmem  - Unique mapped and paired reads 1374912 ...
377153 [main] INFO main.java.edu.mit.compbio.bisulfitehic.mapping.Bhmem  - Processing reads 1389000 ...
377153 [main] INFO main.java.edu.mit.compbio.bisulfitehic.mapping.Bhmem  - Unique mapped and paired reads 1374912 ...
[M::mem_process_seqs] Processed 1001 reads in 0.783 CPU sec, 0.099 real sec
[M::mem_process_seqs] Processed 1001 reads in 0.697 CPU sec, 0.089 real sec
[M::mem_process_seqs] Processed 1001 reads in 0.794 CPU sec, 0.101 real sec
[M::mem_process_seqs] Processed 1001 reads in 0.733 CPU sec, 0.093 real sec
377676 [main] INFO main.java.edu.mit.compbio.bisulfitehic.mapping.Bhmem  - Processing reads 1390000 ...
377676 [main] INFO main.java.edu.mit.compbio.bisulfitehic.mapping.Bhmem  - Unique mapped and paired reads 1376894 ...
377679 [main] INFO main.java.edu.mit.compbio.bisulfitehic.mapping.Bhmem  - Processing reads 1391000 ...
377679 [main] INFO main.java.edu.mit.compbio.bisulfitehic.mapping.Bhmem  - Unique mapped and paired reads 1376894 ...
[M::mem_process_seqs] Processed 1001 reads in 0.729 CPU sec, 0.093 real sec
[M::mem_process_seqs] Processed 1001 reads in 0.656 CPU sec, 0.083 real sec
[M::mem_process_seqs] Processed 1001 reads in 0.746 CPU sec, 0.094 real sec
[M::mem_process_seqs] Processed 1001 reads in 0.774 CPU sec, 0.100 real sec
378190 [main] INFO main.java.edu.mit.compbio.bisulfitehic.mapping.Bhmem  - Processing reads 1392000 ...
378190 [main] INFO main.java.edu.mit.compbio.bisulfitehic.mapping.Bhmem  - Unique mapped and paired reads 1378870 ...
378193 [main] INFO main.java.edu.mit.compbio.bisulfitehic.mapping.Bhmem  - Processing reads 1393000 ...
378193 [main] INFO main.java.edu.mit.compbio.bisulfitehic.mapping.Bhmem  - Unique mapped and paired reads 1378870 ...
[M::mem_process_seqs] Processed 1001 reads in 0.716 CPU sec, 0.092 real sec
[M::mem_process_seqs] Processed 1001 reads in 0.664 CPU sec, 0.086 real sec
[M::mem_process_seqs] Processed 1001 reads in 0.784 CPU sec, 0.102 real sec
[M::mem_process_seqs] Processed 1001 reads in 0.839 CPU sec, 0.106 real sec
378714 [main] INFO main.java.edu.mit.compbio.bisulfitehic.mapping.Bhmem  - Processing reads 1394000 ...
378714 [main] INFO main.java.edu.mit.compbio.bisulfitehic.mapping.Bhmem  - Unique mapped and paired reads 1380850 ...
378717 [main] INFO main.java.edu.mit.compbio.bisulfitehic.mapping.Bhmem  - Processing reads 1395000 ...
378717 [main] INFO main.java.edu.mit.compbio.bisulfitehic.mapping.Bhmem  - Unique mapped and paired reads 1380850 ...
[M::mem_process_seqs] Processed 1001 reads in 0.767 CPU sec, 0.098 real sec
[M::mem_process_seqs] Processed 1001 reads in 0.672 CPU sec, 0.091 real sec
[M::mem_process_seqs] Processed 1001 reads in 0.821 CPU sec, 0.104 real sec
[M::mem_process_seqs] Processed 1001 reads in 0.764 CPU sec, 0.098 real sec
379244 [main] INFO main.java.edu.mit.compbio.bisulfitehic.mapping.Bhmem  - Processing reads 1396000 ...
379244 [main] INFO main.java.edu.mit.compbio.bisulfitehic.mapping.Bhmem  - Unique mapped and paired reads 1382836 ...
379247 [main] INFO main.java.edu.mit.compbio.bisulfitehic.mapping.Bhmem  - Processing reads 1397000 ...
379247 [main] INFO main.java.edu.mit.compbio.bisulfitehic.mapping.Bhmem  - Unique mapped and paired reads 1382836 ...
[M::mem_process_seqs] Processed 1001 reads in 0.806 CPU sec, 0.104 real sec
[M::mem_process_seqs] Processed 1001 reads in 0.694 CPU sec, 0.089 real sec
[M::mem_process_seqs] Processed 1001 reads in 0.782 CPU sec, 0.099 real sec
[M::mem_process_seqs] Processed 1001 reads in 0.879 CPU sec, 0.125 real sec
379811 [main] INFO main.java.edu.mit.compbio.bisulfitehic.mapping.Bhmem  - Processing reads 1398000 ...
379811 [main] INFO main.java.edu.mit.compbio.bisulfitehic.mapping.Bhmem  - Unique mapped and paired reads 1384826 ...
379814 [main] INFO main.java.edu.mit.compbio.bisulfitehic.mapping.Bhmem  - Processing reads 1399000 ...
379814 [main] INFO main.java.edu.mit.compbio.bisulfitehic.mapping.Bhmem  - Unique mapped and paired reads 1384826 ...
[M::mem_process_seqs] Processed 1001 reads in 0.767 CPU sec, 0.098 real sec
[M::mem_process_seqs] Processed 1001 reads in 0.639 CPU sec, 0.092 real sec
[M::mem_process_seqs] Processed 1001 reads in 0.837 CPU sec, 0.115 real sec
[M::mem_process_seqs] Processed 1001 reads in 0.751 CPU sec, 0.103 real sec
380364 [main] INFO main.java.edu.mit.compbio.bisulfitehic.mapping.Bhmem  - Processing reads 1400000 ...
380364 [main] INFO main.java.edu.mit.compbio.bisulfitehic.mapping.Bhmem  - Unique mapped and paired reads 1386814 ...
380368 [main] INFO main.java.edu.mit.compbio.bisulfitehic.mapping.Bhmem  - Processing reads 1401000 ...
380368 [main] INFO main.java.edu.mit.compbio.bisulfitehic.mapping.Bhmem  - Unique mapped and paired reads 1386814 ...
[M::mem_process_seqs] Processed 1001 reads in 0.747 CPU sec, 0.095 real sec
[M::mem_process_seqs] Processed 1001 reads in 0.648 CPU sec, 0.083 real sec
[M::mem_process_seqs] Processed 1001 reads in 0.749 CPU sec, 0.098 real sec
[M::mem_process_seqs] Processed 1001 reads in 0.722 CPU sec, 0.093 real sec
380874 [main] INFO main.java.edu.mit.compbio.bisulfitehic.mapping.Bhmem  - Processing reads 1402000 ...
380874 [main] INFO main.java.edu.mit.compbio.bisulfitehic.mapping.Bhmem  - Unique mapped and paired reads 1388798 ...
380877 [main] INFO main.java.edu.mit.compbio.bisulfitehic.mapping.Bhmem  - Processing reads 1403000 ...
380877 [main] INFO main.java.edu.mit.compbio.bisulfitehic.mapping.Bhmem  - Unique mapped and paired reads 1388798 ...
[M::mem_process_seqs] Processed 1001 reads in 0.729 CPU sec, 0.093 real sec
[M::mem_process_seqs] Processed 1001 reads in 0.665 CPU sec, 0.084 real sec
[M::mem_process_seqs] Processed 1001 reads in 0.807 CPU sec, 0.111 real sec
[M::mem_process_seqs] Processed 1001 reads in 0.803 CPU sec, 0.105 real sec
381415 [main] INFO main.java.edu.mit.compbio.bisulfitehic.mapping.Bhmem  - Processing reads 1404000 ...
381415 [main] INFO main.java.edu.mit.compbio.bisulfitehic.mapping.Bhmem  - Unique mapped and paired reads 1390784 ...
381418 [main] INFO main.java.edu.mit.compbio.bisulfitehic.mapping.Bhmem  - Processing reads 1405000 ...
381418 [main] INFO main.java.edu.mit.compbio.bisulfitehic.mapping.Bhmem  - Unique mapped and paired reads 1390784 ...
[M::mem_process_seqs] Processed 1001 reads in 0.770 CPU sec, 0.097 real sec
[M::mem_process_seqs] Processed 1001 reads in 0.691 CPU sec, 0.089 real sec
[M::mem_process_seqs] Processed 1001 reads in 0.805 CPU sec, 0.103 real sec
[M::mem_process_seqs] Processed 1001 reads in 0.776 CPU sec, 0.098 real sec
382034 [main] INFO main.java.edu.mit.compbio.bisulfitehic.mapping.Bhmem  - Processing reads 1406000 ...
382034 [main] INFO main.java.edu.mit.compbio.bisulfitehic.mapping.Bhmem  - Unique mapped and paired reads 1392762 ...
382037 [main] INFO main.java.edu.mit.compbio.bisulfitehic.mapping.Bhmem  - Processing reads 1407000 ...
382037 [main] INFO main.java.edu.mit.compbio.bisulfitehic.mapping.Bhmem  - Unique mapped and paired reads 1392762 ...
[M::mem_process_seqs] Processed 1001 reads in 0.769 CPU sec, 0.100 real sec
[M::mem_process_seqs] Processed 1001 reads in 0.696 CPU sec, 0.088 real sec
[M::mem_process_seqs] Processed 1001 reads in 0.805 CPU sec, 0.111 real sec
[M::mem_process_seqs] Processed 1001 reads in 0.831 CPU sec, 0.105 real sec
382583 [main] INFO main.java.edu.mit.compbio.bisulfitehic.mapping.Bhmem  - Processing reads 1408000 ...
382583 [main] INFO main.java.edu.mit.compbio.bisulfitehic.mapping.Bhmem  - Unique mapped and paired reads 1394746 ...
382586 [main] INFO main.java.edu.mit.compbio.bisulfitehic.mapping.Bhmem  - Processing reads 1409000 ...
382586 [main] INFO main.java.edu.mit.compbio.bisulfitehic.mapping.Bhmem  - Unique mapped and paired reads 1394746 ...
[M::mem_process_seqs] Processed 1001 reads in 0.778 CPU sec, 0.100 real sec
[M::mem_process_seqs] Processed 1001 reads in 0.660 CPU sec, 0.085 real sec
[M::mem_process_seqs] Processed 1001 reads in 0.846 CPU sec, 0.113 real sec
[M::mem_process_seqs] Processed 1001 reads in 0.827 CPU sec, 0.120 real sec
383153 [main] INFO main.java.edu.mit.compbio.bisulfitehic.mapping.Bhmem  - Processing reads 1410000 ...
383153 [main] INFO main.java.edu.mit.compbio.bisulfitehic.mapping.Bhmem  - Unique mapped and paired reads 1396738 ...
383156 [main] INFO main.java.edu.mit.compbio.bisulfitehic.mapping.Bhmem  - Processing reads 1411000 ...
383156 [main] INFO main.java.edu.mit.compbio.bisulfitehic.mapping.Bhmem  - Unique mapped and paired reads 1396738 ...
[M::mem_process_seqs] Processed 1001 reads in 0.847 CPU sec, 0.119 real sec
[M::mem_process_seqs] Processed 1001 reads in 0.752 CPU sec, 0.098 real sec
[M::mem_process_seqs] Processed 1001 reads in 0.832 CPU sec, 0.107 real sec
[M::mem_process_seqs] Processed 1001 reads in 0.788 CPU sec, 0.100 real sec
383725 [main] INFO main.java.edu.mit.compbio.bisulfitehic.mapping.Bhmem  - Processing reads 1412000 ...
383726 [main] INFO main.java.edu.mit.compbio.bisulfitehic.mapping.Bhmem  - Unique mapped and paired reads 1398728 ...
383729 [main] INFO main.java.edu.mit.compbio.bisulfitehic.mapping.Bhmem  - Processing reads 1413000 ...
383729 [main] INFO main.java.edu.mit.compbio.bisulfitehic.mapping.Bhmem  - Unique mapped and paired reads 1398728 ...
[M::mem_process_seqs] Processed 1001 reads in 0.836 CPU sec, 0.107 real sec
[M::mem_process_seqs] Processed 1001 reads in 0.746 CPU sec, 0.094 real sec
[M::mem_process_seqs] Processed 1001 reads in 0.846 CPU sec, 0.108 real sec
[M::mem_process_seqs] Processed 1001 reads in 0.878 CPU sec, 0.112 real sec
384297 [main] INFO main.java.edu.mit.compbio.bisulfitehic.mapping.Bhmem  - Processing reads 1414000 ...
384297 [main] INFO main.java.edu.mit.compbio.bisulfitehic.mapping.Bhmem  - Unique mapped and paired reads 1400714 ...
384300 [main] INFO main.java.edu.mit.compbio.bisulfitehic.mapping.Bhmem  - Processing reads 1415000 ...
384300 [main] INFO main.java.edu.mit.compbio.bisulfitehic.mapping.Bhmem  - Unique mapped and paired reads 1400714 ...
[M::mem_process_seqs] Processed 1001 reads in 0.769 CPU sec, 0.098 real sec
[M::mem_process_seqs] Processed 1001 reads in 0.712 CPU sec, 0.090 real sec
[M::mem_process_seqs] Processed 1001 reads in 0.776 CPU sec, 0.101 real sec
[M::mem_process_seqs] Processed 1001 reads in 0.813 CPU sec, 0.111 real sec
384850 [main] INFO main.java.edu.mit.compbio.bisulfitehic.mapping.Bhmem  - Processing reads 1416000 ...
384850 [main] INFO main.java.edu.mit.compbio.bisulfitehic.mapping.Bhmem  - Unique mapped and paired reads 1402700 ...
384853 [main] INFO main.java.edu.mit.compbio.bisulfitehic.mapping.Bhmem  - Processing reads 1417000 ...
384853 [main] INFO main.java.edu.mit.compbio.bisulfitehic.mapping.Bhmem  - Unique mapped and paired reads 1402700 ...
[M::mem_process_seqs] Processed 1001 reads in 0.818 CPU sec, 0.104 real sec
[M::mem_process_seqs] Processed 1001 reads in 0.669 CPU sec, 0.086 real sec
[M::mem_process_seqs] Processed 1001 reads in 0.862 CPU sec, 0.109 real sec
[M::mem_process_seqs] Processed 1001 reads in 0.827 CPU sec, 0.106 real sec
385400 [main] INFO main.java.edu.mit.compbio.bisulfitehic.mapping.Bhmem  - Processing reads 1418000 ...
385400 [main] INFO main.java.edu.mit.compbio.bisulfitehic.mapping.Bhmem  - Unique mapped and paired reads 1404690 ...
385403 [main] INFO main.java.edu.mit.compbio.bisulfitehic.mapping.Bhmem  - Processing reads 1419000 ...
385403 [main] INFO main.java.edu.mit.compbio.bisulfitehic.mapping.Bhmem  - Unique mapped and paired reads 1404690 ...
[M::mem_process_seqs] Processed 1001 reads in 0.777 CPU sec, 0.101 real sec
[M::mem_process_seqs] Processed 1001 reads in 0.697 CPU sec, 0.094 real sec
[M::mem_process_seqs] Processed 1001 reads in 0.823 CPU sec, 0.106 real sec
[M::mem_process_seqs] Processed 1001 reads in 0.820 CPU sec, 0.104 real sec
385952 [main] INFO main.java.edu.mit.compbio.bisulfitehic.mapping.Bhmem  - Processing reads 1420000 ...
385952 [main] INFO main.java.edu.mit.compbio.bisulfitehic.mapping.Bhmem  - Unique mapped and paired reads 1406666 ...
385955 [main] INFO main.java.edu.mit.compbio.bisulfitehic.mapping.Bhmem  - Processing reads 1421000 ...
385955 [main] INFO main.java.edu.mit.compbio.bisulfitehic.mapping.Bhmem  - Unique mapped and paired reads 1406666 ...
[M::mem_process_seqs] Processed 1001 reads in 0.787 CPU sec, 0.100 real sec
[M::mem_process_seqs] Processed 1001 reads in 0.719 CPU sec, 0.092 real sec
[M::mem_process_seqs] Processed 1001 reads in 0.787 CPU sec, 0.100 real sec
[M::mem_process_seqs] Processed 1001 reads in 0.817 CPU sec, 0.106 real sec
386506 [main] INFO main.java.edu.mit.compbio.bisulfitehic.mapping.Bhmem  - Processing reads 1422000 ...
386506 [main] INFO main.java.edu.mit.compbio.bisulfitehic.mapping.Bhmem  - Unique mapped and paired reads 1408648 ...
386509 [main] INFO main.java.edu.mit.compbio.bisulfitehic.mapping.Bhmem  - Processing reads 1423000 ...
386509 [main] INFO main.java.edu.mit.compbio.bisulfitehic.mapping.Bhmem  - Unique mapped and paired reads 1408648 ...
[M::mem_process_seqs] Processed 1001 reads in 0.755 CPU sec, 0.096 real sec
[M::mem_process_seqs] Processed 1001 reads in 0.657 CPU sec, 0.083 real sec
[M::mem_process_seqs] Processed 1001 reads in 0.823 CPU sec, 0.107 real sec
[M::mem_process_seqs] Processed 1001 reads in 0.811 CPU sec, 0.103 real sec
387040 [main] INFO main.java.edu.mit.compbio.bisulfitehic.mapping.Bhmem  - Processing reads 1424000 ...
387040 [main] INFO main.java.edu.mit.compbio.bisulfitehic.mapping.Bhmem  - Unique mapped and paired reads 1410636 ...
387043 [main] INFO main.java.edu.mit.compbio.bisulfitehic.mapping.Bhmem  - Processing reads 1425000 ...
387043 [main] INFO main.java.edu.mit.compbio.bisulfitehic.mapping.Bhmem  - Unique mapped and paired reads 1410636 ...
[M::mem_process_seqs] Processed 1001 reads in 0.807 CPU sec, 0.106 real sec
[M::mem_process_seqs] Processed 1001 reads in 0.708 CPU sec, 0.091 real sec
[M::mem_process_seqs] Processed 1001 reads in 0.929 CPU sec, 0.120 real sec
[M::mem_process_seqs] Processed 1001 reads in 0.880 CPU sec, 0.118 real sec
387631 [main] INFO main.java.edu.mit.compbio.bisulfitehic.mapping.Bhmem  - Processing reads 1426000 ...
387631 [main] INFO main.java.edu.mit.compbio.bisulfitehic.mapping.Bhmem  - Unique mapped and paired reads 1412620 ...
387634 [main] INFO main.java.edu.mit.compbio.bisulfitehic.mapping.Bhmem  - Processing reads 1427000 ...
387634 [main] INFO main.java.edu.mit.compbio.bisulfitehic.mapping.Bhmem  - Unique mapped and paired reads 1412620 ...
[M::mem_process_seqs] Processed 1001 reads in 0.784 CPU sec, 0.102 real sec
[M::mem_process_seqs] Processed 1001 reads in 0.724 CPU sec, 0.091 real sec
[M::mem_process_seqs] Processed 1001 reads in 0.886 CPU sec, 0.112 real sec
[M::mem_process_seqs] Processed 1001 reads in 0.900 CPU sec, 0.119 real sec
388213 [main] INFO main.java.edu.mit.compbio.bisulfitehic.mapping.Bhmem  - Processing reads 1428000 ...
388213 [main] INFO main.java.edu.mit.compbio.bisulfitehic.mapping.Bhmem  - Unique mapped and paired reads 1414614 ...
388216 [main] INFO main.java.edu.mit.compbio.bisulfitehic.mapping.Bhmem  - Processing reads 1429000 ...
388216 [main] INFO main.java.edu.mit.compbio.bisulfitehic.mapping.Bhmem  - Unique mapped and paired reads 1414614 ...
[M::mem_process_seqs] Processed 1001 reads in 0.758 CPU sec, 0.096 real sec
[M::mem_process_seqs] Processed 1001 reads in 0.701 CPU sec, 0.090 real sec
[M::mem_process_seqs] Processed 1001 reads in 0.913 CPU sec, 0.115 real sec
[M::mem_process_seqs] Processed 1001 reads in 0.897 CPU sec, 0.113 real sec
388782 [main] INFO main.java.edu.mit.compbio.bisulfitehic.mapping.Bhmem  - Processing reads 1430000 ...
388782 [main] INFO main.java.edu.mit.compbio.bisulfitehic.mapping.Bhmem  - Unique mapped and paired reads 1416602 ...
388785 [main] INFO main.java.edu.mit.compbio.bisulfitehic.mapping.Bhmem  - Processing reads 1431000 ...
388785 [main] INFO main.java.edu.mit.compbio.bisulfitehic.mapping.Bhmem  - Unique mapped and paired reads 1416602 ...
[M::mem_process_seqs] Processed 1001 reads in 0.914 CPU sec, 0.117 real sec
[M::mem_process_seqs] Processed 1001 reads in 0.779 CPU sec, 0.098 real sec
[M::mem_process_seqs] Processed 1001 reads in 1.062 CPU sec, 0.135 real sec
[M::mem_process_seqs] Processed 1001 reads in 1.044 CPU sec, 0.134 real sec
389423 [main] INFO main.java.edu.mit.compbio.bisulfitehic.mapping.Bhmem  - Processing reads 1432000 ...
389423 [main] INFO main.java.edu.mit.compbio.bisulfitehic.mapping.Bhmem  - Unique mapped and paired reads 1418584 ...
389426 [main] INFO main.java.edu.mit.compbio.bisulfitehic.mapping.Bhmem  - Processing reads 1433000 ...
389426 [main] INFO main.java.edu.mit.compbio.bisulfitehic.mapping.Bhmem  - Unique mapped and paired reads 1418584 ...
[M::mem_process_seqs] Processed 1001 reads in 0.815 CPU sec, 0.103 real sec
[M::mem_process_seqs] Processed 1001 reads in 0.766 CPU sec, 0.105 real sec
[M::mem_process_seqs] Processed 1001 reads in 0.960 CPU sec, 0.122 real sec
[M::mem_process_seqs] Processed 1001 reads in 0.970 CPU sec, 0.123 real sec
[M::mem_process_seqs] Processed 208 reads in 0.278 CPU sec, 0.043 real sec
[M::mem_process_seqs] Processed 208 reads in 0.190 CPU sec, 0.025 real sec
[M::mem_process_seqs] Processed 208 reads in 0.199 CPU sec, 0.032 real sec
[M::mem_process_seqs] Processed 208 reads in 0.213 CPU sec, 0.027 real sec
390216 [main] INFO main.java.edu.mit.compbio.bisulfitehic.mapping.Bhmem  - 1433848 reads in total
390272 [main] INFO main.java.edu.mit.compbio.bisulfitehic.mapping.Bhmem  - Unique Mapped and paired 1420984 reads (99.10%)
390273 [main] INFO main.java.edu.mit.compbio.bisulfitehic.mapping.Bhmem  - Bhmem's running time is: 390.22 secs, 6.50 mins, 0.11 hours
