0 [main] INFO main.java.edu.mit.compbio.bisulfitehic.mapping.Bhmem  - Parsing input -enzymeList bed file ...
[M::bwa_idx_load_from_disk] read 0 ALT contigs
[M::bwa_idx_load_from_disk] read 0 ALT contigs
19427 [main] INFO main.java.edu.mit.compbio.bisulfitehic.mapping.Bhmem  - Processing reads 1000 ...
19427 [main] INFO main.java.edu.mit.compbio.bisulfitehic.mapping.Bhmem  - Unique mapped and paired reads 0 ...
19436 [main] INFO main.java.edu.mit.compbio.bisulfitehic.mapping.Bhmem  - Processing reads 2000 ...
19436 [main] INFO main.java.edu.mit.compbio.bisulfitehic.mapping.Bhmem  - Unique mapped and paired reads 0 ...
[M::mem_process_seqs] Processed 1001 reads in 0.611 CPU sec, 0.078 real sec
[M::mem_process_seqs] Processed 1001 reads in 0.580 CPU sec, 0.086 real sec
[M::mem_process_seqs] Processed 1001 reads in 0.670 CPU sec, 0.087 real sec
[M::mem_process_seqs] Processed 1001 reads in 0.585 CPU sec, 0.075 real sec
20104 [main] INFO main.java.edu.mit.compbio.bisulfitehic.mapping.Bhmem  - Processing reads 3000 ...
20104 [main] INFO main.java.edu.mit.compbio.bisulfitehic.mapping.Bhmem  - Unique mapped and paired reads 1986 ...
20108 [main] INFO main.java.edu.mit.compbio.bisulfitehic.mapping.Bhmem  - Processing reads 4000 ...
20108 [main] INFO main.java.edu.mit.compbio.bisulfitehic.mapping.Bhmem  - Unique mapped and paired reads 1986 ...
[M::mem_process_seqs] Processed 1001 reads in 0.678 CPU sec, 0.088 real sec
[M::mem_process_seqs] Processed 1001 reads in 0.581 CPU sec, 0.076 real sec
[M::mem_process_seqs] Processed 1001 reads in 0.658 CPU sec, 0.090 real sec
[M::mem_process_seqs] Processed 1001 reads in 0.676 CPU sec, 0.099 real sec
20649 [main] INFO main.java.edu.mit.compbio.bisulfitehic.mapping.Bhmem  - Processing reads 5000 ...
20649 [main] INFO main.java.edu.mit.compbio.bisulfitehic.mapping.Bhmem  - Unique mapped and paired reads 3972 ...
20652 [main] INFO main.java.edu.mit.compbio.bisulfitehic.mapping.Bhmem  - Processing reads 6000 ...
20652 [main] INFO main.java.edu.mit.compbio.bisulfitehic.mapping.Bhmem  - Unique mapped and paired reads 3972 ...
[M::mem_process_seqs] Processed 1001 reads in 0.860 CPU sec, 0.108 real sec
[M::mem_process_seqs] Processed 1001 reads in 0.733 CPU sec, 0.093 real sec
[M::mem_process_seqs] Processed 1001 reads in 0.808 CPU sec, 0.103 real sec
[M::mem_process_seqs] Processed 1001 reads in 0.630 CPU sec, 0.089 real sec
21191 [main] INFO main.java.edu.mit.compbio.bisulfitehic.mapping.Bhmem  - Processing reads 7000 ...
21191 [main] INFO main.java.edu.mit.compbio.bisulfitehic.mapping.Bhmem  - Unique mapped and paired reads 5952 ...
21194 [main] INFO main.java.edu.mit.compbio.bisulfitehic.mapping.Bhmem  - Processing reads 8000 ...
21194 [main] INFO main.java.edu.mit.compbio.bisulfitehic.mapping.Bhmem  - Unique mapped and paired reads 5952 ...
[M::mem_process_seqs] Processed 1001 reads in 0.869 CPU sec, 0.116 real sec
[M::mem_process_seqs] Processed 1001 reads in 0.663 CPU sec, 0.084 real sec
[M::mem_process_seqs] Processed 1001 reads in 0.739 CPU sec, 0.094 real sec
[M::mem_process_seqs] Processed 1001 reads in 0.653 CPU sec, 0.084 real sec
21693 [main] INFO main.java.edu.mit.compbio.bisulfitehic.mapping.Bhmem  - Processing reads 9000 ...
21693 [main] INFO main.java.edu.mit.compbio.bisulfitehic.mapping.Bhmem  - Unique mapped and paired reads 7928 ...
21696 [main] INFO main.java.edu.mit.compbio.bisulfitehic.mapping.Bhmem  - Processing reads 10000 ...
21696 [main] INFO main.java.edu.mit.compbio.bisulfitehic.mapping.Bhmem  - Unique mapped and paired reads 7928 ...
[M::mem_process_seqs] Processed 1001 reads in 0.832 CPU sec, 0.110 real sec
[M::mem_process_seqs] Processed 1001 reads in 0.765 CPU sec, 0.103 real sec
[M::mem_process_seqs] Processed 1001 reads in 0.903 CPU sec, 0.114 real sec
[M::mem_process_seqs] Processed 1001 reads in 0.721 CPU sec, 0.092 real sec
22249 [main] INFO main.java.edu.mit.compbio.bisulfitehic.mapping.Bhmem  - Processing reads 11000 ...
22249 [main] INFO main.java.edu.mit.compbio.bisulfitehic.mapping.Bhmem  - Unique mapped and paired reads 9912 ...
22254 [main] INFO main.java.edu.mit.compbio.bisulfitehic.mapping.Bhmem  - Processing reads 12000 ...
22254 [main] INFO main.java.edu.mit.compbio.bisulfitehic.mapping.Bhmem  - Unique mapped and paired reads 9912 ...
[M::mem_process_seqs] Processed 1001 reads in 0.783 CPU sec, 0.105 real sec
[M::mem_process_seqs] Processed 1001 reads in 0.662 CPU sec, 0.084 real sec
[M::mem_process_seqs] Processed 1001 reads in 0.726 CPU sec, 0.092 real sec
[M::mem_process_seqs] Processed 1001 reads in 0.667 CPU sec, 0.085 real sec
22740 [main] INFO main.java.edu.mit.compbio.bisulfitehic.mapping.Bhmem  - Processing reads 13000 ...
22740 [main] INFO main.java.edu.mit.compbio.bisulfitehic.mapping.Bhmem  - Unique mapped and paired reads 11910 ...
22743 [main] INFO main.java.edu.mit.compbio.bisulfitehic.mapping.Bhmem  - Processing reads 14000 ...
22743 [main] INFO main.java.edu.mit.compbio.bisulfitehic.mapping.Bhmem  - Unique mapped and paired reads 11910 ...
[M::mem_process_seqs] Processed 1001 reads in 0.702 CPU sec, 0.092 real sec
[M::mem_process_seqs] Processed 1001 reads in 0.633 CPU sec, 0.082 real sec
[M::mem_process_seqs] Processed 1001 reads in 0.717 CPU sec, 0.093 real sec
[M::mem_process_seqs] Processed 1001 reads in 0.677 CPU sec, 0.086 real sec
23215 [main] INFO main.java.edu.mit.compbio.bisulfitehic.mapping.Bhmem  - Processing reads 15000 ...
23215 [main] INFO main.java.edu.mit.compbio.bisulfitehic.mapping.Bhmem  - Unique mapped and paired reads 13890 ...
23218 [main] INFO main.java.edu.mit.compbio.bisulfitehic.mapping.Bhmem  - Processing reads 16000 ...
23218 [main] INFO main.java.edu.mit.compbio.bisulfitehic.mapping.Bhmem  - Unique mapped and paired reads 13890 ...
[M::mem_process_seqs] Processed 1001 reads in 0.761 CPU sec, 0.097 real sec
[M::mem_process_seqs] Processed 1001 reads in 0.646 CPU sec, 0.086 real sec
[M::mem_process_seqs] Processed 1001 reads in 0.803 CPU sec, 0.103 real sec
[M::mem_process_seqs] Processed 1001 reads in 0.719 CPU sec, 0.091 real sec
23712 [main] INFO main.java.edu.mit.compbio.bisulfitehic.mapping.Bhmem  - Processing reads 17000 ...
23712 [main] INFO main.java.edu.mit.compbio.bisulfitehic.mapping.Bhmem  - Unique mapped and paired reads 15878 ...
23715 [main] INFO main.java.edu.mit.compbio.bisulfitehic.mapping.Bhmem  - Processing reads 18000 ...
23715 [main] INFO main.java.edu.mit.compbio.bisulfitehic.mapping.Bhmem  - Unique mapped and paired reads 15878 ...
[M::mem_process_seqs] Processed 1001 reads in 0.746 CPU sec, 0.095 real sec
[M::mem_process_seqs] Processed 1001 reads in 0.642 CPU sec, 0.087 real sec
[M::mem_process_seqs] Processed 1001 reads in 0.789 CPU sec, 0.101 real sec
[M::mem_process_seqs] Processed 1001 reads in 0.725 CPU sec, 0.092 real sec
24208 [main] INFO main.java.edu.mit.compbio.bisulfitehic.mapping.Bhmem  - Processing reads 19000 ...
24208 [main] INFO main.java.edu.mit.compbio.bisulfitehic.mapping.Bhmem  - Unique mapped and paired reads 17874 ...
24211 [main] INFO main.java.edu.mit.compbio.bisulfitehic.mapping.Bhmem  - Processing reads 20000 ...
24211 [main] INFO main.java.edu.mit.compbio.bisulfitehic.mapping.Bhmem  - Unique mapped and paired reads 17874 ...
[M::mem_process_seqs] Processed 1001 reads in 0.622 CPU sec, 0.080 real sec
[M::mem_process_seqs] Processed 1001 reads in 0.532 CPU sec, 0.073 real sec
[M::mem_process_seqs] Processed 1001 reads in 0.629 CPU sec, 0.079 real sec
[M::mem_process_seqs] Processed 1001 reads in 0.640 CPU sec, 0.099 real sec
24664 [main] INFO main.java.edu.mit.compbio.bisulfitehic.mapping.Bhmem  - Processing reads 21000 ...
24664 [main] INFO main.java.edu.mit.compbio.bisulfitehic.mapping.Bhmem  - Unique mapped and paired reads 19856 ...
24667 [main] INFO main.java.edu.mit.compbio.bisulfitehic.mapping.Bhmem  - Processing reads 22000 ...
24667 [main] INFO main.java.edu.mit.compbio.bisulfitehic.mapping.Bhmem  - Unique mapped and paired reads 19856 ...
[M::mem_process_seqs] Processed 1001 reads in 0.645 CPU sec, 0.083 real sec
[M::mem_process_seqs] Processed 1001 reads in 0.528 CPU sec, 0.074 real sec
[M::mem_process_seqs] Processed 1001 reads in 0.646 CPU sec, 0.084 real sec
[M::mem_process_seqs] Processed 1001 reads in 0.611 CPU sec, 0.078 real sec
25099 [main] INFO main.java.edu.mit.compbio.bisulfitehic.mapping.Bhmem  - Processing reads 23000 ...
25099 [main] INFO main.java.edu.mit.compbio.bisulfitehic.mapping.Bhmem  - Unique mapped and paired reads 21842 ...
25102 [main] INFO main.java.edu.mit.compbio.bisulfitehic.mapping.Bhmem  - Processing reads 24000 ...
25102 [main] INFO main.java.edu.mit.compbio.bisulfitehic.mapping.Bhmem  - Unique mapped and paired reads 21842 ...
[M::mem_process_seqs] Processed 1001 reads in 0.677 CPU sec, 0.086 real sec
[M::mem_process_seqs] Processed 1001 reads in 0.575 CPU sec, 0.073 real sec
[M::mem_process_seqs] Processed 1001 reads in 0.691 CPU sec, 0.095 real sec
[M::mem_process_seqs] Processed 1001 reads in 0.671 CPU sec, 0.091 real sec
25577 [main] INFO main.java.edu.mit.compbio.bisulfitehic.mapping.Bhmem  - Processing reads 25000 ...
25577 [main] INFO main.java.edu.mit.compbio.bisulfitehic.mapping.Bhmem  - Unique mapped and paired reads 23840 ...
25580 [main] INFO main.java.edu.mit.compbio.bisulfitehic.mapping.Bhmem  - Processing reads 26000 ...
25580 [main] INFO main.java.edu.mit.compbio.bisulfitehic.mapping.Bhmem  - Unique mapped and paired reads 23840 ...
[M::mem_process_seqs] Processed 1001 reads in 0.664 CPU sec, 0.084 real sec
[M::mem_process_seqs] Processed 1001 reads in 0.537 CPU sec, 0.069 real sec
[M::mem_process_seqs] Processed 1001 reads in 0.698 CPU sec, 0.088 real sec
[M::mem_process_seqs] Processed 1001 reads in 0.632 CPU sec, 0.082 real sec
26020 [main] INFO main.java.edu.mit.compbio.bisulfitehic.mapping.Bhmem  - Processing reads 27000 ...
26020 [main] INFO main.java.edu.mit.compbio.bisulfitehic.mapping.Bhmem  - Unique mapped and paired reads 25822 ...
26023 [main] INFO main.java.edu.mit.compbio.bisulfitehic.mapping.Bhmem  - Processing reads 28000 ...
26023 [main] INFO main.java.edu.mit.compbio.bisulfitehic.mapping.Bhmem  - Unique mapped and paired reads 25822 ...
[M::mem_process_seqs] Processed 1001 reads in 0.637 CPU sec, 0.084 real sec
[M::mem_process_seqs] Processed 1001 reads in 0.558 CPU sec, 0.073 real sec
[M::mem_process_seqs] Processed 1001 reads in 0.652 CPU sec, 0.083 real sec
[M::mem_process_seqs] Processed 1001 reads in 0.619 CPU sec, 0.078 real sec
26454 [main] INFO main.java.edu.mit.compbio.bisulfitehic.mapping.Bhmem  - Processing reads 29000 ...
26454 [main] INFO main.java.edu.mit.compbio.bisulfitehic.mapping.Bhmem  - Unique mapped and paired reads 27814 ...
26457 [main] INFO main.java.edu.mit.compbio.bisulfitehic.mapping.Bhmem  - Processing reads 30000 ...
26457 [main] INFO main.java.edu.mit.compbio.bisulfitehic.mapping.Bhmem  - Unique mapped and paired reads 27814 ...
[M::mem_process_seqs] Processed 1001 reads in 0.605 CPU sec, 0.077 real sec
[M::mem_process_seqs] Processed 1001 reads in 0.560 CPU sec, 0.076 real sec
[M::mem_process_seqs] Processed 1001 reads in 0.612 CPU sec, 0.078 real sec
[M::mem_process_seqs] Processed 1001 reads in 0.563 CPU sec, 0.071 real sec
26874 [main] INFO main.java.edu.mit.compbio.bisulfitehic.mapping.Bhmem  - Processing reads 31000 ...
26874 [main] INFO main.java.edu.mit.compbio.bisulfitehic.mapping.Bhmem  - Unique mapped and paired reads 29798 ...
26877 [main] INFO main.java.edu.mit.compbio.bisulfitehic.mapping.Bhmem  - Processing reads 32000 ...
26877 [main] INFO main.java.edu.mit.compbio.bisulfitehic.mapping.Bhmem  - Unique mapped and paired reads 29798 ...
[M::mem_process_seqs] Processed 1001 reads in 0.695 CPU sec, 0.088 real sec
[M::mem_process_seqs] Processed 1001 reads in 0.582 CPU sec, 0.074 real sec
[M::mem_process_seqs] Processed 1001 reads in 0.696 CPU sec, 0.090 real sec
[M::mem_process_seqs] Processed 1001 reads in 0.653 CPU sec, 0.084 real sec
27329 [main] INFO main.java.edu.mit.compbio.bisulfitehic.mapping.Bhmem  - Processing reads 33000 ...
27330 [main] INFO main.java.edu.mit.compbio.bisulfitehic.mapping.Bhmem  - Unique mapped and paired reads 31778 ...
27332 [main] INFO main.java.edu.mit.compbio.bisulfitehic.mapping.Bhmem  - Processing reads 34000 ...
27332 [main] INFO main.java.edu.mit.compbio.bisulfitehic.mapping.Bhmem  - Unique mapped and paired reads 31778 ...
[M::mem_process_seqs] Processed 1001 reads in 0.635 CPU sec, 0.083 real sec
[M::mem_process_seqs] Processed 1001 reads in 0.541 CPU sec, 0.071 real sec
[M::mem_process_seqs] Processed 1001 reads in 0.670 CPU sec, 0.085 real sec
[M::mem_process_seqs] Processed 1001 reads in 0.651 CPU sec, 0.087 real sec
27778 [main] INFO main.java.edu.mit.compbio.bisulfitehic.mapping.Bhmem  - Processing reads 35000 ...
27778 [main] INFO main.java.edu.mit.compbio.bisulfitehic.mapping.Bhmem  - Unique mapped and paired reads 33768 ...
27781 [main] INFO main.java.edu.mit.compbio.bisulfitehic.mapping.Bhmem  - Processing reads 36000 ...
27781 [main] INFO main.java.edu.mit.compbio.bisulfitehic.mapping.Bhmem  - Unique mapped and paired reads 33768 ...
[M::mem_process_seqs] Processed 1001 reads in 0.680 CPU sec, 0.088 real sec
[M::mem_process_seqs] Processed 1001 reads in 0.618 CPU sec, 0.082 real sec
[M::mem_process_seqs] Processed 1001 reads in 0.729 CPU sec, 0.096 real sec
[M::mem_process_seqs] Processed 1001 reads in 0.700 CPU sec, 0.094 real sec
28263 [main] INFO main.java.edu.mit.compbio.bisulfitehic.mapping.Bhmem  - Processing reads 37000 ...
28263 [main] INFO main.java.edu.mit.compbio.bisulfitehic.mapping.Bhmem  - Unique mapped and paired reads 35760 ...
28266 [main] INFO main.java.edu.mit.compbio.bisulfitehic.mapping.Bhmem  - Processing reads 38000 ...
28266 [main] INFO main.java.edu.mit.compbio.bisulfitehic.mapping.Bhmem  - Unique mapped and paired reads 35760 ...
[M::mem_process_seqs] Processed 1001 reads in 0.671 CPU sec, 0.085 real sec
[M::mem_process_seqs] Processed 1001 reads in 0.559 CPU sec, 0.073 real sec
[M::mem_process_seqs] Processed 1001 reads in 0.638 CPU sec, 0.081 real sec
[M::mem_process_seqs] Processed 1001 reads in 0.644 CPU sec, 0.083 real sec
28706 [main] INFO main.java.edu.mit.compbio.bisulfitehic.mapping.Bhmem  - Processing reads 39000 ...
28706 [main] INFO main.java.edu.mit.compbio.bisulfitehic.mapping.Bhmem  - Unique mapped and paired reads 37752 ...
28709 [main] INFO main.java.edu.mit.compbio.bisulfitehic.mapping.Bhmem  - Processing reads 40000 ...
28709 [main] INFO main.java.edu.mit.compbio.bisulfitehic.mapping.Bhmem  - Unique mapped and paired reads 37752 ...
[M::mem_process_seqs] Processed 1001 reads in 0.633 CPU sec, 0.083 real sec
[M::mem_process_seqs] Processed 1001 reads in 0.559 CPU sec, 0.076 real sec
[M::mem_process_seqs] Processed 1001 reads in 0.671 CPU sec, 0.088 real sec
[M::mem_process_seqs] Processed 1001 reads in 0.619 CPU sec, 0.079 real sec
29152 [main] INFO main.java.edu.mit.compbio.bisulfitehic.mapping.Bhmem  - Processing reads 41000 ...
29153 [main] INFO main.java.edu.mit.compbio.bisulfitehic.mapping.Bhmem  - Unique mapped and paired reads 39738 ...
29155 [main] INFO main.java.edu.mit.compbio.bisulfitehic.mapping.Bhmem  - Processing reads 42000 ...
29155 [main] INFO main.java.edu.mit.compbio.bisulfitehic.mapping.Bhmem  - Unique mapped and paired reads 39738 ...
[M::mem_process_seqs] Processed 1001 reads in 0.693 CPU sec, 0.088 real sec
[M::mem_process_seqs] Processed 1001 reads in 0.607 CPU sec, 0.080 real sec
[M::mem_process_seqs] Processed 1001 reads in 0.700 CPU sec, 0.089 real sec
[M::mem_process_seqs] Processed 1001 reads in 0.707 CPU sec, 0.093 real sec
29627 [main] INFO main.java.edu.mit.compbio.bisulfitehic.mapping.Bhmem  - Processing reads 43000 ...
29627 [main] INFO main.java.edu.mit.compbio.bisulfitehic.mapping.Bhmem  - Unique mapped and paired reads 41736 ...
29630 [main] INFO main.java.edu.mit.compbio.bisulfitehic.mapping.Bhmem  - Processing reads 44000 ...
29630 [main] INFO main.java.edu.mit.compbio.bisulfitehic.mapping.Bhmem  - Unique mapped and paired reads 41736 ...
[M::mem_process_seqs] Processed 1001 reads in 0.740 CPU sec, 0.093 real sec
[M::mem_process_seqs] Processed 1001 reads in 0.619 CPU sec, 0.079 real sec
[M::mem_process_seqs] Processed 1001 reads in 0.761 CPU sec, 0.101 real sec
[M::mem_process_seqs] Processed 1001 reads in 0.729 CPU sec, 0.093 real sec
30120 [main] INFO main.java.edu.mit.compbio.bisulfitehic.mapping.Bhmem  - Processing reads 45000 ...
30120 [main] INFO main.java.edu.mit.compbio.bisulfitehic.mapping.Bhmem  - Unique mapped and paired reads 43730 ...
30123 [main] INFO main.java.edu.mit.compbio.bisulfitehic.mapping.Bhmem  - Processing reads 46000 ...
30123 [main] INFO main.java.edu.mit.compbio.bisulfitehic.mapping.Bhmem  - Unique mapped and paired reads 43730 ...
[M::mem_process_seqs] Processed 1001 reads in 0.715 CPU sec, 0.090 real sec
[M::mem_process_seqs] Processed 1001 reads in 0.654 CPU sec, 0.083 real sec
[M::mem_process_seqs] Processed 1001 reads in 0.775 CPU sec, 0.103 real sec
[M::mem_process_seqs] Processed 1001 reads in 0.752 CPU sec, 0.101 real sec
30625 [main] INFO main.java.edu.mit.compbio.bisulfitehic.mapping.Bhmem  - Processing reads 47000 ...
30625 [main] INFO main.java.edu.mit.compbio.bisulfitehic.mapping.Bhmem  - Unique mapped and paired reads 45726 ...
30628 [main] INFO main.java.edu.mit.compbio.bisulfitehic.mapping.Bhmem  - Processing reads 48000 ...
30628 [main] INFO main.java.edu.mit.compbio.bisulfitehic.mapping.Bhmem  - Unique mapped and paired reads 45726 ...
[M::mem_process_seqs] Processed 1001 reads in 0.738 CPU sec, 0.094 real sec
[M::mem_process_seqs] Processed 1001 reads in 0.629 CPU sec, 0.095 real sec
[M::mem_process_seqs] Processed 1001 reads in 0.779 CPU sec, 0.098 real sec
[M::mem_process_seqs] Processed 1001 reads in 0.681 CPU sec, 0.099 real sec
31149 [main] INFO main.java.edu.mit.compbio.bisulfitehic.mapping.Bhmem  - Processing reads 49000 ...
31149 [main] INFO main.java.edu.mit.compbio.bisulfitehic.mapping.Bhmem  - Unique mapped and paired reads 47718 ...
31152 [main] INFO main.java.edu.mit.compbio.bisulfitehic.mapping.Bhmem  - Processing reads 50000 ...
31152 [main] INFO main.java.edu.mit.compbio.bisulfitehic.mapping.Bhmem  - Unique mapped and paired reads 47718 ...
[M::mem_process_seqs] Processed 1001 reads in 0.873 CPU sec, 0.111 real sec
[M::mem_process_seqs] Processed 1001 reads in 0.719 CPU sec, 0.092 real sec
[M::mem_process_seqs] Processed 1001 reads in 0.813 CPU sec, 0.112 real sec
[M::mem_process_seqs] Processed 1001 reads in 0.744 CPU sec, 0.101 real sec
31693 [main] INFO main.java.edu.mit.compbio.bisulfitehic.mapping.Bhmem  - Processing reads 51000 ...
31693 [main] INFO main.java.edu.mit.compbio.bisulfitehic.mapping.Bhmem  - Unique mapped and paired reads 49702 ...
31696 [main] INFO main.java.edu.mit.compbio.bisulfitehic.mapping.Bhmem  - Processing reads 52000 ...
31696 [main] INFO main.java.edu.mit.compbio.bisulfitehic.mapping.Bhmem  - Unique mapped and paired reads 49702 ...
[M::mem_process_seqs] Processed 1001 reads in 0.692 CPU sec, 0.087 real sec
[M::mem_process_seqs] Processed 1001 reads in 0.593 CPU sec, 0.075 real sec
[M::mem_process_seqs] Processed 1001 reads in 0.685 CPU sec, 0.087 real sec
[M::mem_process_seqs] Processed 1001 reads in 0.655 CPU sec, 0.083 real sec
32146 [main] INFO main.java.edu.mit.compbio.bisulfitehic.mapping.Bhmem  - Processing reads 53000 ...
32146 [main] INFO main.java.edu.mit.compbio.bisulfitehic.mapping.Bhmem  - Unique mapped and paired reads 51696 ...
32149 [main] INFO main.java.edu.mit.compbio.bisulfitehic.mapping.Bhmem  - Processing reads 54000 ...
32149 [main] INFO main.java.edu.mit.compbio.bisulfitehic.mapping.Bhmem  - Unique mapped and paired reads 51696 ...
[M::mem_process_seqs] Processed 1001 reads in 0.692 CPU sec, 0.088 real sec
[M::mem_process_seqs] Processed 1001 reads in 0.621 CPU sec, 0.086 real sec
[M::mem_process_seqs] Processed 1001 reads in 0.655 CPU sec, 0.083 real sec
[M::mem_process_seqs] Processed 1001 reads in 0.683 CPU sec, 0.090 real sec
32626 [main] INFO main.java.edu.mit.compbio.bisulfitehic.mapping.Bhmem  - Processing reads 55000 ...
32626 [main] INFO main.java.edu.mit.compbio.bisulfitehic.mapping.Bhmem  - Unique mapped and paired reads 53674 ...
32629 [main] INFO main.java.edu.mit.compbio.bisulfitehic.mapping.Bhmem  - Processing reads 56000 ...
32629 [main] INFO main.java.edu.mit.compbio.bisulfitehic.mapping.Bhmem  - Unique mapped and paired reads 53674 ...
[M::mem_process_seqs] Processed 1001 reads in 0.659 CPU sec, 0.088 real sec
[M::mem_process_seqs] Processed 1001 reads in 0.520 CPU sec, 0.067 real sec
[M::mem_process_seqs] Processed 1001 reads in 0.657 CPU sec, 0.090 real sec
[M::mem_process_seqs] Processed 1001 reads in 0.585 CPU sec, 0.081 real sec
33068 [main] INFO main.java.edu.mit.compbio.bisulfitehic.mapping.Bhmem  - Processing reads 57000 ...
33068 [main] INFO main.java.edu.mit.compbio.bisulfitehic.mapping.Bhmem  - Unique mapped and paired reads 55664 ...
33072 [main] INFO main.java.edu.mit.compbio.bisulfitehic.mapping.Bhmem  - Processing reads 58000 ...
33072 [main] INFO main.java.edu.mit.compbio.bisulfitehic.mapping.Bhmem  - Unique mapped and paired reads 55664 ...
[M::mem_process_seqs] Processed 1001 reads in 0.635 CPU sec, 0.081 real sec
[M::mem_process_seqs] Processed 1001 reads in 0.552 CPU sec, 0.077 real sec
[M::mem_process_seqs] Processed 1001 reads in 0.641 CPU sec, 0.083 real sec
[M::mem_process_seqs] Processed 1001 reads in 0.647 CPU sec, 0.083 real sec
33529 [main] INFO main.java.edu.mit.compbio.bisulfitehic.mapping.Bhmem  - Processing reads 59000 ...
33529 [main] INFO main.java.edu.mit.compbio.bisulfitehic.mapping.Bhmem  - Unique mapped and paired reads 57656 ...
33532 [main] INFO main.java.edu.mit.compbio.bisulfitehic.mapping.Bhmem  - Processing reads 60000 ...
33532 [main] INFO main.java.edu.mit.compbio.bisulfitehic.mapping.Bhmem  - Unique mapped and paired reads 57656 ...
[M::mem_process_seqs] Processed 1001 reads in 0.719 CPU sec, 0.091 real sec
[M::mem_process_seqs] Processed 1001 reads in 0.630 CPU sec, 0.086 real sec
[M::mem_process_seqs] Processed 1001 reads in 0.736 CPU sec, 0.094 real sec
[M::mem_process_seqs] Processed 1001 reads in 0.629 CPU sec, 0.086 real sec
34008 [main] INFO main.java.edu.mit.compbio.bisulfitehic.mapping.Bhmem  - Processing reads 61000 ...
34008 [main] INFO main.java.edu.mit.compbio.bisulfitehic.mapping.Bhmem  - Unique mapped and paired reads 59644 ...
34011 [main] INFO main.java.edu.mit.compbio.bisulfitehic.mapping.Bhmem  - Processing reads 62000 ...
34011 [main] INFO main.java.edu.mit.compbio.bisulfitehic.mapping.Bhmem  - Unique mapped and paired reads 59644 ...
[M::mem_process_seqs] Processed 1001 reads in 0.758 CPU sec, 0.103 real sec
[M::mem_process_seqs] Processed 1001 reads in 0.633 CPU sec, 0.081 real sec
[M::mem_process_seqs] Processed 1001 reads in 0.766 CPU sec, 0.103 real sec
[M::mem_process_seqs] Processed 1001 reads in 0.718 CPU sec, 0.095 real sec
34516 [main] INFO main.java.edu.mit.compbio.bisulfitehic.mapping.Bhmem  - Processing reads 63000 ...
34516 [main] INFO main.java.edu.mit.compbio.bisulfitehic.mapping.Bhmem  - Unique mapped and paired reads 61630 ...
34519 [main] INFO main.java.edu.mit.compbio.bisulfitehic.mapping.Bhmem  - Processing reads 64000 ...
34519 [main] INFO main.java.edu.mit.compbio.bisulfitehic.mapping.Bhmem  - Unique mapped and paired reads 61630 ...
[M::mem_process_seqs] Processed 1001 reads in 0.623 CPU sec, 0.080 real sec
[M::mem_process_seqs] Processed 1001 reads in 0.556 CPU sec, 0.072 real sec
[M::mem_process_seqs] Processed 1001 reads in 0.672 CPU sec, 0.086 real sec
[M::mem_process_seqs] Processed 1001 reads in 0.630 CPU sec, 0.081 real sec
34969 [main] INFO main.java.edu.mit.compbio.bisulfitehic.mapping.Bhmem  - Processing reads 65000 ...
34969 [main] INFO main.java.edu.mit.compbio.bisulfitehic.mapping.Bhmem  - Unique mapped and paired reads 63616 ...
34973 [main] INFO main.java.edu.mit.compbio.bisulfitehic.mapping.Bhmem  - Processing reads 66000 ...
34973 [main] INFO main.java.edu.mit.compbio.bisulfitehic.mapping.Bhmem  - Unique mapped and paired reads 63616 ...
[M::mem_process_seqs] Processed 1001 reads in 0.623 CPU sec, 0.080 real sec
[M::mem_process_seqs] Processed 1001 reads in 0.542 CPU sec, 0.074 real sec
[M::mem_process_seqs] Processed 1001 reads in 0.635 CPU sec, 0.082 real sec
[M::mem_process_seqs] Processed 1001 reads in 0.625 CPU sec, 0.079 real sec
35407 [main] INFO main.java.edu.mit.compbio.bisulfitehic.mapping.Bhmem  - Processing reads 67000 ...
35407 [main] INFO main.java.edu.mit.compbio.bisulfitehic.mapping.Bhmem  - Unique mapped and paired reads 65600 ...
35410 [main] INFO main.java.edu.mit.compbio.bisulfitehic.mapping.Bhmem  - Processing reads 68000 ...
35410 [main] INFO main.java.edu.mit.compbio.bisulfitehic.mapping.Bhmem  - Unique mapped and paired reads 65600 ...
[M::mem_process_seqs] Processed 1001 reads in 0.619 CPU sec, 0.079 real sec
[M::mem_process_seqs] Processed 1001 reads in 0.520 CPU sec, 0.067 real sec
[M::mem_process_seqs] Processed 1001 reads in 0.646 CPU sec, 0.089 real sec
[M::mem_process_seqs] Processed 1001 reads in 0.605 CPU sec, 0.078 real sec
35842 [main] INFO main.java.edu.mit.compbio.bisulfitehic.mapping.Bhmem  - Processing reads 69000 ...
35842 [main] INFO main.java.edu.mit.compbio.bisulfitehic.mapping.Bhmem  - Unique mapped and paired reads 67590 ...
35845 [main] INFO main.java.edu.mit.compbio.bisulfitehic.mapping.Bhmem  - Processing reads 70000 ...
35845 [main] INFO main.java.edu.mit.compbio.bisulfitehic.mapping.Bhmem  - Unique mapped and paired reads 67590 ...
[M::mem_process_seqs] Processed 1001 reads in 0.650 CPU sec, 0.083 real sec
[M::mem_process_seqs] Processed 1001 reads in 0.556 CPU sec, 0.076 real sec
[M::mem_process_seqs] Processed 1001 reads in 0.641 CPU sec, 0.083 real sec
[M::mem_process_seqs] Processed 1001 reads in 0.620 CPU sec, 0.081 real sec
36284 [main] INFO main.java.edu.mit.compbio.bisulfitehic.mapping.Bhmem  - Processing reads 71000 ...
36285 [main] INFO main.java.edu.mit.compbio.bisulfitehic.mapping.Bhmem  - Unique mapped and paired reads 69580 ...
36287 [main] INFO main.java.edu.mit.compbio.bisulfitehic.mapping.Bhmem  - Processing reads 72000 ...
36287 [main] INFO main.java.edu.mit.compbio.bisulfitehic.mapping.Bhmem  - Unique mapped and paired reads 69580 ...
[M::mem_process_seqs] Processed 1001 reads in 0.624 CPU sec, 0.079 real sec
[M::mem_process_seqs] Processed 1001 reads in 0.581 CPU sec, 0.074 real sec
[M::mem_process_seqs] Processed 1001 reads in 0.651 CPU sec, 0.086 real sec
[M::mem_process_seqs] Processed 1001 reads in 0.665 CPU sec, 0.084 real sec
36730 [main] INFO main.java.edu.mit.compbio.bisulfitehic.mapping.Bhmem  - Processing reads 73000 ...
36730 [main] INFO main.java.edu.mit.compbio.bisulfitehic.mapping.Bhmem  - Unique mapped and paired reads 71570 ...
36733 [main] INFO main.java.edu.mit.compbio.bisulfitehic.mapping.Bhmem  - Processing reads 74000 ...
36733 [main] INFO main.java.edu.mit.compbio.bisulfitehic.mapping.Bhmem  - Unique mapped and paired reads 71570 ...
[M::mem_process_seqs] Processed 1001 reads in 0.665 CPU sec, 0.089 real sec
[M::mem_process_seqs] Processed 1001 reads in 0.543 CPU sec, 0.076 real sec
[M::mem_process_seqs] Processed 1001 reads in 0.664 CPU sec, 0.086 real sec
[M::mem_process_seqs] Processed 1001 reads in 0.616 CPU sec, 0.081 real sec
37182 [main] INFO main.java.edu.mit.compbio.bisulfitehic.mapping.Bhmem  - Processing reads 75000 ...
37182 [main] INFO main.java.edu.mit.compbio.bisulfitehic.mapping.Bhmem  - Unique mapped and paired reads 73556 ...
37185 [main] INFO main.java.edu.mit.compbio.bisulfitehic.mapping.Bhmem  - Processing reads 76000 ...
37185 [main] INFO main.java.edu.mit.compbio.bisulfitehic.mapping.Bhmem  - Unique mapped and paired reads 73556 ...
[M::mem_process_seqs] Processed 1001 reads in 0.644 CPU sec, 0.081 real sec
[M::mem_process_seqs] Processed 1001 reads in 0.557 CPU sec, 0.071 real sec
[M::mem_process_seqs] Processed 1001 reads in 0.659 CPU sec, 0.087 real sec
[M::mem_process_seqs] Processed 1001 reads in 0.693 CPU sec, 0.090 real sec
37632 [main] INFO main.java.edu.mit.compbio.bisulfitehic.mapping.Bhmem  - Processing reads 77000 ...
37632 [main] INFO main.java.edu.mit.compbio.bisulfitehic.mapping.Bhmem  - Unique mapped and paired reads 75546 ...
37635 [main] INFO main.java.edu.mit.compbio.bisulfitehic.mapping.Bhmem  - Processing reads 78000 ...
37635 [main] INFO main.java.edu.mit.compbio.bisulfitehic.mapping.Bhmem  - Unique mapped and paired reads 75546 ...
[M::mem_process_seqs] Processed 1001 reads in 0.616 CPU sec, 0.079 real sec
[M::mem_process_seqs] Processed 1001 reads in 0.518 CPU sec, 0.065 real sec
[M::mem_process_seqs] Processed 1001 reads in 0.631 CPU sec, 0.080 real sec
[M::mem_process_seqs] Processed 1001 reads in 0.620 CPU sec, 0.079 real sec
38055 [main] INFO main.java.edu.mit.compbio.bisulfitehic.mapping.Bhmem  - Processing reads 79000 ...
38055 [main] INFO main.java.edu.mit.compbio.bisulfitehic.mapping.Bhmem  - Unique mapped and paired reads 77528 ...
38058 [main] INFO main.java.edu.mit.compbio.bisulfitehic.mapping.Bhmem  - Processing reads 80000 ...
38058 [main] INFO main.java.edu.mit.compbio.bisulfitehic.mapping.Bhmem  - Unique mapped and paired reads 77528 ...
[M::mem_process_seqs] Processed 1001 reads in 0.630 CPU sec, 0.084 real sec
[M::mem_process_seqs] Processed 1001 reads in 0.538 CPU sec, 0.069 real sec
[M::mem_process_seqs] Processed 1001 reads in 0.681 CPU sec, 0.096 real sec
[M::mem_process_seqs] Processed 1001 reads in 0.668 CPU sec, 0.084 real sec
38509 [main] INFO main.java.edu.mit.compbio.bisulfitehic.mapping.Bhmem  - Processing reads 81000 ...
38509 [main] INFO main.java.edu.mit.compbio.bisulfitehic.mapping.Bhmem  - Unique mapped and paired reads 79514 ...
38512 [main] INFO main.java.edu.mit.compbio.bisulfitehic.mapping.Bhmem  - Processing reads 82000 ...
38512 [main] INFO main.java.edu.mit.compbio.bisulfitehic.mapping.Bhmem  - Unique mapped and paired reads 79514 ...
[M::mem_process_seqs] Processed 1001 reads in 0.653 CPU sec, 0.084 real sec
[M::mem_process_seqs] Processed 1001 reads in 0.525 CPU sec, 0.067 real sec
[M::mem_process_seqs] Processed 1001 reads in 0.662 CPU sec, 0.090 real sec
[M::mem_process_seqs] Processed 1001 reads in 0.629 CPU sec, 0.079 real sec
38950 [main] INFO main.java.edu.mit.compbio.bisulfitehic.mapping.Bhmem  - Processing reads 83000 ...
38950 [main] INFO main.java.edu.mit.compbio.bisulfitehic.mapping.Bhmem  - Unique mapped and paired reads 81502 ...
38953 [main] INFO main.java.edu.mit.compbio.bisulfitehic.mapping.Bhmem  - Processing reads 84000 ...
38953 [main] INFO main.java.edu.mit.compbio.bisulfitehic.mapping.Bhmem  - Unique mapped and paired reads 81502 ...
[M::mem_process_seqs] Processed 1001 reads in 0.600 CPU sec, 0.076 real sec
[M::mem_process_seqs] Processed 1001 reads in 0.514 CPU sec, 0.071 real sec
[M::mem_process_seqs] Processed 1001 reads in 0.628 CPU sec, 0.080 real sec
[M::mem_process_seqs] Processed 1001 reads in 0.644 CPU sec, 0.088 real sec
39385 [main] INFO main.java.edu.mit.compbio.bisulfitehic.mapping.Bhmem  - Processing reads 85000 ...
39385 [main] INFO main.java.edu.mit.compbio.bisulfitehic.mapping.Bhmem  - Unique mapped and paired reads 83488 ...
39388 [main] INFO main.java.edu.mit.compbio.bisulfitehic.mapping.Bhmem  - Processing reads 86000 ...
39388 [main] INFO main.java.edu.mit.compbio.bisulfitehic.mapping.Bhmem  - Unique mapped and paired reads 83488 ...
[M::mem_process_seqs] Processed 1001 reads in 0.614 CPU sec, 0.079 real sec
[M::mem_process_seqs] Processed 1001 reads in 0.535 CPU sec, 0.070 real sec
[M::mem_process_seqs] Processed 1001 reads in 0.631 CPU sec, 0.083 real sec
[M::mem_process_seqs] Processed 1001 reads in 0.623 CPU sec, 0.079 real sec
39813 [main] INFO main.java.edu.mit.compbio.bisulfitehic.mapping.Bhmem  - Processing reads 87000 ...
39813 [main] INFO main.java.edu.mit.compbio.bisulfitehic.mapping.Bhmem  - Unique mapped and paired reads 85480 ...
39816 [main] INFO main.java.edu.mit.compbio.bisulfitehic.mapping.Bhmem  - Processing reads 88000 ...
39816 [main] INFO main.java.edu.mit.compbio.bisulfitehic.mapping.Bhmem  - Unique mapped and paired reads 85480 ...
[M::mem_process_seqs] Processed 1001 reads in 0.654 CPU sec, 0.083 real sec
[M::mem_process_seqs] Processed 1001 reads in 0.584 CPU sec, 0.075 real sec
[M::mem_process_seqs] Processed 1001 reads in 0.669 CPU sec, 0.085 real sec
[M::mem_process_seqs] Processed 1001 reads in 0.652 CPU sec, 0.092 real sec
40267 [main] INFO main.java.edu.mit.compbio.bisulfitehic.mapping.Bhmem  - Processing reads 89000 ...
40267 [main] INFO main.java.edu.mit.compbio.bisulfitehic.mapping.Bhmem  - Unique mapped and paired reads 87476 ...
40270 [main] INFO main.java.edu.mit.compbio.bisulfitehic.mapping.Bhmem  - Processing reads 90000 ...
40270 [main] INFO main.java.edu.mit.compbio.bisulfitehic.mapping.Bhmem  - Unique mapped and paired reads 87476 ...
[M::mem_process_seqs] Processed 1001 reads in 0.658 CPU sec, 0.085 real sec
[M::mem_process_seqs] Processed 1001 reads in 0.560 CPU sec, 0.072 real sec
[M::mem_process_seqs] Processed 1001 reads in 0.714 CPU sec, 0.096 real sec
[M::mem_process_seqs] Processed 1001 reads in 0.673 CPU sec, 0.086 real sec
40726 [main] INFO main.java.edu.mit.compbio.bisulfitehic.mapping.Bhmem  - Processing reads 91000 ...
40726 [main] INFO main.java.edu.mit.compbio.bisulfitehic.mapping.Bhmem  - Unique mapped and paired reads 89464 ...
40729 [main] INFO main.java.edu.mit.compbio.bisulfitehic.mapping.Bhmem  - Processing reads 92000 ...
40729 [main] INFO main.java.edu.mit.compbio.bisulfitehic.mapping.Bhmem  - Unique mapped and paired reads 89464 ...
[M::mem_process_seqs] Processed 1001 reads in 0.630 CPU sec, 0.080 real sec
[M::mem_process_seqs] Processed 1001 reads in 0.553 CPU sec, 0.071 real sec
[M::mem_process_seqs] Processed 1001 reads in 0.660 CPU sec, 0.087 real sec
[M::mem_process_seqs] Processed 1001 reads in 0.615 CPU sec, 0.077 real sec
41160 [main] INFO main.java.edu.mit.compbio.bisulfitehic.mapping.Bhmem  - Processing reads 93000 ...
41160 [main] INFO main.java.edu.mit.compbio.bisulfitehic.mapping.Bhmem  - Unique mapped and paired reads 91450 ...
41163 [main] INFO main.java.edu.mit.compbio.bisulfitehic.mapping.Bhmem  - Processing reads 94000 ...
41163 [main] INFO main.java.edu.mit.compbio.bisulfitehic.mapping.Bhmem  - Unique mapped and paired reads 91450 ...
[M::mem_process_seqs] Processed 1001 reads in 0.652 CPU sec, 0.083 real sec
[M::mem_process_seqs] Processed 1001 reads in 0.545 CPU sec, 0.069 real sec
[M::mem_process_seqs] Processed 1001 reads in 0.701 CPU sec, 0.093 real sec
[M::mem_process_seqs] Processed 1001 reads in 0.676 CPU sec, 0.085 real sec
41612 [main] INFO main.java.edu.mit.compbio.bisulfitehic.mapping.Bhmem  - Processing reads 95000 ...
41612 [main] INFO main.java.edu.mit.compbio.bisulfitehic.mapping.Bhmem  - Unique mapped and paired reads 93448 ...
41615 [main] INFO main.java.edu.mit.compbio.bisulfitehic.mapping.Bhmem  - Processing reads 96000 ...
41615 [main] INFO main.java.edu.mit.compbio.bisulfitehic.mapping.Bhmem  - Unique mapped and paired reads 93448 ...
[M::mem_process_seqs] Processed 1001 reads in 0.662 CPU sec, 0.088 real sec
[M::mem_process_seqs] Processed 1001 reads in 0.577 CPU sec, 0.073 real sec
[M::mem_process_seqs] Processed 1001 reads in 0.614 CPU sec, 0.081 real sec
[M::mem_process_seqs] Processed 1001 reads in 0.633 CPU sec, 0.082 real sec
42059 [main] INFO main.java.edu.mit.compbio.bisulfitehic.mapping.Bhmem  - Processing reads 97000 ...
42059 [main] INFO main.java.edu.mit.compbio.bisulfitehic.mapping.Bhmem  - Unique mapped and paired reads 95440 ...
42062 [main] INFO main.java.edu.mit.compbio.bisulfitehic.mapping.Bhmem  - Processing reads 98000 ...
42062 [main] INFO main.java.edu.mit.compbio.bisulfitehic.mapping.Bhmem  - Unique mapped and paired reads 95440 ...
[M::mem_process_seqs] Processed 1001 reads in 0.644 CPU sec, 0.083 real sec
[M::mem_process_seqs] Processed 1001 reads in 0.549 CPU sec, 0.070 real sec
[M::mem_process_seqs] Processed 1001 reads in 0.659 CPU sec, 0.085 real sec
[M::mem_process_seqs] Processed 1001 reads in 0.633 CPU sec, 0.082 real sec
42499 [main] INFO main.java.edu.mit.compbio.bisulfitehic.mapping.Bhmem  - Processing reads 99000 ...
42499 [main] INFO main.java.edu.mit.compbio.bisulfitehic.mapping.Bhmem  - Unique mapped and paired reads 97436 ...
42502 [main] INFO main.java.edu.mit.compbio.bisulfitehic.mapping.Bhmem  - Processing reads 100000 ...
42502 [main] INFO main.java.edu.mit.compbio.bisulfitehic.mapping.Bhmem  - Unique mapped and paired reads 97436 ...
[M::mem_process_seqs] Processed 1001 reads in 0.646 CPU sec, 0.082 real sec
[M::mem_process_seqs] Processed 1001 reads in 0.573 CPU sec, 0.076 real sec
[M::mem_process_seqs] Processed 1001 reads in 0.659 CPU sec, 0.088 real sec
[M::mem_process_seqs] Processed 1001 reads in 0.686 CPU sec, 0.092 real sec
42960 [main] INFO main.java.edu.mit.compbio.bisulfitehic.mapping.Bhmem  - Processing reads 101000 ...
42960 [main] INFO main.java.edu.mit.compbio.bisulfitehic.mapping.Bhmem  - Unique mapped and paired reads 99432 ...
42963 [main] INFO main.java.edu.mit.compbio.bisulfitehic.mapping.Bhmem  - Processing reads 102000 ...
42963 [main] INFO main.java.edu.mit.compbio.bisulfitehic.mapping.Bhmem  - Unique mapped and paired reads 99432 ...
[M::mem_process_seqs] Processed 1001 reads in 0.693 CPU sec, 0.088 real sec
[M::mem_process_seqs] Processed 1001 reads in 0.592 CPU sec, 0.075 real sec
[M::mem_process_seqs] Processed 1001 reads in 0.678 CPU sec, 0.098 real sec
[M::mem_process_seqs] Processed 1001 reads in 0.670 CPU sec, 0.096 real sec
43440 [main] INFO main.java.edu.mit.compbio.bisulfitehic.mapping.Bhmem  - Processing reads 103000 ...
43440 [main] INFO main.java.edu.mit.compbio.bisulfitehic.mapping.Bhmem  - Unique mapped and paired reads 101424 ...
43443 [main] INFO main.java.edu.mit.compbio.bisulfitehic.mapping.Bhmem  - Processing reads 104000 ...
43443 [main] INFO main.java.edu.mit.compbio.bisulfitehic.mapping.Bhmem  - Unique mapped and paired reads 101424 ...
[M::mem_process_seqs] Processed 1001 reads in 0.707 CPU sec, 0.091 real sec
[M::mem_process_seqs] Processed 1001 reads in 0.611 CPU sec, 0.091 real sec
[M::mem_process_seqs] Processed 1001 reads in 0.734 CPU sec, 0.094 real sec
[M::mem_process_seqs] Processed 1001 reads in 0.667 CPU sec, 0.090 real sec
43935 [main] INFO main.java.edu.mit.compbio.bisulfitehic.mapping.Bhmem  - Processing reads 105000 ...
43935 [main] INFO main.java.edu.mit.compbio.bisulfitehic.mapping.Bhmem  - Unique mapped and paired reads 103406 ...
43938 [main] INFO main.java.edu.mit.compbio.bisulfitehic.mapping.Bhmem  - Processing reads 106000 ...
43938 [main] INFO main.java.edu.mit.compbio.bisulfitehic.mapping.Bhmem  - Unique mapped and paired reads 103406 ...
[M::mem_process_seqs] Processed 1001 reads in 0.677 CPU sec, 0.087 real sec
[M::mem_process_seqs] Processed 1001 reads in 0.626 CPU sec, 0.080 real sec
[M::mem_process_seqs] Processed 1001 reads in 0.686 CPU sec, 0.087 real sec
[M::mem_process_seqs] Processed 1001 reads in 0.702 CPU sec, 0.095 real sec
44499 [main] INFO main.java.edu.mit.compbio.bisulfitehic.mapping.Bhmem  - Processing reads 107000 ...
44499 [main] INFO main.java.edu.mit.compbio.bisulfitehic.mapping.Bhmem  - Unique mapped and paired reads 105400 ...
44505 [main] INFO main.java.edu.mit.compbio.bisulfitehic.mapping.Bhmem  - Processing reads 108000 ...
44505 [main] INFO main.java.edu.mit.compbio.bisulfitehic.mapping.Bhmem  - Unique mapped and paired reads 105400 ...
[M::mem_process_seqs] Processed 1001 reads in 0.726 CPU sec, 0.093 real sec
[M::mem_process_seqs] Processed 1001 reads in 0.580 CPU sec, 0.075 real sec
[M::mem_process_seqs] Processed 1001 reads in 0.701 CPU sec, 0.090 real sec
[M::mem_process_seqs] Processed 1001 reads in 0.682 CPU sec, 0.089 real sec
44971 [main] INFO main.java.edu.mit.compbio.bisulfitehic.mapping.Bhmem  - Processing reads 109000 ...
44971 [main] INFO main.java.edu.mit.compbio.bisulfitehic.mapping.Bhmem  - Unique mapped and paired reads 107398 ...
44974 [main] INFO main.java.edu.mit.compbio.bisulfitehic.mapping.Bhmem  - Processing reads 110000 ...
44974 [main] INFO main.java.edu.mit.compbio.bisulfitehic.mapping.Bhmem  - Unique mapped and paired reads 107398 ...
[M::mem_process_seqs] Processed 1001 reads in 0.644 CPU sec, 0.082 real sec
[M::mem_process_seqs] Processed 1001 reads in 0.523 CPU sec, 0.067 real sec
[M::mem_process_seqs] Processed 1001 reads in 0.649 CPU sec, 0.088 real sec
[M::mem_process_seqs] Processed 1001 reads in 0.612 CPU sec, 0.081 real sec
45407 [main] INFO main.java.edu.mit.compbio.bisulfitehic.mapping.Bhmem  - Processing reads 111000 ...
45407 [main] INFO main.java.edu.mit.compbio.bisulfitehic.mapping.Bhmem  - Unique mapped and paired reads 109384 ...
45410 [main] INFO main.java.edu.mit.compbio.bisulfitehic.mapping.Bhmem  - Processing reads 112000 ...
45410 [main] INFO main.java.edu.mit.compbio.bisulfitehic.mapping.Bhmem  - Unique mapped and paired reads 109384 ...
[M::mem_process_seqs] Processed 1001 reads in 0.668 CPU sec, 0.086 real sec
[M::mem_process_seqs] Processed 1001 reads in 0.605 CPU sec, 0.083 real sec
[M::mem_process_seqs] Processed 1001 reads in 0.619 CPU sec, 0.078 real sec
[M::mem_process_seqs] Processed 1001 reads in 0.642 CPU sec, 0.081 real sec
45855 [main] INFO main.java.edu.mit.compbio.bisulfitehic.mapping.Bhmem  - Processing reads 113000 ...
45855 [main] INFO main.java.edu.mit.compbio.bisulfitehic.mapping.Bhmem  - Unique mapped and paired reads 111378 ...
45858 [main] INFO main.java.edu.mit.compbio.bisulfitehic.mapping.Bhmem  - Processing reads 114000 ...
45858 [main] INFO main.java.edu.mit.compbio.bisulfitehic.mapping.Bhmem  - Unique mapped and paired reads 111378 ...
[M::mem_process_seqs] Processed 1001 reads in 0.678 CPU sec, 0.092 real sec
[M::mem_process_seqs] Processed 1001 reads in 0.611 CPU sec, 0.082 real sec
[M::mem_process_seqs] Processed 1001 reads in 0.705 CPU sec, 0.089 real sec
[M::mem_process_seqs] Processed 1001 reads in 0.630 CPU sec, 0.081 real sec
46326 [main] INFO main.java.edu.mit.compbio.bisulfitehic.mapping.Bhmem  - Processing reads 115000 ...
46326 [main] INFO main.java.edu.mit.compbio.bisulfitehic.mapping.Bhmem  - Unique mapped and paired reads 113360 ...
46328 [main] INFO main.java.edu.mit.compbio.bisulfitehic.mapping.Bhmem  - Processing reads 116000 ...
46328 [main] INFO main.java.edu.mit.compbio.bisulfitehic.mapping.Bhmem  - Unique mapped and paired reads 113360 ...
[M::mem_process_seqs] Processed 1001 reads in 0.648 CPU sec, 0.083 real sec
[M::mem_process_seqs] Processed 1001 reads in 0.562 CPU sec, 0.072 real sec
[M::mem_process_seqs] Processed 1001 reads in 0.674 CPU sec, 0.095 real sec
[M::mem_process_seqs] Processed 1001 reads in 0.669 CPU sec, 0.092 real sec
46787 [main] INFO main.java.edu.mit.compbio.bisulfitehic.mapping.Bhmem  - Processing reads 117000 ...
46787 [main] INFO main.java.edu.mit.compbio.bisulfitehic.mapping.Bhmem  - Unique mapped and paired reads 115360 ...
46790 [main] INFO main.java.edu.mit.compbio.bisulfitehic.mapping.Bhmem  - Processing reads 118000 ...
46790 [main] INFO main.java.edu.mit.compbio.bisulfitehic.mapping.Bhmem  - Unique mapped and paired reads 115360 ...
[M::mem_process_seqs] Processed 1001 reads in 0.674 CPU sec, 0.086 real sec
[M::mem_process_seqs] Processed 1001 reads in 0.566 CPU sec, 0.072 real sec
[M::mem_process_seqs] Processed 1001 reads in 0.704 CPU sec, 0.091 real sec
[M::mem_process_seqs] Processed 1001 reads in 0.718 CPU sec, 0.091 real sec
47252 [main] INFO main.java.edu.mit.compbio.bisulfitehic.mapping.Bhmem  - Processing reads 119000 ...
47252 [main] INFO main.java.edu.mit.compbio.bisulfitehic.mapping.Bhmem  - Unique mapped and paired reads 117360 ...
47255 [main] INFO main.java.edu.mit.compbio.bisulfitehic.mapping.Bhmem  - Processing reads 120000 ...
47255 [main] INFO main.java.edu.mit.compbio.bisulfitehic.mapping.Bhmem  - Unique mapped and paired reads 117360 ...
[M::mem_process_seqs] Processed 1001 reads in 0.703 CPU sec, 0.092 real sec
[M::mem_process_seqs] Processed 1001 reads in 0.631 CPU sec, 0.083 real sec
[M::mem_process_seqs] Processed 1001 reads in 0.742 CPU sec, 0.096 real sec
[M::mem_process_seqs] Processed 1001 reads in 0.700 CPU sec, 0.092 real sec
47741 [main] INFO main.java.edu.mit.compbio.bisulfitehic.mapping.Bhmem  - Processing reads 121000 ...
47741 [main] INFO main.java.edu.mit.compbio.bisulfitehic.mapping.Bhmem  - Unique mapped and paired reads 119352 ...
47744 [main] INFO main.java.edu.mit.compbio.bisulfitehic.mapping.Bhmem  - Processing reads 122000 ...
47744 [main] INFO main.java.edu.mit.compbio.bisulfitehic.mapping.Bhmem  - Unique mapped and paired reads 119352 ...
[M::mem_process_seqs] Processed 1001 reads in 0.669 CPU sec, 0.086 real sec
[M::mem_process_seqs] Processed 1001 reads in 0.593 CPU sec, 0.075 real sec
[M::mem_process_seqs] Processed 1001 reads in 0.724 CPU sec, 0.091 real sec
[M::mem_process_seqs] Processed 1001 reads in 0.663 CPU sec, 0.089 real sec
48205 [main] INFO main.java.edu.mit.compbio.bisulfitehic.mapping.Bhmem  - Processing reads 123000 ...
48205 [main] INFO main.java.edu.mit.compbio.bisulfitehic.mapping.Bhmem  - Unique mapped and paired reads 121336 ...
48208 [main] INFO main.java.edu.mit.compbio.bisulfitehic.mapping.Bhmem  - Processing reads 124000 ...
48208 [main] INFO main.java.edu.mit.compbio.bisulfitehic.mapping.Bhmem  - Unique mapped and paired reads 121336 ...
[M::mem_process_seqs] Processed 1001 reads in 0.648 CPU sec, 0.082 real sec
[M::mem_process_seqs] Processed 1001 reads in 0.583 CPU sec, 0.075 real sec
[M::mem_process_seqs] Processed 1001 reads in 0.642 CPU sec, 0.087 real sec
[M::mem_process_seqs] Processed 1001 reads in 0.637 CPU sec, 0.082 real sec
48650 [main] INFO main.java.edu.mit.compbio.bisulfitehic.mapping.Bhmem  - Processing reads 125000 ...
48651 [main] INFO main.java.edu.mit.compbio.bisulfitehic.mapping.Bhmem  - Unique mapped and paired reads 123322 ...
48653 [main] INFO main.java.edu.mit.compbio.bisulfitehic.mapping.Bhmem  - Processing reads 126000 ...
48654 [main] INFO main.java.edu.mit.compbio.bisulfitehic.mapping.Bhmem  - Unique mapped and paired reads 123322 ...
[M::mem_process_seqs] Processed 1001 reads in 0.690 CPU sec, 0.088 real sec
[M::mem_process_seqs] Processed 1001 reads in 0.587 CPU sec, 0.076 real sec
[M::mem_process_seqs] Processed 1001 reads in 0.671 CPU sec, 0.086 real sec
[M::mem_process_seqs] Processed 1001 reads in 0.667 CPU sec, 0.091 real sec
49118 [main] INFO main.java.edu.mit.compbio.bisulfitehic.mapping.Bhmem  - Processing reads 127000 ...
49118 [main] INFO main.java.edu.mit.compbio.bisulfitehic.mapping.Bhmem  - Unique mapped and paired reads 125306 ...
49121 [main] INFO main.java.edu.mit.compbio.bisulfitehic.mapping.Bhmem  - Processing reads 128000 ...
49121 [main] INFO main.java.edu.mit.compbio.bisulfitehic.mapping.Bhmem  - Unique mapped and paired reads 125306 ...
[M::mem_process_seqs] Processed 1001 reads in 0.672 CPU sec, 0.085 real sec
[M::mem_process_seqs] Processed 1001 reads in 0.539 CPU sec, 0.068 real sec
[M::mem_process_seqs] Processed 1001 reads in 0.656 CPU sec, 0.086 real sec
[M::mem_process_seqs] Processed 1001 reads in 0.626 CPU sec, 0.082 real sec
49562 [main] INFO main.java.edu.mit.compbio.bisulfitehic.mapping.Bhmem  - Processing reads 129000 ...
49562 [main] INFO main.java.edu.mit.compbio.bisulfitehic.mapping.Bhmem  - Unique mapped and paired reads 127290 ...
49565 [main] INFO main.java.edu.mit.compbio.bisulfitehic.mapping.Bhmem  - Processing reads 130000 ...
49565 [main] INFO main.java.edu.mit.compbio.bisulfitehic.mapping.Bhmem  - Unique mapped and paired reads 127290 ...
[M::mem_process_seqs] Processed 1001 reads in 0.674 CPU sec, 0.085 real sec
[M::mem_process_seqs] Processed 1001 reads in 0.586 CPU sec, 0.076 real sec
[M::mem_process_seqs] Processed 1001 reads in 0.672 CPU sec, 0.085 real sec
[M::mem_process_seqs] Processed 1001 reads in 0.674 CPU sec, 0.086 real sec
50016 [main] INFO main.java.edu.mit.compbio.bisulfitehic.mapping.Bhmem  - Processing reads 131000 ...
50016 [main] INFO main.java.edu.mit.compbio.bisulfitehic.mapping.Bhmem  - Unique mapped and paired reads 129280 ...
50019 [main] INFO main.java.edu.mit.compbio.bisulfitehic.mapping.Bhmem  - Processing reads 132000 ...
50019 [main] INFO main.java.edu.mit.compbio.bisulfitehic.mapping.Bhmem  - Unique mapped and paired reads 129280 ...
[M::mem_process_seqs] Processed 1001 reads in 0.658 CPU sec, 0.083 real sec
[M::mem_process_seqs] Processed 1001 reads in 0.577 CPU sec, 0.073 real sec
[M::mem_process_seqs] Processed 1001 reads in 0.656 CPU sec, 0.092 real sec
[M::mem_process_seqs] Processed 1001 reads in 0.665 CPU sec, 0.084 real sec
50474 [main] INFO main.java.edu.mit.compbio.bisulfitehic.mapping.Bhmem  - Processing reads 133000 ...
50475 [main] INFO main.java.edu.mit.compbio.bisulfitehic.mapping.Bhmem  - Unique mapped and paired reads 131270 ...
50477 [main] INFO main.java.edu.mit.compbio.bisulfitehic.mapping.Bhmem  - Processing reads 134000 ...
50477 [main] INFO main.java.edu.mit.compbio.bisulfitehic.mapping.Bhmem  - Unique mapped and paired reads 131270 ...
[M::mem_process_seqs] Processed 1001 reads in 0.659 CPU sec, 0.084 real sec
[M::mem_process_seqs] Processed 1001 reads in 0.599 CPU sec, 0.080 real sec
[M::mem_process_seqs] Processed 1001 reads in 0.666 CPU sec, 0.086 real sec
[M::mem_process_seqs] Processed 1001 reads in 0.656 CPU sec, 0.084 real sec
50930 [main] INFO main.java.edu.mit.compbio.bisulfitehic.mapping.Bhmem  - Processing reads 135000 ...
50930 [main] INFO main.java.edu.mit.compbio.bisulfitehic.mapping.Bhmem  - Unique mapped and paired reads 133256 ...
50933 [main] INFO main.java.edu.mit.compbio.bisulfitehic.mapping.Bhmem  - Processing reads 136000 ...
50933 [main] INFO main.java.edu.mit.compbio.bisulfitehic.mapping.Bhmem  - Unique mapped and paired reads 133256 ...
[M::mem_process_seqs] Processed 1001 reads in 0.677 CPU sec, 0.086 real sec
[M::mem_process_seqs] Processed 1001 reads in 0.602 CPU sec, 0.080 real sec
[M::mem_process_seqs] Processed 1001 reads in 0.726 CPU sec, 0.094 real sec
[M::mem_process_seqs] Processed 1001 reads in 0.690 CPU sec, 0.091 real sec
51406 [main] INFO main.java.edu.mit.compbio.bisulfitehic.mapping.Bhmem  - Processing reads 137000 ...
51406 [main] INFO main.java.edu.mit.compbio.bisulfitehic.mapping.Bhmem  - Unique mapped and paired reads 135248 ...
51409 [main] INFO main.java.edu.mit.compbio.bisulfitehic.mapping.Bhmem  - Processing reads 138000 ...
51409 [main] INFO main.java.edu.mit.compbio.bisulfitehic.mapping.Bhmem  - Unique mapped and paired reads 135248 ...
[M::mem_process_seqs] Processed 1001 reads in 0.715 CPU sec, 0.092 real sec
[M::mem_process_seqs] Processed 1001 reads in 0.590 CPU sec, 0.075 real sec
[M::mem_process_seqs] Processed 1001 reads in 0.686 CPU sec, 0.089 real sec
[M::mem_process_seqs] Processed 1001 reads in 0.654 CPU sec, 0.083 real sec
51869 [main] INFO main.java.edu.mit.compbio.bisulfitehic.mapping.Bhmem  - Processing reads 139000 ...
51869 [main] INFO main.java.edu.mit.compbio.bisulfitehic.mapping.Bhmem  - Unique mapped and paired reads 137234 ...
51872 [main] INFO main.java.edu.mit.compbio.bisulfitehic.mapping.Bhmem  - Processing reads 140000 ...
51872 [main] INFO main.java.edu.mit.compbio.bisulfitehic.mapping.Bhmem  - Unique mapped and paired reads 137234 ...
[M::mem_process_seqs] Processed 1001 reads in 0.669 CPU sec, 0.089 real sec
[M::mem_process_seqs] Processed 1001 reads in 0.655 CPU sec, 0.086 real sec
[M::mem_process_seqs] Processed 1001 reads in 0.721 CPU sec, 0.091 real sec
[M::mem_process_seqs] Processed 1001 reads in 0.704 CPU sec, 0.089 real sec
52350 [main] INFO main.java.edu.mit.compbio.bisulfitehic.mapping.Bhmem  - Processing reads 141000 ...
52350 [main] INFO main.java.edu.mit.compbio.bisulfitehic.mapping.Bhmem  - Unique mapped and paired reads 139228 ...
52353 [main] INFO main.java.edu.mit.compbio.bisulfitehic.mapping.Bhmem  - Processing reads 142000 ...
52353 [main] INFO main.java.edu.mit.compbio.bisulfitehic.mapping.Bhmem  - Unique mapped and paired reads 139228 ...
[M::mem_process_seqs] Processed 1001 reads in 0.694 CPU sec, 0.088 real sec
[M::mem_process_seqs] Processed 1001 reads in 0.623 CPU sec, 0.081 real sec
[M::mem_process_seqs] Processed 1001 reads in 0.731 CPU sec, 0.092 real sec
[M::mem_process_seqs] Processed 1001 reads in 0.707 CPU sec, 0.090 real sec
52829 [main] INFO main.java.edu.mit.compbio.bisulfitehic.mapping.Bhmem  - Processing reads 143000 ...
52829 [main] INFO main.java.edu.mit.compbio.bisulfitehic.mapping.Bhmem  - Unique mapped and paired reads 141218 ...
52832 [main] INFO main.java.edu.mit.compbio.bisulfitehic.mapping.Bhmem  - Processing reads 144000 ...
52832 [main] INFO main.java.edu.mit.compbio.bisulfitehic.mapping.Bhmem  - Unique mapped and paired reads 141218 ...
[M::mem_process_seqs] Processed 1001 reads in 0.761 CPU sec, 0.098 real sec
[M::mem_process_seqs] Processed 1001 reads in 0.584 CPU sec, 0.075 real sec
[M::mem_process_seqs] Processed 1001 reads in 0.724 CPU sec, 0.092 real sec
[M::mem_process_seqs] Processed 1001 reads in 0.661 CPU sec, 0.088 real sec
53308 [main] INFO main.java.edu.mit.compbio.bisulfitehic.mapping.Bhmem  - Processing reads 145000 ...
53308 [main] INFO main.java.edu.mit.compbio.bisulfitehic.mapping.Bhmem  - Unique mapped and paired reads 143202 ...
53311 [main] INFO main.java.edu.mit.compbio.bisulfitehic.mapping.Bhmem  - Processing reads 146000 ...
53311 [main] INFO main.java.edu.mit.compbio.bisulfitehic.mapping.Bhmem  - Unique mapped and paired reads 143202 ...
[M::mem_process_seqs] Processed 1001 reads in 0.675 CPU sec, 0.086 real sec
[M::mem_process_seqs] Processed 1001 reads in 0.592 CPU sec, 0.082 real sec
[M::mem_process_seqs] Processed 1001 reads in 0.684 CPU sec, 0.087 real sec
[M::mem_process_seqs] Processed 1001 reads in 0.658 CPU sec, 0.083 real sec
53766 [main] INFO main.java.edu.mit.compbio.bisulfitehic.mapping.Bhmem  - Processing reads 147000 ...
53766 [main] INFO main.java.edu.mit.compbio.bisulfitehic.mapping.Bhmem  - Unique mapped and paired reads 145188 ...
53769 [main] INFO main.java.edu.mit.compbio.bisulfitehic.mapping.Bhmem  - Processing reads 148000 ...
53769 [main] INFO main.java.edu.mit.compbio.bisulfitehic.mapping.Bhmem  - Unique mapped and paired reads 145188 ...
[M::mem_process_seqs] Processed 1001 reads in 0.674 CPU sec, 0.086 real sec
[M::mem_process_seqs] Processed 1001 reads in 0.590 CPU sec, 0.075 real sec
[M::mem_process_seqs] Processed 1001 reads in 0.671 CPU sec, 0.086 real sec
[M::mem_process_seqs] Processed 1001 reads in 0.635 CPU sec, 0.081 real sec
54221 [main] INFO main.java.edu.mit.compbio.bisulfitehic.mapping.Bhmem  - Processing reads 149000 ...
54221 [main] INFO main.java.edu.mit.compbio.bisulfitehic.mapping.Bhmem  - Unique mapped and paired reads 147186 ...
54224 [main] INFO main.java.edu.mit.compbio.bisulfitehic.mapping.Bhmem  - Processing reads 150000 ...
54224 [main] INFO main.java.edu.mit.compbio.bisulfitehic.mapping.Bhmem  - Unique mapped and paired reads 147186 ...
[M::mem_process_seqs] Processed 1001 reads in 0.656 CPU sec, 0.083 real sec
[M::mem_process_seqs] Processed 1001 reads in 0.576 CPU sec, 0.073 real sec
[M::mem_process_seqs] Processed 1001 reads in 0.692 CPU sec, 0.088 real sec
[M::mem_process_seqs] Processed 1001 reads in 0.646 CPU sec, 0.084 real sec
54673 [main] INFO main.java.edu.mit.compbio.bisulfitehic.mapping.Bhmem  - Processing reads 151000 ...
54673 [main] INFO main.java.edu.mit.compbio.bisulfitehic.mapping.Bhmem  - Unique mapped and paired reads 149186 ...
54676 [main] INFO main.java.edu.mit.compbio.bisulfitehic.mapping.Bhmem  - Processing reads 152000 ...
54676 [main] INFO main.java.edu.mit.compbio.bisulfitehic.mapping.Bhmem  - Unique mapped and paired reads 149186 ...
[M::mem_process_seqs] Processed 1001 reads in 0.706 CPU sec, 0.090 real sec
[M::mem_process_seqs] Processed 1001 reads in 0.609 CPU sec, 0.078 real sec
[M::mem_process_seqs] Processed 1001 reads in 0.688 CPU sec, 0.088 real sec
[M::mem_process_seqs] Processed 1001 reads in 0.652 CPU sec, 0.083 real sec
55135 [main] INFO main.java.edu.mit.compbio.bisulfitehic.mapping.Bhmem  - Processing reads 153000 ...
55135 [main] INFO main.java.edu.mit.compbio.bisulfitehic.mapping.Bhmem  - Unique mapped and paired reads 151182 ...
55138 [main] INFO main.java.edu.mit.compbio.bisulfitehic.mapping.Bhmem  - Processing reads 154000 ...
55138 [main] INFO main.java.edu.mit.compbio.bisulfitehic.mapping.Bhmem  - Unique mapped and paired reads 151182 ...
[M::mem_process_seqs] Processed 1001 reads in 0.671 CPU sec, 0.086 real sec
[M::mem_process_seqs] Processed 1001 reads in 0.668 CPU sec, 0.092 real sec
[M::mem_process_seqs] Processed 1001 reads in 0.675 CPU sec, 0.085 real sec
[M::mem_process_seqs] Processed 1001 reads in 0.696 CPU sec, 0.089 real sec
55613 [main] INFO main.java.edu.mit.compbio.bisulfitehic.mapping.Bhmem  - Processing reads 155000 ...
55613 [main] INFO main.java.edu.mit.compbio.bisulfitehic.mapping.Bhmem  - Unique mapped and paired reads 153180 ...
55616 [main] INFO main.java.edu.mit.compbio.bisulfitehic.mapping.Bhmem  - Processing reads 156000 ...
55616 [main] INFO main.java.edu.mit.compbio.bisulfitehic.mapping.Bhmem  - Unique mapped and paired reads 153180 ...
[M::mem_process_seqs] Processed 1001 reads in 0.729 CPU sec, 0.092 real sec
[M::mem_process_seqs] Processed 1001 reads in 0.595 CPU sec, 0.075 real sec
[M::mem_process_seqs] Processed 1001 reads in 0.718 CPU sec, 0.100 real sec
[M::mem_process_seqs] Processed 1001 reads in 0.721 CPU sec, 0.091 real sec
56097 [main] INFO main.java.edu.mit.compbio.bisulfitehic.mapping.Bhmem  - Processing reads 157000 ...
56097 [main] INFO main.java.edu.mit.compbio.bisulfitehic.mapping.Bhmem  - Unique mapped and paired reads 155172 ...
56100 [main] INFO main.java.edu.mit.compbio.bisulfitehic.mapping.Bhmem  - Processing reads 158000 ...
56100 [main] INFO main.java.edu.mit.compbio.bisulfitehic.mapping.Bhmem  - Unique mapped and paired reads 155172 ...
[M::mem_process_seqs] Processed 1001 reads in 0.705 CPU sec, 0.089 real sec
[M::mem_process_seqs] Processed 1001 reads in 0.645 CPU sec, 0.089 real sec
[M::mem_process_seqs] Processed 1001 reads in 0.704 CPU sec, 0.089 real sec
[M::mem_process_seqs] Processed 1001 reads in 0.679 CPU sec, 0.086 real sec
56575 [main] INFO main.java.edu.mit.compbio.bisulfitehic.mapping.Bhmem  - Processing reads 159000 ...
56575 [main] INFO main.java.edu.mit.compbio.bisulfitehic.mapping.Bhmem  - Unique mapped and paired reads 157160 ...
56578 [main] INFO main.java.edu.mit.compbio.bisulfitehic.mapping.Bhmem  - Processing reads 160000 ...
56578 [main] INFO main.java.edu.mit.compbio.bisulfitehic.mapping.Bhmem  - Unique mapped and paired reads 157160 ...
[M::mem_process_seqs] Processed 1001 reads in 0.693 CPU sec, 0.089 real sec
[M::mem_process_seqs] Processed 1001 reads in 0.607 CPU sec, 0.080 real sec
[M::mem_process_seqs] Processed 1001 reads in 0.692 CPU sec, 0.089 real sec
[M::mem_process_seqs] Processed 1001 reads in 0.681 CPU sec, 0.093 real sec
57049 [main] INFO main.java.edu.mit.compbio.bisulfitehic.mapping.Bhmem  - Processing reads 161000 ...
57049 [main] INFO main.java.edu.mit.compbio.bisulfitehic.mapping.Bhmem  - Unique mapped and paired reads 159146 ...
57052 [main] INFO main.java.edu.mit.compbio.bisulfitehic.mapping.Bhmem  - Processing reads 162000 ...
57052 [main] INFO main.java.edu.mit.compbio.bisulfitehic.mapping.Bhmem  - Unique mapped and paired reads 159146 ...
[M::mem_process_seqs] Processed 1001 reads in 0.672 CPU sec, 0.088 real sec
[M::mem_process_seqs] Processed 1001 reads in 0.618 CPU sec, 0.080 real sec
[M::mem_process_seqs] Processed 1001 reads in 0.726 CPU sec, 0.097 real sec
[M::mem_process_seqs] Processed 1001 reads in 0.744 CPU sec, 0.100 real sec
57543 [main] INFO main.java.edu.mit.compbio.bisulfitehic.mapping.Bhmem  - Processing reads 163000 ...
57543 [main] INFO main.java.edu.mit.compbio.bisulfitehic.mapping.Bhmem  - Unique mapped and paired reads 161144 ...
57546 [main] INFO main.java.edu.mit.compbio.bisulfitehic.mapping.Bhmem  - Processing reads 164000 ...
57546 [main] INFO main.java.edu.mit.compbio.bisulfitehic.mapping.Bhmem  - Unique mapped and paired reads 161144 ...
[M::mem_process_seqs] Processed 1001 reads in 0.694 CPU sec, 0.088 real sec
[M::mem_process_seqs] Processed 1001 reads in 0.594 CPU sec, 0.076 real sec
[M::mem_process_seqs] Processed 1001 reads in 0.711 CPU sec, 0.090 real sec
[M::mem_process_seqs] Processed 1001 reads in 0.664 CPU sec, 0.085 real sec
58005 [main] INFO main.java.edu.mit.compbio.bisulfitehic.mapping.Bhmem  - Processing reads 165000 ...
58005 [main] INFO main.java.edu.mit.compbio.bisulfitehic.mapping.Bhmem  - Unique mapped and paired reads 163134 ...
58011 [main] INFO main.java.edu.mit.compbio.bisulfitehic.mapping.Bhmem  - Processing reads 166000 ...
58011 [main] INFO main.java.edu.mit.compbio.bisulfitehic.mapping.Bhmem  - Unique mapped and paired reads 163134 ...
[M::mem_process_seqs] Processed 1001 reads in 0.735 CPU sec, 0.099 real sec
[M::mem_process_seqs] Processed 1001 reads in 0.664 CPU sec, 0.089 real sec
[M::mem_process_seqs] Processed 1001 reads in 0.758 CPU sec, 0.096 real sec
[M::mem_process_seqs] Processed 1001 reads in 0.720 CPU sec, 0.091 real sec
58507 [main] INFO main.java.edu.mit.compbio.bisulfitehic.mapping.Bhmem  - Processing reads 167000 ...
58507 [main] INFO main.java.edu.mit.compbio.bisulfitehic.mapping.Bhmem  - Unique mapped and paired reads 165136 ...
58509 [main] INFO main.java.edu.mit.compbio.bisulfitehic.mapping.Bhmem  - Processing reads 168000 ...
58509 [main] INFO main.java.edu.mit.compbio.bisulfitehic.mapping.Bhmem  - Unique mapped and paired reads 165136 ...
[M::mem_process_seqs] Processed 1001 reads in 0.672 CPU sec, 0.094 real sec
[M::mem_process_seqs] Processed 1001 reads in 0.617 CPU sec, 0.080 real sec
[M::mem_process_seqs] Processed 1001 reads in 0.643 CPU sec, 0.084 real sec
[M::mem_process_seqs] Processed 1001 reads in 0.647 CPU sec, 0.086 real sec
58986 [main] INFO main.java.edu.mit.compbio.bisulfitehic.mapping.Bhmem  - Processing reads 169000 ...
58986 [main] INFO main.java.edu.mit.compbio.bisulfitehic.mapping.Bhmem  - Unique mapped and paired reads 167124 ...
58989 [main] INFO main.java.edu.mit.compbio.bisulfitehic.mapping.Bhmem  - Processing reads 170000 ...
58989 [main] INFO main.java.edu.mit.compbio.bisulfitehic.mapping.Bhmem  - Unique mapped and paired reads 167124 ...
[M::mem_process_seqs] Processed 1001 reads in 0.691 CPU sec, 0.089 real sec
[M::mem_process_seqs] Processed 1001 reads in 0.609 CPU sec, 0.082 real sec
[M::mem_process_seqs] Processed 1001 reads in 0.665 CPU sec, 0.090 real sec
[M::mem_process_seqs] Processed 1001 reads in 0.653 CPU sec, 0.084 real sec
59458 [main] INFO main.java.edu.mit.compbio.bisulfitehic.mapping.Bhmem  - Processing reads 171000 ...
59458 [main] INFO main.java.edu.mit.compbio.bisulfitehic.mapping.Bhmem  - Unique mapped and paired reads 169106 ...
59461 [main] INFO main.java.edu.mit.compbio.bisulfitehic.mapping.Bhmem  - Processing reads 172000 ...
59461 [main] INFO main.java.edu.mit.compbio.bisulfitehic.mapping.Bhmem  - Unique mapped and paired reads 169106 ...
[M::mem_process_seqs] Processed 1001 reads in 0.662 CPU sec, 0.084 real sec
[M::mem_process_seqs] Processed 1001 reads in 0.612 CPU sec, 0.085 real sec
[M::mem_process_seqs] Processed 1001 reads in 0.645 CPU sec, 0.082 real sec
[M::mem_process_seqs] Processed 1001 reads in 0.657 CPU sec, 0.093 real sec
59929 [main] INFO main.java.edu.mit.compbio.bisulfitehic.mapping.Bhmem  - Processing reads 173000 ...
59929 [main] INFO main.java.edu.mit.compbio.bisulfitehic.mapping.Bhmem  - Unique mapped and paired reads 171094 ...
59932 [main] INFO main.java.edu.mit.compbio.bisulfitehic.mapping.Bhmem  - Processing reads 174000 ...
59932 [main] INFO main.java.edu.mit.compbio.bisulfitehic.mapping.Bhmem  - Unique mapped and paired reads 171094 ...
[M::mem_process_seqs] Processed 1001 reads in 0.673 CPU sec, 0.085 real sec
[M::mem_process_seqs] Processed 1001 reads in 0.583 CPU sec, 0.080 real sec
[M::mem_process_seqs] Processed 1001 reads in 0.678 CPU sec, 0.091 real sec
[M::mem_process_seqs] Processed 1001 reads in 0.649 CPU sec, 0.082 real sec
60393 [main] INFO main.java.edu.mit.compbio.bisulfitehic.mapping.Bhmem  - Processing reads 175000 ...
60394 [main] INFO main.java.edu.mit.compbio.bisulfitehic.mapping.Bhmem  - Unique mapped and paired reads 173084 ...
60396 [main] INFO main.java.edu.mit.compbio.bisulfitehic.mapping.Bhmem  - Processing reads 176000 ...
60396 [main] INFO main.java.edu.mit.compbio.bisulfitehic.mapping.Bhmem  - Unique mapped and paired reads 173084 ...
[M::mem_process_seqs] Processed 1001 reads in 0.680 CPU sec, 0.087 real sec
[M::mem_process_seqs] Processed 1001 reads in 0.586 CPU sec, 0.076 real sec
[M::mem_process_seqs] Processed 1001 reads in 0.669 CPU sec, 0.097 real sec
[M::mem_process_seqs] Processed 1001 reads in 0.714 CPU sec, 0.095 real sec
60877 [main] INFO main.java.edu.mit.compbio.bisulfitehic.mapping.Bhmem  - Processing reads 177000 ...
60877 [main] INFO main.java.edu.mit.compbio.bisulfitehic.mapping.Bhmem  - Unique mapped and paired reads 175080 ...
60881 [main] INFO main.java.edu.mit.compbio.bisulfitehic.mapping.Bhmem  - Processing reads 178000 ...
60881 [main] INFO main.java.edu.mit.compbio.bisulfitehic.mapping.Bhmem  - Unique mapped and paired reads 175080 ...
[M::mem_process_seqs] Processed 1001 reads in 0.672 CPU sec, 0.087 real sec
[M::mem_process_seqs] Processed 1001 reads in 0.549 CPU sec, 0.070 real sec
[M::mem_process_seqs] Processed 1001 reads in 0.596 CPU sec, 0.082 real sec
[M::mem_process_seqs] Processed 1001 reads in 0.583 CPU sec, 0.079 real sec
61318 [main] INFO main.java.edu.mit.compbio.bisulfitehic.mapping.Bhmem  - Processing reads 179000 ...
61318 [main] INFO main.java.edu.mit.compbio.bisulfitehic.mapping.Bhmem  - Unique mapped and paired reads 177068 ...
61321 [main] INFO main.java.edu.mit.compbio.bisulfitehic.mapping.Bhmem  - Processing reads 180000 ...
61321 [main] INFO main.java.edu.mit.compbio.bisulfitehic.mapping.Bhmem  - Unique mapped and paired reads 177068 ...
[M::mem_process_seqs] Processed 1001 reads in 0.719 CPU sec, 0.092 real sec
[M::mem_process_seqs] Processed 1001 reads in 0.626 CPU sec, 0.082 real sec
[M::mem_process_seqs] Processed 1001 reads in 0.663 CPU sec, 0.091 real sec
[M::mem_process_seqs] Processed 1001 reads in 0.651 CPU sec, 0.086 real sec
61799 [main] INFO main.java.edu.mit.compbio.bisulfitehic.mapping.Bhmem  - Processing reads 181000 ...
61799 [main] INFO main.java.edu.mit.compbio.bisulfitehic.mapping.Bhmem  - Unique mapped and paired reads 179052 ...
61802 [main] INFO main.java.edu.mit.compbio.bisulfitehic.mapping.Bhmem  - Processing reads 182000 ...
61802 [main] INFO main.java.edu.mit.compbio.bisulfitehic.mapping.Bhmem  - Unique mapped and paired reads 179052 ...
[M::mem_process_seqs] Processed 1001 reads in 0.700 CPU sec, 0.094 real sec
[M::mem_process_seqs] Processed 1001 reads in 0.634 CPU sec, 0.085 real sec
[M::mem_process_seqs] Processed 1001 reads in 0.723 CPU sec, 0.094 real sec
[M::mem_process_seqs] Processed 1001 reads in 0.706 CPU sec, 0.091 real sec
62292 [main] INFO main.java.edu.mit.compbio.bisulfitehic.mapping.Bhmem  - Processing reads 183000 ...
62293 [main] INFO main.java.edu.mit.compbio.bisulfitehic.mapping.Bhmem  - Unique mapped and paired reads 181036 ...
62295 [main] INFO main.java.edu.mit.compbio.bisulfitehic.mapping.Bhmem  - Processing reads 184000 ...
62295 [main] INFO main.java.edu.mit.compbio.bisulfitehic.mapping.Bhmem  - Unique mapped and paired reads 181036 ...
[M::mem_process_seqs] Processed 1001 reads in 0.745 CPU sec, 0.095 real sec
[M::mem_process_seqs] Processed 1001 reads in 0.594 CPU sec, 0.075 real sec
[M::mem_process_seqs] Processed 1001 reads in 0.724 CPU sec, 0.098 real sec
[M::mem_process_seqs] Processed 1001 reads in 0.704 CPU sec, 0.094 real sec
62782 [main] INFO main.java.edu.mit.compbio.bisulfitehic.mapping.Bhmem  - Processing reads 185000 ...
62782 [main] INFO main.java.edu.mit.compbio.bisulfitehic.mapping.Bhmem  - Unique mapped and paired reads 183032 ...
62785 [main] INFO main.java.edu.mit.compbio.bisulfitehic.mapping.Bhmem  - Processing reads 186000 ...
62785 [main] INFO main.java.edu.mit.compbio.bisulfitehic.mapping.Bhmem  - Unique mapped and paired reads 183032 ...
[M::mem_process_seqs] Processed 1001 reads in 0.664 CPU sec, 0.085 real sec
[M::mem_process_seqs] Processed 1001 reads in 0.599 CPU sec, 0.079 real sec
[M::mem_process_seqs] Processed 1001 reads in 0.697 CPU sec, 0.090 real sec
[M::mem_process_seqs] Processed 1001 reads in 0.701 CPU sec, 0.101 real sec
63272 [main] INFO main.java.edu.mit.compbio.bisulfitehic.mapping.Bhmem  - Processing reads 187000 ...
63272 [main] INFO main.java.edu.mit.compbio.bisulfitehic.mapping.Bhmem  - Unique mapped and paired reads 185022 ...
63275 [main] INFO main.java.edu.mit.compbio.bisulfitehic.mapping.Bhmem  - Processing reads 188000 ...
63275 [main] INFO main.java.edu.mit.compbio.bisulfitehic.mapping.Bhmem  - Unique mapped and paired reads 185022 ...
[M::mem_process_seqs] Processed 1001 reads in 0.711 CPU sec, 0.091 real sec
[M::mem_process_seqs] Processed 1001 reads in 0.615 CPU sec, 0.079 real sec
[M::mem_process_seqs] Processed 1001 reads in 0.620 CPU sec, 0.079 real sec
[M::mem_process_seqs] Processed 1001 reads in 0.635 CPU sec, 0.084 real sec
63729 [main] INFO main.java.edu.mit.compbio.bisulfitehic.mapping.Bhmem  - Processing reads 189000 ...
63729 [main] INFO main.java.edu.mit.compbio.bisulfitehic.mapping.Bhmem  - Unique mapped and paired reads 187014 ...
63732 [main] INFO main.java.edu.mit.compbio.bisulfitehic.mapping.Bhmem  - Processing reads 190000 ...
63732 [main] INFO main.java.edu.mit.compbio.bisulfitehic.mapping.Bhmem  - Unique mapped and paired reads 187014 ...
[M::mem_process_seqs] Processed 1001 reads in 0.694 CPU sec, 0.094 real sec
[M::mem_process_seqs] Processed 1001 reads in 0.634 CPU sec, 0.085 real sec
[M::mem_process_seqs] Processed 1001 reads in 0.685 CPU sec, 0.088 real sec
[M::mem_process_seqs] Processed 1001 reads in 0.673 CPU sec, 0.091 real sec
64217 [main] INFO main.java.edu.mit.compbio.bisulfitehic.mapping.Bhmem  - Processing reads 191000 ...
64218 [main] INFO main.java.edu.mit.compbio.bisulfitehic.mapping.Bhmem  - Unique mapped and paired reads 188998 ...
64220 [main] INFO main.java.edu.mit.compbio.bisulfitehic.mapping.Bhmem  - Processing reads 192000 ...
64221 [main] INFO main.java.edu.mit.compbio.bisulfitehic.mapping.Bhmem  - Unique mapped and paired reads 188998 ...
[M::mem_process_seqs] Processed 1001 reads in 0.696 CPU sec, 0.089 real sec
[M::mem_process_seqs] Processed 1001 reads in 0.576 CPU sec, 0.073 real sec
[M::mem_process_seqs] Processed 1001 reads in 0.689 CPU sec, 0.087 real sec
[M::mem_process_seqs] Processed 1001 reads in 0.631 CPU sec, 0.080 real sec
64678 [main] INFO main.java.edu.mit.compbio.bisulfitehic.mapping.Bhmem  - Processing reads 193000 ...
64678 [main] INFO main.java.edu.mit.compbio.bisulfitehic.mapping.Bhmem  - Unique mapped and paired reads 190992 ...
64681 [main] INFO main.java.edu.mit.compbio.bisulfitehic.mapping.Bhmem  - Processing reads 194000 ...
64681 [main] INFO main.java.edu.mit.compbio.bisulfitehic.mapping.Bhmem  - Unique mapped and paired reads 190992 ...
[M::mem_process_seqs] Processed 1001 reads in 0.704 CPU sec, 0.090 real sec
[M::mem_process_seqs] Processed 1001 reads in 0.624 CPU sec, 0.079 real sec
[M::mem_process_seqs] Processed 1001 reads in 0.681 CPU sec, 0.087 real sec
[M::mem_process_seqs] Processed 1001 reads in 0.668 CPU sec, 0.089 real sec
65150 [main] INFO main.java.edu.mit.compbio.bisulfitehic.mapping.Bhmem  - Processing reads 195000 ...
65150 [main] INFO main.java.edu.mit.compbio.bisulfitehic.mapping.Bhmem  - Unique mapped and paired reads 192972 ...
65153 [main] INFO main.java.edu.mit.compbio.bisulfitehic.mapping.Bhmem  - Processing reads 196000 ...
65153 [main] INFO main.java.edu.mit.compbio.bisulfitehic.mapping.Bhmem  - Unique mapped and paired reads 192972 ...
[M::mem_process_seqs] Processed 1001 reads in 0.701 CPU sec, 0.090 real sec
[M::mem_process_seqs] Processed 1001 reads in 0.589 CPU sec, 0.074 real sec
[M::mem_process_seqs] Processed 1001 reads in 0.728 CPU sec, 0.102 real sec
[M::mem_process_seqs] Processed 1001 reads in 0.715 CPU sec, 0.104 real sec
65646 [main] INFO main.java.edu.mit.compbio.bisulfitehic.mapping.Bhmem  - Processing reads 197000 ...
65646 [main] INFO main.java.edu.mit.compbio.bisulfitehic.mapping.Bhmem  - Unique mapped and paired reads 194960 ...
65649 [main] INFO main.java.edu.mit.compbio.bisulfitehic.mapping.Bhmem  - Processing reads 198000 ...
65649 [main] INFO main.java.edu.mit.compbio.bisulfitehic.mapping.Bhmem  - Unique mapped and paired reads 194960 ...
[M::mem_process_seqs] Processed 1001 reads in 0.702 CPU sec, 0.089 real sec
[M::mem_process_seqs] Processed 1001 reads in 0.602 CPU sec, 0.076 real sec
[M::mem_process_seqs] Processed 1001 reads in 0.638 CPU sec, 0.085 real sec
[M::mem_process_seqs] Processed 1001 reads in 0.642 CPU sec, 0.082 real sec
66104 [main] INFO main.java.edu.mit.compbio.bisulfitehic.mapping.Bhmem  - Processing reads 199000 ...
66104 [main] INFO main.java.edu.mit.compbio.bisulfitehic.mapping.Bhmem  - Unique mapped and paired reads 196942 ...
66107 [main] INFO main.java.edu.mit.compbio.bisulfitehic.mapping.Bhmem  - Processing reads 200000 ...
66107 [main] INFO main.java.edu.mit.compbio.bisulfitehic.mapping.Bhmem  - Unique mapped and paired reads 196942 ...
[M::mem_process_seqs] Processed 1001 reads in 0.690 CPU sec, 0.088 real sec
[M::mem_process_seqs] Processed 1001 reads in 0.573 CPU sec, 0.079 real sec
[M::mem_process_seqs] Processed 1001 reads in 0.696 CPU sec, 0.096 real sec
[M::mem_process_seqs] Processed 1001 reads in 0.630 CPU sec, 0.080 real sec
66573 [main] INFO main.java.edu.mit.compbio.bisulfitehic.mapping.Bhmem  - Processing reads 201000 ...
66573 [main] INFO main.java.edu.mit.compbio.bisulfitehic.mapping.Bhmem  - Unique mapped and paired reads 198920 ...
66576 [main] INFO main.java.edu.mit.compbio.bisulfitehic.mapping.Bhmem  - Processing reads 202000 ...
66576 [main] INFO main.java.edu.mit.compbio.bisulfitehic.mapping.Bhmem  - Unique mapped and paired reads 198920 ...
[M::mem_process_seqs] Processed 1001 reads in 0.736 CPU sec, 0.094 real sec
[M::mem_process_seqs] Processed 1001 reads in 0.639 CPU sec, 0.085 real sec
[M::mem_process_seqs] Processed 1001 reads in 0.717 CPU sec, 0.091 real sec
[M::mem_process_seqs] Processed 1001 reads in 0.734 CPU sec, 0.093 real sec
67067 [main] INFO main.java.edu.mit.compbio.bisulfitehic.mapping.Bhmem  - Processing reads 203000 ...
67067 [main] INFO main.java.edu.mit.compbio.bisulfitehic.mapping.Bhmem  - Unique mapped and paired reads 200898 ...
67070 [main] INFO main.java.edu.mit.compbio.bisulfitehic.mapping.Bhmem  - Processing reads 204000 ...
67070 [main] INFO main.java.edu.mit.compbio.bisulfitehic.mapping.Bhmem  - Unique mapped and paired reads 200898 ...
[M::mem_process_seqs] Processed 1001 reads in 0.756 CPU sec, 0.097 real sec
[M::mem_process_seqs] Processed 1001 reads in 0.608 CPU sec, 0.077 real sec
[M::mem_process_seqs] Processed 1001 reads in 0.716 CPU sec, 0.090 real sec
[M::mem_process_seqs] Processed 1001 reads in 0.691 CPU sec, 0.088 real sec
67546 [main] INFO main.java.edu.mit.compbio.bisulfitehic.mapping.Bhmem  - Processing reads 205000 ...
67546 [main] INFO main.java.edu.mit.compbio.bisulfitehic.mapping.Bhmem  - Unique mapped and paired reads 202882 ...
67548 [main] INFO main.java.edu.mit.compbio.bisulfitehic.mapping.Bhmem  - Processing reads 206000 ...
67549 [main] INFO main.java.edu.mit.compbio.bisulfitehic.mapping.Bhmem  - Unique mapped and paired reads 202882 ...
[M::mem_process_seqs] Processed 1001 reads in 0.708 CPU sec, 0.090 real sec
[M::mem_process_seqs] Processed 1001 reads in 0.665 CPU sec, 0.086 real sec
[M::mem_process_seqs] Processed 1001 reads in 0.716 CPU sec, 0.096 real sec
[M::mem_process_seqs] Processed 1001 reads in 0.735 CPU sec, 0.104 real sec
68053 [main] INFO main.java.edu.mit.compbio.bisulfitehic.mapping.Bhmem  - Processing reads 207000 ...
68053 [main] INFO main.java.edu.mit.compbio.bisulfitehic.mapping.Bhmem  - Unique mapped and paired reads 204882 ...
68056 [main] INFO main.java.edu.mit.compbio.bisulfitehic.mapping.Bhmem  - Processing reads 208000 ...
68056 [main] INFO main.java.edu.mit.compbio.bisulfitehic.mapping.Bhmem  - Unique mapped and paired reads 204882 ...
[M::mem_process_seqs] Processed 1001 reads in 0.784 CPU sec, 0.100 real sec
[M::mem_process_seqs] Processed 1001 reads in 0.598 CPU sec, 0.086 real sec
[M::mem_process_seqs] Processed 1001 reads in 0.787 CPU sec, 0.099 real sec
[M::mem_process_seqs] Processed 1001 reads in 0.680 CPU sec, 0.086 real sec
68605 [main] INFO main.java.edu.mit.compbio.bisulfitehic.mapping.Bhmem  - Processing reads 209000 ...
68606 [main] INFO main.java.edu.mit.compbio.bisulfitehic.mapping.Bhmem  - Unique mapped and paired reads 206876 ...
68613 [main] INFO main.java.edu.mit.compbio.bisulfitehic.mapping.Bhmem  - Processing reads 210000 ...
68613 [main] INFO main.java.edu.mit.compbio.bisulfitehic.mapping.Bhmem  - Unique mapped and paired reads 206876 ...
[M::mem_process_seqs] Processed 1001 reads in 0.663 CPU sec, 0.084 real sec
[M::mem_process_seqs] Processed 1001 reads in 0.610 CPU sec, 0.079 real sec
[M::mem_process_seqs] Processed 1001 reads in 0.678 CPU sec, 0.087 real sec
[M::mem_process_seqs] Processed 1001 reads in 0.673 CPU sec, 0.091 real sec
69080 [main] INFO main.java.edu.mit.compbio.bisulfitehic.mapping.Bhmem  - Processing reads 211000 ...
69080 [main] INFO main.java.edu.mit.compbio.bisulfitehic.mapping.Bhmem  - Unique mapped and paired reads 208856 ...
69083 [main] INFO main.java.edu.mit.compbio.bisulfitehic.mapping.Bhmem  - Processing reads 212000 ...
69083 [main] INFO main.java.edu.mit.compbio.bisulfitehic.mapping.Bhmem  - Unique mapped and paired reads 208856 ...
[M::mem_process_seqs] Processed 1001 reads in 0.746 CPU sec, 0.094 real sec
[M::mem_process_seqs] Processed 1001 reads in 0.649 CPU sec, 0.085 real sec
[M::mem_process_seqs] Processed 1001 reads in 0.758 CPU sec, 0.097 real sec
[M::mem_process_seqs] Processed 1001 reads in 0.747 CPU sec, 0.100 real sec
69589 [main] INFO main.java.edu.mit.compbio.bisulfitehic.mapping.Bhmem  - Processing reads 213000 ...
69589 [main] INFO main.java.edu.mit.compbio.bisulfitehic.mapping.Bhmem  - Unique mapped and paired reads 210840 ...
69592 [main] INFO main.java.edu.mit.compbio.bisulfitehic.mapping.Bhmem  - Processing reads 214000 ...
69592 [main] INFO main.java.edu.mit.compbio.bisulfitehic.mapping.Bhmem  - Unique mapped and paired reads 210840 ...
[M::mem_process_seqs] Processed 1001 reads in 0.676 CPU sec, 0.086 real sec
[M::mem_process_seqs] Processed 1001 reads in 0.581 CPU sec, 0.077 real sec
[M::mem_process_seqs] Processed 1001 reads in 0.707 CPU sec, 0.090 real sec
[M::mem_process_seqs] Processed 1001 reads in 0.719 CPU sec, 0.097 real sec
70072 [main] INFO main.java.edu.mit.compbio.bisulfitehic.mapping.Bhmem  - Processing reads 215000 ...
70072 [main] INFO main.java.edu.mit.compbio.bisulfitehic.mapping.Bhmem  - Unique mapped and paired reads 212828 ...
70075 [main] INFO main.java.edu.mit.compbio.bisulfitehic.mapping.Bhmem  - Processing reads 216000 ...
70075 [main] INFO main.java.edu.mit.compbio.bisulfitehic.mapping.Bhmem  - Unique mapped and paired reads 212828 ...
[M::mem_process_seqs] Processed 1001 reads in 0.717 CPU sec, 0.091 real sec
[M::mem_process_seqs] Processed 1001 reads in 0.594 CPU sec, 0.078 real sec
[M::mem_process_seqs] Processed 1001 reads in 0.758 CPU sec, 0.098 real sec
[M::mem_process_seqs] Processed 1001 reads in 0.721 CPU sec, 0.097 real sec
70570 [main] INFO main.java.edu.mit.compbio.bisulfitehic.mapping.Bhmem  - Processing reads 217000 ...
70570 [main] INFO main.java.edu.mit.compbio.bisulfitehic.mapping.Bhmem  - Unique mapped and paired reads 214820 ...
70574 [main] INFO main.java.edu.mit.compbio.bisulfitehic.mapping.Bhmem  - Processing reads 218000 ...
70574 [main] INFO main.java.edu.mit.compbio.bisulfitehic.mapping.Bhmem  - Unique mapped and paired reads 214820 ...
[M::mem_process_seqs] Processed 1001 reads in 0.701 CPU sec, 0.089 real sec
[M::mem_process_seqs] Processed 1001 reads in 0.611 CPU sec, 0.086 real sec
[M::mem_process_seqs] Processed 1001 reads in 0.754 CPU sec, 0.096 real sec
[M::mem_process_seqs] Processed 1001 reads in 0.741 CPU sec, 0.093 real sec
71068 [main] INFO main.java.edu.mit.compbio.bisulfitehic.mapping.Bhmem  - Processing reads 219000 ...
71068 [main] INFO main.java.edu.mit.compbio.bisulfitehic.mapping.Bhmem  - Unique mapped and paired reads 216812 ...
71071 [main] INFO main.java.edu.mit.compbio.bisulfitehic.mapping.Bhmem  - Processing reads 220000 ...
71071 [main] INFO main.java.edu.mit.compbio.bisulfitehic.mapping.Bhmem  - Unique mapped and paired reads 216812 ...
[M::mem_process_seqs] Processed 1001 reads in 0.667 CPU sec, 0.085 real sec
[M::mem_process_seqs] Processed 1001 reads in 0.608 CPU sec, 0.082 real sec
[M::mem_process_seqs] Processed 1001 reads in 0.753 CPU sec, 0.096 real sec
[M::mem_process_seqs] Processed 1001 reads in 0.750 CPU sec, 0.095 real sec
71560 [main] INFO main.java.edu.mit.compbio.bisulfitehic.mapping.Bhmem  - Processing reads 221000 ...
71560 [main] INFO main.java.edu.mit.compbio.bisulfitehic.mapping.Bhmem  - Unique mapped and paired reads 218798 ...
71563 [main] INFO main.java.edu.mit.compbio.bisulfitehic.mapping.Bhmem  - Processing reads 222000 ...
71563 [main] INFO main.java.edu.mit.compbio.bisulfitehic.mapping.Bhmem  - Unique mapped and paired reads 218798 ...
[M::mem_process_seqs] Processed 1001 reads in 0.698 CPU sec, 0.089 real sec
[M::mem_process_seqs] Processed 1001 reads in 0.604 CPU sec, 0.077 real sec
[M::mem_process_seqs] Processed 1001 reads in 0.750 CPU sec, 0.101 real sec
[M::mem_process_seqs] Processed 1001 reads in 0.691 CPU sec, 0.087 real sec
72055 [main] INFO main.java.edu.mit.compbio.bisulfitehic.mapping.Bhmem  - Processing reads 223000 ...
72055 [main] INFO main.java.edu.mit.compbio.bisulfitehic.mapping.Bhmem  - Unique mapped and paired reads 220788 ...
72058 [main] INFO main.java.edu.mit.compbio.bisulfitehic.mapping.Bhmem  - Processing reads 224000 ...
72058 [main] INFO main.java.edu.mit.compbio.bisulfitehic.mapping.Bhmem  - Unique mapped and paired reads 220788 ...
[M::mem_process_seqs] Processed 1001 reads in 0.677 CPU sec, 0.086 real sec
[M::mem_process_seqs] Processed 1001 reads in 0.612 CPU sec, 0.087 real sec
[M::mem_process_seqs] Processed 1001 reads in 0.735 CPU sec, 0.103 real sec
[M::mem_process_seqs] Processed 1001 reads in 0.761 CPU sec, 0.100 real sec
72562 [main] INFO main.java.edu.mit.compbio.bisulfitehic.mapping.Bhmem  - Processing reads 225000 ...
72562 [main] INFO main.java.edu.mit.compbio.bisulfitehic.mapping.Bhmem  - Unique mapped and paired reads 222774 ...
72565 [main] INFO main.java.edu.mit.compbio.bisulfitehic.mapping.Bhmem  - Processing reads 226000 ...
72565 [main] INFO main.java.edu.mit.compbio.bisulfitehic.mapping.Bhmem  - Unique mapped and paired reads 222774 ...
[M::mem_process_seqs] Processed 1001 reads in 0.598 CPU sec, 0.080 real sec
[M::mem_process_seqs] Processed 1001 reads in 0.526 CPU sec, 0.069 real sec
[M::mem_process_seqs] Processed 1001 reads in 0.630 CPU sec, 0.083 real sec
[M::mem_process_seqs] Processed 1001 reads in 0.598 CPU sec, 0.077 real sec
72986 [main] INFO main.java.edu.mit.compbio.bisulfitehic.mapping.Bhmem  - Processing reads 227000 ...
72987 [main] INFO main.java.edu.mit.compbio.bisulfitehic.mapping.Bhmem  - Unique mapped and paired reads 224756 ...
72989 [main] INFO main.java.edu.mit.compbio.bisulfitehic.mapping.Bhmem  - Processing reads 228000 ...
72989 [main] INFO main.java.edu.mit.compbio.bisulfitehic.mapping.Bhmem  - Unique mapped and paired reads 224756 ...
[M::mem_process_seqs] Processed 1001 reads in 0.577 CPU sec, 0.073 real sec
[M::mem_process_seqs] Processed 1001 reads in 0.494 CPU sec, 0.069 real sec
[M::mem_process_seqs] Processed 1001 reads in 0.638 CPU sec, 0.082 real sec
[M::mem_process_seqs] Processed 1001 reads in 0.581 CPU sec, 0.075 real sec
73397 [main] INFO main.java.edu.mit.compbio.bisulfitehic.mapping.Bhmem  - Processing reads 229000 ...
73398 [main] INFO main.java.edu.mit.compbio.bisulfitehic.mapping.Bhmem  - Unique mapped and paired reads 226736 ...
73400 [main] INFO main.java.edu.mit.compbio.bisulfitehic.mapping.Bhmem  - Processing reads 230000 ...
73400 [main] INFO main.java.edu.mit.compbio.bisulfitehic.mapping.Bhmem  - Unique mapped and paired reads 226736 ...
[M::mem_process_seqs] Processed 1001 reads in 0.602 CPU sec, 0.078 real sec
[M::mem_process_seqs] Processed 1001 reads in 0.472 CPU sec, 0.061 real sec
[M::mem_process_seqs] Processed 1001 reads in 0.599 CPU sec, 0.083 real sec
[M::mem_process_seqs] Processed 1001 reads in 0.591 CPU sec, 0.076 real sec
73808 [main] INFO main.java.edu.mit.compbio.bisulfitehic.mapping.Bhmem  - Processing reads 231000 ...
73808 [main] INFO main.java.edu.mit.compbio.bisulfitehic.mapping.Bhmem  - Unique mapped and paired reads 228724 ...
73811 [main] INFO main.java.edu.mit.compbio.bisulfitehic.mapping.Bhmem  - Processing reads 232000 ...
73811 [main] INFO main.java.edu.mit.compbio.bisulfitehic.mapping.Bhmem  - Unique mapped and paired reads 228724 ...
[M::mem_process_seqs] Processed 1001 reads in 0.658 CPU sec, 0.087 real sec
[M::mem_process_seqs] Processed 1001 reads in 0.522 CPU sec, 0.066 real sec
[M::mem_process_seqs] Processed 1001 reads in 0.684 CPU sec, 0.091 real sec
[M::mem_process_seqs] Processed 1001 reads in 0.643 CPU sec, 0.083 real sec
74248 [main] INFO main.java.edu.mit.compbio.bisulfitehic.mapping.Bhmem  - Processing reads 233000 ...
74248 [main] INFO main.java.edu.mit.compbio.bisulfitehic.mapping.Bhmem  - Unique mapped and paired reads 230708 ...
74251 [main] INFO main.java.edu.mit.compbio.bisulfitehic.mapping.Bhmem  - Processing reads 234000 ...
74251 [main] INFO main.java.edu.mit.compbio.bisulfitehic.mapping.Bhmem  - Unique mapped and paired reads 230708 ...
[M::mem_process_seqs] Processed 1001 reads in 0.579 CPU sec, 0.074 real sec
[M::mem_process_seqs] Processed 1001 reads in 0.452 CPU sec, 0.060 real sec
[M::mem_process_seqs] Processed 1001 reads in 0.598 CPU sec, 0.080 real sec
[M::mem_process_seqs] Processed 1001 reads in 0.526 CPU sec, 0.066 real sec
74641 [main] INFO main.java.edu.mit.compbio.bisulfitehic.mapping.Bhmem  - Processing reads 235000 ...
74641 [main] INFO main.java.edu.mit.compbio.bisulfitehic.mapping.Bhmem  - Unique mapped and paired reads 232696 ...
74644 [main] INFO main.java.edu.mit.compbio.bisulfitehic.mapping.Bhmem  - Processing reads 236000 ...
74644 [main] INFO main.java.edu.mit.compbio.bisulfitehic.mapping.Bhmem  - Unique mapped and paired reads 232696 ...
[M::mem_process_seqs] Processed 1001 reads in 0.581 CPU sec, 0.075 real sec
[M::mem_process_seqs] Processed 1001 reads in 0.502 CPU sec, 0.068 real sec
[M::mem_process_seqs] Processed 1001 reads in 0.584 CPU sec, 0.074 real sec
[M::mem_process_seqs] Processed 1001 reads in 0.563 CPU sec, 0.077 real sec
75052 [main] INFO main.java.edu.mit.compbio.bisulfitehic.mapping.Bhmem  - Processing reads 237000 ...
75052 [main] INFO main.java.edu.mit.compbio.bisulfitehic.mapping.Bhmem  - Unique mapped and paired reads 234676 ...
75055 [main] INFO main.java.edu.mit.compbio.bisulfitehic.mapping.Bhmem  - Processing reads 238000 ...
75055 [main] INFO main.java.edu.mit.compbio.bisulfitehic.mapping.Bhmem  - Unique mapped and paired reads 234676 ...
[M::mem_process_seqs] Processed 1001 reads in 0.591 CPU sec, 0.076 real sec
[M::mem_process_seqs] Processed 1001 reads in 0.558 CPU sec, 0.071 real sec
[M::mem_process_seqs] Processed 1001 reads in 0.647 CPU sec, 0.087 real sec
[M::mem_process_seqs] Processed 1001 reads in 0.614 CPU sec, 0.084 real sec
75491 [main] INFO main.java.edu.mit.compbio.bisulfitehic.mapping.Bhmem  - Processing reads 239000 ...
75491 [main] INFO main.java.edu.mit.compbio.bisulfitehic.mapping.Bhmem  - Unique mapped and paired reads 236664 ...
75494 [main] INFO main.java.edu.mit.compbio.bisulfitehic.mapping.Bhmem  - Processing reads 240000 ...
75494 [main] INFO main.java.edu.mit.compbio.bisulfitehic.mapping.Bhmem  - Unique mapped and paired reads 236664 ...
[M::mem_process_seqs] Processed 1001 reads in 0.681 CPU sec, 0.089 real sec
[M::mem_process_seqs] Processed 1001 reads in 0.639 CPU sec, 0.087 real sec
[M::mem_process_seqs] Processed 1001 reads in 0.678 CPU sec, 0.087 real sec
[M::mem_process_seqs] Processed 1001 reads in 0.659 CPU sec, 0.085 real sec
75953 [main] INFO main.java.edu.mit.compbio.bisulfitehic.mapping.Bhmem  - Processing reads 241000 ...
75953 [main] INFO main.java.edu.mit.compbio.bisulfitehic.mapping.Bhmem  - Unique mapped and paired reads 238652 ...
75956 [main] INFO main.java.edu.mit.compbio.bisulfitehic.mapping.Bhmem  - Processing reads 242000 ...
75956 [main] INFO main.java.edu.mit.compbio.bisulfitehic.mapping.Bhmem  - Unique mapped and paired reads 238652 ...
[M::mem_process_seqs] Processed 1001 reads in 0.591 CPU sec, 0.075 real sec
[M::mem_process_seqs] Processed 1001 reads in 0.523 CPU sec, 0.067 real sec
[M::mem_process_seqs] Processed 1001 reads in 0.600 CPU sec, 0.079 real sec
[M::mem_process_seqs] Processed 1001 reads in 0.652 CPU sec, 0.089 real sec
76379 [main] INFO main.java.edu.mit.compbio.bisulfitehic.mapping.Bhmem  - Processing reads 243000 ...
76379 [main] INFO main.java.edu.mit.compbio.bisulfitehic.mapping.Bhmem  - Unique mapped and paired reads 240632 ...
76382 [main] INFO main.java.edu.mit.compbio.bisulfitehic.mapping.Bhmem  - Processing reads 244000 ...
76382 [main] INFO main.java.edu.mit.compbio.bisulfitehic.mapping.Bhmem  - Unique mapped and paired reads 240632 ...
[M::mem_process_seqs] Processed 1001 reads in 0.655 CPU sec, 0.084 real sec
[M::mem_process_seqs] Processed 1001 reads in 0.529 CPU sec, 0.067 real sec
[M::mem_process_seqs] Processed 1001 reads in 0.622 CPU sec, 0.079 real sec
[M::mem_process_seqs] Processed 1001 reads in 0.641 CPU sec, 0.087 real sec
76814 [main] INFO main.java.edu.mit.compbio.bisulfitehic.mapping.Bhmem  - Processing reads 245000 ...
76814 [main] INFO main.java.edu.mit.compbio.bisulfitehic.mapping.Bhmem  - Unique mapped and paired reads 242618 ...
76817 [main] INFO main.java.edu.mit.compbio.bisulfitehic.mapping.Bhmem  - Processing reads 246000 ...
76817 [main] INFO main.java.edu.mit.compbio.bisulfitehic.mapping.Bhmem  - Unique mapped and paired reads 242618 ...
[M::mem_process_seqs] Processed 1001 reads in 0.634 CPU sec, 0.083 real sec
[M::mem_process_seqs] Processed 1001 reads in 0.499 CPU sec, 0.064 real sec
[M::mem_process_seqs] Processed 1001 reads in 0.656 CPU sec, 0.086 real sec
[M::mem_process_seqs] Processed 1001 reads in 0.609 CPU sec, 0.078 real sec
77239 [main] INFO main.java.edu.mit.compbio.bisulfitehic.mapping.Bhmem  - Processing reads 247000 ...
77239 [main] INFO main.java.edu.mit.compbio.bisulfitehic.mapping.Bhmem  - Unique mapped and paired reads 244606 ...
77242 [main] INFO main.java.edu.mit.compbio.bisulfitehic.mapping.Bhmem  - Processing reads 248000 ...
77242 [main] INFO main.java.edu.mit.compbio.bisulfitehic.mapping.Bhmem  - Unique mapped and paired reads 244606 ...
[M::mem_process_seqs] Processed 1001 reads in 0.617 CPU sec, 0.078 real sec
[M::mem_process_seqs] Processed 1001 reads in 0.529 CPU sec, 0.070 real sec
[M::mem_process_seqs] Processed 1001 reads in 0.620 CPU sec, 0.080 real sec
[M::mem_process_seqs] Processed 1001 reads in 0.619 CPU sec, 0.078 real sec
77657 [main] INFO main.java.edu.mit.compbio.bisulfitehic.mapping.Bhmem  - Processing reads 249000 ...
77657 [main] INFO main.java.edu.mit.compbio.bisulfitehic.mapping.Bhmem  - Unique mapped and paired reads 246596 ...
77660 [main] INFO main.java.edu.mit.compbio.bisulfitehic.mapping.Bhmem  - Processing reads 250000 ...
77660 [main] INFO main.java.edu.mit.compbio.bisulfitehic.mapping.Bhmem  - Unique mapped and paired reads 246596 ...
[M::mem_process_seqs] Processed 1001 reads in 0.623 CPU sec, 0.079 real sec
[M::mem_process_seqs] Processed 1001 reads in 0.524 CPU sec, 0.066 real sec
[M::mem_process_seqs] Processed 1001 reads in 0.587 CPU sec, 0.082 real sec
[M::mem_process_seqs] Processed 1001 reads in 0.612 CPU sec, 0.077 real sec
78077 [main] INFO main.java.edu.mit.compbio.bisulfitehic.mapping.Bhmem  - Processing reads 251000 ...
78077 [main] INFO main.java.edu.mit.compbio.bisulfitehic.mapping.Bhmem  - Unique mapped and paired reads 248588 ...
78080 [main] INFO main.java.edu.mit.compbio.bisulfitehic.mapping.Bhmem  - Processing reads 252000 ...
78080 [main] INFO main.java.edu.mit.compbio.bisulfitehic.mapping.Bhmem  - Unique mapped and paired reads 248588 ...
[M::mem_process_seqs] Processed 1001 reads in 0.586 CPU sec, 0.075 real sec
[M::mem_process_seqs] Processed 1001 reads in 0.511 CPU sec, 0.071 real sec
[M::mem_process_seqs] Processed 1001 reads in 0.610 CPU sec, 0.085 real sec
[M::mem_process_seqs] Processed 1001 reads in 0.562 CPU sec, 0.072 real sec
78497 [main] INFO main.java.edu.mit.compbio.bisulfitehic.mapping.Bhmem  - Processing reads 253000 ...
78497 [main] INFO main.java.edu.mit.compbio.bisulfitehic.mapping.Bhmem  - Unique mapped and paired reads 250574 ...
78500 [main] INFO main.java.edu.mit.compbio.bisulfitehic.mapping.Bhmem  - Processing reads 254000 ...
78500 [main] INFO main.java.edu.mit.compbio.bisulfitehic.mapping.Bhmem  - Unique mapped and paired reads 250574 ...
[M::mem_process_seqs] Processed 1001 reads in 0.641 CPU sec, 0.085 real sec
[M::mem_process_seqs] Processed 1001 reads in 0.581 CPU sec, 0.081 real sec
[M::mem_process_seqs] Processed 1001 reads in 0.601 CPU sec, 0.081 real sec
[M::mem_process_seqs] Processed 1001 reads in 0.641 CPU sec, 0.089 real sec
78952 [main] INFO main.java.edu.mit.compbio.bisulfitehic.mapping.Bhmem  - Processing reads 255000 ...
78952 [main] INFO main.java.edu.mit.compbio.bisulfitehic.mapping.Bhmem  - Unique mapped and paired reads 252566 ...
78954 [main] INFO main.java.edu.mit.compbio.bisulfitehic.mapping.Bhmem  - Processing reads 256000 ...
78954 [main] INFO main.java.edu.mit.compbio.bisulfitehic.mapping.Bhmem  - Unique mapped and paired reads 252566 ...
[M::mem_process_seqs] Processed 1001 reads in 0.634 CPU sec, 0.080 real sec
[M::mem_process_seqs] Processed 1001 reads in 0.548 CPU sec, 0.073 real sec
[M::mem_process_seqs] Processed 1001 reads in 0.679 CPU sec, 0.095 real sec
[M::mem_process_seqs] Processed 1001 reads in 0.622 CPU sec, 0.082 real sec
79398 [main] INFO main.java.edu.mit.compbio.bisulfitehic.mapping.Bhmem  - Processing reads 257000 ...
79398 [main] INFO main.java.edu.mit.compbio.bisulfitehic.mapping.Bhmem  - Unique mapped and paired reads 254550 ...
79401 [main] INFO main.java.edu.mit.compbio.bisulfitehic.mapping.Bhmem  - Processing reads 258000 ...
79401 [main] INFO main.java.edu.mit.compbio.bisulfitehic.mapping.Bhmem  - Unique mapped and paired reads 254550 ...
[M::mem_process_seqs] Processed 1001 reads in 0.593 CPU sec, 0.080 real sec
[M::mem_process_seqs] Processed 1001 reads in 0.510 CPU sec, 0.067 real sec
[M::mem_process_seqs] Processed 1001 reads in 0.632 CPU sec, 0.080 real sec
[M::mem_process_seqs] Processed 1001 reads in 0.562 CPU sec, 0.072 real sec
79812 [main] INFO main.java.edu.mit.compbio.bisulfitehic.mapping.Bhmem  - Processing reads 259000 ...
79812 [main] INFO main.java.edu.mit.compbio.bisulfitehic.mapping.Bhmem  - Unique mapped and paired reads 256536 ...
79815 [main] INFO main.java.edu.mit.compbio.bisulfitehic.mapping.Bhmem  - Processing reads 260000 ...
79815 [main] INFO main.java.edu.mit.compbio.bisulfitehic.mapping.Bhmem  - Unique mapped and paired reads 256536 ...
[M::mem_process_seqs] Processed 1001 reads in 0.625 CPU sec, 0.079 real sec
[M::mem_process_seqs] Processed 1001 reads in 0.544 CPU sec, 0.074 real sec
[M::mem_process_seqs] Processed 1001 reads in 0.653 CPU sec, 0.091 real sec
[M::mem_process_seqs] Processed 1001 reads in 0.658 CPU sec, 0.083 real sec
80257 [main] INFO main.java.edu.mit.compbio.bisulfitehic.mapping.Bhmem  - Processing reads 261000 ...
80257 [main] INFO main.java.edu.mit.compbio.bisulfitehic.mapping.Bhmem  - Unique mapped and paired reads 258524 ...
80259 [main] INFO main.java.edu.mit.compbio.bisulfitehic.mapping.Bhmem  - Processing reads 262000 ...
80259 [main] INFO main.java.edu.mit.compbio.bisulfitehic.mapping.Bhmem  - Unique mapped and paired reads 258524 ...
[M::mem_process_seqs] Processed 1001 reads in 0.610 CPU sec, 0.078 real sec
[M::mem_process_seqs] Processed 1001 reads in 0.542 CPU sec, 0.077 real sec
[M::mem_process_seqs] Processed 1001 reads in 0.637 CPU sec, 0.080 real sec
[M::mem_process_seqs] Processed 1001 reads in 0.618 CPU sec, 0.086 real sec
80699 [main] INFO main.java.edu.mit.compbio.bisulfitehic.mapping.Bhmem  - Processing reads 263000 ...
80700 [main] INFO main.java.edu.mit.compbio.bisulfitehic.mapping.Bhmem  - Unique mapped and paired reads 260512 ...
80702 [main] INFO main.java.edu.mit.compbio.bisulfitehic.mapping.Bhmem  - Processing reads 264000 ...
80702 [main] INFO main.java.edu.mit.compbio.bisulfitehic.mapping.Bhmem  - Unique mapped and paired reads 260512 ...
[M::mem_process_seqs] Processed 1001 reads in 0.658 CPU sec, 0.083 real sec
[M::mem_process_seqs] Processed 1001 reads in 0.580 CPU sec, 0.080 real sec
[M::mem_process_seqs] Processed 1001 reads in 0.624 CPU sec, 0.079 real sec
[M::mem_process_seqs] Processed 1001 reads in 0.628 CPU sec, 0.080 real sec
81143 [main] INFO main.java.edu.mit.compbio.bisulfitehic.mapping.Bhmem  - Processing reads 265000 ...
81143 [main] INFO main.java.edu.mit.compbio.bisulfitehic.mapping.Bhmem  - Unique mapped and paired reads 262506 ...
81146 [main] INFO main.java.edu.mit.compbio.bisulfitehic.mapping.Bhmem  - Processing reads 266000 ...
81146 [main] INFO main.java.edu.mit.compbio.bisulfitehic.mapping.Bhmem  - Unique mapped and paired reads 262506 ...
[M::mem_process_seqs] Processed 1001 reads in 0.657 CPU sec, 0.092 real sec
[M::mem_process_seqs] Processed 1001 reads in 0.589 CPU sec, 0.076 real sec
[M::mem_process_seqs] Processed 1001 reads in 0.676 CPU sec, 0.093 real sec
[M::mem_process_seqs] Processed 1001 reads in 0.657 CPU sec, 0.086 real sec
81611 [main] INFO main.java.edu.mit.compbio.bisulfitehic.mapping.Bhmem  - Processing reads 267000 ...
81611 [main] INFO main.java.edu.mit.compbio.bisulfitehic.mapping.Bhmem  - Unique mapped and paired reads 264498 ...
81614 [main] INFO main.java.edu.mit.compbio.bisulfitehic.mapping.Bhmem  - Processing reads 268000 ...
81614 [main] INFO main.java.edu.mit.compbio.bisulfitehic.mapping.Bhmem  - Unique mapped and paired reads 264498 ...
[M::mem_process_seqs] Processed 1001 reads in 0.710 CPU sec, 0.091 real sec
[M::mem_process_seqs] Processed 1001 reads in 0.650 CPU sec, 0.089 real sec
[M::mem_process_seqs] Processed 1001 reads in 0.721 CPU sec, 0.091 real sec
[M::mem_process_seqs] Processed 1001 reads in 0.697 CPU sec, 0.089 real sec
82097 [main] INFO main.java.edu.mit.compbio.bisulfitehic.mapping.Bhmem  - Processing reads 269000 ...
82097 [main] INFO main.java.edu.mit.compbio.bisulfitehic.mapping.Bhmem  - Unique mapped and paired reads 266494 ...
82100 [main] INFO main.java.edu.mit.compbio.bisulfitehic.mapping.Bhmem  - Processing reads 270000 ...
82100 [main] INFO main.java.edu.mit.compbio.bisulfitehic.mapping.Bhmem  - Unique mapped and paired reads 266494 ...
[M::mem_process_seqs] Processed 1001 reads in 0.681 CPU sec, 0.087 real sec
[M::mem_process_seqs] Processed 1001 reads in 0.637 CPU sec, 0.087 real sec
[M::mem_process_seqs] Processed 1001 reads in 0.697 CPU sec, 0.094 real sec
[M::mem_process_seqs] Processed 1001 reads in 0.702 CPU sec, 0.094 real sec
82585 [main] INFO main.java.edu.mit.compbio.bisulfitehic.mapping.Bhmem  - Processing reads 271000 ...
82585 [main] INFO main.java.edu.mit.compbio.bisulfitehic.mapping.Bhmem  - Unique mapped and paired reads 268486 ...
82588 [main] INFO main.java.edu.mit.compbio.bisulfitehic.mapping.Bhmem  - Processing reads 272000 ...
82588 [main] INFO main.java.edu.mit.compbio.bisulfitehic.mapping.Bhmem  - Unique mapped and paired reads 268486 ...
[M::mem_process_seqs] Processed 1001 reads in 0.668 CPU sec, 0.086 real sec
[M::mem_process_seqs] Processed 1001 reads in 0.581 CPU sec, 0.074 real sec
[M::mem_process_seqs] Processed 1001 reads in 0.667 CPU sec, 0.092 real sec
[M::mem_process_seqs] Processed 1001 reads in 0.672 CPU sec, 0.092 real sec
83051 [main] INFO main.java.edu.mit.compbio.bisulfitehic.mapping.Bhmem  - Processing reads 273000 ...
83051 [main] INFO main.java.edu.mit.compbio.bisulfitehic.mapping.Bhmem  - Unique mapped and paired reads 270472 ...
83054 [main] INFO main.java.edu.mit.compbio.bisulfitehic.mapping.Bhmem  - Processing reads 274000 ...
83054 [main] INFO main.java.edu.mit.compbio.bisulfitehic.mapping.Bhmem  - Unique mapped and paired reads 270472 ...
[M::mem_process_seqs] Processed 1001 reads in 0.659 CPU sec, 0.083 real sec
[M::mem_process_seqs] Processed 1001 reads in 0.546 CPU sec, 0.070 real sec
[M::mem_process_seqs] Processed 1001 reads in 0.650 CPU sec, 0.082 real sec
[M::mem_process_seqs] Processed 1001 reads in 0.610 CPU sec, 0.084 real sec
83492 [main] INFO main.java.edu.mit.compbio.bisulfitehic.mapping.Bhmem  - Processing reads 275000 ...
83492 [main] INFO main.java.edu.mit.compbio.bisulfitehic.mapping.Bhmem  - Unique mapped and paired reads 272462 ...
83495 [main] INFO main.java.edu.mit.compbio.bisulfitehic.mapping.Bhmem  - Processing reads 276000 ...
83495 [main] INFO main.java.edu.mit.compbio.bisulfitehic.mapping.Bhmem  - Unique mapped and paired reads 272462 ...
[M::mem_process_seqs] Processed 1001 reads in 0.621 CPU sec, 0.079 real sec
[M::mem_process_seqs] Processed 1001 reads in 0.546 CPU sec, 0.071 real sec
[M::mem_process_seqs] Processed 1001 reads in 0.682 CPU sec, 0.093 real sec
[M::mem_process_seqs] Processed 1001 reads in 0.637 CPU sec, 0.083 real sec
83937 [main] INFO main.java.edu.mit.compbio.bisulfitehic.mapping.Bhmem  - Processing reads 277000 ...
83937 [main] INFO main.java.edu.mit.compbio.bisulfitehic.mapping.Bhmem  - Unique mapped and paired reads 274442 ...
83940 [main] INFO main.java.edu.mit.compbio.bisulfitehic.mapping.Bhmem  - Processing reads 278000 ...
83940 [main] INFO main.java.edu.mit.compbio.bisulfitehic.mapping.Bhmem  - Unique mapped and paired reads 274442 ...
[M::mem_process_seqs] Processed 1001 reads in 0.623 CPU sec, 0.079 real sec
[M::mem_process_seqs] Processed 1001 reads in 0.567 CPU sec, 0.078 real sec
[M::mem_process_seqs] Processed 1001 reads in 0.647 CPU sec, 0.083 real sec
[M::mem_process_seqs] Processed 1001 reads in 0.641 CPU sec, 0.088 real sec
84387 [main] INFO main.java.edu.mit.compbio.bisulfitehic.mapping.Bhmem  - Processing reads 279000 ...
84387 [main] INFO main.java.edu.mit.compbio.bisulfitehic.mapping.Bhmem  - Unique mapped and paired reads 276434 ...
84390 [main] INFO main.java.edu.mit.compbio.bisulfitehic.mapping.Bhmem  - Processing reads 280000 ...
84390 [main] INFO main.java.edu.mit.compbio.bisulfitehic.mapping.Bhmem  - Unique mapped and paired reads 276434 ...
[M::mem_process_seqs] Processed 1001 reads in 0.678 CPU sec, 0.088 real sec
[M::mem_process_seqs] Processed 1001 reads in 0.594 CPU sec, 0.076 real sec
[M::mem_process_seqs] Processed 1001 reads in 0.721 CPU sec, 0.098 real sec
[M::mem_process_seqs] Processed 1001 reads in 0.685 CPU sec, 0.087 real sec
84855 [main] INFO main.java.edu.mit.compbio.bisulfitehic.mapping.Bhmem  - Processing reads 281000 ...
84855 [main] INFO main.java.edu.mit.compbio.bisulfitehic.mapping.Bhmem  - Unique mapped and paired reads 278422 ...
84858 [main] INFO main.java.edu.mit.compbio.bisulfitehic.mapping.Bhmem  - Processing reads 282000 ...
84858 [main] INFO main.java.edu.mit.compbio.bisulfitehic.mapping.Bhmem  - Unique mapped and paired reads 278422 ...
[M::mem_process_seqs] Processed 1001 reads in 0.668 CPU sec, 0.093 real sec
[M::mem_process_seqs] Processed 1001 reads in 0.633 CPU sec, 0.086 real sec
[M::mem_process_seqs] Processed 1001 reads in 0.649 CPU sec, 0.088 real sec
[M::mem_process_seqs] Processed 1001 reads in 0.644 CPU sec, 0.084 real sec
85327 [main] INFO main.java.edu.mit.compbio.bisulfitehic.mapping.Bhmem  - Processing reads 283000 ...
85327 [main] INFO main.java.edu.mit.compbio.bisulfitehic.mapping.Bhmem  - Unique mapped and paired reads 280408 ...
85330 [main] INFO main.java.edu.mit.compbio.bisulfitehic.mapping.Bhmem  - Processing reads 284000 ...
85330 [main] INFO main.java.edu.mit.compbio.bisulfitehic.mapping.Bhmem  - Unique mapped and paired reads 280408 ...
[M::mem_process_seqs] Processed 1001 reads in 0.640 CPU sec, 0.082 real sec
[M::mem_process_seqs] Processed 1001 reads in 0.516 CPU sec, 0.068 real sec
[M::mem_process_seqs] Processed 1001 reads in 0.653 CPU sec, 0.084 real sec
[M::mem_process_seqs] Processed 1001 reads in 0.633 CPU sec, 0.081 real sec
85763 [main] INFO main.java.edu.mit.compbio.bisulfitehic.mapping.Bhmem  - Processing reads 285000 ...
85763 [main] INFO main.java.edu.mit.compbio.bisulfitehic.mapping.Bhmem  - Unique mapped and paired reads 282402 ...
85766 [main] INFO main.java.edu.mit.compbio.bisulfitehic.mapping.Bhmem  - Processing reads 286000 ...
85766 [main] INFO main.java.edu.mit.compbio.bisulfitehic.mapping.Bhmem  - Unique mapped and paired reads 282402 ...
[M::mem_process_seqs] Processed 1001 reads in 0.682 CPU sec, 0.087 real sec
[M::mem_process_seqs] Processed 1001 reads in 0.580 CPU sec, 0.074 real sec
[M::mem_process_seqs] Processed 1001 reads in 0.692 CPU sec, 0.094 real sec
[M::mem_process_seqs] Processed 1001 reads in 0.701 CPU sec, 0.089 real sec
86227 [main] INFO main.java.edu.mit.compbio.bisulfitehic.mapping.Bhmem  - Processing reads 287000 ...
86227 [main] INFO main.java.edu.mit.compbio.bisulfitehic.mapping.Bhmem  - Unique mapped and paired reads 284386 ...
86229 [main] INFO main.java.edu.mit.compbio.bisulfitehic.mapping.Bhmem  - Processing reads 288000 ...
86229 [main] INFO main.java.edu.mit.compbio.bisulfitehic.mapping.Bhmem  - Unique mapped and paired reads 284386 ...
[M::mem_process_seqs] Processed 1001 reads in 0.623 CPU sec, 0.080 real sec
[M::mem_process_seqs] Processed 1001 reads in 0.530 CPU sec, 0.068 real sec
[M::mem_process_seqs] Processed 1001 reads in 0.647 CPU sec, 0.082 real sec
[M::mem_process_seqs] Processed 1001 reads in 0.648 CPU sec, 0.089 real sec
86657 [main] INFO main.java.edu.mit.compbio.bisulfitehic.mapping.Bhmem  - Processing reads 289000 ...
86657 [main] INFO main.java.edu.mit.compbio.bisulfitehic.mapping.Bhmem  - Unique mapped and paired reads 286374 ...
86660 [main] INFO main.java.edu.mit.compbio.bisulfitehic.mapping.Bhmem  - Processing reads 290000 ...
86660 [main] INFO main.java.edu.mit.compbio.bisulfitehic.mapping.Bhmem  - Unique mapped and paired reads 286374 ...
[M::mem_process_seqs] Processed 1001 reads in 0.642 CPU sec, 0.087 real sec
[M::mem_process_seqs] Processed 1001 reads in 0.575 CPU sec, 0.073 real sec
[M::mem_process_seqs] Processed 1001 reads in 0.628 CPU sec, 0.083 real sec
[M::mem_process_seqs] Processed 1001 reads in 0.658 CPU sec, 0.085 real sec
87107 [main] INFO main.java.edu.mit.compbio.bisulfitehic.mapping.Bhmem  - Processing reads 291000 ...
87107 [main] INFO main.java.edu.mit.compbio.bisulfitehic.mapping.Bhmem  - Unique mapped and paired reads 288360 ...
87110 [main] INFO main.java.edu.mit.compbio.bisulfitehic.mapping.Bhmem  - Processing reads 292000 ...
87110 [main] INFO main.java.edu.mit.compbio.bisulfitehic.mapping.Bhmem  - Unique mapped and paired reads 288360 ...
[M::mem_process_seqs] Processed 1001 reads in 0.655 CPU sec, 0.086 real sec
[M::mem_process_seqs] Processed 1001 reads in 0.587 CPU sec, 0.081 real sec
[M::mem_process_seqs] Processed 1001 reads in 0.642 CPU sec, 0.081 real sec
[M::mem_process_seqs] Processed 1001 reads in 0.644 CPU sec, 0.089 real sec
87562 [main] INFO main.java.edu.mit.compbio.bisulfitehic.mapping.Bhmem  - Processing reads 293000 ...
87563 [main] INFO main.java.edu.mit.compbio.bisulfitehic.mapping.Bhmem  - Unique mapped and paired reads 290350 ...
87565 [main] INFO main.java.edu.mit.compbio.bisulfitehic.mapping.Bhmem  - Processing reads 294000 ...
87565 [main] INFO main.java.edu.mit.compbio.bisulfitehic.mapping.Bhmem  - Unique mapped and paired reads 290350 ...
[M::mem_process_seqs] Processed 1001 reads in 0.657 CPU sec, 0.085 real sec
[M::mem_process_seqs] Processed 1001 reads in 0.578 CPU sec, 0.073 real sec
[M::mem_process_seqs] Processed 1001 reads in 0.634 CPU sec, 0.080 real sec
[M::mem_process_seqs] Processed 1001 reads in 0.668 CPU sec, 0.093 real sec
88012 [main] INFO main.java.edu.mit.compbio.bisulfitehic.mapping.Bhmem  - Processing reads 295000 ...
88012 [main] INFO main.java.edu.mit.compbio.bisulfitehic.mapping.Bhmem  - Unique mapped and paired reads 292340 ...
88015 [main] INFO main.java.edu.mit.compbio.bisulfitehic.mapping.Bhmem  - Processing reads 296000 ...
88015 [main] INFO main.java.edu.mit.compbio.bisulfitehic.mapping.Bhmem  - Unique mapped and paired reads 292340 ...
[M::mem_process_seqs] Processed 1001 reads in 0.731 CPU sec, 0.095 real sec
[M::mem_process_seqs] Processed 1001 reads in 0.602 CPU sec, 0.078 real sec
[M::mem_process_seqs] Processed 1001 reads in 0.673 CPU sec, 0.085 real sec
[M::mem_process_seqs] Processed 1001 reads in 0.658 CPU sec, 0.085 real sec
88472 [main] INFO main.java.edu.mit.compbio.bisulfitehic.mapping.Bhmem  - Processing reads 297000 ...
88472 [main] INFO main.java.edu.mit.compbio.bisulfitehic.mapping.Bhmem  - Unique mapped and paired reads 294332 ...
88475 [main] INFO main.java.edu.mit.compbio.bisulfitehic.mapping.Bhmem  - Processing reads 298000 ...
88475 [main] INFO main.java.edu.mit.compbio.bisulfitehic.mapping.Bhmem  - Unique mapped and paired reads 294332 ...
[M::mem_process_seqs] Processed 1001 reads in 0.613 CPU sec, 0.078 real sec
[M::mem_process_seqs] Processed 1001 reads in 0.546 CPU sec, 0.069 real sec
[M::mem_process_seqs] Processed 1001 reads in 0.620 CPU sec, 0.096 real sec
[M::mem_process_seqs] Processed 1001 reads in 0.656 CPU sec, 0.084 real sec
88922 [main] INFO main.java.edu.mit.compbio.bisulfitehic.mapping.Bhmem  - Processing reads 299000 ...
88922 [main] INFO main.java.edu.mit.compbio.bisulfitehic.mapping.Bhmem  - Unique mapped and paired reads 296310 ...
88925 [main] INFO main.java.edu.mit.compbio.bisulfitehic.mapping.Bhmem  - Processing reads 300000 ...
88925 [main] INFO main.java.edu.mit.compbio.bisulfitehic.mapping.Bhmem  - Unique mapped and paired reads 296310 ...
[M::mem_process_seqs] Processed 1001 reads in 0.674 CPU sec, 0.086 real sec
[M::mem_process_seqs] Processed 1001 reads in 0.561 CPU sec, 0.071 real sec
[M::mem_process_seqs] Processed 1001 reads in 0.681 CPU sec, 0.090 real sec
[M::mem_process_seqs] Processed 1001 reads in 0.671 CPU sec, 0.087 real sec
89374 [main] INFO main.java.edu.mit.compbio.bisulfitehic.mapping.Bhmem  - Processing reads 301000 ...
89374 [main] INFO main.java.edu.mit.compbio.bisulfitehic.mapping.Bhmem  - Unique mapped and paired reads 298292 ...
89377 [main] INFO main.java.edu.mit.compbio.bisulfitehic.mapping.Bhmem  - Processing reads 302000 ...
89377 [main] INFO main.java.edu.mit.compbio.bisulfitehic.mapping.Bhmem  - Unique mapped and paired reads 298292 ...
[M::mem_process_seqs] Processed 1001 reads in 0.673 CPU sec, 0.090 real sec
[M::mem_process_seqs] Processed 1001 reads in 0.585 CPU sec, 0.075 real sec
[M::mem_process_seqs] Processed 1001 reads in 0.708 CPU sec, 0.092 real sec
[M::mem_process_seqs] Processed 1001 reads in 0.663 CPU sec, 0.093 real sec
89848 [main] INFO main.java.edu.mit.compbio.bisulfitehic.mapping.Bhmem  - Processing reads 303000 ...
89848 [main] INFO main.java.edu.mit.compbio.bisulfitehic.mapping.Bhmem  - Unique mapped and paired reads 300280 ...
89851 [main] INFO main.java.edu.mit.compbio.bisulfitehic.mapping.Bhmem  - Processing reads 304000 ...
89851 [main] INFO main.java.edu.mit.compbio.bisulfitehic.mapping.Bhmem  - Unique mapped and paired reads 300280 ...
[M::mem_process_seqs] Processed 1001 reads in 0.625 CPU sec, 0.080 real sec
[M::mem_process_seqs] Processed 1001 reads in 0.527 CPU sec, 0.068 real sec
[M::mem_process_seqs] Processed 1001 reads in 0.631 CPU sec, 0.080 real sec
[M::mem_process_seqs] Processed 1001 reads in 0.572 CPU sec, 0.078 real sec
90264 [main] INFO main.java.edu.mit.compbio.bisulfitehic.mapping.Bhmem  - Processing reads 305000 ...
90265 [main] INFO main.java.edu.mit.compbio.bisulfitehic.mapping.Bhmem  - Unique mapped and paired reads 302258 ...
90267 [main] INFO main.java.edu.mit.compbio.bisulfitehic.mapping.Bhmem  - Processing reads 306000 ...
90267 [main] INFO main.java.edu.mit.compbio.bisulfitehic.mapping.Bhmem  - Unique mapped and paired reads 302258 ...
[M::mem_process_seqs] Processed 1001 reads in 0.625 CPU sec, 0.080 real sec
[M::mem_process_seqs] Processed 1001 reads in 0.585 CPU sec, 0.075 real sec
[M::mem_process_seqs] Processed 1001 reads in 0.699 CPU sec, 0.097 real sec
[M::mem_process_seqs] Processed 1001 reads in 0.695 CPU sec, 0.091 real sec
90730 [main] INFO main.java.edu.mit.compbio.bisulfitehic.mapping.Bhmem  - Processing reads 307000 ...
90730 [main] INFO main.java.edu.mit.compbio.bisulfitehic.mapping.Bhmem  - Unique mapped and paired reads 304256 ...
90733 [main] INFO main.java.edu.mit.compbio.bisulfitehic.mapping.Bhmem  - Processing reads 308000 ...
90733 [main] INFO main.java.edu.mit.compbio.bisulfitehic.mapping.Bhmem  - Unique mapped and paired reads 304256 ...
[M::mem_process_seqs] Processed 1001 reads in 0.634 CPU sec, 0.081 real sec
[M::mem_process_seqs] Processed 1001 reads in 0.585 CPU sec, 0.074 real sec
[M::mem_process_seqs] Processed 1001 reads in 0.619 CPU sec, 0.079 real sec
[M::mem_process_seqs] Processed 1001 reads in 0.645 CPU sec, 0.089 real sec
91174 [main] INFO main.java.edu.mit.compbio.bisulfitehic.mapping.Bhmem  - Processing reads 309000 ...
91174 [main] INFO main.java.edu.mit.compbio.bisulfitehic.mapping.Bhmem  - Unique mapped and paired reads 306242 ...
91177 [main] INFO main.java.edu.mit.compbio.bisulfitehic.mapping.Bhmem  - Processing reads 310000 ...
91177 [main] INFO main.java.edu.mit.compbio.bisulfitehic.mapping.Bhmem  - Unique mapped and paired reads 306242 ...
[M::mem_process_seqs] Processed 1001 reads in 0.650 CPU sec, 0.084 real sec
[M::mem_process_seqs] Processed 1001 reads in 0.569 CPU sec, 0.072 real sec
[M::mem_process_seqs] Processed 1001 reads in 0.661 CPU sec, 0.089 real sec
[M::mem_process_seqs] Processed 1001 reads in 0.661 CPU sec, 0.088 real sec
91626 [main] INFO main.java.edu.mit.compbio.bisulfitehic.mapping.Bhmem  - Processing reads 311000 ...
91626 [main] INFO main.java.edu.mit.compbio.bisulfitehic.mapping.Bhmem  - Unique mapped and paired reads 308232 ...
91629 [main] INFO main.java.edu.mit.compbio.bisulfitehic.mapping.Bhmem  - Processing reads 312000 ...
91629 [main] INFO main.java.edu.mit.compbio.bisulfitehic.mapping.Bhmem  - Unique mapped and paired reads 308232 ...
[M::mem_process_seqs] Processed 1001 reads in 0.658 CPU sec, 0.084 real sec
[M::mem_process_seqs] Processed 1001 reads in 0.549 CPU sec, 0.072 real sec
[M::mem_process_seqs] Processed 1001 reads in 0.667 CPU sec, 0.091 real sec
[M::mem_process_seqs] Processed 1001 reads in 0.629 CPU sec, 0.082 real sec
92077 [main] INFO main.java.edu.mit.compbio.bisulfitehic.mapping.Bhmem  - Processing reads 313000 ...
92077 [main] INFO main.java.edu.mit.compbio.bisulfitehic.mapping.Bhmem  - Unique mapped and paired reads 310212 ...
92080 [main] INFO main.java.edu.mit.compbio.bisulfitehic.mapping.Bhmem  - Processing reads 314000 ...
92080 [main] INFO main.java.edu.mit.compbio.bisulfitehic.mapping.Bhmem  - Unique mapped and paired reads 310212 ...
[M::mem_process_seqs] Processed 1001 reads in 0.640 CPU sec, 0.082 real sec
[M::mem_process_seqs] Processed 1001 reads in 0.555 CPU sec, 0.072 real sec
[M::mem_process_seqs] Processed 1001 reads in 0.662 CPU sec, 0.084 real sec
[M::mem_process_seqs] Processed 1001 reads in 0.643 CPU sec, 0.083 real sec
92528 [main] INFO main.java.edu.mit.compbio.bisulfitehic.mapping.Bhmem  - Processing reads 315000 ...
92528 [main] INFO main.java.edu.mit.compbio.bisulfitehic.mapping.Bhmem  - Unique mapped and paired reads 312204 ...
92531 [main] INFO main.java.edu.mit.compbio.bisulfitehic.mapping.Bhmem  - Processing reads 316000 ...
92531 [main] INFO main.java.edu.mit.compbio.bisulfitehic.mapping.Bhmem  - Unique mapped and paired reads 312204 ...
[M::mem_process_seqs] Processed 1001 reads in 0.697 CPU sec, 0.093 real sec
[M::mem_process_seqs] Processed 1001 reads in 0.616 CPU sec, 0.081 real sec
[M::mem_process_seqs] Processed 1001 reads in 0.729 CPU sec, 0.107 real sec
[M::mem_process_seqs] Processed 1001 reads in 0.746 CPU sec, 0.095 real sec
93025 [main] INFO main.java.edu.mit.compbio.bisulfitehic.mapping.Bhmem  - Processing reads 317000 ...
93025 [main] INFO main.java.edu.mit.compbio.bisulfitehic.mapping.Bhmem  - Unique mapped and paired reads 314196 ...
93028 [main] INFO main.java.edu.mit.compbio.bisulfitehic.mapping.Bhmem  - Processing reads 318000 ...
93028 [main] INFO main.java.edu.mit.compbio.bisulfitehic.mapping.Bhmem  - Unique mapped and paired reads 314196 ...
[M::mem_process_seqs] Processed 1001 reads in 0.649 CPU sec, 0.082 real sec
[M::mem_process_seqs] Processed 1001 reads in 0.574 CPU sec, 0.079 real sec
[M::mem_process_seqs] Processed 1001 reads in 0.684 CPU sec, 0.088 real sec
[M::mem_process_seqs] Processed 1001 reads in 0.648 CPU sec, 0.083 real sec
93476 [main] INFO main.java.edu.mit.compbio.bisulfitehic.mapping.Bhmem  - Processing reads 319000 ...
93476 [main] INFO main.java.edu.mit.compbio.bisulfitehic.mapping.Bhmem  - Unique mapped and paired reads 316184 ...
93479 [main] INFO main.java.edu.mit.compbio.bisulfitehic.mapping.Bhmem  - Processing reads 320000 ...
93479 [main] INFO main.java.edu.mit.compbio.bisulfitehic.mapping.Bhmem  - Unique mapped and paired reads 316184 ...
[M::mem_process_seqs] Processed 1001 reads in 0.644 CPU sec, 0.082 real sec
[M::mem_process_seqs] Processed 1001 reads in 0.604 CPU sec, 0.077 real sec
[M::mem_process_seqs] Processed 1001 reads in 0.650 CPU sec, 0.085 real sec
[M::mem_process_seqs] Processed 1001 reads in 0.664 CPU sec, 0.087 real sec
93926 [main] INFO main.java.edu.mit.compbio.bisulfitehic.mapping.Bhmem  - Processing reads 321000 ...
93926 [main] INFO main.java.edu.mit.compbio.bisulfitehic.mapping.Bhmem  - Unique mapped and paired reads 318176 ...
93929 [main] INFO main.java.edu.mit.compbio.bisulfitehic.mapping.Bhmem  - Processing reads 322000 ...
93929 [main] INFO main.java.edu.mit.compbio.bisulfitehic.mapping.Bhmem  - Unique mapped and paired reads 318176 ...
[M::mem_process_seqs] Processed 1001 reads in 0.689 CPU sec, 0.088 real sec
[M::mem_process_seqs] Processed 1001 reads in 0.613 CPU sec, 0.083 real sec
[M::mem_process_seqs] Processed 1001 reads in 0.677 CPU sec, 0.086 real sec
[M::mem_process_seqs] Processed 1001 reads in 0.676 CPU sec, 0.085 real sec
94389 [main] INFO main.java.edu.mit.compbio.bisulfitehic.mapping.Bhmem  - Processing reads 323000 ...
94389 [main] INFO main.java.edu.mit.compbio.bisulfitehic.mapping.Bhmem  - Unique mapped and paired reads 320164 ...
94392 [main] INFO main.java.edu.mit.compbio.bisulfitehic.mapping.Bhmem  - Processing reads 324000 ...
94392 [main] INFO main.java.edu.mit.compbio.bisulfitehic.mapping.Bhmem  - Unique mapped and paired reads 320164 ...
[M::mem_process_seqs] Processed 1001 reads in 0.668 CPU sec, 0.087 real sec
[M::mem_process_seqs] Processed 1001 reads in 0.600 CPU sec, 0.083 real sec
[M::mem_process_seqs] Processed 1001 reads in 0.759 CPU sec, 0.102 real sec
[M::mem_process_seqs] Processed 1001 reads in 0.692 CPU sec, 0.091 real sec
94877 [main] INFO main.java.edu.mit.compbio.bisulfitehic.mapping.Bhmem  - Processing reads 325000 ...
94877 [main] INFO main.java.edu.mit.compbio.bisulfitehic.mapping.Bhmem  - Unique mapped and paired reads 322146 ...
94880 [main] INFO main.java.edu.mit.compbio.bisulfitehic.mapping.Bhmem  - Processing reads 326000 ...
94880 [main] INFO main.java.edu.mit.compbio.bisulfitehic.mapping.Bhmem  - Unique mapped and paired reads 322146 ...
[M::mem_process_seqs] Processed 1001 reads in 0.662 CPU sec, 0.085 real sec
[M::mem_process_seqs] Processed 1001 reads in 0.574 CPU sec, 0.078 real sec
[M::mem_process_seqs] Processed 1001 reads in 0.686 CPU sec, 0.088 real sec
[M::mem_process_seqs] Processed 1001 reads in 0.667 CPU sec, 0.085 real sec
95336 [main] INFO main.java.edu.mit.compbio.bisulfitehic.mapping.Bhmem  - Processing reads 327000 ...
95336 [main] INFO main.java.edu.mit.compbio.bisulfitehic.mapping.Bhmem  - Unique mapped and paired reads 324132 ...
95339 [main] INFO main.java.edu.mit.compbio.bisulfitehic.mapping.Bhmem  - Processing reads 328000 ...
95339 [main] INFO main.java.edu.mit.compbio.bisulfitehic.mapping.Bhmem  - Unique mapped and paired reads 324132 ...
[M::mem_process_seqs] Processed 1001 reads in 0.718 CPU sec, 0.093 real sec
[M::mem_process_seqs] Processed 1001 reads in 0.598 CPU sec, 0.078 real sec
[M::mem_process_seqs] Processed 1001 reads in 0.720 CPU sec, 0.092 real sec
[M::mem_process_seqs] Processed 1001 reads in 0.670 CPU sec, 0.092 real sec
95814 [main] INFO main.java.edu.mit.compbio.bisulfitehic.mapping.Bhmem  - Processing reads 329000 ...
95814 [main] INFO main.java.edu.mit.compbio.bisulfitehic.mapping.Bhmem  - Unique mapped and paired reads 326120 ...
95817 [main] INFO main.java.edu.mit.compbio.bisulfitehic.mapping.Bhmem  - Processing reads 330000 ...
95817 [main] INFO main.java.edu.mit.compbio.bisulfitehic.mapping.Bhmem  - Unique mapped and paired reads 326120 ...
[M::mem_process_seqs] Processed 1001 reads in 0.682 CPU sec, 0.088 real sec
[M::mem_process_seqs] Processed 1001 reads in 0.618 CPU sec, 0.082 real sec
[M::mem_process_seqs] Processed 1001 reads in 0.707 CPU sec, 0.094 real sec
[M::mem_process_seqs] Processed 1001 reads in 0.711 CPU sec, 0.092 real sec
96291 [main] INFO main.java.edu.mit.compbio.bisulfitehic.mapping.Bhmem  - Processing reads 331000 ...
96291 [main] INFO main.java.edu.mit.compbio.bisulfitehic.mapping.Bhmem  - Unique mapped and paired reads 328112 ...
96294 [main] INFO main.java.edu.mit.compbio.bisulfitehic.mapping.Bhmem  - Processing reads 332000 ...
96294 [main] INFO main.java.edu.mit.compbio.bisulfitehic.mapping.Bhmem  - Unique mapped and paired reads 328112 ...
[M::mem_process_seqs] Processed 1001 reads in 0.704 CPU sec, 0.090 real sec
[M::mem_process_seqs] Processed 1001 reads in 0.605 CPU sec, 0.083 real sec
[M::mem_process_seqs] Processed 1001 reads in 0.776 CPU sec, 0.102 real sec
[M::mem_process_seqs] Processed 1001 reads in 0.709 CPU sec, 0.097 real sec
96786 [main] INFO main.java.edu.mit.compbio.bisulfitehic.mapping.Bhmem  - Processing reads 333000 ...
96786 [main] INFO main.java.edu.mit.compbio.bisulfitehic.mapping.Bhmem  - Unique mapped and paired reads 330104 ...
96789 [main] INFO main.java.edu.mit.compbio.bisulfitehic.mapping.Bhmem  - Processing reads 334000 ...
96789 [main] INFO main.java.edu.mit.compbio.bisulfitehic.mapping.Bhmem  - Unique mapped and paired reads 330104 ...
[M::mem_process_seqs] Processed 1001 reads in 0.642 CPU sec, 0.083 real sec
[M::mem_process_seqs] Processed 1001 reads in 0.518 CPU sec, 0.065 real sec
[M::mem_process_seqs] Processed 1001 reads in 0.697 CPU sec, 0.095 real sec
[M::mem_process_seqs] Processed 1001 reads in 0.638 CPU sec, 0.086 real sec
97237 [main] INFO main.java.edu.mit.compbio.bisulfitehic.mapping.Bhmem  - Processing reads 335000 ...
97237 [main] INFO main.java.edu.mit.compbio.bisulfitehic.mapping.Bhmem  - Unique mapped and paired reads 332082 ...
97240 [main] INFO main.java.edu.mit.compbio.bisulfitehic.mapping.Bhmem  - Processing reads 336000 ...
97240 [main] INFO main.java.edu.mit.compbio.bisulfitehic.mapping.Bhmem  - Unique mapped and paired reads 332082 ...
[M::mem_process_seqs] Processed 1001 reads in 0.623 CPU sec, 0.079 real sec
[M::mem_process_seqs] Processed 1001 reads in 0.535 CPU sec, 0.074 real sec
[M::mem_process_seqs] Processed 1001 reads in 0.618 CPU sec, 0.079 real sec
[M::mem_process_seqs] Processed 1001 reads in 0.593 CPU sec, 0.075 real sec
97665 [main] INFO main.java.edu.mit.compbio.bisulfitehic.mapping.Bhmem  - Processing reads 337000 ...
97665 [main] INFO main.java.edu.mit.compbio.bisulfitehic.mapping.Bhmem  - Unique mapped and paired reads 334068 ...
97668 [main] INFO main.java.edu.mit.compbio.bisulfitehic.mapping.Bhmem  - Processing reads 338000 ...
97668 [main] INFO main.java.edu.mit.compbio.bisulfitehic.mapping.Bhmem  - Unique mapped and paired reads 334068 ...
[M::mem_process_seqs] Processed 1001 reads in 0.622 CPU sec, 0.081 real sec
[M::mem_process_seqs] Processed 1001 reads in 0.578 CPU sec, 0.085 real sec
[M::mem_process_seqs] Processed 1001 reads in 0.669 CPU sec, 0.085 real sec
[M::mem_process_seqs] Processed 1001 reads in 0.589 CPU sec, 0.074 real sec
98109 [main] INFO main.java.edu.mit.compbio.bisulfitehic.mapping.Bhmem  - Processing reads 339000 ...
98109 [main] INFO main.java.edu.mit.compbio.bisulfitehic.mapping.Bhmem  - Unique mapped and paired reads 336056 ...
98111 [main] INFO main.java.edu.mit.compbio.bisulfitehic.mapping.Bhmem  - Processing reads 340000 ...
98111 [main] INFO main.java.edu.mit.compbio.bisulfitehic.mapping.Bhmem  - Unique mapped and paired reads 336056 ...
[M::mem_process_seqs] Processed 1001 reads in 0.672 CPU sec, 0.086 real sec
[M::mem_process_seqs] Processed 1001 reads in 0.528 CPU sec, 0.067 real sec
[M::mem_process_seqs] Processed 1001 reads in 0.721 CPU sec, 0.091 real sec
[M::mem_process_seqs] Processed 1001 reads in 0.628 CPU sec, 0.081 real sec
98553 [main] INFO main.java.edu.mit.compbio.bisulfitehic.mapping.Bhmem  - Processing reads 341000 ...
98553 [main] INFO main.java.edu.mit.compbio.bisulfitehic.mapping.Bhmem  - Unique mapped and paired reads 338044 ...
98556 [main] INFO main.java.edu.mit.compbio.bisulfitehic.mapping.Bhmem  - Processing reads 342000 ...
98556 [main] INFO main.java.edu.mit.compbio.bisulfitehic.mapping.Bhmem  - Unique mapped and paired reads 338044 ...
[M::mem_process_seqs] Processed 1001 reads in 0.673 CPU sec, 0.085 real sec
[M::mem_process_seqs] Processed 1001 reads in 0.599 CPU sec, 0.089 real sec
[M::mem_process_seqs] Processed 1001 reads in 0.690 CPU sec, 0.091 real sec
[M::mem_process_seqs] Processed 1001 reads in 0.704 CPU sec, 0.093 real sec
99031 [main] INFO main.java.edu.mit.compbio.bisulfitehic.mapping.Bhmem  - Processing reads 343000 ...
99031 [main] INFO main.java.edu.mit.compbio.bisulfitehic.mapping.Bhmem  - Unique mapped and paired reads 340030 ...
99034 [main] INFO main.java.edu.mit.compbio.bisulfitehic.mapping.Bhmem  - Processing reads 344000 ...
99034 [main] INFO main.java.edu.mit.compbio.bisulfitehic.mapping.Bhmem  - Unique mapped and paired reads 340030 ...
[M::mem_process_seqs] Processed 1001 reads in 0.666 CPU sec, 0.084 real sec
[M::mem_process_seqs] Processed 1001 reads in 0.568 CPU sec, 0.073 real sec
[M::mem_process_seqs] Processed 1001 reads in 0.627 CPU sec, 0.080 real sec
[M::mem_process_seqs] Processed 1001 reads in 0.664 CPU sec, 0.085 real sec
99472 [main] INFO main.java.edu.mit.compbio.bisulfitehic.mapping.Bhmem  - Processing reads 345000 ...
99472 [main] INFO main.java.edu.mit.compbio.bisulfitehic.mapping.Bhmem  - Unique mapped and paired reads 342020 ...
99475 [main] INFO main.java.edu.mit.compbio.bisulfitehic.mapping.Bhmem  - Processing reads 346000 ...
99475 [main] INFO main.java.edu.mit.compbio.bisulfitehic.mapping.Bhmem  - Unique mapped and paired reads 342020 ...
[M::mem_process_seqs] Processed 1001 reads in 0.670 CPU sec, 0.090 real sec
[M::mem_process_seqs] Processed 1001 reads in 0.626 CPU sec, 0.088 real sec
[M::mem_process_seqs] Processed 1001 reads in 0.745 CPU sec, 0.100 real sec
[M::mem_process_seqs] Processed 1001 reads in 0.729 CPU sec, 0.094 real sec
99967 [main] INFO main.java.edu.mit.compbio.bisulfitehic.mapping.Bhmem  - Processing reads 347000 ...
99967 [main] INFO main.java.edu.mit.compbio.bisulfitehic.mapping.Bhmem  - Unique mapped and paired reads 344006 ...
99969 [main] INFO main.java.edu.mit.compbio.bisulfitehic.mapping.Bhmem  - Processing reads 348000 ...
99970 [main] INFO main.java.edu.mit.compbio.bisulfitehic.mapping.Bhmem  - Unique mapped and paired reads 344006 ...
[M::mem_process_seqs] Processed 1001 reads in 0.712 CPU sec, 0.091 real sec
[M::mem_process_seqs] Processed 1001 reads in 0.589 CPU sec, 0.075 real sec
[M::mem_process_seqs] Processed 1001 reads in 0.752 CPU sec, 0.095 real sec
[M::mem_process_seqs] Processed 1001 reads in 0.701 CPU sec, 0.095 real sec
100445 [main] INFO main.java.edu.mit.compbio.bisulfitehic.mapping.Bhmem  - Processing reads 349000 ...
100445 [main] INFO main.java.edu.mit.compbio.bisulfitehic.mapping.Bhmem  - Unique mapped and paired reads 345998 ...
100448 [main] INFO main.java.edu.mit.compbio.bisulfitehic.mapping.Bhmem  - Processing reads 350000 ...
100448 [main] INFO main.java.edu.mit.compbio.bisulfitehic.mapping.Bhmem  - Unique mapped and paired reads 345998 ...
[M::mem_process_seqs] Processed 1001 reads in 0.672 CPU sec, 0.086 real sec
[M::mem_process_seqs] Processed 1001 reads in 0.543 CPU sec, 0.069 real sec
[M::mem_process_seqs] Processed 1001 reads in 0.720 CPU sec, 0.096 real sec
[M::mem_process_seqs] Processed 1001 reads in 0.722 CPU sec, 0.104 real sec
100921 [main] INFO main.java.edu.mit.compbio.bisulfitehic.mapping.Bhmem  - Processing reads 351000 ...
100921 [main] INFO main.java.edu.mit.compbio.bisulfitehic.mapping.Bhmem  - Unique mapped and paired reads 347980 ...
100924 [main] INFO main.java.edu.mit.compbio.bisulfitehic.mapping.Bhmem  - Processing reads 352000 ...
100924 [main] INFO main.java.edu.mit.compbio.bisulfitehic.mapping.Bhmem  - Unique mapped and paired reads 347980 ...
[M::mem_process_seqs] Processed 1001 reads in 0.675 CPU sec, 0.085 real sec
[M::mem_process_seqs] Processed 1001 reads in 0.576 CPU sec, 0.073 real sec
[M::mem_process_seqs] Processed 1001 reads in 0.653 CPU sec, 0.092 real sec
[M::mem_process_seqs] Processed 1001 reads in 0.614 CPU sec, 0.078 real sec
101368 [main] INFO main.java.edu.mit.compbio.bisulfitehic.mapping.Bhmem  - Processing reads 353000 ...
101369 [main] INFO main.java.edu.mit.compbio.bisulfitehic.mapping.Bhmem  - Unique mapped and paired reads 349968 ...
101371 [main] INFO main.java.edu.mit.compbio.bisulfitehic.mapping.Bhmem  - Processing reads 354000 ...
101371 [main] INFO main.java.edu.mit.compbio.bisulfitehic.mapping.Bhmem  - Unique mapped and paired reads 349968 ...
[M::mem_process_seqs] Processed 1001 reads in 0.686 CPU sec, 0.087 real sec
[M::mem_process_seqs] Processed 1001 reads in 0.588 CPU sec, 0.081 real sec
[M::mem_process_seqs] Processed 1001 reads in 0.711 CPU sec, 0.096 real sec
[M::mem_process_seqs] Processed 1001 reads in 0.659 CPU sec, 0.087 real sec
101837 [main] INFO main.java.edu.mit.compbio.bisulfitehic.mapping.Bhmem  - Processing reads 355000 ...
101837 [main] INFO main.java.edu.mit.compbio.bisulfitehic.mapping.Bhmem  - Unique mapped and paired reads 351950 ...
101840 [main] INFO main.java.edu.mit.compbio.bisulfitehic.mapping.Bhmem  - Processing reads 356000 ...
101840 [main] INFO main.java.edu.mit.compbio.bisulfitehic.mapping.Bhmem  - Unique mapped and paired reads 351950 ...
[M::mem_process_seqs] Processed 1001 reads in 0.665 CPU sec, 0.086 real sec
[M::mem_process_seqs] Processed 1001 reads in 0.623 CPU sec, 0.079 real sec
[M::mem_process_seqs] Processed 1001 reads in 0.706 CPU sec, 0.095 real sec
[M::mem_process_seqs] Processed 1001 reads in 0.651 CPU sec, 0.083 real sec
102306 [main] INFO main.java.edu.mit.compbio.bisulfitehic.mapping.Bhmem  - Processing reads 357000 ...
102306 [main] INFO main.java.edu.mit.compbio.bisulfitehic.mapping.Bhmem  - Unique mapped and paired reads 353932 ...
102309 [main] INFO main.java.edu.mit.compbio.bisulfitehic.mapping.Bhmem  - Processing reads 358000 ...
102309 [main] INFO main.java.edu.mit.compbio.bisulfitehic.mapping.Bhmem  - Unique mapped and paired reads 353932 ...
[M::mem_process_seqs] Processed 1001 reads in 0.655 CPU sec, 0.084 real sec
[M::mem_process_seqs] Processed 1001 reads in 0.581 CPU sec, 0.078 real sec
[M::mem_process_seqs] Processed 1001 reads in 0.667 CPU sec, 0.086 real sec
[M::mem_process_seqs] Processed 1001 reads in 0.617 CPU sec, 0.082 real sec
102757 [main] INFO main.java.edu.mit.compbio.bisulfitehic.mapping.Bhmem  - Processing reads 359000 ...
102757 [main] INFO main.java.edu.mit.compbio.bisulfitehic.mapping.Bhmem  - Unique mapped and paired reads 355924 ...
102760 [main] INFO main.java.edu.mit.compbio.bisulfitehic.mapping.Bhmem  - Processing reads 360000 ...
102760 [main] INFO main.java.edu.mit.compbio.bisulfitehic.mapping.Bhmem  - Unique mapped and paired reads 355924 ...
[M::mem_process_seqs] Processed 1001 reads in 0.649 CPU sec, 0.083 real sec
[M::mem_process_seqs] Processed 1001 reads in 0.546 CPU sec, 0.070 real sec
[M::mem_process_seqs] Processed 1001 reads in 0.619 CPU sec, 0.081 real sec
[M::mem_process_seqs] Processed 1001 reads in 0.660 CPU sec, 0.088 real sec
103197 [main] INFO main.java.edu.mit.compbio.bisulfitehic.mapping.Bhmem  - Processing reads 361000 ...
103197 [main] INFO main.java.edu.mit.compbio.bisulfitehic.mapping.Bhmem  - Unique mapped and paired reads 357912 ...
103200 [main] INFO main.java.edu.mit.compbio.bisulfitehic.mapping.Bhmem  - Processing reads 362000 ...
103200 [main] INFO main.java.edu.mit.compbio.bisulfitehic.mapping.Bhmem  - Unique mapped and paired reads 357912 ...
[M::mem_process_seqs] Processed 1001 reads in 0.659 CPU sec, 0.084 real sec
[M::mem_process_seqs] Processed 1001 reads in 0.566 CPU sec, 0.075 real sec
[M::mem_process_seqs] Processed 1001 reads in 0.689 CPU sec, 0.098 real sec
[M::mem_process_seqs] Processed 1001 reads in 0.690 CPU sec, 0.095 real sec
103674 [main] INFO main.java.edu.mit.compbio.bisulfitehic.mapping.Bhmem  - Processing reads 363000 ...
103674 [main] INFO main.java.edu.mit.compbio.bisulfitehic.mapping.Bhmem  - Unique mapped and paired reads 359904 ...
103677 [main] INFO main.java.edu.mit.compbio.bisulfitehic.mapping.Bhmem  - Processing reads 364000 ...
103677 [main] INFO main.java.edu.mit.compbio.bisulfitehic.mapping.Bhmem  - Unique mapped and paired reads 359904 ...
[M::mem_process_seqs] Processed 1001 reads in 0.692 CPU sec, 0.088 real sec
[M::mem_process_seqs] Processed 1001 reads in 0.589 CPU sec, 0.074 real sec
[M::mem_process_seqs] Processed 1001 reads in 0.694 CPU sec, 0.092 real sec
[M::mem_process_seqs] Processed 1001 reads in 0.692 CPU sec, 0.087 real sec
104137 [main] INFO main.java.edu.mit.compbio.bisulfitehic.mapping.Bhmem  - Processing reads 365000 ...
104137 [main] INFO main.java.edu.mit.compbio.bisulfitehic.mapping.Bhmem  - Unique mapped and paired reads 361888 ...
104140 [main] INFO main.java.edu.mit.compbio.bisulfitehic.mapping.Bhmem  - Processing reads 366000 ...
104140 [main] INFO main.java.edu.mit.compbio.bisulfitehic.mapping.Bhmem  - Unique mapped and paired reads 361888 ...
[M::mem_process_seqs] Processed 1001 reads in 0.687 CPU sec, 0.088 real sec
[M::mem_process_seqs] Processed 1001 reads in 0.555 CPU sec, 0.070 real sec
[M::mem_process_seqs] Processed 1001 reads in 0.712 CPU sec, 0.091 real sec
[M::mem_process_seqs] Processed 1001 reads in 0.649 CPU sec, 0.085 real sec
104595 [main] INFO main.java.edu.mit.compbio.bisulfitehic.mapping.Bhmem  - Processing reads 367000 ...
104595 [main] INFO main.java.edu.mit.compbio.bisulfitehic.mapping.Bhmem  - Unique mapped and paired reads 363878 ...
104598 [main] INFO main.java.edu.mit.compbio.bisulfitehic.mapping.Bhmem  - Processing reads 368000 ...
104598 [main] INFO main.java.edu.mit.compbio.bisulfitehic.mapping.Bhmem  - Unique mapped and paired reads 363878 ...
[M::mem_process_seqs] Processed 1001 reads in 0.687 CPU sec, 0.087 real sec
[M::mem_process_seqs] Processed 1001 reads in 0.618 CPU sec, 0.085 real sec
[M::mem_process_seqs] Processed 1001 reads in 0.688 CPU sec, 0.087 real sec
[M::mem_process_seqs] Processed 1001 reads in 0.640 CPU sec, 0.081 real sec
105060 [main] INFO main.java.edu.mit.compbio.bisulfitehic.mapping.Bhmem  - Processing reads 369000 ...
105060 [main] INFO main.java.edu.mit.compbio.bisulfitehic.mapping.Bhmem  - Unique mapped and paired reads 365872 ...
105063 [main] INFO main.java.edu.mit.compbio.bisulfitehic.mapping.Bhmem  - Processing reads 370000 ...
105063 [main] INFO main.java.edu.mit.compbio.bisulfitehic.mapping.Bhmem  - Unique mapped and paired reads 365872 ...
[M::mem_process_seqs] Processed 1001 reads in 0.638 CPU sec, 0.083 real sec
[M::mem_process_seqs] Processed 1001 reads in 0.581 CPU sec, 0.074 real sec
[M::mem_process_seqs] Processed 1001 reads in 0.668 CPU sec, 0.085 real sec
[M::mem_process_seqs] Processed 1001 reads in 0.674 CPU sec, 0.087 real sec
105511 [main] INFO main.java.edu.mit.compbio.bisulfitehic.mapping.Bhmem  - Processing reads 371000 ...
105511 [main] INFO main.java.edu.mit.compbio.bisulfitehic.mapping.Bhmem  - Unique mapped and paired reads 367866 ...
105514 [main] INFO main.java.edu.mit.compbio.bisulfitehic.mapping.Bhmem  - Processing reads 372000 ...
105514 [main] INFO main.java.edu.mit.compbio.bisulfitehic.mapping.Bhmem  - Unique mapped and paired reads 367866 ...
[M::mem_process_seqs] Processed 1001 reads in 0.674 CPU sec, 0.085 real sec
[M::mem_process_seqs] Processed 1001 reads in 0.565 CPU sec, 0.071 real sec
[M::mem_process_seqs] Processed 1001 reads in 0.677 CPU sec, 0.092 real sec
[M::mem_process_seqs] Processed 1001 reads in 0.699 CPU sec, 0.089 real sec
105971 [main] INFO main.java.edu.mit.compbio.bisulfitehic.mapping.Bhmem  - Processing reads 373000 ...
105971 [main] INFO main.java.edu.mit.compbio.bisulfitehic.mapping.Bhmem  - Unique mapped and paired reads 369852 ...
105974 [main] INFO main.java.edu.mit.compbio.bisulfitehic.mapping.Bhmem  - Processing reads 374000 ...
105974 [main] INFO main.java.edu.mit.compbio.bisulfitehic.mapping.Bhmem  - Unique mapped and paired reads 369852 ...
[M::mem_process_seqs] Processed 1001 reads in 0.711 CPU sec, 0.090 real sec
[M::mem_process_seqs] Processed 1001 reads in 0.582 CPU sec, 0.080 real sec
[M::mem_process_seqs] Processed 1001 reads in 0.748 CPU sec, 0.096 real sec
[M::mem_process_seqs] Processed 1001 reads in 0.715 CPU sec, 0.093 real sec
106454 [main] INFO main.java.edu.mit.compbio.bisulfitehic.mapping.Bhmem  - Processing reads 375000 ...
106454 [main] INFO main.java.edu.mit.compbio.bisulfitehic.mapping.Bhmem  - Unique mapped and paired reads 371836 ...
106457 [main] INFO main.java.edu.mit.compbio.bisulfitehic.mapping.Bhmem  - Processing reads 376000 ...
106457 [main] INFO main.java.edu.mit.compbio.bisulfitehic.mapping.Bhmem  - Unique mapped and paired reads 371836 ...
[M::mem_process_seqs] Processed 1001 reads in 0.668 CPU sec, 0.085 real sec
[M::mem_process_seqs] Processed 1001 reads in 0.561 CPU sec, 0.077 real sec
[M::mem_process_seqs] Processed 1001 reads in 0.645 CPU sec, 0.083 real sec
[M::mem_process_seqs] Processed 1001 reads in 0.595 CPU sec, 0.075 real sec
106893 [main] INFO main.java.edu.mit.compbio.bisulfitehic.mapping.Bhmem  - Processing reads 377000 ...
106893 [main] INFO main.java.edu.mit.compbio.bisulfitehic.mapping.Bhmem  - Unique mapped and paired reads 373832 ...
106896 [main] INFO main.java.edu.mit.compbio.bisulfitehic.mapping.Bhmem  - Processing reads 378000 ...
106896 [main] INFO main.java.edu.mit.compbio.bisulfitehic.mapping.Bhmem  - Unique mapped and paired reads 373832 ...
[M::mem_process_seqs] Processed 1001 reads in 0.677 CPU sec, 0.087 real sec
[M::mem_process_seqs] Processed 1001 reads in 0.630 CPU sec, 0.080 real sec
[M::mem_process_seqs] Processed 1001 reads in 0.659 CPU sec, 0.091 real sec
[M::mem_process_seqs] Processed 1001 reads in 0.696 CPU sec, 0.100 real sec
107373 [main] INFO main.java.edu.mit.compbio.bisulfitehic.mapping.Bhmem  - Processing reads 379000 ...
107373 [main] INFO main.java.edu.mit.compbio.bisulfitehic.mapping.Bhmem  - Unique mapped and paired reads 375826 ...
107376 [main] INFO main.java.edu.mit.compbio.bisulfitehic.mapping.Bhmem  - Processing reads 380000 ...
107376 [main] INFO main.java.edu.mit.compbio.bisulfitehic.mapping.Bhmem  - Unique mapped and paired reads 375826 ...
[M::mem_process_seqs] Processed 1001 reads in 0.680 CPU sec, 0.088 real sec
[M::mem_process_seqs] Processed 1001 reads in 0.603 CPU sec, 0.077 real sec
[M::mem_process_seqs] Processed 1001 reads in 0.722 CPU sec, 0.100 real sec
[M::mem_process_seqs] Processed 1001 reads in 0.700 CPU sec, 0.090 real sec
107850 [main] INFO main.java.edu.mit.compbio.bisulfitehic.mapping.Bhmem  - Processing reads 381000 ...
107850 [main] INFO main.java.edu.mit.compbio.bisulfitehic.mapping.Bhmem  - Unique mapped and paired reads 377814 ...
107852 [main] INFO main.java.edu.mit.compbio.bisulfitehic.mapping.Bhmem  - Processing reads 382000 ...
107852 [main] INFO main.java.edu.mit.compbio.bisulfitehic.mapping.Bhmem  - Unique mapped and paired reads 377814 ...
[M::mem_process_seqs] Processed 1001 reads in 0.681 CPU sec, 0.086 real sec
[M::mem_process_seqs] Processed 1001 reads in 0.641 CPU sec, 0.087 real sec
[M::mem_process_seqs] Processed 1001 reads in 0.713 CPU sec, 0.099 real sec
[M::mem_process_seqs] Processed 1001 reads in 0.743 CPU sec, 0.100 real sec
108346 [main] INFO main.java.edu.mit.compbio.bisulfitehic.mapping.Bhmem  - Processing reads 383000 ...
108346 [main] INFO main.java.edu.mit.compbio.bisulfitehic.mapping.Bhmem  - Unique mapped and paired reads 379798 ...
108349 [main] INFO main.java.edu.mit.compbio.bisulfitehic.mapping.Bhmem  - Processing reads 384000 ...
108349 [main] INFO main.java.edu.mit.compbio.bisulfitehic.mapping.Bhmem  - Unique mapped and paired reads 379798 ...
[M::mem_process_seqs] Processed 1001 reads in 0.728 CPU sec, 0.094 real sec
[M::mem_process_seqs] Processed 1001 reads in 0.604 CPU sec, 0.076 real sec
[M::mem_process_seqs] Processed 1001 reads in 0.716 CPU sec, 0.097 real sec
[M::mem_process_seqs] Processed 1001 reads in 0.667 CPU sec, 0.085 real sec
108822 [main] INFO main.java.edu.mit.compbio.bisulfitehic.mapping.Bhmem  - Processing reads 385000 ...
108822 [main] INFO main.java.edu.mit.compbio.bisulfitehic.mapping.Bhmem  - Unique mapped and paired reads 381786 ...
108824 [main] INFO main.java.edu.mit.compbio.bisulfitehic.mapping.Bhmem  - Processing reads 386000 ...
108825 [main] INFO main.java.edu.mit.compbio.bisulfitehic.mapping.Bhmem  - Unique mapped and paired reads 381786 ...
[M::mem_process_seqs] Processed 1001 reads in 0.676 CPU sec, 0.086 real sec
[M::mem_process_seqs] Processed 1001 reads in 0.589 CPU sec, 0.075 real sec
[M::mem_process_seqs] Processed 1001 reads in 0.700 CPU sec, 0.092 real sec
[M::mem_process_seqs] Processed 1001 reads in 0.731 CPU sec, 0.098 real sec
109293 [main] INFO main.java.edu.mit.compbio.bisulfitehic.mapping.Bhmem  - Processing reads 387000 ...
109293 [main] INFO main.java.edu.mit.compbio.bisulfitehic.mapping.Bhmem  - Unique mapped and paired reads 383780 ...
109296 [main] INFO main.java.edu.mit.compbio.bisulfitehic.mapping.Bhmem  - Processing reads 388000 ...
109296 [main] INFO main.java.edu.mit.compbio.bisulfitehic.mapping.Bhmem  - Unique mapped and paired reads 383780 ...
[M::mem_process_seqs] Processed 1001 reads in 0.684 CPU sec, 0.087 real sec
[M::mem_process_seqs] Processed 1001 reads in 0.598 CPU sec, 0.079 real sec
[M::mem_process_seqs] Processed 1001 reads in 0.640 CPU sec, 0.081 real sec
[M::mem_process_seqs] Processed 1001 reads in 0.667 CPU sec, 0.086 real sec
109750 [main] INFO main.java.edu.mit.compbio.bisulfitehic.mapping.Bhmem  - Processing reads 389000 ...
109750 [main] INFO main.java.edu.mit.compbio.bisulfitehic.mapping.Bhmem  - Unique mapped and paired reads 385772 ...
109753 [main] INFO main.java.edu.mit.compbio.bisulfitehic.mapping.Bhmem  - Processing reads 390000 ...
109753 [main] INFO main.java.edu.mit.compbio.bisulfitehic.mapping.Bhmem  - Unique mapped and paired reads 385772 ...
[M::mem_process_seqs] Processed 1001 reads in 0.661 CPU sec, 0.085 real sec
[M::mem_process_seqs] Processed 1001 reads in 0.552 CPU sec, 0.076 real sec
[M::mem_process_seqs] Processed 1001 reads in 0.606 CPU sec, 0.078 real sec
[M::mem_process_seqs] Processed 1001 reads in 0.579 CPU sec, 0.073 real sec
110181 [main] INFO main.java.edu.mit.compbio.bisulfitehic.mapping.Bhmem  - Processing reads 391000 ...
110181 [main] INFO main.java.edu.mit.compbio.bisulfitehic.mapping.Bhmem  - Unique mapped and paired reads 387762 ...
110184 [main] INFO main.java.edu.mit.compbio.bisulfitehic.mapping.Bhmem  - Processing reads 392000 ...
110184 [main] INFO main.java.edu.mit.compbio.bisulfitehic.mapping.Bhmem  - Unique mapped and paired reads 387762 ...
[M::mem_process_seqs] Processed 1001 reads in 0.690 CPU sec, 0.087 real sec
[M::mem_process_seqs] Processed 1001 reads in 0.608 CPU sec, 0.086 real sec
[M::mem_process_seqs] Processed 1001 reads in 0.698 CPU sec, 0.089 real sec
[M::mem_process_seqs] Processed 1001 reads in 0.722 CPU sec, 0.091 real sec
110659 [main] INFO main.java.edu.mit.compbio.bisulfitehic.mapping.Bhmem  - Processing reads 393000 ...
110659 [main] INFO main.java.edu.mit.compbio.bisulfitehic.mapping.Bhmem  - Unique mapped and paired reads 389760 ...
110662 [main] INFO main.java.edu.mit.compbio.bisulfitehic.mapping.Bhmem  - Processing reads 394000 ...
110662 [main] INFO main.java.edu.mit.compbio.bisulfitehic.mapping.Bhmem  - Unique mapped and paired reads 389760 ...
[M::mem_process_seqs] Processed 1001 reads in 0.675 CPU sec, 0.086 real sec
[M::mem_process_seqs] Processed 1001 reads in 0.579 CPU sec, 0.075 real sec
[M::mem_process_seqs] Processed 1001 reads in 0.671 CPU sec, 0.088 real sec
[M::mem_process_seqs] Processed 1001 reads in 0.652 CPU sec, 0.085 real sec
111120 [main] INFO main.java.edu.mit.compbio.bisulfitehic.mapping.Bhmem  - Processing reads 395000 ...
111120 [main] INFO main.java.edu.mit.compbio.bisulfitehic.mapping.Bhmem  - Unique mapped and paired reads 391754 ...
111123 [main] INFO main.java.edu.mit.compbio.bisulfitehic.mapping.Bhmem  - Processing reads 396000 ...
111123 [main] INFO main.java.edu.mit.compbio.bisulfitehic.mapping.Bhmem  - Unique mapped and paired reads 391754 ...
[M::mem_process_seqs] Processed 1001 reads in 0.711 CPU sec, 0.090 real sec
[M::mem_process_seqs] Processed 1001 reads in 0.648 CPU sec, 0.082 real sec
[M::mem_process_seqs] Processed 1001 reads in 0.719 CPU sec, 0.101 real sec
[M::mem_process_seqs] Processed 1001 reads in 0.718 CPU sec, 0.096 real sec
111611 [main] INFO main.java.edu.mit.compbio.bisulfitehic.mapping.Bhmem  - Processing reads 397000 ...
111611 [main] INFO main.java.edu.mit.compbio.bisulfitehic.mapping.Bhmem  - Unique mapped and paired reads 393742 ...
111614 [main] INFO main.java.edu.mit.compbio.bisulfitehic.mapping.Bhmem  - Processing reads 398000 ...
111614 [main] INFO main.java.edu.mit.compbio.bisulfitehic.mapping.Bhmem  - Unique mapped and paired reads 393742 ...
[M::mem_process_seqs] Processed 1001 reads in 0.635 CPU sec, 0.082 real sec
[M::mem_process_seqs] Processed 1001 reads in 0.578 CPU sec, 0.080 real sec
[M::mem_process_seqs] Processed 1001 reads in 0.601 CPU sec, 0.076 real sec
[M::mem_process_seqs] Processed 1001 reads in 0.629 CPU sec, 0.081 real sec
112046 [main] INFO main.java.edu.mit.compbio.bisulfitehic.mapping.Bhmem  - Processing reads 399000 ...
112046 [main] INFO main.java.edu.mit.compbio.bisulfitehic.mapping.Bhmem  - Unique mapped and paired reads 395726 ...
112049 [main] INFO main.java.edu.mit.compbio.bisulfitehic.mapping.Bhmem  - Processing reads 400000 ...
112049 [main] INFO main.java.edu.mit.compbio.bisulfitehic.mapping.Bhmem  - Unique mapped and paired reads 395726 ...
[M::mem_process_seqs] Processed 1001 reads in 0.673 CPU sec, 0.089 real sec
[M::mem_process_seqs] Processed 1001 reads in 0.589 CPU sec, 0.075 real sec
[M::mem_process_seqs] Processed 1001 reads in 0.722 CPU sec, 0.095 real sec
[M::mem_process_seqs] Processed 1001 reads in 0.684 CPU sec, 0.087 real sec
112517 [main] INFO main.java.edu.mit.compbio.bisulfitehic.mapping.Bhmem  - Processing reads 401000 ...
112518 [main] INFO main.java.edu.mit.compbio.bisulfitehic.mapping.Bhmem  - Unique mapped and paired reads 397720 ...
112520 [main] INFO main.java.edu.mit.compbio.bisulfitehic.mapping.Bhmem  - Processing reads 402000 ...
112520 [main] INFO main.java.edu.mit.compbio.bisulfitehic.mapping.Bhmem  - Unique mapped and paired reads 397720 ...
[M::mem_process_seqs] Processed 1001 reads in 0.695 CPU sec, 0.089 real sec
[M::mem_process_seqs] Processed 1001 reads in 0.590 CPU sec, 0.081 real sec
[M::mem_process_seqs] Processed 1001 reads in 0.706 CPU sec, 0.089 real sec
[M::mem_process_seqs] Processed 1001 reads in 0.682 CPU sec, 0.092 real sec
112994 [main] INFO main.java.edu.mit.compbio.bisulfitehic.mapping.Bhmem  - Processing reads 403000 ...
112994 [main] INFO main.java.edu.mit.compbio.bisulfitehic.mapping.Bhmem  - Unique mapped and paired reads 399698 ...
112996 [main] INFO main.java.edu.mit.compbio.bisulfitehic.mapping.Bhmem  - Processing reads 404000 ...
112996 [main] INFO main.java.edu.mit.compbio.bisulfitehic.mapping.Bhmem  - Unique mapped and paired reads 399698 ...
[M::mem_process_seqs] Processed 1001 reads in 0.675 CPU sec, 0.086 real sec
[M::mem_process_seqs] Processed 1001 reads in 0.575 CPU sec, 0.073 real sec
[M::mem_process_seqs] Processed 1001 reads in 0.689 CPU sec, 0.087 real sec
[M::mem_process_seqs] Processed 1001 reads in 0.688 CPU sec, 0.095 real sec
113483 [main] INFO main.java.edu.mit.compbio.bisulfitehic.mapping.Bhmem  - Processing reads 405000 ...
113484 [main] INFO main.java.edu.mit.compbio.bisulfitehic.mapping.Bhmem  - Unique mapped and paired reads 401684 ...
113486 [main] INFO main.java.edu.mit.compbio.bisulfitehic.mapping.Bhmem  - Processing reads 406000 ...
113486 [main] INFO main.java.edu.mit.compbio.bisulfitehic.mapping.Bhmem  - Unique mapped and paired reads 401684 ...
[M::mem_process_seqs] Processed 1001 reads in 0.672 CPU sec, 0.086 real sec
[M::mem_process_seqs] Processed 1001 reads in 0.580 CPU sec, 0.075 real sec
[M::mem_process_seqs] Processed 1001 reads in 0.716 CPU sec, 0.096 real sec
[M::mem_process_seqs] Processed 1001 reads in 0.693 CPU sec, 0.093 real sec
113956 [main] INFO main.java.edu.mit.compbio.bisulfitehic.mapping.Bhmem  - Processing reads 407000 ...
113957 [main] INFO main.java.edu.mit.compbio.bisulfitehic.mapping.Bhmem  - Unique mapped and paired reads 403676 ...
113959 [main] INFO main.java.edu.mit.compbio.bisulfitehic.mapping.Bhmem  - Processing reads 408000 ...
113959 [main] INFO main.java.edu.mit.compbio.bisulfitehic.mapping.Bhmem  - Unique mapped and paired reads 403676 ...
[M::mem_process_seqs] Processed 1001 reads in 0.715 CPU sec, 0.091 real sec
[M::mem_process_seqs] Processed 1001 reads in 0.616 CPU sec, 0.085 real sec
[M::mem_process_seqs] Processed 1001 reads in 0.696 CPU sec, 0.088 real sec
[M::mem_process_seqs] Processed 1001 reads in 0.643 CPU sec, 0.082 real sec
114427 [main] INFO main.java.edu.mit.compbio.bisulfitehic.mapping.Bhmem  - Processing reads 409000 ...
114427 [main] INFO main.java.edu.mit.compbio.bisulfitehic.mapping.Bhmem  - Unique mapped and paired reads 405662 ...
114430 [main] INFO main.java.edu.mit.compbio.bisulfitehic.mapping.Bhmem  - Processing reads 410000 ...
114430 [main] INFO main.java.edu.mit.compbio.bisulfitehic.mapping.Bhmem  - Unique mapped and paired reads 405662 ...
[M::mem_process_seqs] Processed 1001 reads in 0.639 CPU sec, 0.081 real sec
[M::mem_process_seqs] Processed 1001 reads in 0.535 CPU sec, 0.069 real sec
[M::mem_process_seqs] Processed 1001 reads in 0.682 CPU sec, 0.093 real sec
[M::mem_process_seqs] Processed 1001 reads in 0.668 CPU sec, 0.086 real sec
114878 [main] INFO main.java.edu.mit.compbio.bisulfitehic.mapping.Bhmem  - Processing reads 411000 ...
114878 [main] INFO main.java.edu.mit.compbio.bisulfitehic.mapping.Bhmem  - Unique mapped and paired reads 407650 ...
114881 [main] INFO main.java.edu.mit.compbio.bisulfitehic.mapping.Bhmem  - Processing reads 412000 ...
114881 [main] INFO main.java.edu.mit.compbio.bisulfitehic.mapping.Bhmem  - Unique mapped and paired reads 407650 ...
[M::mem_process_seqs] Processed 1001 reads in 0.682 CPU sec, 0.086 real sec
[M::mem_process_seqs] Processed 1001 reads in 0.619 CPU sec, 0.079 real sec
[M::mem_process_seqs] Processed 1001 reads in 0.673 CPU sec, 0.090 real sec
[M::mem_process_seqs] Processed 1001 reads in 0.689 CPU sec, 0.089 real sec
115347 [main] INFO main.java.edu.mit.compbio.bisulfitehic.mapping.Bhmem  - Processing reads 413000 ...
115347 [main] INFO main.java.edu.mit.compbio.bisulfitehic.mapping.Bhmem  - Unique mapped and paired reads 409638 ...
115350 [main] INFO main.java.edu.mit.compbio.bisulfitehic.mapping.Bhmem  - Processing reads 414000 ...
115350 [main] INFO main.java.edu.mit.compbio.bisulfitehic.mapping.Bhmem  - Unique mapped and paired reads 409638 ...
[M::mem_process_seqs] Processed 1001 reads in 0.703 CPU sec, 0.089 real sec
[M::mem_process_seqs] Processed 1001 reads in 0.590 CPU sec, 0.075 real sec
[M::mem_process_seqs] Processed 1001 reads in 0.699 CPU sec, 0.094 real sec
[M::mem_process_seqs] Processed 1001 reads in 0.665 CPU sec, 0.084 real sec
115814 [main] INFO main.java.edu.mit.compbio.bisulfitehic.mapping.Bhmem  - Processing reads 415000 ...
115814 [main] INFO main.java.edu.mit.compbio.bisulfitehic.mapping.Bhmem  - Unique mapped and paired reads 411632 ...
115817 [main] INFO main.java.edu.mit.compbio.bisulfitehic.mapping.Bhmem  - Processing reads 416000 ...
115817 [main] INFO main.java.edu.mit.compbio.bisulfitehic.mapping.Bhmem  - Unique mapped and paired reads 411632 ...
[M::mem_process_seqs] Processed 1001 reads in 0.673 CPU sec, 0.088 real sec
[M::mem_process_seqs] Processed 1001 reads in 0.613 CPU sec, 0.078 real sec
[M::mem_process_seqs] Processed 1001 reads in 0.701 CPU sec, 0.090 real sec
[M::mem_process_seqs] Processed 1001 reads in 0.685 CPU sec, 0.086 real sec
116284 [main] INFO main.java.edu.mit.compbio.bisulfitehic.mapping.Bhmem  - Processing reads 417000 ...
116284 [main] INFO main.java.edu.mit.compbio.bisulfitehic.mapping.Bhmem  - Unique mapped and paired reads 413630 ...
116287 [main] INFO main.java.edu.mit.compbio.bisulfitehic.mapping.Bhmem  - Processing reads 418000 ...
116287 [main] INFO main.java.edu.mit.compbio.bisulfitehic.mapping.Bhmem  - Unique mapped and paired reads 413630 ...
[M::mem_process_seqs] Processed 1001 reads in 0.732 CPU sec, 0.093 real sec
[M::mem_process_seqs] Processed 1001 reads in 0.580 CPU sec, 0.080 real sec
[M::mem_process_seqs] Processed 1001 reads in 0.720 CPU sec, 0.091 real sec
[M::mem_process_seqs] Processed 1001 reads in 0.643 CPU sec, 0.081 real sec
116811 [main] INFO main.java.edu.mit.compbio.bisulfitehic.mapping.Bhmem  - Processing reads 419000 ...
116811 [main] INFO main.java.edu.mit.compbio.bisulfitehic.mapping.Bhmem  - Unique mapped and paired reads 415618 ...
116816 [main] INFO main.java.edu.mit.compbio.bisulfitehic.mapping.Bhmem  - Processing reads 420000 ...
116816 [main] INFO main.java.edu.mit.compbio.bisulfitehic.mapping.Bhmem  - Unique mapped and paired reads 415618 ...
[M::mem_process_seqs] Processed 1001 reads in 0.650 CPU sec, 0.082 real sec
[M::mem_process_seqs] Processed 1001 reads in 0.601 CPU sec, 0.082 real sec
[M::mem_process_seqs] Processed 1001 reads in 0.678 CPU sec, 0.089 real sec
[M::mem_process_seqs] Processed 1001 reads in 0.678 CPU sec, 0.092 real sec
117278 [main] INFO main.java.edu.mit.compbio.bisulfitehic.mapping.Bhmem  - Processing reads 421000 ...
117278 [main] INFO main.java.edu.mit.compbio.bisulfitehic.mapping.Bhmem  - Unique mapped and paired reads 417610 ...
117281 [main] INFO main.java.edu.mit.compbio.bisulfitehic.mapping.Bhmem  - Processing reads 422000 ...
117281 [main] INFO main.java.edu.mit.compbio.bisulfitehic.mapping.Bhmem  - Unique mapped and paired reads 417610 ...
[M::mem_process_seqs] Processed 1001 reads in 0.649 CPU sec, 0.083 real sec
[M::mem_process_seqs] Processed 1001 reads in 0.596 CPU sec, 0.082 real sec
[M::mem_process_seqs] Processed 1001 reads in 0.657 CPU sec, 0.083 real sec
[M::mem_process_seqs] Processed 1001 reads in 0.691 CPU sec, 0.087 real sec
117737 [main] INFO main.java.edu.mit.compbio.bisulfitehic.mapping.Bhmem  - Processing reads 423000 ...
117737 [main] INFO main.java.edu.mit.compbio.bisulfitehic.mapping.Bhmem  - Unique mapped and paired reads 419600 ...
117740 [main] INFO main.java.edu.mit.compbio.bisulfitehic.mapping.Bhmem  - Processing reads 424000 ...
117740 [main] INFO main.java.edu.mit.compbio.bisulfitehic.mapping.Bhmem  - Unique mapped and paired reads 419600 ...
[M::mem_process_seqs] Processed 1001 reads in 0.648 CPU sec, 0.085 real sec
[M::mem_process_seqs] Processed 1001 reads in 0.573 CPU sec, 0.073 real sec
[M::mem_process_seqs] Processed 1001 reads in 0.667 CPU sec, 0.090 real sec
[M::mem_process_seqs] Processed 1001 reads in 0.677 CPU sec, 0.086 real sec
118196 [main] INFO main.java.edu.mit.compbio.bisulfitehic.mapping.Bhmem  - Processing reads 425000 ...
118196 [main] INFO main.java.edu.mit.compbio.bisulfitehic.mapping.Bhmem  - Unique mapped and paired reads 421592 ...
118198 [main] INFO main.java.edu.mit.compbio.bisulfitehic.mapping.Bhmem  - Processing reads 426000 ...
118198 [main] INFO main.java.edu.mit.compbio.bisulfitehic.mapping.Bhmem  - Unique mapped and paired reads 421592 ...
[M::mem_process_seqs] Processed 1001 reads in 0.714 CPU sec, 0.093 real sec
[M::mem_process_seqs] Processed 1001 reads in 0.666 CPU sec, 0.095 real sec
[M::mem_process_seqs] Processed 1001 reads in 0.737 CPU sec, 0.099 real sec
[M::mem_process_seqs] Processed 1001 reads in 0.675 CPU sec, 0.090 real sec
118699 [main] INFO main.java.edu.mit.compbio.bisulfitehic.mapping.Bhmem  - Processing reads 427000 ...
118699 [main] INFO main.java.edu.mit.compbio.bisulfitehic.mapping.Bhmem  - Unique mapped and paired reads 423586 ...
118702 [main] INFO main.java.edu.mit.compbio.bisulfitehic.mapping.Bhmem  - Processing reads 428000 ...
118702 [main] INFO main.java.edu.mit.compbio.bisulfitehic.mapping.Bhmem  - Unique mapped and paired reads 423586 ...
[M::mem_process_seqs] Processed 1001 reads in 0.705 CPU sec, 0.095 real sec
[M::mem_process_seqs] Processed 1001 reads in 0.639 CPU sec, 0.087 real sec
[M::mem_process_seqs] Processed 1001 reads in 0.672 CPU sec, 0.086 real sec
[M::mem_process_seqs] Processed 1001 reads in 0.676 CPU sec, 0.093 real sec
119189 [main] INFO main.java.edu.mit.compbio.bisulfitehic.mapping.Bhmem  - Processing reads 429000 ...
119189 [main] INFO main.java.edu.mit.compbio.bisulfitehic.mapping.Bhmem  - Unique mapped and paired reads 425578 ...
119191 [main] INFO main.java.edu.mit.compbio.bisulfitehic.mapping.Bhmem  - Processing reads 430000 ...
119192 [main] INFO main.java.edu.mit.compbio.bisulfitehic.mapping.Bhmem  - Unique mapped and paired reads 425578 ...
[M::mem_process_seqs] Processed 1001 reads in 0.701 CPU sec, 0.090 real sec
[M::mem_process_seqs] Processed 1001 reads in 0.609 CPU sec, 0.084 real sec
[M::mem_process_seqs] Processed 1001 reads in 0.734 CPU sec, 0.093 real sec
[M::mem_process_seqs] Processed 1001 reads in 0.689 CPU sec, 0.087 real sec
119670 [main] INFO main.java.edu.mit.compbio.bisulfitehic.mapping.Bhmem  - Processing reads 431000 ...
119670 [main] INFO main.java.edu.mit.compbio.bisulfitehic.mapping.Bhmem  - Unique mapped and paired reads 427564 ...
119673 [main] INFO main.java.edu.mit.compbio.bisulfitehic.mapping.Bhmem  - Processing reads 432000 ...
119673 [main] INFO main.java.edu.mit.compbio.bisulfitehic.mapping.Bhmem  - Unique mapped and paired reads 427564 ...
[M::mem_process_seqs] Processed 1001 reads in 0.656 CPU sec, 0.083 real sec
[M::mem_process_seqs] Processed 1001 reads in 0.529 CPU sec, 0.068 real sec
[M::mem_process_seqs] Processed 1001 reads in 0.647 CPU sec, 0.082 real sec
[M::mem_process_seqs] Processed 1001 reads in 0.637 CPU sec, 0.087 real sec
120109 [main] INFO main.java.edu.mit.compbio.bisulfitehic.mapping.Bhmem  - Processing reads 433000 ...
120109 [main] INFO main.java.edu.mit.compbio.bisulfitehic.mapping.Bhmem  - Unique mapped and paired reads 429554 ...
120112 [main] INFO main.java.edu.mit.compbio.bisulfitehic.mapping.Bhmem  - Processing reads 434000 ...
120112 [main] INFO main.java.edu.mit.compbio.bisulfitehic.mapping.Bhmem  - Unique mapped and paired reads 429554 ...
[M::mem_process_seqs] Processed 1001 reads in 0.699 CPU sec, 0.089 real sec
[M::mem_process_seqs] Processed 1001 reads in 0.613 CPU sec, 0.080 real sec
[M::mem_process_seqs] Processed 1001 reads in 0.744 CPU sec, 0.104 real sec
[M::mem_process_seqs] Processed 1001 reads in 0.711 CPU sec, 0.096 real sec
120610 [main] INFO main.java.edu.mit.compbio.bisulfitehic.mapping.Bhmem  - Processing reads 435000 ...
120610 [main] INFO main.java.edu.mit.compbio.bisulfitehic.mapping.Bhmem  - Unique mapped and paired reads 431538 ...
120613 [main] INFO main.java.edu.mit.compbio.bisulfitehic.mapping.Bhmem  - Processing reads 436000 ...
120613 [main] INFO main.java.edu.mit.compbio.bisulfitehic.mapping.Bhmem  - Unique mapped and paired reads 431538 ...
[M::mem_process_seqs] Processed 1001 reads in 0.705 CPU sec, 0.090 real sec
[M::mem_process_seqs] Processed 1001 reads in 0.592 CPU sec, 0.079 real sec
[M::mem_process_seqs] Processed 1001 reads in 0.734 CPU sec, 0.094 real sec
[M::mem_process_seqs] Processed 1001 reads in 0.682 CPU sec, 0.092 real sec
121095 [main] INFO main.java.edu.mit.compbio.bisulfitehic.mapping.Bhmem  - Processing reads 437000 ...
121095 [main] INFO main.java.edu.mit.compbio.bisulfitehic.mapping.Bhmem  - Unique mapped and paired reads 433536 ...
121097 [main] INFO main.java.edu.mit.compbio.bisulfitehic.mapping.Bhmem  - Processing reads 438000 ...
121097 [main] INFO main.java.edu.mit.compbio.bisulfitehic.mapping.Bhmem  - Unique mapped and paired reads 433536 ...
[M::mem_process_seqs] Processed 1001 reads in 0.658 CPU sec, 0.088 real sec
[M::mem_process_seqs] Processed 1001 reads in 0.640 CPU sec, 0.082 real sec
[M::mem_process_seqs] Processed 1001 reads in 0.730 CPU sec, 0.100 real sec
[M::mem_process_seqs] Processed 1001 reads in 0.753 CPU sec, 0.097 real sec
121588 [main] INFO main.java.edu.mit.compbio.bisulfitehic.mapping.Bhmem  - Processing reads 439000 ...
121588 [main] INFO main.java.edu.mit.compbio.bisulfitehic.mapping.Bhmem  - Unique mapped and paired reads 435534 ...
121591 [main] INFO main.java.edu.mit.compbio.bisulfitehic.mapping.Bhmem  - Processing reads 440000 ...
121591 [main] INFO main.java.edu.mit.compbio.bisulfitehic.mapping.Bhmem  - Unique mapped and paired reads 435534 ...
[M::mem_process_seqs] Processed 1001 reads in 0.690 CPU sec, 0.089 real sec
[M::mem_process_seqs] Processed 1001 reads in 0.570 CPU sec, 0.072 real sec
[M::mem_process_seqs] Processed 1001 reads in 0.730 CPU sec, 0.102 real sec
[M::mem_process_seqs] Processed 1001 reads in 0.675 CPU sec, 0.087 real sec
122062 [main] INFO main.java.edu.mit.compbio.bisulfitehic.mapping.Bhmem  - Processing reads 441000 ...
122062 [main] INFO main.java.edu.mit.compbio.bisulfitehic.mapping.Bhmem  - Unique mapped and paired reads 437526 ...
122065 [main] INFO main.java.edu.mit.compbio.bisulfitehic.mapping.Bhmem  - Processing reads 442000 ...
122065 [main] INFO main.java.edu.mit.compbio.bisulfitehic.mapping.Bhmem  - Unique mapped and paired reads 437526 ...
[M::mem_process_seqs] Processed 1001 reads in 0.729 CPU sec, 0.092 real sec
[M::mem_process_seqs] Processed 1001 reads in 0.611 CPU sec, 0.077 real sec
[M::mem_process_seqs] Processed 1001 reads in 0.743 CPU sec, 0.099 real sec
[M::mem_process_seqs] Processed 1001 reads in 0.695 CPU sec, 0.090 real sec
122549 [main] INFO main.java.edu.mit.compbio.bisulfitehic.mapping.Bhmem  - Processing reads 443000 ...
122549 [main] INFO main.java.edu.mit.compbio.bisulfitehic.mapping.Bhmem  - Unique mapped and paired reads 439514 ...
122552 [main] INFO main.java.edu.mit.compbio.bisulfitehic.mapping.Bhmem  - Processing reads 444000 ...
122552 [main] INFO main.java.edu.mit.compbio.bisulfitehic.mapping.Bhmem  - Unique mapped and paired reads 439514 ...
[M::mem_process_seqs] Processed 1001 reads in 0.674 CPU sec, 0.085 real sec
[M::mem_process_seqs] Processed 1001 reads in 0.587 CPU sec, 0.081 real sec
[M::mem_process_seqs] Processed 1001 reads in 0.702 CPU sec, 0.095 real sec
[M::mem_process_seqs] Processed 1001 reads in 0.679 CPU sec, 0.086 real sec
123026 [main] INFO main.java.edu.mit.compbio.bisulfitehic.mapping.Bhmem  - Processing reads 445000 ...
123026 [main] INFO main.java.edu.mit.compbio.bisulfitehic.mapping.Bhmem  - Unique mapped and paired reads 441500 ...
123028 [main] INFO main.java.edu.mit.compbio.bisulfitehic.mapping.Bhmem  - Processing reads 446000 ...
123028 [main] INFO main.java.edu.mit.compbio.bisulfitehic.mapping.Bhmem  - Unique mapped and paired reads 441500 ...
[M::mem_process_seqs] Processed 1001 reads in 0.691 CPU sec, 0.088 real sec
[M::mem_process_seqs] Processed 1001 reads in 0.609 CPU sec, 0.077 real sec
[M::mem_process_seqs] Processed 1001 reads in 0.661 CPU sec, 0.084 real sec
[M::mem_process_seqs] Processed 1001 reads in 0.666 CPU sec, 0.084 real sec
123489 [main] INFO main.java.edu.mit.compbio.bisulfitehic.mapping.Bhmem  - Processing reads 447000 ...
123489 [main] INFO main.java.edu.mit.compbio.bisulfitehic.mapping.Bhmem  - Unique mapped and paired reads 443476 ...
123492 [main] INFO main.java.edu.mit.compbio.bisulfitehic.mapping.Bhmem  - Processing reads 448000 ...
123492 [main] INFO main.java.edu.mit.compbio.bisulfitehic.mapping.Bhmem  - Unique mapped and paired reads 443476 ...
[M::mem_process_seqs] Processed 1001 reads in 0.803 CPU sec, 0.107 real sec
[M::mem_process_seqs] Processed 1001 reads in 0.696 CPU sec, 0.088 real sec
[M::mem_process_seqs] Processed 1001 reads in 0.684 CPU sec, 0.086 real sec
[M::mem_process_seqs] Processed 1001 reads in 0.673 CPU sec, 0.085 real sec
123989 [main] INFO main.java.edu.mit.compbio.bisulfitehic.mapping.Bhmem  - Processing reads 449000 ...
123989 [main] INFO main.java.edu.mit.compbio.bisulfitehic.mapping.Bhmem  - Unique mapped and paired reads 445474 ...
123992 [main] INFO main.java.edu.mit.compbio.bisulfitehic.mapping.Bhmem  - Processing reads 450000 ...
123992 [main] INFO main.java.edu.mit.compbio.bisulfitehic.mapping.Bhmem  - Unique mapped and paired reads 445474 ...
[M::mem_process_seqs] Processed 1001 reads in 0.700 CPU sec, 0.090 real sec
[M::mem_process_seqs] Processed 1001 reads in 0.617 CPU sec, 0.078 real sec
[M::mem_process_seqs] Processed 1001 reads in 0.696 CPU sec, 0.091 real sec
[M::mem_process_seqs] Processed 1001 reads in 0.658 CPU sec, 0.083 real sec
124462 [main] INFO main.java.edu.mit.compbio.bisulfitehic.mapping.Bhmem  - Processing reads 451000 ...
124462 [main] INFO main.java.edu.mit.compbio.bisulfitehic.mapping.Bhmem  - Unique mapped and paired reads 447458 ...
124465 [main] INFO main.java.edu.mit.compbio.bisulfitehic.mapping.Bhmem  - Processing reads 452000 ...
124465 [main] INFO main.java.edu.mit.compbio.bisulfitehic.mapping.Bhmem  - Unique mapped and paired reads 447458 ...
[M::mem_process_seqs] Processed 1001 reads in 0.730 CPU sec, 0.093 real sec
[M::mem_process_seqs] Processed 1001 reads in 0.638 CPU sec, 0.081 real sec
[M::mem_process_seqs] Processed 1001 reads in 0.675 CPU sec, 0.085 real sec
[M::mem_process_seqs] Processed 1001 reads in 0.666 CPU sec, 0.086 real sec
124935 [main] INFO main.java.edu.mit.compbio.bisulfitehic.mapping.Bhmem  - Processing reads 453000 ...
124935 [main] INFO main.java.edu.mit.compbio.bisulfitehic.mapping.Bhmem  - Unique mapped and paired reads 449446 ...
124939 [main] INFO main.java.edu.mit.compbio.bisulfitehic.mapping.Bhmem  - Processing reads 454000 ...
124939 [main] INFO main.java.edu.mit.compbio.bisulfitehic.mapping.Bhmem  - Unique mapped and paired reads 449446 ...
[M::mem_process_seqs] Processed 1001 reads in 0.687 CPU sec, 0.090 real sec
[M::mem_process_seqs] Processed 1001 reads in 0.571 CPU sec, 0.074 real sec
[M::mem_process_seqs] Processed 1001 reads in 0.649 CPU sec, 0.082 real sec
[M::mem_process_seqs] Processed 1001 reads in 0.684 CPU sec, 0.096 real sec
125404 [main] INFO main.java.edu.mit.compbio.bisulfitehic.mapping.Bhmem  - Processing reads 455000 ...
125404 [main] INFO main.java.edu.mit.compbio.bisulfitehic.mapping.Bhmem  - Unique mapped and paired reads 451444 ...
125407 [main] INFO main.java.edu.mit.compbio.bisulfitehic.mapping.Bhmem  - Processing reads 456000 ...
125407 [main] INFO main.java.edu.mit.compbio.bisulfitehic.mapping.Bhmem  - Unique mapped and paired reads 451444 ...
[M::mem_process_seqs] Processed 1001 reads in 0.657 CPU sec, 0.083 real sec
[M::mem_process_seqs] Processed 1001 reads in 0.582 CPU sec, 0.075 real sec
[M::mem_process_seqs] Processed 1001 reads in 0.676 CPU sec, 0.095 real sec
[M::mem_process_seqs] Processed 1001 reads in 0.665 CPU sec, 0.086 real sec
125875 [main] INFO main.java.edu.mit.compbio.bisulfitehic.mapping.Bhmem  - Processing reads 457000 ...
125875 [main] INFO main.java.edu.mit.compbio.bisulfitehic.mapping.Bhmem  - Unique mapped and paired reads 453434 ...
125878 [main] INFO main.java.edu.mit.compbio.bisulfitehic.mapping.Bhmem  - Processing reads 458000 ...
125878 [main] INFO main.java.edu.mit.compbio.bisulfitehic.mapping.Bhmem  - Unique mapped and paired reads 453434 ...
[M::mem_process_seqs] Processed 1001 reads in 0.689 CPU sec, 0.087 real sec
[M::mem_process_seqs] Processed 1001 reads in 0.579 CPU sec, 0.076 real sec
[M::mem_process_seqs] Processed 1001 reads in 0.690 CPU sec, 0.089 real sec
[M::mem_process_seqs] Processed 1001 reads in 0.704 CPU sec, 0.089 real sec
126342 [main] INFO main.java.edu.mit.compbio.bisulfitehic.mapping.Bhmem  - Processing reads 459000 ...
126342 [main] INFO main.java.edu.mit.compbio.bisulfitehic.mapping.Bhmem  - Unique mapped and paired reads 455422 ...
126345 [main] INFO main.java.edu.mit.compbio.bisulfitehic.mapping.Bhmem  - Processing reads 460000 ...
126345 [main] INFO main.java.edu.mit.compbio.bisulfitehic.mapping.Bhmem  - Unique mapped and paired reads 455422 ...
[M::mem_process_seqs] Processed 1001 reads in 0.695 CPU sec, 0.089 real sec
[M::mem_process_seqs] Processed 1001 reads in 0.622 CPU sec, 0.078 real sec
[M::mem_process_seqs] Processed 1001 reads in 0.658 CPU sec, 0.084 real sec
[M::mem_process_seqs] Processed 1001 reads in 0.689 CPU sec, 0.093 real sec
126816 [main] INFO main.java.edu.mit.compbio.bisulfitehic.mapping.Bhmem  - Processing reads 461000 ...
126816 [main] INFO main.java.edu.mit.compbio.bisulfitehic.mapping.Bhmem  - Unique mapped and paired reads 457412 ...
126819 [main] INFO main.java.edu.mit.compbio.bisulfitehic.mapping.Bhmem  - Processing reads 462000 ...
126819 [main] INFO main.java.edu.mit.compbio.bisulfitehic.mapping.Bhmem  - Unique mapped and paired reads 457412 ...
[M::mem_process_seqs] Processed 1001 reads in 0.687 CPU sec, 0.088 real sec
[M::mem_process_seqs] Processed 1001 reads in 0.648 CPU sec, 0.084 real sec
[M::mem_process_seqs] Processed 1001 reads in 0.679 CPU sec, 0.086 real sec
[M::mem_process_seqs] Processed 1001 reads in 0.663 CPU sec, 0.090 real sec
127291 [main] INFO main.java.edu.mit.compbio.bisulfitehic.mapping.Bhmem  - Processing reads 463000 ...
127291 [main] INFO main.java.edu.mit.compbio.bisulfitehic.mapping.Bhmem  - Unique mapped and paired reads 459410 ...
127294 [main] INFO main.java.edu.mit.compbio.bisulfitehic.mapping.Bhmem  - Processing reads 464000 ...
127294 [main] INFO main.java.edu.mit.compbio.bisulfitehic.mapping.Bhmem  - Unique mapped and paired reads 459410 ...
[M::mem_process_seqs] Processed 1001 reads in 0.678 CPU sec, 0.090 real sec
[M::mem_process_seqs] Processed 1001 reads in 0.598 CPU sec, 0.076 real sec
[M::mem_process_seqs] Processed 1001 reads in 0.695 CPU sec, 0.090 real sec
[M::mem_process_seqs] Processed 1001 reads in 0.678 CPU sec, 0.088 real sec
127759 [main] INFO main.java.edu.mit.compbio.bisulfitehic.mapping.Bhmem  - Processing reads 465000 ...
127760 [main] INFO main.java.edu.mit.compbio.bisulfitehic.mapping.Bhmem  - Unique mapped and paired reads 461390 ...
127762 [main] INFO main.java.edu.mit.compbio.bisulfitehic.mapping.Bhmem  - Processing reads 466000 ...
127762 [main] INFO main.java.edu.mit.compbio.bisulfitehic.mapping.Bhmem  - Unique mapped and paired reads 461390 ...
[M::mem_process_seqs] Processed 1001 reads in 0.720 CPU sec, 0.093 real sec
[M::mem_process_seqs] Processed 1001 reads in 0.645 CPU sec, 0.086 real sec
[M::mem_process_seqs] Processed 1001 reads in 0.714 CPU sec, 0.094 real sec
[M::mem_process_seqs] Processed 1001 reads in 0.709 CPU sec, 0.090 real sec
128250 [main] INFO main.java.edu.mit.compbio.bisulfitehic.mapping.Bhmem  - Processing reads 467000 ...
128251 [main] INFO main.java.edu.mit.compbio.bisulfitehic.mapping.Bhmem  - Unique mapped and paired reads 463378 ...
128253 [main] INFO main.java.edu.mit.compbio.bisulfitehic.mapping.Bhmem  - Processing reads 468000 ...
128254 [main] INFO main.java.edu.mit.compbio.bisulfitehic.mapping.Bhmem  - Unique mapped and paired reads 463378 ...
[M::mem_process_seqs] Processed 1001 reads in 0.663 CPU sec, 0.090 real sec
[M::mem_process_seqs] Processed 1001 reads in 0.621 CPU sec, 0.084 real sec
[M::mem_process_seqs] Processed 1001 reads in 0.727 CPU sec, 0.097 real sec
[M::mem_process_seqs] Processed 1001 reads in 0.721 CPU sec, 0.096 real sec
128750 [main] INFO main.java.edu.mit.compbio.bisulfitehic.mapping.Bhmem  - Processing reads 469000 ...
128750 [main] INFO main.java.edu.mit.compbio.bisulfitehic.mapping.Bhmem  - Unique mapped and paired reads 465374 ...
128753 [main] INFO main.java.edu.mit.compbio.bisulfitehic.mapping.Bhmem  - Processing reads 470000 ...
128753 [main] INFO main.java.edu.mit.compbio.bisulfitehic.mapping.Bhmem  - Unique mapped and paired reads 465374 ...
[M::mem_process_seqs] Processed 1001 reads in 0.721 CPU sec, 0.093 real sec
[M::mem_process_seqs] Processed 1001 reads in 0.607 CPU sec, 0.077 real sec
[M::mem_process_seqs] Processed 1001 reads in 0.712 CPU sec, 0.097 real sec
[M::mem_process_seqs] Processed 1001 reads in 0.692 CPU sec, 0.091 real sec
129240 [main] INFO main.java.edu.mit.compbio.bisulfitehic.mapping.Bhmem  - Processing reads 471000 ...
129240 [main] INFO main.java.edu.mit.compbio.bisulfitehic.mapping.Bhmem  - Unique mapped and paired reads 467364 ...
129243 [main] INFO main.java.edu.mit.compbio.bisulfitehic.mapping.Bhmem  - Processing reads 472000 ...
129243 [main] INFO main.java.edu.mit.compbio.bisulfitehic.mapping.Bhmem  - Unique mapped and paired reads 467364 ...
[M::mem_process_seqs] Processed 1001 reads in 0.708 CPU sec, 0.091 real sec
[M::mem_process_seqs] Processed 1001 reads in 0.639 CPU sec, 0.090 real sec
[M::mem_process_seqs] Processed 1001 reads in 0.811 CPU sec, 0.103 real sec
[M::mem_process_seqs] Processed 1001 reads in 0.718 CPU sec, 0.091 real sec
129742 [main] INFO main.java.edu.mit.compbio.bisulfitehic.mapping.Bhmem  - Processing reads 473000 ...
129742 [main] INFO main.java.edu.mit.compbio.bisulfitehic.mapping.Bhmem  - Unique mapped and paired reads 469350 ...
129745 [main] INFO main.java.edu.mit.compbio.bisulfitehic.mapping.Bhmem  - Processing reads 474000 ...
129745 [main] INFO main.java.edu.mit.compbio.bisulfitehic.mapping.Bhmem  - Unique mapped and paired reads 469350 ...
[M::mem_process_seqs] Processed 1001 reads in 0.706 CPU sec, 0.091 real sec
[M::mem_process_seqs] Processed 1001 reads in 0.629 CPU sec, 0.080 real sec
[M::mem_process_seqs] Processed 1001 reads in 0.714 CPU sec, 0.096 real sec
[M::mem_process_seqs] Processed 1001 reads in 0.706 CPU sec, 0.090 real sec
130232 [main] INFO main.java.edu.mit.compbio.bisulfitehic.mapping.Bhmem  - Processing reads 475000 ...
130232 [main] INFO main.java.edu.mit.compbio.bisulfitehic.mapping.Bhmem  - Unique mapped and paired reads 471348 ...
130235 [main] INFO main.java.edu.mit.compbio.bisulfitehic.mapping.Bhmem  - Processing reads 476000 ...
130235 [main] INFO main.java.edu.mit.compbio.bisulfitehic.mapping.Bhmem  - Unique mapped and paired reads 471348 ...
[M::mem_process_seqs] Processed 1001 reads in 0.714 CPU sec, 0.091 real sec
[M::mem_process_seqs] Processed 1001 reads in 0.667 CPU sec, 0.091 real sec
[M::mem_process_seqs] Processed 1001 reads in 0.763 CPU sec, 0.097 real sec
[M::mem_process_seqs] Processed 1001 reads in 0.760 CPU sec, 0.096 real sec
130741 [main] INFO main.java.edu.mit.compbio.bisulfitehic.mapping.Bhmem  - Processing reads 477000 ...
130741 [main] INFO main.java.edu.mit.compbio.bisulfitehic.mapping.Bhmem  - Unique mapped and paired reads 473336 ...
130744 [main] INFO main.java.edu.mit.compbio.bisulfitehic.mapping.Bhmem  - Processing reads 478000 ...
130744 [main] INFO main.java.edu.mit.compbio.bisulfitehic.mapping.Bhmem  - Unique mapped and paired reads 473336 ...
[M::mem_process_seqs] Processed 1001 reads in 0.717 CPU sec, 0.091 real sec
[M::mem_process_seqs] Processed 1001 reads in 0.674 CPU sec, 0.086 real sec
[M::mem_process_seqs] Processed 1001 reads in 0.761 CPU sec, 0.097 real sec
[M::mem_process_seqs] Processed 1001 reads in 0.793 CPU sec, 0.106 real sec
131259 [main] INFO main.java.edu.mit.compbio.bisulfitehic.mapping.Bhmem  - Processing reads 479000 ...
131259 [main] INFO main.java.edu.mit.compbio.bisulfitehic.mapping.Bhmem  - Unique mapped and paired reads 475324 ...
131262 [main] INFO main.java.edu.mit.compbio.bisulfitehic.mapping.Bhmem  - Processing reads 480000 ...
131262 [main] INFO main.java.edu.mit.compbio.bisulfitehic.mapping.Bhmem  - Unique mapped and paired reads 475324 ...
[M::mem_process_seqs] Processed 1001 reads in 0.710 CPU sec, 0.090 real sec
[M::mem_process_seqs] Processed 1001 reads in 0.616 CPU sec, 0.085 real sec
[M::mem_process_seqs] Processed 1001 reads in 0.770 CPU sec, 0.098 real sec
[M::mem_process_seqs] Processed 1001 reads in 0.697 CPU sec, 0.088 real sec
131760 [main] INFO main.java.edu.mit.compbio.bisulfitehic.mapping.Bhmem  - Processing reads 481000 ...
131760 [main] INFO main.java.edu.mit.compbio.bisulfitehic.mapping.Bhmem  - Unique mapped and paired reads 477310 ...
131763 [main] INFO main.java.edu.mit.compbio.bisulfitehic.mapping.Bhmem  - Processing reads 482000 ...
131763 [main] INFO main.java.edu.mit.compbio.bisulfitehic.mapping.Bhmem  - Unique mapped and paired reads 477310 ...
[M::mem_process_seqs] Processed 1001 reads in 0.663 CPU sec, 0.086 real sec
[M::mem_process_seqs] Processed 1001 reads in 0.641 CPU sec, 0.086 real sec
[M::mem_process_seqs] Processed 1001 reads in 0.720 CPU sec, 0.091 real sec
[M::mem_process_seqs] Processed 1001 reads in 0.762 CPU sec, 0.104 real sec
132261 [main] INFO main.java.edu.mit.compbio.bisulfitehic.mapping.Bhmem  - Processing reads 483000 ...
132261 [main] INFO main.java.edu.mit.compbio.bisulfitehic.mapping.Bhmem  - Unique mapped and paired reads 479302 ...
132264 [main] INFO main.java.edu.mit.compbio.bisulfitehic.mapping.Bhmem  - Processing reads 484000 ...
132264 [main] INFO main.java.edu.mit.compbio.bisulfitehic.mapping.Bhmem  - Unique mapped and paired reads 479302 ...
[M::mem_process_seqs] Processed 1001 reads in 0.753 CPU sec, 0.096 real sec
[M::mem_process_seqs] Processed 1001 reads in 0.631 CPU sec, 0.079 real sec
[M::mem_process_seqs] Processed 1001 reads in 0.716 CPU sec, 0.091 real sec
[M::mem_process_seqs] Processed 1001 reads in 0.691 CPU sec, 0.093 real sec
132758 [main] INFO main.java.edu.mit.compbio.bisulfitehic.mapping.Bhmem  - Processing reads 485000 ...
132758 [main] INFO main.java.edu.mit.compbio.bisulfitehic.mapping.Bhmem  - Unique mapped and paired reads 481292 ...
132761 [main] INFO main.java.edu.mit.compbio.bisulfitehic.mapping.Bhmem  - Processing reads 486000 ...
132761 [main] INFO main.java.edu.mit.compbio.bisulfitehic.mapping.Bhmem  - Unique mapped and paired reads 481292 ...
[M::mem_process_seqs] Processed 1001 reads in 0.725 CPU sec, 0.092 real sec
[M::mem_process_seqs] Processed 1001 reads in 0.637 CPU sec, 0.081 real sec
[M::mem_process_seqs] Processed 1001 reads in 0.762 CPU sec, 0.097 real sec
[M::mem_process_seqs] Processed 1001 reads in 0.736 CPU sec, 0.094 real sec
133255 [main] INFO main.java.edu.mit.compbio.bisulfitehic.mapping.Bhmem  - Processing reads 487000 ...
133255 [main] INFO main.java.edu.mit.compbio.bisulfitehic.mapping.Bhmem  - Unique mapped and paired reads 483284 ...
133258 [main] INFO main.java.edu.mit.compbio.bisulfitehic.mapping.Bhmem  - Processing reads 488000 ...
133258 [main] INFO main.java.edu.mit.compbio.bisulfitehic.mapping.Bhmem  - Unique mapped and paired reads 483284 ...
[M::mem_process_seqs] Processed 1001 reads in 0.713 CPU sec, 0.091 real sec
[M::mem_process_seqs] Processed 1001 reads in 0.608 CPU sec, 0.076 real sec
[M::mem_process_seqs] Processed 1001 reads in 0.750 CPU sec, 0.096 real sec
[M::mem_process_seqs] Processed 1001 reads in 0.777 CPU sec, 0.118 real sec
133772 [main] INFO main.java.edu.mit.compbio.bisulfitehic.mapping.Bhmem  - Processing reads 489000 ...
133772 [main] INFO main.java.edu.mit.compbio.bisulfitehic.mapping.Bhmem  - Unique mapped and paired reads 485274 ...
133775 [main] INFO main.java.edu.mit.compbio.bisulfitehic.mapping.Bhmem  - Processing reads 490000 ...
133775 [main] INFO main.java.edu.mit.compbio.bisulfitehic.mapping.Bhmem  - Unique mapped and paired reads 485274 ...
[M::mem_process_seqs] Processed 1001 reads in 0.759 CPU sec, 0.098 real sec
[M::mem_process_seqs] Processed 1001 reads in 0.670 CPU sec, 0.088 real sec
[M::mem_process_seqs] Processed 1001 reads in 0.797 CPU sec, 0.102 real sec
[M::mem_process_seqs] Processed 1001 reads in 0.780 CPU sec, 0.099 real sec
134301 [main] INFO main.java.edu.mit.compbio.bisulfitehic.mapping.Bhmem  - Processing reads 491000 ...
134301 [main] INFO main.java.edu.mit.compbio.bisulfitehic.mapping.Bhmem  - Unique mapped and paired reads 487266 ...
134304 [main] INFO main.java.edu.mit.compbio.bisulfitehic.mapping.Bhmem  - Processing reads 492000 ...
134304 [main] INFO main.java.edu.mit.compbio.bisulfitehic.mapping.Bhmem  - Unique mapped and paired reads 487266 ...
[M::mem_process_seqs] Processed 1001 reads in 0.711 CPU sec, 0.091 real sec
[M::mem_process_seqs] Processed 1001 reads in 0.609 CPU sec, 0.083 real sec
[M::mem_process_seqs] Processed 1001 reads in 0.800 CPU sec, 0.102 real sec
[M::mem_process_seqs] Processed 1001 reads in 0.733 CPU sec, 0.093 real sec
134802 [main] INFO main.java.edu.mit.compbio.bisulfitehic.mapping.Bhmem  - Processing reads 493000 ...
134803 [main] INFO main.java.edu.mit.compbio.bisulfitehic.mapping.Bhmem  - Unique mapped and paired reads 489254 ...
134805 [main] INFO main.java.edu.mit.compbio.bisulfitehic.mapping.Bhmem  - Processing reads 494000 ...
134805 [main] INFO main.java.edu.mit.compbio.bisulfitehic.mapping.Bhmem  - Unique mapped and paired reads 489254 ...
[M::mem_process_seqs] Processed 1001 reads in 0.754 CPU sec, 0.096 real sec
[M::mem_process_seqs] Processed 1001 reads in 0.693 CPU sec, 0.089 real sec
[M::mem_process_seqs] Processed 1001 reads in 0.838 CPU sec, 0.113 real sec
[M::mem_process_seqs] Processed 1001 reads in 0.799 CPU sec, 0.102 real sec
135346 [main] INFO main.java.edu.mit.compbio.bisulfitehic.mapping.Bhmem  - Processing reads 495000 ...
135346 [main] INFO main.java.edu.mit.compbio.bisulfitehic.mapping.Bhmem  - Unique mapped and paired reads 491238 ...
135349 [main] INFO main.java.edu.mit.compbio.bisulfitehic.mapping.Bhmem  - Processing reads 496000 ...
135349 [main] INFO main.java.edu.mit.compbio.bisulfitehic.mapping.Bhmem  - Unique mapped and paired reads 491238 ...
[M::mem_process_seqs] Processed 1001 reads in 0.760 CPU sec, 0.096 real sec
[M::mem_process_seqs] Processed 1001 reads in 0.667 CPU sec, 0.085 real sec
[M::mem_process_seqs] Processed 1001 reads in 0.846 CPU sec, 0.113 real sec
[M::mem_process_seqs] Processed 1001 reads in 0.848 CPU sec, 0.109 real sec
135892 [main] INFO main.java.edu.mit.compbio.bisulfitehic.mapping.Bhmem  - Processing reads 497000 ...
135892 [main] INFO main.java.edu.mit.compbio.bisulfitehic.mapping.Bhmem  - Unique mapped and paired reads 493222 ...
135895 [main] INFO main.java.edu.mit.compbio.bisulfitehic.mapping.Bhmem  - Processing reads 498000 ...
135895 [main] INFO main.java.edu.mit.compbio.bisulfitehic.mapping.Bhmem  - Unique mapped and paired reads 493222 ...
[M::mem_process_seqs] Processed 1001 reads in 0.682 CPU sec, 0.086 real sec
[M::mem_process_seqs] Processed 1001 reads in 0.579 CPU sec, 0.073 real sec
[M::mem_process_seqs] Processed 1001 reads in 0.726 CPU sec, 0.107 real sec
[M::mem_process_seqs] Processed 1001 reads in 0.761 CPU sec, 0.096 real sec
136379 [main] INFO main.java.edu.mit.compbio.bisulfitehic.mapping.Bhmem  - Processing reads 499000 ...
136379 [main] INFO main.java.edu.mit.compbio.bisulfitehic.mapping.Bhmem  - Unique mapped and paired reads 495204 ...
136382 [main] INFO main.java.edu.mit.compbio.bisulfitehic.mapping.Bhmem  - Processing reads 500000 ...
136382 [main] INFO main.java.edu.mit.compbio.bisulfitehic.mapping.Bhmem  - Unique mapped and paired reads 495204 ...
[M::mem_process_seqs] Processed 1001 reads in 0.631 CPU sec, 0.080 real sec
[M::mem_process_seqs] Processed 1001 reads in 0.560 CPU sec, 0.071 real sec
[M::mem_process_seqs] Processed 1001 reads in 0.657 CPU sec, 0.090 real sec
[M::mem_process_seqs] Processed 1001 reads in 0.671 CPU sec, 0.092 real sec
136828 [main] INFO main.java.edu.mit.compbio.bisulfitehic.mapping.Bhmem  - Processing reads 501000 ...
136828 [main] INFO main.java.edu.mit.compbio.bisulfitehic.mapping.Bhmem  - Unique mapped and paired reads 497196 ...
136830 [main] INFO main.java.edu.mit.compbio.bisulfitehic.mapping.Bhmem  - Processing reads 502000 ...
136830 [main] INFO main.java.edu.mit.compbio.bisulfitehic.mapping.Bhmem  - Unique mapped and paired reads 497196 ...
[M::mem_process_seqs] Processed 1001 reads in 0.677 CPU sec, 0.086 real sec
[M::mem_process_seqs] Processed 1001 reads in 0.591 CPU sec, 0.082 real sec
[M::mem_process_seqs] Processed 1001 reads in 0.660 CPU sec, 0.084 real sec
[M::mem_process_seqs] Processed 1001 reads in 0.682 CPU sec, 0.092 real sec
137290 [main] INFO main.java.edu.mit.compbio.bisulfitehic.mapping.Bhmem  - Processing reads 503000 ...
137290 [main] INFO main.java.edu.mit.compbio.bisulfitehic.mapping.Bhmem  - Unique mapped and paired reads 499188 ...
137293 [main] INFO main.java.edu.mit.compbio.bisulfitehic.mapping.Bhmem  - Processing reads 504000 ...
137293 [main] INFO main.java.edu.mit.compbio.bisulfitehic.mapping.Bhmem  - Unique mapped and paired reads 499188 ...
[M::mem_process_seqs] Processed 1001 reads in 0.676 CPU sec, 0.091 real sec
[M::mem_process_seqs] Processed 1001 reads in 0.602 CPU sec, 0.088 real sec
[M::mem_process_seqs] Processed 1001 reads in 0.668 CPU sec, 0.091 real sec
[M::mem_process_seqs] Processed 1001 reads in 0.613 CPU sec, 0.079 real sec
137758 [main] INFO main.java.edu.mit.compbio.bisulfitehic.mapping.Bhmem  - Processing reads 505000 ...
137758 [main] INFO main.java.edu.mit.compbio.bisulfitehic.mapping.Bhmem  - Unique mapped and paired reads 501178 ...
137761 [main] INFO main.java.edu.mit.compbio.bisulfitehic.mapping.Bhmem  - Processing reads 506000 ...
137761 [main] INFO main.java.edu.mit.compbio.bisulfitehic.mapping.Bhmem  - Unique mapped and paired reads 501178 ...
[M::mem_process_seqs] Processed 1001 reads in 0.650 CPU sec, 0.082 real sec
[M::mem_process_seqs] Processed 1001 reads in 0.570 CPU sec, 0.075 real sec
[M::mem_process_seqs] Processed 1001 reads in 0.594 CPU sec, 0.075 real sec
[M::mem_process_seqs] Processed 1001 reads in 0.624 CPU sec, 0.086 real sec
138196 [main] INFO main.java.edu.mit.compbio.bisulfitehic.mapping.Bhmem  - Processing reads 507000 ...
138196 [main] INFO main.java.edu.mit.compbio.bisulfitehic.mapping.Bhmem  - Unique mapped and paired reads 503164 ...
138198 [main] INFO main.java.edu.mit.compbio.bisulfitehic.mapping.Bhmem  - Processing reads 508000 ...
138198 [main] INFO main.java.edu.mit.compbio.bisulfitehic.mapping.Bhmem  - Unique mapped and paired reads 503164 ...
[M::mem_process_seqs] Processed 1001 reads in 0.608 CPU sec, 0.080 real sec
[M::mem_process_seqs] Processed 1001 reads in 0.566 CPU sec, 0.080 real sec
[M::mem_process_seqs] Processed 1001 reads in 0.625 CPU sec, 0.081 real sec
[M::mem_process_seqs] Processed 1001 reads in 0.633 CPU sec, 0.083 real sec
138638 [main] INFO main.java.edu.mit.compbio.bisulfitehic.mapping.Bhmem  - Processing reads 509000 ...
138638 [main] INFO main.java.edu.mit.compbio.bisulfitehic.mapping.Bhmem  - Unique mapped and paired reads 505154 ...
138641 [main] INFO main.java.edu.mit.compbio.bisulfitehic.mapping.Bhmem  - Processing reads 510000 ...
138641 [main] INFO main.java.edu.mit.compbio.bisulfitehic.mapping.Bhmem  - Unique mapped and paired reads 505154 ...
[M::mem_process_seqs] Processed 1001 reads in 0.636 CPU sec, 0.080 real sec
[M::mem_process_seqs] Processed 1001 reads in 0.580 CPU sec, 0.081 real sec
[M::mem_process_seqs] Processed 1001 reads in 0.626 CPU sec, 0.081 real sec
[M::mem_process_seqs] Processed 1001 reads in 0.632 CPU sec, 0.087 real sec
139086 [main] INFO main.java.edu.mit.compbio.bisulfitehic.mapping.Bhmem  - Processing reads 511000 ...
139086 [main] INFO main.java.edu.mit.compbio.bisulfitehic.mapping.Bhmem  - Unique mapped and paired reads 507148 ...
139089 [main] INFO main.java.edu.mit.compbio.bisulfitehic.mapping.Bhmem  - Processing reads 512000 ...
139089 [main] INFO main.java.edu.mit.compbio.bisulfitehic.mapping.Bhmem  - Unique mapped and paired reads 507148 ...
[M::mem_process_seqs] Processed 1001 reads in 0.655 CPU sec, 0.083 real sec
[M::mem_process_seqs] Processed 1001 reads in 0.537 CPU sec, 0.068 real sec
[M::mem_process_seqs] Processed 1001 reads in 0.677 CPU sec, 0.090 real sec
[M::mem_process_seqs] Processed 1001 reads in 0.617 CPU sec, 0.078 real sec
139521 [main] INFO main.java.edu.mit.compbio.bisulfitehic.mapping.Bhmem  - Processing reads 513000 ...
139521 [main] INFO main.java.edu.mit.compbio.bisulfitehic.mapping.Bhmem  - Unique mapped and paired reads 509146 ...
139524 [main] INFO main.java.edu.mit.compbio.bisulfitehic.mapping.Bhmem  - Processing reads 514000 ...
139524 [main] INFO main.java.edu.mit.compbio.bisulfitehic.mapping.Bhmem  - Unique mapped and paired reads 509146 ...
[M::mem_process_seqs] Processed 1001 reads in 0.645 CPU sec, 0.083 real sec
[M::mem_process_seqs] Processed 1001 reads in 0.544 CPU sec, 0.076 real sec
[M::mem_process_seqs] Processed 1001 reads in 0.682 CPU sec, 0.086 real sec
[M::mem_process_seqs] Processed 1001 reads in 0.648 CPU sec, 0.088 real sec
139971 [main] INFO main.java.edu.mit.compbio.bisulfitehic.mapping.Bhmem  - Processing reads 515000 ...
139971 [main] INFO main.java.edu.mit.compbio.bisulfitehic.mapping.Bhmem  - Unique mapped and paired reads 511120 ...
139973 [main] INFO main.java.edu.mit.compbio.bisulfitehic.mapping.Bhmem  - Processing reads 516000 ...
139973 [main] INFO main.java.edu.mit.compbio.bisulfitehic.mapping.Bhmem  - Unique mapped and paired reads 511120 ...
[M::mem_process_seqs] Processed 1001 reads in 0.715 CPU sec, 0.091 real sec
[M::mem_process_seqs] Processed 1001 reads in 0.596 CPU sec, 0.082 real sec
[M::mem_process_seqs] Processed 1001 reads in 0.695 CPU sec, 0.090 real sec
[M::mem_process_seqs] Processed 1001 reads in 0.645 CPU sec, 0.083 real sec
140435 [main] INFO main.java.edu.mit.compbio.bisulfitehic.mapping.Bhmem  - Processing reads 517000 ...
140435 [main] INFO main.java.edu.mit.compbio.bisulfitehic.mapping.Bhmem  - Unique mapped and paired reads 513108 ...
140438 [main] INFO main.java.edu.mit.compbio.bisulfitehic.mapping.Bhmem  - Processing reads 518000 ...
140438 [main] INFO main.java.edu.mit.compbio.bisulfitehic.mapping.Bhmem  - Unique mapped and paired reads 513108 ...
[M::mem_process_seqs] Processed 1001 reads in 0.677 CPU sec, 0.086 real sec
[M::mem_process_seqs] Processed 1001 reads in 0.547 CPU sec, 0.072 real sec
[M::mem_process_seqs] Processed 1001 reads in 0.711 CPU sec, 0.098 real sec
[M::mem_process_seqs] Processed 1001 reads in 0.672 CPU sec, 0.087 real sec
140932 [main] INFO main.java.edu.mit.compbio.bisulfitehic.mapping.Bhmem  - Processing reads 519000 ...
140933 [main] INFO main.java.edu.mit.compbio.bisulfitehic.mapping.Bhmem  - Unique mapped and paired reads 515096 ...
140939 [main] INFO main.java.edu.mit.compbio.bisulfitehic.mapping.Bhmem  - Processing reads 520000 ...
140939 [main] INFO main.java.edu.mit.compbio.bisulfitehic.mapping.Bhmem  - Unique mapped and paired reads 515096 ...
[M::mem_process_seqs] Processed 1001 reads in 0.654 CPU sec, 0.084 real sec
[M::mem_process_seqs] Processed 1001 reads in 0.598 CPU sec, 0.076 real sec
[M::mem_process_seqs] Processed 1001 reads in 0.717 CPU sec, 0.103 real sec
[M::mem_process_seqs] Processed 1001 reads in 0.717 CPU sec, 0.092 real sec
141416 [main] INFO main.java.edu.mit.compbio.bisulfitehic.mapping.Bhmem  - Processing reads 521000 ...
141416 [main] INFO main.java.edu.mit.compbio.bisulfitehic.mapping.Bhmem  - Unique mapped and paired reads 517084 ...
141419 [main] INFO main.java.edu.mit.compbio.bisulfitehic.mapping.Bhmem  - Processing reads 522000 ...
141419 [main] INFO main.java.edu.mit.compbio.bisulfitehic.mapping.Bhmem  - Unique mapped and paired reads 517084 ...
[M::mem_process_seqs] Processed 1001 reads in 0.627 CPU sec, 0.080 real sec
[M::mem_process_seqs] Processed 1001 reads in 0.581 CPU sec, 0.076 real sec
[M::mem_process_seqs] Processed 1001 reads in 0.648 CPU sec, 0.088 real sec
[M::mem_process_seqs] Processed 1001 reads in 0.648 CPU sec, 0.082 real sec
141863 [main] INFO main.java.edu.mit.compbio.bisulfitehic.mapping.Bhmem  - Processing reads 523000 ...
141863 [main] INFO main.java.edu.mit.compbio.bisulfitehic.mapping.Bhmem  - Unique mapped and paired reads 519066 ...
141866 [main] INFO main.java.edu.mit.compbio.bisulfitehic.mapping.Bhmem  - Processing reads 524000 ...
141866 [main] INFO main.java.edu.mit.compbio.bisulfitehic.mapping.Bhmem  - Unique mapped and paired reads 519066 ...
[M::mem_process_seqs] Processed 1001 reads in 0.649 CPU sec, 0.083 real sec
[M::mem_process_seqs] Processed 1001 reads in 0.593 CPU sec, 0.078 real sec
[M::mem_process_seqs] Processed 1001 reads in 0.677 CPU sec, 0.087 real sec
[M::mem_process_seqs] Processed 1001 reads in 0.674 CPU sec, 0.087 real sec
142315 [main] INFO main.java.edu.mit.compbio.bisulfitehic.mapping.Bhmem  - Processing reads 525000 ...
142315 [main] INFO main.java.edu.mit.compbio.bisulfitehic.mapping.Bhmem  - Unique mapped and paired reads 521064 ...
142318 [main] INFO main.java.edu.mit.compbio.bisulfitehic.mapping.Bhmem  - Processing reads 526000 ...
142318 [main] INFO main.java.edu.mit.compbio.bisulfitehic.mapping.Bhmem  - Unique mapped and paired reads 521064 ...
[M::mem_process_seqs] Processed 1001 reads in 0.704 CPU sec, 0.090 real sec
[M::mem_process_seqs] Processed 1001 reads in 0.618 CPU sec, 0.078 real sec
[M::mem_process_seqs] Processed 1001 reads in 0.693 CPU sec, 0.090 real sec
[M::mem_process_seqs] Processed 1001 reads in 0.710 CPU sec, 0.099 real sec
142798 [main] INFO main.java.edu.mit.compbio.bisulfitehic.mapping.Bhmem  - Processing reads 527000 ...
142798 [main] INFO main.java.edu.mit.compbio.bisulfitehic.mapping.Bhmem  - Unique mapped and paired reads 523054 ...
142801 [main] INFO main.java.edu.mit.compbio.bisulfitehic.mapping.Bhmem  - Processing reads 528000 ...
142801 [main] INFO main.java.edu.mit.compbio.bisulfitehic.mapping.Bhmem  - Unique mapped and paired reads 523054 ...
[M::mem_process_seqs] Processed 1001 reads in 0.680 CPU sec, 0.088 real sec
[M::mem_process_seqs] Processed 1001 reads in 0.588 CPU sec, 0.076 real sec
[M::mem_process_seqs] Processed 1001 reads in 0.697 CPU sec, 0.099 real sec
[M::mem_process_seqs] Processed 1001 reads in 0.702 CPU sec, 0.089 real sec
143270 [main] INFO main.java.edu.mit.compbio.bisulfitehic.mapping.Bhmem  - Processing reads 529000 ...
143270 [main] INFO main.java.edu.mit.compbio.bisulfitehic.mapping.Bhmem  - Unique mapped and paired reads 525042 ...
143273 [main] INFO main.java.edu.mit.compbio.bisulfitehic.mapping.Bhmem  - Processing reads 530000 ...
143273 [main] INFO main.java.edu.mit.compbio.bisulfitehic.mapping.Bhmem  - Unique mapped and paired reads 525042 ...
[M::mem_process_seqs] Processed 1001 reads in 0.644 CPU sec, 0.083 real sec
[M::mem_process_seqs] Processed 1001 reads in 0.574 CPU sec, 0.079 real sec
[M::mem_process_seqs] Processed 1001 reads in 0.629 CPU sec, 0.085 real sec
[M::mem_process_seqs] Processed 1001 reads in 0.664 CPU sec, 0.094 real sec
143734 [main] INFO main.java.edu.mit.compbio.bisulfitehic.mapping.Bhmem  - Processing reads 531000 ...
143734 [main] INFO main.java.edu.mit.compbio.bisulfitehic.mapping.Bhmem  - Unique mapped and paired reads 527036 ...
143737 [main] INFO main.java.edu.mit.compbio.bisulfitehic.mapping.Bhmem  - Processing reads 532000 ...
143737 [main] INFO main.java.edu.mit.compbio.bisulfitehic.mapping.Bhmem  - Unique mapped and paired reads 527036 ...
[M::mem_process_seqs] Processed 1001 reads in 0.658 CPU sec, 0.084 real sec
[M::mem_process_seqs] Processed 1001 reads in 0.543 CPU sec, 0.069 real sec
[M::mem_process_seqs] Processed 1001 reads in 0.644 CPU sec, 0.089 real sec
[M::mem_process_seqs] Processed 1001 reads in 0.616 CPU sec, 0.078 real sec
144175 [main] INFO main.java.edu.mit.compbio.bisulfitehic.mapping.Bhmem  - Processing reads 533000 ...
144175 [main] INFO main.java.edu.mit.compbio.bisulfitehic.mapping.Bhmem  - Unique mapped and paired reads 529030 ...
144178 [main] INFO main.java.edu.mit.compbio.bisulfitehic.mapping.Bhmem  - Processing reads 534000 ...
144178 [main] INFO main.java.edu.mit.compbio.bisulfitehic.mapping.Bhmem  - Unique mapped and paired reads 529030 ...
[M::mem_process_seqs] Processed 1001 reads in 0.673 CPU sec, 0.086 real sec
[M::mem_process_seqs] Processed 1001 reads in 0.572 CPU sec, 0.075 real sec
[M::mem_process_seqs] Processed 1001 reads in 0.659 CPU sec, 0.084 real sec
[M::mem_process_seqs] Processed 1001 reads in 0.655 CPU sec, 0.091 real sec
144627 [main] INFO main.java.edu.mit.compbio.bisulfitehic.mapping.Bhmem  - Processing reads 535000 ...
144627 [main] INFO main.java.edu.mit.compbio.bisulfitehic.mapping.Bhmem  - Unique mapped and paired reads 531018 ...
144630 [main] INFO main.java.edu.mit.compbio.bisulfitehic.mapping.Bhmem  - Processing reads 536000 ...
144630 [main] INFO main.java.edu.mit.compbio.bisulfitehic.mapping.Bhmem  - Unique mapped and paired reads 531018 ...
[M::mem_process_seqs] Processed 1001 reads in 0.703 CPU sec, 0.089 real sec
[M::mem_process_seqs] Processed 1001 reads in 0.613 CPU sec, 0.081 real sec
[M::mem_process_seqs] Processed 1001 reads in 0.711 CPU sec, 0.090 real sec
[M::mem_process_seqs] Processed 1001 reads in 0.681 CPU sec, 0.092 real sec
145105 [main] INFO main.java.edu.mit.compbio.bisulfitehic.mapping.Bhmem  - Processing reads 537000 ...
145105 [main] INFO main.java.edu.mit.compbio.bisulfitehic.mapping.Bhmem  - Unique mapped and paired reads 533014 ...
145108 [main] INFO main.java.edu.mit.compbio.bisulfitehic.mapping.Bhmem  - Processing reads 538000 ...
145108 [main] INFO main.java.edu.mit.compbio.bisulfitehic.mapping.Bhmem  - Unique mapped and paired reads 533014 ...
[M::mem_process_seqs] Processed 1001 reads in 0.722 CPU sec, 0.092 real sec
[M::mem_process_seqs] Processed 1001 reads in 0.642 CPU sec, 0.081 real sec
[M::mem_process_seqs] Processed 1001 reads in 0.761 CPU sec, 0.097 real sec
[M::mem_process_seqs] Processed 1001 reads in 0.725 CPU sec, 0.097 real sec
145606 [main] INFO main.java.edu.mit.compbio.bisulfitehic.mapping.Bhmem  - Processing reads 539000 ...
145606 [main] INFO main.java.edu.mit.compbio.bisulfitehic.mapping.Bhmem  - Unique mapped and paired reads 535008 ...
145609 [main] INFO main.java.edu.mit.compbio.bisulfitehic.mapping.Bhmem  - Processing reads 540000 ...
145609 [main] INFO main.java.edu.mit.compbio.bisulfitehic.mapping.Bhmem  - Unique mapped and paired reads 535008 ...
[M::mem_process_seqs] Processed 1001 reads in 0.801 CPU sec, 0.104 real sec
[M::mem_process_seqs] Processed 1001 reads in 0.669 CPU sec, 0.085 real sec
[M::mem_process_seqs] Processed 1001 reads in 0.822 CPU sec, 0.106 real sec
[M::mem_process_seqs] Processed 1001 reads in 0.807 CPU sec, 0.119 real sec
146146 [main] INFO main.java.edu.mit.compbio.bisulfitehic.mapping.Bhmem  - Processing reads 541000 ...
146146 [main] INFO main.java.edu.mit.compbio.bisulfitehic.mapping.Bhmem  - Unique mapped and paired reads 537006 ...
146149 [main] INFO main.java.edu.mit.compbio.bisulfitehic.mapping.Bhmem  - Processing reads 542000 ...
146149 [main] INFO main.java.edu.mit.compbio.bisulfitehic.mapping.Bhmem  - Unique mapped and paired reads 537006 ...
[M::mem_process_seqs] Processed 1001 reads in 0.789 CPU sec, 0.100 real sec
[M::mem_process_seqs] Processed 1001 reads in 0.673 CPU sec, 0.092 real sec
[M::mem_process_seqs] Processed 1001 reads in 0.726 CPU sec, 0.098 real sec
[M::mem_process_seqs] Processed 1001 reads in 0.695 CPU sec, 0.089 real sec
146652 [main] INFO main.java.edu.mit.compbio.bisulfitehic.mapping.Bhmem  - Processing reads 543000 ...
146652 [main] INFO main.java.edu.mit.compbio.bisulfitehic.mapping.Bhmem  - Unique mapped and paired reads 539002 ...
146655 [main] INFO main.java.edu.mit.compbio.bisulfitehic.mapping.Bhmem  - Processing reads 544000 ...
146655 [main] INFO main.java.edu.mit.compbio.bisulfitehic.mapping.Bhmem  - Unique mapped and paired reads 539002 ...
[M::mem_process_seqs] Processed 1001 reads in 0.789 CPU sec, 0.102 real sec
[M::mem_process_seqs] Processed 1001 reads in 0.681 CPU sec, 0.088 real sec
[M::mem_process_seqs] Processed 1001 reads in 0.728 CPU sec, 0.099 real sec
[M::mem_process_seqs] Processed 1001 reads in 0.754 CPU sec, 0.098 real sec
147168 [main] INFO main.java.edu.mit.compbio.bisulfitehic.mapping.Bhmem  - Processing reads 545000 ...
147168 [main] INFO main.java.edu.mit.compbio.bisulfitehic.mapping.Bhmem  - Unique mapped and paired reads 540986 ...
147171 [main] INFO main.java.edu.mit.compbio.bisulfitehic.mapping.Bhmem  - Processing reads 546000 ...
147171 [main] INFO main.java.edu.mit.compbio.bisulfitehic.mapping.Bhmem  - Unique mapped and paired reads 540986 ...
[M::mem_process_seqs] Processed 1001 reads in 0.733 CPU sec, 0.093 real sec
[M::mem_process_seqs] Processed 1001 reads in 0.703 CPU sec, 0.093 real sec
[M::mem_process_seqs] Processed 1001 reads in 0.760 CPU sec, 0.096 real sec
[M::mem_process_seqs] Processed 1001 reads in 0.786 CPU sec, 0.113 real sec
147695 [main] INFO main.java.edu.mit.compbio.bisulfitehic.mapping.Bhmem  - Processing reads 547000 ...
147695 [main] INFO main.java.edu.mit.compbio.bisulfitehic.mapping.Bhmem  - Unique mapped and paired reads 542984 ...
147699 [main] INFO main.java.edu.mit.compbio.bisulfitehic.mapping.Bhmem  - Processing reads 548000 ...
147699 [main] INFO main.java.edu.mit.compbio.bisulfitehic.mapping.Bhmem  - Unique mapped and paired reads 542984 ...
[M::mem_process_seqs] Processed 1001 reads in 0.728 CPU sec, 0.092 real sec
[M::mem_process_seqs] Processed 1001 reads in 0.604 CPU sec, 0.077 real sec
[M::mem_process_seqs] Processed 1001 reads in 0.802 CPU sec, 0.110 real sec
[M::mem_process_seqs] Processed 1001 reads in 0.785 CPU sec, 0.107 real sec
148210 [main] INFO main.java.edu.mit.compbio.bisulfitehic.mapping.Bhmem  - Processing reads 549000 ...
148210 [main] INFO main.java.edu.mit.compbio.bisulfitehic.mapping.Bhmem  - Unique mapped and paired reads 544968 ...
148213 [main] INFO main.java.edu.mit.compbio.bisulfitehic.mapping.Bhmem  - Processing reads 550000 ...
148213 [main] INFO main.java.edu.mit.compbio.bisulfitehic.mapping.Bhmem  - Unique mapped and paired reads 544968 ...
[M::mem_process_seqs] Processed 1001 reads in 0.649 CPU sec, 0.083 real sec
[M::mem_process_seqs] Processed 1001 reads in 0.597 CPU sec, 0.081 real sec
[M::mem_process_seqs] Processed 1001 reads in 0.681 CPU sec, 0.091 real sec
[M::mem_process_seqs] Processed 1001 reads in 0.673 CPU sec, 0.092 real sec
148681 [main] INFO main.java.edu.mit.compbio.bisulfitehic.mapping.Bhmem  - Processing reads 551000 ...
148681 [main] INFO main.java.edu.mit.compbio.bisulfitehic.mapping.Bhmem  - Unique mapped and paired reads 546960 ...
148683 [main] INFO main.java.edu.mit.compbio.bisulfitehic.mapping.Bhmem  - Processing reads 552000 ...
148683 [main] INFO main.java.edu.mit.compbio.bisulfitehic.mapping.Bhmem  - Unique mapped and paired reads 546960 ...
[M::mem_process_seqs] Processed 1001 reads in 0.695 CPU sec, 0.088 real sec
[M::mem_process_seqs] Processed 1001 reads in 0.623 CPU sec, 0.080 real sec
[M::mem_process_seqs] Processed 1001 reads in 0.742 CPU sec, 0.096 real sec
[M::mem_process_seqs] Processed 1001 reads in 0.686 CPU sec, 0.099 real sec
149174 [main] INFO main.java.edu.mit.compbio.bisulfitehic.mapping.Bhmem  - Processing reads 553000 ...
149175 [main] INFO main.java.edu.mit.compbio.bisulfitehic.mapping.Bhmem  - Unique mapped and paired reads 548948 ...
149177 [main] INFO main.java.edu.mit.compbio.bisulfitehic.mapping.Bhmem  - Processing reads 554000 ...
149177 [main] INFO main.java.edu.mit.compbio.bisulfitehic.mapping.Bhmem  - Unique mapped and paired reads 548948 ...
[M::mem_process_seqs] Processed 1001 reads in 0.594 CPU sec, 0.076 real sec
[M::mem_process_seqs] Processed 1001 reads in 0.537 CPU sec, 0.068 real sec
[M::mem_process_seqs] Processed 1001 reads in 0.585 CPU sec, 0.077 real sec
[M::mem_process_seqs] Processed 1001 reads in 0.600 CPU sec, 0.076 real sec
149591 [main] INFO main.java.edu.mit.compbio.bisulfitehic.mapping.Bhmem  - Processing reads 555000 ...
149591 [main] INFO main.java.edu.mit.compbio.bisulfitehic.mapping.Bhmem  - Unique mapped and paired reads 550932 ...
149594 [main] INFO main.java.edu.mit.compbio.bisulfitehic.mapping.Bhmem  - Processing reads 556000 ...
149594 [main] INFO main.java.edu.mit.compbio.bisulfitehic.mapping.Bhmem  - Unique mapped and paired reads 550932 ...
[M::mem_process_seqs] Processed 1001 reads in 0.648 CPU sec, 0.083 real sec
[M::mem_process_seqs] Processed 1001 reads in 0.536 CPU sec, 0.069 real sec
[M::mem_process_seqs] Processed 1001 reads in 0.657 CPU sec, 0.090 real sec
[M::mem_process_seqs] Processed 1001 reads in 0.635 CPU sec, 0.086 real sec
150033 [main] INFO main.java.edu.mit.compbio.bisulfitehic.mapping.Bhmem  - Processing reads 557000 ...
150033 [main] INFO main.java.edu.mit.compbio.bisulfitehic.mapping.Bhmem  - Unique mapped and paired reads 552906 ...
150035 [main] INFO main.java.edu.mit.compbio.bisulfitehic.mapping.Bhmem  - Processing reads 558000 ...
150035 [main] INFO main.java.edu.mit.compbio.bisulfitehic.mapping.Bhmem  - Unique mapped and paired reads 552906 ...
[M::mem_process_seqs] Processed 1001 reads in 0.698 CPU sec, 0.089 real sec
[M::mem_process_seqs] Processed 1001 reads in 0.617 CPU sec, 0.078 real sec
[M::mem_process_seqs] Processed 1001 reads in 0.691 CPU sec, 0.095 real sec
[M::mem_process_seqs] Processed 1001 reads in 0.698 CPU sec, 0.095 real sec
150512 [main] INFO main.java.edu.mit.compbio.bisulfitehic.mapping.Bhmem  - Processing reads 559000 ...
150512 [main] INFO main.java.edu.mit.compbio.bisulfitehic.mapping.Bhmem  - Unique mapped and paired reads 554892 ...
150515 [main] INFO main.java.edu.mit.compbio.bisulfitehic.mapping.Bhmem  - Processing reads 560000 ...
150515 [main] INFO main.java.edu.mit.compbio.bisulfitehic.mapping.Bhmem  - Unique mapped and paired reads 554892 ...
[M::mem_process_seqs] Processed 1001 reads in 0.609 CPU sec, 0.079 real sec
[M::mem_process_seqs] Processed 1001 reads in 0.567 CPU sec, 0.073 real sec
[M::mem_process_seqs] Processed 1001 reads in 0.634 CPU sec, 0.081 real sec
[M::mem_process_seqs] Processed 1001 reads in 0.656 CPU sec, 0.085 real sec
150951 [main] INFO main.java.edu.mit.compbio.bisulfitehic.mapping.Bhmem  - Processing reads 561000 ...
150951 [main] INFO main.java.edu.mit.compbio.bisulfitehic.mapping.Bhmem  - Unique mapped and paired reads 556868 ...
150954 [main] INFO main.java.edu.mit.compbio.bisulfitehic.mapping.Bhmem  - Processing reads 562000 ...
150954 [main] INFO main.java.edu.mit.compbio.bisulfitehic.mapping.Bhmem  - Unique mapped and paired reads 556868 ...
[M::mem_process_seqs] Processed 1001 reads in 0.695 CPU sec, 0.088 real sec
[M::mem_process_seqs] Processed 1001 reads in 0.588 CPU sec, 0.074 real sec
[M::mem_process_seqs] Processed 1001 reads in 0.741 CPU sec, 0.104 real sec
[M::mem_process_seqs] Processed 1001 reads in 0.674 CPU sec, 0.085 real sec
151424 [main] INFO main.java.edu.mit.compbio.bisulfitehic.mapping.Bhmem  - Processing reads 563000 ...
151424 [main] INFO main.java.edu.mit.compbio.bisulfitehic.mapping.Bhmem  - Unique mapped and paired reads 558864 ...
151427 [main] INFO main.java.edu.mit.compbio.bisulfitehic.mapping.Bhmem  - Processing reads 564000 ...
151427 [main] INFO main.java.edu.mit.compbio.bisulfitehic.mapping.Bhmem  - Unique mapped and paired reads 558864 ...
[M::mem_process_seqs] Processed 1001 reads in 0.617 CPU sec, 0.078 real sec
[M::mem_process_seqs] Processed 1001 reads in 0.536 CPU sec, 0.072 real sec
[M::mem_process_seqs] Processed 1001 reads in 0.626 CPU sec, 0.079 real sec
[M::mem_process_seqs] Processed 1001 reads in 0.616 CPU sec, 0.079 real sec
151854 [main] INFO main.java.edu.mit.compbio.bisulfitehic.mapping.Bhmem  - Processing reads 565000 ...
151854 [main] INFO main.java.edu.mit.compbio.bisulfitehic.mapping.Bhmem  - Unique mapped and paired reads 560850 ...
151857 [main] INFO main.java.edu.mit.compbio.bisulfitehic.mapping.Bhmem  - Processing reads 566000 ...
151857 [main] INFO main.java.edu.mit.compbio.bisulfitehic.mapping.Bhmem  - Unique mapped and paired reads 560850 ...
[M::mem_process_seqs] Processed 1001 reads in 0.704 CPU sec, 0.092 real sec
[M::mem_process_seqs] Processed 1001 reads in 0.596 CPU sec, 0.082 real sec
[M::mem_process_seqs] Processed 1001 reads in 0.713 CPU sec, 0.101 real sec
[M::mem_process_seqs] Processed 1001 reads in 0.758 CPU sec, 0.095 real sec
152351 [main] INFO main.java.edu.mit.compbio.bisulfitehic.mapping.Bhmem  - Processing reads 567000 ...
152351 [main] INFO main.java.edu.mit.compbio.bisulfitehic.mapping.Bhmem  - Unique mapped and paired reads 562834 ...
152354 [main] INFO main.java.edu.mit.compbio.bisulfitehic.mapping.Bhmem  - Processing reads 568000 ...
152354 [main] INFO main.java.edu.mit.compbio.bisulfitehic.mapping.Bhmem  - Unique mapped and paired reads 562834 ...
[M::mem_process_seqs] Processed 1001 reads in 0.661 CPU sec, 0.085 real sec
[M::mem_process_seqs] Processed 1001 reads in 0.569 CPU sec, 0.078 real sec
[M::mem_process_seqs] Processed 1001 reads in 0.677 CPU sec, 0.092 real sec
[M::mem_process_seqs] Processed 1001 reads in 0.638 CPU sec, 0.085 real sec
152814 [main] INFO main.java.edu.mit.compbio.bisulfitehic.mapping.Bhmem  - Processing reads 569000 ...
152814 [main] INFO main.java.edu.mit.compbio.bisulfitehic.mapping.Bhmem  - Unique mapped and paired reads 564818 ...
152816 [main] INFO main.java.edu.mit.compbio.bisulfitehic.mapping.Bhmem  - Processing reads 570000 ...
152817 [main] INFO main.java.edu.mit.compbio.bisulfitehic.mapping.Bhmem  - Unique mapped and paired reads 564818 ...
[M::mem_process_seqs] Processed 1001 reads in 0.652 CPU sec, 0.083 real sec
[M::mem_process_seqs] Processed 1001 reads in 0.619 CPU sec, 0.090 real sec
[M::mem_process_seqs] Processed 1001 reads in 0.694 CPU sec, 0.088 real sec
[M::mem_process_seqs] Processed 1001 reads in 0.722 CPU sec, 0.099 real sec
153295 [main] INFO main.java.edu.mit.compbio.bisulfitehic.mapping.Bhmem  - Processing reads 571000 ...
153295 [main] INFO main.java.edu.mit.compbio.bisulfitehic.mapping.Bhmem  - Unique mapped and paired reads 566806 ...
153298 [main] INFO main.java.edu.mit.compbio.bisulfitehic.mapping.Bhmem  - Processing reads 572000 ...
153298 [main] INFO main.java.edu.mit.compbio.bisulfitehic.mapping.Bhmem  - Unique mapped and paired reads 566806 ...
[M::mem_process_seqs] Processed 1001 reads in 0.676 CPU sec, 0.086 real sec
[M::mem_process_seqs] Processed 1001 reads in 0.566 CPU sec, 0.079 real sec
[M::mem_process_seqs] Processed 1001 reads in 0.700 CPU sec, 0.090 real sec
[M::mem_process_seqs] Processed 1001 reads in 0.682 CPU sec, 0.101 real sec
153776 [main] INFO main.java.edu.mit.compbio.bisulfitehic.mapping.Bhmem  - Processing reads 573000 ...
153776 [main] INFO main.java.edu.mit.compbio.bisulfitehic.mapping.Bhmem  - Unique mapped and paired reads 568794 ...
153778 [main] INFO main.java.edu.mit.compbio.bisulfitehic.mapping.Bhmem  - Processing reads 574000 ...
153778 [main] INFO main.java.edu.mit.compbio.bisulfitehic.mapping.Bhmem  - Unique mapped and paired reads 568794 ...
[M::mem_process_seqs] Processed 1001 reads in 0.601 CPU sec, 0.077 real sec
[M::mem_process_seqs] Processed 1001 reads in 0.539 CPU sec, 0.074 real sec
[M::mem_process_seqs] Processed 1001 reads in 0.587 CPU sec, 0.075 real sec
[M::mem_process_seqs] Processed 1001 reads in 0.588 CPU sec, 0.075 real sec
154194 [main] INFO main.java.edu.mit.compbio.bisulfitehic.mapping.Bhmem  - Processing reads 575000 ...
154194 [main] INFO main.java.edu.mit.compbio.bisulfitehic.mapping.Bhmem  - Unique mapped and paired reads 570778 ...
154197 [main] INFO main.java.edu.mit.compbio.bisulfitehic.mapping.Bhmem  - Processing reads 576000 ...
154197 [main] INFO main.java.edu.mit.compbio.bisulfitehic.mapping.Bhmem  - Unique mapped and paired reads 570778 ...
[M::mem_process_seqs] Processed 1001 reads in 0.663 CPU sec, 0.084 real sec
[M::mem_process_seqs] Processed 1001 reads in 0.549 CPU sec, 0.073 real sec
[M::mem_process_seqs] Processed 1001 reads in 0.702 CPU sec, 0.089 real sec
[M::mem_process_seqs] Processed 1001 reads in 0.649 CPU sec, 0.087 real sec
154644 [main] INFO main.java.edu.mit.compbio.bisulfitehic.mapping.Bhmem  - Processing reads 577000 ...
154645 [main] INFO main.java.edu.mit.compbio.bisulfitehic.mapping.Bhmem  - Unique mapped and paired reads 572764 ...
154648 [main] INFO main.java.edu.mit.compbio.bisulfitehic.mapping.Bhmem  - Processing reads 578000 ...
154648 [main] INFO main.java.edu.mit.compbio.bisulfitehic.mapping.Bhmem  - Unique mapped and paired reads 572764 ...
[M::mem_process_seqs] Processed 1001 reads in 0.702 CPU sec, 0.090 real sec
[M::mem_process_seqs] Processed 1001 reads in 0.551 CPU sec, 0.071 real sec
[M::mem_process_seqs] Processed 1001 reads in 0.678 CPU sec, 0.088 real sec
[M::mem_process_seqs] Processed 1001 reads in 0.650 CPU sec, 0.083 real sec
155098 [main] INFO main.java.edu.mit.compbio.bisulfitehic.mapping.Bhmem  - Processing reads 579000 ...
155098 [main] INFO main.java.edu.mit.compbio.bisulfitehic.mapping.Bhmem  - Unique mapped and paired reads 574754 ...
155101 [main] INFO main.java.edu.mit.compbio.bisulfitehic.mapping.Bhmem  - Processing reads 580000 ...
155101 [main] INFO main.java.edu.mit.compbio.bisulfitehic.mapping.Bhmem  - Unique mapped and paired reads 574754 ...
[M::mem_process_seqs] Processed 1001 reads in 0.661 CPU sec, 0.084 real sec
[M::mem_process_seqs] Processed 1001 reads in 0.583 CPU sec, 0.074 real sec
[M::mem_process_seqs] Processed 1001 reads in 0.654 CPU sec, 0.083 real sec
[M::mem_process_seqs] Processed 1001 reads in 0.683 CPU sec, 0.089 real sec
155546 [main] INFO main.java.edu.mit.compbio.bisulfitehic.mapping.Bhmem  - Processing reads 581000 ...
155546 [main] INFO main.java.edu.mit.compbio.bisulfitehic.mapping.Bhmem  - Unique mapped and paired reads 576742 ...
155549 [main] INFO main.java.edu.mit.compbio.bisulfitehic.mapping.Bhmem  - Processing reads 582000 ...
155549 [main] INFO main.java.edu.mit.compbio.bisulfitehic.mapping.Bhmem  - Unique mapped and paired reads 576742 ...
[M::mem_process_seqs] Processed 1001 reads in 0.625 CPU sec, 0.080 real sec
[M::mem_process_seqs] Processed 1001 reads in 0.549 CPU sec, 0.070 real sec
[M::mem_process_seqs] Processed 1001 reads in 0.666 CPU sec, 0.085 real sec
[M::mem_process_seqs] Processed 1001 reads in 0.644 CPU sec, 0.086 real sec
155984 [main] INFO main.java.edu.mit.compbio.bisulfitehic.mapping.Bhmem  - Processing reads 583000 ...
155984 [main] INFO main.java.edu.mit.compbio.bisulfitehic.mapping.Bhmem  - Unique mapped and paired reads 578722 ...
155987 [main] INFO main.java.edu.mit.compbio.bisulfitehic.mapping.Bhmem  - Processing reads 584000 ...
155987 [main] INFO main.java.edu.mit.compbio.bisulfitehic.mapping.Bhmem  - Unique mapped and paired reads 578722 ...
[M::mem_process_seqs] Processed 1001 reads in 0.620 CPU sec, 0.079 real sec
[M::mem_process_seqs] Processed 1001 reads in 0.520 CPU sec, 0.066 real sec
[M::mem_process_seqs] Processed 1001 reads in 0.629 CPU sec, 0.084 real sec
[M::mem_process_seqs] Processed 1001 reads in 0.573 CPU sec, 0.073 real sec
156399 [main] INFO main.java.edu.mit.compbio.bisulfitehic.mapping.Bhmem  - Processing reads 585000 ...
156399 [main] INFO main.java.edu.mit.compbio.bisulfitehic.mapping.Bhmem  - Unique mapped and paired reads 580702 ...
156402 [main] INFO main.java.edu.mit.compbio.bisulfitehic.mapping.Bhmem  - Processing reads 586000 ...
156402 [main] INFO main.java.edu.mit.compbio.bisulfitehic.mapping.Bhmem  - Unique mapped and paired reads 580702 ...
[M::mem_process_seqs] Processed 1001 reads in 0.613 CPU sec, 0.078 real sec
[M::mem_process_seqs] Processed 1001 reads in 0.562 CPU sec, 0.077 real sec
[M::mem_process_seqs] Processed 1001 reads in 0.719 CPU sec, 0.097 real sec
[M::mem_process_seqs] Processed 1001 reads in 0.683 CPU sec, 0.087 real sec
156857 [main] INFO main.java.edu.mit.compbio.bisulfitehic.mapping.Bhmem  - Processing reads 587000 ...
156857 [main] INFO main.java.edu.mit.compbio.bisulfitehic.mapping.Bhmem  - Unique mapped and paired reads 582688 ...
156860 [main] INFO main.java.edu.mit.compbio.bisulfitehic.mapping.Bhmem  - Processing reads 588000 ...
156860 [main] INFO main.java.edu.mit.compbio.bisulfitehic.mapping.Bhmem  - Unique mapped and paired reads 582688 ...
[M::mem_process_seqs] Processed 1001 reads in 0.696 CPU sec, 0.088 real sec
[M::mem_process_seqs] Processed 1001 reads in 0.589 CPU sec, 0.075 real sec
[M::mem_process_seqs] Processed 1001 reads in 0.708 CPU sec, 0.090 real sec
[M::mem_process_seqs] Processed 1001 reads in 0.666 CPU sec, 0.084 real sec
157318 [main] INFO main.java.edu.mit.compbio.bisulfitehic.mapping.Bhmem  - Processing reads 589000 ...
157318 [main] INFO main.java.edu.mit.compbio.bisulfitehic.mapping.Bhmem  - Unique mapped and paired reads 584682 ...
157321 [main] INFO main.java.edu.mit.compbio.bisulfitehic.mapping.Bhmem  - Processing reads 590000 ...
157321 [main] INFO main.java.edu.mit.compbio.bisulfitehic.mapping.Bhmem  - Unique mapped and paired reads 584682 ...
[M::mem_process_seqs] Processed 1001 reads in 0.657 CPU sec, 0.084 real sec
[M::mem_process_seqs] Processed 1001 reads in 0.549 CPU sec, 0.070 real sec
[M::mem_process_seqs] Processed 1001 reads in 0.693 CPU sec, 0.094 real sec
[M::mem_process_seqs] Processed 1001 reads in 0.654 CPU sec, 0.090 real sec
157777 [main] INFO main.java.edu.mit.compbio.bisulfitehic.mapping.Bhmem  - Processing reads 591000 ...
157777 [main] INFO main.java.edu.mit.compbio.bisulfitehic.mapping.Bhmem  - Unique mapped and paired reads 586662 ...
157780 [main] INFO main.java.edu.mit.compbio.bisulfitehic.mapping.Bhmem  - Processing reads 592000 ...
157780 [main] INFO main.java.edu.mit.compbio.bisulfitehic.mapping.Bhmem  - Unique mapped and paired reads 586662 ...
[M::mem_process_seqs] Processed 1001 reads in 0.689 CPU sec, 0.096 real sec
[M::mem_process_seqs] Processed 1001 reads in 0.612 CPU sec, 0.083 real sec
[M::mem_process_seqs] Processed 1001 reads in 0.709 CPU sec, 0.090 real sec
[M::mem_process_seqs] Processed 1001 reads in 0.694 CPU sec, 0.094 real sec
158260 [main] INFO main.java.edu.mit.compbio.bisulfitehic.mapping.Bhmem  - Processing reads 593000 ...
158260 [main] INFO main.java.edu.mit.compbio.bisulfitehic.mapping.Bhmem  - Unique mapped and paired reads 588650 ...
158262 [main] INFO main.java.edu.mit.compbio.bisulfitehic.mapping.Bhmem  - Processing reads 594000 ...
158262 [main] INFO main.java.edu.mit.compbio.bisulfitehic.mapping.Bhmem  - Unique mapped and paired reads 588650 ...
[M::mem_process_seqs] Processed 1001 reads in 0.658 CPU sec, 0.084 real sec
[M::mem_process_seqs] Processed 1001 reads in 0.555 CPU sec, 0.071 real sec
[M::mem_process_seqs] Processed 1001 reads in 0.637 CPU sec, 0.082 real sec
[M::mem_process_seqs] Processed 1001 reads in 0.637 CPU sec, 0.082 real sec
158696 [main] INFO main.java.edu.mit.compbio.bisulfitehic.mapping.Bhmem  - Processing reads 595000 ...
158696 [main] INFO main.java.edu.mit.compbio.bisulfitehic.mapping.Bhmem  - Unique mapped and paired reads 590634 ...
158699 [main] INFO main.java.edu.mit.compbio.bisulfitehic.mapping.Bhmem  - Processing reads 596000 ...
158699 [main] INFO main.java.edu.mit.compbio.bisulfitehic.mapping.Bhmem  - Unique mapped and paired reads 590634 ...
[M::mem_process_seqs] Processed 1001 reads in 0.649 CPU sec, 0.084 real sec
[M::mem_process_seqs] Processed 1001 reads in 0.562 CPU sec, 0.077 real sec
[M::mem_process_seqs] Processed 1001 reads in 0.725 CPU sec, 0.097 real sec
[M::mem_process_seqs] Processed 1001 reads in 0.680 CPU sec, 0.087 real sec
159161 [main] INFO main.java.edu.mit.compbio.bisulfitehic.mapping.Bhmem  - Processing reads 597000 ...
159161 [main] INFO main.java.edu.mit.compbio.bisulfitehic.mapping.Bhmem  - Unique mapped and paired reads 592614 ...
159164 [main] INFO main.java.edu.mit.compbio.bisulfitehic.mapping.Bhmem  - Processing reads 598000 ...
159164 [main] INFO main.java.edu.mit.compbio.bisulfitehic.mapping.Bhmem  - Unique mapped and paired reads 592614 ...
[M::mem_process_seqs] Processed 1001 reads in 0.673 CPU sec, 0.086 real sec
[M::mem_process_seqs] Processed 1001 reads in 0.586 CPU sec, 0.075 real sec
[M::mem_process_seqs] Processed 1001 reads in 0.708 CPU sec, 0.097 real sec
[M::mem_process_seqs] Processed 1001 reads in 0.700 CPU sec, 0.096 real sec
159638 [main] INFO main.java.edu.mit.compbio.bisulfitehic.mapping.Bhmem  - Processing reads 599000 ...
159638 [main] INFO main.java.edu.mit.compbio.bisulfitehic.mapping.Bhmem  - Unique mapped and paired reads 594600 ...
159641 [main] INFO main.java.edu.mit.compbio.bisulfitehic.mapping.Bhmem  - Processing reads 600000 ...
159641 [main] INFO main.java.edu.mit.compbio.bisulfitehic.mapping.Bhmem  - Unique mapped and paired reads 594600 ...
[M::mem_process_seqs] Processed 1001 reads in 0.684 CPU sec, 0.089 real sec
[M::mem_process_seqs] Processed 1001 reads in 0.645 CPU sec, 0.085 real sec
[M::mem_process_seqs] Processed 1001 reads in 0.695 CPU sec, 0.099 real sec
[M::mem_process_seqs] Processed 1001 reads in 0.761 CPU sec, 0.100 real sec
160135 [main] INFO main.java.edu.mit.compbio.bisulfitehic.mapping.Bhmem  - Processing reads 601000 ...
160135 [main] INFO main.java.edu.mit.compbio.bisulfitehic.mapping.Bhmem  - Unique mapped and paired reads 596590 ...
160138 [main] INFO main.java.edu.mit.compbio.bisulfitehic.mapping.Bhmem  - Processing reads 602000 ...
160138 [main] INFO main.java.edu.mit.compbio.bisulfitehic.mapping.Bhmem  - Unique mapped and paired reads 596590 ...
[M::mem_process_seqs] Processed 1001 reads in 0.688 CPU sec, 0.088 real sec
[M::mem_process_seqs] Processed 1001 reads in 0.597 CPU sec, 0.084 real sec
[M::mem_process_seqs] Processed 1001 reads in 0.702 CPU sec, 0.089 real sec
[M::mem_process_seqs] Processed 1001 reads in 0.663 CPU sec, 0.085 real sec
160607 [main] INFO main.java.edu.mit.compbio.bisulfitehic.mapping.Bhmem  - Processing reads 603000 ...
160607 [main] INFO main.java.edu.mit.compbio.bisulfitehic.mapping.Bhmem  - Unique mapped and paired reads 598584 ...
160610 [main] INFO main.java.edu.mit.compbio.bisulfitehic.mapping.Bhmem  - Processing reads 604000 ...
160610 [main] INFO main.java.edu.mit.compbio.bisulfitehic.mapping.Bhmem  - Unique mapped and paired reads 598584 ...
[M::mem_process_seqs] Processed 1001 reads in 0.660 CPU sec, 0.085 real sec
[M::mem_process_seqs] Processed 1001 reads in 0.606 CPU sec, 0.084 real sec
[M::mem_process_seqs] Processed 1001 reads in 0.689 CPU sec, 0.088 real sec
[M::mem_process_seqs] Processed 1001 reads in 0.666 CPU sec, 0.085 real sec
161070 [main] INFO main.java.edu.mit.compbio.bisulfitehic.mapping.Bhmem  - Processing reads 605000 ...
161070 [main] INFO main.java.edu.mit.compbio.bisulfitehic.mapping.Bhmem  - Unique mapped and paired reads 600576 ...
161073 [main] INFO main.java.edu.mit.compbio.bisulfitehic.mapping.Bhmem  - Processing reads 606000 ...
161073 [main] INFO main.java.edu.mit.compbio.bisulfitehic.mapping.Bhmem  - Unique mapped and paired reads 600576 ...
[M::mem_process_seqs] Processed 1001 reads in 0.666 CPU sec, 0.088 real sec
[M::mem_process_seqs] Processed 1001 reads in 0.565 CPU sec, 0.072 real sec
[M::mem_process_seqs] Processed 1001 reads in 0.674 CPU sec, 0.093 real sec
[M::mem_process_seqs] Processed 1001 reads in 0.729 CPU sec, 0.094 real sec
161541 [main] INFO main.java.edu.mit.compbio.bisulfitehic.mapping.Bhmem  - Processing reads 607000 ...
161541 [main] INFO main.java.edu.mit.compbio.bisulfitehic.mapping.Bhmem  - Unique mapped and paired reads 602564 ...
161544 [main] INFO main.java.edu.mit.compbio.bisulfitehic.mapping.Bhmem  - Processing reads 608000 ...
161544 [main] INFO main.java.edu.mit.compbio.bisulfitehic.mapping.Bhmem  - Unique mapped and paired reads 602564 ...
[M::mem_process_seqs] Processed 1001 reads in 0.736 CPU sec, 0.094 real sec
[M::mem_process_seqs] Processed 1001 reads in 0.606 CPU sec, 0.084 real sec
[M::mem_process_seqs] Processed 1001 reads in 0.717 CPU sec, 0.094 real sec
[M::mem_process_seqs] Processed 1001 reads in 0.683 CPU sec, 0.095 real sec
162033 [main] INFO main.java.edu.mit.compbio.bisulfitehic.mapping.Bhmem  - Processing reads 609000 ...
162033 [main] INFO main.java.edu.mit.compbio.bisulfitehic.mapping.Bhmem  - Unique mapped and paired reads 604554 ...
162036 [main] INFO main.java.edu.mit.compbio.bisulfitehic.mapping.Bhmem  - Processing reads 610000 ...
162036 [main] INFO main.java.edu.mit.compbio.bisulfitehic.mapping.Bhmem  - Unique mapped and paired reads 604554 ...
[M::mem_process_seqs] Processed 1001 reads in 0.679 CPU sec, 0.089 real sec
[M::mem_process_seqs] Processed 1001 reads in 0.570 CPU sec, 0.073 real sec
[M::mem_process_seqs] Processed 1001 reads in 0.659 CPU sec, 0.087 real sec
[M::mem_process_seqs] Processed 1001 reads in 0.682 CPU sec, 0.088 real sec
162492 [main] INFO main.java.edu.mit.compbio.bisulfitehic.mapping.Bhmem  - Processing reads 611000 ...
162492 [main] INFO main.java.edu.mit.compbio.bisulfitehic.mapping.Bhmem  - Unique mapped and paired reads 606548 ...
162495 [main] INFO main.java.edu.mit.compbio.bisulfitehic.mapping.Bhmem  - Processing reads 612000 ...
162495 [main] INFO main.java.edu.mit.compbio.bisulfitehic.mapping.Bhmem  - Unique mapped and paired reads 606548 ...
[M::mem_process_seqs] Processed 1001 reads in 0.644 CPU sec, 0.083 real sec
[M::mem_process_seqs] Processed 1001 reads in 0.572 CPU sec, 0.073 real sec
[M::mem_process_seqs] Processed 1001 reads in 0.675 CPU sec, 0.089 real sec
[M::mem_process_seqs] Processed 1001 reads in 0.662 CPU sec, 0.084 real sec
162944 [main] INFO main.java.edu.mit.compbio.bisulfitehic.mapping.Bhmem  - Processing reads 613000 ...
162944 [main] INFO main.java.edu.mit.compbio.bisulfitehic.mapping.Bhmem  - Unique mapped and paired reads 608540 ...
162947 [main] INFO main.java.edu.mit.compbio.bisulfitehic.mapping.Bhmem  - Processing reads 614000 ...
162947 [main] INFO main.java.edu.mit.compbio.bisulfitehic.mapping.Bhmem  - Unique mapped and paired reads 608540 ...
[M::mem_process_seqs] Processed 1001 reads in 0.704 CPU sec, 0.092 real sec
[M::mem_process_seqs] Processed 1001 reads in 0.597 CPU sec, 0.075 real sec
[M::mem_process_seqs] Processed 1001 reads in 0.636 CPU sec, 0.084 real sec
[M::mem_process_seqs] Processed 1001 reads in 0.659 CPU sec, 0.085 real sec
163401 [main] INFO main.java.edu.mit.compbio.bisulfitehic.mapping.Bhmem  - Processing reads 615000 ...
163401 [main] INFO main.java.edu.mit.compbio.bisulfitehic.mapping.Bhmem  - Unique mapped and paired reads 610536 ...
163404 [main] INFO main.java.edu.mit.compbio.bisulfitehic.mapping.Bhmem  - Processing reads 616000 ...
163404 [main] INFO main.java.edu.mit.compbio.bisulfitehic.mapping.Bhmem  - Unique mapped and paired reads 610536 ...
[M::mem_process_seqs] Processed 1001 reads in 0.673 CPU sec, 0.085 real sec
[M::mem_process_seqs] Processed 1001 reads in 0.583 CPU sec, 0.079 real sec
[M::mem_process_seqs] Processed 1001 reads in 0.672 CPU sec, 0.090 real sec
[M::mem_process_seqs] Processed 1001 reads in 0.708 CPU sec, 0.090 real sec
163871 [main] INFO main.java.edu.mit.compbio.bisulfitehic.mapping.Bhmem  - Processing reads 617000 ...
163871 [main] INFO main.java.edu.mit.compbio.bisulfitehic.mapping.Bhmem  - Unique mapped and paired reads 612524 ...
163873 [main] INFO main.java.edu.mit.compbio.bisulfitehic.mapping.Bhmem  - Processing reads 618000 ...
163874 [main] INFO main.java.edu.mit.compbio.bisulfitehic.mapping.Bhmem  - Unique mapped and paired reads 612524 ...
[M::mem_process_seqs] Processed 1001 reads in 0.640 CPU sec, 0.083 real sec
[M::mem_process_seqs] Processed 1001 reads in 0.566 CPU sec, 0.072 real sec
[M::mem_process_seqs] Processed 1001 reads in 0.671 CPU sec, 0.092 real sec
[M::mem_process_seqs] Processed 1001 reads in 0.651 CPU sec, 0.089 real sec
164326 [main] INFO main.java.edu.mit.compbio.bisulfitehic.mapping.Bhmem  - Processing reads 619000 ...
164327 [main] INFO main.java.edu.mit.compbio.bisulfitehic.mapping.Bhmem  - Unique mapped and paired reads 614514 ...
164329 [main] INFO main.java.edu.mit.compbio.bisulfitehic.mapping.Bhmem  - Processing reads 620000 ...
164329 [main] INFO main.java.edu.mit.compbio.bisulfitehic.mapping.Bhmem  - Unique mapped and paired reads 614514 ...
[M::mem_process_seqs] Processed 1001 reads in 0.645 CPU sec, 0.082 real sec
[M::mem_process_seqs] Processed 1001 reads in 0.578 CPU sec, 0.082 real sec
[M::mem_process_seqs] Processed 1001 reads in 0.710 CPU sec, 0.091 real sec
[M::mem_process_seqs] Processed 1001 reads in 0.663 CPU sec, 0.085 real sec
164783 [main] INFO main.java.edu.mit.compbio.bisulfitehic.mapping.Bhmem  - Processing reads 621000 ...
164783 [main] INFO main.java.edu.mit.compbio.bisulfitehic.mapping.Bhmem  - Unique mapped and paired reads 616506 ...
164786 [main] INFO main.java.edu.mit.compbio.bisulfitehic.mapping.Bhmem  - Processing reads 622000 ...
164786 [main] INFO main.java.edu.mit.compbio.bisulfitehic.mapping.Bhmem  - Unique mapped and paired reads 616506 ...
[M::mem_process_seqs] Processed 1001 reads in 0.692 CPU sec, 0.091 real sec
[M::mem_process_seqs] Processed 1001 reads in 0.628 CPU sec, 0.083 real sec
[M::mem_process_seqs] Processed 1001 reads in 0.748 CPU sec, 0.100 real sec
[M::mem_process_seqs] Processed 1001 reads in 0.743 CPU sec, 0.098 real sec
165342 [main] INFO main.java.edu.mit.compbio.bisulfitehic.mapping.Bhmem  - Processing reads 623000 ...
165342 [main] INFO main.java.edu.mit.compbio.bisulfitehic.mapping.Bhmem  - Unique mapped and paired reads 618496 ...
165345 [main] INFO main.java.edu.mit.compbio.bisulfitehic.mapping.Bhmem  - Processing reads 624000 ...
165345 [main] INFO main.java.edu.mit.compbio.bisulfitehic.mapping.Bhmem  - Unique mapped and paired reads 618496 ...
[M::mem_process_seqs] Processed 1001 reads in 0.684 CPU sec, 0.091 real sec
[M::mem_process_seqs] Processed 1001 reads in 0.584 CPU sec, 0.074 real sec
[M::mem_process_seqs] Processed 1001 reads in 0.669 CPU sec, 0.085 real sec
[M::mem_process_seqs] Processed 1001 reads in 0.629 CPU sec, 0.082 real sec
165795 [main] INFO main.java.edu.mit.compbio.bisulfitehic.mapping.Bhmem  - Processing reads 625000 ...
165795 [main] INFO main.java.edu.mit.compbio.bisulfitehic.mapping.Bhmem  - Unique mapped and paired reads 620488 ...
165798 [main] INFO main.java.edu.mit.compbio.bisulfitehic.mapping.Bhmem  - Processing reads 626000 ...
165798 [main] INFO main.java.edu.mit.compbio.bisulfitehic.mapping.Bhmem  - Unique mapped and paired reads 620488 ...
[M::mem_process_seqs] Processed 1001 reads in 0.681 CPU sec, 0.088 real sec
[M::mem_process_seqs] Processed 1001 reads in 0.570 CPU sec, 0.072 real sec
[M::mem_process_seqs] Processed 1001 reads in 0.672 CPU sec, 0.093 real sec
[M::mem_process_seqs] Processed 1001 reads in 0.664 CPU sec, 0.086 real sec
166254 [main] INFO main.java.edu.mit.compbio.bisulfitehic.mapping.Bhmem  - Processing reads 627000 ...
166254 [main] INFO main.java.edu.mit.compbio.bisulfitehic.mapping.Bhmem  - Unique mapped and paired reads 622466 ...
166257 [main] INFO main.java.edu.mit.compbio.bisulfitehic.mapping.Bhmem  - Processing reads 628000 ...
166257 [main] INFO main.java.edu.mit.compbio.bisulfitehic.mapping.Bhmem  - Unique mapped and paired reads 622466 ...
[M::mem_process_seqs] Processed 1001 reads in 0.677 CPU sec, 0.086 real sec
[M::mem_process_seqs] Processed 1001 reads in 0.627 CPU sec, 0.080 real sec
[M::mem_process_seqs] Processed 1001 reads in 0.670 CPU sec, 0.085 real sec
[M::mem_process_seqs] Processed 1001 reads in 0.679 CPU sec, 0.086 real sec
166715 [main] INFO main.java.edu.mit.compbio.bisulfitehic.mapping.Bhmem  - Processing reads 629000 ...
166715 [main] INFO main.java.edu.mit.compbio.bisulfitehic.mapping.Bhmem  - Unique mapped and paired reads 624452 ...
166718 [main] INFO main.java.edu.mit.compbio.bisulfitehic.mapping.Bhmem  - Processing reads 630000 ...
166718 [main] INFO main.java.edu.mit.compbio.bisulfitehic.mapping.Bhmem  - Unique mapped and paired reads 624452 ...
[M::mem_process_seqs] Processed 1001 reads in 0.656 CPU sec, 0.083 real sec
[M::mem_process_seqs] Processed 1001 reads in 0.579 CPU sec, 0.073 real sec
[M::mem_process_seqs] Processed 1001 reads in 0.642 CPU sec, 0.082 real sec
[M::mem_process_seqs] Processed 1001 reads in 0.691 CPU sec, 0.095 real sec
167170 [main] INFO main.java.edu.mit.compbio.bisulfitehic.mapping.Bhmem  - Processing reads 631000 ...
167170 [main] INFO main.java.edu.mit.compbio.bisulfitehic.mapping.Bhmem  - Unique mapped and paired reads 626438 ...
167173 [main] INFO main.java.edu.mit.compbio.bisulfitehic.mapping.Bhmem  - Processing reads 632000 ...
167173 [main] INFO main.java.edu.mit.compbio.bisulfitehic.mapping.Bhmem  - Unique mapped and paired reads 626438 ...
[M::mem_process_seqs] Processed 1001 reads in 0.705 CPU sec, 0.092 real sec
[M::mem_process_seqs] Processed 1001 reads in 0.600 CPU sec, 0.076 real sec
[M::mem_process_seqs] Processed 1001 reads in 0.671 CPU sec, 0.086 real sec
[M::mem_process_seqs] Processed 1001 reads in 0.647 CPU sec, 0.082 real sec
167629 [main] INFO main.java.edu.mit.compbio.bisulfitehic.mapping.Bhmem  - Processing reads 633000 ...
167629 [main] INFO main.java.edu.mit.compbio.bisulfitehic.mapping.Bhmem  - Unique mapped and paired reads 628420 ...
167632 [main] INFO main.java.edu.mit.compbio.bisulfitehic.mapping.Bhmem  - Processing reads 634000 ...
167632 [main] INFO main.java.edu.mit.compbio.bisulfitehic.mapping.Bhmem  - Unique mapped and paired reads 628420 ...
[M::mem_process_seqs] Processed 1001 reads in 0.660 CPU sec, 0.084 real sec
[M::mem_process_seqs] Processed 1001 reads in 0.526 CPU sec, 0.067 real sec
[M::mem_process_seqs] Processed 1001 reads in 0.628 CPU sec, 0.080 real sec
[M::mem_process_seqs] Processed 1001 reads in 0.621 CPU sec, 0.084 real sec
168068 [main] INFO main.java.edu.mit.compbio.bisulfitehic.mapping.Bhmem  - Processing reads 635000 ...
168068 [main] INFO main.java.edu.mit.compbio.bisulfitehic.mapping.Bhmem  - Unique mapped and paired reads 630408 ...
168071 [main] INFO main.java.edu.mit.compbio.bisulfitehic.mapping.Bhmem  - Processing reads 636000 ...
168071 [main] INFO main.java.edu.mit.compbio.bisulfitehic.mapping.Bhmem  - Unique mapped and paired reads 630408 ...
[M::mem_process_seqs] Processed 1001 reads in 0.653 CPU sec, 0.083 real sec
[M::mem_process_seqs] Processed 1001 reads in 0.562 CPU sec, 0.071 real sec
[M::mem_process_seqs] Processed 1001 reads in 0.686 CPU sec, 0.093 real sec
[M::mem_process_seqs] Processed 1001 reads in 0.666 CPU sec, 0.084 real sec
168519 [main] INFO main.java.edu.mit.compbio.bisulfitehic.mapping.Bhmem  - Processing reads 637000 ...
168519 [main] INFO main.java.edu.mit.compbio.bisulfitehic.mapping.Bhmem  - Unique mapped and paired reads 632394 ...
168522 [main] INFO main.java.edu.mit.compbio.bisulfitehic.mapping.Bhmem  - Processing reads 638000 ...
168522 [main] INFO main.java.edu.mit.compbio.bisulfitehic.mapping.Bhmem  - Unique mapped and paired reads 632394 ...
[M::mem_process_seqs] Processed 1001 reads in 0.693 CPU sec, 0.088 real sec
[M::mem_process_seqs] Processed 1001 reads in 0.646 CPU sec, 0.082 real sec
[M::mem_process_seqs] Processed 1001 reads in 0.674 CPU sec, 0.092 real sec
[M::mem_process_seqs] Processed 1001 reads in 0.702 CPU sec, 0.090 real sec
168997 [main] INFO main.java.edu.mit.compbio.bisulfitehic.mapping.Bhmem  - Processing reads 639000 ...
168997 [main] INFO main.java.edu.mit.compbio.bisulfitehic.mapping.Bhmem  - Unique mapped and paired reads 634384 ...
169000 [main] INFO main.java.edu.mit.compbio.bisulfitehic.mapping.Bhmem  - Processing reads 640000 ...
169000 [main] INFO main.java.edu.mit.compbio.bisulfitehic.mapping.Bhmem  - Unique mapped and paired reads 634384 ...
[M::mem_process_seqs] Processed 1001 reads in 0.743 CPU sec, 0.095 real sec
[M::mem_process_seqs] Processed 1001 reads in 0.629 CPU sec, 0.080 real sec
[M::mem_process_seqs] Processed 1001 reads in 0.673 CPU sec, 0.086 real sec
[M::mem_process_seqs] Processed 1001 reads in 0.652 CPU sec, 0.085 real sec
169469 [main] INFO main.java.edu.mit.compbio.bisulfitehic.mapping.Bhmem  - Processing reads 641000 ...
169469 [main] INFO main.java.edu.mit.compbio.bisulfitehic.mapping.Bhmem  - Unique mapped and paired reads 636378 ...
169472 [main] INFO main.java.edu.mit.compbio.bisulfitehic.mapping.Bhmem  - Processing reads 642000 ...
169472 [main] INFO main.java.edu.mit.compbio.bisulfitehic.mapping.Bhmem  - Unique mapped and paired reads 636378 ...
[M::mem_process_seqs] Processed 1001 reads in 0.728 CPU sec, 0.092 real sec
[M::mem_process_seqs] Processed 1001 reads in 0.618 CPU sec, 0.085 real sec
[M::mem_process_seqs] Processed 1001 reads in 0.708 CPU sec, 0.089 real sec
[M::mem_process_seqs] Processed 1001 reads in 0.669 CPU sec, 0.085 real sec
169945 [main] INFO main.java.edu.mit.compbio.bisulfitehic.mapping.Bhmem  - Processing reads 643000 ...
169945 [main] INFO main.java.edu.mit.compbio.bisulfitehic.mapping.Bhmem  - Unique mapped and paired reads 638366 ...
169948 [main] INFO main.java.edu.mit.compbio.bisulfitehic.mapping.Bhmem  - Processing reads 644000 ...
169948 [main] INFO main.java.edu.mit.compbio.bisulfitehic.mapping.Bhmem  - Unique mapped and paired reads 638366 ...
[M::mem_process_seqs] Processed 1001 reads in 0.662 CPU sec, 0.084 real sec
[M::mem_process_seqs] Processed 1001 reads in 0.637 CPU sec, 0.081 real sec
[M::mem_process_seqs] Processed 1001 reads in 0.633 CPU sec, 0.086 real sec
[M::mem_process_seqs] Processed 1001 reads in 0.670 CPU sec, 0.091 real sec
170407 [main] INFO main.java.edu.mit.compbio.bisulfitehic.mapping.Bhmem  - Processing reads 645000 ...
170407 [main] INFO main.java.edu.mit.compbio.bisulfitehic.mapping.Bhmem  - Unique mapped and paired reads 640362 ...
170410 [main] INFO main.java.edu.mit.compbio.bisulfitehic.mapping.Bhmem  - Processing reads 646000 ...
170410 [main] INFO main.java.edu.mit.compbio.bisulfitehic.mapping.Bhmem  - Unique mapped and paired reads 640362 ...
[M::mem_process_seqs] Processed 1001 reads in 0.710 CPU sec, 0.090 real sec
[M::mem_process_seqs] Processed 1001 reads in 0.589 CPU sec, 0.075 real sec
[M::mem_process_seqs] Processed 1001 reads in 0.676 CPU sec, 0.086 real sec
[M::mem_process_seqs] Processed 1001 reads in 0.610 CPU sec, 0.080 real sec
170855 [main] INFO main.java.edu.mit.compbio.bisulfitehic.mapping.Bhmem  - Processing reads 647000 ...
170855 [main] INFO main.java.edu.mit.compbio.bisulfitehic.mapping.Bhmem  - Unique mapped and paired reads 642356 ...
170858 [main] INFO main.java.edu.mit.compbio.bisulfitehic.mapping.Bhmem  - Processing reads 648000 ...
170858 [main] INFO main.java.edu.mit.compbio.bisulfitehic.mapping.Bhmem  - Unique mapped and paired reads 642356 ...
[M::mem_process_seqs] Processed 1001 reads in 0.635 CPU sec, 0.082 real sec
[M::mem_process_seqs] Processed 1001 reads in 0.561 CPU sec, 0.075 real sec
[M::mem_process_seqs] Processed 1001 reads in 0.657 CPU sec, 0.083 real sec
[M::mem_process_seqs] Processed 1001 reads in 0.581 CPU sec, 0.074 real sec
171289 [main] INFO main.java.edu.mit.compbio.bisulfitehic.mapping.Bhmem  - Processing reads 649000 ...
171289 [main] INFO main.java.edu.mit.compbio.bisulfitehic.mapping.Bhmem  - Unique mapped and paired reads 644340 ...
171291 [main] INFO main.java.edu.mit.compbio.bisulfitehic.mapping.Bhmem  - Processing reads 650000 ...
171291 [main] INFO main.java.edu.mit.compbio.bisulfitehic.mapping.Bhmem  - Unique mapped and paired reads 644340 ...
[M::mem_process_seqs] Processed 1001 reads in 0.652 CPU sec, 0.084 real sec
[M::mem_process_seqs] Processed 1001 reads in 0.567 CPU sec, 0.088 real sec
[M::mem_process_seqs] Processed 1001 reads in 0.711 CPU sec, 0.095 real sec
[M::mem_process_seqs] Processed 1001 reads in 0.659 CPU sec, 0.085 real sec
171757 [main] INFO main.java.edu.mit.compbio.bisulfitehic.mapping.Bhmem  - Processing reads 651000 ...
171757 [main] INFO main.java.edu.mit.compbio.bisulfitehic.mapping.Bhmem  - Unique mapped and paired reads 646326 ...
171760 [main] INFO main.java.edu.mit.compbio.bisulfitehic.mapping.Bhmem  - Processing reads 652000 ...
171760 [main] INFO main.java.edu.mit.compbio.bisulfitehic.mapping.Bhmem  - Unique mapped and paired reads 646326 ...
[M::mem_process_seqs] Processed 1001 reads in 0.738 CPU sec, 0.102 real sec
[M::mem_process_seqs] Processed 1001 reads in 0.637 CPU sec, 0.091 real sec
[M::mem_process_seqs] Processed 1001 reads in 0.704 CPU sec, 0.090 real sec
[M::mem_process_seqs] Processed 1001 reads in 0.639 CPU sec, 0.082 real sec
172245 [main] INFO main.java.edu.mit.compbio.bisulfitehic.mapping.Bhmem  - Processing reads 653000 ...
172245 [main] INFO main.java.edu.mit.compbio.bisulfitehic.mapping.Bhmem  - Unique mapped and paired reads 648324 ...
172247 [main] INFO main.java.edu.mit.compbio.bisulfitehic.mapping.Bhmem  - Processing reads 654000 ...
172248 [main] INFO main.java.edu.mit.compbio.bisulfitehic.mapping.Bhmem  - Unique mapped and paired reads 648324 ...
[M::mem_process_seqs] Processed 1001 reads in 0.690 CPU sec, 0.088 real sec
[M::mem_process_seqs] Processed 1001 reads in 0.604 CPU sec, 0.080 real sec
[M::mem_process_seqs] Processed 1001 reads in 0.709 CPU sec, 0.096 real sec
[M::mem_process_seqs] Processed 1001 reads in 0.644 CPU sec, 0.086 real sec
172718 [main] INFO main.java.edu.mit.compbio.bisulfitehic.mapping.Bhmem  - Processing reads 655000 ...
172718 [main] INFO main.java.edu.mit.compbio.bisulfitehic.mapping.Bhmem  - Unique mapped and paired reads 650320 ...
172721 [main] INFO main.java.edu.mit.compbio.bisulfitehic.mapping.Bhmem  - Processing reads 656000 ...
172721 [main] INFO main.java.edu.mit.compbio.bisulfitehic.mapping.Bhmem  - Unique mapped and paired reads 650320 ...
[M::mem_process_seqs] Processed 1001 reads in 0.678 CPU sec, 0.086 real sec
[M::mem_process_seqs] Processed 1001 reads in 0.549 CPU sec, 0.075 real sec
[M::mem_process_seqs] Processed 1001 reads in 0.654 CPU sec, 0.089 real sec
[M::mem_process_seqs] Processed 1001 reads in 0.632 CPU sec, 0.086 real sec
173174 [main] INFO main.java.edu.mit.compbio.bisulfitehic.mapping.Bhmem  - Processing reads 657000 ...
173174 [main] INFO main.java.edu.mit.compbio.bisulfitehic.mapping.Bhmem  - Unique mapped and paired reads 652312 ...
173177 [main] INFO main.java.edu.mit.compbio.bisulfitehic.mapping.Bhmem  - Processing reads 658000 ...
173177 [main] INFO main.java.edu.mit.compbio.bisulfitehic.mapping.Bhmem  - Unique mapped and paired reads 652312 ...
[M::mem_process_seqs] Processed 1001 reads in 0.730 CPU sec, 0.092 real sec
[M::mem_process_seqs] Processed 1001 reads in 0.631 CPU sec, 0.080 real sec
[M::mem_process_seqs] Processed 1001 reads in 0.685 CPU sec, 0.093 real sec
[M::mem_process_seqs] Processed 1001 reads in 0.694 CPU sec, 0.091 real sec
173650 [main] INFO main.java.edu.mit.compbio.bisulfitehic.mapping.Bhmem  - Processing reads 659000 ...
173650 [main] INFO main.java.edu.mit.compbio.bisulfitehic.mapping.Bhmem  - Unique mapped and paired reads 654304 ...
173653 [main] INFO main.java.edu.mit.compbio.bisulfitehic.mapping.Bhmem  - Processing reads 660000 ...
173653 [main] INFO main.java.edu.mit.compbio.bisulfitehic.mapping.Bhmem  - Unique mapped and paired reads 654304 ...
[M::mem_process_seqs] Processed 1001 reads in 0.707 CPU sec, 0.089 real sec
[M::mem_process_seqs] Processed 1001 reads in 0.613 CPU sec, 0.079 real sec
[M::mem_process_seqs] Processed 1001 reads in 0.786 CPU sec, 0.114 real sec
[M::mem_process_seqs] Processed 1001 reads in 0.720 CPU sec, 0.092 real sec
174144 [main] INFO main.java.edu.mit.compbio.bisulfitehic.mapping.Bhmem  - Processing reads 661000 ...
174144 [main] INFO main.java.edu.mit.compbio.bisulfitehic.mapping.Bhmem  - Unique mapped and paired reads 656288 ...
174147 [main] INFO main.java.edu.mit.compbio.bisulfitehic.mapping.Bhmem  - Processing reads 662000 ...
174147 [main] INFO main.java.edu.mit.compbio.bisulfitehic.mapping.Bhmem  - Unique mapped and paired reads 656288 ...
[M::mem_process_seqs] Processed 1001 reads in 0.721 CPU sec, 0.091 real sec
[M::mem_process_seqs] Processed 1001 reads in 0.637 CPU sec, 0.087 real sec
[M::mem_process_seqs] Processed 1001 reads in 0.741 CPU sec, 0.100 real sec
[M::mem_process_seqs] Processed 1001 reads in 0.731 CPU sec, 0.094 real sec
174646 [main] INFO main.java.edu.mit.compbio.bisulfitehic.mapping.Bhmem  - Processing reads 663000 ...
174646 [main] INFO main.java.edu.mit.compbio.bisulfitehic.mapping.Bhmem  - Unique mapped and paired reads 658276 ...
174649 [main] INFO main.java.edu.mit.compbio.bisulfitehic.mapping.Bhmem  - Processing reads 664000 ...
174649 [main] INFO main.java.edu.mit.compbio.bisulfitehic.mapping.Bhmem  - Unique mapped and paired reads 658276 ...
[M::mem_process_seqs] Processed 1001 reads in 0.670 CPU sec, 0.085 real sec
[M::mem_process_seqs] Processed 1001 reads in 0.600 CPU sec, 0.083 real sec
[M::mem_process_seqs] Processed 1001 reads in 0.655 CPU sec, 0.086 real sec
[M::mem_process_seqs] Processed 1001 reads in 0.669 CPU sec, 0.085 real sec
175107 [main] INFO main.java.edu.mit.compbio.bisulfitehic.mapping.Bhmem  - Processing reads 665000 ...
175107 [main] INFO main.java.edu.mit.compbio.bisulfitehic.mapping.Bhmem  - Unique mapped and paired reads 660258 ...
175110 [main] INFO main.java.edu.mit.compbio.bisulfitehic.mapping.Bhmem  - Processing reads 666000 ...
175110 [main] INFO main.java.edu.mit.compbio.bisulfitehic.mapping.Bhmem  - Unique mapped and paired reads 660258 ...
[M::mem_process_seqs] Processed 1001 reads in 0.722 CPU sec, 0.093 real sec
[M::mem_process_seqs] Processed 1001 reads in 0.612 CPU sec, 0.079 real sec
[M::mem_process_seqs] Processed 1001 reads in 0.709 CPU sec, 0.090 real sec
[M::mem_process_seqs] Processed 1001 reads in 0.682 CPU sec, 0.087 real sec
175577 [main] INFO main.java.edu.mit.compbio.bisulfitehic.mapping.Bhmem  - Processing reads 667000 ...
175577 [main] INFO main.java.edu.mit.compbio.bisulfitehic.mapping.Bhmem  - Unique mapped and paired reads 662248 ...
175580 [main] INFO main.java.edu.mit.compbio.bisulfitehic.mapping.Bhmem  - Processing reads 668000 ...
175580 [main] INFO main.java.edu.mit.compbio.bisulfitehic.mapping.Bhmem  - Unique mapped and paired reads 662248 ...
[M::mem_process_seqs] Processed 1001 reads in 0.647 CPU sec, 0.084 real sec
[M::mem_process_seqs] Processed 1001 reads in 0.585 CPU sec, 0.076 real sec
[M::mem_process_seqs] Processed 1001 reads in 0.660 CPU sec, 0.094 real sec
[M::mem_process_seqs] Processed 1001 reads in 0.622 CPU sec, 0.078 real sec
176031 [main] INFO main.java.edu.mit.compbio.bisulfitehic.mapping.Bhmem  - Processing reads 669000 ...
176031 [main] INFO main.java.edu.mit.compbio.bisulfitehic.mapping.Bhmem  - Unique mapped and paired reads 664248 ...
176034 [main] INFO main.java.edu.mit.compbio.bisulfitehic.mapping.Bhmem  - Processing reads 670000 ...
176034 [main] INFO main.java.edu.mit.compbio.bisulfitehic.mapping.Bhmem  - Unique mapped and paired reads 664248 ...
[M::mem_process_seqs] Processed 1001 reads in 0.685 CPU sec, 0.089 real sec
[M::mem_process_seqs] Processed 1001 reads in 0.591 CPU sec, 0.082 real sec
[M::mem_process_seqs] Processed 1001 reads in 0.665 CPU sec, 0.087 real sec
[M::mem_process_seqs] Processed 1001 reads in 0.634 CPU sec, 0.081 real sec
176494 [main] INFO main.java.edu.mit.compbio.bisulfitehic.mapping.Bhmem  - Processing reads 671000 ...
176494 [main] INFO main.java.edu.mit.compbio.bisulfitehic.mapping.Bhmem  - Unique mapped and paired reads 666238 ...
176497 [main] INFO main.java.edu.mit.compbio.bisulfitehic.mapping.Bhmem  - Processing reads 672000 ...
176497 [main] INFO main.java.edu.mit.compbio.bisulfitehic.mapping.Bhmem  - Unique mapped and paired reads 666238 ...
[M::mem_process_seqs] Processed 1001 reads in 0.670 CPU sec, 0.085 real sec
[M::mem_process_seqs] Processed 1001 reads in 0.557 CPU sec, 0.076 real sec
[M::mem_process_seqs] Processed 1001 reads in 0.657 CPU sec, 0.083 real sec
[M::mem_process_seqs] Processed 1001 reads in 0.655 CPU sec, 0.089 real sec
176947 [main] INFO main.java.edu.mit.compbio.bisulfitehic.mapping.Bhmem  - Processing reads 673000 ...
176947 [main] INFO main.java.edu.mit.compbio.bisulfitehic.mapping.Bhmem  - Unique mapped and paired reads 668224 ...
176949 [main] INFO main.java.edu.mit.compbio.bisulfitehic.mapping.Bhmem  - Processing reads 674000 ...
176949 [main] INFO main.java.edu.mit.compbio.bisulfitehic.mapping.Bhmem  - Unique mapped and paired reads 668224 ...
[M::mem_process_seqs] Processed 1001 reads in 0.683 CPU sec, 0.089 real sec
[M::mem_process_seqs] Processed 1001 reads in 0.607 CPU sec, 0.083 real sec
[M::mem_process_seqs] Processed 1001 reads in 0.660 CPU sec, 0.083 real sec
[M::mem_process_seqs] Processed 1001 reads in 0.613 CPU sec, 0.078 real sec
177406 [main] INFO main.java.edu.mit.compbio.bisulfitehic.mapping.Bhmem  - Processing reads 675000 ...
177406 [main] INFO main.java.edu.mit.compbio.bisulfitehic.mapping.Bhmem  - Unique mapped and paired reads 670212 ...
177409 [main] INFO main.java.edu.mit.compbio.bisulfitehic.mapping.Bhmem  - Processing reads 676000 ...
177409 [main] INFO main.java.edu.mit.compbio.bisulfitehic.mapping.Bhmem  - Unique mapped and paired reads 670212 ...
[M::mem_process_seqs] Processed 1001 reads in 0.671 CPU sec, 0.085 real sec
[M::mem_process_seqs] Processed 1001 reads in 0.576 CPU sec, 0.078 real sec
[M::mem_process_seqs] Processed 1001 reads in 0.657 CPU sec, 0.087 real sec
[M::mem_process_seqs] Processed 1001 reads in 0.647 CPU sec, 0.084 real sec
177860 [main] INFO main.java.edu.mit.compbio.bisulfitehic.mapping.Bhmem  - Processing reads 677000 ...
177860 [main] INFO main.java.edu.mit.compbio.bisulfitehic.mapping.Bhmem  - Unique mapped and paired reads 672208 ...
177863 [main] INFO main.java.edu.mit.compbio.bisulfitehic.mapping.Bhmem  - Processing reads 678000 ...
177863 [main] INFO main.java.edu.mit.compbio.bisulfitehic.mapping.Bhmem  - Unique mapped and paired reads 672208 ...
[M::mem_process_seqs] Processed 1001 reads in 0.706 CPU sec, 0.090 real sec
[M::mem_process_seqs] Processed 1001 reads in 0.629 CPU sec, 0.086 real sec
[M::mem_process_seqs] Processed 1001 reads in 0.750 CPU sec, 0.096 real sec
[M::mem_process_seqs] Processed 1001 reads in 0.720 CPU sec, 0.096 real sec
178355 [main] INFO main.java.edu.mit.compbio.bisulfitehic.mapping.Bhmem  - Processing reads 679000 ...
178355 [main] INFO main.java.edu.mit.compbio.bisulfitehic.mapping.Bhmem  - Unique mapped and paired reads 674200 ...
178358 [main] INFO main.java.edu.mit.compbio.bisulfitehic.mapping.Bhmem  - Processing reads 680000 ...
178358 [main] INFO main.java.edu.mit.compbio.bisulfitehic.mapping.Bhmem  - Unique mapped and paired reads 674200 ...
[M::mem_process_seqs] Processed 1001 reads in 0.702 CPU sec, 0.091 real sec
[M::mem_process_seqs] Processed 1001 reads in 0.645 CPU sec, 0.088 real sec
[M::mem_process_seqs] Processed 1001 reads in 0.703 CPU sec, 0.089 real sec
[M::mem_process_seqs] Processed 1001 reads in 0.635 CPU sec, 0.082 real sec
178832 [main] INFO main.java.edu.mit.compbio.bisulfitehic.mapping.Bhmem  - Processing reads 681000 ...
178832 [main] INFO main.java.edu.mit.compbio.bisulfitehic.mapping.Bhmem  - Unique mapped and paired reads 676190 ...
178835 [main] INFO main.java.edu.mit.compbio.bisulfitehic.mapping.Bhmem  - Processing reads 682000 ...
178835 [main] INFO main.java.edu.mit.compbio.bisulfitehic.mapping.Bhmem  - Unique mapped and paired reads 676190 ...
[M::mem_process_seqs] Processed 1001 reads in 0.673 CPU sec, 0.086 real sec
[M::mem_process_seqs] Processed 1001 reads in 0.618 CPU sec, 0.081 real sec
[M::mem_process_seqs] Processed 1001 reads in 0.719 CPU sec, 0.091 real sec
[M::mem_process_seqs] Processed 1001 reads in 0.726 CPU sec, 0.093 real sec
179305 [main] INFO main.java.edu.mit.compbio.bisulfitehic.mapping.Bhmem  - Processing reads 683000 ...
179305 [main] INFO main.java.edu.mit.compbio.bisulfitehic.mapping.Bhmem  - Unique mapped and paired reads 678182 ...
179308 [main] INFO main.java.edu.mit.compbio.bisulfitehic.mapping.Bhmem  - Processing reads 684000 ...
179308 [main] INFO main.java.edu.mit.compbio.bisulfitehic.mapping.Bhmem  - Unique mapped and paired reads 678182 ...
[M::mem_process_seqs] Processed 1001 reads in 0.723 CPU sec, 0.093 real sec
[M::mem_process_seqs] Processed 1001 reads in 0.657 CPU sec, 0.086 real sec
[M::mem_process_seqs] Processed 1001 reads in 0.679 CPU sec, 0.086 real sec
[M::mem_process_seqs] Processed 1001 reads in 0.684 CPU sec, 0.093 real sec
179788 [main] INFO main.java.edu.mit.compbio.bisulfitehic.mapping.Bhmem  - Processing reads 685000 ...
179788 [main] INFO main.java.edu.mit.compbio.bisulfitehic.mapping.Bhmem  - Unique mapped and paired reads 680176 ...
179791 [main] INFO main.java.edu.mit.compbio.bisulfitehic.mapping.Bhmem  - Processing reads 686000 ...
179791 [main] INFO main.java.edu.mit.compbio.bisulfitehic.mapping.Bhmem  - Unique mapped and paired reads 680176 ...
[M::mem_process_seqs] Processed 1001 reads in 0.659 CPU sec, 0.083 real sec
[M::mem_process_seqs] Processed 1001 reads in 0.572 CPU sec, 0.080 real sec
[M::mem_process_seqs] Processed 1001 reads in 0.664 CPU sec, 0.093 real sec
[M::mem_process_seqs] Processed 1001 reads in 0.662 CPU sec, 0.086 real sec
180253 [main] INFO main.java.edu.mit.compbio.bisulfitehic.mapping.Bhmem  - Processing reads 687000 ...
180253 [main] INFO main.java.edu.mit.compbio.bisulfitehic.mapping.Bhmem  - Unique mapped and paired reads 682160 ...
180256 [main] INFO main.java.edu.mit.compbio.bisulfitehic.mapping.Bhmem  - Processing reads 688000 ...
180256 [main] INFO main.java.edu.mit.compbio.bisulfitehic.mapping.Bhmem  - Unique mapped and paired reads 682160 ...
[M::mem_process_seqs] Processed 1001 reads in 0.662 CPU sec, 0.084 real sec
[M::mem_process_seqs] Processed 1001 reads in 0.612 CPU sec, 0.077 real sec
[M::mem_process_seqs] Processed 1001 reads in 0.683 CPU sec, 0.089 real sec
[M::mem_process_seqs] Processed 1001 reads in 0.716 CPU sec, 0.099 real sec
180725 [main] INFO main.java.edu.mit.compbio.bisulfitehic.mapping.Bhmem  - Processing reads 689000 ...
180725 [main] INFO main.java.edu.mit.compbio.bisulfitehic.mapping.Bhmem  - Unique mapped and paired reads 684150 ...
180728 [main] INFO main.java.edu.mit.compbio.bisulfitehic.mapping.Bhmem  - Processing reads 690000 ...
180728 [main] INFO main.java.edu.mit.compbio.bisulfitehic.mapping.Bhmem  - Unique mapped and paired reads 684150 ...
[M::mem_process_seqs] Processed 1001 reads in 0.685 CPU sec, 0.091 real sec
[M::mem_process_seqs] Processed 1001 reads in 0.617 CPU sec, 0.078 real sec
[M::mem_process_seqs] Processed 1001 reads in 0.693 CPU sec, 0.092 real sec
[M::mem_process_seqs] Processed 1001 reads in 0.680 CPU sec, 0.088 real sec
181197 [main] INFO main.java.edu.mit.compbio.bisulfitehic.mapping.Bhmem  - Processing reads 691000 ...
181197 [main] INFO main.java.edu.mit.compbio.bisulfitehic.mapping.Bhmem  - Unique mapped and paired reads 686140 ...
181199 [main] INFO main.java.edu.mit.compbio.bisulfitehic.mapping.Bhmem  - Processing reads 692000 ...
181199 [main] INFO main.java.edu.mit.compbio.bisulfitehic.mapping.Bhmem  - Unique mapped and paired reads 686140 ...
[M::mem_process_seqs] Processed 1001 reads in 0.682 CPU sec, 0.087 real sec
[M::mem_process_seqs] Processed 1001 reads in 0.602 CPU sec, 0.076 real sec
[M::mem_process_seqs] Processed 1001 reads in 0.641 CPU sec, 0.081 real sec
[M::mem_process_seqs] Processed 1001 reads in 0.672 CPU sec, 0.086 real sec
181652 [main] INFO main.java.edu.mit.compbio.bisulfitehic.mapping.Bhmem  - Processing reads 693000 ...
181652 [main] INFO main.java.edu.mit.compbio.bisulfitehic.mapping.Bhmem  - Unique mapped and paired reads 688132 ...
181655 [main] INFO main.java.edu.mit.compbio.bisulfitehic.mapping.Bhmem  - Processing reads 694000 ...
181655 [main] INFO main.java.edu.mit.compbio.bisulfitehic.mapping.Bhmem  - Unique mapped and paired reads 688132 ...
[M::mem_process_seqs] Processed 1001 reads in 0.706 CPU sec, 0.089 real sec
[M::mem_process_seqs] Processed 1001 reads in 0.626 CPU sec, 0.083 real sec
[M::mem_process_seqs] Processed 1001 reads in 0.697 CPU sec, 0.090 real sec
[M::mem_process_seqs] Processed 1001 reads in 0.749 CPU sec, 0.104 real sec
182143 [main] INFO main.java.edu.mit.compbio.bisulfitehic.mapping.Bhmem  - Processing reads 695000 ...
182143 [main] INFO main.java.edu.mit.compbio.bisulfitehic.mapping.Bhmem  - Unique mapped and paired reads 690128 ...
182146 [main] INFO main.java.edu.mit.compbio.bisulfitehic.mapping.Bhmem  - Processing reads 696000 ...
182146 [main] INFO main.java.edu.mit.compbio.bisulfitehic.mapping.Bhmem  - Unique mapped and paired reads 690128 ...
[M::mem_process_seqs] Processed 1001 reads in 0.684 CPU sec, 0.087 real sec
[M::mem_process_seqs] Processed 1001 reads in 0.556 CPU sec, 0.073 real sec
[M::mem_process_seqs] Processed 1001 reads in 0.654 CPU sec, 0.083 real sec
[M::mem_process_seqs] Processed 1001 reads in 0.619 CPU sec, 0.079 real sec
182589 [main] INFO main.java.edu.mit.compbio.bisulfitehic.mapping.Bhmem  - Processing reads 697000 ...
182589 [main] INFO main.java.edu.mit.compbio.bisulfitehic.mapping.Bhmem  - Unique mapped and paired reads 692116 ...
182634 [main] INFO main.java.edu.mit.compbio.bisulfitehic.mapping.Bhmem  - Processing reads 698000 ...
182634 [main] INFO main.java.edu.mit.compbio.bisulfitehic.mapping.Bhmem  - Unique mapped and paired reads 692116 ...
[M::mem_process_seqs] Processed 1001 reads in 0.656 CPU sec, 0.085 real sec
[M::mem_process_seqs] Processed 1001 reads in 0.587 CPU sec, 0.074 real sec
[M::mem_process_seqs] Processed 1001 reads in 0.672 CPU sec, 0.094 real sec
[M::mem_process_seqs] Processed 1001 reads in 0.681 CPU sec, 0.087 real sec
183098 [main] INFO main.java.edu.mit.compbio.bisulfitehic.mapping.Bhmem  - Processing reads 699000 ...
183098 [main] INFO main.java.edu.mit.compbio.bisulfitehic.mapping.Bhmem  - Unique mapped and paired reads 694106 ...
183101 [main] INFO main.java.edu.mit.compbio.bisulfitehic.mapping.Bhmem  - Processing reads 700000 ...
183101 [main] INFO main.java.edu.mit.compbio.bisulfitehic.mapping.Bhmem  - Unique mapped and paired reads 694106 ...
[M::mem_process_seqs] Processed 1001 reads in 0.696 CPU sec, 0.089 real sec
[M::mem_process_seqs] Processed 1001 reads in 0.614 CPU sec, 0.078 real sec
[M::mem_process_seqs] Processed 1001 reads in 0.744 CPU sec, 0.101 real sec
[M::mem_process_seqs] Processed 1001 reads in 0.735 CPU sec, 0.107 real sec
183598 [main] INFO main.java.edu.mit.compbio.bisulfitehic.mapping.Bhmem  - Processing reads 701000 ...
183598 [main] INFO main.java.edu.mit.compbio.bisulfitehic.mapping.Bhmem  - Unique mapped and paired reads 696088 ...
183601 [main] INFO main.java.edu.mit.compbio.bisulfitehic.mapping.Bhmem  - Processing reads 702000 ...
183601 [main] INFO main.java.edu.mit.compbio.bisulfitehic.mapping.Bhmem  - Unique mapped and paired reads 696088 ...
[M::mem_process_seqs] Processed 1001 reads in 0.732 CPU sec, 0.093 real sec
[M::mem_process_seqs] Processed 1001 reads in 0.647 CPU sec, 0.082 real sec
[M::mem_process_seqs] Processed 1001 reads in 0.707 CPU sec, 0.094 real sec
[M::mem_process_seqs] Processed 1001 reads in 0.680 CPU sec, 0.086 real sec
184072 [main] INFO main.java.edu.mit.compbio.bisulfitehic.mapping.Bhmem  - Processing reads 703000 ...
184072 [main] INFO main.java.edu.mit.compbio.bisulfitehic.mapping.Bhmem  - Unique mapped and paired reads 698082 ...
184075 [main] INFO main.java.edu.mit.compbio.bisulfitehic.mapping.Bhmem  - Processing reads 704000 ...
184075 [main] INFO main.java.edu.mit.compbio.bisulfitehic.mapping.Bhmem  - Unique mapped and paired reads 698082 ...
[M::mem_process_seqs] Processed 1001 reads in 0.666 CPU sec, 0.085 real sec
[M::mem_process_seqs] Processed 1001 reads in 0.567 CPU sec, 0.072 real sec
[M::mem_process_seqs] Processed 1001 reads in 0.689 CPU sec, 0.089 real sec
[M::mem_process_seqs] Processed 1001 reads in 0.659 CPU sec, 0.087 real sec
184525 [main] INFO main.java.edu.mit.compbio.bisulfitehic.mapping.Bhmem  - Processing reads 705000 ...
184525 [main] INFO main.java.edu.mit.compbio.bisulfitehic.mapping.Bhmem  - Unique mapped and paired reads 700062 ...
184528 [main] INFO main.java.edu.mit.compbio.bisulfitehic.mapping.Bhmem  - Processing reads 706000 ...
184528 [main] INFO main.java.edu.mit.compbio.bisulfitehic.mapping.Bhmem  - Unique mapped and paired reads 700062 ...
[M::mem_process_seqs] Processed 1001 reads in 0.723 CPU sec, 0.091 real sec
[M::mem_process_seqs] Processed 1001 reads in 0.640 CPU sec, 0.081 real sec
[M::mem_process_seqs] Processed 1001 reads in 0.700 CPU sec, 0.089 real sec
[M::mem_process_seqs] Processed 1001 reads in 0.697 CPU sec, 0.089 real sec
185000 [main] INFO main.java.edu.mit.compbio.bisulfitehic.mapping.Bhmem  - Processing reads 707000 ...
185000 [main] INFO main.java.edu.mit.compbio.bisulfitehic.mapping.Bhmem  - Unique mapped and paired reads 702052 ...
185002 [main] INFO main.java.edu.mit.compbio.bisulfitehic.mapping.Bhmem  - Processing reads 708000 ...
185002 [main] INFO main.java.edu.mit.compbio.bisulfitehic.mapping.Bhmem  - Unique mapped and paired reads 702052 ...
[M::mem_process_seqs] Processed 1001 reads in 0.693 CPU sec, 0.088 real sec
[M::mem_process_seqs] Processed 1001 reads in 0.592 CPU sec, 0.081 real sec
[M::mem_process_seqs] Processed 1001 reads in 0.707 CPU sec, 0.093 real sec
[M::mem_process_seqs] Processed 1001 reads in 0.669 CPU sec, 0.085 real sec
185470 [main] INFO main.java.edu.mit.compbio.bisulfitehic.mapping.Bhmem  - Processing reads 709000 ...
185470 [main] INFO main.java.edu.mit.compbio.bisulfitehic.mapping.Bhmem  - Unique mapped and paired reads 704032 ...
185472 [main] INFO main.java.edu.mit.compbio.bisulfitehic.mapping.Bhmem  - Processing reads 710000 ...
185472 [main] INFO main.java.edu.mit.compbio.bisulfitehic.mapping.Bhmem  - Unique mapped and paired reads 704032 ...
[M::mem_process_seqs] Processed 1001 reads in 0.676 CPU sec, 0.085 real sec
[M::mem_process_seqs] Processed 1001 reads in 0.565 CPU sec, 0.071 real sec
[M::mem_process_seqs] Processed 1001 reads in 0.698 CPU sec, 0.092 real sec
[M::mem_process_seqs] Processed 1001 reads in 0.701 CPU sec, 0.089 real sec
185930 [main] INFO main.java.edu.mit.compbio.bisulfitehic.mapping.Bhmem  - Processing reads 711000 ...
185930 [main] INFO main.java.edu.mit.compbio.bisulfitehic.mapping.Bhmem  - Unique mapped and paired reads 706026 ...
185933 [main] INFO main.java.edu.mit.compbio.bisulfitehic.mapping.Bhmem  - Processing reads 712000 ...
185933 [main] INFO main.java.edu.mit.compbio.bisulfitehic.mapping.Bhmem  - Unique mapped and paired reads 706026 ...
[M::mem_process_seqs] Processed 1001 reads in 0.662 CPU sec, 0.084 real sec
[M::mem_process_seqs] Processed 1001 reads in 0.580 CPU sec, 0.073 real sec
[M::mem_process_seqs] Processed 1001 reads in 0.688 CPU sec, 0.090 real sec
[M::mem_process_seqs] Processed 1001 reads in 0.691 CPU sec, 0.096 real sec
186397 [main] INFO main.java.edu.mit.compbio.bisulfitehic.mapping.Bhmem  - Processing reads 713000 ...
186397 [main] INFO main.java.edu.mit.compbio.bisulfitehic.mapping.Bhmem  - Unique mapped and paired reads 708008 ...
186400 [main] INFO main.java.edu.mit.compbio.bisulfitehic.mapping.Bhmem  - Processing reads 714000 ...
186400 [main] INFO main.java.edu.mit.compbio.bisulfitehic.mapping.Bhmem  - Unique mapped and paired reads 708008 ...
[M::mem_process_seqs] Processed 1001 reads in 0.702 CPU sec, 0.091 real sec
[M::mem_process_seqs] Processed 1001 reads in 0.584 CPU sec, 0.081 real sec
[M::mem_process_seqs] Processed 1001 reads in 0.655 CPU sec, 0.085 real sec
[M::mem_process_seqs] Processed 1001 reads in 0.606 CPU sec, 0.077 real sec
186851 [main] INFO main.java.edu.mit.compbio.bisulfitehic.mapping.Bhmem  - Processing reads 715000 ...
186851 [main] INFO main.java.edu.mit.compbio.bisulfitehic.mapping.Bhmem  - Unique mapped and paired reads 710008 ...
186854 [main] INFO main.java.edu.mit.compbio.bisulfitehic.mapping.Bhmem  - Processing reads 716000 ...
186854 [main] INFO main.java.edu.mit.compbio.bisulfitehic.mapping.Bhmem  - Unique mapped and paired reads 710008 ...
[M::mem_process_seqs] Processed 1001 reads in 0.643 CPU sec, 0.082 real sec
[M::mem_process_seqs] Processed 1001 reads in 0.554 CPU sec, 0.078 real sec
[M::mem_process_seqs] Processed 1001 reads in 0.661 CPU sec, 0.084 real sec
[M::mem_process_seqs] Processed 1001 reads in 0.660 CPU sec, 0.086 real sec
187304 [main] INFO main.java.edu.mit.compbio.bisulfitehic.mapping.Bhmem  - Processing reads 717000 ...
187304 [main] INFO main.java.edu.mit.compbio.bisulfitehic.mapping.Bhmem  - Unique mapped and paired reads 711998 ...
187307 [main] INFO main.java.edu.mit.compbio.bisulfitehic.mapping.Bhmem  - Processing reads 718000 ...
187307 [main] INFO main.java.edu.mit.compbio.bisulfitehic.mapping.Bhmem  - Unique mapped and paired reads 711998 ...
[M::mem_process_seqs] Processed 1001 reads in 0.718 CPU sec, 0.091 real sec
[M::mem_process_seqs] Processed 1001 reads in 0.608 CPU sec, 0.078 real sec
[M::mem_process_seqs] Processed 1001 reads in 0.746 CPU sec, 0.100 real sec
[M::mem_process_seqs] Processed 1001 reads in 0.675 CPU sec, 0.086 real sec
187782 [main] INFO main.java.edu.mit.compbio.bisulfitehic.mapping.Bhmem  - Processing reads 719000 ...
187782 [main] INFO main.java.edu.mit.compbio.bisulfitehic.mapping.Bhmem  - Unique mapped and paired reads 713992 ...
187785 [main] INFO main.java.edu.mit.compbio.bisulfitehic.mapping.Bhmem  - Processing reads 720000 ...
187785 [main] INFO main.java.edu.mit.compbio.bisulfitehic.mapping.Bhmem  - Unique mapped and paired reads 713992 ...
[M::mem_process_seqs] Processed 1001 reads in 0.644 CPU sec, 0.082 real sec
[M::mem_process_seqs] Processed 1001 reads in 0.548 CPU sec, 0.069 real sec
[M::mem_process_seqs] Processed 1001 reads in 0.632 CPU sec, 0.083 real sec
[M::mem_process_seqs] Processed 1001 reads in 0.649 CPU sec, 0.091 real sec
188234 [main] INFO main.java.edu.mit.compbio.bisulfitehic.mapping.Bhmem  - Processing reads 721000 ...
188234 [main] INFO main.java.edu.mit.compbio.bisulfitehic.mapping.Bhmem  - Unique mapped and paired reads 715978 ...
188237 [main] INFO main.java.edu.mit.compbio.bisulfitehic.mapping.Bhmem  - Processing reads 722000 ...
188237 [main] INFO main.java.edu.mit.compbio.bisulfitehic.mapping.Bhmem  - Unique mapped and paired reads 715978 ...
[M::mem_process_seqs] Processed 1001 reads in 0.700 CPU sec, 0.088 real sec
[M::mem_process_seqs] Processed 1001 reads in 0.631 CPU sec, 0.086 real sec
[M::mem_process_seqs] Processed 1001 reads in 0.712 CPU sec, 0.096 real sec
[M::mem_process_seqs] Processed 1001 reads in 0.702 CPU sec, 0.094 real sec
188808 [main] INFO main.java.edu.mit.compbio.bisulfitehic.mapping.Bhmem  - Processing reads 723000 ...
188808 [main] INFO main.java.edu.mit.compbio.bisulfitehic.mapping.Bhmem  - Unique mapped and paired reads 717954 ...
188816 [main] INFO main.java.edu.mit.compbio.bisulfitehic.mapping.Bhmem  - Processing reads 724000 ...
188816 [main] INFO main.java.edu.mit.compbio.bisulfitehic.mapping.Bhmem  - Unique mapped and paired reads 717954 ...
[M::mem_process_seqs] Processed 1001 reads in 0.698 CPU sec, 0.091 real sec
[M::mem_process_seqs] Processed 1001 reads in 0.585 CPU sec, 0.080 real sec
[M::mem_process_seqs] Processed 1001 reads in 0.717 CPU sec, 0.091 real sec
[M::mem_process_seqs] Processed 1001 reads in 0.620 CPU sec, 0.078 real sec
189275 [main] INFO main.java.edu.mit.compbio.bisulfitehic.mapping.Bhmem  - Processing reads 725000 ...
189275 [main] INFO main.java.edu.mit.compbio.bisulfitehic.mapping.Bhmem  - Unique mapped and paired reads 719942 ...
189278 [main] INFO main.java.edu.mit.compbio.bisulfitehic.mapping.Bhmem  - Processing reads 726000 ...
189278 [main] INFO main.java.edu.mit.compbio.bisulfitehic.mapping.Bhmem  - Unique mapped and paired reads 719942 ...
[M::mem_process_seqs] Processed 1001 reads in 0.704 CPU sec, 0.100 real sec
[M::mem_process_seqs] Processed 1001 reads in 0.651 CPU sec, 0.087 real sec
[M::mem_process_seqs] Processed 1001 reads in 0.708 CPU sec, 0.089 real sec
[M::mem_process_seqs] Processed 1001 reads in 0.660 CPU sec, 0.094 real sec
189772 [main] INFO main.java.edu.mit.compbio.bisulfitehic.mapping.Bhmem  - Processing reads 727000 ...
189772 [main] INFO main.java.edu.mit.compbio.bisulfitehic.mapping.Bhmem  - Unique mapped and paired reads 721930 ...
189775 [main] INFO main.java.edu.mit.compbio.bisulfitehic.mapping.Bhmem  - Processing reads 728000 ...
189775 [main] INFO main.java.edu.mit.compbio.bisulfitehic.mapping.Bhmem  - Unique mapped and paired reads 721930 ...
[M::mem_process_seqs] Processed 1001 reads in 0.684 CPU sec, 0.089 real sec
[M::mem_process_seqs] Processed 1001 reads in 0.624 CPU sec, 0.086 real sec
[M::mem_process_seqs] Processed 1001 reads in 0.715 CPU sec, 0.095 real sec
[M::mem_process_seqs] Processed 1001 reads in 0.738 CPU sec, 0.099 real sec
190264 [main] INFO main.java.edu.mit.compbio.bisulfitehic.mapping.Bhmem  - Processing reads 729000 ...
190264 [main] INFO main.java.edu.mit.compbio.bisulfitehic.mapping.Bhmem  - Unique mapped and paired reads 723926 ...
190267 [main] INFO main.java.edu.mit.compbio.bisulfitehic.mapping.Bhmem  - Processing reads 730000 ...
190267 [main] INFO main.java.edu.mit.compbio.bisulfitehic.mapping.Bhmem  - Unique mapped and paired reads 723926 ...
[M::mem_process_seqs] Processed 1001 reads in 0.690 CPU sec, 0.089 real sec
[M::mem_process_seqs] Processed 1001 reads in 0.579 CPU sec, 0.079 real sec
[M::mem_process_seqs] Processed 1001 reads in 0.751 CPU sec, 0.105 real sec
[M::mem_process_seqs] Processed 1001 reads in 0.680 CPU sec, 0.087 real sec
190747 [main] INFO main.java.edu.mit.compbio.bisulfitehic.mapping.Bhmem  - Processing reads 731000 ...
190747 [main] INFO main.java.edu.mit.compbio.bisulfitehic.mapping.Bhmem  - Unique mapped and paired reads 725914 ...
190750 [main] INFO main.java.edu.mit.compbio.bisulfitehic.mapping.Bhmem  - Processing reads 732000 ...
190750 [main] INFO main.java.edu.mit.compbio.bisulfitehic.mapping.Bhmem  - Unique mapped and paired reads 725914 ...
[M::mem_process_seqs] Processed 1001 reads in 0.675 CPU sec, 0.088 real sec
[M::mem_process_seqs] Processed 1001 reads in 0.619 CPU sec, 0.082 real sec
[M::mem_process_seqs] Processed 1001 reads in 0.728 CPU sec, 0.094 real sec
[M::mem_process_seqs] Processed 1001 reads in 0.686 CPU sec, 0.089 real sec
191224 [main] INFO main.java.edu.mit.compbio.bisulfitehic.mapping.Bhmem  - Processing reads 733000 ...
191224 [main] INFO main.java.edu.mit.compbio.bisulfitehic.mapping.Bhmem  - Unique mapped and paired reads 727906 ...
191227 [main] INFO main.java.edu.mit.compbio.bisulfitehic.mapping.Bhmem  - Processing reads 734000 ...
191227 [main] INFO main.java.edu.mit.compbio.bisulfitehic.mapping.Bhmem  - Unique mapped and paired reads 727906 ...
[M::mem_process_seqs] Processed 1001 reads in 0.639 CPU sec, 0.082 real sec
[M::mem_process_seqs] Processed 1001 reads in 0.668 CPU sec, 0.099 real sec
[M::mem_process_seqs] Processed 1001 reads in 0.723 CPU sec, 0.091 real sec
[M::mem_process_seqs] Processed 1001 reads in 0.687 CPU sec, 0.087 real sec
191705 [main] INFO main.java.edu.mit.compbio.bisulfitehic.mapping.Bhmem  - Processing reads 735000 ...
191705 [main] INFO main.java.edu.mit.compbio.bisulfitehic.mapping.Bhmem  - Unique mapped and paired reads 729894 ...
191708 [main] INFO main.java.edu.mit.compbio.bisulfitehic.mapping.Bhmem  - Processing reads 736000 ...
191708 [main] INFO main.java.edu.mit.compbio.bisulfitehic.mapping.Bhmem  - Unique mapped and paired reads 729894 ...
[M::mem_process_seqs] Processed 1001 reads in 0.704 CPU sec, 0.089 real sec
[M::mem_process_seqs] Processed 1001 reads in 0.598 CPU sec, 0.076 real sec
[M::mem_process_seqs] Processed 1001 reads in 0.693 CPU sec, 0.090 real sec
[M::mem_process_seqs] Processed 1001 reads in 0.653 CPU sec, 0.083 real sec
192167 [main] INFO main.java.edu.mit.compbio.bisulfitehic.mapping.Bhmem  - Processing reads 737000 ...
192167 [main] INFO main.java.edu.mit.compbio.bisulfitehic.mapping.Bhmem  - Unique mapped and paired reads 731880 ...
192170 [main] INFO main.java.edu.mit.compbio.bisulfitehic.mapping.Bhmem  - Processing reads 738000 ...
192170 [main] INFO main.java.edu.mit.compbio.bisulfitehic.mapping.Bhmem  - Unique mapped and paired reads 731880 ...
[M::mem_process_seqs] Processed 1001 reads in 0.630 CPU sec, 0.080 real sec
[M::mem_process_seqs] Processed 1001 reads in 0.572 CPU sec, 0.072 real sec
[M::mem_process_seqs] Processed 1001 reads in 0.658 CPU sec, 0.086 real sec
[M::mem_process_seqs] Processed 1001 reads in 0.650 CPU sec, 0.083 real sec
192611 [main] INFO main.java.edu.mit.compbio.bisulfitehic.mapping.Bhmem  - Processing reads 739000 ...
192611 [main] INFO main.java.edu.mit.compbio.bisulfitehic.mapping.Bhmem  - Unique mapped and paired reads 733878 ...
192614 [main] INFO main.java.edu.mit.compbio.bisulfitehic.mapping.Bhmem  - Processing reads 740000 ...
192614 [main] INFO main.java.edu.mit.compbio.bisulfitehic.mapping.Bhmem  - Unique mapped and paired reads 733878 ...
[M::mem_process_seqs] Processed 1001 reads in 0.669 CPU sec, 0.087 real sec
[M::mem_process_seqs] Processed 1001 reads in 0.573 CPU sec, 0.073 real sec
[M::mem_process_seqs] Processed 1001 reads in 0.660 CPU sec, 0.084 real sec
[M::mem_process_seqs] Processed 1001 reads in 0.664 CPU sec, 0.084 real sec
193059 [main] INFO main.java.edu.mit.compbio.bisulfitehic.mapping.Bhmem  - Processing reads 741000 ...
193059 [main] INFO main.java.edu.mit.compbio.bisulfitehic.mapping.Bhmem  - Unique mapped and paired reads 735874 ...
193061 [main] INFO main.java.edu.mit.compbio.bisulfitehic.mapping.Bhmem  - Processing reads 742000 ...
193061 [main] INFO main.java.edu.mit.compbio.bisulfitehic.mapping.Bhmem  - Unique mapped and paired reads 735874 ...
[M::mem_process_seqs] Processed 1001 reads in 0.683 CPU sec, 0.087 real sec
[M::mem_process_seqs] Processed 1001 reads in 0.574 CPU sec, 0.073 real sec
[M::mem_process_seqs] Processed 1001 reads in 0.676 CPU sec, 0.092 real sec
[M::mem_process_seqs] Processed 1001 reads in 0.641 CPU sec, 0.081 real sec
193515 [main] INFO main.java.edu.mit.compbio.bisulfitehic.mapping.Bhmem  - Processing reads 743000 ...
193515 [main] INFO main.java.edu.mit.compbio.bisulfitehic.mapping.Bhmem  - Unique mapped and paired reads 737866 ...
193518 [main] INFO main.java.edu.mit.compbio.bisulfitehic.mapping.Bhmem  - Processing reads 744000 ...
193518 [main] INFO main.java.edu.mit.compbio.bisulfitehic.mapping.Bhmem  - Unique mapped and paired reads 737866 ...
[M::mem_process_seqs] Processed 1001 reads in 0.724 CPU sec, 0.093 real sec
[M::mem_process_seqs] Processed 1001 reads in 0.656 CPU sec, 0.087 real sec
[M::mem_process_seqs] Processed 1001 reads in 0.746 CPU sec, 0.094 real sec
[M::mem_process_seqs] Processed 1001 reads in 0.737 CPU sec, 0.099 real sec
194016 [main] INFO main.java.edu.mit.compbio.bisulfitehic.mapping.Bhmem  - Processing reads 745000 ...
194016 [main] INFO main.java.edu.mit.compbio.bisulfitehic.mapping.Bhmem  - Unique mapped and paired reads 739860 ...
194018 [main] INFO main.java.edu.mit.compbio.bisulfitehic.mapping.Bhmem  - Processing reads 746000 ...
194018 [main] INFO main.java.edu.mit.compbio.bisulfitehic.mapping.Bhmem  - Unique mapped and paired reads 739860 ...
[M::mem_process_seqs] Processed 1001 reads in 0.666 CPU sec, 0.086 real sec
[M::mem_process_seqs] Processed 1001 reads in 0.578 CPU sec, 0.075 real sec
[M::mem_process_seqs] Processed 1001 reads in 0.688 CPU sec, 0.092 real sec
[M::mem_process_seqs] Processed 1001 reads in 0.652 CPU sec, 0.085 real sec
194474 [main] INFO main.java.edu.mit.compbio.bisulfitehic.mapping.Bhmem  - Processing reads 747000 ...
194474 [main] INFO main.java.edu.mit.compbio.bisulfitehic.mapping.Bhmem  - Unique mapped and paired reads 741844 ...
194477 [main] INFO main.java.edu.mit.compbio.bisulfitehic.mapping.Bhmem  - Processing reads 748000 ...
194477 [main] INFO main.java.edu.mit.compbio.bisulfitehic.mapping.Bhmem  - Unique mapped and paired reads 741844 ...
[M::mem_process_seqs] Processed 1001 reads in 0.689 CPU sec, 0.089 real sec
[M::mem_process_seqs] Processed 1001 reads in 0.588 CPU sec, 0.075 real sec
[M::mem_process_seqs] Processed 1001 reads in 0.669 CPU sec, 0.085 real sec
[M::mem_process_seqs] Processed 1001 reads in 0.666 CPU sec, 0.084 real sec
194929 [main] INFO main.java.edu.mit.compbio.bisulfitehic.mapping.Bhmem  - Processing reads 749000 ...
194930 [main] INFO main.java.edu.mit.compbio.bisulfitehic.mapping.Bhmem  - Unique mapped and paired reads 743838 ...
194932 [main] INFO main.java.edu.mit.compbio.bisulfitehic.mapping.Bhmem  - Processing reads 750000 ...
194933 [main] INFO main.java.edu.mit.compbio.bisulfitehic.mapping.Bhmem  - Unique mapped and paired reads 743838 ...
[M::mem_process_seqs] Processed 1001 reads in 0.740 CPU sec, 0.095 real sec
[M::mem_process_seqs] Processed 1001 reads in 0.645 CPU sec, 0.085 real sec
[M::mem_process_seqs] Processed 1001 reads in 0.736 CPU sec, 0.099 real sec
[M::mem_process_seqs] Processed 1001 reads in 0.675 CPU sec, 0.085 real sec
195420 [main] INFO main.java.edu.mit.compbio.bisulfitehic.mapping.Bhmem  - Processing reads 751000 ...
195420 [main] INFO main.java.edu.mit.compbio.bisulfitehic.mapping.Bhmem  - Unique mapped and paired reads 745826 ...
195423 [main] INFO main.java.edu.mit.compbio.bisulfitehic.mapping.Bhmem  - Processing reads 752000 ...
195423 [main] INFO main.java.edu.mit.compbio.bisulfitehic.mapping.Bhmem  - Unique mapped and paired reads 745826 ...
[M::mem_process_seqs] Processed 1001 reads in 0.732 CPU sec, 0.092 real sec
[M::mem_process_seqs] Processed 1001 reads in 0.647 CPU sec, 0.086 real sec
[M::mem_process_seqs] Processed 1001 reads in 0.729 CPU sec, 0.093 real sec
[M::mem_process_seqs] Processed 1001 reads in 0.707 CPU sec, 0.096 real sec
195912 [main] INFO main.java.edu.mit.compbio.bisulfitehic.mapping.Bhmem  - Processing reads 753000 ...
195912 [main] INFO main.java.edu.mit.compbio.bisulfitehic.mapping.Bhmem  - Unique mapped and paired reads 747814 ...
195915 [main] INFO main.java.edu.mit.compbio.bisulfitehic.mapping.Bhmem  - Processing reads 754000 ...
195915 [main] INFO main.java.edu.mit.compbio.bisulfitehic.mapping.Bhmem  - Unique mapped and paired reads 747814 ...
[M::mem_process_seqs] Processed 1001 reads in 0.679 CPU sec, 0.087 real sec
[M::mem_process_seqs] Processed 1001 reads in 0.603 CPU sec, 0.079 real sec
[M::mem_process_seqs] Processed 1001 reads in 0.703 CPU sec, 0.096 real sec
[M::mem_process_seqs] Processed 1001 reads in 0.719 CPU sec, 0.097 real sec
196397 [main] INFO main.java.edu.mit.compbio.bisulfitehic.mapping.Bhmem  - Processing reads 755000 ...
196397 [main] INFO main.java.edu.mit.compbio.bisulfitehic.mapping.Bhmem  - Unique mapped and paired reads 749794 ...
196400 [main] INFO main.java.edu.mit.compbio.bisulfitehic.mapping.Bhmem  - Processing reads 756000 ...
196400 [main] INFO main.java.edu.mit.compbio.bisulfitehic.mapping.Bhmem  - Unique mapped and paired reads 749794 ...
[M::mem_process_seqs] Processed 1001 reads in 0.667 CPU sec, 0.085 real sec
[M::mem_process_seqs] Processed 1001 reads in 0.621 CPU sec, 0.078 real sec
[M::mem_process_seqs] Processed 1001 reads in 0.695 CPU sec, 0.088 real sec
[M::mem_process_seqs] Processed 1001 reads in 0.659 CPU sec, 0.084 real sec
196854 [main] INFO main.java.edu.mit.compbio.bisulfitehic.mapping.Bhmem  - Processing reads 757000 ...
196854 [main] INFO main.java.edu.mit.compbio.bisulfitehic.mapping.Bhmem  - Unique mapped and paired reads 751788 ...
196857 [main] INFO main.java.edu.mit.compbio.bisulfitehic.mapping.Bhmem  - Processing reads 758000 ...
196857 [main] INFO main.java.edu.mit.compbio.bisulfitehic.mapping.Bhmem  - Unique mapped and paired reads 751788 ...
[M::mem_process_seqs] Processed 1001 reads in 0.678 CPU sec, 0.086 real sec
[M::mem_process_seqs] Processed 1001 reads in 0.627 CPU sec, 0.082 real sec
[M::mem_process_seqs] Processed 1001 reads in 0.681 CPU sec, 0.087 real sec
[M::mem_process_seqs] Processed 1001 reads in 0.699 CPU sec, 0.088 real sec
197318 [main] INFO main.java.edu.mit.compbio.bisulfitehic.mapping.Bhmem  - Processing reads 759000 ...
197318 [main] INFO main.java.edu.mit.compbio.bisulfitehic.mapping.Bhmem  - Unique mapped and paired reads 753782 ...
197321 [main] INFO main.java.edu.mit.compbio.bisulfitehic.mapping.Bhmem  - Processing reads 760000 ...
197321 [main] INFO main.java.edu.mit.compbio.bisulfitehic.mapping.Bhmem  - Unique mapped and paired reads 753782 ...
[M::mem_process_seqs] Processed 1001 reads in 0.673 CPU sec, 0.087 real sec
[M::mem_process_seqs] Processed 1001 reads in 0.535 CPU sec, 0.068 real sec
[M::mem_process_seqs] Processed 1001 reads in 0.692 CPU sec, 0.093 real sec
[M::mem_process_seqs] Processed 1001 reads in 0.735 CPU sec, 0.099 real sec
197786 [main] INFO main.java.edu.mit.compbio.bisulfitehic.mapping.Bhmem  - Processing reads 761000 ...
197786 [main] INFO main.java.edu.mit.compbio.bisulfitehic.mapping.Bhmem  - Unique mapped and paired reads 755766 ...
197789 [main] INFO main.java.edu.mit.compbio.bisulfitehic.mapping.Bhmem  - Processing reads 762000 ...
197789 [main] INFO main.java.edu.mit.compbio.bisulfitehic.mapping.Bhmem  - Unique mapped and paired reads 755766 ...
[M::mem_process_seqs] Processed 1001 reads in 0.671 CPU sec, 0.086 real sec
[M::mem_process_seqs] Processed 1001 reads in 0.584 CPU sec, 0.077 real sec
[M::mem_process_seqs] Processed 1001 reads in 0.705 CPU sec, 0.090 real sec
[M::mem_process_seqs] Processed 1001 reads in 0.662 CPU sec, 0.090 real sec
198250 [main] INFO main.java.edu.mit.compbio.bisulfitehic.mapping.Bhmem  - Processing reads 763000 ...
198250 [main] INFO main.java.edu.mit.compbio.bisulfitehic.mapping.Bhmem  - Unique mapped and paired reads 757754 ...
198253 [main] INFO main.java.edu.mit.compbio.bisulfitehic.mapping.Bhmem  - Processing reads 764000 ...
198253 [main] INFO main.java.edu.mit.compbio.bisulfitehic.mapping.Bhmem  - Unique mapped and paired reads 757754 ...
[M::mem_process_seqs] Processed 1001 reads in 0.679 CPU sec, 0.086 real sec
[M::mem_process_seqs] Processed 1001 reads in 0.584 CPU sec, 0.075 real sec
[M::mem_process_seqs] Processed 1001 reads in 0.713 CPU sec, 0.090 real sec
[M::mem_process_seqs] Processed 1001 reads in 0.708 CPU sec, 0.097 real sec
198720 [main] INFO main.java.edu.mit.compbio.bisulfitehic.mapping.Bhmem  - Processing reads 765000 ...
198720 [main] INFO main.java.edu.mit.compbio.bisulfitehic.mapping.Bhmem  - Unique mapped and paired reads 759744 ...
198723 [main] INFO main.java.edu.mit.compbio.bisulfitehic.mapping.Bhmem  - Processing reads 766000 ...
198723 [main] INFO main.java.edu.mit.compbio.bisulfitehic.mapping.Bhmem  - Unique mapped and paired reads 759744 ...
[M::mem_process_seqs] Processed 1001 reads in 0.684 CPU sec, 0.088 real sec
[M::mem_process_seqs] Processed 1001 reads in 0.546 CPU sec, 0.072 real sec
[M::mem_process_seqs] Processed 1001 reads in 0.694 CPU sec, 0.088 real sec
[M::mem_process_seqs] Processed 1001 reads in 0.630 CPU sec, 0.086 real sec
199175 [main] INFO main.java.edu.mit.compbio.bisulfitehic.mapping.Bhmem  - Processing reads 767000 ...
199175 [main] INFO main.java.edu.mit.compbio.bisulfitehic.mapping.Bhmem  - Unique mapped and paired reads 761732 ...
199178 [main] INFO main.java.edu.mit.compbio.bisulfitehic.mapping.Bhmem  - Processing reads 768000 ...
199178 [main] INFO main.java.edu.mit.compbio.bisulfitehic.mapping.Bhmem  - Unique mapped and paired reads 761732 ...
[M::mem_process_seqs] Processed 1001 reads in 0.687 CPU sec, 0.089 real sec
[M::mem_process_seqs] Processed 1001 reads in 0.581 CPU sec, 0.080 real sec
[M::mem_process_seqs] Processed 1001 reads in 0.704 CPU sec, 0.095 real sec
[M::mem_process_seqs] Processed 1001 reads in 0.693 CPU sec, 0.093 real sec
199660 [main] INFO main.java.edu.mit.compbio.bisulfitehic.mapping.Bhmem  - Processing reads 769000 ...
199660 [main] INFO main.java.edu.mit.compbio.bisulfitehic.mapping.Bhmem  - Unique mapped and paired reads 763728 ...
199663 [main] INFO main.java.edu.mit.compbio.bisulfitehic.mapping.Bhmem  - Processing reads 770000 ...
199663 [main] INFO main.java.edu.mit.compbio.bisulfitehic.mapping.Bhmem  - Unique mapped and paired reads 763728 ...
[M::mem_process_seqs] Processed 1001 reads in 0.705 CPU sec, 0.089 real sec
[M::mem_process_seqs] Processed 1001 reads in 0.667 CPU sec, 0.087 real sec
[M::mem_process_seqs] Processed 1001 reads in 0.730 CPU sec, 0.092 real sec
[M::mem_process_seqs] Processed 1001 reads in 0.752 CPU sec, 0.097 real sec
200155 [main] INFO main.java.edu.mit.compbio.bisulfitehic.mapping.Bhmem  - Processing reads 771000 ...
200155 [main] INFO main.java.edu.mit.compbio.bisulfitehic.mapping.Bhmem  - Unique mapped and paired reads 765724 ...
200158 [main] INFO main.java.edu.mit.compbio.bisulfitehic.mapping.Bhmem  - Processing reads 772000 ...
200158 [main] INFO main.java.edu.mit.compbio.bisulfitehic.mapping.Bhmem  - Unique mapped and paired reads 765724 ...
[M::mem_process_seqs] Processed 1001 reads in 0.688 CPU sec, 0.088 real sec
[M::mem_process_seqs] Processed 1001 reads in 0.575 CPU sec, 0.078 real sec
[M::mem_process_seqs] Processed 1001 reads in 0.686 CPU sec, 0.087 real sec
[M::mem_process_seqs] Processed 1001 reads in 0.673 CPU sec, 0.106 real sec
200644 [main] INFO main.java.edu.mit.compbio.bisulfitehic.mapping.Bhmem  - Processing reads 773000 ...
200644 [main] INFO main.java.edu.mit.compbio.bisulfitehic.mapping.Bhmem  - Unique mapped and paired reads 767720 ...
200647 [main] INFO main.java.edu.mit.compbio.bisulfitehic.mapping.Bhmem  - Processing reads 774000 ...
200647 [main] INFO main.java.edu.mit.compbio.bisulfitehic.mapping.Bhmem  - Unique mapped and paired reads 767720 ...
[M::mem_process_seqs] Processed 1001 reads in 0.668 CPU sec, 0.085 real sec
[M::mem_process_seqs] Processed 1001 reads in 0.584 CPU sec, 0.074 real sec
[M::mem_process_seqs] Processed 1001 reads in 0.695 CPU sec, 0.088 real sec
[M::mem_process_seqs] Processed 1001 reads in 0.673 CPU sec, 0.094 real sec
201113 [main] INFO main.java.edu.mit.compbio.bisulfitehic.mapping.Bhmem  - Processing reads 775000 ...
201113 [main] INFO main.java.edu.mit.compbio.bisulfitehic.mapping.Bhmem  - Unique mapped and paired reads 769708 ...
201116 [main] INFO main.java.edu.mit.compbio.bisulfitehic.mapping.Bhmem  - Processing reads 776000 ...
201116 [main] INFO main.java.edu.mit.compbio.bisulfitehic.mapping.Bhmem  - Unique mapped and paired reads 769708 ...
[M::mem_process_seqs] Processed 1001 reads in 0.698 CPU sec, 0.089 real sec
[M::mem_process_seqs] Processed 1001 reads in 0.596 CPU sec, 0.086 real sec
[M::mem_process_seqs] Processed 1001 reads in 0.722 CPU sec, 0.091 real sec
[M::mem_process_seqs] Processed 1001 reads in 0.672 CPU sec, 0.088 real sec
201593 [main] INFO main.java.edu.mit.compbio.bisulfitehic.mapping.Bhmem  - Processing reads 777000 ...
201593 [main] INFO main.java.edu.mit.compbio.bisulfitehic.mapping.Bhmem  - Unique mapped and paired reads 771696 ...
201596 [main] INFO main.java.edu.mit.compbio.bisulfitehic.mapping.Bhmem  - Processing reads 778000 ...
201596 [main] INFO main.java.edu.mit.compbio.bisulfitehic.mapping.Bhmem  - Unique mapped and paired reads 771696 ...
[M::mem_process_seqs] Processed 1001 reads in 0.727 CPU sec, 0.097 real sec
[M::mem_process_seqs] Processed 1001 reads in 0.646 CPU sec, 0.081 real sec
[M::mem_process_seqs] Processed 1001 reads in 0.698 CPU sec, 0.091 real sec
[M::mem_process_seqs] Processed 1001 reads in 0.723 CPU sec, 0.097 real sec
202087 [main] INFO main.java.edu.mit.compbio.bisulfitehic.mapping.Bhmem  - Processing reads 779000 ...
202087 [main] INFO main.java.edu.mit.compbio.bisulfitehic.mapping.Bhmem  - Unique mapped and paired reads 773676 ...
202090 [main] INFO main.java.edu.mit.compbio.bisulfitehic.mapping.Bhmem  - Processing reads 780000 ...
202090 [main] INFO main.java.edu.mit.compbio.bisulfitehic.mapping.Bhmem  - Unique mapped and paired reads 773676 ...
[M::mem_process_seqs] Processed 1001 reads in 0.706 CPU sec, 0.089 real sec
[M::mem_process_seqs] Processed 1001 reads in 0.619 CPU sec, 0.080 real sec
[M::mem_process_seqs] Processed 1001 reads in 0.728 CPU sec, 0.093 real sec
[M::mem_process_seqs] Processed 1001 reads in 0.672 CPU sec, 0.086 real sec
202563 [main] INFO main.java.edu.mit.compbio.bisulfitehic.mapping.Bhmem  - Processing reads 781000 ...
202563 [main] INFO main.java.edu.mit.compbio.bisulfitehic.mapping.Bhmem  - Unique mapped and paired reads 775660 ...
202566 [main] INFO main.java.edu.mit.compbio.bisulfitehic.mapping.Bhmem  - Processing reads 782000 ...
202566 [main] INFO main.java.edu.mit.compbio.bisulfitehic.mapping.Bhmem  - Unique mapped and paired reads 775660 ...
[M::mem_process_seqs] Processed 1001 reads in 0.652 CPU sec, 0.083 real sec
[M::mem_process_seqs] Processed 1001 reads in 0.576 CPU sec, 0.074 real sec
[M::mem_process_seqs] Processed 1001 reads in 0.685 CPU sec, 0.090 real sec
[M::mem_process_seqs] Processed 1001 reads in 0.657 CPU sec, 0.083 real sec
203020 [main] INFO main.java.edu.mit.compbio.bisulfitehic.mapping.Bhmem  - Processing reads 783000 ...
203020 [main] INFO main.java.edu.mit.compbio.bisulfitehic.mapping.Bhmem  - Unique mapped and paired reads 777654 ...
203023 [main] INFO main.java.edu.mit.compbio.bisulfitehic.mapping.Bhmem  - Processing reads 784000 ...
203023 [main] INFO main.java.edu.mit.compbio.bisulfitehic.mapping.Bhmem  - Unique mapped and paired reads 777654 ...
[M::mem_process_seqs] Processed 1001 reads in 0.681 CPU sec, 0.087 real sec
[M::mem_process_seqs] Processed 1001 reads in 0.601 CPU sec, 0.079 real sec
[M::mem_process_seqs] Processed 1001 reads in 0.704 CPU sec, 0.092 real sec
[M::mem_process_seqs] Processed 1001 reads in 0.680 CPU sec, 0.087 real sec
203492 [main] INFO main.java.edu.mit.compbio.bisulfitehic.mapping.Bhmem  - Processing reads 785000 ...
203492 [main] INFO main.java.edu.mit.compbio.bisulfitehic.mapping.Bhmem  - Unique mapped and paired reads 779650 ...
203495 [main] INFO main.java.edu.mit.compbio.bisulfitehic.mapping.Bhmem  - Processing reads 786000 ...
203495 [main] INFO main.java.edu.mit.compbio.bisulfitehic.mapping.Bhmem  - Unique mapped and paired reads 779650 ...
[M::mem_process_seqs] Processed 1001 reads in 0.710 CPU sec, 0.092 real sec
[M::mem_process_seqs] Processed 1001 reads in 0.598 CPU sec, 0.076 real sec
[M::mem_process_seqs] Processed 1001 reads in 0.757 CPU sec, 0.102 real sec
[M::mem_process_seqs] Processed 1001 reads in 0.735 CPU sec, 0.099 real sec
203994 [main] INFO main.java.edu.mit.compbio.bisulfitehic.mapping.Bhmem  - Processing reads 787000 ...
203994 [main] INFO main.java.edu.mit.compbio.bisulfitehic.mapping.Bhmem  - Unique mapped and paired reads 781648 ...
203997 [main] INFO main.java.edu.mit.compbio.bisulfitehic.mapping.Bhmem  - Processing reads 788000 ...
203997 [main] INFO main.java.edu.mit.compbio.bisulfitehic.mapping.Bhmem  - Unique mapped and paired reads 781648 ...
[M::mem_process_seqs] Processed 1001 reads in 0.650 CPU sec, 0.083 real sec
[M::mem_process_seqs] Processed 1001 reads in 0.567 CPU sec, 0.072 real sec
[M::mem_process_seqs] Processed 1001 reads in 0.652 CPU sec, 0.088 real sec
[M::mem_process_seqs] Processed 1001 reads in 0.684 CPU sec, 0.090 real sec
204450 [main] INFO main.java.edu.mit.compbio.bisulfitehic.mapping.Bhmem  - Processing reads 789000 ...
204450 [main] INFO main.java.edu.mit.compbio.bisulfitehic.mapping.Bhmem  - Unique mapped and paired reads 783634 ...
204453 [main] INFO main.java.edu.mit.compbio.bisulfitehic.mapping.Bhmem  - Processing reads 790000 ...
204453 [main] INFO main.java.edu.mit.compbio.bisulfitehic.mapping.Bhmem  - Unique mapped and paired reads 783634 ...
[M::mem_process_seqs] Processed 1001 reads in 0.733 CPU sec, 0.093 real sec
[M::mem_process_seqs] Processed 1001 reads in 0.599 CPU sec, 0.077 real sec
[M::mem_process_seqs] Processed 1001 reads in 0.713 CPU sec, 0.096 real sec
[M::mem_process_seqs] Processed 1001 reads in 0.702 CPU sec, 0.095 real sec
204995 [main] INFO main.java.edu.mit.compbio.bisulfitehic.mapping.Bhmem  - Processing reads 791000 ...
204995 [main] INFO main.java.edu.mit.compbio.bisulfitehic.mapping.Bhmem  - Unique mapped and paired reads 785630 ...
204998 [main] INFO main.java.edu.mit.compbio.bisulfitehic.mapping.Bhmem  - Processing reads 792000 ...
204998 [main] INFO main.java.edu.mit.compbio.bisulfitehic.mapping.Bhmem  - Unique mapped and paired reads 785630 ...
[M::mem_process_seqs] Processed 1001 reads in 0.678 CPU sec, 0.086 real sec
[M::mem_process_seqs] Processed 1001 reads in 0.573 CPU sec, 0.073 real sec
[M::mem_process_seqs] Processed 1001 reads in 0.717 CPU sec, 0.096 real sec
[M::mem_process_seqs] Processed 1001 reads in 0.671 CPU sec, 0.090 real sec
205467 [main] INFO main.java.edu.mit.compbio.bisulfitehic.mapping.Bhmem  - Processing reads 793000 ...
205467 [main] INFO main.java.edu.mit.compbio.bisulfitehic.mapping.Bhmem  - Unique mapped and paired reads 787612 ...
205470 [main] INFO main.java.edu.mit.compbio.bisulfitehic.mapping.Bhmem  - Processing reads 794000 ...
205470 [main] INFO main.java.edu.mit.compbio.bisulfitehic.mapping.Bhmem  - Unique mapped and paired reads 787612 ...
[M::mem_process_seqs] Processed 1001 reads in 0.732 CPU sec, 0.093 real sec
[M::mem_process_seqs] Processed 1001 reads in 0.611 CPU sec, 0.078 real sec
[M::mem_process_seqs] Processed 1001 reads in 0.703 CPU sec, 0.097 real sec
[M::mem_process_seqs] Processed 1001 reads in 0.698 CPU sec, 0.095 real sec
205955 [main] INFO main.java.edu.mit.compbio.bisulfitehic.mapping.Bhmem  - Processing reads 795000 ...
205956 [main] INFO main.java.edu.mit.compbio.bisulfitehic.mapping.Bhmem  - Unique mapped and paired reads 789592 ...
205958 [main] INFO main.java.edu.mit.compbio.bisulfitehic.mapping.Bhmem  - Processing reads 796000 ...
205958 [main] INFO main.java.edu.mit.compbio.bisulfitehic.mapping.Bhmem  - Unique mapped and paired reads 789592 ...
[M::mem_process_seqs] Processed 1001 reads in 0.685 CPU sec, 0.087 real sec
[M::mem_process_seqs] Processed 1001 reads in 0.609 CPU sec, 0.083 real sec
[M::mem_process_seqs] Processed 1001 reads in 0.730 CPU sec, 0.092 real sec
[M::mem_process_seqs] Processed 1001 reads in 0.714 CPU sec, 0.090 real sec
206431 [main] INFO main.java.edu.mit.compbio.bisulfitehic.mapping.Bhmem  - Processing reads 797000 ...
206477 [main] INFO main.java.edu.mit.compbio.bisulfitehic.mapping.Bhmem  - Unique mapped and paired reads 791582 ...
206486 [main] INFO main.java.edu.mit.compbio.bisulfitehic.mapping.Bhmem  - Processing reads 798000 ...
206486 [main] INFO main.java.edu.mit.compbio.bisulfitehic.mapping.Bhmem  - Unique mapped and paired reads 791582 ...
[M::mem_process_seqs] Processed 1001 reads in 0.710 CPU sec, 0.090 real sec
[M::mem_process_seqs] Processed 1001 reads in 0.618 CPU sec, 0.084 real sec
[M::mem_process_seqs] Processed 1001 reads in 0.712 CPU sec, 0.093 real sec
[M::mem_process_seqs] Processed 1001 reads in 0.717 CPU sec, 0.091 real sec
206975 [main] INFO main.java.edu.mit.compbio.bisulfitehic.mapping.Bhmem  - Processing reads 799000 ...
206975 [main] INFO main.java.edu.mit.compbio.bisulfitehic.mapping.Bhmem  - Unique mapped and paired reads 793570 ...
206978 [main] INFO main.java.edu.mit.compbio.bisulfitehic.mapping.Bhmem  - Processing reads 800000 ...
206978 [main] INFO main.java.edu.mit.compbio.bisulfitehic.mapping.Bhmem  - Unique mapped and paired reads 793570 ...
[M::mem_process_seqs] Processed 1001 reads in 0.734 CPU sec, 0.094 real sec
[M::mem_process_seqs] Processed 1001 reads in 0.633 CPU sec, 0.081 real sec
[M::mem_process_seqs] Processed 1001 reads in 0.743 CPU sec, 0.101 real sec
[M::mem_process_seqs] Processed 1001 reads in 0.706 CPU sec, 0.090 real sec
207474 [main] INFO main.java.edu.mit.compbio.bisulfitehic.mapping.Bhmem  - Processing reads 801000 ...
207474 [main] INFO main.java.edu.mit.compbio.bisulfitehic.mapping.Bhmem  - Unique mapped and paired reads 795562 ...
207477 [main] INFO main.java.edu.mit.compbio.bisulfitehic.mapping.Bhmem  - Processing reads 802000 ...
207477 [main] INFO main.java.edu.mit.compbio.bisulfitehic.mapping.Bhmem  - Unique mapped and paired reads 795562 ...
[M::mem_process_seqs] Processed 1001 reads in 0.722 CPU sec, 0.091 real sec
[M::mem_process_seqs] Processed 1001 reads in 0.618 CPU sec, 0.080 real sec
[M::mem_process_seqs] Processed 1001 reads in 0.734 CPU sec, 0.094 real sec
[M::mem_process_seqs] Processed 1001 reads in 0.707 CPU sec, 0.095 real sec
207961 [main] INFO main.java.edu.mit.compbio.bisulfitehic.mapping.Bhmem  - Processing reads 803000 ...
207961 [main] INFO main.java.edu.mit.compbio.bisulfitehic.mapping.Bhmem  - Unique mapped and paired reads 797554 ...
207964 [main] INFO main.java.edu.mit.compbio.bisulfitehic.mapping.Bhmem  - Processing reads 804000 ...
207964 [main] INFO main.java.edu.mit.compbio.bisulfitehic.mapping.Bhmem  - Unique mapped and paired reads 797554 ...
[M::mem_process_seqs] Processed 1001 reads in 0.690 CPU sec, 0.088 real sec
[M::mem_process_seqs] Processed 1001 reads in 0.600 CPU sec, 0.077 real sec
[M::mem_process_seqs] Processed 1001 reads in 0.732 CPU sec, 0.098 real sec
[M::mem_process_seqs] Processed 1001 reads in 0.754 CPU sec, 0.104 real sec
208455 [main] INFO main.java.edu.mit.compbio.bisulfitehic.mapping.Bhmem  - Processing reads 805000 ...
208455 [main] INFO main.java.edu.mit.compbio.bisulfitehic.mapping.Bhmem  - Unique mapped and paired reads 799544 ...
208458 [main] INFO main.java.edu.mit.compbio.bisulfitehic.mapping.Bhmem  - Processing reads 806000 ...
208458 [main] INFO main.java.edu.mit.compbio.bisulfitehic.mapping.Bhmem  - Unique mapped and paired reads 799544 ...
[M::mem_process_seqs] Processed 1001 reads in 0.672 CPU sec, 0.086 real sec
[M::mem_process_seqs] Processed 1001 reads in 0.593 CPU sec, 0.081 real sec
[M::mem_process_seqs] Processed 1001 reads in 0.693 CPU sec, 0.093 real sec
[M::mem_process_seqs] Processed 1001 reads in 0.644 CPU sec, 0.083 real sec
208926 [main] INFO main.java.edu.mit.compbio.bisulfitehic.mapping.Bhmem  - Processing reads 807000 ...
208926 [main] INFO main.java.edu.mit.compbio.bisulfitehic.mapping.Bhmem  - Unique mapped and paired reads 801534 ...
208929 [main] INFO main.java.edu.mit.compbio.bisulfitehic.mapping.Bhmem  - Processing reads 808000 ...
208929 [main] INFO main.java.edu.mit.compbio.bisulfitehic.mapping.Bhmem  - Unique mapped and paired reads 801534 ...
[M::mem_process_seqs] Processed 1001 reads in 0.671 CPU sec, 0.087 real sec
[M::mem_process_seqs] Processed 1001 reads in 0.615 CPU sec, 0.078 real sec
[M::mem_process_seqs] Processed 1001 reads in 0.646 CPU sec, 0.084 real sec
[M::mem_process_seqs] Processed 1001 reads in 0.674 CPU sec, 0.086 real sec
209387 [main] INFO main.java.edu.mit.compbio.bisulfitehic.mapping.Bhmem  - Processing reads 809000 ...
209387 [main] INFO main.java.edu.mit.compbio.bisulfitehic.mapping.Bhmem  - Unique mapped and paired reads 803526 ...
209390 [main] INFO main.java.edu.mit.compbio.bisulfitehic.mapping.Bhmem  - Processing reads 810000 ...
209390 [main] INFO main.java.edu.mit.compbio.bisulfitehic.mapping.Bhmem  - Unique mapped and paired reads 803526 ...
[M::mem_process_seqs] Processed 1001 reads in 0.691 CPU sec, 0.088 real sec
[M::mem_process_seqs] Processed 1001 reads in 0.596 CPU sec, 0.078 real sec
[M::mem_process_seqs] Processed 1001 reads in 0.662 CPU sec, 0.084 real sec
[M::mem_process_seqs] Processed 1001 reads in 0.671 CPU sec, 0.086 real sec
209849 [main] INFO main.java.edu.mit.compbio.bisulfitehic.mapping.Bhmem  - Processing reads 811000 ...
209849 [main] INFO main.java.edu.mit.compbio.bisulfitehic.mapping.Bhmem  - Unique mapped and paired reads 805508 ...
209852 [main] INFO main.java.edu.mit.compbio.bisulfitehic.mapping.Bhmem  - Processing reads 812000 ...
209852 [main] INFO main.java.edu.mit.compbio.bisulfitehic.mapping.Bhmem  - Unique mapped and paired reads 805508 ...
[M::mem_process_seqs] Processed 1001 reads in 0.712 CPU sec, 0.092 real sec
[M::mem_process_seqs] Processed 1001 reads in 0.609 CPU sec, 0.080 real sec
[M::mem_process_seqs] Processed 1001 reads in 0.695 CPU sec, 0.088 real sec
[M::mem_process_seqs] Processed 1001 reads in 0.700 CPU sec, 0.097 real sec
210336 [main] INFO main.java.edu.mit.compbio.bisulfitehic.mapping.Bhmem  - Processing reads 813000 ...
210336 [main] INFO main.java.edu.mit.compbio.bisulfitehic.mapping.Bhmem  - Unique mapped and paired reads 807500 ...
210339 [main] INFO main.java.edu.mit.compbio.bisulfitehic.mapping.Bhmem  - Processing reads 814000 ...
210339 [main] INFO main.java.edu.mit.compbio.bisulfitehic.mapping.Bhmem  - Unique mapped and paired reads 807500 ...
[M::mem_process_seqs] Processed 1001 reads in 0.720 CPU sec, 0.091 real sec
[M::mem_process_seqs] Processed 1001 reads in 0.622 CPU sec, 0.080 real sec
[M::mem_process_seqs] Processed 1001 reads in 0.765 CPU sec, 0.103 real sec
[M::mem_process_seqs] Processed 1001 reads in 0.695 CPU sec, 0.090 real sec
210830 [main] INFO main.java.edu.mit.compbio.bisulfitehic.mapping.Bhmem  - Processing reads 815000 ...
210830 [main] INFO main.java.edu.mit.compbio.bisulfitehic.mapping.Bhmem  - Unique mapped and paired reads 809488 ...
210834 [main] INFO main.java.edu.mit.compbio.bisulfitehic.mapping.Bhmem  - Processing reads 816000 ...
210834 [main] INFO main.java.edu.mit.compbio.bisulfitehic.mapping.Bhmem  - Unique mapped and paired reads 809488 ...
[M::mem_process_seqs] Processed 1001 reads in 0.725 CPU sec, 0.092 real sec
[M::mem_process_seqs] Processed 1001 reads in 0.675 CPU sec, 0.094 real sec
[M::mem_process_seqs] Processed 1001 reads in 0.717 CPU sec, 0.091 real sec
[M::mem_process_seqs] Processed 1001 reads in 0.699 CPU sec, 0.088 real sec
211323 [main] INFO main.java.edu.mit.compbio.bisulfitehic.mapping.Bhmem  - Processing reads 817000 ...
211323 [main] INFO main.java.edu.mit.compbio.bisulfitehic.mapping.Bhmem  - Unique mapped and paired reads 811486 ...
211326 [main] INFO main.java.edu.mit.compbio.bisulfitehic.mapping.Bhmem  - Processing reads 818000 ...
211326 [main] INFO main.java.edu.mit.compbio.bisulfitehic.mapping.Bhmem  - Unique mapped and paired reads 811486 ...
[M::mem_process_seqs] Processed 1001 reads in 0.708 CPU sec, 0.090 real sec
[M::mem_process_seqs] Processed 1001 reads in 0.603 CPU sec, 0.083 real sec
[M::mem_process_seqs] Processed 1001 reads in 0.725 CPU sec, 0.092 real sec
[M::mem_process_seqs] Processed 1001 reads in 0.673 CPU sec, 0.091 real sec
211808 [main] INFO main.java.edu.mit.compbio.bisulfitehic.mapping.Bhmem  - Processing reads 819000 ...
211808 [main] INFO main.java.edu.mit.compbio.bisulfitehic.mapping.Bhmem  - Unique mapped and paired reads 813468 ...
211811 [main] INFO main.java.edu.mit.compbio.bisulfitehic.mapping.Bhmem  - Processing reads 820000 ...
211811 [main] INFO main.java.edu.mit.compbio.bisulfitehic.mapping.Bhmem  - Unique mapped and paired reads 813468 ...
[M::mem_process_seqs] Processed 1001 reads in 0.691 CPU sec, 0.088 real sec
[M::mem_process_seqs] Processed 1001 reads in 0.608 CPU sec, 0.078 real sec
[M::mem_process_seqs] Processed 1001 reads in 0.754 CPU sec, 0.103 real sec
[M::mem_process_seqs] Processed 1001 reads in 0.698 CPU sec, 0.094 real sec
212301 [main] INFO main.java.edu.mit.compbio.bisulfitehic.mapping.Bhmem  - Processing reads 821000 ...
212301 [main] INFO main.java.edu.mit.compbio.bisulfitehic.mapping.Bhmem  - Unique mapped and paired reads 815454 ...
212304 [main] INFO main.java.edu.mit.compbio.bisulfitehic.mapping.Bhmem  - Processing reads 822000 ...
212304 [main] INFO main.java.edu.mit.compbio.bisulfitehic.mapping.Bhmem  - Unique mapped and paired reads 815454 ...
[M::mem_process_seqs] Processed 1001 reads in 0.771 CPU sec, 0.100 real sec
[M::mem_process_seqs] Processed 1001 reads in 0.656 CPU sec, 0.083 real sec
[M::mem_process_seqs] Processed 1001 reads in 0.751 CPU sec, 0.102 real sec
[M::mem_process_seqs] Processed 1001 reads in 0.713 CPU sec, 0.090 real sec
212809 [main] INFO main.java.edu.mit.compbio.bisulfitehic.mapping.Bhmem  - Processing reads 823000 ...
212809 [main] INFO main.java.edu.mit.compbio.bisulfitehic.mapping.Bhmem  - Unique mapped and paired reads 817442 ...
212812 [main] INFO main.java.edu.mit.compbio.bisulfitehic.mapping.Bhmem  - Processing reads 824000 ...
212812 [main] INFO main.java.edu.mit.compbio.bisulfitehic.mapping.Bhmem  - Unique mapped and paired reads 817442 ...
[M::mem_process_seqs] Processed 1001 reads in 0.714 CPU sec, 0.098 real sec
[M::mem_process_seqs] Processed 1001 reads in 0.669 CPU sec, 0.085 real sec
[M::mem_process_seqs] Processed 1001 reads in 0.752 CPU sec, 0.101 real sec
[M::mem_process_seqs] Processed 1001 reads in 0.780 CPU sec, 0.103 real sec
213330 [main] INFO main.java.edu.mit.compbio.bisulfitehic.mapping.Bhmem  - Processing reads 825000 ...
213330 [main] INFO main.java.edu.mit.compbio.bisulfitehic.mapping.Bhmem  - Unique mapped and paired reads 819440 ...
213333 [main] INFO main.java.edu.mit.compbio.bisulfitehic.mapping.Bhmem  - Processing reads 826000 ...
213333 [main] INFO main.java.edu.mit.compbio.bisulfitehic.mapping.Bhmem  - Unique mapped and paired reads 819440 ...
[M::mem_process_seqs] Processed 1001 reads in 0.768 CPU sec, 0.097 real sec
[M::mem_process_seqs] Processed 1001 reads in 0.633 CPU sec, 0.084 real sec
[M::mem_process_seqs] Processed 1001 reads in 0.763 CPU sec, 0.103 real sec
[M::mem_process_seqs] Processed 1001 reads in 0.731 CPU sec, 0.094 real sec
213842 [main] INFO main.java.edu.mit.compbio.bisulfitehic.mapping.Bhmem  - Processing reads 827000 ...
213842 [main] INFO main.java.edu.mit.compbio.bisulfitehic.mapping.Bhmem  - Unique mapped and paired reads 821422 ...
213845 [main] INFO main.java.edu.mit.compbio.bisulfitehic.mapping.Bhmem  - Processing reads 828000 ...
213845 [main] INFO main.java.edu.mit.compbio.bisulfitehic.mapping.Bhmem  - Unique mapped and paired reads 821422 ...
[M::mem_process_seqs] Processed 1001 reads in 0.761 CPU sec, 0.097 real sec
[M::mem_process_seqs] Processed 1001 reads in 0.680 CPU sec, 0.089 real sec
[M::mem_process_seqs] Processed 1001 reads in 0.754 CPU sec, 0.096 real sec
[M::mem_process_seqs] Processed 1001 reads in 0.767 CPU sec, 0.098 real sec
214351 [main] INFO main.java.edu.mit.compbio.bisulfitehic.mapping.Bhmem  - Processing reads 829000 ...
214351 [main] INFO main.java.edu.mit.compbio.bisulfitehic.mapping.Bhmem  - Unique mapped and paired reads 823416 ...
214354 [main] INFO main.java.edu.mit.compbio.bisulfitehic.mapping.Bhmem  - Processing reads 830000 ...
214354 [main] INFO main.java.edu.mit.compbio.bisulfitehic.mapping.Bhmem  - Unique mapped and paired reads 823416 ...
[M::mem_process_seqs] Processed 1001 reads in 0.766 CPU sec, 0.103 real sec
[M::mem_process_seqs] Processed 1001 reads in 0.727 CPU sec, 0.100 real sec
[M::mem_process_seqs] Processed 1001 reads in 0.815 CPU sec, 0.103 real sec
[M::mem_process_seqs] Processed 1001 reads in 0.772 CPU sec, 0.101 real sec
214893 [main] INFO main.java.edu.mit.compbio.bisulfitehic.mapping.Bhmem  - Processing reads 831000 ...
214894 [main] INFO main.java.edu.mit.compbio.bisulfitehic.mapping.Bhmem  - Unique mapped and paired reads 825410 ...
214896 [main] INFO main.java.edu.mit.compbio.bisulfitehic.mapping.Bhmem  - Processing reads 832000 ...
214896 [main] INFO main.java.edu.mit.compbio.bisulfitehic.mapping.Bhmem  - Unique mapped and paired reads 825410 ...
[M::mem_process_seqs] Processed 1001 reads in 0.727 CPU sec, 0.094 real sec
[M::mem_process_seqs] Processed 1001 reads in 0.650 CPU sec, 0.083 real sec
[M::mem_process_seqs] Processed 1001 reads in 0.794 CPU sec, 0.102 real sec
[M::mem_process_seqs] Processed 1001 reads in 0.751 CPU sec, 0.096 real sec
215401 [main] INFO main.java.edu.mit.compbio.bisulfitehic.mapping.Bhmem  - Processing reads 833000 ...
215401 [main] INFO main.java.edu.mit.compbio.bisulfitehic.mapping.Bhmem  - Unique mapped and paired reads 827410 ...
215404 [main] INFO main.java.edu.mit.compbio.bisulfitehic.mapping.Bhmem  - Processing reads 834000 ...
215404 [main] INFO main.java.edu.mit.compbio.bisulfitehic.mapping.Bhmem  - Unique mapped and paired reads 827410 ...
[M::mem_process_seqs] Processed 1001 reads in 0.709 CPU sec, 0.092 real sec
[M::mem_process_seqs] Processed 1001 reads in 0.606 CPU sec, 0.077 real sec
[M::mem_process_seqs] Processed 1001 reads in 0.757 CPU sec, 0.099 real sec
[M::mem_process_seqs] Processed 1001 reads in 0.716 CPU sec, 0.095 real sec
215902 [main] INFO main.java.edu.mit.compbio.bisulfitehic.mapping.Bhmem  - Processing reads 835000 ...
215902 [main] INFO main.java.edu.mit.compbio.bisulfitehic.mapping.Bhmem  - Unique mapped and paired reads 829402 ...
215905 [main] INFO main.java.edu.mit.compbio.bisulfitehic.mapping.Bhmem  - Processing reads 836000 ...
215905 [main] INFO main.java.edu.mit.compbio.bisulfitehic.mapping.Bhmem  - Unique mapped and paired reads 829402 ...
[M::mem_process_seqs] Processed 1001 reads in 0.753 CPU sec, 0.100 real sec
[M::mem_process_seqs] Processed 1001 reads in 0.681 CPU sec, 0.095 real sec
[M::mem_process_seqs] Processed 1001 reads in 0.726 CPU sec, 0.095 real sec
[M::mem_process_seqs] Processed 1001 reads in 0.749 CPU sec, 0.098 real sec
216430 [main] INFO main.java.edu.mit.compbio.bisulfitehic.mapping.Bhmem  - Processing reads 837000 ...
216430 [main] INFO main.java.edu.mit.compbio.bisulfitehic.mapping.Bhmem  - Unique mapped and paired reads 831390 ...
216433 [main] INFO main.java.edu.mit.compbio.bisulfitehic.mapping.Bhmem  - Processing reads 838000 ...
216433 [main] INFO main.java.edu.mit.compbio.bisulfitehic.mapping.Bhmem  - Unique mapped and paired reads 831390 ...
[M::mem_process_seqs] Processed 1001 reads in 0.704 CPU sec, 0.090 real sec
[M::mem_process_seqs] Processed 1001 reads in 0.615 CPU sec, 0.085 real sec
[M::mem_process_seqs] Processed 1001 reads in 0.748 CPU sec, 0.101 real sec
[M::mem_process_seqs] Processed 1001 reads in 0.694 CPU sec, 0.091 real sec
216938 [main] INFO main.java.edu.mit.compbio.bisulfitehic.mapping.Bhmem  - Processing reads 839000 ...
216938 [main] INFO main.java.edu.mit.compbio.bisulfitehic.mapping.Bhmem  - Unique mapped and paired reads 833374 ...
216941 [main] INFO main.java.edu.mit.compbio.bisulfitehic.mapping.Bhmem  - Processing reads 840000 ...
216941 [main] INFO main.java.edu.mit.compbio.bisulfitehic.mapping.Bhmem  - Unique mapped and paired reads 833374 ...
[M::mem_process_seqs] Processed 1001 reads in 0.718 CPU sec, 0.091 real sec
[M::mem_process_seqs] Processed 1001 reads in 0.619 CPU sec, 0.080 real sec
[M::mem_process_seqs] Processed 1001 reads in 0.693 CPU sec, 0.088 real sec
[M::mem_process_seqs] Processed 1001 reads in 0.695 CPU sec, 0.089 real sec
217432 [main] INFO main.java.edu.mit.compbio.bisulfitehic.mapping.Bhmem  - Processing reads 841000 ...
217432 [main] INFO main.java.edu.mit.compbio.bisulfitehic.mapping.Bhmem  - Unique mapped and paired reads 835364 ...
217435 [main] INFO main.java.edu.mit.compbio.bisulfitehic.mapping.Bhmem  - Processing reads 842000 ...
217435 [main] INFO main.java.edu.mit.compbio.bisulfitehic.mapping.Bhmem  - Unique mapped and paired reads 835364 ...
[M::mem_process_seqs] Processed 1001 reads in 0.679 CPU sec, 0.086 real sec
[M::mem_process_seqs] Processed 1001 reads in 0.575 CPU sec, 0.073 real sec
[M::mem_process_seqs] Processed 1001 reads in 0.681 CPU sec, 0.088 real sec
[M::mem_process_seqs] Processed 1001 reads in 0.702 CPU sec, 0.089 real sec
217888 [main] INFO main.java.edu.mit.compbio.bisulfitehic.mapping.Bhmem  - Processing reads 843000 ...
217888 [main] INFO main.java.edu.mit.compbio.bisulfitehic.mapping.Bhmem  - Unique mapped and paired reads 837350 ...
217891 [main] INFO main.java.edu.mit.compbio.bisulfitehic.mapping.Bhmem  - Processing reads 844000 ...
217891 [main] INFO main.java.edu.mit.compbio.bisulfitehic.mapping.Bhmem  - Unique mapped and paired reads 837350 ...
[M::mem_process_seqs] Processed 1001 reads in 0.686 CPU sec, 0.087 real sec
[M::mem_process_seqs] Processed 1001 reads in 0.589 CPU sec, 0.083 real sec
[M::mem_process_seqs] Processed 1001 reads in 0.692 CPU sec, 0.092 real sec
[M::mem_process_seqs] Processed 1001 reads in 0.686 CPU sec, 0.091 real sec
218366 [main] INFO main.java.edu.mit.compbio.bisulfitehic.mapping.Bhmem  - Processing reads 845000 ...
218366 [main] INFO main.java.edu.mit.compbio.bisulfitehic.mapping.Bhmem  - Unique mapped and paired reads 839340 ...
218369 [main] INFO main.java.edu.mit.compbio.bisulfitehic.mapping.Bhmem  - Processing reads 846000 ...
218369 [main] INFO main.java.edu.mit.compbio.bisulfitehic.mapping.Bhmem  - Unique mapped and paired reads 839340 ...
[M::mem_process_seqs] Processed 1001 reads in 0.663 CPU sec, 0.085 real sec
[M::mem_process_seqs] Processed 1001 reads in 0.578 CPU sec, 0.080 real sec
[M::mem_process_seqs] Processed 1001 reads in 0.738 CPU sec, 0.095 real sec
[M::mem_process_seqs] Processed 1001 reads in 0.748 CPU sec, 0.100 real sec
218847 [main] INFO main.java.edu.mit.compbio.bisulfitehic.mapping.Bhmem  - Processing reads 847000 ...
218847 [main] INFO main.java.edu.mit.compbio.bisulfitehic.mapping.Bhmem  - Unique mapped and paired reads 841324 ...
218850 [main] INFO main.java.edu.mit.compbio.bisulfitehic.mapping.Bhmem  - Processing reads 848000 ...
218850 [main] INFO main.java.edu.mit.compbio.bisulfitehic.mapping.Bhmem  - Unique mapped and paired reads 841324 ...
[M::mem_process_seqs] Processed 1001 reads in 0.677 CPU sec, 0.087 real sec
[M::mem_process_seqs] Processed 1001 reads in 0.584 CPU sec, 0.077 real sec
[M::mem_process_seqs] Processed 1001 reads in 0.716 CPU sec, 0.096 real sec
[M::mem_process_seqs] Processed 1001 reads in 0.688 CPU sec, 0.109 real sec
219337 [main] INFO main.java.edu.mit.compbio.bisulfitehic.mapping.Bhmem  - Processing reads 849000 ...
219337 [main] INFO main.java.edu.mit.compbio.bisulfitehic.mapping.Bhmem  - Unique mapped and paired reads 843316 ...
219340 [main] INFO main.java.edu.mit.compbio.bisulfitehic.mapping.Bhmem  - Processing reads 850000 ...
219340 [main] INFO main.java.edu.mit.compbio.bisulfitehic.mapping.Bhmem  - Unique mapped and paired reads 843316 ...
[M::mem_process_seqs] Processed 1001 reads in 0.656 CPU sec, 0.086 real sec
[M::mem_process_seqs] Processed 1001 reads in 0.587 CPU sec, 0.083 real sec
[M::mem_process_seqs] Processed 1001 reads in 0.674 CPU sec, 0.092 real sec
[M::mem_process_seqs] Processed 1001 reads in 0.681 CPU sec, 0.087 real sec
219806 [main] INFO main.java.edu.mit.compbio.bisulfitehic.mapping.Bhmem  - Processing reads 851000 ...
219806 [main] INFO main.java.edu.mit.compbio.bisulfitehic.mapping.Bhmem  - Unique mapped and paired reads 845300 ...
219809 [main] INFO main.java.edu.mit.compbio.bisulfitehic.mapping.Bhmem  - Processing reads 852000 ...
219809 [main] INFO main.java.edu.mit.compbio.bisulfitehic.mapping.Bhmem  - Unique mapped and paired reads 845300 ...
[M::mem_process_seqs] Processed 1001 reads in 0.651 CPU sec, 0.083 real sec
[M::mem_process_seqs] Processed 1001 reads in 0.552 CPU sec, 0.071 real sec
[M::mem_process_seqs] Processed 1001 reads in 0.637 CPU sec, 0.081 real sec
[M::mem_process_seqs] Processed 1001 reads in 0.626 CPU sec, 0.084 real sec
220245 [main] INFO main.java.edu.mit.compbio.bisulfitehic.mapping.Bhmem  - Processing reads 853000 ...
220245 [main] INFO main.java.edu.mit.compbio.bisulfitehic.mapping.Bhmem  - Unique mapped and paired reads 847286 ...
220248 [main] INFO main.java.edu.mit.compbio.bisulfitehic.mapping.Bhmem  - Processing reads 854000 ...
220248 [main] INFO main.java.edu.mit.compbio.bisulfitehic.mapping.Bhmem  - Unique mapped and paired reads 847286 ...
[M::mem_process_seqs] Processed 1001 reads in 0.609 CPU sec, 0.078 real sec
[M::mem_process_seqs] Processed 1001 reads in 0.550 CPU sec, 0.073 real sec
[M::mem_process_seqs] Processed 1001 reads in 0.642 CPU sec, 0.082 real sec
[M::mem_process_seqs] Processed 1001 reads in 0.605 CPU sec, 0.084 real sec
220678 [main] INFO main.java.edu.mit.compbio.bisulfitehic.mapping.Bhmem  - Processing reads 855000 ...
220678 [main] INFO main.java.edu.mit.compbio.bisulfitehic.mapping.Bhmem  - Unique mapped and paired reads 849276 ...
220681 [main] INFO main.java.edu.mit.compbio.bisulfitehic.mapping.Bhmem  - Processing reads 856000 ...
220681 [main] INFO main.java.edu.mit.compbio.bisulfitehic.mapping.Bhmem  - Unique mapped and paired reads 849276 ...
[M::mem_process_seqs] Processed 1001 reads in 0.630 CPU sec, 0.081 real sec
[M::mem_process_seqs] Processed 1001 reads in 0.562 CPU sec, 0.077 real sec
[M::mem_process_seqs] Processed 1001 reads in 0.645 CPU sec, 0.084 real sec
[M::mem_process_seqs] Processed 1001 reads in 0.633 CPU sec, 0.083 real sec
221120 [main] INFO main.java.edu.mit.compbio.bisulfitehic.mapping.Bhmem  - Processing reads 857000 ...
221120 [main] INFO main.java.edu.mit.compbio.bisulfitehic.mapping.Bhmem  - Unique mapped and paired reads 851266 ...
221122 [main] INFO main.java.edu.mit.compbio.bisulfitehic.mapping.Bhmem  - Processing reads 858000 ...
221122 [main] INFO main.java.edu.mit.compbio.bisulfitehic.mapping.Bhmem  - Unique mapped and paired reads 851266 ...
[M::mem_process_seqs] Processed 1001 reads in 0.677 CPU sec, 0.090 real sec
[M::mem_process_seqs] Processed 1001 reads in 0.573 CPU sec, 0.075 real sec
[M::mem_process_seqs] Processed 1001 reads in 0.695 CPU sec, 0.094 real sec
[M::mem_process_seqs] Processed 1001 reads in 0.656 CPU sec, 0.090 real sec
221589 [main] INFO main.java.edu.mit.compbio.bisulfitehic.mapping.Bhmem  - Processing reads 859000 ...
221589 [main] INFO main.java.edu.mit.compbio.bisulfitehic.mapping.Bhmem  - Unique mapped and paired reads 853254 ...
221592 [main] INFO main.java.edu.mit.compbio.bisulfitehic.mapping.Bhmem  - Processing reads 860000 ...
221592 [main] INFO main.java.edu.mit.compbio.bisulfitehic.mapping.Bhmem  - Unique mapped and paired reads 853254 ...
[M::mem_process_seqs] Processed 1001 reads in 0.643 CPU sec, 0.082 real sec
[M::mem_process_seqs] Processed 1001 reads in 0.565 CPU sec, 0.075 real sec
[M::mem_process_seqs] Processed 1001 reads in 0.619 CPU sec, 0.083 real sec
[M::mem_process_seqs] Processed 1001 reads in 0.594 CPU sec, 0.076 real sec
222018 [main] INFO main.java.edu.mit.compbio.bisulfitehic.mapping.Bhmem  - Processing reads 861000 ...
222018 [main] INFO main.java.edu.mit.compbio.bisulfitehic.mapping.Bhmem  - Unique mapped and paired reads 855240 ...
222021 [main] INFO main.java.edu.mit.compbio.bisulfitehic.mapping.Bhmem  - Processing reads 862000 ...
222021 [main] INFO main.java.edu.mit.compbio.bisulfitehic.mapping.Bhmem  - Unique mapped and paired reads 855240 ...
[M::mem_process_seqs] Processed 1001 reads in 0.661 CPU sec, 0.084 real sec
[M::mem_process_seqs] Processed 1001 reads in 0.517 CPU sec, 0.066 real sec
[M::mem_process_seqs] Processed 1001 reads in 0.646 CPU sec, 0.088 real sec
[M::mem_process_seqs] Processed 1001 reads in 0.618 CPU sec, 0.078 real sec
222454 [main] INFO main.java.edu.mit.compbio.bisulfitehic.mapping.Bhmem  - Processing reads 863000 ...
222454 [main] INFO main.java.edu.mit.compbio.bisulfitehic.mapping.Bhmem  - Unique mapped and paired reads 857224 ...
222457 [main] INFO main.java.edu.mit.compbio.bisulfitehic.mapping.Bhmem  - Processing reads 864000 ...
222457 [main] INFO main.java.edu.mit.compbio.bisulfitehic.mapping.Bhmem  - Unique mapped and paired reads 857224 ...
[M::mem_process_seqs] Processed 1001 reads in 0.710 CPU sec, 0.093 real sec
[M::mem_process_seqs] Processed 1001 reads in 0.615 CPU sec, 0.078 real sec
[M::mem_process_seqs] Processed 1001 reads in 0.690 CPU sec, 0.089 real sec
[M::mem_process_seqs] Processed 1001 reads in 0.671 CPU sec, 0.086 real sec
222923 [main] INFO main.java.edu.mit.compbio.bisulfitehic.mapping.Bhmem  - Processing reads 865000 ...
222923 [main] INFO main.java.edu.mit.compbio.bisulfitehic.mapping.Bhmem  - Unique mapped and paired reads 859214 ...
222926 [main] INFO main.java.edu.mit.compbio.bisulfitehic.mapping.Bhmem  - Processing reads 866000 ...
222926 [main] INFO main.java.edu.mit.compbio.bisulfitehic.mapping.Bhmem  - Unique mapped and paired reads 859214 ...
[M::mem_process_seqs] Processed 1001 reads in 0.667 CPU sec, 0.084 real sec
[M::mem_process_seqs] Processed 1001 reads in 0.570 CPU sec, 0.073 real sec
[M::mem_process_seqs] Processed 1001 reads in 0.689 CPU sec, 0.088 real sec
[M::mem_process_seqs] Processed 1001 reads in 0.628 CPU sec, 0.079 real sec
223362 [main] INFO main.java.edu.mit.compbio.bisulfitehic.mapping.Bhmem  - Processing reads 867000 ...
223362 [main] INFO main.java.edu.mit.compbio.bisulfitehic.mapping.Bhmem  - Unique mapped and paired reads 861190 ...
223364 [main] INFO main.java.edu.mit.compbio.bisulfitehic.mapping.Bhmem  - Processing reads 868000 ...
223364 [main] INFO main.java.edu.mit.compbio.bisulfitehic.mapping.Bhmem  - Unique mapped and paired reads 861190 ...
[M::mem_process_seqs] Processed 1001 reads in 0.623 CPU sec, 0.091 real sec
[M::mem_process_seqs] Processed 1001 reads in 0.597 CPU sec, 0.078 real sec
[M::mem_process_seqs] Processed 1001 reads in 0.670 CPU sec, 0.089 real sec
[M::mem_process_seqs] Processed 1001 reads in 0.669 CPU sec, 0.087 real sec
223827 [main] INFO main.java.edu.mit.compbio.bisulfitehic.mapping.Bhmem  - Processing reads 869000 ...
223827 [main] INFO main.java.edu.mit.compbio.bisulfitehic.mapping.Bhmem  - Unique mapped and paired reads 863178 ...
223830 [main] INFO main.java.edu.mit.compbio.bisulfitehic.mapping.Bhmem  - Processing reads 870000 ...
223830 [main] INFO main.java.edu.mit.compbio.bisulfitehic.mapping.Bhmem  - Unique mapped and paired reads 863178 ...
[M::mem_process_seqs] Processed 1001 reads in 0.585 CPU sec, 0.074 real sec
[M::mem_process_seqs] Processed 1001 reads in 0.499 CPU sec, 0.066 real sec
[M::mem_process_seqs] Processed 1001 reads in 0.649 CPU sec, 0.084 real sec
[M::mem_process_seqs] Processed 1001 reads in 0.572 CPU sec, 0.072 real sec
224236 [main] INFO main.java.edu.mit.compbio.bisulfitehic.mapping.Bhmem  - Processing reads 871000 ...
224236 [main] INFO main.java.edu.mit.compbio.bisulfitehic.mapping.Bhmem  - Unique mapped and paired reads 865164 ...
224239 [main] INFO main.java.edu.mit.compbio.bisulfitehic.mapping.Bhmem  - Processing reads 872000 ...
224239 [main] INFO main.java.edu.mit.compbio.bisulfitehic.mapping.Bhmem  - Unique mapped and paired reads 865164 ...
[M::mem_process_seqs] Processed 1001 reads in 0.600 CPU sec, 0.078 real sec
[M::mem_process_seqs] Processed 1001 reads in 0.552 CPU sec, 0.084 real sec
[M::mem_process_seqs] Processed 1001 reads in 0.654 CPU sec, 0.087 real sec
[M::mem_process_seqs] Processed 1001 reads in 0.636 CPU sec, 0.082 real sec
224683 [main] INFO main.java.edu.mit.compbio.bisulfitehic.mapping.Bhmem  - Processing reads 873000 ...
224683 [main] INFO main.java.edu.mit.compbio.bisulfitehic.mapping.Bhmem  - Unique mapped and paired reads 867156 ...
224686 [main] INFO main.java.edu.mit.compbio.bisulfitehic.mapping.Bhmem  - Processing reads 874000 ...
224686 [main] INFO main.java.edu.mit.compbio.bisulfitehic.mapping.Bhmem  - Unique mapped and paired reads 867156 ...
[M::mem_process_seqs] Processed 1001 reads in 0.703 CPU sec, 0.089 real sec
[M::mem_process_seqs] Processed 1001 reads in 0.592 CPU sec, 0.075 real sec
[M::mem_process_seqs] Processed 1001 reads in 0.687 CPU sec, 0.087 real sec
[M::mem_process_seqs] Processed 1001 reads in 0.670 CPU sec, 0.090 real sec
225147 [main] INFO main.java.edu.mit.compbio.bisulfitehic.mapping.Bhmem  - Processing reads 875000 ...
225147 [main] INFO main.java.edu.mit.compbio.bisulfitehic.mapping.Bhmem  - Unique mapped and paired reads 869148 ...
225150 [main] INFO main.java.edu.mit.compbio.bisulfitehic.mapping.Bhmem  - Processing reads 876000 ...
225150 [main] INFO main.java.edu.mit.compbio.bisulfitehic.mapping.Bhmem  - Unique mapped and paired reads 869148 ...
[M::mem_process_seqs] Processed 1001 reads in 0.641 CPU sec, 0.086 real sec
[M::mem_process_seqs] Processed 1001 reads in 0.575 CPU sec, 0.075 real sec
[M::mem_process_seqs] Processed 1001 reads in 0.667 CPU sec, 0.091 real sec
[M::mem_process_seqs] Processed 1001 reads in 0.703 CPU sec, 0.090 real sec
225611 [main] INFO main.java.edu.mit.compbio.bisulfitehic.mapping.Bhmem  - Processing reads 877000 ...
225611 [main] INFO main.java.edu.mit.compbio.bisulfitehic.mapping.Bhmem  - Unique mapped and paired reads 871138 ...
225613 [main] INFO main.java.edu.mit.compbio.bisulfitehic.mapping.Bhmem  - Processing reads 878000 ...
225613 [main] INFO main.java.edu.mit.compbio.bisulfitehic.mapping.Bhmem  - Unique mapped and paired reads 871138 ...
[M::mem_process_seqs] Processed 1001 reads in 0.644 CPU sec, 0.089 real sec
[M::mem_process_seqs] Processed 1001 reads in 0.582 CPU sec, 0.074 real sec
[M::mem_process_seqs] Processed 1001 reads in 0.644 CPU sec, 0.099 real sec
[M::mem_process_seqs] Processed 1001 reads in 0.712 CPU sec, 0.094 real sec
226086 [main] INFO main.java.edu.mit.compbio.bisulfitehic.mapping.Bhmem  - Processing reads 879000 ...
226086 [main] INFO main.java.edu.mit.compbio.bisulfitehic.mapping.Bhmem  - Unique mapped and paired reads 873130 ...
226089 [main] INFO main.java.edu.mit.compbio.bisulfitehic.mapping.Bhmem  - Processing reads 880000 ...
226089 [main] INFO main.java.edu.mit.compbio.bisulfitehic.mapping.Bhmem  - Unique mapped and paired reads 873130 ...
[M::mem_process_seqs] Processed 1001 reads in 0.624 CPU sec, 0.080 real sec
[M::mem_process_seqs] Processed 1001 reads in 0.548 CPU sec, 0.075 real sec
[M::mem_process_seqs] Processed 1001 reads in 0.586 CPU sec, 0.074 real sec
[M::mem_process_seqs] Processed 1001 reads in 0.610 CPU sec, 0.079 real sec
226505 [main] INFO main.java.edu.mit.compbio.bisulfitehic.mapping.Bhmem  - Processing reads 881000 ...
226505 [main] INFO main.java.edu.mit.compbio.bisulfitehic.mapping.Bhmem  - Unique mapped and paired reads 875124 ...
226508 [main] INFO main.java.edu.mit.compbio.bisulfitehic.mapping.Bhmem  - Processing reads 882000 ...
226508 [main] INFO main.java.edu.mit.compbio.bisulfitehic.mapping.Bhmem  - Unique mapped and paired reads 875124 ...
[M::mem_process_seqs] Processed 1001 reads in 0.675 CPU sec, 0.086 real sec
[M::mem_process_seqs] Processed 1001 reads in 0.673 CPU sec, 0.101 real sec
[M::mem_process_seqs] Processed 1001 reads in 0.670 CPU sec, 0.088 real sec
[M::mem_process_seqs] Processed 1001 reads in 0.648 CPU sec, 0.088 real sec
226993 [main] INFO main.java.edu.mit.compbio.bisulfitehic.mapping.Bhmem  - Processing reads 883000 ...
226993 [main] INFO main.java.edu.mit.compbio.bisulfitehic.mapping.Bhmem  - Unique mapped and paired reads 877108 ...
226996 [main] INFO main.java.edu.mit.compbio.bisulfitehic.mapping.Bhmem  - Processing reads 884000 ...
226996 [main] INFO main.java.edu.mit.compbio.bisulfitehic.mapping.Bhmem  - Unique mapped and paired reads 877108 ...
[M::mem_process_seqs] Processed 1001 reads in 0.700 CPU sec, 0.089 real sec
[M::mem_process_seqs] Processed 1001 reads in 0.614 CPU sec, 0.078 real sec
[M::mem_process_seqs] Processed 1001 reads in 0.777 CPU sec, 0.109 real sec
[M::mem_process_seqs] Processed 1001 reads in 0.747 CPU sec, 0.095 real sec
227490 [main] INFO main.java.edu.mit.compbio.bisulfitehic.mapping.Bhmem  - Processing reads 885000 ...
227490 [main] INFO main.java.edu.mit.compbio.bisulfitehic.mapping.Bhmem  - Unique mapped and paired reads 879100 ...
227493 [main] INFO main.java.edu.mit.compbio.bisulfitehic.mapping.Bhmem  - Processing reads 886000 ...
227493 [main] INFO main.java.edu.mit.compbio.bisulfitehic.mapping.Bhmem  - Unique mapped and paired reads 879100 ...
[M::mem_process_seqs] Processed 1001 reads in 0.701 CPU sec, 0.091 real sec
[M::mem_process_seqs] Processed 1001 reads in 0.597 CPU sec, 0.078 real sec
[M::mem_process_seqs] Processed 1001 reads in 0.697 CPU sec, 0.095 real sec
[M::mem_process_seqs] Processed 1001 reads in 0.672 CPU sec, 0.086 real sec
227963 [main] INFO main.java.edu.mit.compbio.bisulfitehic.mapping.Bhmem  - Processing reads 887000 ...
227963 [main] INFO main.java.edu.mit.compbio.bisulfitehic.mapping.Bhmem  - Unique mapped and paired reads 881088 ...
227966 [main] INFO main.java.edu.mit.compbio.bisulfitehic.mapping.Bhmem  - Processing reads 888000 ...
227966 [main] INFO main.java.edu.mit.compbio.bisulfitehic.mapping.Bhmem  - Unique mapped and paired reads 881088 ...
[M::mem_process_seqs] Processed 1001 reads in 0.672 CPU sec, 0.085 real sec
[M::mem_process_seqs] Processed 1001 reads in 0.557 CPU sec, 0.076 real sec
[M::mem_process_seqs] Processed 1001 reads in 0.668 CPU sec, 0.085 real sec
[M::mem_process_seqs] Processed 1001 reads in 0.622 CPU sec, 0.086 real sec
228419 [main] INFO main.java.edu.mit.compbio.bisulfitehic.mapping.Bhmem  - Processing reads 889000 ...
228419 [main] INFO main.java.edu.mit.compbio.bisulfitehic.mapping.Bhmem  - Unique mapped and paired reads 883072 ...
228421 [main] INFO main.java.edu.mit.compbio.bisulfitehic.mapping.Bhmem  - Processing reads 890000 ...
228421 [main] INFO main.java.edu.mit.compbio.bisulfitehic.mapping.Bhmem  - Unique mapped and paired reads 883072 ...
[M::mem_process_seqs] Processed 1001 reads in 0.635 CPU sec, 0.081 real sec
[M::mem_process_seqs] Processed 1001 reads in 0.553 CPU sec, 0.076 real sec
[M::mem_process_seqs] Processed 1001 reads in 0.736 CPU sec, 0.103 real sec
[M::mem_process_seqs] Processed 1001 reads in 0.664 CPU sec, 0.088 real sec
228889 [main] INFO main.java.edu.mit.compbio.bisulfitehic.mapping.Bhmem  - Processing reads 891000 ...
228889 [main] INFO main.java.edu.mit.compbio.bisulfitehic.mapping.Bhmem  - Unique mapped and paired reads 885070 ...
228892 [main] INFO main.java.edu.mit.compbio.bisulfitehic.mapping.Bhmem  - Processing reads 892000 ...
228892 [main] INFO main.java.edu.mit.compbio.bisulfitehic.mapping.Bhmem  - Unique mapped and paired reads 885070 ...
[M::mem_process_seqs] Processed 1001 reads in 0.638 CPU sec, 0.082 real sec
[M::mem_process_seqs] Processed 1001 reads in 0.573 CPU sec, 0.081 real sec
[M::mem_process_seqs] Processed 1001 reads in 0.666 CPU sec, 0.085 real sec
[M::mem_process_seqs] Processed 1001 reads in 0.626 CPU sec, 0.086 real sec
229338 [main] INFO main.java.edu.mit.compbio.bisulfitehic.mapping.Bhmem  - Processing reads 893000 ...
229339 [main] INFO main.java.edu.mit.compbio.bisulfitehic.mapping.Bhmem  - Unique mapped and paired reads 887050 ...
229341 [main] INFO main.java.edu.mit.compbio.bisulfitehic.mapping.Bhmem  - Processing reads 894000 ...
229341 [main] INFO main.java.edu.mit.compbio.bisulfitehic.mapping.Bhmem  - Unique mapped and paired reads 887050 ...
[M::mem_process_seqs] Processed 1001 reads in 0.672 CPU sec, 0.086 real sec
[M::mem_process_seqs] Processed 1001 reads in 0.560 CPU sec, 0.071 real sec
[M::mem_process_seqs] Processed 1001 reads in 0.687 CPU sec, 0.089 real sec
[M::mem_process_seqs] Processed 1001 reads in 0.668 CPU sec, 0.089 real sec
229797 [main] INFO main.java.edu.mit.compbio.bisulfitehic.mapping.Bhmem  - Processing reads 895000 ...
229797 [main] INFO main.java.edu.mit.compbio.bisulfitehic.mapping.Bhmem  - Unique mapped and paired reads 889042 ...
229799 [main] INFO main.java.edu.mit.compbio.bisulfitehic.mapping.Bhmem  - Processing reads 896000 ...
229799 [main] INFO main.java.edu.mit.compbio.bisulfitehic.mapping.Bhmem  - Unique mapped and paired reads 889042 ...
[M::mem_process_seqs] Processed 1001 reads in 0.623 CPU sec, 0.080 real sec
[M::mem_process_seqs] Processed 1001 reads in 0.513 CPU sec, 0.066 real sec
[M::mem_process_seqs] Processed 1001 reads in 0.617 CPU sec, 0.079 real sec
[M::mem_process_seqs] Processed 1001 reads in 0.617 CPU sec, 0.078 real sec
230216 [main] INFO main.java.edu.mit.compbio.bisulfitehic.mapping.Bhmem  - Processing reads 897000 ...
230216 [main] INFO main.java.edu.mit.compbio.bisulfitehic.mapping.Bhmem  - Unique mapped and paired reads 891028 ...
230219 [main] INFO main.java.edu.mit.compbio.bisulfitehic.mapping.Bhmem  - Processing reads 898000 ...
230219 [main] INFO main.java.edu.mit.compbio.bisulfitehic.mapping.Bhmem  - Unique mapped and paired reads 891028 ...
[M::mem_process_seqs] Processed 1001 reads in 0.654 CPU sec, 0.084 real sec
[M::mem_process_seqs] Processed 1001 reads in 0.567 CPU sec, 0.072 real sec
[M::mem_process_seqs] Processed 1001 reads in 0.759 CPU sec, 0.105 real sec
[M::mem_process_seqs] Processed 1001 reads in 0.688 CPU sec, 0.089 real sec
230686 [main] INFO main.java.edu.mit.compbio.bisulfitehic.mapping.Bhmem  - Processing reads 899000 ...
230686 [main] INFO main.java.edu.mit.compbio.bisulfitehic.mapping.Bhmem  - Unique mapped and paired reads 893018 ...
230689 [main] INFO main.java.edu.mit.compbio.bisulfitehic.mapping.Bhmem  - Processing reads 900000 ...
230689 [main] INFO main.java.edu.mit.compbio.bisulfitehic.mapping.Bhmem  - Unique mapped and paired reads 893018 ...
[M::mem_process_seqs] Processed 1001 reads in 0.595 CPU sec, 0.079 real sec
[M::mem_process_seqs] Processed 1001 reads in 0.520 CPU sec, 0.066 real sec
[M::mem_process_seqs] Processed 1001 reads in 0.630 CPU sec, 0.080 real sec
[M::mem_process_seqs] Processed 1001 reads in 0.560 CPU sec, 0.071 real sec
231099 [main] INFO main.java.edu.mit.compbio.bisulfitehic.mapping.Bhmem  - Processing reads 901000 ...
231099 [main] INFO main.java.edu.mit.compbio.bisulfitehic.mapping.Bhmem  - Unique mapped and paired reads 895010 ...
231102 [main] INFO main.java.edu.mit.compbio.bisulfitehic.mapping.Bhmem  - Processing reads 902000 ...
231102 [main] INFO main.java.edu.mit.compbio.bisulfitehic.mapping.Bhmem  - Unique mapped and paired reads 895010 ...
[M::mem_process_seqs] Processed 1001 reads in 0.618 CPU sec, 0.081 real sec
[M::mem_process_seqs] Processed 1001 reads in 0.539 CPU sec, 0.069 real sec
[M::mem_process_seqs] Processed 1001 reads in 0.631 CPU sec, 0.080 real sec
[M::mem_process_seqs] Processed 1001 reads in 0.629 CPU sec, 0.081 real sec
231527 [main] INFO main.java.edu.mit.compbio.bisulfitehic.mapping.Bhmem  - Processing reads 903000 ...
231527 [main] INFO main.java.edu.mit.compbio.bisulfitehic.mapping.Bhmem  - Unique mapped and paired reads 897000 ...
231531 [main] INFO main.java.edu.mit.compbio.bisulfitehic.mapping.Bhmem  - Processing reads 904000 ...
231531 [main] INFO main.java.edu.mit.compbio.bisulfitehic.mapping.Bhmem  - Unique mapped and paired reads 897000 ...
[M::mem_process_seqs] Processed 1001 reads in 0.658 CPU sec, 0.083 real sec
[M::mem_process_seqs] Processed 1001 reads in 0.545 CPU sec, 0.069 real sec
[M::mem_process_seqs] Processed 1001 reads in 0.680 CPU sec, 0.097 real sec
[M::mem_process_seqs] Processed 1001 reads in 0.649 CPU sec, 0.082 real sec
231975 [main] INFO main.java.edu.mit.compbio.bisulfitehic.mapping.Bhmem  - Processing reads 905000 ...
231975 [main] INFO main.java.edu.mit.compbio.bisulfitehic.mapping.Bhmem  - Unique mapped and paired reads 898990 ...
231978 [main] INFO main.java.edu.mit.compbio.bisulfitehic.mapping.Bhmem  - Processing reads 906000 ...
231978 [main] INFO main.java.edu.mit.compbio.bisulfitehic.mapping.Bhmem  - Unique mapped and paired reads 898990 ...
[M::mem_process_seqs] Processed 1001 reads in 0.626 CPU sec, 0.082 real sec
[M::mem_process_seqs] Processed 1001 reads in 0.515 CPU sec, 0.065 real sec
[M::mem_process_seqs] Processed 1001 reads in 0.623 CPU sec, 0.079 real sec
[M::mem_process_seqs] Processed 1001 reads in 0.591 CPU sec, 0.077 real sec
232395 [main] INFO main.java.edu.mit.compbio.bisulfitehic.mapping.Bhmem  - Processing reads 907000 ...
232395 [main] INFO main.java.edu.mit.compbio.bisulfitehic.mapping.Bhmem  - Unique mapped and paired reads 900984 ...
232398 [main] INFO main.java.edu.mit.compbio.bisulfitehic.mapping.Bhmem  - Processing reads 908000 ...
232398 [main] INFO main.java.edu.mit.compbio.bisulfitehic.mapping.Bhmem  - Unique mapped and paired reads 900984 ...
[M::mem_process_seqs] Processed 1001 reads in 0.643 CPU sec, 0.083 real sec
[M::mem_process_seqs] Processed 1001 reads in 0.554 CPU sec, 0.076 real sec
[M::mem_process_seqs] Processed 1001 reads in 0.655 CPU sec, 0.083 real sec
[M::mem_process_seqs] Processed 1001 reads in 0.595 CPU sec, 0.076 real sec
232832 [main] INFO main.java.edu.mit.compbio.bisulfitehic.mapping.Bhmem  - Processing reads 909000 ...
232832 [main] INFO main.java.edu.mit.compbio.bisulfitehic.mapping.Bhmem  - Unique mapped and paired reads 902976 ...
232834 [main] INFO main.java.edu.mit.compbio.bisulfitehic.mapping.Bhmem  - Processing reads 910000 ...
232834 [main] INFO main.java.edu.mit.compbio.bisulfitehic.mapping.Bhmem  - Unique mapped and paired reads 902976 ...
[M::mem_process_seqs] Processed 1001 reads in 0.658 CPU sec, 0.084 real sec
[M::mem_process_seqs] Processed 1001 reads in 0.579 CPU sec, 0.073 real sec
[M::mem_process_seqs] Processed 1001 reads in 0.723 CPU sec, 0.097 real sec
[M::mem_process_seqs] Processed 1001 reads in 0.687 CPU sec, 0.087 real sec
233296 [main] INFO main.java.edu.mit.compbio.bisulfitehic.mapping.Bhmem  - Processing reads 911000 ...
233296 [main] INFO main.java.edu.mit.compbio.bisulfitehic.mapping.Bhmem  - Unique mapped and paired reads 904966 ...
233299 [main] INFO main.java.edu.mit.compbio.bisulfitehic.mapping.Bhmem  - Processing reads 912000 ...
233299 [main] INFO main.java.edu.mit.compbio.bisulfitehic.mapping.Bhmem  - Unique mapped and paired reads 904966 ...
[M::mem_process_seqs] Processed 1001 reads in 0.692 CPU sec, 0.088 real sec
[M::mem_process_seqs] Processed 1001 reads in 0.572 CPU sec, 0.079 real sec
[M::mem_process_seqs] Processed 1001 reads in 0.663 CPU sec, 0.089 real sec
[M::mem_process_seqs] Processed 1001 reads in 0.652 CPU sec, 0.082 real sec
233756 [main] INFO main.java.edu.mit.compbio.bisulfitehic.mapping.Bhmem  - Processing reads 913000 ...
233756 [main] INFO main.java.edu.mit.compbio.bisulfitehic.mapping.Bhmem  - Unique mapped and paired reads 906962 ...
233759 [main] INFO main.java.edu.mit.compbio.bisulfitehic.mapping.Bhmem  - Processing reads 914000 ...
233759 [main] INFO main.java.edu.mit.compbio.bisulfitehic.mapping.Bhmem  - Unique mapped and paired reads 906962 ...
[M::mem_process_seqs] Processed 1001 reads in 0.667 CPU sec, 0.085 real sec
[M::mem_process_seqs] Processed 1001 reads in 0.584 CPU sec, 0.074 real sec
[M::mem_process_seqs] Processed 1001 reads in 0.650 CPU sec, 0.083 real sec
[M::mem_process_seqs] Processed 1001 reads in 0.643 CPU sec, 0.083 real sec
234205 [main] INFO main.java.edu.mit.compbio.bisulfitehic.mapping.Bhmem  - Processing reads 915000 ...
234205 [main] INFO main.java.edu.mit.compbio.bisulfitehic.mapping.Bhmem  - Unique mapped and paired reads 908948 ...
234208 [main] INFO main.java.edu.mit.compbio.bisulfitehic.mapping.Bhmem  - Processing reads 916000 ...
234208 [main] INFO main.java.edu.mit.compbio.bisulfitehic.mapping.Bhmem  - Unique mapped and paired reads 908948 ...
[M::mem_process_seqs] Processed 1001 reads in 0.672 CPU sec, 0.085 real sec
[M::mem_process_seqs] Processed 1001 reads in 0.591 CPU sec, 0.081 real sec
[M::mem_process_seqs] Processed 1001 reads in 0.722 CPU sec, 0.102 real sec
[M::mem_process_seqs] Processed 1001 reads in 0.730 CPU sec, 0.097 real sec
234697 [main] INFO main.java.edu.mit.compbio.bisulfitehic.mapping.Bhmem  - Processing reads 917000 ...
234697 [main] INFO main.java.edu.mit.compbio.bisulfitehic.mapping.Bhmem  - Unique mapped and paired reads 910944 ...
234699 [main] INFO main.java.edu.mit.compbio.bisulfitehic.mapping.Bhmem  - Processing reads 918000 ...
234699 [main] INFO main.java.edu.mit.compbio.bisulfitehic.mapping.Bhmem  - Unique mapped and paired reads 910944 ...
[M::mem_process_seqs] Processed 1001 reads in 0.673 CPU sec, 0.085 real sec
[M::mem_process_seqs] Processed 1001 reads in 0.557 CPU sec, 0.073 real sec
[M::mem_process_seqs] Processed 1001 reads in 0.706 CPU sec, 0.099 real sec
[M::mem_process_seqs] Processed 1001 reads in 0.712 CPU sec, 0.095 real sec
235174 [main] INFO main.java.edu.mit.compbio.bisulfitehic.mapping.Bhmem  - Processing reads 919000 ...
235174 [main] INFO main.java.edu.mit.compbio.bisulfitehic.mapping.Bhmem  - Unique mapped and paired reads 912926 ...
235177 [main] INFO main.java.edu.mit.compbio.bisulfitehic.mapping.Bhmem  - Processing reads 920000 ...
235177 [main] INFO main.java.edu.mit.compbio.bisulfitehic.mapping.Bhmem  - Unique mapped and paired reads 912926 ...
[M::mem_process_seqs] Processed 1001 reads in 0.676 CPU sec, 0.086 real sec
[M::mem_process_seqs] Processed 1001 reads in 0.600 CPU sec, 0.076 real sec
[M::mem_process_seqs] Processed 1001 reads in 0.692 CPU sec, 0.087 real sec
[M::mem_process_seqs] Processed 1001 reads in 0.699 CPU sec, 0.095 real sec
235645 [main] INFO main.java.edu.mit.compbio.bisulfitehic.mapping.Bhmem  - Processing reads 921000 ...
235645 [main] INFO main.java.edu.mit.compbio.bisulfitehic.mapping.Bhmem  - Unique mapped and paired reads 914916 ...
235647 [main] INFO main.java.edu.mit.compbio.bisulfitehic.mapping.Bhmem  - Processing reads 922000 ...
235647 [main] INFO main.java.edu.mit.compbio.bisulfitehic.mapping.Bhmem  - Unique mapped and paired reads 914916 ...
[M::mem_process_seqs] Processed 1001 reads in 0.667 CPU sec, 0.086 real sec
[M::mem_process_seqs] Processed 1001 reads in 0.561 CPU sec, 0.071 real sec
[M::mem_process_seqs] Processed 1001 reads in 0.607 CPU sec, 0.077 real sec
[M::mem_process_seqs] Processed 1001 reads in 0.625 CPU sec, 0.081 real sec
236078 [main] INFO main.java.edu.mit.compbio.bisulfitehic.mapping.Bhmem  - Processing reads 923000 ...
236078 [main] INFO main.java.edu.mit.compbio.bisulfitehic.mapping.Bhmem  - Unique mapped and paired reads 916906 ...
236081 [main] INFO main.java.edu.mit.compbio.bisulfitehic.mapping.Bhmem  - Processing reads 924000 ...
236081 [main] INFO main.java.edu.mit.compbio.bisulfitehic.mapping.Bhmem  - Unique mapped and paired reads 916906 ...
[M::mem_process_seqs] Processed 1001 reads in 0.656 CPU sec, 0.084 real sec
[M::mem_process_seqs] Processed 1001 reads in 0.603 CPU sec, 0.079 real sec
[M::mem_process_seqs] Processed 1001 reads in 0.695 CPU sec, 0.088 real sec
[M::mem_process_seqs] Processed 1001 reads in 0.713 CPU sec, 0.096 real sec
236548 [main] INFO main.java.edu.mit.compbio.bisulfitehic.mapping.Bhmem  - Processing reads 925000 ...
236548 [main] INFO main.java.edu.mit.compbio.bisulfitehic.mapping.Bhmem  - Unique mapped and paired reads 918894 ...
236551 [main] INFO main.java.edu.mit.compbio.bisulfitehic.mapping.Bhmem  - Processing reads 926000 ...
236551 [main] INFO main.java.edu.mit.compbio.bisulfitehic.mapping.Bhmem  - Unique mapped and paired reads 918894 ...
[M::mem_process_seqs] Processed 1001 reads in 0.701 CPU sec, 0.093 real sec
[M::mem_process_seqs] Processed 1001 reads in 0.619 CPU sec, 0.082 real sec
[M::mem_process_seqs] Processed 1001 reads in 0.751 CPU sec, 0.101 real sec
[M::mem_process_seqs] Processed 1001 reads in 0.689 CPU sec, 0.089 real sec
237047 [main] INFO main.java.edu.mit.compbio.bisulfitehic.mapping.Bhmem  - Processing reads 927000 ...
237047 [main] INFO main.java.edu.mit.compbio.bisulfitehic.mapping.Bhmem  - Unique mapped and paired reads 920880 ...
237050 [main] INFO main.java.edu.mit.compbio.bisulfitehic.mapping.Bhmem  - Processing reads 928000 ...
237050 [main] INFO main.java.edu.mit.compbio.bisulfitehic.mapping.Bhmem  - Unique mapped and paired reads 920880 ...
[M::mem_process_seqs] Processed 1001 reads in 0.669 CPU sec, 0.086 real sec
[M::mem_process_seqs] Processed 1001 reads in 0.614 CPU sec, 0.078 real sec
[M::mem_process_seqs] Processed 1001 reads in 0.696 CPU sec, 0.090 real sec
[M::mem_process_seqs] Processed 1001 reads in 0.681 CPU sec, 0.087 real sec
237512 [main] INFO main.java.edu.mit.compbio.bisulfitehic.mapping.Bhmem  - Processing reads 929000 ...
237512 [main] INFO main.java.edu.mit.compbio.bisulfitehic.mapping.Bhmem  - Unique mapped and paired reads 922868 ...
237515 [main] INFO main.java.edu.mit.compbio.bisulfitehic.mapping.Bhmem  - Processing reads 930000 ...
237515 [main] INFO main.java.edu.mit.compbio.bisulfitehic.mapping.Bhmem  - Unique mapped and paired reads 922868 ...
[M::mem_process_seqs] Processed 1001 reads in 0.653 CPU sec, 0.086 real sec
[M::mem_process_seqs] Processed 1001 reads in 0.531 CPU sec, 0.068 real sec
[M::mem_process_seqs] Processed 1001 reads in 0.720 CPU sec, 0.095 real sec
[M::mem_process_seqs] Processed 1001 reads in 0.636 CPU sec, 0.082 real sec
237964 [main] INFO main.java.edu.mit.compbio.bisulfitehic.mapping.Bhmem  - Processing reads 931000 ...
237964 [main] INFO main.java.edu.mit.compbio.bisulfitehic.mapping.Bhmem  - Unique mapped and paired reads 924858 ...
237967 [main] INFO main.java.edu.mit.compbio.bisulfitehic.mapping.Bhmem  - Processing reads 932000 ...
237967 [main] INFO main.java.edu.mit.compbio.bisulfitehic.mapping.Bhmem  - Unique mapped and paired reads 924858 ...
[M::mem_process_seqs] Processed 1001 reads in 0.659 CPU sec, 0.085 real sec
[M::mem_process_seqs] Processed 1001 reads in 0.554 CPU sec, 0.070 real sec
[M::mem_process_seqs] Processed 1001 reads in 0.711 CPU sec, 0.095 real sec
[M::mem_process_seqs] Processed 1001 reads in 0.641 CPU sec, 0.083 real sec
238415 [main] INFO main.java.edu.mit.compbio.bisulfitehic.mapping.Bhmem  - Processing reads 933000 ...
238415 [main] INFO main.java.edu.mit.compbio.bisulfitehic.mapping.Bhmem  - Unique mapped and paired reads 926850 ...
238418 [main] INFO main.java.edu.mit.compbio.bisulfitehic.mapping.Bhmem  - Processing reads 934000 ...
238418 [main] INFO main.java.edu.mit.compbio.bisulfitehic.mapping.Bhmem  - Unique mapped and paired reads 926850 ...
[M::mem_process_seqs] Processed 1001 reads in 0.677 CPU sec, 0.087 real sec
[M::mem_process_seqs] Processed 1001 reads in 0.565 CPU sec, 0.075 real sec
[M::mem_process_seqs] Processed 1001 reads in 0.678 CPU sec, 0.093 real sec
[M::mem_process_seqs] Processed 1001 reads in 0.600 CPU sec, 0.077 real sec
238867 [main] INFO main.java.edu.mit.compbio.bisulfitehic.mapping.Bhmem  - Processing reads 935000 ...
238867 [main] INFO main.java.edu.mit.compbio.bisulfitehic.mapping.Bhmem  - Unique mapped and paired reads 928844 ...
238870 [main] INFO main.java.edu.mit.compbio.bisulfitehic.mapping.Bhmem  - Processing reads 936000 ...
238870 [main] INFO main.java.edu.mit.compbio.bisulfitehic.mapping.Bhmem  - Unique mapped and paired reads 928844 ...
[M::mem_process_seqs] Processed 1001 reads in 0.672 CPU sec, 0.086 real sec
[M::mem_process_seqs] Processed 1001 reads in 0.581 CPU sec, 0.083 real sec
[M::mem_process_seqs] Processed 1001 reads in 0.674 CPU sec, 0.093 real sec
[M::mem_process_seqs] Processed 1001 reads in 0.697 CPU sec, 0.094 real sec
239342 [main] INFO main.java.edu.mit.compbio.bisulfitehic.mapping.Bhmem  - Processing reads 937000 ...
239342 [main] INFO main.java.edu.mit.compbio.bisulfitehic.mapping.Bhmem  - Unique mapped and paired reads 930832 ...
239345 [main] INFO main.java.edu.mit.compbio.bisulfitehic.mapping.Bhmem  - Processing reads 938000 ...
239345 [main] INFO main.java.edu.mit.compbio.bisulfitehic.mapping.Bhmem  - Unique mapped and paired reads 930832 ...
[M::mem_process_seqs] Processed 1001 reads in 0.677 CPU sec, 0.086 real sec
[M::mem_process_seqs] Processed 1001 reads in 0.576 CPU sec, 0.073 real sec
[M::mem_process_seqs] Processed 1001 reads in 0.706 CPU sec, 0.095 real sec
[M::mem_process_seqs] Processed 1001 reads in 0.670 CPU sec, 0.090 real sec
239808 [main] INFO main.java.edu.mit.compbio.bisulfitehic.mapping.Bhmem  - Processing reads 939000 ...
239808 [main] INFO main.java.edu.mit.compbio.bisulfitehic.mapping.Bhmem  - Unique mapped and paired reads 932818 ...
239811 [main] INFO main.java.edu.mit.compbio.bisulfitehic.mapping.Bhmem  - Processing reads 940000 ...
239811 [main] INFO main.java.edu.mit.compbio.bisulfitehic.mapping.Bhmem  - Unique mapped and paired reads 932818 ...
[M::mem_process_seqs] Processed 1001 reads in 0.698 CPU sec, 0.088 real sec
[M::mem_process_seqs] Processed 1001 reads in 0.621 CPU sec, 0.081 real sec
[M::mem_process_seqs] Processed 1001 reads in 0.745 CPU sec, 0.102 real sec
[M::mem_process_seqs] Processed 1001 reads in 0.746 CPU sec, 0.097 real sec
240301 [main] INFO main.java.edu.mit.compbio.bisulfitehic.mapping.Bhmem  - Processing reads 941000 ...
240301 [main] INFO main.java.edu.mit.compbio.bisulfitehic.mapping.Bhmem  - Unique mapped and paired reads 934804 ...
240304 [main] INFO main.java.edu.mit.compbio.bisulfitehic.mapping.Bhmem  - Processing reads 942000 ...
240304 [main] INFO main.java.edu.mit.compbio.bisulfitehic.mapping.Bhmem  - Unique mapped and paired reads 934804 ...
[M::mem_process_seqs] Processed 1001 reads in 0.716 CPU sec, 0.091 real sec
[M::mem_process_seqs] Processed 1001 reads in 0.628 CPU sec, 0.082 real sec
[M::mem_process_seqs] Processed 1001 reads in 0.672 CPU sec, 0.086 real sec
[M::mem_process_seqs] Processed 1001 reads in 0.708 CPU sec, 0.089 real sec
240771 [main] INFO main.java.edu.mit.compbio.bisulfitehic.mapping.Bhmem  - Processing reads 943000 ...
240771 [main] INFO main.java.edu.mit.compbio.bisulfitehic.mapping.Bhmem  - Unique mapped and paired reads 936790 ...
240774 [main] INFO main.java.edu.mit.compbio.bisulfitehic.mapping.Bhmem  - Processing reads 944000 ...
240774 [main] INFO main.java.edu.mit.compbio.bisulfitehic.mapping.Bhmem  - Unique mapped and paired reads 936790 ...
[M::mem_process_seqs] Processed 1001 reads in 0.726 CPU sec, 0.092 real sec
[M::mem_process_seqs] Processed 1001 reads in 0.653 CPU sec, 0.084 real sec
[M::mem_process_seqs] Processed 1001 reads in 0.767 CPU sec, 0.097 real sec
[M::mem_process_seqs] Processed 1001 reads in 0.720 CPU sec, 0.096 real sec
241262 [main] INFO main.java.edu.mit.compbio.bisulfitehic.mapping.Bhmem  - Processing reads 945000 ...
241262 [main] INFO main.java.edu.mit.compbio.bisulfitehic.mapping.Bhmem  - Unique mapped and paired reads 938792 ...
241265 [main] INFO main.java.edu.mit.compbio.bisulfitehic.mapping.Bhmem  - Processing reads 946000 ...
241265 [main] INFO main.java.edu.mit.compbio.bisulfitehic.mapping.Bhmem  - Unique mapped and paired reads 938792 ...
[M::mem_process_seqs] Processed 1001 reads in 0.672 CPU sec, 0.088 real sec
[M::mem_process_seqs] Processed 1001 reads in 0.529 CPU sec, 0.068 real sec
[M::mem_process_seqs] Processed 1001 reads in 0.651 CPU sec, 0.082 real sec
[M::mem_process_seqs] Processed 1001 reads in 0.617 CPU sec, 0.079 real sec
241699 [main] INFO main.java.edu.mit.compbio.bisulfitehic.mapping.Bhmem  - Processing reads 947000 ...
241699 [main] INFO main.java.edu.mit.compbio.bisulfitehic.mapping.Bhmem  - Unique mapped and paired reads 940780 ...
241702 [main] INFO main.java.edu.mit.compbio.bisulfitehic.mapping.Bhmem  - Processing reads 948000 ...
241702 [main] INFO main.java.edu.mit.compbio.bisulfitehic.mapping.Bhmem  - Unique mapped and paired reads 940780 ...
[M::mem_process_seqs] Processed 1001 reads in 0.716 CPU sec, 0.094 real sec
[M::mem_process_seqs] Processed 1001 reads in 0.591 CPU sec, 0.075 real sec
[M::mem_process_seqs] Processed 1001 reads in 0.677 CPU sec, 0.090 real sec
[M::mem_process_seqs] Processed 1001 reads in 0.654 CPU sec, 0.083 real sec
242164 [main] INFO main.java.edu.mit.compbio.bisulfitehic.mapping.Bhmem  - Processing reads 949000 ...
242164 [main] INFO main.java.edu.mit.compbio.bisulfitehic.mapping.Bhmem  - Unique mapped and paired reads 942774 ...
242167 [main] INFO main.java.edu.mit.compbio.bisulfitehic.mapping.Bhmem  - Processing reads 950000 ...
242167 [main] INFO main.java.edu.mit.compbio.bisulfitehic.mapping.Bhmem  - Unique mapped and paired reads 942774 ...
[M::mem_process_seqs] Processed 1001 reads in 0.657 CPU sec, 0.083 real sec
[M::mem_process_seqs] Processed 1001 reads in 0.558 CPU sec, 0.071 real sec
[M::mem_process_seqs] Processed 1001 reads in 0.669 CPU sec, 0.088 real sec
[M::mem_process_seqs] Processed 1001 reads in 0.672 CPU sec, 0.097 real sec
242629 [main] INFO main.java.edu.mit.compbio.bisulfitehic.mapping.Bhmem  - Processing reads 951000 ...
242629 [main] INFO main.java.edu.mit.compbio.bisulfitehic.mapping.Bhmem  - Unique mapped and paired reads 944754 ...
242632 [main] INFO main.java.edu.mit.compbio.bisulfitehic.mapping.Bhmem  - Processing reads 952000 ...
242632 [main] INFO main.java.edu.mit.compbio.bisulfitehic.mapping.Bhmem  - Unique mapped and paired reads 944754 ...
[M::mem_process_seqs] Processed 1001 reads in 0.750 CPU sec, 0.105 real sec
[M::mem_process_seqs] Processed 1001 reads in 0.667 CPU sec, 0.087 real sec
[M::mem_process_seqs] Processed 1001 reads in 0.747 CPU sec, 0.104 real sec
[M::mem_process_seqs] Processed 1001 reads in 0.793 CPU sec, 0.106 real sec
243160 [main] INFO main.java.edu.mit.compbio.bisulfitehic.mapping.Bhmem  - Processing reads 953000 ...
243160 [main] INFO main.java.edu.mit.compbio.bisulfitehic.mapping.Bhmem  - Unique mapped and paired reads 946736 ...
243163 [main] INFO main.java.edu.mit.compbio.bisulfitehic.mapping.Bhmem  - Processing reads 954000 ...
243163 [main] INFO main.java.edu.mit.compbio.bisulfitehic.mapping.Bhmem  - Unique mapped and paired reads 946736 ...
[M::mem_process_seqs] Processed 1001 reads in 0.669 CPU sec, 0.084 real sec
[M::mem_process_seqs] Processed 1001 reads in 0.610 CPU sec, 0.079 real sec
[M::mem_process_seqs] Processed 1001 reads in 0.748 CPU sec, 0.095 real sec
[M::mem_process_seqs] Processed 1001 reads in 0.737 CPU sec, 0.095 real sec
243641 [main] INFO main.java.edu.mit.compbio.bisulfitehic.mapping.Bhmem  - Processing reads 955000 ...
243641 [main] INFO main.java.edu.mit.compbio.bisulfitehic.mapping.Bhmem  - Unique mapped and paired reads 948730 ...
243644 [main] INFO main.java.edu.mit.compbio.bisulfitehic.mapping.Bhmem  - Processing reads 956000 ...
243644 [main] INFO main.java.edu.mit.compbio.bisulfitehic.mapping.Bhmem  - Unique mapped and paired reads 948730 ...
[M::mem_process_seqs] Processed 1001 reads in 0.654 CPU sec, 0.082 real sec
[M::mem_process_seqs] Processed 1001 reads in 0.553 CPU sec, 0.073 real sec
[M::mem_process_seqs] Processed 1001 reads in 0.685 CPU sec, 0.098 real sec
[M::mem_process_seqs] Processed 1001 reads in 0.690 CPU sec, 0.091 real sec
244107 [main] INFO main.java.edu.mit.compbio.bisulfitehic.mapping.Bhmem  - Processing reads 957000 ...
244107 [main] INFO main.java.edu.mit.compbio.bisulfitehic.mapping.Bhmem  - Unique mapped and paired reads 950724 ...
244110 [main] INFO main.java.edu.mit.compbio.bisulfitehic.mapping.Bhmem  - Processing reads 958000 ...
244110 [main] INFO main.java.edu.mit.compbio.bisulfitehic.mapping.Bhmem  - Unique mapped and paired reads 950724 ...
[M::mem_process_seqs] Processed 1001 reads in 0.689 CPU sec, 0.088 real sec
[M::mem_process_seqs] Processed 1001 reads in 0.572 CPU sec, 0.074 real sec
[M::mem_process_seqs] Processed 1001 reads in 0.767 CPU sec, 0.097 real sec
[M::mem_process_seqs] Processed 1001 reads in 0.659 CPU sec, 0.085 real sec
244574 [main] INFO main.java.edu.mit.compbio.bisulfitehic.mapping.Bhmem  - Processing reads 959000 ...
244574 [main] INFO main.java.edu.mit.compbio.bisulfitehic.mapping.Bhmem  - Unique mapped and paired reads 952708 ...
244577 [main] INFO main.java.edu.mit.compbio.bisulfitehic.mapping.Bhmem  - Processing reads 960000 ...
244577 [main] INFO main.java.edu.mit.compbio.bisulfitehic.mapping.Bhmem  - Unique mapped and paired reads 952708 ...
[M::mem_process_seqs] Processed 1001 reads in 0.651 CPU sec, 0.085 real sec
[M::mem_process_seqs] Processed 1001 reads in 0.560 CPU sec, 0.071 real sec
[M::mem_process_seqs] Processed 1001 reads in 0.659 CPU sec, 0.084 real sec
[M::mem_process_seqs] Processed 1001 reads in 0.627 CPU sec, 0.083 real sec
245013 [main] INFO main.java.edu.mit.compbio.bisulfitehic.mapping.Bhmem  - Processing reads 961000 ...
245013 [main] INFO main.java.edu.mit.compbio.bisulfitehic.mapping.Bhmem  - Unique mapped and paired reads 954694 ...
245016 [main] INFO main.java.edu.mit.compbio.bisulfitehic.mapping.Bhmem  - Processing reads 962000 ...
245016 [main] INFO main.java.edu.mit.compbio.bisulfitehic.mapping.Bhmem  - Unique mapped and paired reads 954694 ...
[M::mem_process_seqs] Processed 1001 reads in 0.624 CPU sec, 0.081 real sec
[M::mem_process_seqs] Processed 1001 reads in 0.563 CPU sec, 0.073 real sec
[M::mem_process_seqs] Processed 1001 reads in 0.606 CPU sec, 0.077 real sec
[M::mem_process_seqs] Processed 1001 reads in 0.657 CPU sec, 0.084 real sec
245447 [main] INFO main.java.edu.mit.compbio.bisulfitehic.mapping.Bhmem  - Processing reads 963000 ...
245447 [main] INFO main.java.edu.mit.compbio.bisulfitehic.mapping.Bhmem  - Unique mapped and paired reads 956686 ...
245450 [main] INFO main.java.edu.mit.compbio.bisulfitehic.mapping.Bhmem  - Processing reads 964000 ...
245450 [main] INFO main.java.edu.mit.compbio.bisulfitehic.mapping.Bhmem  - Unique mapped and paired reads 956686 ...
[M::mem_process_seqs] Processed 1001 reads in 0.671 CPU sec, 0.086 real sec
[M::mem_process_seqs] Processed 1001 reads in 0.537 CPU sec, 0.073 real sec
[M::mem_process_seqs] Processed 1001 reads in 0.685 CPU sec, 0.092 real sec
[M::mem_process_seqs] Processed 1001 reads in 0.612 CPU sec, 0.077 real sec
245898 [main] INFO main.java.edu.mit.compbio.bisulfitehic.mapping.Bhmem  - Processing reads 965000 ...
245898 [main] INFO main.java.edu.mit.compbio.bisulfitehic.mapping.Bhmem  - Unique mapped and paired reads 958674 ...
245901 [main] INFO main.java.edu.mit.compbio.bisulfitehic.mapping.Bhmem  - Processing reads 966000 ...
245901 [main] INFO main.java.edu.mit.compbio.bisulfitehic.mapping.Bhmem  - Unique mapped and paired reads 958674 ...
[M::mem_process_seqs] Processed 1001 reads in 0.656 CPU sec, 0.083 real sec
[M::mem_process_seqs] Processed 1001 reads in 0.560 CPU sec, 0.071 real sec
[M::mem_process_seqs] Processed 1001 reads in 0.660 CPU sec, 0.087 real sec
[M::mem_process_seqs] Processed 1001 reads in 0.646 CPU sec, 0.082 real sec
246343 [main] INFO main.java.edu.mit.compbio.bisulfitehic.mapping.Bhmem  - Processing reads 967000 ...
246343 [main] INFO main.java.edu.mit.compbio.bisulfitehic.mapping.Bhmem  - Unique mapped and paired reads 960668 ...
246346 [main] INFO main.java.edu.mit.compbio.bisulfitehic.mapping.Bhmem  - Processing reads 968000 ...
246346 [main] INFO main.java.edu.mit.compbio.bisulfitehic.mapping.Bhmem  - Unique mapped and paired reads 960668 ...
[M::mem_process_seqs] Processed 1001 reads in 0.703 CPU sec, 0.094 real sec
[M::mem_process_seqs] Processed 1001 reads in 0.616 CPU sec, 0.078 real sec
[M::mem_process_seqs] Processed 1001 reads in 0.735 CPU sec, 0.098 real sec
[M::mem_process_seqs] Processed 1001 reads in 0.669 CPU sec, 0.089 real sec
246825 [main] INFO main.java.edu.mit.compbio.bisulfitehic.mapping.Bhmem  - Processing reads 969000 ...
246825 [main] INFO main.java.edu.mit.compbio.bisulfitehic.mapping.Bhmem  - Unique mapped and paired reads 962660 ...
246828 [main] INFO main.java.edu.mit.compbio.bisulfitehic.mapping.Bhmem  - Processing reads 970000 ...
246828 [main] INFO main.java.edu.mit.compbio.bisulfitehic.mapping.Bhmem  - Unique mapped and paired reads 962660 ...
[M::mem_process_seqs] Processed 1001 reads in 0.626 CPU sec, 0.080 real sec
[M::mem_process_seqs] Processed 1001 reads in 0.568 CPU sec, 0.072 real sec
[M::mem_process_seqs] Processed 1001 reads in 0.614 CPU sec, 0.083 real sec
[M::mem_process_seqs] Processed 1001 reads in 0.595 CPU sec, 0.077 real sec
247257 [main] INFO main.java.edu.mit.compbio.bisulfitehic.mapping.Bhmem  - Processing reads 971000 ...
247257 [main] INFO main.java.edu.mit.compbio.bisulfitehic.mapping.Bhmem  - Unique mapped and paired reads 964654 ...
247260 [main] INFO main.java.edu.mit.compbio.bisulfitehic.mapping.Bhmem  - Processing reads 972000 ...
247260 [main] INFO main.java.edu.mit.compbio.bisulfitehic.mapping.Bhmem  - Unique mapped and paired reads 964654 ...
[M::mem_process_seqs] Processed 1001 reads in 0.678 CPU sec, 0.087 real sec
[M::mem_process_seqs] Processed 1001 reads in 0.587 CPU sec, 0.080 real sec
[M::mem_process_seqs] Processed 1001 reads in 0.711 CPU sec, 0.092 real sec
[M::mem_process_seqs] Processed 1001 reads in 0.704 CPU sec, 0.093 real sec
247729 [main] INFO main.java.edu.mit.compbio.bisulfitehic.mapping.Bhmem  - Processing reads 973000 ...
247729 [main] INFO main.java.edu.mit.compbio.bisulfitehic.mapping.Bhmem  - Unique mapped and paired reads 966648 ...
247732 [main] INFO main.java.edu.mit.compbio.bisulfitehic.mapping.Bhmem  - Processing reads 974000 ...
247732 [main] INFO main.java.edu.mit.compbio.bisulfitehic.mapping.Bhmem  - Unique mapped and paired reads 966648 ...
[M::mem_process_seqs] Processed 1001 reads in 0.683 CPU sec, 0.089 real sec
[M::mem_process_seqs] Processed 1001 reads in 0.589 CPU sec, 0.078 real sec
[M::mem_process_seqs] Processed 1001 reads in 0.669 CPU sec, 0.085 real sec
[M::mem_process_seqs] Processed 1001 reads in 0.662 CPU sec, 0.084 real sec
248188 [main] INFO main.java.edu.mit.compbio.bisulfitehic.mapping.Bhmem  - Processing reads 975000 ...
248188 [main] INFO main.java.edu.mit.compbio.bisulfitehic.mapping.Bhmem  - Unique mapped and paired reads 968630 ...
248191 [main] INFO main.java.edu.mit.compbio.bisulfitehic.mapping.Bhmem  - Processing reads 976000 ...
248191 [main] INFO main.java.edu.mit.compbio.bisulfitehic.mapping.Bhmem  - Unique mapped and paired reads 968630 ...
[M::mem_process_seqs] Processed 1001 reads in 0.675 CPU sec, 0.086 real sec
[M::mem_process_seqs] Processed 1001 reads in 0.576 CPU sec, 0.073 real sec
[M::mem_process_seqs] Processed 1001 reads in 0.699 CPU sec, 0.090 real sec
[M::mem_process_seqs] Processed 1001 reads in 0.639 CPU sec, 0.082 real sec
248644 [main] INFO main.java.edu.mit.compbio.bisulfitehic.mapping.Bhmem  - Processing reads 977000 ...
248644 [main] INFO main.java.edu.mit.compbio.bisulfitehic.mapping.Bhmem  - Unique mapped and paired reads 970616 ...
248648 [main] INFO main.java.edu.mit.compbio.bisulfitehic.mapping.Bhmem  - Processing reads 978000 ...
248648 [main] INFO main.java.edu.mit.compbio.bisulfitehic.mapping.Bhmem  - Unique mapped and paired reads 970616 ...
[M::mem_process_seqs] Processed 1001 reads in 0.693 CPU sec, 0.090 real sec
[M::mem_process_seqs] Processed 1001 reads in 0.583 CPU sec, 0.074 real sec
[M::mem_process_seqs] Processed 1001 reads in 0.699 CPU sec, 0.090 real sec
[M::mem_process_seqs] Processed 1001 reads in 0.688 CPU sec, 0.096 real sec
249121 [main] INFO main.java.edu.mit.compbio.bisulfitehic.mapping.Bhmem  - Processing reads 979000 ...
249121 [main] INFO main.java.edu.mit.compbio.bisulfitehic.mapping.Bhmem  - Unique mapped and paired reads 972602 ...
249124 [main] INFO main.java.edu.mit.compbio.bisulfitehic.mapping.Bhmem  - Processing reads 980000 ...
249124 [main] INFO main.java.edu.mit.compbio.bisulfitehic.mapping.Bhmem  - Unique mapped and paired reads 972602 ...
[M::mem_process_seqs] Processed 1001 reads in 0.684 CPU sec, 0.093 real sec
[M::mem_process_seqs] Processed 1001 reads in 0.631 CPU sec, 0.084 real sec
[M::mem_process_seqs] Processed 1001 reads in 0.691 CPU sec, 0.089 real sec
[M::mem_process_seqs] Processed 1001 reads in 0.647 CPU sec, 0.083 real sec
249596 [main] INFO main.java.edu.mit.compbio.bisulfitehic.mapping.Bhmem  - Processing reads 981000 ...
249596 [main] INFO main.java.edu.mit.compbio.bisulfitehic.mapping.Bhmem  - Unique mapped and paired reads 974590 ...
249599 [main] INFO main.java.edu.mit.compbio.bisulfitehic.mapping.Bhmem  - Processing reads 982000 ...
249599 [main] INFO main.java.edu.mit.compbio.bisulfitehic.mapping.Bhmem  - Unique mapped and paired reads 974590 ...
[M::mem_process_seqs] Processed 1001 reads in 0.644 CPU sec, 0.083 real sec
[M::mem_process_seqs] Processed 1001 reads in 0.571 CPU sec, 0.075 real sec
[M::mem_process_seqs] Processed 1001 reads in 0.658 CPU sec, 0.088 real sec
[M::mem_process_seqs] Processed 1001 reads in 0.671 CPU sec, 0.090 real sec
250054 [main] INFO main.java.edu.mit.compbio.bisulfitehic.mapping.Bhmem  - Processing reads 983000 ...
250054 [main] INFO main.java.edu.mit.compbio.bisulfitehic.mapping.Bhmem  - Unique mapped and paired reads 976584 ...
250056 [main] INFO main.java.edu.mit.compbio.bisulfitehic.mapping.Bhmem  - Processing reads 984000 ...
250056 [main] INFO main.java.edu.mit.compbio.bisulfitehic.mapping.Bhmem  - Unique mapped and paired reads 976584 ...
[M::mem_process_seqs] Processed 1001 reads in 0.662 CPU sec, 0.084 real sec
[M::mem_process_seqs] Processed 1001 reads in 0.581 CPU sec, 0.079 real sec
[M::mem_process_seqs] Processed 1001 reads in 0.739 CPU sec, 0.102 real sec
[M::mem_process_seqs] Processed 1001 reads in 0.733 CPU sec, 0.096 real sec
250536 [main] INFO main.java.edu.mit.compbio.bisulfitehic.mapping.Bhmem  - Processing reads 985000 ...
250536 [main] INFO main.java.edu.mit.compbio.bisulfitehic.mapping.Bhmem  - Unique mapped and paired reads 978574 ...
250538 [main] INFO main.java.edu.mit.compbio.bisulfitehic.mapping.Bhmem  - Processing reads 986000 ...
250538 [main] INFO main.java.edu.mit.compbio.bisulfitehic.mapping.Bhmem  - Unique mapped and paired reads 978574 ...
[M::mem_process_seqs] Processed 1001 reads in 0.708 CPU sec, 0.096 real sec
[M::mem_process_seqs] Processed 1001 reads in 0.618 CPU sec, 0.086 real sec
[M::mem_process_seqs] Processed 1001 reads in 0.731 CPU sec, 0.095 real sec
[M::mem_process_seqs] Processed 1001 reads in 0.673 CPU sec, 0.085 real sec
251022 [main] INFO main.java.edu.mit.compbio.bisulfitehic.mapping.Bhmem  - Processing reads 987000 ...
251022 [main] INFO main.java.edu.mit.compbio.bisulfitehic.mapping.Bhmem  - Unique mapped and paired reads 980562 ...
251025 [main] INFO main.java.edu.mit.compbio.bisulfitehic.mapping.Bhmem  - Processing reads 988000 ...
251025 [main] INFO main.java.edu.mit.compbio.bisulfitehic.mapping.Bhmem  - Unique mapped and paired reads 980562 ...
[M::mem_process_seqs] Processed 1001 reads in 0.702 CPU sec, 0.089 real sec
[M::mem_process_seqs] Processed 1001 reads in 0.616 CPU sec, 0.078 real sec
[M::mem_process_seqs] Processed 1001 reads in 0.632 CPU sec, 0.083 real sec
[M::mem_process_seqs] Processed 1001 reads in 0.704 CPU sec, 0.089 real sec
251488 [main] INFO main.java.edu.mit.compbio.bisulfitehic.mapping.Bhmem  - Processing reads 989000 ...
251488 [main] INFO main.java.edu.mit.compbio.bisulfitehic.mapping.Bhmem  - Unique mapped and paired reads 982548 ...
251491 [main] INFO main.java.edu.mit.compbio.bisulfitehic.mapping.Bhmem  - Processing reads 990000 ...
251491 [main] INFO main.java.edu.mit.compbio.bisulfitehic.mapping.Bhmem  - Unique mapped and paired reads 982548 ...
[M::mem_process_seqs] Processed 1001 reads in 0.667 CPU sec, 0.085 real sec
[M::mem_process_seqs] Processed 1001 reads in 0.570 CPU sec, 0.076 real sec
[M::mem_process_seqs] Processed 1001 reads in 0.651 CPU sec, 0.087 real sec
[M::mem_process_seqs] Processed 1001 reads in 0.648 CPU sec, 0.083 real sec
251942 [main] INFO main.java.edu.mit.compbio.bisulfitehic.mapping.Bhmem  - Processing reads 991000 ...
251943 [main] INFO main.java.edu.mit.compbio.bisulfitehic.mapping.Bhmem  - Unique mapped and paired reads 984538 ...
251945 [main] INFO main.java.edu.mit.compbio.bisulfitehic.mapping.Bhmem  - Processing reads 992000 ...
251945 [main] INFO main.java.edu.mit.compbio.bisulfitehic.mapping.Bhmem  - Unique mapped and paired reads 984538 ...
[M::mem_process_seqs] Processed 1001 reads in 0.641 CPU sec, 0.081 real sec
[M::mem_process_seqs] Processed 1001 reads in 0.548 CPU sec, 0.076 real sec
[M::mem_process_seqs] Processed 1001 reads in 0.632 CPU sec, 0.081 real sec
[M::mem_process_seqs] Processed 1001 reads in 0.618 CPU sec, 0.081 real sec
252382 [main] INFO main.java.edu.mit.compbio.bisulfitehic.mapping.Bhmem  - Processing reads 993000 ...
252382 [main] INFO main.java.edu.mit.compbio.bisulfitehic.mapping.Bhmem  - Unique mapped and paired reads 986510 ...
252385 [main] INFO main.java.edu.mit.compbio.bisulfitehic.mapping.Bhmem  - Processing reads 994000 ...
252385 [main] INFO main.java.edu.mit.compbio.bisulfitehic.mapping.Bhmem  - Unique mapped and paired reads 986510 ...
[M::mem_process_seqs] Processed 1001 reads in 0.650 CPU sec, 0.083 real sec
[M::mem_process_seqs] Processed 1001 reads in 0.609 CPU sec, 0.078 real sec
[M::mem_process_seqs] Processed 1001 reads in 0.680 CPU sec, 0.086 real sec
[M::mem_process_seqs] Processed 1001 reads in 0.674 CPU sec, 0.088 real sec
252839 [main] INFO main.java.edu.mit.compbio.bisulfitehic.mapping.Bhmem  - Processing reads 995000 ...
252839 [main] INFO main.java.edu.mit.compbio.bisulfitehic.mapping.Bhmem  - Unique mapped and paired reads 988500 ...
252842 [main] INFO main.java.edu.mit.compbio.bisulfitehic.mapping.Bhmem  - Processing reads 996000 ...
252842 [main] INFO main.java.edu.mit.compbio.bisulfitehic.mapping.Bhmem  - Unique mapped and paired reads 988500 ...
[M::mem_process_seqs] Processed 1001 reads in 0.763 CPU sec, 0.098 real sec
[M::mem_process_seqs] Processed 1001 reads in 0.642 CPU sec, 0.082 real sec
[M::mem_process_seqs] Processed 1001 reads in 0.770 CPU sec, 0.103 real sec
[M::mem_process_seqs] Processed 1001 reads in 0.725 CPU sec, 0.092 real sec
253337 [main] INFO main.java.edu.mit.compbio.bisulfitehic.mapping.Bhmem  - Processing reads 997000 ...
253337 [main] INFO main.java.edu.mit.compbio.bisulfitehic.mapping.Bhmem  - Unique mapped and paired reads 990496 ...
253340 [main] INFO main.java.edu.mit.compbio.bisulfitehic.mapping.Bhmem  - Processing reads 998000 ...
253340 [main] INFO main.java.edu.mit.compbio.bisulfitehic.mapping.Bhmem  - Unique mapped and paired reads 990496 ...
[M::mem_process_seqs] Processed 1001 reads in 0.727 CPU sec, 0.092 real sec
[M::mem_process_seqs] Processed 1001 reads in 0.641 CPU sec, 0.085 real sec
[M::mem_process_seqs] Processed 1001 reads in 0.726 CPU sec, 0.092 real sec
[M::mem_process_seqs] Processed 1001 reads in 0.689 CPU sec, 0.093 real sec
253821 [main] INFO main.java.edu.mit.compbio.bisulfitehic.mapping.Bhmem  - Processing reads 999000 ...
253821 [main] INFO main.java.edu.mit.compbio.bisulfitehic.mapping.Bhmem  - Unique mapped and paired reads 992494 ...
253824 [main] INFO main.java.edu.mit.compbio.bisulfitehic.mapping.Bhmem  - Processing reads 1000000 ...
253824 [main] INFO main.java.edu.mit.compbio.bisulfitehic.mapping.Bhmem  - Unique mapped and paired reads 992494 ...
253827 [main] INFO main.java.edu.mit.compbio.bisulfitehic.mapping.Bhmem  - Processing reads 1001000 ...
253827 [main] INFO main.java.edu.mit.compbio.bisulfitehic.mapping.Bhmem  - Unique mapped and paired reads 992494 ...
[M::mem_process_seqs] Processed 1001 reads in 0.666 CPU sec, 0.085 real sec
[M::mem_process_seqs] Processed 1001 reads in 0.593 CPU sec, 0.077 real sec
[M::mem_process_seqs] Processed 1001 reads in 0.680 CPU sec, 0.090 real sec
[M::mem_process_seqs] Processed 1001 reads in 0.687 CPU sec, 0.089 real sec
254287 [main] INFO main.java.edu.mit.compbio.bisulfitehic.mapping.Bhmem  - Processing reads 1002000 ...
254287 [main] INFO main.java.edu.mit.compbio.bisulfitehic.mapping.Bhmem  - Unique mapped and paired reads 994478 ...
254290 [main] INFO main.java.edu.mit.compbio.bisulfitehic.mapping.Bhmem  - Processing reads 1003000 ...
254290 [main] INFO main.java.edu.mit.compbio.bisulfitehic.mapping.Bhmem  - Unique mapped and paired reads 994478 ...
[M::mem_process_seqs] Processed 1001 reads in 0.746 CPU sec, 0.096 real sec
[M::mem_process_seqs] Processed 1001 reads in 0.693 CPU sec, 0.088 real sec
[M::mem_process_seqs] Processed 1001 reads in 0.776 CPU sec, 0.100 real sec
[M::mem_process_seqs] Processed 1001 reads in 0.725 CPU sec, 0.092 real sec
254788 [main] INFO main.java.edu.mit.compbio.bisulfitehic.mapping.Bhmem  - Processing reads 1004000 ...
254788 [main] INFO main.java.edu.mit.compbio.bisulfitehic.mapping.Bhmem  - Unique mapped and paired reads 996460 ...
254791 [main] INFO main.java.edu.mit.compbio.bisulfitehic.mapping.Bhmem  - Processing reads 1005000 ...
254791 [main] INFO main.java.edu.mit.compbio.bisulfitehic.mapping.Bhmem  - Unique mapped and paired reads 996460 ...
[M::mem_process_seqs] Processed 1001 reads in 0.713 CPU sec, 0.100 real sec
[M::mem_process_seqs] Processed 1001 reads in 0.630 CPU sec, 0.081 real sec
[M::mem_process_seqs] Processed 1001 reads in 0.697 CPU sec, 0.088 real sec
[M::mem_process_seqs] Processed 1001 reads in 0.651 CPU sec, 0.086 real sec
255265 [main] INFO main.java.edu.mit.compbio.bisulfitehic.mapping.Bhmem  - Processing reads 1006000 ...
255265 [main] INFO main.java.edu.mit.compbio.bisulfitehic.mapping.Bhmem  - Unique mapped and paired reads 998454 ...
255268 [main] INFO main.java.edu.mit.compbio.bisulfitehic.mapping.Bhmem  - Processing reads 1007000 ...
255268 [main] INFO main.java.edu.mit.compbio.bisulfitehic.mapping.Bhmem  - Unique mapped and paired reads 998454 ...
[M::mem_process_seqs] Processed 1001 reads in 0.695 CPU sec, 0.089 real sec
[M::mem_process_seqs] Processed 1001 reads in 0.584 CPU sec, 0.084 real sec
[M::mem_process_seqs] Processed 1001 reads in 0.695 CPU sec, 0.090 real sec
[M::mem_process_seqs] Processed 1001 reads in 0.660 CPU sec, 0.085 real sec
255738 [main] INFO main.java.edu.mit.compbio.bisulfitehic.mapping.Bhmem  - Processing reads 1008000 ...
255738 [main] INFO main.java.edu.mit.compbio.bisulfitehic.mapping.Bhmem  - Unique mapped and paired reads 1000446 ...
255741 [main] INFO main.java.edu.mit.compbio.bisulfitehic.mapping.Bhmem  - Processing reads 1009000 ...
255741 [main] INFO main.java.edu.mit.compbio.bisulfitehic.mapping.Bhmem  - Unique mapped and paired reads 1000446 ...
[M::mem_process_seqs] Processed 1001 reads in 0.675 CPU sec, 0.086 real sec
[M::mem_process_seqs] Processed 1001 reads in 0.623 CPU sec, 0.080 real sec
[M::mem_process_seqs] Processed 1001 reads in 0.672 CPU sec, 0.086 real sec
[M::mem_process_seqs] Processed 1001 reads in 0.680 CPU sec, 0.086 real sec
256200 [main] INFO main.java.edu.mit.compbio.bisulfitehic.mapping.Bhmem  - Processing reads 1010000 ...
256200 [main] INFO main.java.edu.mit.compbio.bisulfitehic.mapping.Bhmem  - Unique mapped and paired reads 1002440 ...
256203 [main] INFO main.java.edu.mit.compbio.bisulfitehic.mapping.Bhmem  - Processing reads 1011000 ...
256203 [main] INFO main.java.edu.mit.compbio.bisulfitehic.mapping.Bhmem  - Unique mapped and paired reads 1002440 ...
[M::mem_process_seqs] Processed 1001 reads in 0.739 CPU sec, 0.095 real sec
[M::mem_process_seqs] Processed 1001 reads in 0.636 CPU sec, 0.081 real sec
[M::mem_process_seqs] Processed 1001 reads in 0.727 CPU sec, 0.093 real sec
[M::mem_process_seqs] Processed 1001 reads in 0.710 CPU sec, 0.090 real sec
256684 [main] INFO main.java.edu.mit.compbio.bisulfitehic.mapping.Bhmem  - Processing reads 1012000 ...
256684 [main] INFO main.java.edu.mit.compbio.bisulfitehic.mapping.Bhmem  - Unique mapped and paired reads 1004428 ...
256687 [main] INFO main.java.edu.mit.compbio.bisulfitehic.mapping.Bhmem  - Processing reads 1013000 ...
256687 [main] INFO main.java.edu.mit.compbio.bisulfitehic.mapping.Bhmem  - Unique mapped and paired reads 1004428 ...
[M::mem_process_seqs] Processed 1001 reads in 0.648 CPU sec, 0.082 real sec
[M::mem_process_seqs] Processed 1001 reads in 0.540 CPU sec, 0.069 real sec
[M::mem_process_seqs] Processed 1001 reads in 0.665 CPU sec, 0.084 real sec
[M::mem_process_seqs] Processed 1001 reads in 0.618 CPU sec, 0.080 real sec
257116 [main] INFO main.java.edu.mit.compbio.bisulfitehic.mapping.Bhmem  - Processing reads 1014000 ...
257116 [main] INFO main.java.edu.mit.compbio.bisulfitehic.mapping.Bhmem  - Unique mapped and paired reads 1006410 ...
257119 [main] INFO main.java.edu.mit.compbio.bisulfitehic.mapping.Bhmem  - Processing reads 1015000 ...
257119 [main] INFO main.java.edu.mit.compbio.bisulfitehic.mapping.Bhmem  - Unique mapped and paired reads 1006410 ...
[M::mem_process_seqs] Processed 1001 reads in 0.713 CPU sec, 0.090 real sec
[M::mem_process_seqs] Processed 1001 reads in 0.626 CPU sec, 0.081 real sec
[M::mem_process_seqs] Processed 1001 reads in 0.700 CPU sec, 0.088 real sec
[M::mem_process_seqs] Processed 1001 reads in 0.692 CPU sec, 0.088 real sec
257588 [main] INFO main.java.edu.mit.compbio.bisulfitehic.mapping.Bhmem  - Processing reads 1016000 ...
257588 [main] INFO main.java.edu.mit.compbio.bisulfitehic.mapping.Bhmem  - Unique mapped and paired reads 1008406 ...
257590 [main] INFO main.java.edu.mit.compbio.bisulfitehic.mapping.Bhmem  - Processing reads 1017000 ...
257590 [main] INFO main.java.edu.mit.compbio.bisulfitehic.mapping.Bhmem  - Unique mapped and paired reads 1008406 ...
[M::mem_process_seqs] Processed 1001 reads in 0.707 CPU sec, 0.090 real sec
[M::mem_process_seqs] Processed 1001 reads in 0.652 CPU sec, 0.088 real sec
[M::mem_process_seqs] Processed 1001 reads in 0.702 CPU sec, 0.089 real sec
[M::mem_process_seqs] Processed 1001 reads in 0.689 CPU sec, 0.087 real sec
258068 [main] INFO main.java.edu.mit.compbio.bisulfitehic.mapping.Bhmem  - Processing reads 1018000 ...
258068 [main] INFO main.java.edu.mit.compbio.bisulfitehic.mapping.Bhmem  - Unique mapped and paired reads 1010396 ...
258071 [main] INFO main.java.edu.mit.compbio.bisulfitehic.mapping.Bhmem  - Processing reads 1019000 ...
258071 [main] INFO main.java.edu.mit.compbio.bisulfitehic.mapping.Bhmem  - Unique mapped and paired reads 1010396 ...
[M::mem_process_seqs] Processed 1001 reads in 0.678 CPU sec, 0.087 real sec
[M::mem_process_seqs] Processed 1001 reads in 0.619 CPU sec, 0.082 real sec
[M::mem_process_seqs] Processed 1001 reads in 0.701 CPU sec, 0.096 real sec
[M::mem_process_seqs] Processed 1001 reads in 0.685 CPU sec, 0.086 real sec
258544 [main] INFO main.java.edu.mit.compbio.bisulfitehic.mapping.Bhmem  - Processing reads 1020000 ...
258544 [main] INFO main.java.edu.mit.compbio.bisulfitehic.mapping.Bhmem  - Unique mapped and paired reads 1012388 ...
258547 [main] INFO main.java.edu.mit.compbio.bisulfitehic.mapping.Bhmem  - Processing reads 1021000 ...
258547 [main] INFO main.java.edu.mit.compbio.bisulfitehic.mapping.Bhmem  - Unique mapped and paired reads 1012388 ...
[M::mem_process_seqs] Processed 1001 reads in 0.689 CPU sec, 0.088 real sec
[M::mem_process_seqs] Processed 1001 reads in 0.590 CPU sec, 0.075 real sec
[M::mem_process_seqs] Processed 1001 reads in 0.661 CPU sec, 0.085 real sec
[M::mem_process_seqs] Processed 1001 reads in 0.616 CPU sec, 0.080 real sec
258995 [main] INFO main.java.edu.mit.compbio.bisulfitehic.mapping.Bhmem  - Processing reads 1022000 ...
258995 [main] INFO main.java.edu.mit.compbio.bisulfitehic.mapping.Bhmem  - Unique mapped and paired reads 1014370 ...
258998 [main] INFO main.java.edu.mit.compbio.bisulfitehic.mapping.Bhmem  - Processing reads 1023000 ...
258998 [main] INFO main.java.edu.mit.compbio.bisulfitehic.mapping.Bhmem  - Unique mapped and paired reads 1014370 ...
[M::mem_process_seqs] Processed 1001 reads in 0.662 CPU sec, 0.088 real sec
[M::mem_process_seqs] Processed 1001 reads in 0.625 CPU sec, 0.083 real sec
[M::mem_process_seqs] Processed 1001 reads in 0.705 CPU sec, 0.091 real sec
[M::mem_process_seqs] Processed 1001 reads in 0.661 CPU sec, 0.084 real sec
259466 [main] INFO main.java.edu.mit.compbio.bisulfitehic.mapping.Bhmem  - Processing reads 1024000 ...
259466 [main] INFO main.java.edu.mit.compbio.bisulfitehic.mapping.Bhmem  - Unique mapped and paired reads 1016352 ...
259469 [main] INFO main.java.edu.mit.compbio.bisulfitehic.mapping.Bhmem  - Processing reads 1025000 ...
259469 [main] INFO main.java.edu.mit.compbio.bisulfitehic.mapping.Bhmem  - Unique mapped and paired reads 1016352 ...
[M::mem_process_seqs] Processed 1001 reads in 0.676 CPU sec, 0.086 real sec
[M::mem_process_seqs] Processed 1001 reads in 0.572 CPU sec, 0.073 real sec
[M::mem_process_seqs] Processed 1001 reads in 0.680 CPU sec, 0.093 real sec
[M::mem_process_seqs] Processed 1001 reads in 0.682 CPU sec, 0.086 real sec
259928 [main] INFO main.java.edu.mit.compbio.bisulfitehic.mapping.Bhmem  - Processing reads 1026000 ...
259928 [main] INFO main.java.edu.mit.compbio.bisulfitehic.mapping.Bhmem  - Unique mapped and paired reads 1018342 ...
259931 [main] INFO main.java.edu.mit.compbio.bisulfitehic.mapping.Bhmem  - Processing reads 1027000 ...
259931 [main] INFO main.java.edu.mit.compbio.bisulfitehic.mapping.Bhmem  - Unique mapped and paired reads 1018342 ...
[M::mem_process_seqs] Processed 1001 reads in 0.669 CPU sec, 0.088 real sec
[M::mem_process_seqs] Processed 1001 reads in 0.586 CPU sec, 0.075 real sec
[M::mem_process_seqs] Processed 1001 reads in 0.657 CPU sec, 0.084 real sec
[M::mem_process_seqs] Processed 1001 reads in 0.679 CPU sec, 0.087 real sec
260384 [main] INFO main.java.edu.mit.compbio.bisulfitehic.mapping.Bhmem  - Processing reads 1028000 ...
260384 [main] INFO main.java.edu.mit.compbio.bisulfitehic.mapping.Bhmem  - Unique mapped and paired reads 1020322 ...
260387 [main] INFO main.java.edu.mit.compbio.bisulfitehic.mapping.Bhmem  - Processing reads 1029000 ...
260387 [main] INFO main.java.edu.mit.compbio.bisulfitehic.mapping.Bhmem  - Unique mapped and paired reads 1020322 ...
[M::mem_process_seqs] Processed 1001 reads in 0.707 CPU sec, 0.089 real sec
[M::mem_process_seqs] Processed 1001 reads in 0.627 CPU sec, 0.081 real sec
[M::mem_process_seqs] Processed 1001 reads in 0.735 CPU sec, 0.093 real sec
[M::mem_process_seqs] Processed 1001 reads in 0.715 CPU sec, 0.092 real sec
260868 [main] INFO main.java.edu.mit.compbio.bisulfitehic.mapping.Bhmem  - Processing reads 1030000 ...
260868 [main] INFO main.java.edu.mit.compbio.bisulfitehic.mapping.Bhmem  - Unique mapped and paired reads 1022308 ...
260871 [main] INFO main.java.edu.mit.compbio.bisulfitehic.mapping.Bhmem  - Processing reads 1031000 ...
260871 [main] INFO main.java.edu.mit.compbio.bisulfitehic.mapping.Bhmem  - Unique mapped and paired reads 1022308 ...
[M::mem_process_seqs] Processed 1001 reads in 0.688 CPU sec, 0.088 real sec
[M::mem_process_seqs] Processed 1001 reads in 0.631 CPU sec, 0.081 real sec
[M::mem_process_seqs] Processed 1001 reads in 0.707 CPU sec, 0.093 real sec
[M::mem_process_seqs] Processed 1001 reads in 0.672 CPU sec, 0.086 real sec
261394 [main] INFO main.java.edu.mit.compbio.bisulfitehic.mapping.Bhmem  - Processing reads 1032000 ...
261394 [main] INFO main.java.edu.mit.compbio.bisulfitehic.mapping.Bhmem  - Unique mapped and paired reads 1024306 ...
261397 [main] INFO main.java.edu.mit.compbio.bisulfitehic.mapping.Bhmem  - Processing reads 1033000 ...
261397 [main] INFO main.java.edu.mit.compbio.bisulfitehic.mapping.Bhmem  - Unique mapped and paired reads 1024306 ...
[M::mem_process_seqs] Processed 1001 reads in 0.736 CPU sec, 0.093 real sec
[M::mem_process_seqs] Processed 1001 reads in 0.660 CPU sec, 0.088 real sec
[M::mem_process_seqs] Processed 1001 reads in 0.748 CPU sec, 0.094 real sec
[M::mem_process_seqs] Processed 1001 reads in 0.695 CPU sec, 0.089 real sec
261885 [main] INFO main.java.edu.mit.compbio.bisulfitehic.mapping.Bhmem  - Processing reads 1034000 ...
261885 [main] INFO main.java.edu.mit.compbio.bisulfitehic.mapping.Bhmem  - Unique mapped and paired reads 1026298 ...
261888 [main] INFO main.java.edu.mit.compbio.bisulfitehic.mapping.Bhmem  - Processing reads 1035000 ...
261888 [main] INFO main.java.edu.mit.compbio.bisulfitehic.mapping.Bhmem  - Unique mapped and paired reads 1026298 ...
[M::mem_process_seqs] Processed 1001 reads in 0.683 CPU sec, 0.087 real sec
[M::mem_process_seqs] Processed 1001 reads in 0.580 CPU sec, 0.076 real sec
[M::mem_process_seqs] Processed 1001 reads in 0.662 CPU sec, 0.085 real sec
[M::mem_process_seqs] Processed 1001 reads in 0.655 CPU sec, 0.093 real sec
262353 [main] INFO main.java.edu.mit.compbio.bisulfitehic.mapping.Bhmem  - Processing reads 1036000 ...
262353 [main] INFO main.java.edu.mit.compbio.bisulfitehic.mapping.Bhmem  - Unique mapped and paired reads 1028290 ...
262355 [main] INFO main.java.edu.mit.compbio.bisulfitehic.mapping.Bhmem  - Processing reads 1037000 ...
262355 [main] INFO main.java.edu.mit.compbio.bisulfitehic.mapping.Bhmem  - Unique mapped and paired reads 1028290 ...
[M::mem_process_seqs] Processed 1001 reads in 0.709 CPU sec, 0.090 real sec
[M::mem_process_seqs] Processed 1001 reads in 0.642 CPU sec, 0.082 real sec
[M::mem_process_seqs] Processed 1001 reads in 0.696 CPU sec, 0.089 real sec
[M::mem_process_seqs] Processed 1001 reads in 0.689 CPU sec, 0.093 real sec
262830 [main] INFO main.java.edu.mit.compbio.bisulfitehic.mapping.Bhmem  - Processing reads 1038000 ...
262830 [main] INFO main.java.edu.mit.compbio.bisulfitehic.mapping.Bhmem  - Unique mapped and paired reads 1030284 ...
262833 [main] INFO main.java.edu.mit.compbio.bisulfitehic.mapping.Bhmem  - Processing reads 1039000 ...
262833 [main] INFO main.java.edu.mit.compbio.bisulfitehic.mapping.Bhmem  - Unique mapped and paired reads 1030284 ...
[M::mem_process_seqs] Processed 1001 reads in 0.671 CPU sec, 0.089 real sec
[M::mem_process_seqs] Processed 1001 reads in 0.582 CPU sec, 0.074 real sec
[M::mem_process_seqs] Processed 1001 reads in 0.653 CPU sec, 0.083 real sec
[M::mem_process_seqs] Processed 1001 reads in 0.612 CPU sec, 0.077 real sec
263275 [main] INFO main.java.edu.mit.compbio.bisulfitehic.mapping.Bhmem  - Processing reads 1040000 ...
263275 [main] INFO main.java.edu.mit.compbio.bisulfitehic.mapping.Bhmem  - Unique mapped and paired reads 1032274 ...
263278 [main] INFO main.java.edu.mit.compbio.bisulfitehic.mapping.Bhmem  - Processing reads 1041000 ...
263278 [main] INFO main.java.edu.mit.compbio.bisulfitehic.mapping.Bhmem  - Unique mapped and paired reads 1032274 ...
[M::mem_process_seqs] Processed 1001 reads in 0.686 CPU sec, 0.094 real sec
[M::mem_process_seqs] Processed 1001 reads in 0.592 CPU sec, 0.082 real sec
[M::mem_process_seqs] Processed 1001 reads in 0.648 CPU sec, 0.082 real sec
[M::mem_process_seqs] Processed 1001 reads in 0.649 CPU sec, 0.082 real sec
263733 [main] INFO main.java.edu.mit.compbio.bisulfitehic.mapping.Bhmem  - Processing reads 1042000 ...
263733 [main] INFO main.java.edu.mit.compbio.bisulfitehic.mapping.Bhmem  - Unique mapped and paired reads 1034264 ...
263736 [main] INFO main.java.edu.mit.compbio.bisulfitehic.mapping.Bhmem  - Processing reads 1043000 ...
263736 [main] INFO main.java.edu.mit.compbio.bisulfitehic.mapping.Bhmem  - Unique mapped and paired reads 1034264 ...
[M::mem_process_seqs] Processed 1001 reads in 0.707 CPU sec, 0.094 real sec
[M::mem_process_seqs] Processed 1001 reads in 0.632 CPU sec, 0.080 real sec
[M::mem_process_seqs] Processed 1001 reads in 0.722 CPU sec, 0.093 real sec
[M::mem_process_seqs] Processed 1001 reads in 0.684 CPU sec, 0.087 real sec
264274 [main] INFO main.java.edu.mit.compbio.bisulfitehic.mapping.Bhmem  - Processing reads 1044000 ...
264274 [main] INFO main.java.edu.mit.compbio.bisulfitehic.mapping.Bhmem  - Unique mapped and paired reads 1036256 ...
264282 [main] INFO main.java.edu.mit.compbio.bisulfitehic.mapping.Bhmem  - Processing reads 1045000 ...
264282 [main] INFO main.java.edu.mit.compbio.bisulfitehic.mapping.Bhmem  - Unique mapped and paired reads 1036256 ...
[M::mem_process_seqs] Processed 1001 reads in 0.679 CPU sec, 0.087 real sec
[M::mem_process_seqs] Processed 1001 reads in 0.588 CPU sec, 0.074 real sec
[M::mem_process_seqs] Processed 1001 reads in 0.678 CPU sec, 0.087 real sec
[M::mem_process_seqs] Processed 1001 reads in 0.703 CPU sec, 0.096 real sec
264745 [main] INFO main.java.edu.mit.compbio.bisulfitehic.mapping.Bhmem  - Processing reads 1046000 ...
264745 [main] INFO main.java.edu.mit.compbio.bisulfitehic.mapping.Bhmem  - Unique mapped and paired reads 1038238 ...
264748 [main] INFO main.java.edu.mit.compbio.bisulfitehic.mapping.Bhmem  - Processing reads 1047000 ...
264748 [main] INFO main.java.edu.mit.compbio.bisulfitehic.mapping.Bhmem  - Unique mapped and paired reads 1038238 ...
[M::mem_process_seqs] Processed 1001 reads in 0.687 CPU sec, 0.087 real sec
[M::mem_process_seqs] Processed 1001 reads in 0.618 CPU sec, 0.078 real sec
[M::mem_process_seqs] Processed 1001 reads in 0.742 CPU sec, 0.107 real sec
[M::mem_process_seqs] Processed 1001 reads in 0.787 CPU sec, 0.100 real sec
265244 [main] INFO main.java.edu.mit.compbio.bisulfitehic.mapping.Bhmem  - Processing reads 1048000 ...
265244 [main] INFO main.java.edu.mit.compbio.bisulfitehic.mapping.Bhmem  - Unique mapped and paired reads 1040232 ...
265247 [main] INFO main.java.edu.mit.compbio.bisulfitehic.mapping.Bhmem  - Processing reads 1049000 ...
265247 [main] INFO main.java.edu.mit.compbio.bisulfitehic.mapping.Bhmem  - Unique mapped and paired reads 1040232 ...
[M::mem_process_seqs] Processed 1001 reads in 0.711 CPU sec, 0.094 real sec
[M::mem_process_seqs] Processed 1001 reads in 0.597 CPU sec, 0.078 real sec
[M::mem_process_seqs] Processed 1001 reads in 0.709 CPU sec, 0.091 real sec
[M::mem_process_seqs] Processed 1001 reads in 0.684 CPU sec, 0.093 real sec
265723 [main] INFO main.java.edu.mit.compbio.bisulfitehic.mapping.Bhmem  - Processing reads 1050000 ...
265723 [main] INFO main.java.edu.mit.compbio.bisulfitehic.mapping.Bhmem  - Unique mapped and paired reads 1042224 ...
265726 [main] INFO main.java.edu.mit.compbio.bisulfitehic.mapping.Bhmem  - Processing reads 1051000 ...
265726 [main] INFO main.java.edu.mit.compbio.bisulfitehic.mapping.Bhmem  - Unique mapped and paired reads 1042224 ...
[M::mem_process_seqs] Processed 1001 reads in 0.710 CPU sec, 0.091 real sec
[M::mem_process_seqs] Processed 1001 reads in 0.607 CPU sec, 0.077 real sec
[M::mem_process_seqs] Processed 1001 reads in 0.751 CPU sec, 0.101 real sec
[M::mem_process_seqs] Processed 1001 reads in 0.680 CPU sec, 0.088 real sec
266205 [main] INFO main.java.edu.mit.compbio.bisulfitehic.mapping.Bhmem  - Processing reads 1052000 ...
266205 [main] INFO main.java.edu.mit.compbio.bisulfitehic.mapping.Bhmem  - Unique mapped and paired reads 1044216 ...
266208 [main] INFO main.java.edu.mit.compbio.bisulfitehic.mapping.Bhmem  - Processing reads 1053000 ...
266208 [main] INFO main.java.edu.mit.compbio.bisulfitehic.mapping.Bhmem  - Unique mapped and paired reads 1044216 ...
[M::mem_process_seqs] Processed 1001 reads in 0.700 CPU sec, 0.090 real sec
[M::mem_process_seqs] Processed 1001 reads in 0.623 CPU sec, 0.079 real sec
[M::mem_process_seqs] Processed 1001 reads in 0.710 CPU sec, 0.090 real sec
[M::mem_process_seqs] Processed 1001 reads in 0.714 CPU sec, 0.107 real sec
266703 [main] INFO main.java.edu.mit.compbio.bisulfitehic.mapping.Bhmem  - Processing reads 1054000 ...
266703 [main] INFO main.java.edu.mit.compbio.bisulfitehic.mapping.Bhmem  - Unique mapped and paired reads 1046208 ...
266706 [main] INFO main.java.edu.mit.compbio.bisulfitehic.mapping.Bhmem  - Processing reads 1055000 ...
266706 [main] INFO main.java.edu.mit.compbio.bisulfitehic.mapping.Bhmem  - Unique mapped and paired reads 1046208 ...
[M::mem_process_seqs] Processed 1001 reads in 0.657 CPU sec, 0.084 real sec
[M::mem_process_seqs] Processed 1001 reads in 0.590 CPU sec, 0.075 real sec
[M::mem_process_seqs] Processed 1001 reads in 0.689 CPU sec, 0.089 real sec
[M::mem_process_seqs] Processed 1001 reads in 0.656 CPU sec, 0.084 real sec
267154 [main] INFO main.java.edu.mit.compbio.bisulfitehic.mapping.Bhmem  - Processing reads 1056000 ...
267154 [main] INFO main.java.edu.mit.compbio.bisulfitehic.mapping.Bhmem  - Unique mapped and paired reads 1048190 ...
267157 [main] INFO main.java.edu.mit.compbio.bisulfitehic.mapping.Bhmem  - Processing reads 1057000 ...
267157 [main] INFO main.java.edu.mit.compbio.bisulfitehic.mapping.Bhmem  - Unique mapped and paired reads 1048190 ...
[M::mem_process_seqs] Processed 1001 reads in 0.642 CPU sec, 0.087 real sec
[M::mem_process_seqs] Processed 1001 reads in 0.578 CPU sec, 0.073 real sec
[M::mem_process_seqs] Processed 1001 reads in 0.642 CPU sec, 0.088 real sec
[M::mem_process_seqs] Processed 1001 reads in 0.628 CPU sec, 0.080 real sec
267605 [main] INFO main.java.edu.mit.compbio.bisulfitehic.mapping.Bhmem  - Processing reads 1058000 ...
267605 [main] INFO main.java.edu.mit.compbio.bisulfitehic.mapping.Bhmem  - Unique mapped and paired reads 1050174 ...
267608 [main] INFO main.java.edu.mit.compbio.bisulfitehic.mapping.Bhmem  - Processing reads 1059000 ...
267608 [main] INFO main.java.edu.mit.compbio.bisulfitehic.mapping.Bhmem  - Unique mapped and paired reads 1050174 ...
[M::mem_process_seqs] Processed 1001 reads in 0.692 CPU sec, 0.089 real sec
[M::mem_process_seqs] Processed 1001 reads in 0.561 CPU sec, 0.071 real sec
[M::mem_process_seqs] Processed 1001 reads in 0.682 CPU sec, 0.090 real sec
[M::mem_process_seqs] Processed 1001 reads in 0.623 CPU sec, 0.081 real sec
268057 [main] INFO main.java.edu.mit.compbio.bisulfitehic.mapping.Bhmem  - Processing reads 1060000 ...
268057 [main] INFO main.java.edu.mit.compbio.bisulfitehic.mapping.Bhmem  - Unique mapped and paired reads 1052162 ...
268060 [main] INFO main.java.edu.mit.compbio.bisulfitehic.mapping.Bhmem  - Processing reads 1061000 ...
268060 [main] INFO main.java.edu.mit.compbio.bisulfitehic.mapping.Bhmem  - Unique mapped and paired reads 1052162 ...
[M::mem_process_seqs] Processed 1001 reads in 0.738 CPU sec, 0.094 real sec
[M::mem_process_seqs] Processed 1001 reads in 0.662 CPU sec, 0.092 real sec
[M::mem_process_seqs] Processed 1001 reads in 0.720 CPU sec, 0.091 real sec
[M::mem_process_seqs] Processed 1001 reads in 0.689 CPU sec, 0.088 real sec
268543 [main] INFO main.java.edu.mit.compbio.bisulfitehic.mapping.Bhmem  - Processing reads 1062000 ...
268543 [main] INFO main.java.edu.mit.compbio.bisulfitehic.mapping.Bhmem  - Unique mapped and paired reads 1054152 ...
268545 [main] INFO main.java.edu.mit.compbio.bisulfitehic.mapping.Bhmem  - Processing reads 1063000 ...
268546 [main] INFO main.java.edu.mit.compbio.bisulfitehic.mapping.Bhmem  - Unique mapped and paired reads 1054152 ...
[M::mem_process_seqs] Processed 1001 reads in 0.710 CPU sec, 0.090 real sec
[M::mem_process_seqs] Processed 1001 reads in 0.596 CPU sec, 0.081 real sec
[M::mem_process_seqs] Processed 1001 reads in 0.714 CPU sec, 0.092 real sec
[M::mem_process_seqs] Processed 1001 reads in 0.701 CPU sec, 0.092 real sec
269019 [main] INFO main.java.edu.mit.compbio.bisulfitehic.mapping.Bhmem  - Processing reads 1064000 ...
269019 [main] INFO main.java.edu.mit.compbio.bisulfitehic.mapping.Bhmem  - Unique mapped and paired reads 1056144 ...
269022 [main] INFO main.java.edu.mit.compbio.bisulfitehic.mapping.Bhmem  - Processing reads 1065000 ...
269022 [main] INFO main.java.edu.mit.compbio.bisulfitehic.mapping.Bhmem  - Unique mapped and paired reads 1056144 ...
[M::mem_process_seqs] Processed 1001 reads in 0.722 CPU sec, 0.091 real sec
[M::mem_process_seqs] Processed 1001 reads in 0.582 CPU sec, 0.076 real sec
[M::mem_process_seqs] Processed 1001 reads in 0.740 CPU sec, 0.094 real sec
[M::mem_process_seqs] Processed 1001 reads in 0.675 CPU sec, 0.093 real sec
269496 [main] INFO main.java.edu.mit.compbio.bisulfitehic.mapping.Bhmem  - Processing reads 1066000 ...
269496 [main] INFO main.java.edu.mit.compbio.bisulfitehic.mapping.Bhmem  - Unique mapped and paired reads 1058126 ...
269499 [main] INFO main.java.edu.mit.compbio.bisulfitehic.mapping.Bhmem  - Processing reads 1067000 ...
269499 [main] INFO main.java.edu.mit.compbio.bisulfitehic.mapping.Bhmem  - Unique mapped and paired reads 1058126 ...
[M::mem_process_seqs] Processed 1001 reads in 0.667 CPU sec, 0.085 real sec
[M::mem_process_seqs] Processed 1001 reads in 0.620 CPU sec, 0.079 real sec
[M::mem_process_seqs] Processed 1001 reads in 0.710 CPU sec, 0.103 real sec
[M::mem_process_seqs] Processed 1001 reads in 0.765 CPU sec, 0.102 real sec
269987 [main] INFO main.java.edu.mit.compbio.bisulfitehic.mapping.Bhmem  - Processing reads 1068000 ...
269987 [main] INFO main.java.edu.mit.compbio.bisulfitehic.mapping.Bhmem  - Unique mapped and paired reads 1060120 ...
269990 [main] INFO main.java.edu.mit.compbio.bisulfitehic.mapping.Bhmem  - Processing reads 1069000 ...
269990 [main] INFO main.java.edu.mit.compbio.bisulfitehic.mapping.Bhmem  - Unique mapped and paired reads 1060120 ...
[M::mem_process_seqs] Processed 1001 reads in 0.686 CPU sec, 0.087 real sec
[M::mem_process_seqs] Processed 1001 reads in 0.603 CPU sec, 0.076 real sec
[M::mem_process_seqs] Processed 1001 reads in 0.708 CPU sec, 0.095 real sec
[M::mem_process_seqs] Processed 1001 reads in 0.710 CPU sec, 0.091 real sec
270460 [main] INFO main.java.edu.mit.compbio.bisulfitehic.mapping.Bhmem  - Processing reads 1070000 ...
270460 [main] INFO main.java.edu.mit.compbio.bisulfitehic.mapping.Bhmem  - Unique mapped and paired reads 1062108 ...
270463 [main] INFO main.java.edu.mit.compbio.bisulfitehic.mapping.Bhmem  - Processing reads 1071000 ...
270463 [main] INFO main.java.edu.mit.compbio.bisulfitehic.mapping.Bhmem  - Unique mapped and paired reads 1062108 ...
[M::mem_process_seqs] Processed 1001 reads in 0.709 CPU sec, 0.091 real sec
[M::mem_process_seqs] Processed 1001 reads in 0.654 CPU sec, 0.083 real sec
[M::mem_process_seqs] Processed 1001 reads in 0.712 CPU sec, 0.096 real sec
[M::mem_process_seqs] Processed 1001 reads in 0.745 CPU sec, 0.098 real sec
270955 [main] INFO main.java.edu.mit.compbio.bisulfitehic.mapping.Bhmem  - Processing reads 1072000 ...
270955 [main] INFO main.java.edu.mit.compbio.bisulfitehic.mapping.Bhmem  - Unique mapped and paired reads 1064104 ...
270958 [main] INFO main.java.edu.mit.compbio.bisulfitehic.mapping.Bhmem  - Processing reads 1073000 ...
270958 [main] INFO main.java.edu.mit.compbio.bisulfitehic.mapping.Bhmem  - Unique mapped and paired reads 1064104 ...
[M::mem_process_seqs] Processed 1001 reads in 0.685 CPU sec, 0.088 real sec
[M::mem_process_seqs] Processed 1001 reads in 0.588 CPU sec, 0.078 real sec
[M::mem_process_seqs] Processed 1001 reads in 0.678 CPU sec, 0.086 real sec
[M::mem_process_seqs] Processed 1001 reads in 0.659 CPU sec, 0.084 real sec
271411 [main] INFO main.java.edu.mit.compbio.bisulfitehic.mapping.Bhmem  - Processing reads 1074000 ...
271411 [main] INFO main.java.edu.mit.compbio.bisulfitehic.mapping.Bhmem  - Unique mapped and paired reads 1066096 ...
271414 [main] INFO main.java.edu.mit.compbio.bisulfitehic.mapping.Bhmem  - Processing reads 1075000 ...
271414 [main] INFO main.java.edu.mit.compbio.bisulfitehic.mapping.Bhmem  - Unique mapped and paired reads 1066096 ...
[M::mem_process_seqs] Processed 1001 reads in 0.686 CPU sec, 0.088 real sec
[M::mem_process_seqs] Processed 1001 reads in 0.569 CPU sec, 0.072 real sec
[M::mem_process_seqs] Processed 1001 reads in 0.718 CPU sec, 0.093 real sec
[M::mem_process_seqs] Processed 1001 reads in 0.639 CPU sec, 0.081 real sec
271869 [main] INFO main.java.edu.mit.compbio.bisulfitehic.mapping.Bhmem  - Processing reads 1076000 ...
271869 [main] INFO main.java.edu.mit.compbio.bisulfitehic.mapping.Bhmem  - Unique mapped and paired reads 1068086 ...
271872 [main] INFO main.java.edu.mit.compbio.bisulfitehic.mapping.Bhmem  - Processing reads 1077000 ...
271872 [main] INFO main.java.edu.mit.compbio.bisulfitehic.mapping.Bhmem  - Unique mapped and paired reads 1068086 ...
[M::mem_process_seqs] Processed 1001 reads in 0.671 CPU sec, 0.086 real sec
[M::mem_process_seqs] Processed 1001 reads in 0.637 CPU sec, 0.084 real sec
[M::mem_process_seqs] Processed 1001 reads in 0.693 CPU sec, 0.089 real sec
[M::mem_process_seqs] Processed 1001 reads in 0.631 CPU sec, 0.083 real sec
272332 [main] INFO main.java.edu.mit.compbio.bisulfitehic.mapping.Bhmem  - Processing reads 1078000 ...
272332 [main] INFO main.java.edu.mit.compbio.bisulfitehic.mapping.Bhmem  - Unique mapped and paired reads 1070076 ...
272335 [main] INFO main.java.edu.mit.compbio.bisulfitehic.mapping.Bhmem  - Processing reads 1079000 ...
272335 [main] INFO main.java.edu.mit.compbio.bisulfitehic.mapping.Bhmem  - Unique mapped and paired reads 1070076 ...
[M::mem_process_seqs] Processed 1001 reads in 0.684 CPU sec, 0.087 real sec
[M::mem_process_seqs] Processed 1001 reads in 0.581 CPU sec, 0.080 real sec
[M::mem_process_seqs] Processed 1001 reads in 0.689 CPU sec, 0.088 real sec
[M::mem_process_seqs] Processed 1001 reads in 0.635 CPU sec, 0.080 real sec
272794 [main] INFO main.java.edu.mit.compbio.bisulfitehic.mapping.Bhmem  - Processing reads 1080000 ...
272794 [main] INFO main.java.edu.mit.compbio.bisulfitehic.mapping.Bhmem  - Unique mapped and paired reads 1072066 ...
272797 [main] INFO main.java.edu.mit.compbio.bisulfitehic.mapping.Bhmem  - Processing reads 1081000 ...
272797 [main] INFO main.java.edu.mit.compbio.bisulfitehic.mapping.Bhmem  - Unique mapped and paired reads 1072066 ...
[M::mem_process_seqs] Processed 1001 reads in 0.726 CPU sec, 0.092 real sec
[M::mem_process_seqs] Processed 1001 reads in 0.673 CPU sec, 0.098 real sec
[M::mem_process_seqs] Processed 1001 reads in 0.831 CPU sec, 0.106 real sec
[M::mem_process_seqs] Processed 1001 reads in 0.762 CPU sec, 0.098 real sec
273316 [main] INFO main.java.edu.mit.compbio.bisulfitehic.mapping.Bhmem  - Processing reads 1082000 ...
273316 [main] INFO main.java.edu.mit.compbio.bisulfitehic.mapping.Bhmem  - Unique mapped and paired reads 1074042 ...
273319 [main] INFO main.java.edu.mit.compbio.bisulfitehic.mapping.Bhmem  - Processing reads 1083000 ...
273319 [main] INFO main.java.edu.mit.compbio.bisulfitehic.mapping.Bhmem  - Unique mapped and paired reads 1074042 ...
[M::mem_process_seqs] Processed 1001 reads in 0.646 CPU sec, 0.082 real sec
[M::mem_process_seqs] Processed 1001 reads in 0.583 CPU sec, 0.080 real sec
[M::mem_process_seqs] Processed 1001 reads in 0.689 CPU sec, 0.091 real sec
[M::mem_process_seqs] Processed 1001 reads in 0.671 CPU sec, 0.093 real sec
273783 [main] INFO main.java.edu.mit.compbio.bisulfitehic.mapping.Bhmem  - Processing reads 1084000 ...
273783 [main] INFO main.java.edu.mit.compbio.bisulfitehic.mapping.Bhmem  - Unique mapped and paired reads 1076022 ...
273786 [main] INFO main.java.edu.mit.compbio.bisulfitehic.mapping.Bhmem  - Processing reads 1085000 ...
273786 [main] INFO main.java.edu.mit.compbio.bisulfitehic.mapping.Bhmem  - Unique mapped and paired reads 1076022 ...
[M::mem_process_seqs] Processed 1001 reads in 0.683 CPU sec, 0.087 real sec
[M::mem_process_seqs] Processed 1001 reads in 0.607 CPU sec, 0.086 real sec
[M::mem_process_seqs] Processed 1001 reads in 0.765 CPU sec, 0.097 real sec
[M::mem_process_seqs] Processed 1001 reads in 0.715 CPU sec, 0.094 real sec
274268 [main] INFO main.java.edu.mit.compbio.bisulfitehic.mapping.Bhmem  - Processing reads 1086000 ...
274268 [main] INFO main.java.edu.mit.compbio.bisulfitehic.mapping.Bhmem  - Unique mapped and paired reads 1078020 ...
274271 [main] INFO main.java.edu.mit.compbio.bisulfitehic.mapping.Bhmem  - Processing reads 1087000 ...
274271 [main] INFO main.java.edu.mit.compbio.bisulfitehic.mapping.Bhmem  - Unique mapped and paired reads 1078020 ...
[M::mem_process_seqs] Processed 1001 reads in 0.722 CPU sec, 0.095 real sec
[M::mem_process_seqs] Processed 1001 reads in 0.604 CPU sec, 0.080 real sec
[M::mem_process_seqs] Processed 1001 reads in 0.680 CPU sec, 0.088 real sec
[M::mem_process_seqs] Processed 1001 reads in 0.724 CPU sec, 0.093 real sec
274749 [main] INFO main.java.edu.mit.compbio.bisulfitehic.mapping.Bhmem  - Processing reads 1088000 ...
274749 [main] INFO main.java.edu.mit.compbio.bisulfitehic.mapping.Bhmem  - Unique mapped and paired reads 1080008 ...
274752 [main] INFO main.java.edu.mit.compbio.bisulfitehic.mapping.Bhmem  - Processing reads 1089000 ...
274752 [main] INFO main.java.edu.mit.compbio.bisulfitehic.mapping.Bhmem  - Unique mapped and paired reads 1080008 ...
[M::mem_process_seqs] Processed 1001 reads in 0.704 CPU sec, 0.099 real sec
[M::mem_process_seqs] Processed 1001 reads in 0.668 CPU sec, 0.096 real sec
[M::mem_process_seqs] Processed 1001 reads in 0.763 CPU sec, 0.100 real sec
[M::mem_process_seqs] Processed 1001 reads in 0.779 CPU sec, 0.114 real sec
275289 [main] INFO main.java.edu.mit.compbio.bisulfitehic.mapping.Bhmem  - Processing reads 1090000 ...
275289 [main] INFO main.java.edu.mit.compbio.bisulfitehic.mapping.Bhmem  - Unique mapped and paired reads 1081990 ...
275292 [main] INFO main.java.edu.mit.compbio.bisulfitehic.mapping.Bhmem  - Processing reads 1091000 ...
275292 [main] INFO main.java.edu.mit.compbio.bisulfitehic.mapping.Bhmem  - Unique mapped and paired reads 1081990 ...
[M::mem_process_seqs] Processed 1001 reads in 0.711 CPU sec, 0.090 real sec
[M::mem_process_seqs] Processed 1001 reads in 0.609 CPU sec, 0.079 real sec
[M::mem_process_seqs] Processed 1001 reads in 0.735 CPU sec, 0.095 real sec
[M::mem_process_seqs] Processed 1001 reads in 0.708 CPU sec, 0.090 real sec
275769 [main] INFO main.java.edu.mit.compbio.bisulfitehic.mapping.Bhmem  - Processing reads 1092000 ...
275769 [main] INFO main.java.edu.mit.compbio.bisulfitehic.mapping.Bhmem  - Unique mapped and paired reads 1083984 ...
275771 [main] INFO main.java.edu.mit.compbio.bisulfitehic.mapping.Bhmem  - Processing reads 1093000 ...
275771 [main] INFO main.java.edu.mit.compbio.bisulfitehic.mapping.Bhmem  - Unique mapped and paired reads 1083984 ...
[M::mem_process_seqs] Processed 1001 reads in 0.734 CPU sec, 0.093 real sec
[M::mem_process_seqs] Processed 1001 reads in 0.656 CPU sec, 0.083 real sec
[M::mem_process_seqs] Processed 1001 reads in 0.736 CPU sec, 0.099 real sec
[M::mem_process_seqs] Processed 1001 reads in 0.751 CPU sec, 0.100 real sec
276269 [main] INFO main.java.edu.mit.compbio.bisulfitehic.mapping.Bhmem  - Processing reads 1094000 ...
276269 [main] INFO main.java.edu.mit.compbio.bisulfitehic.mapping.Bhmem  - Unique mapped and paired reads 1085980 ...
276272 [main] INFO main.java.edu.mit.compbio.bisulfitehic.mapping.Bhmem  - Processing reads 1095000 ...
276272 [main] INFO main.java.edu.mit.compbio.bisulfitehic.mapping.Bhmem  - Unique mapped and paired reads 1085980 ...
[M::mem_process_seqs] Processed 1001 reads in 0.716 CPU sec, 0.091 real sec
[M::mem_process_seqs] Processed 1001 reads in 0.620 CPU sec, 0.079 real sec
[M::mem_process_seqs] Processed 1001 reads in 0.715 CPU sec, 0.092 real sec
[M::mem_process_seqs] Processed 1001 reads in 0.681 CPU sec, 0.088 real sec
276746 [main] INFO main.java.edu.mit.compbio.bisulfitehic.mapping.Bhmem  - Processing reads 1096000 ...
276746 [main] INFO main.java.edu.mit.compbio.bisulfitehic.mapping.Bhmem  - Unique mapped and paired reads 1087976 ...
276749 [main] INFO main.java.edu.mit.compbio.bisulfitehic.mapping.Bhmem  - Processing reads 1097000 ...
276749 [main] INFO main.java.edu.mit.compbio.bisulfitehic.mapping.Bhmem  - Unique mapped and paired reads 1087976 ...
[M::mem_process_seqs] Processed 1001 reads in 0.702 CPU sec, 0.089 real sec
[M::mem_process_seqs] Processed 1001 reads in 0.610 CPU sec, 0.078 real sec
[M::mem_process_seqs] Processed 1001 reads in 0.713 CPU sec, 0.091 real sec
[M::mem_process_seqs] Processed 1001 reads in 0.700 CPU sec, 0.093 real sec
277232 [main] INFO main.java.edu.mit.compbio.bisulfitehic.mapping.Bhmem  - Processing reads 1098000 ...
277232 [main] INFO main.java.edu.mit.compbio.bisulfitehic.mapping.Bhmem  - Unique mapped and paired reads 1089964 ...
277235 [main] INFO main.java.edu.mit.compbio.bisulfitehic.mapping.Bhmem  - Processing reads 1099000 ...
277235 [main] INFO main.java.edu.mit.compbio.bisulfitehic.mapping.Bhmem  - Unique mapped and paired reads 1089964 ...
[M::mem_process_seqs] Processed 1001 reads in 0.754 CPU sec, 0.096 real sec
[M::mem_process_seqs] Processed 1001 reads in 0.639 CPU sec, 0.081 real sec
[M::mem_process_seqs] Processed 1001 reads in 0.743 CPU sec, 0.095 real sec
[M::mem_process_seqs] Processed 1001 reads in 0.724 CPU sec, 0.092 real sec
277722 [main] INFO main.java.edu.mit.compbio.bisulfitehic.mapping.Bhmem  - Processing reads 1100000 ...
277722 [main] INFO main.java.edu.mit.compbio.bisulfitehic.mapping.Bhmem  - Unique mapped and paired reads 1091950 ...
277724 [main] INFO main.java.edu.mit.compbio.bisulfitehic.mapping.Bhmem  - Processing reads 1101000 ...
277724 [main] INFO main.java.edu.mit.compbio.bisulfitehic.mapping.Bhmem  - Unique mapped and paired reads 1091950 ...
[M::mem_process_seqs] Processed 1001 reads in 0.731 CPU sec, 0.094 real sec
[M::mem_process_seqs] Processed 1001 reads in 0.639 CPU sec, 0.081 real sec
[M::mem_process_seqs] Processed 1001 reads in 0.685 CPU sec, 0.087 real sec
[M::mem_process_seqs] Processed 1001 reads in 0.649 CPU sec, 0.082 real sec
278192 [main] INFO main.java.edu.mit.compbio.bisulfitehic.mapping.Bhmem  - Processing reads 1102000 ...
278192 [main] INFO main.java.edu.mit.compbio.bisulfitehic.mapping.Bhmem  - Unique mapped and paired reads 1093936 ...
278195 [main] INFO main.java.edu.mit.compbio.bisulfitehic.mapping.Bhmem  - Processing reads 1103000 ...
278195 [main] INFO main.java.edu.mit.compbio.bisulfitehic.mapping.Bhmem  - Unique mapped and paired reads 1093936 ...
[M::mem_process_seqs] Processed 1001 reads in 0.724 CPU sec, 0.092 real sec
[M::mem_process_seqs] Processed 1001 reads in 0.628 CPU sec, 0.081 real sec
[M::mem_process_seqs] Processed 1001 reads in 0.758 CPU sec, 0.098 real sec
[M::mem_process_seqs] Processed 1001 reads in 0.718 CPU sec, 0.094 real sec
278685 [main] INFO main.java.edu.mit.compbio.bisulfitehic.mapping.Bhmem  - Processing reads 1104000 ...
278685 [main] INFO main.java.edu.mit.compbio.bisulfitehic.mapping.Bhmem  - Unique mapped and paired reads 1095928 ...
278688 [main] INFO main.java.edu.mit.compbio.bisulfitehic.mapping.Bhmem  - Processing reads 1105000 ...
278688 [main] INFO main.java.edu.mit.compbio.bisulfitehic.mapping.Bhmem  - Unique mapped and paired reads 1095928 ...
[M::mem_process_seqs] Processed 1001 reads in 0.707 CPU sec, 0.089 real sec
[M::mem_process_seqs] Processed 1001 reads in 0.581 CPU sec, 0.075 real sec
[M::mem_process_seqs] Processed 1001 reads in 0.708 CPU sec, 0.094 real sec
[M::mem_process_seqs] Processed 1001 reads in 0.676 CPU sec, 0.087 real sec
279152 [main] INFO main.java.edu.mit.compbio.bisulfitehic.mapping.Bhmem  - Processing reads 1106000 ...
279152 [main] INFO main.java.edu.mit.compbio.bisulfitehic.mapping.Bhmem  - Unique mapped and paired reads 1097912 ...
279155 [main] INFO main.java.edu.mit.compbio.bisulfitehic.mapping.Bhmem  - Processing reads 1107000 ...
279155 [main] INFO main.java.edu.mit.compbio.bisulfitehic.mapping.Bhmem  - Unique mapped and paired reads 1097912 ...
[M::mem_process_seqs] Processed 1001 reads in 0.764 CPU sec, 0.097 real sec
[M::mem_process_seqs] Processed 1001 reads in 0.656 CPU sec, 0.085 real sec
[M::mem_process_seqs] Processed 1001 reads in 0.727 CPU sec, 0.094 real sec
[M::mem_process_seqs] Processed 1001 reads in 0.717 CPU sec, 0.092 real sec
279644 [main] INFO main.java.edu.mit.compbio.bisulfitehic.mapping.Bhmem  - Processing reads 1108000 ...
279644 [main] INFO main.java.edu.mit.compbio.bisulfitehic.mapping.Bhmem  - Unique mapped and paired reads 1099910 ...
279647 [main] INFO main.java.edu.mit.compbio.bisulfitehic.mapping.Bhmem  - Processing reads 1109000 ...
279647 [main] INFO main.java.edu.mit.compbio.bisulfitehic.mapping.Bhmem  - Unique mapped and paired reads 1099910 ...
[M::mem_process_seqs] Processed 1001 reads in 0.739 CPU sec, 0.094 real sec
[M::mem_process_seqs] Processed 1001 reads in 0.671 CPU sec, 0.086 real sec
[M::mem_process_seqs] Processed 1001 reads in 0.781 CPU sec, 0.111 real sec
[M::mem_process_seqs] Processed 1001 reads in 0.770 CPU sec, 0.098 real sec
280164 [main] INFO main.java.edu.mit.compbio.bisulfitehic.mapping.Bhmem  - Processing reads 1110000 ...
280164 [main] INFO main.java.edu.mit.compbio.bisulfitehic.mapping.Bhmem  - Unique mapped and paired reads 1101900 ...
280167 [main] INFO main.java.edu.mit.compbio.bisulfitehic.mapping.Bhmem  - Processing reads 1111000 ...
280167 [main] INFO main.java.edu.mit.compbio.bisulfitehic.mapping.Bhmem  - Unique mapped and paired reads 1101900 ...
[M::mem_process_seqs] Processed 1001 reads in 0.733 CPU sec, 0.093 real sec
[M::mem_process_seqs] Processed 1001 reads in 0.591 CPU sec, 0.078 real sec
[M::mem_process_seqs] Processed 1001 reads in 0.693 CPU sec, 0.087 real sec
[M::mem_process_seqs] Processed 1001 reads in 0.695 CPU sec, 0.089 real sec
280665 [main] INFO main.java.edu.mit.compbio.bisulfitehic.mapping.Bhmem  - Processing reads 1112000 ...
280665 [main] INFO main.java.edu.mit.compbio.bisulfitehic.mapping.Bhmem  - Unique mapped and paired reads 1103890 ...
280668 [main] INFO main.java.edu.mit.compbio.bisulfitehic.mapping.Bhmem  - Processing reads 1113000 ...
280668 [main] INFO main.java.edu.mit.compbio.bisulfitehic.mapping.Bhmem  - Unique mapped and paired reads 1103890 ...
[M::mem_process_seqs] Processed 1001 reads in 0.673 CPU sec, 0.085 real sec
[M::mem_process_seqs] Processed 1001 reads in 0.624 CPU sec, 0.082 real sec
[M::mem_process_seqs] Processed 1001 reads in 0.746 CPU sec, 0.095 real sec
[M::mem_process_seqs] Processed 1001 reads in 0.694 CPU sec, 0.092 real sec
281145 [main] INFO main.java.edu.mit.compbio.bisulfitehic.mapping.Bhmem  - Processing reads 1114000 ...
281145 [main] INFO main.java.edu.mit.compbio.bisulfitehic.mapping.Bhmem  - Unique mapped and paired reads 1105876 ...
281148 [main] INFO main.java.edu.mit.compbio.bisulfitehic.mapping.Bhmem  - Processing reads 1115000 ...
281148 [main] INFO main.java.edu.mit.compbio.bisulfitehic.mapping.Bhmem  - Unique mapped and paired reads 1105876 ...
[M::mem_process_seqs] Processed 1001 reads in 0.727 CPU sec, 0.092 real sec
[M::mem_process_seqs] Processed 1001 reads in 0.608 CPU sec, 0.077 real sec
[M::mem_process_seqs] Processed 1001 reads in 0.785 CPU sec, 0.101 real sec
[M::mem_process_seqs] Processed 1001 reads in 0.711 CPU sec, 0.095 real sec
281634 [main] INFO main.java.edu.mit.compbio.bisulfitehic.mapping.Bhmem  - Processing reads 1116000 ...
281634 [main] INFO main.java.edu.mit.compbio.bisulfitehic.mapping.Bhmem  - Unique mapped and paired reads 1107870 ...
281637 [main] INFO main.java.edu.mit.compbio.bisulfitehic.mapping.Bhmem  - Processing reads 1117000 ...
281637 [main] INFO main.java.edu.mit.compbio.bisulfitehic.mapping.Bhmem  - Unique mapped and paired reads 1107870 ...
[M::mem_process_seqs] Processed 1001 reads in 0.737 CPU sec, 0.094 real sec
[M::mem_process_seqs] Processed 1001 reads in 0.635 CPU sec, 0.090 real sec
[M::mem_process_seqs] Processed 1001 reads in 0.726 CPU sec, 0.093 real sec
[M::mem_process_seqs] Processed 1001 reads in 0.695 CPU sec, 0.089 real sec
282127 [main] INFO main.java.edu.mit.compbio.bisulfitehic.mapping.Bhmem  - Processing reads 1118000 ...
282127 [main] INFO main.java.edu.mit.compbio.bisulfitehic.mapping.Bhmem  - Unique mapped and paired reads 1109864 ...
282130 [main] INFO main.java.edu.mit.compbio.bisulfitehic.mapping.Bhmem  - Processing reads 1119000 ...
282130 [main] INFO main.java.edu.mit.compbio.bisulfitehic.mapping.Bhmem  - Unique mapped and paired reads 1109864 ...
[M::mem_process_seqs] Processed 1001 reads in 0.695 CPU sec, 0.090 real sec
[M::mem_process_seqs] Processed 1001 reads in 0.621 CPU sec, 0.085 real sec
[M::mem_process_seqs] Processed 1001 reads in 0.722 CPU sec, 0.091 real sec
[M::mem_process_seqs] Processed 1001 reads in 0.732 CPU sec, 0.113 real sec
282637 [main] INFO main.java.edu.mit.compbio.bisulfitehic.mapping.Bhmem  - Processing reads 1120000 ...
282637 [main] INFO main.java.edu.mit.compbio.bisulfitehic.mapping.Bhmem  - Unique mapped and paired reads 1111854 ...
282640 [main] INFO main.java.edu.mit.compbio.bisulfitehic.mapping.Bhmem  - Processing reads 1121000 ...
282640 [main] INFO main.java.edu.mit.compbio.bisulfitehic.mapping.Bhmem  - Unique mapped and paired reads 1111854 ...
[M::mem_process_seqs] Processed 1001 reads in 0.668 CPU sec, 0.087 real sec
[M::mem_process_seqs] Processed 1001 reads in 0.572 CPU sec, 0.074 real sec
[M::mem_process_seqs] Processed 1001 reads in 0.749 CPU sec, 0.109 real sec
[M::mem_process_seqs] Processed 1001 reads in 0.759 CPU sec, 0.099 real sec
283133 [main] INFO main.java.edu.mit.compbio.bisulfitehic.mapping.Bhmem  - Processing reads 1122000 ...
283133 [main] INFO main.java.edu.mit.compbio.bisulfitehic.mapping.Bhmem  - Unique mapped and paired reads 1113846 ...
283136 [main] INFO main.java.edu.mit.compbio.bisulfitehic.mapping.Bhmem  - Processing reads 1123000 ...
283136 [main] INFO main.java.edu.mit.compbio.bisulfitehic.mapping.Bhmem  - Unique mapped and paired reads 1113846 ...
[M::mem_process_seqs] Processed 1001 reads in 0.724 CPU sec, 0.093 real sec
[M::mem_process_seqs] Processed 1001 reads in 0.607 CPU sec, 0.080 real sec
[M::mem_process_seqs] Processed 1001 reads in 0.757 CPU sec, 0.096 real sec
[M::mem_process_seqs] Processed 1001 reads in 0.731 CPU sec, 0.092 real sec
283620 [main] INFO main.java.edu.mit.compbio.bisulfitehic.mapping.Bhmem  - Processing reads 1124000 ...
283621 [main] INFO main.java.edu.mit.compbio.bisulfitehic.mapping.Bhmem  - Unique mapped and paired reads 1115832 ...
283623 [main] INFO main.java.edu.mit.compbio.bisulfitehic.mapping.Bhmem  - Processing reads 1125000 ...
283623 [main] INFO main.java.edu.mit.compbio.bisulfitehic.mapping.Bhmem  - Unique mapped and paired reads 1115832 ...
[M::mem_process_seqs] Processed 1001 reads in 0.699 CPU sec, 0.089 real sec
[M::mem_process_seqs] Processed 1001 reads in 0.590 CPU sec, 0.078 real sec
[M::mem_process_seqs] Processed 1001 reads in 0.687 CPU sec, 0.089 real sec
[M::mem_process_seqs] Processed 1001 reads in 0.639 CPU sec, 0.085 real sec
284091 [main] INFO main.java.edu.mit.compbio.bisulfitehic.mapping.Bhmem  - Processing reads 1126000 ...
284091 [main] INFO main.java.edu.mit.compbio.bisulfitehic.mapping.Bhmem  - Unique mapped and paired reads 1117816 ...
284093 [main] INFO main.java.edu.mit.compbio.bisulfitehic.mapping.Bhmem  - Processing reads 1127000 ...
284093 [main] INFO main.java.edu.mit.compbio.bisulfitehic.mapping.Bhmem  - Unique mapped and paired reads 1117816 ...
[M::mem_process_seqs] Processed 1001 reads in 0.670 CPU sec, 0.086 real sec
[M::mem_process_seqs] Processed 1001 reads in 0.602 CPU sec, 0.076 real sec
[M::mem_process_seqs] Processed 1001 reads in 0.703 CPU sec, 0.092 real sec
[M::mem_process_seqs] Processed 1001 reads in 0.709 CPU sec, 0.091 real sec
284562 [main] INFO main.java.edu.mit.compbio.bisulfitehic.mapping.Bhmem  - Processing reads 1128000 ...
284562 [main] INFO main.java.edu.mit.compbio.bisulfitehic.mapping.Bhmem  - Unique mapped and paired reads 1119806 ...
284565 [main] INFO main.java.edu.mit.compbio.bisulfitehic.mapping.Bhmem  - Processing reads 1129000 ...
284565 [main] INFO main.java.edu.mit.compbio.bisulfitehic.mapping.Bhmem  - Unique mapped and paired reads 1119806 ...
[M::mem_process_seqs] Processed 1001 reads in 0.774 CPU sec, 0.099 real sec
[M::mem_process_seqs] Processed 1001 reads in 0.649 CPU sec, 0.083 real sec
[M::mem_process_seqs] Processed 1001 reads in 0.758 CPU sec, 0.097 real sec
[M::mem_process_seqs] Processed 1001 reads in 0.726 CPU sec, 0.093 real sec
285063 [main] INFO main.java.edu.mit.compbio.bisulfitehic.mapping.Bhmem  - Processing reads 1130000 ...
285063 [main] INFO main.java.edu.mit.compbio.bisulfitehic.mapping.Bhmem  - Unique mapped and paired reads 1121794 ...
285066 [main] INFO main.java.edu.mit.compbio.bisulfitehic.mapping.Bhmem  - Processing reads 1131000 ...
285066 [main] INFO main.java.edu.mit.compbio.bisulfitehic.mapping.Bhmem  - Unique mapped and paired reads 1121794 ...
[M::mem_process_seqs] Processed 1001 reads in 0.717 CPU sec, 0.091 real sec
[M::mem_process_seqs] Processed 1001 reads in 0.648 CPU sec, 0.082 real sec
[M::mem_process_seqs] Processed 1001 reads in 0.803 CPU sec, 0.101 real sec
[M::mem_process_seqs] Processed 1001 reads in 0.743 CPU sec, 0.094 real sec
285560 [main] INFO main.java.edu.mit.compbio.bisulfitehic.mapping.Bhmem  - Processing reads 1132000 ...
285560 [main] INFO main.java.edu.mit.compbio.bisulfitehic.mapping.Bhmem  - Unique mapped and paired reads 1123774 ...
285563 [main] INFO main.java.edu.mit.compbio.bisulfitehic.mapping.Bhmem  - Processing reads 1133000 ...
285563 [main] INFO main.java.edu.mit.compbio.bisulfitehic.mapping.Bhmem  - Unique mapped and paired reads 1123774 ...
[M::mem_process_seqs] Processed 1001 reads in 0.717 CPU sec, 0.092 real sec
[M::mem_process_seqs] Processed 1001 reads in 0.605 CPU sec, 0.077 real sec
[M::mem_process_seqs] Processed 1001 reads in 0.743 CPU sec, 0.096 real sec
[M::mem_process_seqs] Processed 1001 reads in 0.691 CPU sec, 0.089 real sec
286053 [main] INFO main.java.edu.mit.compbio.bisulfitehic.mapping.Bhmem  - Processing reads 1134000 ...
286053 [main] INFO main.java.edu.mit.compbio.bisulfitehic.mapping.Bhmem  - Unique mapped and paired reads 1125756 ...
286056 [main] INFO main.java.edu.mit.compbio.bisulfitehic.mapping.Bhmem  - Processing reads 1135000 ...
286056 [main] INFO main.java.edu.mit.compbio.bisulfitehic.mapping.Bhmem  - Unique mapped and paired reads 1125756 ...
[M::mem_process_seqs] Processed 1001 reads in 0.752 CPU sec, 0.098 real sec
[M::mem_process_seqs] Processed 1001 reads in 0.647 CPU sec, 0.083 real sec
[M::mem_process_seqs] Processed 1001 reads in 0.745 CPU sec, 0.094 real sec
[M::mem_process_seqs] Processed 1001 reads in 0.715 CPU sec, 0.097 real sec
286553 [main] INFO main.java.edu.mit.compbio.bisulfitehic.mapping.Bhmem  - Processing reads 1136000 ...
286553 [main] INFO main.java.edu.mit.compbio.bisulfitehic.mapping.Bhmem  - Unique mapped and paired reads 1127740 ...
286556 [main] INFO main.java.edu.mit.compbio.bisulfitehic.mapping.Bhmem  - Processing reads 1137000 ...
286556 [main] INFO main.java.edu.mit.compbio.bisulfitehic.mapping.Bhmem  - Unique mapped and paired reads 1127740 ...
[M::mem_process_seqs] Processed 1001 reads in 0.721 CPU sec, 0.093 real sec
[M::mem_process_seqs] Processed 1001 reads in 0.640 CPU sec, 0.083 real sec
[M::mem_process_seqs] Processed 1001 reads in 0.735 CPU sec, 0.093 real sec
[M::mem_process_seqs] Processed 1001 reads in 0.700 CPU sec, 0.092 real sec
287041 [main] INFO main.java.edu.mit.compbio.bisulfitehic.mapping.Bhmem  - Processing reads 1138000 ...
287041 [main] INFO main.java.edu.mit.compbio.bisulfitehic.mapping.Bhmem  - Unique mapped and paired reads 1129726 ...
287044 [main] INFO main.java.edu.mit.compbio.bisulfitehic.mapping.Bhmem  - Processing reads 1139000 ...
287044 [main] INFO main.java.edu.mit.compbio.bisulfitehic.mapping.Bhmem  - Unique mapped and paired reads 1129726 ...
[M::mem_process_seqs] Processed 1001 reads in 0.713 CPU sec, 0.092 real sec
[M::mem_process_seqs] Processed 1001 reads in 0.662 CPU sec, 0.089 real sec
[M::mem_process_seqs] Processed 1001 reads in 0.718 CPU sec, 0.092 real sec
[M::mem_process_seqs] Processed 1001 reads in 0.746 CPU sec, 0.095 real sec
287537 [main] INFO main.java.edu.mit.compbio.bisulfitehic.mapping.Bhmem  - Processing reads 1140000 ...
287537 [main] INFO main.java.edu.mit.compbio.bisulfitehic.mapping.Bhmem  - Unique mapped and paired reads 1131718 ...
287540 [main] INFO main.java.edu.mit.compbio.bisulfitehic.mapping.Bhmem  - Processing reads 1141000 ...
287540 [main] INFO main.java.edu.mit.compbio.bisulfitehic.mapping.Bhmem  - Unique mapped and paired reads 1131718 ...
[M::mem_process_seqs] Processed 1001 reads in 0.723 CPU sec, 0.095 real sec
[M::mem_process_seqs] Processed 1001 reads in 0.690 CPU sec, 0.093 real sec
[M::mem_process_seqs] Processed 1001 reads in 0.812 CPU sec, 0.111 real sec
[M::mem_process_seqs] Processed 1001 reads in 0.777 CPU sec, 0.098 real sec
288064 [main] INFO main.java.edu.mit.compbio.bisulfitehic.mapping.Bhmem  - Processing reads 1142000 ...
288064 [main] INFO main.java.edu.mit.compbio.bisulfitehic.mapping.Bhmem  - Unique mapped and paired reads 1133706 ...
288067 [main] INFO main.java.edu.mit.compbio.bisulfitehic.mapping.Bhmem  - Processing reads 1143000 ...
288067 [main] INFO main.java.edu.mit.compbio.bisulfitehic.mapping.Bhmem  - Unique mapped and paired reads 1133706 ...
[M::mem_process_seqs] Processed 1001 reads in 0.714 CPU sec, 0.090 real sec
[M::mem_process_seqs] Processed 1001 reads in 0.605 CPU sec, 0.077 real sec
[M::mem_process_seqs] Processed 1001 reads in 0.699 CPU sec, 0.088 real sec
[M::mem_process_seqs] Processed 1001 reads in 0.710 CPU sec, 0.095 real sec
288541 [main] INFO main.java.edu.mit.compbio.bisulfitehic.mapping.Bhmem  - Processing reads 1144000 ...
288541 [main] INFO main.java.edu.mit.compbio.bisulfitehic.mapping.Bhmem  - Unique mapped and paired reads 1135698 ...
288544 [main] INFO main.java.edu.mit.compbio.bisulfitehic.mapping.Bhmem  - Processing reads 1145000 ...
288544 [main] INFO main.java.edu.mit.compbio.bisulfitehic.mapping.Bhmem  - Unique mapped and paired reads 1135698 ...
[M::mem_process_seqs] Processed 1001 reads in 0.786 CPU sec, 0.100 real sec
[M::mem_process_seqs] Processed 1001 reads in 0.650 CPU sec, 0.084 real sec
[M::mem_process_seqs] Processed 1001 reads in 0.761 CPU sec, 0.105 real sec
[M::mem_process_seqs] Processed 1001 reads in 0.798 CPU sec, 0.104 real sec
289066 [main] INFO main.java.edu.mit.compbio.bisulfitehic.mapping.Bhmem  - Processing reads 1146000 ...
289066 [main] INFO main.java.edu.mit.compbio.bisulfitehic.mapping.Bhmem  - Unique mapped and paired reads 1137690 ...
289069 [main] INFO main.java.edu.mit.compbio.bisulfitehic.mapping.Bhmem  - Processing reads 1147000 ...
289069 [main] INFO main.java.edu.mit.compbio.bisulfitehic.mapping.Bhmem  - Unique mapped and paired reads 1137690 ...
[M::mem_process_seqs] Processed 1001 reads in 0.700 CPU sec, 0.089 real sec
[M::mem_process_seqs] Processed 1001 reads in 0.631 CPU sec, 0.080 real sec
[M::mem_process_seqs] Processed 1001 reads in 0.670 CPU sec, 0.085 real sec
[M::mem_process_seqs] Processed 1001 reads in 0.687 CPU sec, 0.087 real sec
289532 [main] INFO main.java.edu.mit.compbio.bisulfitehic.mapping.Bhmem  - Processing reads 1148000 ...
289532 [main] INFO main.java.edu.mit.compbio.bisulfitehic.mapping.Bhmem  - Unique mapped and paired reads 1139682 ...
289535 [main] INFO main.java.edu.mit.compbio.bisulfitehic.mapping.Bhmem  - Processing reads 1149000 ...
289535 [main] INFO main.java.edu.mit.compbio.bisulfitehic.mapping.Bhmem  - Unique mapped and paired reads 1139682 ...
[M::mem_process_seqs] Processed 1001 reads in 0.700 CPU sec, 0.089 real sec
[M::mem_process_seqs] Processed 1001 reads in 0.590 CPU sec, 0.075 real sec
[M::mem_process_seqs] Processed 1001 reads in 0.684 CPU sec, 0.089 real sec
[M::mem_process_seqs] Processed 1001 reads in 0.665 CPU sec, 0.086 real sec
289998 [main] INFO main.java.edu.mit.compbio.bisulfitehic.mapping.Bhmem  - Processing reads 1150000 ...
289998 [main] INFO main.java.edu.mit.compbio.bisulfitehic.mapping.Bhmem  - Unique mapped and paired reads 1141676 ...
290001 [main] INFO main.java.edu.mit.compbio.bisulfitehic.mapping.Bhmem  - Processing reads 1151000 ...
290001 [main] INFO main.java.edu.mit.compbio.bisulfitehic.mapping.Bhmem  - Unique mapped and paired reads 1141676 ...
[M::mem_process_seqs] Processed 1001 reads in 0.709 CPU sec, 0.093 real sec
[M::mem_process_seqs] Processed 1001 reads in 0.585 CPU sec, 0.074 real sec
[M::mem_process_seqs] Processed 1001 reads in 0.712 CPU sec, 0.103 real sec
[M::mem_process_seqs] Processed 1001 reads in 0.682 CPU sec, 0.086 real sec
290480 [main] INFO main.java.edu.mit.compbio.bisulfitehic.mapping.Bhmem  - Processing reads 1152000 ...
290480 [main] INFO main.java.edu.mit.compbio.bisulfitehic.mapping.Bhmem  - Unique mapped and paired reads 1143672 ...
290483 [main] INFO main.java.edu.mit.compbio.bisulfitehic.mapping.Bhmem  - Processing reads 1153000 ...
290483 [main] INFO main.java.edu.mit.compbio.bisulfitehic.mapping.Bhmem  - Unique mapped and paired reads 1143672 ...
[M::mem_process_seqs] Processed 1001 reads in 0.730 CPU sec, 0.095 real sec
[M::mem_process_seqs] Processed 1001 reads in 0.708 CPU sec, 0.097 real sec
[M::mem_process_seqs] Processed 1001 reads in 0.767 CPU sec, 0.097 real sec
[M::mem_process_seqs] Processed 1001 reads in 0.751 CPU sec, 0.105 real sec
291010 [main] INFO main.java.edu.mit.compbio.bisulfitehic.mapping.Bhmem  - Processing reads 1154000 ...
291010 [main] INFO main.java.edu.mit.compbio.bisulfitehic.mapping.Bhmem  - Unique mapped and paired reads 1145668 ...
291013 [main] INFO main.java.edu.mit.compbio.bisulfitehic.mapping.Bhmem  - Processing reads 1155000 ...
291013 [main] INFO main.java.edu.mit.compbio.bisulfitehic.mapping.Bhmem  - Unique mapped and paired reads 1145668 ...
[M::mem_process_seqs] Processed 1001 reads in 0.745 CPU sec, 0.094 real sec
[M::mem_process_seqs] Processed 1001 reads in 0.648 CPU sec, 0.087 real sec
[M::mem_process_seqs] Processed 1001 reads in 0.757 CPU sec, 0.101 real sec
[M::mem_process_seqs] Processed 1001 reads in 0.742 CPU sec, 0.094 real sec
291519 [main] INFO main.java.edu.mit.compbio.bisulfitehic.mapping.Bhmem  - Processing reads 1156000 ...
291519 [main] INFO main.java.edu.mit.compbio.bisulfitehic.mapping.Bhmem  - Unique mapped and paired reads 1147660 ...
291522 [main] INFO main.java.edu.mit.compbio.bisulfitehic.mapping.Bhmem  - Processing reads 1157000 ...
291522 [main] INFO main.java.edu.mit.compbio.bisulfitehic.mapping.Bhmem  - Unique mapped and paired reads 1147660 ...
[M::mem_process_seqs] Processed 1001 reads in 0.754 CPU sec, 0.097 real sec
[M::mem_process_seqs] Processed 1001 reads in 0.651 CPU sec, 0.087 real sec
[M::mem_process_seqs] Processed 1001 reads in 0.729 CPU sec, 0.094 real sec
[M::mem_process_seqs] Processed 1001 reads in 0.750 CPU sec, 0.095 real sec
292037 [main] INFO main.java.edu.mit.compbio.bisulfitehic.mapping.Bhmem  - Processing reads 1158000 ...
292037 [main] INFO main.java.edu.mit.compbio.bisulfitehic.mapping.Bhmem  - Unique mapped and paired reads 1149654 ...
292040 [main] INFO main.java.edu.mit.compbio.bisulfitehic.mapping.Bhmem  - Processing reads 1159000 ...
292040 [main] INFO main.java.edu.mit.compbio.bisulfitehic.mapping.Bhmem  - Unique mapped and paired reads 1149654 ...
[M::mem_process_seqs] Processed 1001 reads in 0.785 CPU sec, 0.100 real sec
[M::mem_process_seqs] Processed 1001 reads in 0.681 CPU sec, 0.088 real sec
[M::mem_process_seqs] Processed 1001 reads in 0.752 CPU sec, 0.098 real sec
[M::mem_process_seqs] Processed 1001 reads in 0.732 CPU sec, 0.093 real sec
292547 [main] INFO main.java.edu.mit.compbio.bisulfitehic.mapping.Bhmem  - Processing reads 1160000 ...
292547 [main] INFO main.java.edu.mit.compbio.bisulfitehic.mapping.Bhmem  - Unique mapped and paired reads 1151640 ...
292550 [main] INFO main.java.edu.mit.compbio.bisulfitehic.mapping.Bhmem  - Processing reads 1161000 ...
292550 [main] INFO main.java.edu.mit.compbio.bisulfitehic.mapping.Bhmem  - Unique mapped and paired reads 1151640 ...
[M::mem_process_seqs] Processed 1001 reads in 0.741 CPU sec, 0.094 real sec
[M::mem_process_seqs] Processed 1001 reads in 0.661 CPU sec, 0.084 real sec
[M::mem_process_seqs] Processed 1001 reads in 0.799 CPU sec, 0.104 real sec
[M::mem_process_seqs] Processed 1001 reads in 0.714 CPU sec, 0.091 real sec
293053 [main] INFO main.java.edu.mit.compbio.bisulfitehic.mapping.Bhmem  - Processing reads 1162000 ...
293053 [main] INFO main.java.edu.mit.compbio.bisulfitehic.mapping.Bhmem  - Unique mapped and paired reads 1153628 ...
293056 [main] INFO main.java.edu.mit.compbio.bisulfitehic.mapping.Bhmem  - Processing reads 1163000 ...
293056 [main] INFO main.java.edu.mit.compbio.bisulfitehic.mapping.Bhmem  - Unique mapped and paired reads 1153628 ...
[M::mem_process_seqs] Processed 1001 reads in 0.721 CPU sec, 0.092 real sec
[M::mem_process_seqs] Processed 1001 reads in 0.639 CPU sec, 0.082 real sec
[M::mem_process_seqs] Processed 1001 reads in 0.783 CPU sec, 0.107 real sec
[M::mem_process_seqs] Processed 1001 reads in 0.707 CPU sec, 0.089 real sec
293552 [main] INFO main.java.edu.mit.compbio.bisulfitehic.mapping.Bhmem  - Processing reads 1164000 ...
293552 [main] INFO main.java.edu.mit.compbio.bisulfitehic.mapping.Bhmem  - Unique mapped and paired reads 1155614 ...
293555 [main] INFO main.java.edu.mit.compbio.bisulfitehic.mapping.Bhmem  - Processing reads 1165000 ...
293555 [main] INFO main.java.edu.mit.compbio.bisulfitehic.mapping.Bhmem  - Unique mapped and paired reads 1155614 ...
[M::mem_process_seqs] Processed 1001 reads in 0.776 CPU sec, 0.100 real sec
[M::mem_process_seqs] Processed 1001 reads in 0.657 CPU sec, 0.084 real sec
[M::mem_process_seqs] Processed 1001 reads in 0.769 CPU sec, 0.098 real sec
[M::mem_process_seqs] Processed 1001 reads in 0.736 CPU sec, 0.096 real sec
294065 [main] INFO main.java.edu.mit.compbio.bisulfitehic.mapping.Bhmem  - Processing reads 1166000 ...
294065 [main] INFO main.java.edu.mit.compbio.bisulfitehic.mapping.Bhmem  - Unique mapped and paired reads 1157612 ...
294068 [main] INFO main.java.edu.mit.compbio.bisulfitehic.mapping.Bhmem  - Processing reads 1167000 ...
294068 [main] INFO main.java.edu.mit.compbio.bisulfitehic.mapping.Bhmem  - Unique mapped and paired reads 1157612 ...
[M::mem_process_seqs] Processed 1001 reads in 0.720 CPU sec, 0.092 real sec
[M::mem_process_seqs] Processed 1001 reads in 0.685 CPU sec, 0.087 real sec
[M::mem_process_seqs] Processed 1001 reads in 0.780 CPU sec, 0.099 real sec
[M::mem_process_seqs] Processed 1001 reads in 0.759 CPU sec, 0.101 real sec
294579 [main] INFO main.java.edu.mit.compbio.bisulfitehic.mapping.Bhmem  - Processing reads 1168000 ...
294579 [main] INFO main.java.edu.mit.compbio.bisulfitehic.mapping.Bhmem  - Unique mapped and paired reads 1159604 ...
294582 [main] INFO main.java.edu.mit.compbio.bisulfitehic.mapping.Bhmem  - Processing reads 1169000 ...
294582 [main] INFO main.java.edu.mit.compbio.bisulfitehic.mapping.Bhmem  - Unique mapped and paired reads 1159604 ...
[M::mem_process_seqs] Processed 1001 reads in 0.734 CPU sec, 0.095 real sec
[M::mem_process_seqs] Processed 1001 reads in 0.678 CPU sec, 0.088 real sec
[M::mem_process_seqs] Processed 1001 reads in 0.758 CPU sec, 0.101 real sec
[M::mem_process_seqs] Processed 1001 reads in 0.732 CPU sec, 0.094 real sec
295096 [main] INFO main.java.edu.mit.compbio.bisulfitehic.mapping.Bhmem  - Processing reads 1170000 ...
295096 [main] INFO main.java.edu.mit.compbio.bisulfitehic.mapping.Bhmem  - Unique mapped and paired reads 1161592 ...
295099 [main] INFO main.java.edu.mit.compbio.bisulfitehic.mapping.Bhmem  - Processing reads 1171000 ...
295099 [main] INFO main.java.edu.mit.compbio.bisulfitehic.mapping.Bhmem  - Unique mapped and paired reads 1161592 ...
[M::mem_process_seqs] Processed 1001 reads in 0.745 CPU sec, 0.099 real sec
[M::mem_process_seqs] Processed 1001 reads in 0.677 CPU sec, 0.087 real sec
[M::mem_process_seqs] Processed 1001 reads in 0.789 CPU sec, 0.103 real sec
[M::mem_process_seqs] Processed 1001 reads in 0.704 CPU sec, 0.090 real sec
295608 [main] INFO main.java.edu.mit.compbio.bisulfitehic.mapping.Bhmem  - Processing reads 1172000 ...
295608 [main] INFO main.java.edu.mit.compbio.bisulfitehic.mapping.Bhmem  - Unique mapped and paired reads 1163586 ...
295611 [main] INFO main.java.edu.mit.compbio.bisulfitehic.mapping.Bhmem  - Processing reads 1173000 ...
295611 [main] INFO main.java.edu.mit.compbio.bisulfitehic.mapping.Bhmem  - Unique mapped and paired reads 1163586 ...
[M::mem_process_seqs] Processed 1001 reads in 0.777 CPU sec, 0.100 real sec
[M::mem_process_seqs] Processed 1001 reads in 0.676 CPU sec, 0.086 real sec
[M::mem_process_seqs] Processed 1001 reads in 0.738 CPU sec, 0.094 real sec
[M::mem_process_seqs] Processed 1001 reads in 0.705 CPU sec, 0.089 real sec
296110 [main] INFO main.java.edu.mit.compbio.bisulfitehic.mapping.Bhmem  - Processing reads 1174000 ...
296110 [main] INFO main.java.edu.mit.compbio.bisulfitehic.mapping.Bhmem  - Unique mapped and paired reads 1165578 ...
296113 [main] INFO main.java.edu.mit.compbio.bisulfitehic.mapping.Bhmem  - Processing reads 1175000 ...
296113 [main] INFO main.java.edu.mit.compbio.bisulfitehic.mapping.Bhmem  - Unique mapped and paired reads 1165578 ...
[M::mem_process_seqs] Processed 1001 reads in 0.745 CPU sec, 0.094 real sec
[M::mem_process_seqs] Processed 1001 reads in 0.619 CPU sec, 0.079 real sec
[M::mem_process_seqs] Processed 1001 reads in 0.744 CPU sec, 0.099 real sec
[M::mem_process_seqs] Processed 1001 reads in 0.788 CPU sec, 0.104 real sec
296616 [main] INFO main.java.edu.mit.compbio.bisulfitehic.mapping.Bhmem  - Processing reads 1176000 ...
296616 [main] INFO main.java.edu.mit.compbio.bisulfitehic.mapping.Bhmem  - Unique mapped and paired reads 1167562 ...
296649 [main] INFO main.java.edu.mit.compbio.bisulfitehic.mapping.Bhmem  - Processing reads 1177000 ...
296649 [main] INFO main.java.edu.mit.compbio.bisulfitehic.mapping.Bhmem  - Unique mapped and paired reads 1167562 ...
[M::mem_process_seqs] Processed 1001 reads in 0.759 CPU sec, 0.096 real sec
[M::mem_process_seqs] Processed 1001 reads in 0.675 CPU sec, 0.086 real sec
[M::mem_process_seqs] Processed 1001 reads in 0.800 CPU sec, 0.104 real sec
[M::mem_process_seqs] Processed 1001 reads in 0.727 CPU sec, 0.092 real sec
297168 [main] INFO main.java.edu.mit.compbio.bisulfitehic.mapping.Bhmem  - Processing reads 1178000 ...
297168 [main] INFO main.java.edu.mit.compbio.bisulfitehic.mapping.Bhmem  - Unique mapped and paired reads 1169556 ...
297171 [main] INFO main.java.edu.mit.compbio.bisulfitehic.mapping.Bhmem  - Processing reads 1179000 ...
297171 [main] INFO main.java.edu.mit.compbio.bisulfitehic.mapping.Bhmem  - Unique mapped and paired reads 1169556 ...
[M::mem_process_seqs] Processed 1001 reads in 0.732 CPU sec, 0.094 real sec
[M::mem_process_seqs] Processed 1001 reads in 0.629 CPU sec, 0.079 real sec
[M::mem_process_seqs] Processed 1001 reads in 0.774 CPU sec, 0.106 real sec
[M::mem_process_seqs] Processed 1001 reads in 0.745 CPU sec, 0.095 real sec
297684 [main] INFO main.java.edu.mit.compbio.bisulfitehic.mapping.Bhmem  - Processing reads 1180000 ...
297684 [main] INFO main.java.edu.mit.compbio.bisulfitehic.mapping.Bhmem  - Unique mapped and paired reads 1171546 ...
297687 [main] INFO main.java.edu.mit.compbio.bisulfitehic.mapping.Bhmem  - Processing reads 1181000 ...
297687 [main] INFO main.java.edu.mit.compbio.bisulfitehic.mapping.Bhmem  - Unique mapped and paired reads 1171546 ...
[M::mem_process_seqs] Processed 1001 reads in 0.768 CPU sec, 0.103 real sec
[M::mem_process_seqs] Processed 1001 reads in 0.720 CPU sec, 0.097 real sec
[M::mem_process_seqs] Processed 1001 reads in 0.862 CPU sec, 0.114 real sec
[M::mem_process_seqs] Processed 1001 reads in 0.825 CPU sec, 0.106 real sec
298243 [main] INFO main.java.edu.mit.compbio.bisulfitehic.mapping.Bhmem  - Processing reads 1182000 ...
298243 [main] INFO main.java.edu.mit.compbio.bisulfitehic.mapping.Bhmem  - Unique mapped and paired reads 1173528 ...
298246 [main] INFO main.java.edu.mit.compbio.bisulfitehic.mapping.Bhmem  - Processing reads 1183000 ...
298246 [main] INFO main.java.edu.mit.compbio.bisulfitehic.mapping.Bhmem  - Unique mapped and paired reads 1173528 ...
[M::mem_process_seqs] Processed 1001 reads in 0.744 CPU sec, 0.094 real sec
[M::mem_process_seqs] Processed 1001 reads in 0.653 CPU sec, 0.082 real sec
[M::mem_process_seqs] Processed 1001 reads in 0.796 CPU sec, 0.108 real sec
[M::mem_process_seqs] Processed 1001 reads in 0.834 CPU sec, 0.111 real sec
298781 [main] INFO main.java.edu.mit.compbio.bisulfitehic.mapping.Bhmem  - Processing reads 1184000 ...
298781 [main] INFO main.java.edu.mit.compbio.bisulfitehic.mapping.Bhmem  - Unique mapped and paired reads 1175518 ...
298784 [main] INFO main.java.edu.mit.compbio.bisulfitehic.mapping.Bhmem  - Processing reads 1185000 ...
298784 [main] INFO main.java.edu.mit.compbio.bisulfitehic.mapping.Bhmem  - Unique mapped and paired reads 1175518 ...
[M::mem_process_seqs] Processed 1001 reads in 0.795 CPU sec, 0.104 real sec
[M::mem_process_seqs] Processed 1001 reads in 0.734 CPU sec, 0.095 real sec
[M::mem_process_seqs] Processed 1001 reads in 0.903 CPU sec, 0.119 real sec
[M::mem_process_seqs] Processed 1001 reads in 0.958 CPU sec, 0.126 real sec
299374 [main] INFO main.java.edu.mit.compbio.bisulfitehic.mapping.Bhmem  - Processing reads 1186000 ...
299374 [main] INFO main.java.edu.mit.compbio.bisulfitehic.mapping.Bhmem  - Unique mapped and paired reads 1177512 ...
299377 [main] INFO main.java.edu.mit.compbio.bisulfitehic.mapping.Bhmem  - Processing reads 1187000 ...
299377 [main] INFO main.java.edu.mit.compbio.bisulfitehic.mapping.Bhmem  - Unique mapped and paired reads 1177512 ...
[M::mem_process_seqs] Processed 1001 reads in 0.766 CPU sec, 0.098 real sec
[M::mem_process_seqs] Processed 1001 reads in 0.620 CPU sec, 0.079 real sec
[M::mem_process_seqs] Processed 1001 reads in 0.831 CPU sec, 0.106 real sec
[M::mem_process_seqs] Processed 1001 reads in 0.805 CPU sec, 0.103 real sec
299894 [main] INFO main.java.edu.mit.compbio.bisulfitehic.mapping.Bhmem  - Processing reads 1188000 ...
299894 [main] INFO main.java.edu.mit.compbio.bisulfitehic.mapping.Bhmem  - Unique mapped and paired reads 1179492 ...
[M::mem_process_seqs] Processed 473 reads in 0.401 CPU sec, 0.053 real sec
[M::mem_process_seqs] Processed 473 reads in 0.279 CPU sec, 0.037 real sec
[M::mem_process_seqs] Processed 473 reads in 0.382 CPU sec, 0.049 real sec
[M::mem_process_seqs] Processed 473 reads in 0.365 CPU sec, 0.057 real sec
300180 [main] INFO main.java.edu.mit.compbio.bisulfitehic.mapping.Bhmem  - 1188132 reads in total
300183 [main] INFO main.java.edu.mit.compbio.bisulfitehic.mapping.Bhmem  - Unique Mapped and paired 1180438 reads (99.35%)
300183 [main] INFO main.java.edu.mit.compbio.bisulfitehic.mapping.Bhmem  - Bhmem's running time is: 300.19 secs, 5.00 mins, 0.08 hours
